variant,flip_score_threshold,alignment_threshold,compression_velocity_min,ratio_threshold,changed_rows_count,new_directional_called,baseline_directional_called,baseline_directional_accuracy,baseline_directional_coverage,baseline_bull_precision,baseline_bear_precision,new_directional_accuracy,new_directional_coverage,new_bull_precision,new_bear_precision,delta_directional_accuracy,delta_directional_coverage,delta_bull_precision,delta_bear_precision
bull_to_neutral,0.12,1.0,,,5,61,66,0.5909090909090909,0.37714285714285717,0.5833333333333334,0.5952380952380952,0.5901639344262295,0.3485714285714286,0.5789473684210527,0.5952380952380952,-0.0007451564828614421,-0.02857142857142858,-0.004385964912280715,0.0
bull_to_bear,0.12,1.0,,,5,66,66,0.5909090909090909,0.37714285714285717,0.5833333333333334,0.5952380952380952,0.5757575757575758,0.37714285714285717,0.5789473684210527,0.574468085106383,-0.015151515151515138,0.0,-0.004385964912280715,-0.020770010131712202
bull_to_neutral,0.12,1.0,,0.0,5,61,66,0.5909090909090909,0.37714285714285717,0.5833333333333334,0.5952380952380952,0.5901639344262295,0.3485714285714286,0.5789473684210527,0.5952380952380952,-0.0007451564828614421,-0.02857142857142858,-0.004385964912280715,0.0
bull_to_bear,0.12,1.0,,0.0,5,66,66,0.5909090909090909,0.37714285714285717,0.5833333333333334,0.5952380952380952,0.5757575757575758,0.37714285714285717,0.5789473684210527,0.574468085106383,-0.015151515151515138,0.0,-0.004385964912280715,-0.020770010131712202
bull_to_neutral,0.12,1.0,,-0.05,4,62,66,0.5909090909090909,0.37714285714285717,0.5833333333333334,0.5952380952380952,0.5806451612903226,0.35428571428571426,0.55,0.5952380952380952,-0.01026392961876832,-0.02285714285714291,-0.033333333333333326,0.0
bull_to_bear,0.12,1.0,,-0.05,4,66,66,0.5909090909090909,0.37714285714285717,0.5833333333333334,0.5952380952380952,0.5606060606060606,0.37714285714285717,0.55,0.5652173913043478,-0.030303030303030387,0.0,-0.033333333333333326,-0.03002070393374745
bull_to_neutral,0.12,1.0,,-0.1,4,62,66,0.5909090909090909,0.37714285714285717,0.5833333333333334,0.5952380952380952,0.5806451612903226,0.35428571428571426,0.55,0.5952380952380952,-0.01026392961876832,-0.02285714285714291,-0.033333333333333326,0.0
bull_to_bear,0.12,1.0,,-0.1,4,66,66,0.5909090909090909,0.37714285714285717,0.5833333333333334,0.5952380952380952,0.5606060606060606,0.37714285714285717,0.55,0.5652173913043478,-0.030303030303030387,0.0,-0.033333333333333326,-0.03002070393374745
bull_to_neutral,0.12,1.0,0.0,,3,63,66,0.5909090909090909,0.37714285714285717,0.5833333333333334,0.5952380952380952,0.5873015873015873,0.36,0.5714285714285714,0.5952380952380952,-0.003607503607503615,-0.017142857142857182,-0.011904761904761973,0.0
bull_to_bear,0.12,1.0,0.0,,3,66,66,0.5909090909090909,0.37714285714285717,0.5833333333333334,0.5952380952380952,0.5757575757575758,0.37714285714285717,0.5714285714285714,0.5777777777777777,-0.015151515151515138,0.0,-0.011904761904761973,-0.01746031746031751
bull_to_neutral,0.12,1.0,0.0,0.0,3,63,66,0.5909090909090909,0.37714285714285717,0.5833333333333334,0.5952380952380952,0.5873015873015873,0.36,0.5714285714285714,0.5952380952380952,-0.003607503607503615,-0.017142857142857182,-0.011904761904761973,0.0
bull_to_bear,0.12,1.0,0.0,0.0,3,66,66,0.5909090909090909,0.37714285714285717,0.5833333333333334,0.5952380952380952,0.5757575757575758,0.37714285714285717,0.5714285714285714,0.5777777777777777,-0.015151515151515138,0.0,-0.011904761904761973,-0.01746031746031751
bull_to_neutral,0.12,1.0,0.0,-0.05,3,63,66,0.5909090909090909,0.37714285714285717,0.5833333333333334,0.5952380952380952,0.5873015873015873,0.36,0.5714285714285714,0.5952380952380952,-0.003607503607503615,-0.017142857142857182,-0.011904761904761973,0.0
bull_to_bear,0.12,1.0,0.0,-0.05,3,66,66,0.5909090909090909,0.37714285714285717,0.5833333333333334,0.5952380952380952,0.5757575757575758,0.37714285714285717,0.5714285714285714,0.5777777777777777,-0.015151515151515138,0.0,-0.011904761904761973,-0.01746031746031751
bull_to_neutral,0.12,1.0,0.0,-0.1,3,63,66,0.5909090909090909,0.37714285714285717,0.5833333333333334,0.5952380952380952,0.5873015873015873,0.36,0.5714285714285714,0.5952380952380952,-0.003607503607503615,-0.017142857142857182,-0.011904761904761973,0.0
bull_to_bear,0.12,1.0,0.0,-0.1,3,66,66,0.5909090909090909,0.37714285714285717,0.5833333333333334,0.5952380952380952,0.5757575757575758,0.37714285714285717,0.5714285714285714,0.5777777777777777,-0.015151515151515138,0.0,-0.011904761904761973,-0.01746031746031751
bull_to_neutral,0.12,1.0,5.0,,3,63,66,0.5909090909090909,0.37714285714285717,0.5833333333333334,0.5952380952380952,0.5873015873015873,0.36,0.5714285714285714,0.5952380952380952,-0.003607503607503615,-0.017142857142857182,-0.011904761904761973,0.0
bull_to_bear,0.12,1.0,5.0,,3,66,66,0.5909090909090909,0.37714285714285717,0.5833333333333334,0.5952380952380952,0.5757575757575758,0.37714285714285717,0.5714285714285714,0.5777777777777777,-0.015151515151515138,0.0,-0.011904761904761973,-0.01746031746031751
bull_to_neutral,0.12,1.0,5.0,0.0,3,63,66,0.5909090909090909,0.37714285714285717,0.5833333333333334,0.5952380952380952,0.5873015873015873,0.36,0.5714285714285714,0.5952380952380952,-0.003607503607503615,-0.017142857142857182,-0.011904761904761973,0.0
bull_to_bear,0.12,1.0,5.0,0.0,3,66,66,0.5909090909090909,0.37714285714285717,0.5833333333333334,0.5952380952380952,0.5757575757575758,0.37714285714285717,0.5714285714285714,0.5777777777777777,-0.015151515151515138,0.0,-0.011904761904761973,-0.01746031746031751
bull_to_neutral,0.12,1.0,5.0,-0.05,3,63,66,0.5909090909090909,0.37714285714285717,0.5833333333333334,0.5952380952380952,0.5873015873015873,0.36,0.5714285714285714,0.5952380952380952,-0.003607503607503615,-0.017142857142857182,-0.011904761904761973,0.0
bull_to_bear,0.12,1.0,5.0,-0.05,3,66,66,0.5909090909090909,0.37714285714285717,0.5833333333333334,0.5952380952380952,0.5757575757575758,0.37714285714285717,0.5714285714285714,0.5777777777777777,-0.015151515151515138,0.0,-0.011904761904761973,-0.01746031746031751
bull_to_neutral,0.12,1.0,5.0,-0.1,3,63,66,0.5909090909090909,0.37714285714285717,0.5833333333333334,0.5952380952380952,0.5873015873015873,0.36,0.5714285714285714,0.5952380952380952,-0.003607503607503615,-0.017142857142857182,-0.011904761904761973,0.0
bull_to_bear,0.12,1.0,5.0,-0.1,3,66,66,0.5909090909090909,0.37714285714285717,0.5833333333333334,0.5952380952380952,0.5757575757575758,0.37714285714285717,0.5714285714285714,0.5777777777777777,-0.015151515151515138,0.0,-0.011904761904761973,-0.01746031746031751
bull_to_neutral,0.12,1.0,10.0,,3,63,66,0.5909090909090909,0.37714285714285717,0.5833333333333334,0.5952380952380952,0.5873015873015873,0.36,0.5714285714285714,0.5952380952380952,-0.003607503607503615,-0.017142857142857182,-0.011904761904761973,0.0
bull_to_bear,0.12,1.0,10.0,,3,66,66,0.5909090909090909,0.37714285714285717,0.5833333333333334,0.5952380952380952,0.5757575757575758,0.37714285714285717,0.5714285714285714,0.5777777777777777,-0.015151515151515138,0.0,-0.011904761904761973,-0.01746031746031751
bull_to_neutral,0.12,1.0,10.0,0.0,3,63,66,0.5909090909090909,0.37714285714285717,0.5833333333333334,0.5952380952380952,0.5873015873015873,0.36,0.5714285714285714,0.5952380952380952,-0.003607503607503615,-0.017142857142857182,-0.011904761904761973,0.0
bull_to_bear,0.12,1.0,10.0,0.0,3,66,66,0.5909090909090909,0.37714285714285717,0.5833333333333334,0.5952380952380952,0.5757575757575758,0.37714285714285717,0.5714285714285714,0.5777777777777777,-0.015151515151515138,0.0,-0.011904761904761973,-0.01746031746031751
bull_to_neutral,0.12,1.0,10.0,-0.05,3,63,66,0.5909090909090909,0.37714285714285717,0.5833333333333334,0.5952380952380952,0.5873015873015873,0.36,0.5714285714285714,0.5952380952380952,-0.003607503607503615,-0.017142857142857182,-0.011904761904761973,0.0
bull_to_bear,0.12,1.0,10.0,-0.05,3,66,66,0.5909090909090909,0.37714285714285717,0.5833333333333334,0.5952380952380952,0.5757575757575758,0.37714285714285717,0.5714285714285714,0.5777777777777777,-0.015151515151515138,0.0,-0.011904761904761973,-0.01746031746031751
bull_to_neutral,0.12,1.0,10.0,-0.1,3,63,66,0.5909090909090909,0.37714285714285717,0.5833333333333334,0.5952380952380952,0.5873015873015873,0.36,0.5714285714285714,0.5952380952380952,-0.003607503607503615,-0.017142857142857182,-0.011904761904761973,0.0
bull_to_bear,0.12,1.0,10.0,-0.1,3,66,66,0.5909090909090909,0.37714285714285717,0.5833333333333334,0.5952380952380952,0.5757575757575758,0.37714285714285717,0.5714285714285714,0.5777777777777777,-0.015151515151515138,0.0,-0.011904761904761973,-0.01746031746031751
bull_to_neutral,0.12,1.0,15.0,,3,63,66,0.5909090909090909,0.37714285714285717,0.5833333333333334,0.5952380952380952,0.5873015873015873,0.36,0.5714285714285714,0.5952380952380952,-0.003607503607503615,-0.017142857142857182,-0.011904761904761973,0.0
bull_to_bear,0.12,1.0,15.0,,3,66,66,0.5909090909090909,0.37714285714285717,0.5833333333333334,0.5952380952380952,0.5757575757575758,0.37714285714285717,0.5714285714285714,0.5777777777777777,-0.015151515151515138,0.0,-0.011904761904761973,-0.01746031746031751
bull_to_neutral,0.12,1.0,15.0,0.0,3,63,66,0.5909090909090909,0.37714285714285717,0.5833333333333334,0.5952380952380952,0.5873015873015873,0.36,0.5714285714285714,0.5952380952380952,-0.003607503607503615,-0.017142857142857182,-0.011904761904761973,0.0
bull_to_bear,0.12,1.0,15.0,0.0,3,66,66,0.5909090909090909,0.37714285714285717,0.5833333333333334,0.5952380952380952,0.5757575757575758,0.37714285714285717,0.5714285714285714,0.5777777777777777,-0.015151515151515138,0.0,-0.011904761904761973,-0.01746031746031751
bull_to_neutral,0.12,1.0,15.0,-0.05,3,63,66,0.5909090909090909,0.37714285714285717,0.5833333333333334,0.5952380952380952,0.5873015873015873,0.36,0.5714285714285714,0.5952380952380952,-0.003607503607503615,-0.017142857142857182,-0.011904761904761973,0.0
bull_to_bear,0.12,1.0,15.0,-0.05,3,66,66,0.5909090909090909,0.37714285714285717,0.5833333333333334,0.5952380952380952,0.5757575757575758,0.37714285714285717,0.5714285714285714,0.5777777777777777,-0.015151515151515138,0.0,-0.011904761904761973,-0.01746031746031751
bull_to_neutral,0.12,1.0,15.0,-0.1,3,63,66,0.5909090909090909,0.37714285714285717,0.5833333333333334,0.5952380952380952,0.5873015873015873,0.36,0.5714285714285714,0.5952380952380952,-0.003607503607503615,-0.017142857142857182,-0.011904761904761973,0.0
bull_to_bear,0.12,1.0,15.0,-0.1,3,66,66,0.5909090909090909,0.37714285714285717,0.5833333333333334,0.5952380952380952,0.5757575757575758,0.37714285714285717,0.5714285714285714,0.5777777777777777,-0.015151515151515138,0.0,-0.011904761904761973,-0.01746031746031751
bull_to_neutral,0.12,0.99,,,0,66,66,0.5909090909090909,0.37714285714285717,0.5833333333333334,0.5952380952380952,0.5909090909090909,0.37714285714285717,0.5833333333333334,0.5952380952380952,0.0,0.0,0.0,0.0
bull_to_bear,0.12,0.99,,,0,66,66,0.5909090909090909,0.37714285714285717,0.5833333333333334,0.5952380952380952,0.5909090909090909,0.37714285714285717,0.5833333333333334,0.5952380952380952,0.0,0.0,0.0,0.0
bull_to_neutral,0.12,0.99,,0.0,0,66,66,0.5909090909090909,0.37714285714285717,0.5833333333333334,0.5952380952380952,0.5909090909090909,0.37714285714285717,0.5833333333333334,0.5952380952380952,0.0,0.0,0.0,0.0
bull_to_bear,0.12,0.99,,0.0,0,66,66,0.5909090909090909,0.37714285714285717,0.5833333333333334,0.5952380952380952,0.5909090909090909,0.37714285714285717,0.5833333333333334,0.5952380952380952,0.0,0.0,0.0,0.0
bull_to_neutral,0.12,0.99,,-0.05,0,66,66,0.5909090909090909,0.37714285714285717,0.5833333333333334,0.5952380952380952,0.5909090909090909,0.37714285714285717,0.5833333333333334,0.5952380952380952,0.0,0.0,0.0,0.0
bull_to_bear,0.12,0.99,,-0.05,0,66,66,0.5909090909090909,0.37714285714285717,0.5833333333333334,0.5952380952380952,0.5909090909090909,0.37714285714285717,0.5833333333333334,0.5952380952380952,0.0,0.0,0.0,0.0
bull_to_neutral,0.12,0.99,,-0.1,0,66,66,0.5909090909090909,0.37714285714285717,0.5833333333333334,0.5952380952380952,0.5909090909090909,0.37714285714285717,0.5833333333333334,0.5952380952380952,0.0,0.0,0.0,0.0
bull_to_bear,0.12,0.99,,-0.1,0,66,66,0.5909090909090909,0.37714285714285717,0.5833333333333334,0.5952380952380952,0.5909090909090909,0.37714285714285717,0.5833333333333334,0.5952380952380952,0.0,0.0,0.0,0.0
bull_to_neutral,0.12,0.99,0.0,,0,66,66,0.5909090909090909,0.37714285714285717,0.5833333333333334,0.5952380952380952,0.5909090909090909,0.37714285714285717,0.5833333333333334,0.5952380952380952,0.0,0.0,0.0,0.0
bull_to_bear,0.12,0.99,0.0,,0,66,66,0.5909090909090909,0.37714285714285717,0.5833333333333334,0.5952380952380952,0.5909090909090909,0.37714285714285717,0.5833333333333334,0.5952380952380952,0.0,0.0,0.0,0.0
bull_to_neutral,0.12,0.99,0.0,0.0,0,66,66,0.5909090909090909,0.37714285714285717,0.5833333333333334,0.5952380952380952,0.5909090909090909,0.37714285714285717,0.5833333333333334,0.5952380952380952,0.0,0.0,0.0,0.0
bull_to_bear,0.12,0.99,0.0,0.0,0,66,66,0.5909090909090909,0.37714285714285717,0.5833333333333334,0.5952380952380952,0.5909090909090909,0.37714285714285717,0.5833333333333334,0.5952380952380952,0.0,0.0,0.0,0.0
bull_to_neutral,0.12,0.99,0.0,-0.05,0,66,66,0.5909090909090909,0.37714285714285717,0.5833333333333334,0.5952380952380952,0.5909090909090909,0.37714285714285717,0.5833333333333334,0.5952380952380952,0.0,0.0,0.0,0.0
bull_to_bear,0.12,0.99,0.0,-0.05,0,66,66,0.5909090909090909,0.37714285714285717,0.5833333333333334,0.5952380952380952,0.5909090909090909,0.37714285714285717,0.5833333333333334,0.5952380952380952,0.0,0.0,0.0,0.0
bull_to_neutral,0.12,0.99,0.0,-0.1,0,66,66,0.5909090909090909,0.37714285714285717,0.5833333333333334,0.5952380952380952,0.5909090909090909,0.37714285714285717,0.5833333333333334,0.5952380952380952,0.0,0.0,0.0,0.0
bull_to_bear,0.12,0.99,0.0,-0.1,0,66,66,0.5909090909090909,0.37714285714285717,0.5833333333333334,0.5952380952380952,0.5909090909090909,0.37714285714285717,0.5833333333333334,0.5952380952380952,0.0,0.0,0.0,0.0
bull_to_neutral,0.12,0.99,5.0,,0,66,66,0.5909090909090909,0.37714285714285717,0.5833333333333334,0.5952380952380952,0.5909090909090909,0.37714285714285717,0.5833333333333334,0.5952380952380952,0.0,0.0,0.0,0.0
bull_to_bear,0.12,0.99,5.0,,0,66,66,0.5909090909090909,0.37714285714285717,0.5833333333333334,0.5952380952380952,0.5909090909090909,0.37714285714285717,0.5833333333333334,0.5952380952380952,0.0,0.0,0.0,0.0
bull_to_neutral,0.12,0.99,5.0,0.0,0,66,66,0.5909090909090909,0.37714285714285717,0.5833333333333334,0.5952380952380952,0.5909090909090909,0.37714285714285717,0.5833333333333334,0.5952380952380952,0.0,0.0,0.0,0.0
bull_to_bear,0.12,0.99,5.0,0.0,0,66,66,0.5909090909090909,0.37714285714285717,0.5833333333333334,0.5952380952380952,0.5909090909090909,0.37714285714285717,0.5833333333333334,0.5952380952380952,0.0,0.0,0.0,0.0
bull_to_neutral,0.12,0.99,5.0,-0.05,0,66,66,0.5909090909090909,0.37714285714285717,0.5833333333333334,0.5952380952380952,0.5909090909090909,0.37714285714285717,0.5833333333333334,0.5952380952380952,0.0,0.0,0.0,0.0
bull_to_bear,0.12,0.99,5.0,-0.05,0,66,66,0.5909090909090909,0.37714285714285717,0.5833333333333334,0.5952380952380952,0.5909090909090909,0.37714285714285717,0.5833333333333334,0.5952380952380952,0.0,0.0,0.0,0.0
bull_to_neutral,0.12,0.99,5.0,-0.1,0,66,66,0.5909090909090909,0.37714285714285717,0.5833333333333334,0.5952380952380952,0.5909090909090909,0.37714285714285717,0.5833333333333334,0.5952380952380952,0.0,0.0,0.0,0.0
bull_to_bear,0.12,0.99,5.0,-0.1,0,66,66,0.5909090909090909,0.37714285714285717,0.5833333333333334,0.5952380952380952,0.5909090909090909,0.37714285714285717,0.5833333333333334,0.5952380952380952,0.0,0.0,0.0,0.0
bull_to_neutral,0.12,0.99,10.0,,0,66,66,0.5909090909090909,0.37714285714285717,0.5833333333333334,0.5952380952380952,0.5909090909090909,0.37714285714285717,0.5833333333333334,0.5952380952380952,0.0,0.0,0.0,0.0
bull_to_bear,0.12,0.99,10.0,,0,66,66,0.5909090909090909,0.37714285714285717,0.5833333333333334,0.5952380952380952,0.5909090909090909,0.37714285714285717,0.5833333333333334,0.5952380952380952,0.0,0.0,0.0,0.0
bull_to_neutral,0.12,0.99,10.0,0.0,0,66,66,0.5909090909090909,0.37714285714285717,0.5833333333333334,0.5952380952380952,0.5909090909090909,0.37714285714285717,0.5833333333333334,0.5952380952380952,0.0,0.0,0.0,0.0
bull_to_bear,0.12,0.99,10.0,0.0,0,66,66,0.5909090909090909,0.37714285714285717,0.5833333333333334,0.5952380952380952,0.5909090909090909,0.37714285714285717,0.5833333333333334,0.5952380952380952,0.0,0.0,0.0,0.0
bull_to_neutral,0.12,0.99,10.0,-0.05,0,66,66,0.5909090909090909,0.37714285714285717,0.5833333333333334,0.5952380952380952,0.5909090909090909,0.37714285714285717,0.5833333333333334,0.5952380952380952,0.0,0.0,0.0,0.0
bull_to_bear,0.12,0.99,10.0,-0.05,0,66,66,0.5909090909090909,0.37714285714285717,0.5833333333333334,0.5952380952380952,0.5909090909090909,0.37714285714285717,0.5833333333333334,0.5952380952380952,0.0,0.0,0.0,0.0
bull_to_neutral,0.12,0.99,10.0,-0.1,0,66,66,0.5909090909090909,0.37714285714285717,0.5833333333333334,0.5952380952380952,0.5909090909090909,0.37714285714285717,0.5833333333333334,0.5952380952380952,0.0,0.0,0.0,0.0
bull_to_bear,0.12,0.99,10.0,-0.1,0,66,66,0.5909090909090909,0.37714285714285717,0.5833333333333334,0.5952380952380952,0.5909090909090909,0.37714285714285717,0.5833333333333334,0.5952380952380952,0.0,0.0,0.0,0.0
bull_to_neutral,0.12,0.99,15.0,,0,66,66,0.5909090909090909,0.37714285714285717,0.5833333333333334,0.5952380952380952,0.5909090909090909,0.37714285714285717,0.5833333333333334,0.5952380952380952,0.0,0.0,0.0,0.0
bull_to_bear,0.12,0.99,15.0,,0,66,66,0.5909090909090909,0.37714285714285717,0.5833333333333334,0.5952380952380952,0.5909090909090909,0.37714285714285717,0.5833333333333334,0.5952380952380952,0.0,0.0,0.0,0.0
bull_to_neutral,0.12,0.99,15.0,0.0,0,66,66,0.5909090909090909,0.37714285714285717,0.5833333333333334,0.5952380952380952,0.5909090909090909,0.37714285714285717,0.5833333333333334,0.5952380952380952,0.0,0.0,0.0,0.0
bull_to_bear,0.12,0.99,15.0,0.0,0,66,66,0.5909090909090909,0.37714285714285717,0.5833333333333334,0.5952380952380952,0.5909090909090909,0.37714285714285717,0.5833333333333334,0.5952380952380952,0.0,0.0,0.0,0.0
bull_to_neutral,0.12,0.99,15.0,-0.05,0,66,66,0.5909090909090909,0.37714285714285717,0.5833333333333334,0.5952380952380952,0.5909090909090909,0.37714285714285717,0.5833333333333334,0.5952380952380952,0.0,0.0,0.0,0.0
bull_to_bear,0.12,0.99,15.0,-0.05,0,66,66,0.5909090909090909,0.37714285714285717,0.5833333333333334,0.5952380952380952,0.5909090909090909,0.37714285714285717,0.5833333333333334,0.5952380952380952,0.0,0.0,0.0,0.0
bull_to_neutral,0.12,0.99,15.0,-0.1,0,66,66,0.5909090909090909,0.37714285714285717,0.5833333333333334,0.5952380952380952,0.5909090909090909,0.37714285714285717,0.5833333333333334,0.5952380952380952,0.0,0.0,0.0,0.0
bull_to_bear,0.12,0.99,15.0,-0.1,0,66,66,0.5909090909090909,0.37714285714285717,0.5833333333333334,0.5952380952380952,0.5909090909090909,0.37714285714285717,0.5833333333333334,0.5952380952380952,0.0,0.0,0.0,0.0
bull_to_neutral,0.12,0.98,,,0,66,66,0.5909090909090909,0.37714285714285717,0.5833333333333334,0.5952380952380952,0.5909090909090909,0.37714285714285717,0.5833333333333334,0.5952380952380952,0.0,0.0,0.0,0.0
bull_to_bear,0.12,0.98,,,0,66,66,0.5909090909090909,0.37714285714285717,0.5833333333333334,0.5952380952380952,0.5909090909090909,0.37714285714285717,0.5833333333333334,0.5952380952380952,0.0,0.0,0.0,0.0
bull_to_neutral,0.12,0.98,,0.0,0,66,66,0.5909090909090909,0.37714285714285717,0.5833333333333334,0.5952380952380952,0.5909090909090909,0.37714285714285717,0.5833333333333334,0.5952380952380952,0.0,0.0,0.0,0.0
bull_to_bear,0.12,0.98,,0.0,0,66,66,0.5909090909090909,0.37714285714285717,0.5833333333333334,0.5952380952380952,0.5909090909090909,0.37714285714285717,0.5833333333333334,0.5952380952380952,0.0,0.0,0.0,0.0
bull_to_neutral,0.12,0.98,,-0.05,0,66,66,0.5909090909090909,0.37714285714285717,0.5833333333333334,0.5952380952380952,0.5909090909090909,0.37714285714285717,0.5833333333333334,0.5952380952380952,0.0,0.0,0.0,0.0
bull_to_bear,0.12,0.98,,-0.05,0,66,66,0.5909090909090909,0.37714285714285717,0.5833333333333334,0.5952380952380952,0.5909090909090909,0.37714285714285717,0.5833333333333334,0.5952380952380952,0.0,0.0,0.0,0.0
bull_to_neutral,0.12,0.98,,-0.1,0,66,66,0.5909090909090909,0.37714285714285717,0.5833333333333334,0.5952380952380952,0.5909090909090909,0.37714285714285717,0.5833333333333334,0.5952380952380952,0.0,0.0,0.0,0.0
bull_to_bear,0.12,0.98,,-0.1,0,66,66,0.5909090909090909,0.37714285714285717,0.5833333333333334,0.5952380952380952,0.5909090909090909,0.37714285714285717,0.5833333333333334,0.5952380952380952,0.0,0.0,0.0,0.0
bull_to_neutral,0.12,0.98,0.0,,0,66,66,0.5909090909090909,0.37714285714285717,0.5833333333333334,0.5952380952380952,0.5909090909090909,0.37714285714285717,0.5833333333333334,0.5952380952380952,0.0,0.0,0.0,0.0
bull_to_bear,0.12,0.98,0.0,,0,66,66,0.5909090909090909,0.37714285714285717,0.5833333333333334,0.5952380952380952,0.5909090909090909,0.37714285714285717,0.5833333333333334,0.5952380952380952,0.0,0.0,0.0,0.0
bull_to_neutral,0.12,0.98,0.0,0.0,0,66,66,0.5909090909090909,0.37714285714285717,0.5833333333333334,0.5952380952380952,0.5909090909090909,0.37714285714285717,0.5833333333333334,0.5952380952380952,0.0,0.0,0.0,0.0
bull_to_bear,0.12,0.98,0.0,0.0,0,66,66,0.5909090909090909,0.37714285714285717,0.5833333333333334,0.5952380952380952,0.5909090909090909,0.37714285714285717,0.5833333333333334,0.5952380952380952,0.0,0.0,0.0,0.0
bull_to_neutral,0.12,0.98,0.0,-0.05,0,66,66,0.5909090909090909,0.37714285714285717,0.5833333333333334,0.5952380952380952,0.5909090909090909,0.37714285714285717,0.5833333333333334,0.5952380952380952,0.0,0.0,0.0,0.0
bull_to_bear,0.12,0.98,0.0,-0.05,0,66,66,0.5909090909090909,0.37714285714285717,0.5833333333333334,0.5952380952380952,0.5909090909090909,0.37714285714285717,0.5833333333333334,0.5952380952380952,0.0,0.0,0.0,0.0
bull_to_neutral,0.12,0.98,0.0,-0.1,0,66,66,0.5909090909090909,0.37714285714285717,0.5833333333333334,0.5952380952380952,0.5909090909090909,0.37714285714285717,0.5833333333333334,0.5952380952380952,0.0,0.0,0.0,0.0
bull_to_bear,0.12,0.98,0.0,-0.1,0,66,66,0.5909090909090909,0.37714285714285717,0.5833333333333334,0.5952380952380952,0.5909090909090909,0.37714285714285717,0.5833333333333334,0.5952380952380952,0.0,0.0,0.0,0.0
bull_to_neutral,0.12,0.98,5.0,,0,66,66,0.5909090909090909,0.37714285714285717,0.5833333333333334,0.5952380952380952,0.5909090909090909,0.37714285714285717,0.5833333333333334,0.5952380952380952,0.0,0.0,0.0,0.0
bull_to_bear,0.12,0.98,5.0,,0,66,66,0.5909090909090909,0.37714285714285717,0.5833333333333334,0.5952380952380952,0.5909090909090909,0.37714285714285717,0.5833333333333334,0.5952380952380952,0.0,0.0,0.0,0.0
bull_to_neutral,0.12,0.98,5.0,0.0,0,66,66,0.5909090909090909,0.37714285714285717,0.5833333333333334,0.5952380952380952,0.5909090909090909,0.37714285714285717,0.5833333333333334,0.5952380952380952,0.0,0.0,0.0,0.0
bull_to_bear,0.12,0.98,5.0,0.0,0,66,66,0.5909090909090909,0.37714285714285717,0.5833333333333334,0.5952380952380952,0.5909090909090909,0.37714285714285717,0.5833333333333334,0.5952380952380952,0.0,0.0,0.0,0.0
bull_to_neutral,0.12,0.98,5.0,-0.05,0,66,66,0.5909090909090909,0.37714285714285717,0.5833333333333334,0.5952380952380952,0.5909090909090909,0.37714285714285717,0.5833333333333334,0.5952380952380952,0.0,0.0,0.0,0.0
bull_to_bear,0.12,0.98,5.0,-0.05,0,66,66,0.5909090909090909,0.37714285714285717,0.5833333333333334,0.5952380952380952,0.5909090909090909,0.37714285714285717,0.5833333333333334,0.5952380952380952,0.0,0.0,0.0,0.0
bull_to_neutral,0.12,0.98,5.0,-0.1,0,66,66,0.5909090909090909,0.37714285714285717,0.5833333333333334,0.5952380952380952,0.5909090909090909,0.37714285714285717,0.5833333333333334,0.5952380952380952,0.0,0.0,0.0,0.0
bull_to_bear,0.12,0.98,5.0,-0.1,0,66,66,0.5909090909090909,0.37714285714285717,0.5833333333333334,0.5952380952380952,0.5909090909090909,0.37714285714285717,0.5833333333333334,0.5952380952380952,0.0,0.0,0.0,0.0
bull_to_neutral,0.12,0.98,10.0,,0,66,66,0.5909090909090909,0.37714285714285717,0.5833333333333334,0.5952380952380952,0.5909090909090909,0.37714285714285717,0.5833333333333334,0.5952380952380952,0.0,0.0,0.0,0.0
bull_to_bear,0.12,0.98,10.0,,0,66,66,0.5909090909090909,0.37714285714285717,0.5833333333333334,0.5952380952380952,0.5909090909090909,0.37714285714285717,0.5833333333333334,0.5952380952380952,0.0,0.0,0.0,0.0
bull_to_neutral,0.12,0.98,10.0,0.0,0,66,66,0.5909090909090909,0.37714285714285717,0.5833333333333334,0.5952380952380952,0.5909090909090909,0.37714285714285717,0.5833333333333334,0.5952380952380952,0.0,0.0,0.0,0.0
bull_to_bear,0.12,0.98,10.0,0.0,0,66,66,0.5909090909090909,0.37714285714285717,0.5833333333333334,0.5952380952380952,0.5909090909090909,0.37714285714285717,0.5833333333333334,0.5952380952380952,0.0,0.0,0.0,0.0
bull_to_neutral,0.12,0.98,10.0,-0.05,0,66,66,0.5909090909090909,0.37714285714285717,0.5833333333333334,0.5952380952380952,0.5909090909090909,0.37714285714285717,0.5833333333333334,0.5952380952380952,0.0,0.0,0.0,0.0
bull_to_bear,0.12,0.98,10.0,-0.05,0,66,66,0.5909090909090909,0.37714285714285717,0.5833333333333334,0.5952380952380952,0.5909090909090909,0.37714285714285717,0.5833333333333334,0.5952380952380952,0.0,0.0,0.0,0.0
bull_to_neutral,0.12,0.98,10.0,-0.1,0,66,66,0.5909090909090909,0.37714285714285717,0.5833333333333334,0.5952380952380952,0.5909090909090909,0.37714285714285717,0.5833333333333334,0.5952380952380952,0.0,0.0,0.0,0.0
bull_to_bear,0.12,0.98,10.0,-0.1,0,66,66,0.5909090909090909,0.37714285714285717,0.5833333333333334,0.5952380952380952,0.5909090909090909,0.37714285714285717,0.5833333333333334,0.5952380952380952,0.0,0.0,0.0,0.0
bull_to_neutral,0.12,0.98,15.0,,0,66,66,0.5909090909090909,0.37714285714285717,0.5833333333333334,0.5952380952380952,0.5909090909090909,0.37714285714285717,0.5833333333333334,0.5952380952380952,0.0,0.0,0.0,0.0
bull_to_bear,0.12,0.98,15.0,,0,66,66,0.5909090909090909,0.37714285714285717,0.5833333333333334,0.5952380952380952,0.5909090909090909,0.37714285714285717,0.5833333333333334,0.5952380952380952,0.0,0.0,0.0,0.0
bull_to_neutral,0.12,0.98,15.0,0.0,0,66,66,0.5909090909090909,0.37714285714285717,0.5833333333333334,0.5952380952380952,0.5909090909090909,0.37714285714285717,0.5833333333333334,0.5952380952380952,0.0,0.0,0.0,0.0
bull_to_bear,0.12,0.98,15.0,0.0,0,66,66,0.5909090909090909,0.37714285714285717,0.5833333333333334,0.5952380952380952,0.5909090909090909,0.37714285714285717,0.5833333333333334,0.5952380952380952,0.0,0.0,0.0,0.0
bull_to_neutral,0.12,0.98,15.0,-0.05,0,66,66,0.5909090909090909,0.37714285714285717,0.5833333333333334,0.5952380952380952,0.5909090909090909,0.37714285714285717,0.5833333333333334,0.5952380952380952,0.0,0.0,0.0,0.0
bull_to_bear,0.12,0.98,15.0,-0.05,0,66,66,0.5909090909090909,0.37714285714285717,0.5833333333333334,0.5952380952380952,0.5909090909090909,0.37714285714285717,0.5833333333333334,0.5952380952380952,0.0,0.0,0.0,0.0
bull_to_neutral,0.12,0.98,15.0,-0.1,0,66,66,0.5909090909090909,0.37714285714285717,0.5833333333333334,0.5952380952380952,0.5909090909090909,0.37714285714285717,0.5833333333333334,0.5952380952380952,0.0,0.0,0.0,0.0
bull_to_bear,0.12,0.98,15.0,-0.1,0,66,66,0.5909090909090909,0.37714285714285717,0.5833333333333334,0.5952380952380952,0.5909090909090909,0.37714285714285717,0.5833333333333334,0.5952380952380952,0.0,0.0,0.0,0.0
bull_to_neutral,0.12,0.97,,,0,66,66,0.5909090909090909,0.37714285714285717,0.5833333333333334,0.5952380952380952,0.5909090909090909,0.37714285714285717,0.5833333333333334,0.5952380952380952,0.0,0.0,0.0,0.0
bull_to_bear,0.12,0.97,,,0,66,66,0.5909090909090909,0.37714285714285717,0.5833333333333334,0.5952380952380952,0.5909090909090909,0.37714285714285717,0.5833333333333334,0.5952380952380952,0.0,0.0,0.0,0.0
bull_to_neutral,0.12,0.97,,0.0,0,66,66,0.5909090909090909,0.37714285714285717,0.5833333333333334,0.5952380952380952,0.5909090909090909,0.37714285714285717,0.5833333333333334,0.5952380952380952,0.0,0.0,0.0,0.0
bull_to_bear,0.12,0.97,,0.0,0,66,66,0.5909090909090909,0.37714285714285717,0.5833333333333334,0.5952380952380952,0.5909090909090909,0.37714285714285717,0.5833333333333334,0.5952380952380952,0.0,0.0,0.0,0.0
bull_to_neutral,0.12,0.97,,-0.05,0,66,66,0.5909090909090909,0.37714285714285717,0.5833333333333334,0.5952380952380952,0.5909090909090909,0.37714285714285717,0.5833333333333334,0.5952380952380952,0.0,0.0,0.0,0.0
bull_to_bear,0.12,0.97,,-0.05,0,66,66,0.5909090909090909,0.37714285714285717,0.5833333333333334,0.5952380952380952,0.5909090909090909,0.37714285714285717,0.5833333333333334,0.5952380952380952,0.0,0.0,0.0,0.0
bull_to_neutral,0.12,0.97,,-0.1,0,66,66,0.5909090909090909,0.37714285714285717,0.5833333333333334,0.5952380952380952,0.5909090909090909,0.37714285714285717,0.5833333333333334,0.5952380952380952,0.0,0.0,0.0,0.0
bull_to_bear,0.12,0.97,,-0.1,0,66,66,0.5909090909090909,0.37714285714285717,0.5833333333333334,0.5952380952380952,0.5909090909090909,0.37714285714285717,0.5833333333333334,0.5952380952380952,0.0,0.0,0.0,0.0
bull_to_neutral,0.12,0.97,0.0,,0,66,66,0.5909090909090909,0.37714285714285717,0.5833333333333334,0.5952380952380952,0.5909090909090909,0.37714285714285717,0.5833333333333334,0.5952380952380952,0.0,0.0,0.0,0.0
bull_to_bear,0.12,0.97,0.0,,0,66,66,0.5909090909090909,0.37714285714285717,0.5833333333333334,0.5952380952380952,0.5909090909090909,0.37714285714285717,0.5833333333333334,0.5952380952380952,0.0,0.0,0.0,0.0
bull_to_neutral,0.12,0.97,0.0,0.0,0,66,66,0.5909090909090909,0.37714285714285717,0.5833333333333334,0.5952380952380952,0.5909090909090909,0.37714285714285717,0.5833333333333334,0.5952380952380952,0.0,0.0,0.0,0.0
bull_to_bear,0.12,0.97,0.0,0.0,0,66,66,0.5909090909090909,0.37714285714285717,0.5833333333333334,0.5952380952380952,0.5909090909090909,0.37714285714285717,0.5833333333333334,0.5952380952380952,0.0,0.0,0.0,0.0
bull_to_neutral,0.12,0.97,0.0,-0.05,0,66,66,0.5909090909090909,0.37714285714285717,0.5833333333333334,0.5952380952380952,0.5909090909090909,0.37714285714285717,0.5833333333333334,0.5952380952380952,0.0,0.0,0.0,0.0
bull_to_bear,0.12,0.97,0.0,-0.05,0,66,66,0.5909090909090909,0.37714285714285717,0.5833333333333334,0.5952380952380952,0.5909090909090909,0.37714285714285717,0.5833333333333334,0.5952380952380952,0.0,0.0,0.0,0.0
bull_to_neutral,0.12,0.97,0.0,-0.1,0,66,66,0.5909090909090909,0.37714285714285717,0.5833333333333334,0.5952380952380952,0.5909090909090909,0.37714285714285717,0.5833333333333334,0.5952380952380952,0.0,0.0,0.0,0.0
bull_to_bear,0.12,0.97,0.0,-0.1,0,66,66,0.5909090909090909,0.37714285714285717,0.5833333333333334,0.5952380952380952,0.5909090909090909,0.37714285714285717,0.5833333333333334,0.5952380952380952,0.0,0.0,0.0,0.0
bull_to_neutral,0.12,0.97,5.0,,0,66,66,0.5909090909090909,0.37714285714285717,0.5833333333333334,0.5952380952380952,0.5909090909090909,0.37714285714285717,0.5833333333333334,0.5952380952380952,0.0,0.0,0.0,0.0
bull_to_bear,0.12,0.97,5.0,,0,66,66,0.5909090909090909,0.37714285714285717,0.5833333333333334,0.5952380952380952,0.5909090909090909,0.37714285714285717,0.5833333333333334,0.5952380952380952,0.0,0.0,0.0,0.0
bull_to_neutral,0.12,0.97,5.0,0.0,0,66,66,0.5909090909090909,0.37714285714285717,0.5833333333333334,0.5952380952380952,0.5909090909090909,0.37714285714285717,0.5833333333333334,0.5952380952380952,0.0,0.0,0.0,0.0
bull_to_bear,0.12,0.97,5.0,0.0,0,66,66,0.5909090909090909,0.37714285714285717,0.5833333333333334,0.5952380952380952,0.5909090909090909,0.37714285714285717,0.5833333333333334,0.5952380952380952,0.0,0.0,0.0,0.0
bull_to_neutral,0.12,0.97,5.0,-0.05,0,66,66,0.5909090909090909,0.37714285714285717,0.5833333333333334,0.5952380952380952,0.5909090909090909,0.37714285714285717,0.5833333333333334,0.5952380952380952,0.0,0.0,0.0,0.0
bull_to_bear,0.12,0.97,5.0,-0.05,0,66,66,0.5909090909090909,0.37714285714285717,0.5833333333333334,0.5952380952380952,0.5909090909090909,0.37714285714285717,0.5833333333333334,0.5952380952380952,0.0,0.0,0.0,0.0
bull_to_neutral,0.12,0.97,5.0,-0.1,0,66,66,0.5909090909090909,0.37714285714285717,0.5833333333333334,0.5952380952380952,0.5909090909090909,0.37714285714285717,0.5833333333333334,0.5952380952380952,0.0,0.0,0.0,0.0
bull_to_bear,0.12,0.97,5.0,-0.1,0,66,66,0.5909090909090909,0.37714285714285717,0.5833333333333334,0.5952380952380952,0.5909090909090909,0.37714285714285717,0.5833333333333334,0.5952380952380952,0.0,0.0,0.0,0.0
bull_to_neutral,0.12,0.97,10.0,,0,66,66,0.5909090909090909,0.37714285714285717,0.5833333333333334,0.5952380952380952,0.5909090909090909,0.37714285714285717,0.5833333333333334,0.5952380952380952,0.0,0.0,0.0,0.0
bull_to_bear,0.12,0.97,10.0,,0,66,66,0.5909090909090909,0.37714285714285717,0.5833333333333334,0.5952380952380952,0.5909090909090909,0.37714285714285717,0.5833333333333334,0.5952380952380952,0.0,0.0,0.0,0.0
bull_to_neutral,0.12,0.97,10.0,0.0,0,66,66,0.5909090909090909,0.37714285714285717,0.5833333333333334,0.5952380952380952,0.5909090909090909,0.37714285714285717,0.5833333333333334,0.5952380952380952,0.0,0.0,0.0,0.0
bull_to_bear,0.12,0.97,10.0,0.0,0,66,66,0.5909090909090909,0.37714285714285717,0.5833333333333334,0.5952380952380952,0.5909090909090909,0.37714285714285717,0.5833333333333334,0.5952380952380952,0.0,0.0,0.0,0.0
bull_to_neutral,0.12,0.97,10.0,-0.05,0,66,66,0.5909090909090909,0.37714285714285717,0.5833333333333334,0.5952380952380952,0.5909090909090909,0.37714285714285717,0.5833333333333334,0.5952380952380952,0.0,0.0,0.0,0.0
bull_to_bear,0.12,0.97,10.0,-0.05,0,66,66,0.5909090909090909,0.37714285714285717,0.5833333333333334,0.5952380952380952,0.5909090909090909,0.37714285714285717,0.5833333333333334,0.5952380952380952,0.0,0.0,0.0,0.0
bull_to_neutral,0.12,0.97,10.0,-0.1,0,66,66,0.5909090909090909,0.37714285714285717,0.5833333333333334,0.5952380952380952,0.5909090909090909,0.37714285714285717,0.5833333333333334,0.5952380952380952,0.0,0.0,0.0,0.0
bull_to_bear,0.12,0.97,10.0,-0.1,0,66,66,0.5909090909090909,0.37714285714285717,0.5833333333333334,0.5952380952380952,0.5909090909090909,0.37714285714285717,0.5833333333333334,0.5952380952380952,0.0,0.0,0.0,0.0
bull_to_neutral,0.12,0.97,15.0,,0,66,66,0.5909090909090909,0.37714285714285717,0.5833333333333334,0.5952380952380952,0.5909090909090909,0.37714285714285717,0.5833333333333334,0.5952380952380952,0.0,0.0,0.0,0.0
bull_to_bear,0.12,0.97,15.0,,0,66,66,0.5909090909090909,0.37714285714285717,0.5833333333333334,0.5952380952380952,0.5909090909090909,0.37714285714285717,0.5833333333333334,0.5952380952380952,0.0,0.0,0.0,0.0
bull_to_neutral,0.12,0.97,15.0,0.0,0,66,66,0.5909090909090909,0.37714285714285717,0.5833333333333334,0.5952380952380952,0.5909090909090909,0.37714285714285717,0.5833333333333334,0.5952380952380952,0.0,0.0,0.0,0.0
bull_to_bear,0.12,0.97,15.0,0.0,0,66,66,0.5909090909090909,0.37714285714285717,0.5833333333333334,0.5952380952380952,0.5909090909090909,0.37714285714285717,0.5833333333333334,0.5952380952380952,0.0,0.0,0.0,0.0
bull_to_neutral,0.12,0.97,15.0,-0.05,0,66,66,0.5909090909090909,0.37714285714285717,0.5833333333333334,0.5952380952380952,0.5909090909090909,0.37714285714285717,0.5833333333333334,0.5952380952380952,0.0,0.0,0.0,0.0
bull_to_bear,0.12,0.97,15.0,-0.05,0,66,66,0.5909090909090909,0.37714285714285717,0.5833333333333334,0.5952380952380952,0.5909090909090909,0.37714285714285717,0.5833333333333334,0.5952380952380952,0.0,0.0,0.0,0.0
bull_to_neutral,0.12,0.97,15.0,-0.1,0,66,66,0.5909090909090909,0.37714285714285717,0.5833333333333334,0.5952380952380952,0.5909090909090909,0.37714285714285717,0.5833333333333334,0.5952380952380952,0.0,0.0,0.0,0.0
bull_to_bear,0.12,0.97,15.0,-0.1,0,66,66,0.5909090909090909,0.37714285714285717,0.5833333333333334,0.5952380952380952,0.5909090909090909,0.37714285714285717,0.5833333333333334,0.5952380952380952,0.0,0.0,0.0,0.0
bull_to_neutral,0.12,0.95,,,0,66,66,0.5909090909090909,0.37714285714285717,0.5833333333333334,0.5952380952380952,0.5909090909090909,0.37714285714285717,0.5833333333333334,0.5952380952380952,0.0,0.0,0.0,0.0
bull_to_bear,0.12,0.95,,,0,66,66,0.5909090909090909,0.37714285714285717,0.5833333333333334,0.5952380952380952,0.5909090909090909,0.37714285714285717,0.5833333333333334,0.5952380952380952,0.0,0.0,0.0,0.0
bull_to_neutral,0.12,0.95,,0.0,0,66,66,0.5909090909090909,0.37714285714285717,0.5833333333333334,0.5952380952380952,0.5909090909090909,0.37714285714285717,0.5833333333333334,0.5952380952380952,0.0,0.0,0.0,0.0
bull_to_bear,0.12,0.95,,0.0,0,66,66,0.5909090909090909,0.37714285714285717,0.5833333333333334,0.5952380952380952,0.5909090909090909,0.37714285714285717,0.5833333333333334,0.5952380952380952,0.0,0.0,0.0,0.0
bull_to_neutral,0.12,0.95,,-0.05,0,66,66,0.5909090909090909,0.37714285714285717,0.5833333333333334,0.5952380952380952,0.5909090909090909,0.37714285714285717,0.5833333333333334,0.5952380952380952,0.0,0.0,0.0,0.0
bull_to_bear,0.12,0.95,,-0.05,0,66,66,0.5909090909090909,0.37714285714285717,0.5833333333333334,0.5952380952380952,0.5909090909090909,0.37714285714285717,0.5833333333333334,0.5952380952380952,0.0,0.0,0.0,0.0
bull_to_neutral,0.12,0.95,,-0.1,0,66,66,0.5909090909090909,0.37714285714285717,0.5833333333333334,0.5952380952380952,0.5909090909090909,0.37714285714285717,0.5833333333333334,0.5952380952380952,0.0,0.0,0.0,0.0
bull_to_bear,0.12,0.95,,-0.1,0,66,66,0.5909090909090909,0.37714285714285717,0.5833333333333334,0.5952380952380952,0.5909090909090909,0.37714285714285717,0.5833333333333334,0.5952380952380952,0.0,0.0,0.0,0.0
bull_to_neutral,0.12,0.95,0.0,,0,66,66,0.5909090909090909,0.37714285714285717,0.5833333333333334,0.5952380952380952,0.5909090909090909,0.37714285714285717,0.5833333333333334,0.5952380952380952,0.0,0.0,0.0,0.0
bull_to_bear,0.12,0.95,0.0,,0,66,66,0.5909090909090909,0.37714285714285717,0.5833333333333334,0.5952380952380952,0.5909090909090909,0.37714285714285717,0.5833333333333334,0.5952380952380952,0.0,0.0,0.0,0.0
bull_to_neutral,0.12,0.95,0.0,0.0,0,66,66,0.5909090909090909,0.37714285714285717,0.5833333333333334,0.5952380952380952,0.5909090909090909,0.37714285714285717,0.5833333333333334,0.5952380952380952,0.0,0.0,0.0,0.0
bull_to_bear,0.12,0.95,0.0,0.0,0,66,66,0.5909090909090909,0.37714285714285717,0.5833333333333334,0.5952380952380952,0.5909090909090909,0.37714285714285717,0.5833333333333334,0.5952380952380952,0.0,0.0,0.0,0.0
bull_to_neutral,0.12,0.95,0.0,-0.05,0,66,66,0.5909090909090909,0.37714285714285717,0.5833333333333334,0.5952380952380952,0.5909090909090909,0.37714285714285717,0.5833333333333334,0.5952380952380952,0.0,0.0,0.0,0.0
bull_to_bear,0.12,0.95,0.0,-0.05,0,66,66,0.5909090909090909,0.37714285714285717,0.5833333333333334,0.5952380952380952,0.5909090909090909,0.37714285714285717,0.5833333333333334,0.5952380952380952,0.0,0.0,0.0,0.0
bull_to_neutral,0.12,0.95,0.0,-0.1,0,66,66,0.5909090909090909,0.37714285714285717,0.5833333333333334,0.5952380952380952,0.5909090909090909,0.37714285714285717,0.5833333333333334,0.5952380952380952,0.0,0.0,0.0,0.0
bull_to_bear,0.12,0.95,0.0,-0.1,0,66,66,0.5909090909090909,0.37714285714285717,0.5833333333333334,0.5952380952380952,0.5909090909090909,0.37714285714285717,0.5833333333333334,0.5952380952380952,0.0,0.0,0.0,0.0
bull_to_neutral,0.12,0.95,5.0,,0,66,66,0.5909090909090909,0.37714285714285717,0.5833333333333334,0.5952380952380952,0.5909090909090909,0.37714285714285717,0.5833333333333334,0.5952380952380952,0.0,0.0,0.0,0.0
bull_to_bear,0.12,0.95,5.0,,0,66,66,0.5909090909090909,0.37714285714285717,0.5833333333333334,0.5952380952380952,0.5909090909090909,0.37714285714285717,0.5833333333333334,0.5952380952380952,0.0,0.0,0.0,0.0
bull_to_neutral,0.12,0.95,5.0,0.0,0,66,66,0.5909090909090909,0.37714285714285717,0.5833333333333334,0.5952380952380952,0.5909090909090909,0.37714285714285717,0.5833333333333334,0.5952380952380952,0.0,0.0,0.0,0.0
bull_to_bear,0.12,0.95,5.0,0.0,0,66,66,0.5909090909090909,0.37714285714285717,0.5833333333333334,0.5952380952380952,0.5909090909090909,0.37714285714285717,0.5833333333333334,0.5952380952380952,0.0,0.0,0.0,0.0
bull_to_neutral,0.12,0.95,5.0,-0.05,0,66,66,0.5909090909090909,0.37714285714285717,0.5833333333333334,0.5952380952380952,0.5909090909090909,0.37714285714285717,0.5833333333333334,0.5952380952380952,0.0,0.0,0.0,0.0
bull_to_bear,0.12,0.95,5.0,-0.05,0,66,66,0.5909090909090909,0.37714285714285717,0.5833333333333334,0.5952380952380952,0.5909090909090909,0.37714285714285717,0.5833333333333334,0.5952380952380952,0.0,0.0,0.0,0.0
bull_to_neutral,0.12,0.95,5.0,-0.1,0,66,66,0.5909090909090909,0.37714285714285717,0.5833333333333334,0.5952380952380952,0.5909090909090909,0.37714285714285717,0.5833333333333334,0.5952380952380952,0.0,0.0,0.0,0.0
bull_to_bear,0.12,0.95,5.0,-0.1,0,66,66,0.5909090909090909,0.37714285714285717,0.5833333333333334,0.5952380952380952,0.5909090909090909,0.37714285714285717,0.5833333333333334,0.5952380952380952,0.0,0.0,0.0,0.0
bull_to_neutral,0.12,0.95,10.0,,0,66,66,0.5909090909090909,0.37714285714285717,0.5833333333333334,0.5952380952380952,0.5909090909090909,0.37714285714285717,0.5833333333333334,0.5952380952380952,0.0,0.0,0.0,0.0
bull_to_bear,0.12,0.95,10.0,,0,66,66,0.5909090909090909,0.37714285714285717,0.5833333333333334,0.5952380952380952,0.5909090909090909,0.37714285714285717,0.5833333333333334,0.5952380952380952,0.0,0.0,0.0,0.0
bull_to_neutral,0.12,0.95,10.0,0.0,0,66,66,0.5909090909090909,0.37714285714285717,0.5833333333333334,0.5952380952380952,0.5909090909090909,0.37714285714285717,0.5833333333333334,0.5952380952380952,0.0,0.0,0.0,0.0
bull_to_bear,0.12,0.95,10.0,0.0,0,66,66,0.5909090909090909,0.37714285714285717,0.5833333333333334,0.5952380952380952,0.5909090909090909,0.37714285714285717,0.5833333333333334,0.5952380952380952,0.0,0.0,0.0,0.0
bull_to_neutral,0.12,0.95,10.0,-0.05,0,66,66,0.5909090909090909,0.37714285714285717,0.5833333333333334,0.5952380952380952,0.5909090909090909,0.37714285714285717,0.5833333333333334,0.5952380952380952,0.0,0.0,0.0,0.0
bull_to_bear,0.12,0.95,10.0,-0.05,0,66,66,0.5909090909090909,0.37714285714285717,0.5833333333333334,0.5952380952380952,0.5909090909090909,0.37714285714285717,0.5833333333333334,0.5952380952380952,0.0,0.0,0.0,0.0
bull_to_neutral,0.12,0.95,10.0,-0.1,0,66,66,0.5909090909090909,0.37714285714285717,0.5833333333333334,0.5952380952380952,0.5909090909090909,0.37714285714285717,0.5833333333333334,0.5952380952380952,0.0,0.0,0.0,0.0
bull_to_bear,0.12,0.95,10.0,-0.1,0,66,66,0.5909090909090909,0.37714285714285717,0.5833333333333334,0.5952380952380952,0.5909090909090909,0.37714285714285717,0.5833333333333334,0.5952380952380952,0.0,0.0,0.0,0.0
bull_to_neutral,0.12,0.95,15.0,,0,66,66,0.5909090909090909,0.37714285714285717,0.5833333333333334,0.5952380952380952,0.5909090909090909,0.37714285714285717,0.5833333333333334,0.5952380952380952,0.0,0.0,0.0,0.0
bull_to_bear,0.12,0.95,15.0,,0,66,66,0.5909090909090909,0.37714285714285717,0.5833333333333334,0.5952380952380952,0.5909090909090909,0.37714285714285717,0.5833333333333334,0.5952380952380952,0.0,0.0,0.0,0.0
bull_to_neutral,0.12,0.95,15.0,0.0,0,66,66,0.5909090909090909,0.37714285714285717,0.5833333333333334,0.5952380952380952,0.5909090909090909,0.37714285714285717,0.5833333333333334,0.5952380952380952,0.0,0.0,0.0,0.0
bull_to_bear,0.12,0.95,15.0,0.0,0,66,66,0.5909090909090909,0.37714285714285717,0.5833333333333334,0.5952380952380952,0.5909090909090909,0.37714285714285717,0.5833333333333334,0.5952380952380952,0.0,0.0,0.0,0.0
bull_to_neutral,0.12,0.95,15.0,-0.05,0,66,66,0.5909090909090909,0.37714285714285717,0.5833333333333334,0.5952380952380952,0.5909090909090909,0.37714285714285717,0.5833333333333334,0.5952380952380952,0.0,0.0,0.0,0.0
bull_to_bear,0.12,0.95,15.0,-0.05,0,66,66,0.5909090909090909,0.37714285714285717,0.5833333333333334,0.5952380952380952,0.5909090909090909,0.37714285714285717,0.5833333333333334,0.5952380952380952,0.0,0.0,0.0,0.0
bull_to_neutral,0.12,0.95,15.0,-0.1,0,66,66,0.5909090909090909,0.37714285714285717,0.5833333333333334,0.5952380952380952,0.5909090909090909,0.37714285714285717,0.5833333333333334,0.5952380952380952,0.0,0.0,0.0,0.0
bull_to_bear,0.12,0.95,15.0,-0.1,0,66,66,0.5909090909090909,0.37714285714285717,0.5833333333333334,0.5952380952380952,0.5909090909090909,0.37714285714285717,0.5833333333333334,0.5952380952380952,0.0,0.0,0.0,0.0
bull_to_neutral,0.12,0.93,,,0,66,66,0.5909090909090909,0.37714285714285717,0.5833333333333334,0.5952380952380952,0.5909090909090909,0.37714285714285717,0.5833333333333334,0.5952380952380952,0.0,0.0,0.0,0.0
bull_to_bear,0.12,0.93,,,0,66,66,0.5909090909090909,0.37714285714285717,0.5833333333333334,0.5952380952380952,0.5909090909090909,0.37714285714285717,0.5833333333333334,0.5952380952380952,0.0,0.0,0.0,0.0
bull_to_neutral,0.12,0.93,,0.0,0,66,66,0.5909090909090909,0.37714285714285717,0.5833333333333334,0.5952380952380952,0.5909090909090909,0.37714285714285717,0.5833333333333334,0.5952380952380952,0.0,0.0,0.0,0.0
bull_to_bear,0.12,0.93,,0.0,0,66,66,0.5909090909090909,0.37714285714285717,0.5833333333333334,0.5952380952380952,0.5909090909090909,0.37714285714285717,0.5833333333333334,0.5952380952380952,0.0,0.0,0.0,0.0
bull_to_neutral,0.12,0.93,,-0.05,0,66,66,0.5909090909090909,0.37714285714285717,0.5833333333333334,0.5952380952380952,0.5909090909090909,0.37714285714285717,0.5833333333333334,0.5952380952380952,0.0,0.0,0.0,0.0
bull_to_bear,0.12,0.93,,-0.05,0,66,66,0.5909090909090909,0.37714285714285717,0.5833333333333334,0.5952380952380952,0.5909090909090909,0.37714285714285717,0.5833333333333334,0.5952380952380952,0.0,0.0,0.0,0.0
bull_to_neutral,0.12,0.93,,-0.1,0,66,66,0.5909090909090909,0.37714285714285717,0.5833333333333334,0.5952380952380952,0.5909090909090909,0.37714285714285717,0.5833333333333334,0.5952380952380952,0.0,0.0,0.0,0.0
bull_to_bear,0.12,0.93,,-0.1,0,66,66,0.5909090909090909,0.37714285714285717,0.5833333333333334,0.5952380952380952,0.5909090909090909,0.37714285714285717,0.5833333333333334,0.5952380952380952,0.0,0.0,0.0,0.0
bull_to_neutral,0.12,0.93,0.0,,0,66,66,0.5909090909090909,0.37714285714285717,0.5833333333333334,0.5952380952380952,0.5909090909090909,0.37714285714285717,0.5833333333333334,0.5952380952380952,0.0,0.0,0.0,0.0
bull_to_bear,0.12,0.93,0.0,,0,66,66,0.5909090909090909,0.37714285714285717,0.5833333333333334,0.5952380952380952,0.5909090909090909,0.37714285714285717,0.5833333333333334,0.5952380952380952,0.0,0.0,0.0,0.0
bull_to_neutral,0.12,0.93,0.0,0.0,0,66,66,0.5909090909090909,0.37714285714285717,0.5833333333333334,0.5952380952380952,0.5909090909090909,0.37714285714285717,0.5833333333333334,0.5952380952380952,0.0,0.0,0.0,0.0
bull_to_bear,0.12,0.93,0.0,0.0,0,66,66,0.5909090909090909,0.37714285714285717,0.5833333333333334,0.5952380952380952,0.5909090909090909,0.37714285714285717,0.5833333333333334,0.5952380952380952,0.0,0.0,0.0,0.0
bull_to_neutral,0.12,0.93,0.0,-0.05,0,66,66,0.5909090909090909,0.37714285714285717,0.5833333333333334,0.5952380952380952,0.5909090909090909,0.37714285714285717,0.5833333333333334,0.5952380952380952,0.0,0.0,0.0,0.0
bull_to_bear,0.12,0.93,0.0,-0.05,0,66,66,0.5909090909090909,0.37714285714285717,0.5833333333333334,0.5952380952380952,0.5909090909090909,0.37714285714285717,0.5833333333333334,0.5952380952380952,0.0,0.0,0.0,0.0
bull_to_neutral,0.12,0.93,0.0,-0.1,0,66,66,0.5909090909090909,0.37714285714285717,0.5833333333333334,0.5952380952380952,0.5909090909090909,0.37714285714285717,0.5833333333333334,0.5952380952380952,0.0,0.0,0.0,0.0
bull_to_bear,0.12,0.93,0.0,-0.1,0,66,66,0.5909090909090909,0.37714285714285717,0.5833333333333334,0.5952380952380952,0.5909090909090909,0.37714285714285717,0.5833333333333334,0.5952380952380952,0.0,0.0,0.0,0.0
bull_to_neutral,0.12,0.93,5.0,,0,66,66,0.5909090909090909,0.37714285714285717,0.5833333333333334,0.5952380952380952,0.5909090909090909,0.37714285714285717,0.5833333333333334,0.5952380952380952,0.0,0.0,0.0,0.0
bull_to_bear,0.12,0.93,5.0,,0,66,66,0.5909090909090909,0.37714285714285717,0.5833333333333334,0.5952380952380952,0.5909090909090909,0.37714285714285717,0.5833333333333334,0.5952380952380952,0.0,0.0,0.0,0.0
bull_to_neutral,0.12,0.93,5.0,0.0,0,66,66,0.5909090909090909,0.37714285714285717,0.5833333333333334,0.5952380952380952,0.5909090909090909,0.37714285714285717,0.5833333333333334,0.5952380952380952,0.0,0.0,0.0,0.0
bull_to_bear,0.12,0.93,5.0,0.0,0,66,66,0.5909090909090909,0.37714285714285717,0.5833333333333334,0.5952380952380952,0.5909090909090909,0.37714285714285717,0.5833333333333334,0.5952380952380952,0.0,0.0,0.0,0.0
bull_to_neutral,0.12,0.93,5.0,-0.05,0,66,66,0.5909090909090909,0.37714285714285717,0.5833333333333334,0.5952380952380952,0.5909090909090909,0.37714285714285717,0.5833333333333334,0.5952380952380952,0.0,0.0,0.0,0.0
bull_to_bear,0.12,0.93,5.0,-0.05,0,66,66,0.5909090909090909,0.37714285714285717,0.5833333333333334,0.5952380952380952,0.5909090909090909,0.37714285714285717,0.5833333333333334,0.5952380952380952,0.0,0.0,0.0,0.0
bull_to_neutral,0.12,0.93,5.0,-0.1,0,66,66,0.5909090909090909,0.37714285714285717,0.5833333333333334,0.5952380952380952,0.5909090909090909,0.37714285714285717,0.5833333333333334,0.5952380952380952,0.0,0.0,0.0,0.0
bull_to_bear,0.12,0.93,5.0,-0.1,0,66,66,0.5909090909090909,0.37714285714285717,0.5833333333333334,0.5952380952380952,0.5909090909090909,0.37714285714285717,0.5833333333333334,0.5952380952380952,0.0,0.0,0.0,0.0
bull_to_neutral,0.12,0.93,10.0,,0,66,66,0.5909090909090909,0.37714285714285717,0.5833333333333334,0.5952380952380952,0.5909090909090909,0.37714285714285717,0.5833333333333334,0.5952380952380952,0.0,0.0,0.0,0.0
bull_to_bear,0.12,0.93,10.0,,0,66,66,0.5909090909090909,0.37714285714285717,0.5833333333333334,0.5952380952380952,0.5909090909090909,0.37714285714285717,0.5833333333333334,0.5952380952380952,0.0,0.0,0.0,0.0
bull_to_neutral,0.12,0.93,10.0,0.0,0,66,66,0.5909090909090909,0.37714285714285717,0.5833333333333334,0.5952380952380952,0.5909090909090909,0.37714285714285717,0.5833333333333334,0.5952380952380952,0.0,0.0,0.0,0.0
bull_to_bear,0.12,0.93,10.0,0.0,0,66,66,0.5909090909090909,0.37714285714285717,0.5833333333333334,0.5952380952380952,0.5909090909090909,0.37714285714285717,0.5833333333333334,0.5952380952380952,0.0,0.0,0.0,0.0
bull_to_neutral,0.12,0.93,10.0,-0.05,0,66,66,0.5909090909090909,0.37714285714285717,0.5833333333333334,0.5952380952380952,0.5909090909090909,0.37714285714285717,0.5833333333333334,0.5952380952380952,0.0,0.0,0.0,0.0
bull_to_bear,0.12,0.93,10.0,-0.05,0,66,66,0.5909090909090909,0.37714285714285717,0.5833333333333334,0.5952380952380952,0.5909090909090909,0.37714285714285717,0.5833333333333334,0.5952380952380952,0.0,0.0,0.0,0.0
bull_to_neutral,0.12,0.93,10.0,-0.1,0,66,66,0.5909090909090909,0.37714285714285717,0.5833333333333334,0.5952380952380952,0.5909090909090909,0.37714285714285717,0.5833333333333334,0.5952380952380952,0.0,0.0,0.0,0.0
bull_to_bear,0.12,0.93,10.0,-0.1,0,66,66,0.5909090909090909,0.37714285714285717,0.5833333333333334,0.5952380952380952,0.5909090909090909,0.37714285714285717,0.5833333333333334,0.5952380952380952,0.0,0.0,0.0,0.0
bull_to_neutral,0.12,0.93,15.0,,0,66,66,0.5909090909090909,0.37714285714285717,0.5833333333333334,0.5952380952380952,0.5909090909090909,0.37714285714285717,0.5833333333333334,0.5952380952380952,0.0,0.0,0.0,0.0
bull_to_bear,0.12,0.93,15.0,,0,66,66,0.5909090909090909,0.37714285714285717,0.5833333333333334,0.5952380952380952,0.5909090909090909,0.37714285714285717,0.5833333333333334,0.5952380952380952,0.0,0.0,0.0,0.0
bull_to_neutral,0.12,0.93,15.0,0.0,0,66,66,0.5909090909090909,0.37714285714285717,0.5833333333333334,0.5952380952380952,0.5909090909090909,0.37714285714285717,0.5833333333333334,0.5952380952380952,0.0,0.0,0.0,0.0
bull_to_bear,0.12,0.93,15.0,0.0,0,66,66,0.5909090909090909,0.37714285714285717,0.5833333333333334,0.5952380952380952,0.5909090909090909,0.37714285714285717,0.5833333333333334,0.5952380952380952,0.0,0.0,0.0,0.0
bull_to_neutral,0.12,0.93,15.0,-0.05,0,66,66,0.5909090909090909,0.37714285714285717,0.5833333333333334,0.5952380952380952,0.5909090909090909,0.37714285714285717,0.5833333333333334,0.5952380952380952,0.0,0.0,0.0,0.0
bull_to_bear,0.12,0.93,15.0,-0.05,0,66,66,0.5909090909090909,0.37714285714285717,0.5833333333333334,0.5952380952380952,0.5909090909090909,0.37714285714285717,0.5833333333333334,0.5952380952380952,0.0,0.0,0.0,0.0
bull_to_neutral,0.12,0.93,15.0,-0.1,0,66,66,0.5909090909090909,0.37714285714285717,0.5833333333333334,0.5952380952380952,0.5909090909090909,0.37714285714285717,0.5833333333333334,0.5952380952380952,0.0,0.0,0.0,0.0
bull_to_bear,0.12,0.93,15.0,-0.1,0,66,66,0.5909090909090909,0.37714285714285717,0.5833333333333334,0.5952380952380952,0.5909090909090909,0.37714285714285717,0.5833333333333334,0.5952380952380952,0.0,0.0,0.0,0.0
bull_to_neutral,0.12,0.9,,,0,66,66,0.5909090909090909,0.37714285714285717,0.5833333333333334,0.5952380952380952,0.5909090909090909,0.37714285714285717,0.5833333333333334,0.5952380952380952,0.0,0.0,0.0,0.0
bull_to_bear,0.12,0.9,,,0,66,66,0.5909090909090909,0.37714285714285717,0.5833333333333334,0.5952380952380952,0.5909090909090909,0.37714285714285717,0.5833333333333334,0.5952380952380952,0.0,0.0,0.0,0.0
bull_to_neutral,0.12,0.9,,0.0,0,66,66,0.5909090909090909,0.37714285714285717,0.5833333333333334,0.5952380952380952,0.5909090909090909,0.37714285714285717,0.5833333333333334,0.5952380952380952,0.0,0.0,0.0,0.0
bull_to_bear,0.12,0.9,,0.0,0,66,66,0.5909090909090909,0.37714285714285717,0.5833333333333334,0.5952380952380952,0.5909090909090909,0.37714285714285717,0.5833333333333334,0.5952380952380952,0.0,0.0,0.0,0.0
bull_to_neutral,0.12,0.9,,-0.05,0,66,66,0.5909090909090909,0.37714285714285717,0.5833333333333334,0.5952380952380952,0.5909090909090909,0.37714285714285717,0.5833333333333334,0.5952380952380952,0.0,0.0,0.0,0.0
bull_to_bear,0.12,0.9,,-0.05,0,66,66,0.5909090909090909,0.37714285714285717,0.5833333333333334,0.5952380952380952,0.5909090909090909,0.37714285714285717,0.5833333333333334,0.5952380952380952,0.0,0.0,0.0,0.0
bull_to_neutral,0.12,0.9,,-0.1,0,66,66,0.5909090909090909,0.37714285714285717,0.5833333333333334,0.5952380952380952,0.5909090909090909,0.37714285714285717,0.5833333333333334,0.5952380952380952,0.0,0.0,0.0,0.0
bull_to_bear,0.12,0.9,,-0.1,0,66,66,0.5909090909090909,0.37714285714285717,0.5833333333333334,0.5952380952380952,0.5909090909090909,0.37714285714285717,0.5833333333333334,0.5952380952380952,0.0,0.0,0.0,0.0
bull_to_neutral,0.12,0.9,0.0,,0,66,66,0.5909090909090909,0.37714285714285717,0.5833333333333334,0.5952380952380952,0.5909090909090909,0.37714285714285717,0.5833333333333334,0.5952380952380952,0.0,0.0,0.0,0.0
bull_to_bear,0.12,0.9,0.0,,0,66,66,0.5909090909090909,0.37714285714285717,0.5833333333333334,0.5952380952380952,0.5909090909090909,0.37714285714285717,0.5833333333333334,0.5952380952380952,0.0,0.0,0.0,0.0
bull_to_neutral,0.12,0.9,0.0,0.0,0,66,66,0.5909090909090909,0.37714285714285717,0.5833333333333334,0.5952380952380952,0.5909090909090909,0.37714285714285717,0.5833333333333334,0.5952380952380952,0.0,0.0,0.0,0.0
bull_to_bear,0.12,0.9,0.0,0.0,0,66,66,0.5909090909090909,0.37714285714285717,0.5833333333333334,0.5952380952380952,0.5909090909090909,0.37714285714285717,0.5833333333333334,0.5952380952380952,0.0,0.0,0.0,0.0
bull_to_neutral,0.12,0.9,0.0,-0.05,0,66,66,0.5909090909090909,0.37714285714285717,0.5833333333333334,0.5952380952380952,0.5909090909090909,0.37714285714285717,0.5833333333333334,0.5952380952380952,0.0,0.0,0.0,0.0
bull_to_bear,0.12,0.9,0.0,-0.05,0,66,66,0.5909090909090909,0.37714285714285717,0.5833333333333334,0.5952380952380952,0.5909090909090909,0.37714285714285717,0.5833333333333334,0.5952380952380952,0.0,0.0,0.0,0.0
bull_to_neutral,0.12,0.9,0.0,-0.1,0,66,66,0.5909090909090909,0.37714285714285717,0.5833333333333334,0.5952380952380952,0.5909090909090909,0.37714285714285717,0.5833333333333334,0.5952380952380952,0.0,0.0,0.0,0.0
bull_to_bear,0.12,0.9,0.0,-0.1,0,66,66,0.5909090909090909,0.37714285714285717,0.5833333333333334,0.5952380952380952,0.5909090909090909,0.37714285714285717,0.5833333333333334,0.5952380952380952,0.0,0.0,0.0,0.0
bull_to_neutral,0.12,0.9,5.0,,0,66,66,0.5909090909090909,0.37714285714285717,0.5833333333333334,0.5952380952380952,0.5909090909090909,0.37714285714285717,0.5833333333333334,0.5952380952380952,0.0,0.0,0.0,0.0
bull_to_bear,0.12,0.9,5.0,,0,66,66,0.5909090909090909,0.37714285714285717,0.5833333333333334,0.5952380952380952,0.5909090909090909,0.37714285714285717,0.5833333333333334,0.5952380952380952,0.0,0.0,0.0,0.0
bull_to_neutral,0.12,0.9,5.0,0.0,0,66,66,0.5909090909090909,0.37714285714285717,0.5833333333333334,0.5952380952380952,0.5909090909090909,0.37714285714285717,0.5833333333333334,0.5952380952380952,0.0,0.0,0.0,0.0
bull_to_bear,0.12,0.9,5.0,0.0,0,66,66,0.5909090909090909,0.37714285714285717,0.5833333333333334,0.5952380952380952,0.5909090909090909,0.37714285714285717,0.5833333333333334,0.5952380952380952,0.0,0.0,0.0,0.0
bull_to_neutral,0.12,0.9,5.0,-0.05,0,66,66,0.5909090909090909,0.37714285714285717,0.5833333333333334,0.5952380952380952,0.5909090909090909,0.37714285714285717,0.5833333333333334,0.5952380952380952,0.0,0.0,0.0,0.0
bull_to_bear,0.12,0.9,5.0,-0.05,0,66,66,0.5909090909090909,0.37714285714285717,0.5833333333333334,0.5952380952380952,0.5909090909090909,0.37714285714285717,0.5833333333333334,0.5952380952380952,0.0,0.0,0.0,0.0
bull_to_neutral,0.12,0.9,5.0,-0.1,0,66,66,0.5909090909090909,0.37714285714285717,0.5833333333333334,0.5952380952380952,0.5909090909090909,0.37714285714285717,0.5833333333333334,0.5952380952380952,0.0,0.0,0.0,0.0
bull_to_bear,0.12,0.9,5.0,-0.1,0,66,66,0.5909090909090909,0.37714285714285717,0.5833333333333334,0.5952380952380952,0.5909090909090909,0.37714285714285717,0.5833333333333334,0.5952380952380952,0.0,0.0,0.0,0.0
bull_to_neutral,0.12,0.9,10.0,,0,66,66,0.5909090909090909,0.37714285714285717,0.5833333333333334,0.5952380952380952,0.5909090909090909,0.37714285714285717,0.5833333333333334,0.5952380952380952,0.0,0.0,0.0,0.0
bull_to_bear,0.12,0.9,10.0,,0,66,66,0.5909090909090909,0.37714285714285717,0.5833333333333334,0.5952380952380952,0.5909090909090909,0.37714285714285717,0.5833333333333334,0.5952380952380952,0.0,0.0,0.0,0.0
bull_to_neutral,0.12,0.9,10.0,0.0,0,66,66,0.5909090909090909,0.37714285714285717,0.5833333333333334,0.5952380952380952,0.5909090909090909,0.37714285714285717,0.5833333333333334,0.5952380952380952,0.0,0.0,0.0,0.0
bull_to_bear,0.12,0.9,10.0,0.0,0,66,66,0.5909090909090909,0.37714285714285717,0.5833333333333334,0.5952380952380952,0.5909090909090909,0.37714285714285717,0.5833333333333334,0.5952380952380952,0.0,0.0,0.0,0.0
bull_to_neutral,0.12,0.9,10.0,-0.05,0,66,66,0.5909090909090909,0.37714285714285717,0.5833333333333334,0.5952380952380952,0.5909090909090909,0.37714285714285717,0.5833333333333334,0.5952380952380952,0.0,0.0,0.0,0.0
bull_to_bear,0.12,0.9,10.0,-0.05,0,66,66,0.5909090909090909,0.37714285714285717,0.5833333333333334,0.5952380952380952,0.5909090909090909,0.37714285714285717,0.5833333333333334,0.5952380952380952,0.0,0.0,0.0,0.0
bull_to_neutral,0.12,0.9,10.0,-0.1,0,66,66,0.5909090909090909,0.37714285714285717,0.5833333333333334,0.5952380952380952,0.5909090909090909,0.37714285714285717,0.5833333333333334,0.5952380952380952,0.0,0.0,0.0,0.0
bull_to_bear,0.12,0.9,10.0,-0.1,0,66,66,0.5909090909090909,0.37714285714285717,0.5833333333333334,0.5952380952380952,0.5909090909090909,0.37714285714285717,0.5833333333333334,0.5952380952380952,0.0,0.0,0.0,0.0
bull_to_neutral,0.12,0.9,15.0,,0,66,66,0.5909090909090909,0.37714285714285717,0.5833333333333334,0.5952380952380952,0.5909090909090909,0.37714285714285717,0.5833333333333334,0.5952380952380952,0.0,0.0,0.0,0.0
bull_to_bear,0.12,0.9,15.0,,0,66,66,0.5909090909090909,0.37714285714285717,0.5833333333333334,0.5952380952380952,0.5909090909090909,0.37714285714285717,0.5833333333333334,0.5952380952380952,0.0,0.0,0.0,0.0
bull_to_neutral,0.12,0.9,15.0,0.0,0,66,66,0.5909090909090909,0.37714285714285717,0.5833333333333334,0.5952380952380952,0.5909090909090909,0.37714285714285717,0.5833333333333334,0.5952380952380952,0.0,0.0,0.0,0.0
bull_to_bear,0.12,0.9,15.0,0.0,0,66,66,0.5909090909090909,0.37714285714285717,0.5833333333333334,0.5952380952380952,0.5909090909090909,0.37714285714285717,0.5833333333333334,0.5952380952380952,0.0,0.0,0.0,0.0
bull_to_neutral,0.12,0.9,15.0,-0.05,0,66,66,0.5909090909090909,0.37714285714285717,0.5833333333333334,0.5952380952380952,0.5909090909090909,0.37714285714285717,0.5833333333333334,0.5952380952380952,0.0,0.0,0.0,0.0
bull_to_bear,0.12,0.9,15.0,-0.05,0,66,66,0.5909090909090909,0.37714285714285717,0.5833333333333334,0.5952380952380952,0.5909090909090909,0.37714285714285717,0.5833333333333334,0.5952380952380952,0.0,0.0,0.0,0.0
bull_to_neutral,0.12,0.9,15.0,-0.1,0,66,66,0.5909090909090909,0.37714285714285717,0.5833333333333334,0.5952380952380952,0.5909090909090909,0.37714285714285717,0.5833333333333334,0.5952380952380952,0.0,0.0,0.0,0.0
bull_to_bear,0.12,0.9,15.0,-0.1,0,66,66,0.5909090909090909,0.37714285714285717,0.5833333333333334,0.5952380952380952,0.5909090909090909,0.37714285714285717,0.5833333333333334,0.5952380952380952,0.0,0.0,0.0,0.0
bull_to_neutral,0.14,1.0,,,4,62,66,0.5909090909090909,0.37714285714285717,0.5833333333333334,0.5952380952380952,0.5967741935483871,0.35428571428571426,0.6,0.5952380952380952,0.0058651026392961825,-0.02285714285714291,0.016666666666666607,0.0
bull_to_bear,0.14,1.0,,,4,66,66,0.5909090909090909,0.37714285714285717,0.5833333333333334,0.5952380952380952,0.5909090909090909,0.37714285714285717,0.6,0.5869565217391305,0.0,0.0,0.016666666666666607,-0.008281573498964745
bull_to_neutral,0.14,1.0,,0.0,4,62,66,0.5909090909090909,0.37714285714285717,0.5833333333333334,0.5952380952380952,0.5967741935483871,0.35428571428571426,0.6,0.5952380952380952,0.0058651026392961825,-0.02285714285714291,0.016666666666666607,0.0
bull_to_bear,0.14,1.0,,0.0,4,66,66,0.5909090909090909,0.37714285714285717,0.5833333333333334,0.5952380952380952,0.5909090909090909,0.37714285714285717,0.6,0.5869565217391305,0.0,0.0,0.016666666666666607,-0.008281573498964745
bull_to_neutral,0.14,1.0,,-0.05,3,63,66,0.5909090909090909,0.37714285714285717,0.5833333333333334,0.5952380952380952,0.5873015873015873,0.36,0.5714285714285714,0.5952380952380952,-0.003607503607503615,-0.017142857142857182,-0.011904761904761973,0.0
bull_to_bear,0.14,1.0,,-0.05,3,66,66,0.5909090909090909,0.37714285714285717,0.5833333333333334,0.5952380952380952,0.5757575757575758,0.37714285714285717,0.5714285714285714,0.5777777777777777,-0.015151515151515138,0.0,-0.011904761904761973,-0.01746031746031751
bull_to_neutral,0.14,1.0,,-0.1,3,63,66,0.5909090909090909,0.37714285714285717,0.5833333333333334,0.5952380952380952,0.5873015873015873,0.36,0.5714285714285714,0.5952380952380952,-0.003607503607503615,-0.017142857142857182,-0.011904761904761973,0.0
bull_to_bear,0.14,1.0,,-0.1,3,66,66,0.5909090909090909,0.37714285714285717,0.5833333333333334,0.5952380952380952,0.5757575757575758,0.37714285714285717,0.5714285714285714,0.5777777777777777,-0.015151515151515138,0.0,-0.011904761904761973,-0.01746031746031751
bull_to_neutral,0.14,1.0,0.0,,2,64,66,0.5909090909090909,0.37714285714285717,0.5833333333333334,0.5952380952380952,0.59375,0.3657142857142857,0.5909090909090909,0.5952380952380952,0.0028409090909090606,-0.011428571428571455,0.007575757575757569,0.0
bull_to_bear,0.14,1.0,0.0,,2,66,66,0.5909090909090909,0.37714285714285717,0.5833333333333334,0.5952380952380952,0.5909090909090909,0.37714285714285717,0.5909090909090909,0.5909090909090909,0.0,0.0,0.007575757575757569,-0.0043290043290042934
bull_to_neutral,0.14,1.0,0.0,0.0,2,64,66,0.5909090909090909,0.37714285714285717,0.5833333333333334,0.5952380952380952,0.59375,0.3657142857142857,0.5909090909090909,0.5952380952380952,0.0028409090909090606,-0.011428571428571455,0.007575757575757569,0.0
bull_to_bear,0.14,1.0,0.0,0.0,2,66,66,0.5909090909090909,0.37714285714285717,0.5833333333333334,0.5952380952380952,0.5909090909090909,0.37714285714285717,0.5909090909090909,0.5909090909090909,0.0,0.0,0.007575757575757569,-0.0043290043290042934
bull_to_neutral,0.14,1.0,0.0,-0.05,2,64,66,0.5909090909090909,0.37714285714285717,0.5833333333333334,0.5952380952380952,0.59375,0.3657142857142857,0.5909090909090909,0.5952380952380952,0.0028409090909090606,-0.011428571428571455,0.007575757575757569,0.0
bull_to_bear,0.14,1.0,0.0,-0.05,2,66,66,0.5909090909090909,0.37714285714285717,0.5833333333333334,0.5952380952380952,0.5909090909090909,0.37714285714285717,0.5909090909090909,0.5909090909090909,0.0,0.0,0.007575757575757569,-0.0043290043290042934
bull_to_neutral,0.14,1.0,0.0,-0.1,2,64,66,0.5909090909090909,0.37714285714285717,0.5833333333333334,0.5952380952380952,0.59375,0.3657142857142857,0.5909090909090909,0.5952380952380952,0.0028409090909090606,-0.011428571428571455,0.007575757575757569,0.0
bull_to_bear,0.14,1.0,0.0,-0.1,2,66,66,0.5909090909090909,0.37714285714285717,0.5833333333333334,0.5952380952380952,0.5909090909090909,0.37714285714285717,0.5909090909090909,0.5909090909090909,0.0,0.0,0.007575757575757569,-0.0043290043290042934
bull_to_neutral,0.14,1.0,5.0,,2,64,66,0.5909090909090909,0.37714285714285717,0.5833333333333334,0.5952380952380952,0.59375,0.3657142857142857,0.5909090909090909,0.5952380952380952,0.0028409090909090606,-0.011428571428571455,0.007575757575757569,0.0
bull_to_bear,0.14,1.0,5.0,,2,66,66,0.5909090909090909,0.37714285714285717,0.5833333333333334,0.5952380952380952,0.5909090909090909,0.37714285714285717,0.5909090909090909,0.5909090909090909,0.0,0.0,0.007575757575757569,-0.0043290043290042934
bull_to_neutral,0.14,1.0,5.0,0.0,2,64,66,0.5909090909090909,0.37714285714285717,0.5833333333333334,0.5952380952380952,0.59375,0.3657142857142857,0.5909090909090909,0.5952380952380952,0.0028409090909090606,-0.011428571428571455,0.007575757575757569,0.0
bull_to_bear,0.14,1.0,5.0,0.0,2,66,66,0.5909090909090909,0.37714285714285717,0.5833333333333334,0.5952380952380952,0.5909090909090909,0.37714285714285717,0.5909090909090909,0.5909090909090909,0.0,0.0,0.007575757575757569,-0.0043290043290042934
bull_to_neutral,0.14,1.0,5.0,-0.05,2,64,66,0.5909090909090909,0.37714285714285717,0.5833333333333334,0.5952380952380952,0.59375,0.3657142857142857,0.5909090909090909,0.5952380952380952,0.0028409090909090606,-0.011428571428571455,0.007575757575757569,0.0
bull_to_bear,0.14,1.0,5.0,-0.05,2,66,66,0.5909090909090909,0.37714285714285717,0.5833333333333334,0.5952380952380952,0.5909090909090909,0.37714285714285717,0.5909090909090909,0.5909090909090909,0.0,0.0,0.007575757575757569,-0.0043290043290042934
bull_to_neutral,0.14,1.0,5.0,-0.1,2,64,66,0.5909090909090909,0.37714285714285717,0.5833333333333334,0.5952380952380952,0.59375,0.3657142857142857,0.5909090909090909,0.5952380952380952,0.0028409090909090606,-0.011428571428571455,0.007575757575757569,0.0
bull_to_bear,0.14,1.0,5.0,-0.1,2,66,66,0.5909090909090909,0.37714285714285717,0.5833333333333334,0.5952380952380952,0.5909090909090909,0.37714285714285717,0.5909090909090909,0.5909090909090909,0.0,0.0,0.007575757575757569,-0.0043290043290042934
bull_to_neutral,0.14,1.0,10.0,,2,64,66,0.5909090909090909,0.37714285714285717,0.5833333333333334,0.5952380952380952,0.59375,0.3657142857142857,0.5909090909090909,0.5952380952380952,0.0028409090909090606,-0.011428571428571455,0.007575757575757569,0.0
bull_to_bear,0.14,1.0,10.0,,2,66,66,0.5909090909090909,0.37714285714285717,0.5833333333333334,0.5952380952380952,0.5909090909090909,0.37714285714285717,0.5909090909090909,0.5909090909090909,0.0,0.0,0.007575757575757569,-0.0043290043290042934
bull_to_neutral,0.14,1.0,10.0,0.0,2,64,66,0.5909090909090909,0.37714285714285717,0.5833333333333334,0.5952380952380952,0.59375,0.3657142857142857,0.5909090909090909,0.5952380952380952,0.0028409090909090606,-0.011428571428571455,0.007575757575757569,0.0
bull_to_bear,0.14,1.0,10.0,0.0,2,66,66,0.5909090909090909,0.37714285714285717,0.5833333333333334,0.5952380952380952,0.5909090909090909,0.37714285714285717,0.5909090909090909,0.5909090909090909,0.0,0.0,0.007575757575757569,-0.0043290043290042934
bull_to_neutral,0.14,1.0,10.0,-0.05,2,64,66,0.5909090909090909,0.37714285714285717,0.5833333333333334,0.5952380952380952,0.59375,0.3657142857142857,0.5909090909090909,0.5952380952380952,0.0028409090909090606,-0.011428571428571455,0.007575757575757569,0.0
bull_to_bear,0.14,1.0,10.0,-0.05,2,66,66,0.5909090909090909,0.37714285714285717,0.5833333333333334,0.5952380952380952,0.5909090909090909,0.37714285714285717,0.5909090909090909,0.5909090909090909,0.0,0.0,0.007575757575757569,-0.0043290043290042934
bull_to_neutral,0.14,1.0,10.0,-0.1,2,64,66,0.5909090909090909,0.37714285714285717,0.5833333333333334,0.5952380952380952,0.59375,0.3657142857142857,0.5909090909090909,0.5952380952380952,0.0028409090909090606,-0.011428571428571455,0.007575757575757569,0.0
bull_to_bear,0.14,1.0,10.0,-0.1,2,66,66,0.5909090909090909,0.37714285714285717,0.5833333333333334,0.5952380952380952,0.5909090909090909,0.37714285714285717,0.5909090909090909,0.5909090909090909,0.0,0.0,0.007575757575757569,-0.0043290043290042934
bull_to_neutral,0.14,1.0,15.0,,2,64,66,0.5909090909090909,0.37714285714285717,0.5833333333333334,0.5952380952380952,0.59375,0.3657142857142857,0.5909090909090909,0.5952380952380952,0.0028409090909090606,-0.011428571428571455,0.007575757575757569,0.0
bull_to_bear,0.14,1.0,15.0,,2,66,66,0.5909090909090909,0.37714285714285717,0.5833333333333334,0.5952380952380952,0.5909090909090909,0.37714285714285717,0.5909090909090909,0.5909090909090909,0.0,0.0,0.007575757575757569,-0.0043290043290042934
bull_to_neutral,0.14,1.0,15.0,0.0,2,64,66,0.5909090909090909,0.37714285714285717,0.5833333333333334,0.5952380952380952,0.59375,0.3657142857142857,0.5909090909090909,0.5952380952380952,0.0028409090909090606,-0.011428571428571455,0.007575757575757569,0.0
bull_to_bear,0.14,1.0,15.0,0.0,2,66,66,0.5909090909090909,0.37714285714285717,0.5833333333333334,0.5952380952380952,0.5909090909090909,0.37714285714285717,0.5909090909090909,0.5909090909090909,0.0,0.0,0.007575757575757569,-0.0043290043290042934
bull_to_neutral,0.14,1.0,15.0,-0.05,2,64,66,0.5909090909090909,0.37714285714285717,0.5833333333333334,0.5952380952380952,0.59375,0.3657142857142857,0.5909090909090909,0.5952380952380952,0.0028409090909090606,-0.011428571428571455,0.007575757575757569,0.0
bull_to_bear,0.14,1.0,15.0,-0.05,2,66,66,0.5909090909090909,0.37714285714285717,0.5833333333333334,0.5952380952380952,0.5909090909090909,0.37714285714285717,0.5909090909090909,0.5909090909090909,0.0,0.0,0.007575757575757569,-0.0043290043290042934
bull_to_neutral,0.14,1.0,15.0,-0.1,2,64,66,0.5909090909090909,0.37714285714285717,0.5833333333333334,0.5952380952380952,0.59375,0.3657142857142857,0.5909090909090909,0.5952380952380952,0.0028409090909090606,-0.011428571428571455,0.007575757575757569,0.0
bull_to_bear,0.14,1.0,15.0,-0.1,2,66,66,0.5909090909090909,0.37714285714285717,0.5833333333333334,0.5952380952380952,0.5909090909090909,0.37714285714285717,0.5909090909090909,0.5909090909090909,0.0,0.0,0.007575757575757569,-0.0043290043290042934
bull_to_neutral,0.14,0.99,,,0,66,66,0.5909090909090909,0.37714285714285717,0.5833333333333334,0.5952380952380952,0.5909090909090909,0.37714285714285717,0.5833333333333334,0.5952380952380952,0.0,0.0,0.0,0.0
bull_to_bear,0.14,0.99,,,0,66,66,0.5909090909090909,0.37714285714285717,0.5833333333333334,0.5952380952380952,0.5909090909090909,0.37714285714285717,0.5833333333333334,0.5952380952380952,0.0,0.0,0.0,0.0
bull_to_neutral,0.14,0.99,,0.0,0,66,66,0.5909090909090909,0.37714285714285717,0.5833333333333334,0.5952380952380952,0.5909090909090909,0.37714285714285717,0.5833333333333334,0.5952380952380952,0.0,0.0,0.0,0.0
bull_to_bear,0.14,0.99,,0.0,0,66,66,0.5909090909090909,0.37714285714285717,0.5833333333333334,0.5952380952380952,0.5909090909090909,0.37714285714285717,0.5833333333333334,0.5952380952380952,0.0,0.0,0.0,0.0
bull_to_neutral,0.14,0.99,,-0.05,0,66,66,0.5909090909090909,0.37714285714285717,0.5833333333333334,0.5952380952380952,0.5909090909090909,0.37714285714285717,0.5833333333333334,0.5952380952380952,0.0,0.0,0.0,0.0
bull_to_bear,0.14,0.99,,-0.05,0,66,66,0.5909090909090909,0.37714285714285717,0.5833333333333334,0.5952380952380952,0.5909090909090909,0.37714285714285717,0.5833333333333334,0.5952380952380952,0.0,0.0,0.0,0.0
bull_to_neutral,0.14,0.99,,-0.1,0,66,66,0.5909090909090909,0.37714285714285717,0.5833333333333334,0.5952380952380952,0.5909090909090909,0.37714285714285717,0.5833333333333334,0.5952380952380952,0.0,0.0,0.0,0.0
bull_to_bear,0.14,0.99,,-0.1,0,66,66,0.5909090909090909,0.37714285714285717,0.5833333333333334,0.5952380952380952,0.5909090909090909,0.37714285714285717,0.5833333333333334,0.5952380952380952,0.0,0.0,0.0,0.0
bull_to_neutral,0.14,0.99,0.0,,0,66,66,0.5909090909090909,0.37714285714285717,0.5833333333333334,0.5952380952380952,0.5909090909090909,0.37714285714285717,0.5833333333333334,0.5952380952380952,0.0,0.0,0.0,0.0
bull_to_bear,0.14,0.99,0.0,,0,66,66,0.5909090909090909,0.37714285714285717,0.5833333333333334,0.5952380952380952,0.5909090909090909,0.37714285714285717,0.5833333333333334,0.5952380952380952,0.0,0.0,0.0,0.0
bull_to_neutral,0.14,0.99,0.0,0.0,0,66,66,0.5909090909090909,0.37714285714285717,0.5833333333333334,0.5952380952380952,0.5909090909090909,0.37714285714285717,0.5833333333333334,0.5952380952380952,0.0,0.0,0.0,0.0
bull_to_bear,0.14,0.99,0.0,0.0,0,66,66,0.5909090909090909,0.37714285714285717,0.5833333333333334,0.5952380952380952,0.5909090909090909,0.37714285714285717,0.5833333333333334,0.5952380952380952,0.0,0.0,0.0,0.0
bull_to_neutral,0.14,0.99,0.0,-0.05,0,66,66,0.5909090909090909,0.37714285714285717,0.5833333333333334,0.5952380952380952,0.5909090909090909,0.37714285714285717,0.5833333333333334,0.5952380952380952,0.0,0.0,0.0,0.0
bull_to_bear,0.14,0.99,0.0,-0.05,0,66,66,0.5909090909090909,0.37714285714285717,0.5833333333333334,0.5952380952380952,0.5909090909090909,0.37714285714285717,0.5833333333333334,0.5952380952380952,0.0,0.0,0.0,0.0
bull_to_neutral,0.14,0.99,0.0,-0.1,0,66,66,0.5909090909090909,0.37714285714285717,0.5833333333333334,0.5952380952380952,0.5909090909090909,0.37714285714285717,0.5833333333333334,0.5952380952380952,0.0,0.0,0.0,0.0
bull_to_bear,0.14,0.99,0.0,-0.1,0,66,66,0.5909090909090909,0.37714285714285717,0.5833333333333334,0.5952380952380952,0.5909090909090909,0.37714285714285717,0.5833333333333334,0.5952380952380952,0.0,0.0,0.0,0.0
bull_to_neutral,0.14,0.99,5.0,,0,66,66,0.5909090909090909,0.37714285714285717,0.5833333333333334,0.5952380952380952,0.5909090909090909,0.37714285714285717,0.5833333333333334,0.5952380952380952,0.0,0.0,0.0,0.0
bull_to_bear,0.14,0.99,5.0,,0,66,66,0.5909090909090909,0.37714285714285717,0.5833333333333334,0.5952380952380952,0.5909090909090909,0.37714285714285717,0.5833333333333334,0.5952380952380952,0.0,0.0,0.0,0.0
bull_to_neutral,0.14,0.99,5.0,0.0,0,66,66,0.5909090909090909,0.37714285714285717,0.5833333333333334,0.5952380952380952,0.5909090909090909,0.37714285714285717,0.5833333333333334,0.5952380952380952,0.0,0.0,0.0,0.0
bull_to_bear,0.14,0.99,5.0,0.0,0,66,66,0.5909090909090909,0.37714285714285717,0.5833333333333334,0.5952380952380952,0.5909090909090909,0.37714285714285717,0.5833333333333334,0.5952380952380952,0.0,0.0,0.0,0.0
bull_to_neutral,0.14,0.99,5.0,-0.05,0,66,66,0.5909090909090909,0.37714285714285717,0.5833333333333334,0.5952380952380952,0.5909090909090909,0.37714285714285717,0.5833333333333334,0.5952380952380952,0.0,0.0,0.0,0.0
bull_to_bear,0.14,0.99,5.0,-0.05,0,66,66,0.5909090909090909,0.37714285714285717,0.5833333333333334,0.5952380952380952,0.5909090909090909,0.37714285714285717,0.5833333333333334,0.5952380952380952,0.0,0.0,0.0,0.0
bull_to_neutral,0.14,0.99,5.0,-0.1,0,66,66,0.5909090909090909,0.37714285714285717,0.5833333333333334,0.5952380952380952,0.5909090909090909,0.37714285714285717,0.5833333333333334,0.5952380952380952,0.0,0.0,0.0,0.0
bull_to_bear,0.14,0.99,5.0,-0.1,0,66,66,0.5909090909090909,0.37714285714285717,0.5833333333333334,0.5952380952380952,0.5909090909090909,0.37714285714285717,0.5833333333333334,0.5952380952380952,0.0,0.0,0.0,0.0
bull_to_neutral,0.14,0.99,10.0,,0,66,66,0.5909090909090909,0.37714285714285717,0.5833333333333334,0.5952380952380952,0.5909090909090909,0.37714285714285717,0.5833333333333334,0.5952380952380952,0.0,0.0,0.0,0.0
bull_to_bear,0.14,0.99,10.0,,0,66,66,0.5909090909090909,0.37714285714285717,0.5833333333333334,0.5952380952380952,0.5909090909090909,0.37714285714285717,0.5833333333333334,0.5952380952380952,0.0,0.0,0.0,0.0
bull_to_neutral,0.14,0.99,10.0,0.0,0,66,66,0.5909090909090909,0.37714285714285717,0.5833333333333334,0.5952380952380952,0.5909090909090909,0.37714285714285717,0.5833333333333334,0.5952380952380952,0.0,0.0,0.0,0.0
bull_to_bear,0.14,0.99,10.0,0.0,0,66,66,0.5909090909090909,0.37714285714285717,0.5833333333333334,0.5952380952380952,0.5909090909090909,0.37714285714285717,0.5833333333333334,0.5952380952380952,0.0,0.0,0.0,0.0
bull_to_neutral,0.14,0.99,10.0,-0.05,0,66,66,0.5909090909090909,0.37714285714285717,0.5833333333333334,0.5952380952380952,0.5909090909090909,0.37714285714285717,0.5833333333333334,0.5952380952380952,0.0,0.0,0.0,0.0
bull_to_bear,0.14,0.99,10.0,-0.05,0,66,66,0.5909090909090909,0.37714285714285717,0.5833333333333334,0.5952380952380952,0.5909090909090909,0.37714285714285717,0.5833333333333334,0.5952380952380952,0.0,0.0,0.0,0.0
bull_to_neutral,0.14,0.99,10.0,-0.1,0,66,66,0.5909090909090909,0.37714285714285717,0.5833333333333334,0.5952380952380952,0.5909090909090909,0.37714285714285717,0.5833333333333334,0.5952380952380952,0.0,0.0,0.0,0.0
bull_to_bear,0.14,0.99,10.0,-0.1,0,66,66,0.5909090909090909,0.37714285714285717,0.5833333333333334,0.5952380952380952,0.5909090909090909,0.37714285714285717,0.5833333333333334,0.5952380952380952,0.0,0.0,0.0,0.0
bull_to_neutral,0.14,0.99,15.0,,0,66,66,0.5909090909090909,0.37714285714285717,0.5833333333333334,0.5952380952380952,0.5909090909090909,0.37714285714285717,0.5833333333333334,0.5952380952380952,0.0,0.0,0.0,0.0
bull_to_bear,0.14,0.99,15.0,,0,66,66,0.5909090909090909,0.37714285714285717,0.5833333333333334,0.5952380952380952,0.5909090909090909,0.37714285714285717,0.5833333333333334,0.5952380952380952,0.0,0.0,0.0,0.0
bull_to_neutral,0.14,0.99,15.0,0.0,0,66,66,0.5909090909090909,0.37714285714285717,0.5833333333333334,0.5952380952380952,0.5909090909090909,0.37714285714285717,0.5833333333333334,0.5952380952380952,0.0,0.0,0.0,0.0
bull_to_bear,0.14,0.99,15.0,0.0,0,66,66,0.5909090909090909,0.37714285714285717,0.5833333333333334,0.5952380952380952,0.5909090909090909,0.37714285714285717,0.5833333333333334,0.5952380952380952,0.0,0.0,0.0,0.0
bull_to_neutral,0.14,0.99,15.0,-0.05,0,66,66,0.5909090909090909,0.37714285714285717,0.5833333333333334,0.5952380952380952,0.5909090909090909,0.37714285714285717,0.5833333333333334,0.5952380952380952,0.0,0.0,0.0,0.0
bull_to_bear,0.14,0.99,15.0,-0.05,0,66,66,0.5909090909090909,0.37714285714285717,0.5833333333333334,0.5952380952380952,0.5909090909090909,0.37714285714285717,0.5833333333333334,0.5952380952380952,0.0,0.0,0.0,0.0
bull_to_neutral,0.14,0.99,15.0,-0.1,0,66,66,0.5909090909090909,0.37714285714285717,0.5833333333333334,0.5952380952380952,0.5909090909090909,0.37714285714285717,0.5833333333333334,0.5952380952380952,0.0,0.0,0.0,0.0
bull_to_bear,0.14,0.99,15.0,-0.1,0,66,66,0.5909090909090909,0.37714285714285717,0.5833333333333334,0.5952380952380952,0.5909090909090909,0.37714285714285717,0.5833333333333334,0.5952380952380952,0.0,0.0,0.0,0.0
bull_to_neutral,0.14,0.98,,,0,66,66,0.5909090909090909,0.37714285714285717,0.5833333333333334,0.5952380952380952,0.5909090909090909,0.37714285714285717,0.5833333333333334,0.5952380952380952,0.0,0.0,0.0,0.0
bull_to_bear,0.14,0.98,,,0,66,66,0.5909090909090909,0.37714285714285717,0.5833333333333334,0.5952380952380952,0.5909090909090909,0.37714285714285717,0.5833333333333334,0.5952380952380952,0.0,0.0,0.0,0.0
bull_to_neutral,0.14,0.98,,0.0,0,66,66,0.5909090909090909,0.37714285714285717,0.5833333333333334,0.5952380952380952,0.5909090909090909,0.37714285714285717,0.5833333333333334,0.5952380952380952,0.0,0.0,0.0,0.0
bull_to_bear,0.14,0.98,,0.0,0,66,66,0.5909090909090909,0.37714285714285717,0.5833333333333334,0.5952380952380952,0.5909090909090909,0.37714285714285717,0.5833333333333334,0.5952380952380952,0.0,0.0,0.0,0.0
bull_to_neutral,0.14,0.98,,-0.05,0,66,66,0.5909090909090909,0.37714285714285717,0.5833333333333334,0.5952380952380952,0.5909090909090909,0.37714285714285717,0.5833333333333334,0.5952380952380952,0.0,0.0,0.0,0.0
bull_to_bear,0.14,0.98,,-0.05,0,66,66,0.5909090909090909,0.37714285714285717,0.5833333333333334,0.5952380952380952,0.5909090909090909,0.37714285714285717,0.5833333333333334,0.5952380952380952,0.0,0.0,0.0,0.0
bull_to_neutral,0.14,0.98,,-0.1,0,66,66,0.5909090909090909,0.37714285714285717,0.5833333333333334,0.5952380952380952,0.5909090909090909,0.37714285714285717,0.5833333333333334,0.5952380952380952,0.0,0.0,0.0,0.0
bull_to_bear,0.14,0.98,,-0.1,0,66,66,0.5909090909090909,0.37714285714285717,0.5833333333333334,0.5952380952380952,0.5909090909090909,0.37714285714285717,0.5833333333333334,0.5952380952380952,0.0,0.0,0.0,0.0
bull_to_neutral,0.14,0.98,0.0,,0,66,66,0.5909090909090909,0.37714285714285717,0.5833333333333334,0.5952380952380952,0.5909090909090909,0.37714285714285717,0.5833333333333334,0.5952380952380952,0.0,0.0,0.0,0.0
bull_to_bear,0.14,0.98,0.0,,0,66,66,0.5909090909090909,0.37714285714285717,0.5833333333333334,0.5952380952380952,0.5909090909090909,0.37714285714285717,0.5833333333333334,0.5952380952380952,0.0,0.0,0.0,0.0
bull_to_neutral,0.14,0.98,0.0,0.0,0,66,66,0.5909090909090909,0.37714285714285717,0.5833333333333334,0.5952380952380952,0.5909090909090909,0.37714285714285717,0.5833333333333334,0.5952380952380952,0.0,0.0,0.0,0.0
bull_to_bear,0.14,0.98,0.0,0.0,0,66,66,0.5909090909090909,0.37714285714285717,0.5833333333333334,0.5952380952380952,0.5909090909090909,0.37714285714285717,0.5833333333333334,0.5952380952380952,0.0,0.0,0.0,0.0
bull_to_neutral,0.14,0.98,0.0,-0.05,0,66,66,0.5909090909090909,0.37714285714285717,0.5833333333333334,0.5952380952380952,0.5909090909090909,0.37714285714285717,0.5833333333333334,0.5952380952380952,0.0,0.0,0.0,0.0
bull_to_bear,0.14,0.98,0.0,-0.05,0,66,66,0.5909090909090909,0.37714285714285717,0.5833333333333334,0.5952380952380952,0.5909090909090909,0.37714285714285717,0.5833333333333334,0.5952380952380952,0.0,0.0,0.0,0.0
bull_to_neutral,0.14,0.98,0.0,-0.1,0,66,66,0.5909090909090909,0.37714285714285717,0.5833333333333334,0.5952380952380952,0.5909090909090909,0.37714285714285717,0.5833333333333334,0.5952380952380952,0.0,0.0,0.0,0.0
bull_to_bear,0.14,0.98,0.0,-0.1,0,66,66,0.5909090909090909,0.37714285714285717,0.5833333333333334,0.5952380952380952,0.5909090909090909,0.37714285714285717,0.5833333333333334,0.5952380952380952,0.0,0.0,0.0,0.0
bull_to_neutral,0.14,0.98,5.0,,0,66,66,0.5909090909090909,0.37714285714285717,0.5833333333333334,0.5952380952380952,0.5909090909090909,0.37714285714285717,0.5833333333333334,0.5952380952380952,0.0,0.0,0.0,0.0
bull_to_bear,0.14,0.98,5.0,,0,66,66,0.5909090909090909,0.37714285714285717,0.5833333333333334,0.5952380952380952,0.5909090909090909,0.37714285714285717,0.5833333333333334,0.5952380952380952,0.0,0.0,0.0,0.0
bull_to_neutral,0.14,0.98,5.0,0.0,0,66,66,0.5909090909090909,0.37714285714285717,0.5833333333333334,0.5952380952380952,0.5909090909090909,0.37714285714285717,0.5833333333333334,0.5952380952380952,0.0,0.0,0.0,0.0
bull_to_bear,0.14,0.98,5.0,0.0,0,66,66,0.5909090909090909,0.37714285714285717,0.5833333333333334,0.5952380952380952,0.5909090909090909,0.37714285714285717,0.5833333333333334,0.5952380952380952,0.0,0.0,0.0,0.0
bull_to_neutral,0.14,0.98,5.0,-0.05,0,66,66,0.5909090909090909,0.37714285714285717,0.5833333333333334,0.5952380952380952,0.5909090909090909,0.37714285714285717,0.5833333333333334,0.5952380952380952,0.0,0.0,0.0,0.0
bull_to_bear,0.14,0.98,5.0,-0.05,0,66,66,0.5909090909090909,0.37714285714285717,0.5833333333333334,0.5952380952380952,0.5909090909090909,0.37714285714285717,0.5833333333333334,0.5952380952380952,0.0,0.0,0.0,0.0
bull_to_neutral,0.14,0.98,5.0,-0.1,0,66,66,0.5909090909090909,0.37714285714285717,0.5833333333333334,0.5952380952380952,0.5909090909090909,0.37714285714285717,0.5833333333333334,0.5952380952380952,0.0,0.0,0.0,0.0
bull_to_bear,0.14,0.98,5.0,-0.1,0,66,66,0.5909090909090909,0.37714285714285717,0.5833333333333334,0.5952380952380952,0.5909090909090909,0.37714285714285717,0.5833333333333334,0.5952380952380952,0.0,0.0,0.0,0.0
bull_to_neutral,0.14,0.98,10.0,,0,66,66,0.5909090909090909,0.37714285714285717,0.5833333333333334,0.5952380952380952,0.5909090909090909,0.37714285714285717,0.5833333333333334,0.5952380952380952,0.0,0.0,0.0,0.0
bull_to_bear,0.14,0.98,10.0,,0,66,66,0.5909090909090909,0.37714285714285717,0.5833333333333334,0.5952380952380952,0.5909090909090909,0.37714285714285717,0.5833333333333334,0.5952380952380952,0.0,0.0,0.0,0.0
bull_to_neutral,0.14,0.98,10.0,0.0,0,66,66,0.5909090909090909,0.37714285714285717,0.5833333333333334,0.5952380952380952,0.5909090909090909,0.37714285714285717,0.5833333333333334,0.5952380952380952,0.0,0.0,0.0,0.0
bull_to_bear,0.14,0.98,10.0,0.0,0,66,66,0.5909090909090909,0.37714285714285717,0.5833333333333334,0.5952380952380952,0.5909090909090909,0.37714285714285717,0.5833333333333334,0.5952380952380952,0.0,0.0,0.0,0.0
bull_to_neutral,0.14,0.98,10.0,-0.05,0,66,66,0.5909090909090909,0.37714285714285717,0.5833333333333334,0.5952380952380952,0.5909090909090909,0.37714285714285717,0.5833333333333334,0.5952380952380952,0.0,0.0,0.0,0.0
bull_to_bear,0.14,0.98,10.0,-0.05,0,66,66,0.5909090909090909,0.37714285714285717,0.5833333333333334,0.5952380952380952,0.5909090909090909,0.37714285714285717,0.5833333333333334,0.5952380952380952,0.0,0.0,0.0,0.0
bull_to_neutral,0.14,0.98,10.0,-0.1,0,66,66,0.5909090909090909,0.37714285714285717,0.5833333333333334,0.5952380952380952,0.5909090909090909,0.37714285714285717,0.5833333333333334,0.5952380952380952,0.0,0.0,0.0,0.0
bull_to_bear,0.14,0.98,10.0,-0.1,0,66,66,0.5909090909090909,0.37714285714285717,0.5833333333333334,0.5952380952380952,0.5909090909090909,0.37714285714285717,0.5833333333333334,0.5952380952380952,0.0,0.0,0.0,0.0
bull_to_neutral,0.14,0.98,15.0,,0,66,66,0.5909090909090909,0.37714285714285717,0.5833333333333334,0.5952380952380952,0.5909090909090909,0.37714285714285717,0.5833333333333334,0.5952380952380952,0.0,0.0,0.0,0.0
bull_to_bear,0.14,0.98,15.0,,0,66,66,0.5909090909090909,0.37714285714285717,0.5833333333333334,0.5952380952380952,0.5909090909090909,0.37714285714285717,0.5833333333333334,0.5952380952380952,0.0,0.0,0.0,0.0
bull_to_neutral,0.14,0.98,15.0,0.0,0,66,66,0.5909090909090909,0.37714285714285717,0.5833333333333334,0.5952380952380952,0.5909090909090909,0.37714285714285717,0.5833333333333334,0.5952380952380952,0.0,0.0,0.0,0.0
bull_to_bear,0.14,0.98,15.0,0.0,0,66,66,0.5909090909090909,0.37714285714285717,0.5833333333333334,0.5952380952380952,0.5909090909090909,0.37714285714285717,0.5833333333333334,0.5952380952380952,0.0,0.0,0.0,0.0
bull_to_neutral,0.14,0.98,15.0,-0.05,0,66,66,0.5909090909090909,0.37714285714285717,0.5833333333333334,0.5952380952380952,0.5909090909090909,0.37714285714285717,0.5833333333333334,0.5952380952380952,0.0,0.0,0.0,0.0
bull_to_bear,0.14,0.98,15.0,-0.05,0,66,66,0.5909090909090909,0.37714285714285717,0.5833333333333334,0.5952380952380952,0.5909090909090909,0.37714285714285717,0.5833333333333334,0.5952380952380952,0.0,0.0,0.0,0.0
bull_to_neutral,0.14,0.98,15.0,-0.1,0,66,66,0.5909090909090909,0.37714285714285717,0.5833333333333334,0.5952380952380952,0.5909090909090909,0.37714285714285717,0.5833333333333334,0.5952380952380952,0.0,0.0,0.0,0.0
bull_to_bear,0.14,0.98,15.0,-0.1,0,66,66,0.5909090909090909,0.37714285714285717,0.5833333333333334,0.5952380952380952,0.5909090909090909,0.37714285714285717,0.5833333333333334,0.5952380952380952,0.0,0.0,0.0,0.0
bull_to_neutral,0.14,0.97,,,0,66,66,0.5909090909090909,0.37714285714285717,0.5833333333333334,0.5952380952380952,0.5909090909090909,0.37714285714285717,0.5833333333333334,0.5952380952380952,0.0,0.0,0.0,0.0
bull_to_bear,0.14,0.97,,,0,66,66,0.5909090909090909,0.37714285714285717,0.5833333333333334,0.5952380952380952,0.5909090909090909,0.37714285714285717,0.5833333333333334,0.5952380952380952,0.0,0.0,0.0,0.0
bull_to_neutral,0.14,0.97,,0.0,0,66,66,0.5909090909090909,0.37714285714285717,0.5833333333333334,0.5952380952380952,0.5909090909090909,0.37714285714285717,0.5833333333333334,0.5952380952380952,0.0,0.0,0.0,0.0
bull_to_bear,0.14,0.97,,0.0,0,66,66,0.5909090909090909,0.37714285714285717,0.5833333333333334,0.5952380952380952,0.5909090909090909,0.37714285714285717,0.5833333333333334,0.5952380952380952,0.0,0.0,0.0,0.0
bull_to_neutral,0.14,0.97,,-0.05,0,66,66,0.5909090909090909,0.37714285714285717,0.5833333333333334,0.5952380952380952,0.5909090909090909,0.37714285714285717,0.5833333333333334,0.5952380952380952,0.0,0.0,0.0,0.0
bull_to_bear,0.14,0.97,,-0.05,0,66,66,0.5909090909090909,0.37714285714285717,0.5833333333333334,0.5952380952380952,0.5909090909090909,0.37714285714285717,0.5833333333333334,0.5952380952380952,0.0,0.0,0.0,0.0
bull_to_neutral,0.14,0.97,,-0.1,0,66,66,0.5909090909090909,0.37714285714285717,0.5833333333333334,0.5952380952380952,0.5909090909090909,0.37714285714285717,0.5833333333333334,0.5952380952380952,0.0,0.0,0.0,0.0
bull_to_bear,0.14,0.97,,-0.1,0,66,66,0.5909090909090909,0.37714285714285717,0.5833333333333334,0.5952380952380952,0.5909090909090909,0.37714285714285717,0.5833333333333334,0.5952380952380952,0.0,0.0,0.0,0.0
bull_to_neutral,0.14,0.97,0.0,,0,66,66,0.5909090909090909,0.37714285714285717,0.5833333333333334,0.5952380952380952,0.5909090909090909,0.37714285714285717,0.5833333333333334,0.5952380952380952,0.0,0.0,0.0,0.0
bull_to_bear,0.14,0.97,0.0,,0,66,66,0.5909090909090909,0.37714285714285717,0.5833333333333334,0.5952380952380952,0.5909090909090909,0.37714285714285717,0.5833333333333334,0.5952380952380952,0.0,0.0,0.0,0.0
bull_to_neutral,0.14,0.97,0.0,0.0,0,66,66,0.5909090909090909,0.37714285714285717,0.5833333333333334,0.5952380952380952,0.5909090909090909,0.37714285714285717,0.5833333333333334,0.5952380952380952,0.0,0.0,0.0,0.0
bull_to_bear,0.14,0.97,0.0,0.0,0,66,66,0.5909090909090909,0.37714285714285717,0.5833333333333334,0.5952380952380952,0.5909090909090909,0.37714285714285717,0.5833333333333334,0.5952380952380952,0.0,0.0,0.0,0.0
bull_to_neutral,0.14,0.97,0.0,-0.05,0,66,66,0.5909090909090909,0.37714285714285717,0.5833333333333334,0.5952380952380952,0.5909090909090909,0.37714285714285717,0.5833333333333334,0.5952380952380952,0.0,0.0,0.0,0.0
bull_to_bear,0.14,0.97,0.0,-0.05,0,66,66,0.5909090909090909,0.37714285714285717,0.5833333333333334,0.5952380952380952,0.5909090909090909,0.37714285714285717,0.5833333333333334,0.5952380952380952,0.0,0.0,0.0,0.0
bull_to_neutral,0.14,0.97,0.0,-0.1,0,66,66,0.5909090909090909,0.37714285714285717,0.5833333333333334,0.5952380952380952,0.5909090909090909,0.37714285714285717,0.5833333333333334,0.5952380952380952,0.0,0.0,0.0,0.0
bull_to_bear,0.14,0.97,0.0,-0.1,0,66,66,0.5909090909090909,0.37714285714285717,0.5833333333333334,0.5952380952380952,0.5909090909090909,0.37714285714285717,0.5833333333333334,0.5952380952380952,0.0,0.0,0.0,0.0
bull_to_neutral,0.14,0.97,5.0,,0,66,66,0.5909090909090909,0.37714285714285717,0.5833333333333334,0.5952380952380952,0.5909090909090909,0.37714285714285717,0.5833333333333334,0.5952380952380952,0.0,0.0,0.0,0.0
bull_to_bear,0.14,0.97,5.0,,0,66,66,0.5909090909090909,0.37714285714285717,0.5833333333333334,0.5952380952380952,0.5909090909090909,0.37714285714285717,0.5833333333333334,0.5952380952380952,0.0,0.0,0.0,0.0
bull_to_neutral,0.14,0.97,5.0,0.0,0,66,66,0.5909090909090909,0.37714285714285717,0.5833333333333334,0.5952380952380952,0.5909090909090909,0.37714285714285717,0.5833333333333334,0.5952380952380952,0.0,0.0,0.0,0.0
bull_to_bear,0.14,0.97,5.0,0.0,0,66,66,0.5909090909090909,0.37714285714285717,0.5833333333333334,0.5952380952380952,0.5909090909090909,0.37714285714285717,0.5833333333333334,0.5952380952380952,0.0,0.0,0.0,0.0
bull_to_neutral,0.14,0.97,5.0,-0.05,0,66,66,0.5909090909090909,0.37714285714285717,0.5833333333333334,0.5952380952380952,0.5909090909090909,0.37714285714285717,0.5833333333333334,0.5952380952380952,0.0,0.0,0.0,0.0
bull_to_bear,0.14,0.97,5.0,-0.05,0,66,66,0.5909090909090909,0.37714285714285717,0.5833333333333334,0.5952380952380952,0.5909090909090909,0.37714285714285717,0.5833333333333334,0.5952380952380952,0.0,0.0,0.0,0.0
bull_to_neutral,0.14,0.97,5.0,-0.1,0,66,66,0.5909090909090909,0.37714285714285717,0.5833333333333334,0.5952380952380952,0.5909090909090909,0.37714285714285717,0.5833333333333334,0.5952380952380952,0.0,0.0,0.0,0.0
bull_to_bear,0.14,0.97,5.0,-0.1,0,66,66,0.5909090909090909,0.37714285714285717,0.5833333333333334,0.5952380952380952,0.5909090909090909,0.37714285714285717,0.5833333333333334,0.5952380952380952,0.0,0.0,0.0,0.0
bull_to_neutral,0.14,0.97,10.0,,0,66,66,0.5909090909090909,0.37714285714285717,0.5833333333333334,0.5952380952380952,0.5909090909090909,0.37714285714285717,0.5833333333333334,0.5952380952380952,0.0,0.0,0.0,0.0
bull_to_bear,0.14,0.97,10.0,,0,66,66,0.5909090909090909,0.37714285714285717,0.5833333333333334,0.5952380952380952,0.5909090909090909,0.37714285714285717,0.5833333333333334,0.5952380952380952,0.0,0.0,0.0,0.0
bull_to_neutral,0.14,0.97,10.0,0.0,0,66,66,0.5909090909090909,0.37714285714285717,0.5833333333333334,0.5952380952380952,0.5909090909090909,0.37714285714285717,0.5833333333333334,0.5952380952380952,0.0,0.0,0.0,0.0
bull_to_bear,0.14,0.97,10.0,0.0,0,66,66,0.5909090909090909,0.37714285714285717,0.5833333333333334,0.5952380952380952,0.5909090909090909,0.37714285714285717,0.5833333333333334,0.5952380952380952,0.0,0.0,0.0,0.0
bull_to_neutral,0.14,0.97,10.0,-0.05,0,66,66,0.5909090909090909,0.37714285714285717,0.5833333333333334,0.5952380952380952,0.5909090909090909,0.37714285714285717,0.5833333333333334,0.5952380952380952,0.0,0.0,0.0,0.0
bull_to_bear,0.14,0.97,10.0,-0.05,0,66,66,0.5909090909090909,0.37714285714285717,0.5833333333333334,0.5952380952380952,0.5909090909090909,0.37714285714285717,0.5833333333333334,0.5952380952380952,0.0,0.0,0.0,0.0
bull_to_neutral,0.14,0.97,10.0,-0.1,0,66,66,0.5909090909090909,0.37714285714285717,0.5833333333333334,0.5952380952380952,0.5909090909090909,0.37714285714285717,0.5833333333333334,0.5952380952380952,0.0,0.0,0.0,0.0
bull_to_bear,0.14,0.97,10.0,-0.1,0,66,66,0.5909090909090909,0.37714285714285717,0.5833333333333334,0.5952380952380952,0.5909090909090909,0.37714285714285717,0.5833333333333334,0.5952380952380952,0.0,0.0,0.0,0.0
bull_to_neutral,0.14,0.97,15.0,,0,66,66,0.5909090909090909,0.37714285714285717,0.5833333333333334,0.5952380952380952,0.5909090909090909,0.37714285714285717,0.5833333333333334,0.5952380952380952,0.0,0.0,0.0,0.0
bull_to_bear,0.14,0.97,15.0,,0,66,66,0.5909090909090909,0.37714285714285717,0.5833333333333334,0.5952380952380952,0.5909090909090909,0.37714285714285717,0.5833333333333334,0.5952380952380952,0.0,0.0,0.0,0.0
bull_to_neutral,0.14,0.97,15.0,0.0,0,66,66,0.5909090909090909,0.37714285714285717,0.5833333333333334,0.5952380952380952,0.5909090909090909,0.37714285714285717,0.5833333333333334,0.5952380952380952,0.0,0.0,0.0,0.0
bull_to_bear,0.14,0.97,15.0,0.0,0,66,66,0.5909090909090909,0.37714285714285717,0.5833333333333334,0.5952380952380952,0.5909090909090909,0.37714285714285717,0.5833333333333334,0.5952380952380952,0.0,0.0,0.0,0.0
bull_to_neutral,0.14,0.97,15.0,-0.05,0,66,66,0.5909090909090909,0.37714285714285717,0.5833333333333334,0.5952380952380952,0.5909090909090909,0.37714285714285717,0.5833333333333334,0.5952380952380952,0.0,0.0,0.0,0.0
bull_to_bear,0.14,0.97,15.0,-0.05,0,66,66,0.5909090909090909,0.37714285714285717,0.5833333333333334,0.5952380952380952,0.5909090909090909,0.37714285714285717,0.5833333333333334,0.5952380952380952,0.0,0.0,0.0,0.0
bull_to_neutral,0.14,0.97,15.0,-0.1,0,66,66,0.5909090909090909,0.37714285714285717,0.5833333333333334,0.5952380952380952,0.5909090909090909,0.37714285714285717,0.5833333333333334,0.5952380952380952,0.0,0.0,0.0,0.0
bull_to_bear,0.14,0.97,15.0,-0.1,0,66,66,0.5909090909090909,0.37714285714285717,0.5833333333333334,0.5952380952380952,0.5909090909090909,0.37714285714285717,0.5833333333333334,0.5952380952380952,0.0,0.0,0.0,0.0
bull_to_neutral,0.14,0.95,,,0,66,66,0.5909090909090909,0.37714285714285717,0.5833333333333334,0.5952380952380952,0.5909090909090909,0.37714285714285717,0.5833333333333334,0.5952380952380952,0.0,0.0,0.0,0.0
bull_to_bear,0.14,0.95,,,0,66,66,0.5909090909090909,0.37714285714285717,0.5833333333333334,0.5952380952380952,0.5909090909090909,0.37714285714285717,0.5833333333333334,0.5952380952380952,0.0,0.0,0.0,0.0
bull_to_neutral,0.14,0.95,,0.0,0,66,66,0.5909090909090909,0.37714285714285717,0.5833333333333334,0.5952380952380952,0.5909090909090909,0.37714285714285717,0.5833333333333334,0.5952380952380952,0.0,0.0,0.0,0.0
bull_to_bear,0.14,0.95,,0.0,0,66,66,0.5909090909090909,0.37714285714285717,0.5833333333333334,0.5952380952380952,0.5909090909090909,0.37714285714285717,0.5833333333333334,0.5952380952380952,0.0,0.0,0.0,0.0
bull_to_neutral,0.14,0.95,,-0.05,0,66,66,0.5909090909090909,0.37714285714285717,0.5833333333333334,0.5952380952380952,0.5909090909090909,0.37714285714285717,0.5833333333333334,0.5952380952380952,0.0,0.0,0.0,0.0
bull_to_bear,0.14,0.95,,-0.05,0,66,66,0.5909090909090909,0.37714285714285717,0.5833333333333334,0.5952380952380952,0.5909090909090909,0.37714285714285717,0.5833333333333334,0.5952380952380952,0.0,0.0,0.0,0.0
bull_to_neutral,0.14,0.95,,-0.1,0,66,66,0.5909090909090909,0.37714285714285717,0.5833333333333334,0.5952380952380952,0.5909090909090909,0.37714285714285717,0.5833333333333334,0.5952380952380952,0.0,0.0,0.0,0.0
bull_to_bear,0.14,0.95,,-0.1,0,66,66,0.5909090909090909,0.37714285714285717,0.5833333333333334,0.5952380952380952,0.5909090909090909,0.37714285714285717,0.5833333333333334,0.5952380952380952,0.0,0.0,0.0,0.0
bull_to_neutral,0.14,0.95,0.0,,0,66,66,0.5909090909090909,0.37714285714285717,0.5833333333333334,0.5952380952380952,0.5909090909090909,0.37714285714285717,0.5833333333333334,0.5952380952380952,0.0,0.0,0.0,0.0
bull_to_bear,0.14,0.95,0.0,,0,66,66,0.5909090909090909,0.37714285714285717,0.5833333333333334,0.5952380952380952,0.5909090909090909,0.37714285714285717,0.5833333333333334,0.5952380952380952,0.0,0.0,0.0,0.0
bull_to_neutral,0.14,0.95,0.0,0.0,0,66,66,0.5909090909090909,0.37714285714285717,0.5833333333333334,0.5952380952380952,0.5909090909090909,0.37714285714285717,0.5833333333333334,0.5952380952380952,0.0,0.0,0.0,0.0
bull_to_bear,0.14,0.95,0.0,0.0,0,66,66,0.5909090909090909,0.37714285714285717,0.5833333333333334,0.5952380952380952,0.5909090909090909,0.37714285714285717,0.5833333333333334,0.5952380952380952,0.0,0.0,0.0,0.0
bull_to_neutral,0.14,0.95,0.0,-0.05,0,66,66,0.5909090909090909,0.37714285714285717,0.5833333333333334,0.5952380952380952,0.5909090909090909,0.37714285714285717,0.5833333333333334,0.5952380952380952,0.0,0.0,0.0,0.0
bull_to_bear,0.14,0.95,0.0,-0.05,0,66,66,0.5909090909090909,0.37714285714285717,0.5833333333333334,0.5952380952380952,0.5909090909090909,0.37714285714285717,0.5833333333333334,0.5952380952380952,0.0,0.0,0.0,0.0
bull_to_neutral,0.14,0.95,0.0,-0.1,0,66,66,0.5909090909090909,0.37714285714285717,0.5833333333333334,0.5952380952380952,0.5909090909090909,0.37714285714285717,0.5833333333333334,0.5952380952380952,0.0,0.0,0.0,0.0
bull_to_bear,0.14,0.95,0.0,-0.1,0,66,66,0.5909090909090909,0.37714285714285717,0.5833333333333334,0.5952380952380952,0.5909090909090909,0.37714285714285717,0.5833333333333334,0.5952380952380952,0.0,0.0,0.0,0.0
bull_to_neutral,0.14,0.95,5.0,,0,66,66,0.5909090909090909,0.37714285714285717,0.5833333333333334,0.5952380952380952,0.5909090909090909,0.37714285714285717,0.5833333333333334,0.5952380952380952,0.0,0.0,0.0,0.0
bull_to_bear,0.14,0.95,5.0,,0,66,66,0.5909090909090909,0.37714285714285717,0.5833333333333334,0.5952380952380952,0.5909090909090909,0.37714285714285717,0.5833333333333334,0.5952380952380952,0.0,0.0,0.0,0.0
bull_to_neutral,0.14,0.95,5.0,0.0,0,66,66,0.5909090909090909,0.37714285714285717,0.5833333333333334,0.5952380952380952,0.5909090909090909,0.37714285714285717,0.5833333333333334,0.5952380952380952,0.0,0.0,0.0,0.0
bull_to_bear,0.14,0.95,5.0,0.0,0,66,66,0.5909090909090909,0.37714285714285717,0.5833333333333334,0.5952380952380952,0.5909090909090909,0.37714285714285717,0.5833333333333334,0.5952380952380952,0.0,0.0,0.0,0.0
bull_to_neutral,0.14,0.95,5.0,-0.05,0,66,66,0.5909090909090909,0.37714285714285717,0.5833333333333334,0.5952380952380952,0.5909090909090909,0.37714285714285717,0.5833333333333334,0.5952380952380952,0.0,0.0,0.0,0.0
bull_to_bear,0.14,0.95,5.0,-0.05,0,66,66,0.5909090909090909,0.37714285714285717,0.5833333333333334,0.5952380952380952,0.5909090909090909,0.37714285714285717,0.5833333333333334,0.5952380952380952,0.0,0.0,0.0,0.0
bull_to_neutral,0.14,0.95,5.0,-0.1,0,66,66,0.5909090909090909,0.37714285714285717,0.5833333333333334,0.5952380952380952,0.5909090909090909,0.37714285714285717,0.5833333333333334,0.5952380952380952,0.0,0.0,0.0,0.0
bull_to_bear,0.14,0.95,5.0,-0.1,0,66,66,0.5909090909090909,0.37714285714285717,0.5833333333333334,0.5952380952380952,0.5909090909090909,0.37714285714285717,0.5833333333333334,0.5952380952380952,0.0,0.0,0.0,0.0
bull_to_neutral,0.14,0.95,10.0,,0,66,66,0.5909090909090909,0.37714285714285717,0.5833333333333334,0.5952380952380952,0.5909090909090909,0.37714285714285717,0.5833333333333334,0.5952380952380952,0.0,0.0,0.0,0.0
bull_to_bear,0.14,0.95,10.0,,0,66,66,0.5909090909090909,0.37714285714285717,0.5833333333333334,0.5952380952380952,0.5909090909090909,0.37714285714285717,0.5833333333333334,0.5952380952380952,0.0,0.0,0.0,0.0
bull_to_neutral,0.14,0.95,10.0,0.0,0,66,66,0.5909090909090909,0.37714285714285717,0.5833333333333334,0.5952380952380952,0.5909090909090909,0.37714285714285717,0.5833333333333334,0.5952380952380952,0.0,0.0,0.0,0.0
bull_to_bear,0.14,0.95,10.0,0.0,0,66,66,0.5909090909090909,0.37714285714285717,0.5833333333333334,0.5952380952380952,0.5909090909090909,0.37714285714285717,0.5833333333333334,0.5952380952380952,0.0,0.0,0.0,0.0
bull_to_neutral,0.14,0.95,10.0,-0.05,0,66,66,0.5909090909090909,0.37714285714285717,0.5833333333333334,0.5952380952380952,0.5909090909090909,0.37714285714285717,0.5833333333333334,0.5952380952380952,0.0,0.0,0.0,0.0
bull_to_bear,0.14,0.95,10.0,-0.05,0,66,66,0.5909090909090909,0.37714285714285717,0.5833333333333334,0.5952380952380952,0.5909090909090909,0.37714285714285717,0.5833333333333334,0.5952380952380952,0.0,0.0,0.0,0.0
bull_to_neutral,0.14,0.95,10.0,-0.1,0,66,66,0.5909090909090909,0.37714285714285717,0.5833333333333334,0.5952380952380952,0.5909090909090909,0.37714285714285717,0.5833333333333334,0.5952380952380952,0.0,0.0,0.0,0.0
bull_to_bear,0.14,0.95,10.0,-0.1,0,66,66,0.5909090909090909,0.37714285714285717,0.5833333333333334,0.5952380952380952,0.5909090909090909,0.37714285714285717,0.5833333333333334,0.5952380952380952,0.0,0.0,0.0,0.0
bull_to_neutral,0.14,0.95,15.0,,0,66,66,0.5909090909090909,0.37714285714285717,0.5833333333333334,0.5952380952380952,0.5909090909090909,0.37714285714285717,0.5833333333333334,0.5952380952380952,0.0,0.0,0.0,0.0
bull_to_bear,0.14,0.95,15.0,,0,66,66,0.5909090909090909,0.37714285714285717,0.5833333333333334,0.5952380952380952,0.5909090909090909,0.37714285714285717,0.5833333333333334,0.5952380952380952,0.0,0.0,0.0,0.0
bull_to_neutral,0.14,0.95,15.0,0.0,0,66,66,0.5909090909090909,0.37714285714285717,0.5833333333333334,0.5952380952380952,0.5909090909090909,0.37714285714285717,0.5833333333333334,0.5952380952380952,0.0,0.0,0.0,0.0
bull_to_bear,0.14,0.95,15.0,0.0,0,66,66,0.5909090909090909,0.37714285714285717,0.5833333333333334,0.5952380952380952,0.5909090909090909,0.37714285714285717,0.5833333333333334,0.5952380952380952,0.0,0.0,0.0,0.0
bull_to_neutral,0.14,0.95,15.0,-0.05,0,66,66,0.5909090909090909,0.37714285714285717,0.5833333333333334,0.5952380952380952,0.5909090909090909,0.37714285714285717,0.5833333333333334,0.5952380952380952,0.0,0.0,0.0,0.0
bull_to_bear,0.14,0.95,15.0,-0.05,0,66,66,0.5909090909090909,0.37714285714285717,0.5833333333333334,0.5952380952380952,0.5909090909090909,0.37714285714285717,0.5833333333333334,0.5952380952380952,0.0,0.0,0.0,0.0
bull_to_neutral,0.14,0.95,15.0,-0.1,0,66,66,0.5909090909090909,0.37714285714285717,0.5833333333333334,0.5952380952380952,0.5909090909090909,0.37714285714285717,0.5833333333333334,0.5952380952380952,0.0,0.0,0.0,0.0
bull_to_bear,0.14,0.95,15.0,-0.1,0,66,66,0.5909090909090909,0.37714285714285717,0.5833333333333334,0.5952380952380952,0.5909090909090909,0.37714285714285717,0.5833333333333334,0.5952380952380952,0.0,0.0,0.0,0.0
bull_to_neutral,0.14,0.93,,,0,66,66,0.5909090909090909,0.37714285714285717,0.5833333333333334,0.5952380952380952,0.5909090909090909,0.37714285714285717,0.5833333333333334,0.5952380952380952,0.0,0.0,0.0,0.0
bull_to_bear,0.14,0.93,,,0,66,66,0.5909090909090909,0.37714285714285717,0.5833333333333334,0.5952380952380952,0.5909090909090909,0.37714285714285717,0.5833333333333334,0.5952380952380952,0.0,0.0,0.0,0.0
bull_to_neutral,0.14,0.93,,0.0,0,66,66,0.5909090909090909,0.37714285714285717,0.5833333333333334,0.5952380952380952,0.5909090909090909,0.37714285714285717,0.5833333333333334,0.5952380952380952,0.0,0.0,0.0,0.0
bull_to_bear,0.14,0.93,,0.0,0,66,66,0.5909090909090909,0.37714285714285717,0.5833333333333334,0.5952380952380952,0.5909090909090909,0.37714285714285717,0.5833333333333334,0.5952380952380952,0.0,0.0,0.0,0.0
bull_to_neutral,0.14,0.93,,-0.05,0,66,66,0.5909090909090909,0.37714285714285717,0.5833333333333334,0.5952380952380952,0.5909090909090909,0.37714285714285717,0.5833333333333334,0.5952380952380952,0.0,0.0,0.0,0.0
bull_to_bear,0.14,0.93,,-0.05,0,66,66,0.5909090909090909,0.37714285714285717,0.5833333333333334,0.5952380952380952,0.5909090909090909,0.37714285714285717,0.5833333333333334,0.5952380952380952,0.0,0.0,0.0,0.0
bull_to_neutral,0.14,0.93,,-0.1,0,66,66,0.5909090909090909,0.37714285714285717,0.5833333333333334,0.5952380952380952,0.5909090909090909,0.37714285714285717,0.5833333333333334,0.5952380952380952,0.0,0.0,0.0,0.0
bull_to_bear,0.14,0.93,,-0.1,0,66,66,0.5909090909090909,0.37714285714285717,0.5833333333333334,0.5952380952380952,0.5909090909090909,0.37714285714285717,0.5833333333333334,0.5952380952380952,0.0,0.0,0.0,0.0
bull_to_neutral,0.14,0.93,0.0,,0,66,66,0.5909090909090909,0.37714285714285717,0.5833333333333334,0.5952380952380952,0.5909090909090909,0.37714285714285717,0.5833333333333334,0.5952380952380952,0.0,0.0,0.0,0.0
bull_to_bear,0.14,0.93,0.0,,0,66,66,0.5909090909090909,0.37714285714285717,0.5833333333333334,0.5952380952380952,0.5909090909090909,0.37714285714285717,0.5833333333333334,0.5952380952380952,0.0,0.0,0.0,0.0
bull_to_neutral,0.14,0.93,0.0,0.0,0,66,66,0.5909090909090909,0.37714285714285717,0.5833333333333334,0.5952380952380952,0.5909090909090909,0.37714285714285717,0.5833333333333334,0.5952380952380952,0.0,0.0,0.0,0.0
bull_to_bear,0.14,0.93,0.0,0.0,0,66,66,0.5909090909090909,0.37714285714285717,0.5833333333333334,0.5952380952380952,0.5909090909090909,0.37714285714285717,0.5833333333333334,0.5952380952380952,0.0,0.0,0.0,0.0
bull_to_neutral,0.14,0.93,0.0,-0.05,0,66,66,0.5909090909090909,0.37714285714285717,0.5833333333333334,0.5952380952380952,0.5909090909090909,0.37714285714285717,0.5833333333333334,0.5952380952380952,0.0,0.0,0.0,0.0
bull_to_bear,0.14,0.93,0.0,-0.05,0,66,66,0.5909090909090909,0.37714285714285717,0.5833333333333334,0.5952380952380952,0.5909090909090909,0.37714285714285717,0.5833333333333334,0.5952380952380952,0.0,0.0,0.0,0.0
bull_to_neutral,0.14,0.93,0.0,-0.1,0,66,66,0.5909090909090909,0.37714285714285717,0.5833333333333334,0.5952380952380952,0.5909090909090909,0.37714285714285717,0.5833333333333334,0.5952380952380952,0.0,0.0,0.0,0.0
bull_to_bear,0.14,0.93,0.0,-0.1,0,66,66,0.5909090909090909,0.37714285714285717,0.5833333333333334,0.5952380952380952,0.5909090909090909,0.37714285714285717,0.5833333333333334,0.5952380952380952,0.0,0.0,0.0,0.0
bull_to_neutral,0.14,0.93,5.0,,0,66,66,0.5909090909090909,0.37714285714285717,0.5833333333333334,0.5952380952380952,0.5909090909090909,0.37714285714285717,0.5833333333333334,0.5952380952380952,0.0,0.0,0.0,0.0
bull_to_bear,0.14,0.93,5.0,,0,66,66,0.5909090909090909,0.37714285714285717,0.5833333333333334,0.5952380952380952,0.5909090909090909,0.37714285714285717,0.5833333333333334,0.5952380952380952,0.0,0.0,0.0,0.0
bull_to_neutral,0.14,0.93,5.0,0.0,0,66,66,0.5909090909090909,0.37714285714285717,0.5833333333333334,0.5952380952380952,0.5909090909090909,0.37714285714285717,0.5833333333333334,0.5952380952380952,0.0,0.0,0.0,0.0
bull_to_bear,0.14,0.93,5.0,0.0,0,66,66,0.5909090909090909,0.37714285714285717,0.5833333333333334,0.5952380952380952,0.5909090909090909,0.37714285714285717,0.5833333333333334,0.5952380952380952,0.0,0.0,0.0,0.0
bull_to_neutral,0.14,0.93,5.0,-0.05,0,66,66,0.5909090909090909,0.37714285714285717,0.5833333333333334,0.5952380952380952,0.5909090909090909,0.37714285714285717,0.5833333333333334,0.5952380952380952,0.0,0.0,0.0,0.0
bull_to_bear,0.14,0.93,5.0,-0.05,0,66,66,0.5909090909090909,0.37714285714285717,0.5833333333333334,0.5952380952380952,0.5909090909090909,0.37714285714285717,0.5833333333333334,0.5952380952380952,0.0,0.0,0.0,0.0
bull_to_neutral,0.14,0.93,5.0,-0.1,0,66,66,0.5909090909090909,0.37714285714285717,0.5833333333333334,0.5952380952380952,0.5909090909090909,0.37714285714285717,0.5833333333333334,0.5952380952380952,0.0,0.0,0.0,0.0
bull_to_bear,0.14,0.93,5.0,-0.1,0,66,66,0.5909090909090909,0.37714285714285717,0.5833333333333334,0.5952380952380952,0.5909090909090909,0.37714285714285717,0.5833333333333334,0.5952380952380952,0.0,0.0,0.0,0.0
bull_to_neutral,0.14,0.93,10.0,,0,66,66,0.5909090909090909,0.37714285714285717,0.5833333333333334,0.5952380952380952,0.5909090909090909,0.37714285714285717,0.5833333333333334,0.5952380952380952,0.0,0.0,0.0,0.0
bull_to_bear,0.14,0.93,10.0,,0,66,66,0.5909090909090909,0.37714285714285717,0.5833333333333334,0.5952380952380952,0.5909090909090909,0.37714285714285717,0.5833333333333334,0.5952380952380952,0.0,0.0,0.0,0.0
bull_to_neutral,0.14,0.93,10.0,0.0,0,66,66,0.5909090909090909,0.37714285714285717,0.5833333333333334,0.5952380952380952,0.5909090909090909,0.37714285714285717,0.5833333333333334,0.5952380952380952,0.0,0.0,0.0,0.0
bull_to_bear,0.14,0.93,10.0,0.0,0,66,66,0.5909090909090909,0.37714285714285717,0.5833333333333334,0.5952380952380952,0.5909090909090909,0.37714285714285717,0.5833333333333334,0.5952380952380952,0.0,0.0,0.0,0.0
bull_to_neutral,0.14,0.93,10.0,-0.05,0,66,66,0.5909090909090909,0.37714285714285717,0.5833333333333334,0.5952380952380952,0.5909090909090909,0.37714285714285717,0.5833333333333334,0.5952380952380952,0.0,0.0,0.0,0.0
bull_to_bear,0.14,0.93,10.0,-0.05,0,66,66,0.5909090909090909,0.37714285714285717,0.5833333333333334,0.5952380952380952,0.5909090909090909,0.37714285714285717,0.5833333333333334,0.5952380952380952,0.0,0.0,0.0,0.0
bull_to_neutral,0.14,0.93,10.0,-0.1,0,66,66,0.5909090909090909,0.37714285714285717,0.5833333333333334,0.5952380952380952,0.5909090909090909,0.37714285714285717,0.5833333333333334,0.5952380952380952,0.0,0.0,0.0,0.0
bull_to_bear,0.14,0.93,10.0,-0.1,0,66,66,0.5909090909090909,0.37714285714285717,0.5833333333333334,0.5952380952380952,0.5909090909090909,0.37714285714285717,0.5833333333333334,0.5952380952380952,0.0,0.0,0.0,0.0
bull_to_neutral,0.14,0.93,15.0,,0,66,66,0.5909090909090909,0.37714285714285717,0.5833333333333334,0.5952380952380952,0.5909090909090909,0.37714285714285717,0.5833333333333334,0.5952380952380952,0.0,0.0,0.0,0.0
bull_to_bear,0.14,0.93,15.0,,0,66,66,0.5909090909090909,0.37714285714285717,0.5833333333333334,0.5952380952380952,0.5909090909090909,0.37714285714285717,0.5833333333333334,0.5952380952380952,0.0,0.0,0.0,0.0
bull_to_neutral,0.14,0.93,15.0,0.0,0,66,66,0.5909090909090909,0.37714285714285717,0.5833333333333334,0.5952380952380952,0.5909090909090909,0.37714285714285717,0.5833333333333334,0.5952380952380952,0.0,0.0,0.0,0.0
bull_to_bear,0.14,0.93,15.0,0.0,0,66,66,0.5909090909090909,0.37714285714285717,0.5833333333333334,0.5952380952380952,0.5909090909090909,0.37714285714285717,0.5833333333333334,0.5952380952380952,0.0,0.0,0.0,0.0
bull_to_neutral,0.14,0.93,15.0,-0.05,0,66,66,0.5909090909090909,0.37714285714285717,0.5833333333333334,0.5952380952380952,0.5909090909090909,0.37714285714285717,0.5833333333333334,0.5952380952380952,0.0,0.0,0.0,0.0
bull_to_bear,0.14,0.93,15.0,-0.05,0,66,66,0.5909090909090909,0.37714285714285717,0.5833333333333334,0.5952380952380952,0.5909090909090909,0.37714285714285717,0.5833333333333334,0.5952380952380952,0.0,0.0,0.0,0.0
bull_to_neutral,0.14,0.93,15.0,-0.1,0,66,66,0.5909090909090909,0.37714285714285717,0.5833333333333334,0.5952380952380952,0.5909090909090909,0.37714285714285717,0.5833333333333334,0.5952380952380952,0.0,0.0,0.0,0.0
bull_to_bear,0.14,0.93,15.0,-0.1,0,66,66,0.5909090909090909,0.37714285714285717,0.5833333333333334,0.5952380952380952,0.5909090909090909,0.37714285714285717,0.5833333333333334,0.5952380952380952,0.0,0.0,0.0,0.0
bull_to_neutral,0.14,0.9,,,0,66,66,0.5909090909090909,0.37714285714285717,0.5833333333333334,0.5952380952380952,0.5909090909090909,0.37714285714285717,0.5833333333333334,0.5952380952380952,0.0,0.0,0.0,0.0
bull_to_bear,0.14,0.9,,,0,66,66,0.5909090909090909,0.37714285714285717,0.5833333333333334,0.5952380952380952,0.5909090909090909,0.37714285714285717,0.5833333333333334,0.5952380952380952,0.0,0.0,0.0,0.0
bull_to_neutral,0.14,0.9,,0.0,0,66,66,0.5909090909090909,0.37714285714285717,0.5833333333333334,0.5952380952380952,0.5909090909090909,0.37714285714285717,0.5833333333333334,0.5952380952380952,0.0,0.0,0.0,0.0
bull_to_bear,0.14,0.9,,0.0,0,66,66,0.5909090909090909,0.37714285714285717,0.5833333333333334,0.5952380952380952,0.5909090909090909,0.37714285714285717,0.5833333333333334,0.5952380952380952,0.0,0.0,0.0,0.0
bull_to_neutral,0.14,0.9,,-0.05,0,66,66,0.5909090909090909,0.37714285714285717,0.5833333333333334,0.5952380952380952,0.5909090909090909,0.37714285714285717,0.5833333333333334,0.5952380952380952,0.0,0.0,0.0,0.0
bull_to_bear,0.14,0.9,,-0.05,0,66,66,0.5909090909090909,0.37714285714285717,0.5833333333333334,0.5952380952380952,0.5909090909090909,0.37714285714285717,0.5833333333333334,0.5952380952380952,0.0,0.0,0.0,0.0
bull_to_neutral,0.14,0.9,,-0.1,0,66,66,0.5909090909090909,0.37714285714285717,0.5833333333333334,0.5952380952380952,0.5909090909090909,0.37714285714285717,0.5833333333333334,0.5952380952380952,0.0,0.0,0.0,0.0
bull_to_bear,0.14,0.9,,-0.1,0,66,66,0.5909090909090909,0.37714285714285717,0.5833333333333334,0.5952380952380952,0.5909090909090909,0.37714285714285717,0.5833333333333334,0.5952380952380952,0.0,0.0,0.0,0.0
bull_to_neutral,0.14,0.9,0.0,,0,66,66,0.5909090909090909,0.37714285714285717,0.5833333333333334,0.5952380952380952,0.5909090909090909,0.37714285714285717,0.5833333333333334,0.5952380952380952,0.0,0.0,0.0,0.0
bull_to_bear,0.14,0.9,0.0,,0,66,66,0.5909090909090909,0.37714285714285717,0.5833333333333334,0.5952380952380952,0.5909090909090909,0.37714285714285717,0.5833333333333334,0.5952380952380952,0.0,0.0,0.0,0.0
bull_to_neutral,0.14,0.9,0.0,0.0,0,66,66,0.5909090909090909,0.37714285714285717,0.5833333333333334,0.5952380952380952,0.5909090909090909,0.37714285714285717,0.5833333333333334,0.5952380952380952,0.0,0.0,0.0,0.0
bull_to_bear,0.14,0.9,0.0,0.0,0,66,66,0.5909090909090909,0.37714285714285717,0.5833333333333334,0.5952380952380952,0.5909090909090909,0.37714285714285717,0.5833333333333334,0.5952380952380952,0.0,0.0,0.0,0.0
bull_to_neutral,0.14,0.9,0.0,-0.05,0,66,66,0.5909090909090909,0.37714285714285717,0.5833333333333334,0.5952380952380952,0.5909090909090909,0.37714285714285717,0.5833333333333334,0.5952380952380952,0.0,0.0,0.0,0.0
bull_to_bear,0.14,0.9,0.0,-0.05,0,66,66,0.5909090909090909,0.37714285714285717,0.5833333333333334,0.5952380952380952,0.5909090909090909,0.37714285714285717,0.5833333333333334,0.5952380952380952,0.0,0.0,0.0,0.0
bull_to_neutral,0.14,0.9,0.0,-0.1,0,66,66,0.5909090909090909,0.37714285714285717,0.5833333333333334,0.5952380952380952,0.5909090909090909,0.37714285714285717,0.5833333333333334,0.5952380952380952,0.0,0.0,0.0,0.0
bull_to_bear,0.14,0.9,0.0,-0.1,0,66,66,0.5909090909090909,0.37714285714285717,0.5833333333333334,0.5952380952380952,0.5909090909090909,0.37714285714285717,0.5833333333333334,0.5952380952380952,0.0,0.0,0.0,0.0
bull_to_neutral,0.14,0.9,5.0,,0,66,66,0.5909090909090909,0.37714285714285717,0.5833333333333334,0.5952380952380952,0.5909090909090909,0.37714285714285717,0.5833333333333334,0.5952380952380952,0.0,0.0,0.0,0.0
bull_to_bear,0.14,0.9,5.0,,0,66,66,0.5909090909090909,0.37714285714285717,0.5833333333333334,0.5952380952380952,0.5909090909090909,0.37714285714285717,0.5833333333333334,0.5952380952380952,0.0,0.0,0.0,0.0
bull_to_neutral,0.14,0.9,5.0,0.0,0,66,66,0.5909090909090909,0.37714285714285717,0.5833333333333334,0.5952380952380952,0.5909090909090909,0.37714285714285717,0.5833333333333334,0.5952380952380952,0.0,0.0,0.0,0.0
bull_to_bear,0.14,0.9,5.0,0.0,0,66,66,0.5909090909090909,0.37714285714285717,0.5833333333333334,0.5952380952380952,0.5909090909090909,0.37714285714285717,0.5833333333333334,0.5952380952380952,0.0,0.0,0.0,0.0
bull_to_neutral,0.14,0.9,5.0,-0.05,0,66,66,0.5909090909090909,0.37714285714285717,0.5833333333333334,0.5952380952380952,0.5909090909090909,0.37714285714285717,0.5833333333333334,0.5952380952380952,0.0,0.0,0.0,0.0
bull_to_bear,0.14,0.9,5.0,-0.05,0,66,66,0.5909090909090909,0.37714285714285717,0.5833333333333334,0.5952380952380952,0.5909090909090909,0.37714285714285717,0.5833333333333334,0.5952380952380952,0.0,0.0,0.0,0.0
bull_to_neutral,0.14,0.9,5.0,-0.1,0,66,66,0.5909090909090909,0.37714285714285717,0.5833333333333334,0.5952380952380952,0.5909090909090909,0.37714285714285717,0.5833333333333334,0.5952380952380952,0.0,0.0,0.0,0.0
bull_to_bear,0.14,0.9,5.0,-0.1,0,66,66,0.5909090909090909,0.37714285714285717,0.5833333333333334,0.5952380952380952,0.5909090909090909,0.37714285714285717,0.5833333333333334,0.5952380952380952,0.0,0.0,0.0,0.0
bull_to_neutral,0.14,0.9,10.0,,0,66,66,0.5909090909090909,0.37714285714285717,0.5833333333333334,0.5952380952380952,0.5909090909090909,0.37714285714285717,0.5833333333333334,0.5952380952380952,0.0,0.0,0.0,0.0
bull_to_bear,0.14,0.9,10.0,,0,66,66,0.5909090909090909,0.37714285714285717,0.5833333333333334,0.5952380952380952,0.5909090909090909,0.37714285714285717,0.5833333333333334,0.5952380952380952,0.0,0.0,0.0,0.0
bull_to_neutral,0.14,0.9,10.0,0.0,0,66,66,0.5909090909090909,0.37714285714285717,0.5833333333333334,0.5952380952380952,0.5909090909090909,0.37714285714285717,0.5833333333333334,0.5952380952380952,0.0,0.0,0.0,0.0
bull_to_bear,0.14,0.9,10.0,0.0,0,66,66,0.5909090909090909,0.37714285714285717,0.5833333333333334,0.5952380952380952,0.5909090909090909,0.37714285714285717,0.5833333333333334,0.5952380952380952,0.0,0.0,0.0,0.0
bull_to_neutral,0.14,0.9,10.0,-0.05,0,66,66,0.5909090909090909,0.37714285714285717,0.5833333333333334,0.5952380952380952,0.5909090909090909,0.37714285714285717,0.5833333333333334,0.5952380952380952,0.0,0.0,0.0,0.0
bull_to_bear,0.14,0.9,10.0,-0.05,0,66,66,0.5909090909090909,0.37714285714285717,0.5833333333333334,0.5952380952380952,0.5909090909090909,0.37714285714285717,0.5833333333333334,0.5952380952380952,0.0,0.0,0.0,0.0
bull_to_neutral,0.14,0.9,10.0,-0.1,0,66,66,0.5909090909090909,0.37714285714285717,0.5833333333333334,0.5952380952380952,0.5909090909090909,0.37714285714285717,0.5833333333333334,0.5952380952380952,0.0,0.0,0.0,0.0
bull_to_bear,0.14,0.9,10.0,-0.1,0,66,66,0.5909090909090909,0.37714285714285717,0.5833333333333334,0.5952380952380952,0.5909090909090909,0.37714285714285717,0.5833333333333334,0.5952380952380952,0.0,0.0,0.0,0.0
bull_to_neutral,0.14,0.9,15.0,,0,66,66,0.5909090909090909,0.37714285714285717,0.5833333333333334,0.5952380952380952,0.5909090909090909,0.37714285714285717,0.5833333333333334,0.5952380952380952,0.0,0.0,0.0,0.0
bull_to_bear,0.14,0.9,15.0,,0,66,66,0.5909090909090909,0.37714285714285717,0.5833333333333334,0.5952380952380952,0.5909090909090909,0.37714285714285717,0.5833333333333334,0.5952380952380952,0.0,0.0,0.0,0.0
bull_to_neutral,0.14,0.9,15.0,0.0,0,66,66,0.5909090909090909,0.37714285714285717,0.5833333333333334,0.5952380952380952,0.5909090909090909,0.37714285714285717,0.5833333333333334,0.5952380952380952,0.0,0.0,0.0,0.0
bull_to_bear,0.14,0.9,15.0,0.0,0,66,66,0.5909090909090909,0.37714285714285717,0.5833333333333334,0.5952380952380952,0.5909090909090909,0.37714285714285717,0.5833333333333334,0.5952380952380952,0.0,0.0,0.0,0.0
bull_to_neutral,0.14,0.9,15.0,-0.05,0,66,66,0.5909090909090909,0.37714285714285717,0.5833333333333334,0.5952380952380952,0.5909090909090909,0.37714285714285717,0.5833333333333334,0.5952380952380952,0.0,0.0,0.0,0.0
bull_to_bear,0.14,0.9,15.0,-0.05,0,66,66,0.5909090909090909,0.37714285714285717,0.5833333333333334,0.5952380952380952,0.5909090909090909,0.37714285714285717,0.5833333333333334,0.5952380952380952,0.0,0.0,0.0,0.0
bull_to_neutral,0.14,0.9,15.0,-0.1,0,66,66,0.5909090909090909,0.37714285714285717,0.5833333333333334,0.5952380952380952,0.5909090909090909,0.37714285714285717,0.5833333333333334,0.5952380952380952,0.0,0.0,0.0,0.0
bull_to_bear,0.14,0.9,15.0,-0.1,0,66,66,0.5909090909090909,0.37714285714285717,0.5833333333333334,0.5952380952380952,0.5909090909090909,0.37714285714285717,0.5833333333333334,0.5952380952380952,0.0,0.0,0.0,0.0
bull_to_neutral,0.16,1.0,,,3,63,66,0.5909090909090909,0.37714285714285717,0.5833333333333334,0.5952380952380952,0.5873015873015873,0.36,0.5714285714285714,0.5952380952380952,-0.003607503607503615,-0.017142857142857182,-0.011904761904761973,0.0
bull_to_bear,0.16,1.0,,,3,66,66,0.5909090909090909,0.37714285714285717,0.5833333333333334,0.5952380952380952,0.5757575757575758,0.37714285714285717,0.5714285714285714,0.5777777777777777,-0.015151515151515138,0.0,-0.011904761904761973,-0.01746031746031751
bull_to_neutral,0.16,1.0,,0.0,3,63,66,0.5909090909090909,0.37714285714285717,0.5833333333333334,0.5952380952380952,0.5873015873015873,0.36,0.5714285714285714,0.5952380952380952,-0.003607503607503615,-0.017142857142857182,-0.011904761904761973,0.0
bull_to_bear,0.16,1.0,,0.0,3,66,66,0.5909090909090909,0.37714285714285717,0.5833333333333334,0.5952380952380952,0.5757575757575758,0.37714285714285717,0.5714285714285714,0.5777777777777777,-0.015151515151515138,0.0,-0.011904761904761973,-0.01746031746031751
bull_to_neutral,0.16,1.0,,-0.05,2,64,66,0.5909090909090909,0.37714285714285717,0.5833333333333334,0.5952380952380952,0.578125,0.3657142857142857,0.5454545454545454,0.5952380952380952,-0.01278409090909094,-0.011428571428571455,-0.037878787878787956,0.0
bull_to_bear,0.16,1.0,,-0.05,2,66,66,0.5909090909090909,0.37714285714285717,0.5833333333333334,0.5952380952380952,0.5606060606060606,0.37714285714285717,0.5454545454545454,0.5681818181818182,-0.030303030303030387,0.0,-0.037878787878787956,-0.027056277056277
bull_to_neutral,0.16,1.0,,-0.1,2,64,66,0.5909090909090909,0.37714285714285717,0.5833333333333334,0.5952380952380952,0.578125,0.3657142857142857,0.5454545454545454,0.5952380952380952,-0.01278409090909094,-0.011428571428571455,-0.037878787878787956,0.0
bull_to_bear,0.16,1.0,,-0.1,2,66,66,0.5909090909090909,0.37714285714285717,0.5833333333333334,0.5952380952380952,0.5606060606060606,0.37714285714285717,0.5454545454545454,0.5681818181818182,-0.030303030303030387,0.0,-0.037878787878787956,-0.027056277056277
bull_to_neutral,0.16,1.0,0.0,,1,65,66,0.5909090909090909,0.37714285714285717,0.5833333333333334,0.5952380952380952,0.5846153846153846,0.37142857142857144,0.5652173913043478,0.5952380952380952,-0.0062937062937062915,-0.005714285714285727,-0.018115942028985588,0.0
bull_to_bear,0.16,1.0,0.0,,1,66,66,0.5909090909090909,0.37714285714285717,0.5833333333333334,0.5952380952380952,0.5757575757575758,0.37714285714285717,0.5652173913043478,0.5813953488372093,-0.015151515151515138,0.0,-0.018115942028985588,-0.013842746400885897
bull_to_neutral,0.16,1.0,0.0,0.0,1,65,66,0.5909090909090909,0.37714285714285717,0.5833333333333334,0.5952380952380952,0.5846153846153846,0.37142857142857144,0.5652173913043478,0.5952380952380952,-0.0062937062937062915,-0.005714285714285727,-0.018115942028985588,0.0
bull_to_bear,0.16,1.0,0.0,0.0,1,66,66,0.5909090909090909,0.37714285714285717,0.5833333333333334,0.5952380952380952,0.5757575757575758,0.37714285714285717,0.5652173913043478,0.5813953488372093,-0.015151515151515138,0.0,-0.018115942028985588,-0.013842746400885897
bull_to_neutral,0.16,1.0,0.0,-0.05,1,65,66,0.5909090909090909,0.37714285714285717,0.5833333333333334,0.5952380952380952,0.5846153846153846,0.37142857142857144,0.5652173913043478,0.5952380952380952,-0.0062937062937062915,-0.005714285714285727,-0.018115942028985588,0.0
bull_to_bear,0.16,1.0,0.0,-0.05,1,66,66,0.5909090909090909,0.37714285714285717,0.5833333333333334,0.5952380952380952,0.5757575757575758,0.37714285714285717,0.5652173913043478,0.5813953488372093,-0.015151515151515138,0.0,-0.018115942028985588,-0.013842746400885897
bull_to_neutral,0.16,1.0,0.0,-0.1,1,65,66,0.5909090909090909,0.37714285714285717,0.5833333333333334,0.5952380952380952,0.5846153846153846,0.37142857142857144,0.5652173913043478,0.5952380952380952,-0.0062937062937062915,-0.005714285714285727,-0.018115942028985588,0.0
bull_to_bear,0.16,1.0,0.0,-0.1,1,66,66,0.5909090909090909,0.37714285714285717,0.5833333333333334,0.5952380952380952,0.5757575757575758,0.37714285714285717,0.5652173913043478,0.5813953488372093,-0.015151515151515138,0.0,-0.018115942028985588,-0.013842746400885897
bull_to_neutral,0.16,1.0,5.0,,1,65,66,0.5909090909090909,0.37714285714285717,0.5833333333333334,0.5952380952380952,0.5846153846153846,0.37142857142857144,0.5652173913043478,0.5952380952380952,-0.0062937062937062915,-0.005714285714285727,-0.018115942028985588,0.0
bull_to_bear,0.16,1.0,5.0,,1,66,66,0.5909090909090909,0.37714285714285717,0.5833333333333334,0.5952380952380952,0.5757575757575758,0.37714285714285717,0.5652173913043478,0.5813953488372093,-0.015151515151515138,0.0,-0.018115942028985588,-0.013842746400885897
bull_to_neutral,0.16,1.0,5.0,0.0,1,65,66,0.5909090909090909,0.37714285714285717,0.5833333333333334,0.5952380952380952,0.5846153846153846,0.37142857142857144,0.5652173913043478,0.5952380952380952,-0.0062937062937062915,-0.005714285714285727,-0.018115942028985588,0.0
bull_to_bear,0.16,1.0,5.0,0.0,1,66,66,0.5909090909090909,0.37714285714285717,0.5833333333333334,0.5952380952380952,0.5757575757575758,0.37714285714285717,0.5652173913043478,0.5813953488372093,-0.015151515151515138,0.0,-0.018115942028985588,-0.013842746400885897
bull_to_neutral,0.16,1.0,5.0,-0.05,1,65,66,0.5909090909090909,0.37714285714285717,0.5833333333333334,0.5952380952380952,0.5846153846153846,0.37142857142857144,0.5652173913043478,0.5952380952380952,-0.0062937062937062915,-0.005714285714285727,-0.018115942028985588,0.0
bull_to_bear,0.16,1.0,5.0,-0.05,1,66,66,0.5909090909090909,0.37714285714285717,0.5833333333333334,0.5952380952380952,0.5757575757575758,0.37714285714285717,0.5652173913043478,0.5813953488372093,-0.015151515151515138,0.0,-0.018115942028985588,-0.013842746400885897
bull_to_neutral,0.16,1.0,5.0,-0.1,1,65,66,0.5909090909090909,0.37714285714285717,0.5833333333333334,0.5952380952380952,0.5846153846153846,0.37142857142857144,0.5652173913043478,0.5952380952380952,-0.0062937062937062915,-0.005714285714285727,-0.018115942028985588,0.0
bull_to_bear,0.16,1.0,5.0,-0.1,1,66,66,0.5909090909090909,0.37714285714285717,0.5833333333333334,0.5952380952380952,0.5757575757575758,0.37714285714285717,0.5652173913043478,0.5813953488372093,-0.015151515151515138,0.0,-0.018115942028985588,-0.013842746400885897
bull_to_neutral,0.16,1.0,10.0,,1,65,66,0.5909090909090909,0.37714285714285717,0.5833333333333334,0.5952380952380952,0.5846153846153846,0.37142857142857144,0.5652173913043478,0.5952380952380952,-0.0062937062937062915,-0.005714285714285727,-0.018115942028985588,0.0
bull_to_bear,0.16,1.0,10.0,,1,66,66,0.5909090909090909,0.37714285714285717,0.5833333333333334,0.5952380952380952,0.5757575757575758,0.37714285714285717,0.5652173913043478,0.5813953488372093,-0.015151515151515138,0.0,-0.018115942028985588,-0.013842746400885897
bull_to_neutral,0.16,1.0,10.0,0.0,1,65,66,0.5909090909090909,0.37714285714285717,0.5833333333333334,0.5952380952380952,0.5846153846153846,0.37142857142857144,0.5652173913043478,0.5952380952380952,-0.0062937062937062915,-0.005714285714285727,-0.018115942028985588,0.0
bull_to_bear,0.16,1.0,10.0,0.0,1,66,66,0.5909090909090909,0.37714285714285717,0.5833333333333334,0.5952380952380952,0.5757575757575758,0.37714285714285717,0.5652173913043478,0.5813953488372093,-0.015151515151515138,0.0,-0.018115942028985588,-0.013842746400885897
bull_to_neutral,0.16,1.0,10.0,-0.05,1,65,66,0.5909090909090909,0.37714285714285717,0.5833333333333334,0.5952380952380952,0.5846153846153846,0.37142857142857144,0.5652173913043478,0.5952380952380952,-0.0062937062937062915,-0.005714285714285727,-0.018115942028985588,0.0
bull_to_bear,0.16,1.0,10.0,-0.05,1,66,66,0.5909090909090909,0.37714285714285717,0.5833333333333334,0.5952380952380952,0.5757575757575758,0.37714285714285717,0.5652173913043478,0.5813953488372093,-0.015151515151515138,0.0,-0.018115942028985588,-0.013842746400885897
bull_to_neutral,0.16,1.0,10.0,-0.1,1,65,66,0.5909090909090909,0.37714285714285717,0.5833333333333334,0.5952380952380952,0.5846153846153846,0.37142857142857144,0.5652173913043478,0.5952380952380952,-0.0062937062937062915,-0.005714285714285727,-0.018115942028985588,0.0
bull_to_bear,0.16,1.0,10.0,-0.1,1,66,66,0.5909090909090909,0.37714285714285717,0.5833333333333334,0.5952380952380952,0.5757575757575758,0.37714285714285717,0.5652173913043478,0.5813953488372093,-0.015151515151515138,0.0,-0.018115942028985588,-0.013842746400885897
bull_to_neutral,0.16,1.0,15.0,,1,65,66,0.5909090909090909,0.37714285714285717,0.5833333333333334,0.5952380952380952,0.5846153846153846,0.37142857142857144,0.5652173913043478,0.5952380952380952,-0.0062937062937062915,-0.005714285714285727,-0.018115942028985588,0.0
bull_to_bear,0.16,1.0,15.0,,1,66,66,0.5909090909090909,0.37714285714285717,0.5833333333333334,0.5952380952380952,0.5757575757575758,0.37714285714285717,0.5652173913043478,0.5813953488372093,-0.015151515151515138,0.0,-0.018115942028985588,-0.013842746400885897
bull_to_neutral,0.16,1.0,15.0,0.0,1,65,66,0.5909090909090909,0.37714285714285717,0.5833333333333334,0.5952380952380952,0.5846153846153846,0.37142857142857144,0.5652173913043478,0.5952380952380952,-0.0062937062937062915,-0.005714285714285727,-0.018115942028985588,0.0
bull_to_bear,0.16,1.0,15.0,0.0,1,66,66,0.5909090909090909,0.37714285714285717,0.5833333333333334,0.5952380952380952,0.5757575757575758,0.37714285714285717,0.5652173913043478,0.5813953488372093,-0.015151515151515138,0.0,-0.018115942028985588,-0.013842746400885897
bull_to_neutral,0.16,1.0,15.0,-0.05,1,65,66,0.5909090909090909,0.37714285714285717,0.5833333333333334,0.5952380952380952,0.5846153846153846,0.37142857142857144,0.5652173913043478,0.5952380952380952,-0.0062937062937062915,-0.005714285714285727,-0.018115942028985588,0.0
bull_to_bear,0.16,1.0,15.0,-0.05,1,66,66,0.5909090909090909,0.37714285714285717,0.5833333333333334,0.5952380952380952,0.5757575757575758,0.37714285714285717,0.5652173913043478,0.5813953488372093,-0.015151515151515138,0.0,-0.018115942028985588,-0.013842746400885897
bull_to_neutral,0.16,1.0,15.0,-0.1,1,65,66,0.5909090909090909,0.37714285714285717,0.5833333333333334,0.5952380952380952,0.5846153846153846,0.37142857142857144,0.5652173913043478,0.5952380952380952,-0.0062937062937062915,-0.005714285714285727,-0.018115942028985588,0.0
bull_to_bear,0.16,1.0,15.0,-0.1,1,66,66,0.5909090909090909,0.37714285714285717,0.5833333333333334,0.5952380952380952,0.5757575757575758,0.37714285714285717,0.5652173913043478,0.5813953488372093,-0.015151515151515138,0.0,-0.018115942028985588,-0.013842746400885897
bull_to_neutral,0.16,0.99,,,0,66,66,0.5909090909090909,0.37714285714285717,0.5833333333333334,0.5952380952380952,0.5909090909090909,0.37714285714285717,0.5833333333333334,0.5952380952380952,0.0,0.0,0.0,0.0
bull_to_bear,0.16,0.99,,,0,66,66,0.5909090909090909,0.37714285714285717,0.5833333333333334,0.5952380952380952,0.5909090909090909,0.37714285714285717,0.5833333333333334,0.5952380952380952,0.0,0.0,0.0,0.0
bull_to_neutral,0.16,0.99,,0.0,0,66,66,0.5909090909090909,0.37714285714285717,0.5833333333333334,0.5952380952380952,0.5909090909090909,0.37714285714285717,0.5833333333333334,0.5952380952380952,0.0,0.0,0.0,0.0
bull_to_bear,0.16,0.99,,0.0,0,66,66,0.5909090909090909,0.37714285714285717,0.5833333333333334,0.5952380952380952,0.5909090909090909,0.37714285714285717,0.5833333333333334,0.5952380952380952,0.0,0.0,0.0,0.0
bull_to_neutral,0.16,0.99,,-0.05,0,66,66,0.5909090909090909,0.37714285714285717,0.5833333333333334,0.5952380952380952,0.5909090909090909,0.37714285714285717,0.5833333333333334,0.5952380952380952,0.0,0.0,0.0,0.0
bull_to_bear,0.16,0.99,,-0.05,0,66,66,0.5909090909090909,0.37714285714285717,0.5833333333333334,0.5952380952380952,0.5909090909090909,0.37714285714285717,0.5833333333333334,0.5952380952380952,0.0,0.0,0.0,0.0
bull_to_neutral,0.16,0.99,,-0.1,0,66,66,0.5909090909090909,0.37714285714285717,0.5833333333333334,0.5952380952380952,0.5909090909090909,0.37714285714285717,0.5833333333333334,0.5952380952380952,0.0,0.0,0.0,0.0
bull_to_bear,0.16,0.99,,-0.1,0,66,66,0.5909090909090909,0.37714285714285717,0.5833333333333334,0.5952380952380952,0.5909090909090909,0.37714285714285717,0.5833333333333334,0.5952380952380952,0.0,0.0,0.0,0.0
bull_to_neutral,0.16,0.99,0.0,,0,66,66,0.5909090909090909,0.37714285714285717,0.5833333333333334,0.5952380952380952,0.5909090909090909,0.37714285714285717,0.5833333333333334,0.5952380952380952,0.0,0.0,0.0,0.0
bull_to_bear,0.16,0.99,0.0,,0,66,66,0.5909090909090909,0.37714285714285717,0.5833333333333334,0.5952380952380952,0.5909090909090909,0.37714285714285717,0.5833333333333334,0.5952380952380952,0.0,0.0,0.0,0.0
bull_to_neutral,0.16,0.99,0.0,0.0,0,66,66,0.5909090909090909,0.37714285714285717,0.5833333333333334,0.5952380952380952,0.5909090909090909,0.37714285714285717,0.5833333333333334,0.5952380952380952,0.0,0.0,0.0,0.0
bull_to_bear,0.16,0.99,0.0,0.0,0,66,66,0.5909090909090909,0.37714285714285717,0.5833333333333334,0.5952380952380952,0.5909090909090909,0.37714285714285717,0.5833333333333334,0.5952380952380952,0.0,0.0,0.0,0.0
bull_to_neutral,0.16,0.99,0.0,-0.05,0,66,66,0.5909090909090909,0.37714285714285717,0.5833333333333334,0.5952380952380952,0.5909090909090909,0.37714285714285717,0.5833333333333334,0.5952380952380952,0.0,0.0,0.0,0.0
bull_to_bear,0.16,0.99,0.0,-0.05,0,66,66,0.5909090909090909,0.37714285714285717,0.5833333333333334,0.5952380952380952,0.5909090909090909,0.37714285714285717,0.5833333333333334,0.5952380952380952,0.0,0.0,0.0,0.0
bull_to_neutral,0.16,0.99,0.0,-0.1,0,66,66,0.5909090909090909,0.37714285714285717,0.5833333333333334,0.5952380952380952,0.5909090909090909,0.37714285714285717,0.5833333333333334,0.5952380952380952,0.0,0.0,0.0,0.0
bull_to_bear,0.16,0.99,0.0,-0.1,0,66,66,0.5909090909090909,0.37714285714285717,0.5833333333333334,0.5952380952380952,0.5909090909090909,0.37714285714285717,0.5833333333333334,0.5952380952380952,0.0,0.0,0.0,0.0
bull_to_neutral,0.16,0.99,5.0,,0,66,66,0.5909090909090909,0.37714285714285717,0.5833333333333334,0.5952380952380952,0.5909090909090909,0.37714285714285717,0.5833333333333334,0.5952380952380952,0.0,0.0,0.0,0.0
bull_to_bear,0.16,0.99,5.0,,0,66,66,0.5909090909090909,0.37714285714285717,0.5833333333333334,0.5952380952380952,0.5909090909090909,0.37714285714285717,0.5833333333333334,0.5952380952380952,0.0,0.0,0.0,0.0
bull_to_neutral,0.16,0.99,5.0,0.0,0,66,66,0.5909090909090909,0.37714285714285717,0.5833333333333334,0.5952380952380952,0.5909090909090909,0.37714285714285717,0.5833333333333334,0.5952380952380952,0.0,0.0,0.0,0.0
bull_to_bear,0.16,0.99,5.0,0.0,0,66,66,0.5909090909090909,0.37714285714285717,0.5833333333333334,0.5952380952380952,0.5909090909090909,0.37714285714285717,0.5833333333333334,0.5952380952380952,0.0,0.0,0.0,0.0
bull_to_neutral,0.16,0.99,5.0,-0.05,0,66,66,0.5909090909090909,0.37714285714285717,0.5833333333333334,0.5952380952380952,0.5909090909090909,0.37714285714285717,0.5833333333333334,0.5952380952380952,0.0,0.0,0.0,0.0
bull_to_bear,0.16,0.99,5.0,-0.05,0,66,66,0.5909090909090909,0.37714285714285717,0.5833333333333334,0.5952380952380952,0.5909090909090909,0.37714285714285717,0.5833333333333334,0.5952380952380952,0.0,0.0,0.0,0.0
bull_to_neutral,0.16,0.99,5.0,-0.1,0,66,66,0.5909090909090909,0.37714285714285717,0.5833333333333334,0.5952380952380952,0.5909090909090909,0.37714285714285717,0.5833333333333334,0.5952380952380952,0.0,0.0,0.0,0.0
bull_to_bear,0.16,0.99,5.0,-0.1,0,66,66,0.5909090909090909,0.37714285714285717,0.5833333333333334,0.5952380952380952,0.5909090909090909,0.37714285714285717,0.5833333333333334,0.5952380952380952,0.0,0.0,0.0,0.0
bull_to_neutral,0.16,0.99,10.0,,0,66,66,0.5909090909090909,0.37714285714285717,0.5833333333333334,0.5952380952380952,0.5909090909090909,0.37714285714285717,0.5833333333333334,0.5952380952380952,0.0,0.0,0.0,0.0
bull_to_bear,0.16,0.99,10.0,,0,66,66,0.5909090909090909,0.37714285714285717,0.5833333333333334,0.5952380952380952,0.5909090909090909,0.37714285714285717,0.5833333333333334,0.5952380952380952,0.0,0.0,0.0,0.0
bull_to_neutral,0.16,0.99,10.0,0.0,0,66,66,0.5909090909090909,0.37714285714285717,0.5833333333333334,0.5952380952380952,0.5909090909090909,0.37714285714285717,0.5833333333333334,0.5952380952380952,0.0,0.0,0.0,0.0
bull_to_bear,0.16,0.99,10.0,0.0,0,66,66,0.5909090909090909,0.37714285714285717,0.5833333333333334,0.5952380952380952,0.5909090909090909,0.37714285714285717,0.5833333333333334,0.5952380952380952,0.0,0.0,0.0,0.0
bull_to_neutral,0.16,0.99,10.0,-0.05,0,66,66,0.5909090909090909,0.37714285714285717,0.5833333333333334,0.5952380952380952,0.5909090909090909,0.37714285714285717,0.5833333333333334,0.5952380952380952,0.0,0.0,0.0,0.0
bull_to_bear,0.16,0.99,10.0,-0.05,0,66,66,0.5909090909090909,0.37714285714285717,0.5833333333333334,0.5952380952380952,0.5909090909090909,0.37714285714285717,0.5833333333333334,0.5952380952380952,0.0,0.0,0.0,0.0
bull_to_neutral,0.16,0.99,10.0,-0.1,0,66,66,0.5909090909090909,0.37714285714285717,0.5833333333333334,0.5952380952380952,0.5909090909090909,0.37714285714285717,0.5833333333333334,0.5952380952380952,0.0,0.0,0.0,0.0
bull_to_bear,0.16,0.99,10.0,-0.1,0,66,66,0.5909090909090909,0.37714285714285717,0.5833333333333334,0.5952380952380952,0.5909090909090909,0.37714285714285717,0.5833333333333334,0.5952380952380952,0.0,0.0,0.0,0.0
bull_to_neutral,0.16,0.99,15.0,,0,66,66,0.5909090909090909,0.37714285714285717,0.5833333333333334,0.5952380952380952,0.5909090909090909,0.37714285714285717,0.5833333333333334,0.5952380952380952,0.0,0.0,0.0,0.0
bull_to_bear,0.16,0.99,15.0,,0,66,66,0.5909090909090909,0.37714285714285717,0.5833333333333334,0.5952380952380952,0.5909090909090909,0.37714285714285717,0.5833333333333334,0.5952380952380952,0.0,0.0,0.0,0.0
bull_to_neutral,0.16,0.99,15.0,0.0,0,66,66,0.5909090909090909,0.37714285714285717,0.5833333333333334,0.5952380952380952,0.5909090909090909,0.37714285714285717,0.5833333333333334,0.5952380952380952,0.0,0.0,0.0,0.0
bull_to_bear,0.16,0.99,15.0,0.0,0,66,66,0.5909090909090909,0.37714285714285717,0.5833333333333334,0.5952380952380952,0.5909090909090909,0.37714285714285717,0.5833333333333334,0.5952380952380952,0.0,0.0,0.0,0.0
bull_to_neutral,0.16,0.99,15.0,-0.05,0,66,66,0.5909090909090909,0.37714285714285717,0.5833333333333334,0.5952380952380952,0.5909090909090909,0.37714285714285717,0.5833333333333334,0.5952380952380952,0.0,0.0,0.0,0.0
bull_to_bear,0.16,0.99,15.0,-0.05,0,66,66,0.5909090909090909,0.37714285714285717,0.5833333333333334,0.5952380952380952,0.5909090909090909,0.37714285714285717,0.5833333333333334,0.5952380952380952,0.0,0.0,0.0,0.0
bull_to_neutral,0.16,0.99,15.0,-0.1,0,66,66,0.5909090909090909,0.37714285714285717,0.5833333333333334,0.5952380952380952,0.5909090909090909,0.37714285714285717,0.5833333333333334,0.5952380952380952,0.0,0.0,0.0,0.0
bull_to_bear,0.16,0.99,15.0,-0.1,0,66,66,0.5909090909090909,0.37714285714285717,0.5833333333333334,0.5952380952380952,0.5909090909090909,0.37714285714285717,0.5833333333333334,0.5952380952380952,0.0,0.0,0.0,0.0
bull_to_neutral,0.16,0.98,,,0,66,66,0.5909090909090909,0.37714285714285717,0.5833333333333334,0.5952380952380952,0.5909090909090909,0.37714285714285717,0.5833333333333334,0.5952380952380952,0.0,0.0,0.0,0.0
bull_to_bear,0.16,0.98,,,0,66,66,0.5909090909090909,0.37714285714285717,0.5833333333333334,0.5952380952380952,0.5909090909090909,0.37714285714285717,0.5833333333333334,0.5952380952380952,0.0,0.0,0.0,0.0
bull_to_neutral,0.16,0.98,,0.0,0,66,66,0.5909090909090909,0.37714285714285717,0.5833333333333334,0.5952380952380952,0.5909090909090909,0.37714285714285717,0.5833333333333334,0.5952380952380952,0.0,0.0,0.0,0.0
bull_to_bear,0.16,0.98,,0.0,0,66,66,0.5909090909090909,0.37714285714285717,0.5833333333333334,0.5952380952380952,0.5909090909090909,0.37714285714285717,0.5833333333333334,0.5952380952380952,0.0,0.0,0.0,0.0
bull_to_neutral,0.16,0.98,,-0.05,0,66,66,0.5909090909090909,0.37714285714285717,0.5833333333333334,0.5952380952380952,0.5909090909090909,0.37714285714285717,0.5833333333333334,0.5952380952380952,0.0,0.0,0.0,0.0
bull_to_bear,0.16,0.98,,-0.05,0,66,66,0.5909090909090909,0.37714285714285717,0.5833333333333334,0.5952380952380952,0.5909090909090909,0.37714285714285717,0.5833333333333334,0.5952380952380952,0.0,0.0,0.0,0.0
bull_to_neutral,0.16,0.98,,-0.1,0,66,66,0.5909090909090909,0.37714285714285717,0.5833333333333334,0.5952380952380952,0.5909090909090909,0.37714285714285717,0.5833333333333334,0.5952380952380952,0.0,0.0,0.0,0.0
bull_to_bear,0.16,0.98,,-0.1,0,66,66,0.5909090909090909,0.37714285714285717,0.5833333333333334,0.5952380952380952,0.5909090909090909,0.37714285714285717,0.5833333333333334,0.5952380952380952,0.0,0.0,0.0,0.0
bull_to_neutral,0.16,0.98,0.0,,0,66,66,0.5909090909090909,0.37714285714285717,0.5833333333333334,0.5952380952380952,0.5909090909090909,0.37714285714285717,0.5833333333333334,0.5952380952380952,0.0,0.0,0.0,0.0
bull_to_bear,0.16,0.98,0.0,,0,66,66,0.5909090909090909,0.37714285714285717,0.5833333333333334,0.5952380952380952,0.5909090909090909,0.37714285714285717,0.5833333333333334,0.5952380952380952,0.0,0.0,0.0,0.0
bull_to_neutral,0.16,0.98,0.0,0.0,0,66,66,0.5909090909090909,0.37714285714285717,0.5833333333333334,0.5952380952380952,0.5909090909090909,0.37714285714285717,0.5833333333333334,0.5952380952380952,0.0,0.0,0.0,0.0
bull_to_bear,0.16,0.98,0.0,0.0,0,66,66,0.5909090909090909,0.37714285714285717,0.5833333333333334,0.5952380952380952,0.5909090909090909,0.37714285714285717,0.5833333333333334,0.5952380952380952,0.0,0.0,0.0,0.0
bull_to_neutral,0.16,0.98,0.0,-0.05,0,66,66,0.5909090909090909,0.37714285714285717,0.5833333333333334,0.5952380952380952,0.5909090909090909,0.37714285714285717,0.5833333333333334,0.5952380952380952,0.0,0.0,0.0,0.0
bull_to_bear,0.16,0.98,0.0,-0.05,0,66,66,0.5909090909090909,0.37714285714285717,0.5833333333333334,0.5952380952380952,0.5909090909090909,0.37714285714285717,0.5833333333333334,0.5952380952380952,0.0,0.0,0.0,0.0
bull_to_neutral,0.16,0.98,0.0,-0.1,0,66,66,0.5909090909090909,0.37714285714285717,0.5833333333333334,0.5952380952380952,0.5909090909090909,0.37714285714285717,0.5833333333333334,0.5952380952380952,0.0,0.0,0.0,0.0
bull_to_bear,0.16,0.98,0.0,-0.1,0,66,66,0.5909090909090909,0.37714285714285717,0.5833333333333334,0.5952380952380952,0.5909090909090909,0.37714285714285717,0.5833333333333334,0.5952380952380952,0.0,0.0,0.0,0.0
bull_to_neutral,0.16,0.98,5.0,,0,66,66,0.5909090909090909,0.37714285714285717,0.5833333333333334,0.5952380952380952,0.5909090909090909,0.37714285714285717,0.5833333333333334,0.5952380952380952,0.0,0.0,0.0,0.0
bull_to_bear,0.16,0.98,5.0,,0,66,66,0.5909090909090909,0.37714285714285717,0.5833333333333334,0.5952380952380952,0.5909090909090909,0.37714285714285717,0.5833333333333334,0.5952380952380952,0.0,0.0,0.0,0.0
bull_to_neutral,0.16,0.98,5.0,0.0,0,66,66,0.5909090909090909,0.37714285714285717,0.5833333333333334,0.5952380952380952,0.5909090909090909,0.37714285714285717,0.5833333333333334,0.5952380952380952,0.0,0.0,0.0,0.0
bull_to_bear,0.16,0.98,5.0,0.0,0,66,66,0.5909090909090909,0.37714285714285717,0.5833333333333334,0.5952380952380952,0.5909090909090909,0.37714285714285717,0.5833333333333334,0.5952380952380952,0.0,0.0,0.0,0.0
bull_to_neutral,0.16,0.98,5.0,-0.05,0,66,66,0.5909090909090909,0.37714285714285717,0.5833333333333334,0.5952380952380952,0.5909090909090909,0.37714285714285717,0.5833333333333334,0.5952380952380952,0.0,0.0,0.0,0.0
bull_to_bear,0.16,0.98,5.0,-0.05,0,66,66,0.5909090909090909,0.37714285714285717,0.5833333333333334,0.5952380952380952,0.5909090909090909,0.37714285714285717,0.5833333333333334,0.5952380952380952,0.0,0.0,0.0,0.0
bull_to_neutral,0.16,0.98,5.0,-0.1,0,66,66,0.5909090909090909,0.37714285714285717,0.5833333333333334,0.5952380952380952,0.5909090909090909,0.37714285714285717,0.5833333333333334,0.5952380952380952,0.0,0.0,0.0,0.0
bull_to_bear,0.16,0.98,5.0,-0.1,0,66,66,0.5909090909090909,0.37714285714285717,0.5833333333333334,0.5952380952380952,0.5909090909090909,0.37714285714285717,0.5833333333333334,0.5952380952380952,0.0,0.0,0.0,0.0
bull_to_neutral,0.16,0.98,10.0,,0,66,66,0.5909090909090909,0.37714285714285717,0.5833333333333334,0.5952380952380952,0.5909090909090909,0.37714285714285717,0.5833333333333334,0.5952380952380952,0.0,0.0,0.0,0.0
bull_to_bear,0.16,0.98,10.0,,0,66,66,0.5909090909090909,0.37714285714285717,0.5833333333333334,0.5952380952380952,0.5909090909090909,0.37714285714285717,0.5833333333333334,0.5952380952380952,0.0,0.0,0.0,0.0
bull_to_neutral,0.16,0.98,10.0,0.0,0,66,66,0.5909090909090909,0.37714285714285717,0.5833333333333334,0.5952380952380952,0.5909090909090909,0.37714285714285717,0.5833333333333334,0.5952380952380952,0.0,0.0,0.0,0.0
bull_to_bear,0.16,0.98,10.0,0.0,0,66,66,0.5909090909090909,0.37714285714285717,0.5833333333333334,0.5952380952380952,0.5909090909090909,0.37714285714285717,0.5833333333333334,0.5952380952380952,0.0,0.0,0.0,0.0
bull_to_neutral,0.16,0.98,10.0,-0.05,0,66,66,0.5909090909090909,0.37714285714285717,0.5833333333333334,0.5952380952380952,0.5909090909090909,0.37714285714285717,0.5833333333333334,0.5952380952380952,0.0,0.0,0.0,0.0
bull_to_bear,0.16,0.98,10.0,-0.05,0,66,66,0.5909090909090909,0.37714285714285717,0.5833333333333334,0.5952380952380952,0.5909090909090909,0.37714285714285717,0.5833333333333334,0.5952380952380952,0.0,0.0,0.0,0.0
bull_to_neutral,0.16,0.98,10.0,-0.1,0,66,66,0.5909090909090909,0.37714285714285717,0.5833333333333334,0.5952380952380952,0.5909090909090909,0.37714285714285717,0.5833333333333334,0.5952380952380952,0.0,0.0,0.0,0.0
bull_to_bear,0.16,0.98,10.0,-0.1,0,66,66,0.5909090909090909,0.37714285714285717,0.5833333333333334,0.5952380952380952,0.5909090909090909,0.37714285714285717,0.5833333333333334,0.5952380952380952,0.0,0.0,0.0,0.0
bull_to_neutral,0.16,0.98,15.0,,0,66,66,0.5909090909090909,0.37714285714285717,0.5833333333333334,0.5952380952380952,0.5909090909090909,0.37714285714285717,0.5833333333333334,0.5952380952380952,0.0,0.0,0.0,0.0
bull_to_bear,0.16,0.98,15.0,,0,66,66,0.5909090909090909,0.37714285714285717,0.5833333333333334,0.5952380952380952,0.5909090909090909,0.37714285714285717,0.5833333333333334,0.5952380952380952,0.0,0.0,0.0,0.0
bull_to_neutral,0.16,0.98,15.0,0.0,0,66,66,0.5909090909090909,0.37714285714285717,0.5833333333333334,0.5952380952380952,0.5909090909090909,0.37714285714285717,0.5833333333333334,0.5952380952380952,0.0,0.0,0.0,0.0
bull_to_bear,0.16,0.98,15.0,0.0,0,66,66,0.5909090909090909,0.37714285714285717,0.5833333333333334,0.5952380952380952,0.5909090909090909,0.37714285714285717,0.5833333333333334,0.5952380952380952,0.0,0.0,0.0,0.0
bull_to_neutral,0.16,0.98,15.0,-0.05,0,66,66,0.5909090909090909,0.37714285714285717,0.5833333333333334,0.5952380952380952,0.5909090909090909,0.37714285714285717,0.5833333333333334,0.5952380952380952,0.0,0.0,0.0,0.0
bull_to_bear,0.16,0.98,15.0,-0.05,0,66,66,0.5909090909090909,0.37714285714285717,0.5833333333333334,0.5952380952380952,0.5909090909090909,0.37714285714285717,0.5833333333333334,0.5952380952380952,0.0,0.0,0.0,0.0
bull_to_neutral,0.16,0.98,15.0,-0.1,0,66,66,0.5909090909090909,0.37714285714285717,0.5833333333333334,0.5952380952380952,0.5909090909090909,0.37714285714285717,0.5833333333333334,0.5952380952380952,0.0,0.0,0.0,0.0
bull_to_bear,0.16,0.98,15.0,-0.1,0,66,66,0.5909090909090909,0.37714285714285717,0.5833333333333334,0.5952380952380952,0.5909090909090909,0.37714285714285717,0.5833333333333334,0.5952380952380952,0.0,0.0,0.0,0.0
bull_to_neutral,0.16,0.97,,,0,66,66,0.5909090909090909,0.37714285714285717,0.5833333333333334,0.5952380952380952,0.5909090909090909,0.37714285714285717,0.5833333333333334,0.5952380952380952,0.0,0.0,0.0,0.0
bull_to_bear,0.16,0.97,,,0,66,66,0.5909090909090909,0.37714285714285717,0.5833333333333334,0.5952380952380952,0.5909090909090909,0.37714285714285717,0.5833333333333334,0.5952380952380952,0.0,0.0,0.0,0.0
bull_to_neutral,0.16,0.97,,0.0,0,66,66,0.5909090909090909,0.37714285714285717,0.5833333333333334,0.5952380952380952,0.5909090909090909,0.37714285714285717,0.5833333333333334,0.5952380952380952,0.0,0.0,0.0,0.0
bull_to_bear,0.16,0.97,,0.0,0,66,66,0.5909090909090909,0.37714285714285717,0.5833333333333334,0.5952380952380952,0.5909090909090909,0.37714285714285717,0.5833333333333334,0.5952380952380952,0.0,0.0,0.0,0.0
bull_to_neutral,0.16,0.97,,-0.05,0,66,66,0.5909090909090909,0.37714285714285717,0.5833333333333334,0.5952380952380952,0.5909090909090909,0.37714285714285717,0.5833333333333334,0.5952380952380952,0.0,0.0,0.0,0.0
bull_to_bear,0.16,0.97,,-0.05,0,66,66,0.5909090909090909,0.37714285714285717,0.5833333333333334,0.5952380952380952,0.5909090909090909,0.37714285714285717,0.5833333333333334,0.5952380952380952,0.0,0.0,0.0,0.0
bull_to_neutral,0.16,0.97,,-0.1,0,66,66,0.5909090909090909,0.37714285714285717,0.5833333333333334,0.5952380952380952,0.5909090909090909,0.37714285714285717,0.5833333333333334,0.5952380952380952,0.0,0.0,0.0,0.0
bull_to_bear,0.16,0.97,,-0.1,0,66,66,0.5909090909090909,0.37714285714285717,0.5833333333333334,0.5952380952380952,0.5909090909090909,0.37714285714285717,0.5833333333333334,0.5952380952380952,0.0,0.0,0.0,0.0
bull_to_neutral,0.16,0.97,0.0,,0,66,66,0.5909090909090909,0.37714285714285717,0.5833333333333334,0.5952380952380952,0.5909090909090909,0.37714285714285717,0.5833333333333334,0.5952380952380952,0.0,0.0,0.0,0.0
bull_to_bear,0.16,0.97,0.0,,0,66,66,0.5909090909090909,0.37714285714285717,0.5833333333333334,0.5952380952380952,0.5909090909090909,0.37714285714285717,0.5833333333333334,0.5952380952380952,0.0,0.0,0.0,0.0
bull_to_neutral,0.16,0.97,0.0,0.0,0,66,66,0.5909090909090909,0.37714285714285717,0.5833333333333334,0.5952380952380952,0.5909090909090909,0.37714285714285717,0.5833333333333334,0.5952380952380952,0.0,0.0,0.0,0.0
bull_to_bear,0.16,0.97,0.0,0.0,0,66,66,0.5909090909090909,0.37714285714285717,0.5833333333333334,0.5952380952380952,0.5909090909090909,0.37714285714285717,0.5833333333333334,0.5952380952380952,0.0,0.0,0.0,0.0
bull_to_neutral,0.16,0.97,0.0,-0.05,0,66,66,0.5909090909090909,0.37714285714285717,0.5833333333333334,0.5952380952380952,0.5909090909090909,0.37714285714285717,0.5833333333333334,0.5952380952380952,0.0,0.0,0.0,0.0
bull_to_bear,0.16,0.97,0.0,-0.05,0,66,66,0.5909090909090909,0.37714285714285717,0.5833333333333334,0.5952380952380952,0.5909090909090909,0.37714285714285717,0.5833333333333334,0.5952380952380952,0.0,0.0,0.0,0.0
bull_to_neutral,0.16,0.97,0.0,-0.1,0,66,66,0.5909090909090909,0.37714285714285717,0.5833333333333334,0.5952380952380952,0.5909090909090909,0.37714285714285717,0.5833333333333334,0.5952380952380952,0.0,0.0,0.0,0.0
bull_to_bear,0.16,0.97,0.0,-0.1,0,66,66,0.5909090909090909,0.37714285714285717,0.5833333333333334,0.5952380952380952,0.5909090909090909,0.37714285714285717,0.5833333333333334,0.5952380952380952,0.0,0.0,0.0,0.0
bull_to_neutral,0.16,0.97,5.0,,0,66,66,0.5909090909090909,0.37714285714285717,0.5833333333333334,0.5952380952380952,0.5909090909090909,0.37714285714285717,0.5833333333333334,0.5952380952380952,0.0,0.0,0.0,0.0
bull_to_bear,0.16,0.97,5.0,,0,66,66,0.5909090909090909,0.37714285714285717,0.5833333333333334,0.5952380952380952,0.5909090909090909,0.37714285714285717,0.5833333333333334,0.5952380952380952,0.0,0.0,0.0,0.0
bull_to_neutral,0.16,0.97,5.0,0.0,0,66,66,0.5909090909090909,0.37714285714285717,0.5833333333333334,0.5952380952380952,0.5909090909090909,0.37714285714285717,0.5833333333333334,0.5952380952380952,0.0,0.0,0.0,0.0
bull_to_bear,0.16,0.97,5.0,0.0,0,66,66,0.5909090909090909,0.37714285714285717,0.5833333333333334,0.5952380952380952,0.5909090909090909,0.37714285714285717,0.5833333333333334,0.5952380952380952,0.0,0.0,0.0,0.0
bull_to_neutral,0.16,0.97,5.0,-0.05,0,66,66,0.5909090909090909,0.37714285714285717,0.5833333333333334,0.5952380952380952,0.5909090909090909,0.37714285714285717,0.5833333333333334,0.5952380952380952,0.0,0.0,0.0,0.0
bull_to_bear,0.16,0.97,5.0,-0.05,0,66,66,0.5909090909090909,0.37714285714285717,0.5833333333333334,0.5952380952380952,0.5909090909090909,0.37714285714285717,0.5833333333333334,0.5952380952380952,0.0,0.0,0.0,0.0
bull_to_neutral,0.16,0.97,5.0,-0.1,0,66,66,0.5909090909090909,0.37714285714285717,0.5833333333333334,0.5952380952380952,0.5909090909090909,0.37714285714285717,0.5833333333333334,0.5952380952380952,0.0,0.0,0.0,0.0
bull_to_bear,0.16,0.97,5.0,-0.1,0,66,66,0.5909090909090909,0.37714285714285717,0.5833333333333334,0.5952380952380952,0.5909090909090909,0.37714285714285717,0.5833333333333334,0.5952380952380952,0.0,0.0,0.0,0.0
bull_to_neutral,0.16,0.97,10.0,,0,66,66,0.5909090909090909,0.37714285714285717,0.5833333333333334,0.5952380952380952,0.5909090909090909,0.37714285714285717,0.5833333333333334,0.5952380952380952,0.0,0.0,0.0,0.0
bull_to_bear,0.16,0.97,10.0,,0,66,66,0.5909090909090909,0.37714285714285717,0.5833333333333334,0.5952380952380952,0.5909090909090909,0.37714285714285717,0.5833333333333334,0.5952380952380952,0.0,0.0,0.0,0.0
bull_to_neutral,0.16,0.97,10.0,0.0,0,66,66,0.5909090909090909,0.37714285714285717,0.5833333333333334,0.5952380952380952,0.5909090909090909,0.37714285714285717,0.5833333333333334,0.5952380952380952,0.0,0.0,0.0,0.0
bull_to_bear,0.16,0.97,10.0,0.0,0,66,66,0.5909090909090909,0.37714285714285717,0.5833333333333334,0.5952380952380952,0.5909090909090909,0.37714285714285717,0.5833333333333334,0.5952380952380952,0.0,0.0,0.0,0.0
bull_to_neutral,0.16,0.97,10.0,-0.05,0,66,66,0.5909090909090909,0.37714285714285717,0.5833333333333334,0.5952380952380952,0.5909090909090909,0.37714285714285717,0.5833333333333334,0.5952380952380952,0.0,0.0,0.0,0.0
bull_to_bear,0.16,0.97,10.0,-0.05,0,66,66,0.5909090909090909,0.37714285714285717,0.5833333333333334,0.5952380952380952,0.5909090909090909,0.37714285714285717,0.5833333333333334,0.5952380952380952,0.0,0.0,0.0,0.0
bull_to_neutral,0.16,0.97,10.0,-0.1,0,66,66,0.5909090909090909,0.37714285714285717,0.5833333333333334,0.5952380952380952,0.5909090909090909,0.37714285714285717,0.5833333333333334,0.5952380952380952,0.0,0.0,0.0,0.0
bull_to_bear,0.16,0.97,10.0,-0.1,0,66,66,0.5909090909090909,0.37714285714285717,0.5833333333333334,0.5952380952380952,0.5909090909090909,0.37714285714285717,0.5833333333333334,0.5952380952380952,0.0,0.0,0.0,0.0
bull_to_neutral,0.16,0.97,15.0,,0,66,66,0.5909090909090909,0.37714285714285717,0.5833333333333334,0.5952380952380952,0.5909090909090909,0.37714285714285717,0.5833333333333334,0.5952380952380952,0.0,0.0,0.0,0.0
bull_to_bear,0.16,0.97,15.0,,0,66,66,0.5909090909090909,0.37714285714285717,0.5833333333333334,0.5952380952380952,0.5909090909090909,0.37714285714285717,0.5833333333333334,0.5952380952380952,0.0,0.0,0.0,0.0
bull_to_neutral,0.16,0.97,15.0,0.0,0,66,66,0.5909090909090909,0.37714285714285717,0.5833333333333334,0.5952380952380952,0.5909090909090909,0.37714285714285717,0.5833333333333334,0.5952380952380952,0.0,0.0,0.0,0.0
bull_to_bear,0.16,0.97,15.0,0.0,0,66,66,0.5909090909090909,0.37714285714285717,0.5833333333333334,0.5952380952380952,0.5909090909090909,0.37714285714285717,0.5833333333333334,0.5952380952380952,0.0,0.0,0.0,0.0
bull_to_neutral,0.16,0.97,15.0,-0.05,0,66,66,0.5909090909090909,0.37714285714285717,0.5833333333333334,0.5952380952380952,0.5909090909090909,0.37714285714285717,0.5833333333333334,0.5952380952380952,0.0,0.0,0.0,0.0
bull_to_bear,0.16,0.97,15.0,-0.05,0,66,66,0.5909090909090909,0.37714285714285717,0.5833333333333334,0.5952380952380952,0.5909090909090909,0.37714285714285717,0.5833333333333334,0.5952380952380952,0.0,0.0,0.0,0.0
bull_to_neutral,0.16,0.97,15.0,-0.1,0,66,66,0.5909090909090909,0.37714285714285717,0.5833333333333334,0.5952380952380952,0.5909090909090909,0.37714285714285717,0.5833333333333334,0.5952380952380952,0.0,0.0,0.0,0.0
bull_to_bear,0.16,0.97,15.0,-0.1,0,66,66,0.5909090909090909,0.37714285714285717,0.5833333333333334,0.5952380952380952,0.5909090909090909,0.37714285714285717,0.5833333333333334,0.5952380952380952,0.0,0.0,0.0,0.0
bull_to_neutral,0.16,0.95,,,0,66,66,0.5909090909090909,0.37714285714285717,0.5833333333333334,0.5952380952380952,0.5909090909090909,0.37714285714285717,0.5833333333333334,0.5952380952380952,0.0,0.0,0.0,0.0
bull_to_bear,0.16,0.95,,,0,66,66,0.5909090909090909,0.37714285714285717,0.5833333333333334,0.5952380952380952,0.5909090909090909,0.37714285714285717,0.5833333333333334,0.5952380952380952,0.0,0.0,0.0,0.0
bull_to_neutral,0.16,0.95,,0.0,0,66,66,0.5909090909090909,0.37714285714285717,0.5833333333333334,0.5952380952380952,0.5909090909090909,0.37714285714285717,0.5833333333333334,0.5952380952380952,0.0,0.0,0.0,0.0
bull_to_bear,0.16,0.95,,0.0,0,66,66,0.5909090909090909,0.37714285714285717,0.5833333333333334,0.5952380952380952,0.5909090909090909,0.37714285714285717,0.5833333333333334,0.5952380952380952,0.0,0.0,0.0,0.0
bull_to_neutral,0.16,0.95,,-0.05,0,66,66,0.5909090909090909,0.37714285714285717,0.5833333333333334,0.5952380952380952,0.5909090909090909,0.37714285714285717,0.5833333333333334,0.5952380952380952,0.0,0.0,0.0,0.0
bull_to_bear,0.16,0.95,,-0.05,0,66,66,0.5909090909090909,0.37714285714285717,0.5833333333333334,0.5952380952380952,0.5909090909090909,0.37714285714285717,0.5833333333333334,0.5952380952380952,0.0,0.0,0.0,0.0
bull_to_neutral,0.16,0.95,,-0.1,0,66,66,0.5909090909090909,0.37714285714285717,0.5833333333333334,0.5952380952380952,0.5909090909090909,0.37714285714285717,0.5833333333333334,0.5952380952380952,0.0,0.0,0.0,0.0
bull_to_bear,0.16,0.95,,-0.1,0,66,66,0.5909090909090909,0.37714285714285717,0.5833333333333334,0.5952380952380952,0.5909090909090909,0.37714285714285717,0.5833333333333334,0.5952380952380952,0.0,0.0,0.0,0.0
bull_to_neutral,0.16,0.95,0.0,,0,66,66,0.5909090909090909,0.37714285714285717,0.5833333333333334,0.5952380952380952,0.5909090909090909,0.37714285714285717,0.5833333333333334,0.5952380952380952,0.0,0.0,0.0,0.0
bull_to_bear,0.16,0.95,0.0,,0,66,66,0.5909090909090909,0.37714285714285717,0.5833333333333334,0.5952380952380952,0.5909090909090909,0.37714285714285717,0.5833333333333334,0.5952380952380952,0.0,0.0,0.0,0.0
bull_to_neutral,0.16,0.95,0.0,0.0,0,66,66,0.5909090909090909,0.37714285714285717,0.5833333333333334,0.5952380952380952,0.5909090909090909,0.37714285714285717,0.5833333333333334,0.5952380952380952,0.0,0.0,0.0,0.0
bull_to_bear,0.16,0.95,0.0,0.0,0,66,66,0.5909090909090909,0.37714285714285717,0.5833333333333334,0.5952380952380952,0.5909090909090909,0.37714285714285717,0.5833333333333334,0.5952380952380952,0.0,0.0,0.0,0.0
bull_to_neutral,0.16,0.95,0.0,-0.05,0,66,66,0.5909090909090909,0.37714285714285717,0.5833333333333334,0.5952380952380952,0.5909090909090909,0.37714285714285717,0.5833333333333334,0.5952380952380952,0.0,0.0,0.0,0.0
bull_to_bear,0.16,0.95,0.0,-0.05,0,66,66,0.5909090909090909,0.37714285714285717,0.5833333333333334,0.5952380952380952,0.5909090909090909,0.37714285714285717,0.5833333333333334,0.5952380952380952,0.0,0.0,0.0,0.0
bull_to_neutral,0.16,0.95,0.0,-0.1,0,66,66,0.5909090909090909,0.37714285714285717,0.5833333333333334,0.5952380952380952,0.5909090909090909,0.37714285714285717,0.5833333333333334,0.5952380952380952,0.0,0.0,0.0,0.0
bull_to_bear,0.16,0.95,0.0,-0.1,0,66,66,0.5909090909090909,0.37714285714285717,0.5833333333333334,0.5952380952380952,0.5909090909090909,0.37714285714285717,0.5833333333333334,0.5952380952380952,0.0,0.0,0.0,0.0
bull_to_neutral,0.16,0.95,5.0,,0,66,66,0.5909090909090909,0.37714285714285717,0.5833333333333334,0.5952380952380952,0.5909090909090909,0.37714285714285717,0.5833333333333334,0.5952380952380952,0.0,0.0,0.0,0.0
bull_to_bear,0.16,0.95,5.0,,0,66,66,0.5909090909090909,0.37714285714285717,0.5833333333333334,0.5952380952380952,0.5909090909090909,0.37714285714285717,0.5833333333333334,0.5952380952380952,0.0,0.0,0.0,0.0
bull_to_neutral,0.16,0.95,5.0,0.0,0,66,66,0.5909090909090909,0.37714285714285717,0.5833333333333334,0.5952380952380952,0.5909090909090909,0.37714285714285717,0.5833333333333334,0.5952380952380952,0.0,0.0,0.0,0.0
bull_to_bear,0.16,0.95,5.0,0.0,0,66,66,0.5909090909090909,0.37714285714285717,0.5833333333333334,0.5952380952380952,0.5909090909090909,0.37714285714285717,0.5833333333333334,0.5952380952380952,0.0,0.0,0.0,0.0
bull_to_neutral,0.16,0.95,5.0,-0.05,0,66,66,0.5909090909090909,0.37714285714285717,0.5833333333333334,0.5952380952380952,0.5909090909090909,0.37714285714285717,0.5833333333333334,0.5952380952380952,0.0,0.0,0.0,0.0
bull_to_bear,0.16,0.95,5.0,-0.05,0,66,66,0.5909090909090909,0.37714285714285717,0.5833333333333334,0.5952380952380952,0.5909090909090909,0.37714285714285717,0.5833333333333334,0.5952380952380952,0.0,0.0,0.0,0.0
bull_to_neutral,0.16,0.95,5.0,-0.1,0,66,66,0.5909090909090909,0.37714285714285717,0.5833333333333334,0.5952380952380952,0.5909090909090909,0.37714285714285717,0.5833333333333334,0.5952380952380952,0.0,0.0,0.0,0.0
bull_to_bear,0.16,0.95,5.0,-0.1,0,66,66,0.5909090909090909,0.37714285714285717,0.5833333333333334,0.5952380952380952,0.5909090909090909,0.37714285714285717,0.5833333333333334,0.5952380952380952,0.0,0.0,0.0,0.0
bull_to_neutral,0.16,0.95,10.0,,0,66,66,0.5909090909090909,0.37714285714285717,0.5833333333333334,0.5952380952380952,0.5909090909090909,0.37714285714285717,0.5833333333333334,0.5952380952380952,0.0,0.0,0.0,0.0
bull_to_bear,0.16,0.95,10.0,,0,66,66,0.5909090909090909,0.37714285714285717,0.5833333333333334,0.5952380952380952,0.5909090909090909,0.37714285714285717,0.5833333333333334,0.5952380952380952,0.0,0.0,0.0,0.0
bull_to_neutral,0.16,0.95,10.0,0.0,0,66,66,0.5909090909090909,0.37714285714285717,0.5833333333333334,0.5952380952380952,0.5909090909090909,0.37714285714285717,0.5833333333333334,0.5952380952380952,0.0,0.0,0.0,0.0
bull_to_bear,0.16,0.95,10.0,0.0,0,66,66,0.5909090909090909,0.37714285714285717,0.5833333333333334,0.5952380952380952,0.5909090909090909,0.37714285714285717,0.5833333333333334,0.5952380952380952,0.0,0.0,0.0,0.0
bull_to_neutral,0.16,0.95,10.0,-0.05,0,66,66,0.5909090909090909,0.37714285714285717,0.5833333333333334,0.5952380952380952,0.5909090909090909,0.37714285714285717,0.5833333333333334,0.5952380952380952,0.0,0.0,0.0,0.0
bull_to_bear,0.16,0.95,10.0,-0.05,0,66,66,0.5909090909090909,0.37714285714285717,0.5833333333333334,0.5952380952380952,0.5909090909090909,0.37714285714285717,0.5833333333333334,0.5952380952380952,0.0,0.0,0.0,0.0
bull_to_neutral,0.16,0.95,10.0,-0.1,0,66,66,0.5909090909090909,0.37714285714285717,0.5833333333333334,0.5952380952380952,0.5909090909090909,0.37714285714285717,0.5833333333333334,0.5952380952380952,0.0,0.0,0.0,0.0
bull_to_bear,0.16,0.95,10.0,-0.1,0,66,66,0.5909090909090909,0.37714285714285717,0.5833333333333334,0.5952380952380952,0.5909090909090909,0.37714285714285717,0.5833333333333334,0.5952380952380952,0.0,0.0,0.0,0.0
bull_to_neutral,0.16,0.95,15.0,,0,66,66,0.5909090909090909,0.37714285714285717,0.5833333333333334,0.5952380952380952,0.5909090909090909,0.37714285714285717,0.5833333333333334,0.5952380952380952,0.0,0.0,0.0,0.0
bull_to_bear,0.16,0.95,15.0,,0,66,66,0.5909090909090909,0.37714285714285717,0.5833333333333334,0.5952380952380952,0.5909090909090909,0.37714285714285717,0.5833333333333334,0.5952380952380952,0.0,0.0,0.0,0.0
bull_to_neutral,0.16,0.95,15.0,0.0,0,66,66,0.5909090909090909,0.37714285714285717,0.5833333333333334,0.5952380952380952,0.5909090909090909,0.37714285714285717,0.5833333333333334,0.5952380952380952,0.0,0.0,0.0,0.0
bull_to_bear,0.16,0.95,15.0,0.0,0,66,66,0.5909090909090909,0.37714285714285717,0.5833333333333334,0.5952380952380952,0.5909090909090909,0.37714285714285717,0.5833333333333334,0.5952380952380952,0.0,0.0,0.0,0.0
bull_to_neutral,0.16,0.95,15.0,-0.05,0,66,66,0.5909090909090909,0.37714285714285717,0.5833333333333334,0.5952380952380952,0.5909090909090909,0.37714285714285717,0.5833333333333334,0.5952380952380952,0.0,0.0,0.0,0.0
bull_to_bear,0.16,0.95,15.0,-0.05,0,66,66,0.5909090909090909,0.37714285714285717,0.5833333333333334,0.5952380952380952,0.5909090909090909,0.37714285714285717,0.5833333333333334,0.5952380952380952,0.0,0.0,0.0,0.0
bull_to_neutral,0.16,0.95,15.0,-0.1,0,66,66,0.5909090909090909,0.37714285714285717,0.5833333333333334,0.5952380952380952,0.5909090909090909,0.37714285714285717,0.5833333333333334,0.5952380952380952,0.0,0.0,0.0,0.0
bull_to_bear,0.16,0.95,15.0,-0.1,0,66,66,0.5909090909090909,0.37714285714285717,0.5833333333333334,0.5952380952380952,0.5909090909090909,0.37714285714285717,0.5833333333333334,0.5952380952380952,0.0,0.0,0.0,0.0
bull_to_neutral,0.16,0.93,,,0,66,66,0.5909090909090909,0.37714285714285717,0.5833333333333334,0.5952380952380952,0.5909090909090909,0.37714285714285717,0.5833333333333334,0.5952380952380952,0.0,0.0,0.0,0.0
bull_to_bear,0.16,0.93,,,0,66,66,0.5909090909090909,0.37714285714285717,0.5833333333333334,0.5952380952380952,0.5909090909090909,0.37714285714285717,0.5833333333333334,0.5952380952380952,0.0,0.0,0.0,0.0
bull_to_neutral,0.16,0.93,,0.0,0,66,66,0.5909090909090909,0.37714285714285717,0.5833333333333334,0.5952380952380952,0.5909090909090909,0.37714285714285717,0.5833333333333334,0.5952380952380952,0.0,0.0,0.0,0.0
bull_to_bear,0.16,0.93,,0.0,0,66,66,0.5909090909090909,0.37714285714285717,0.5833333333333334,0.5952380952380952,0.5909090909090909,0.37714285714285717,0.5833333333333334,0.5952380952380952,0.0,0.0,0.0,0.0
bull_to_neutral,0.16,0.93,,-0.05,0,66,66,0.5909090909090909,0.37714285714285717,0.5833333333333334,0.5952380952380952,0.5909090909090909,0.37714285714285717,0.5833333333333334,0.5952380952380952,0.0,0.0,0.0,0.0
bull_to_bear,0.16,0.93,,-0.05,0,66,66,0.5909090909090909,0.37714285714285717,0.5833333333333334,0.5952380952380952,0.5909090909090909,0.37714285714285717,0.5833333333333334,0.5952380952380952,0.0,0.0,0.0,0.0
bull_to_neutral,0.16,0.93,,-0.1,0,66,66,0.5909090909090909,0.37714285714285717,0.5833333333333334,0.5952380952380952,0.5909090909090909,0.37714285714285717,0.5833333333333334,0.5952380952380952,0.0,0.0,0.0,0.0
bull_to_bear,0.16,0.93,,-0.1,0,66,66,0.5909090909090909,0.37714285714285717,0.5833333333333334,0.5952380952380952,0.5909090909090909,0.37714285714285717,0.5833333333333334,0.5952380952380952,0.0,0.0,0.0,0.0
bull_to_neutral,0.16,0.93,0.0,,0,66,66,0.5909090909090909,0.37714285714285717,0.5833333333333334,0.5952380952380952,0.5909090909090909,0.37714285714285717,0.5833333333333334,0.5952380952380952,0.0,0.0,0.0,0.0
bull_to_bear,0.16,0.93,0.0,,0,66,66,0.5909090909090909,0.37714285714285717,0.5833333333333334,0.5952380952380952,0.5909090909090909,0.37714285714285717,0.5833333333333334,0.5952380952380952,0.0,0.0,0.0,0.0
bull_to_neutral,0.16,0.93,0.0,0.0,0,66,66,0.5909090909090909,0.37714285714285717,0.5833333333333334,0.5952380952380952,0.5909090909090909,0.37714285714285717,0.5833333333333334,0.5952380952380952,0.0,0.0,0.0,0.0
bull_to_bear,0.16,0.93,0.0,0.0,0,66,66,0.5909090909090909,0.37714285714285717,0.5833333333333334,0.5952380952380952,0.5909090909090909,0.37714285714285717,0.5833333333333334,0.5952380952380952,0.0,0.0,0.0,0.0
bull_to_neutral,0.16,0.93,0.0,-0.05,0,66,66,0.5909090909090909,0.37714285714285717,0.5833333333333334,0.5952380952380952,0.5909090909090909,0.37714285714285717,0.5833333333333334,0.5952380952380952,0.0,0.0,0.0,0.0
bull_to_bear,0.16,0.93,0.0,-0.05,0,66,66,0.5909090909090909,0.37714285714285717,0.5833333333333334,0.5952380952380952,0.5909090909090909,0.37714285714285717,0.5833333333333334,0.5952380952380952,0.0,0.0,0.0,0.0
bull_to_neutral,0.16,0.93,0.0,-0.1,0,66,66,0.5909090909090909,0.37714285714285717,0.5833333333333334,0.5952380952380952,0.5909090909090909,0.37714285714285717,0.5833333333333334,0.5952380952380952,0.0,0.0,0.0,0.0
bull_to_bear,0.16,0.93,0.0,-0.1,0,66,66,0.5909090909090909,0.37714285714285717,0.5833333333333334,0.5952380952380952,0.5909090909090909,0.37714285714285717,0.5833333333333334,0.5952380952380952,0.0,0.0,0.0,0.0
bull_to_neutral,0.16,0.93,5.0,,0,66,66,0.5909090909090909,0.37714285714285717,0.5833333333333334,0.5952380952380952,0.5909090909090909,0.37714285714285717,0.5833333333333334,0.5952380952380952,0.0,0.0,0.0,0.0
bull_to_bear,0.16,0.93,5.0,,0,66,66,0.5909090909090909,0.37714285714285717,0.5833333333333334,0.5952380952380952,0.5909090909090909,0.37714285714285717,0.5833333333333334,0.5952380952380952,0.0,0.0,0.0,0.0
bull_to_neutral,0.16,0.93,5.0,0.0,0,66,66,0.5909090909090909,0.37714285714285717,0.5833333333333334,0.5952380952380952,0.5909090909090909,0.37714285714285717,0.5833333333333334,0.5952380952380952,0.0,0.0,0.0,0.0
bull_to_bear,0.16,0.93,5.0,0.0,0,66,66,0.5909090909090909,0.37714285714285717,0.5833333333333334,0.5952380952380952,0.5909090909090909,0.37714285714285717,0.5833333333333334,0.5952380952380952,0.0,0.0,0.0,0.0
bull_to_neutral,0.16,0.93,5.0,-0.05,0,66,66,0.5909090909090909,0.37714285714285717,0.5833333333333334,0.5952380952380952,0.5909090909090909,0.37714285714285717,0.5833333333333334,0.5952380952380952,0.0,0.0,0.0,0.0
bull_to_bear,0.16,0.93,5.0,-0.05,0,66,66,0.5909090909090909,0.37714285714285717,0.5833333333333334,0.5952380952380952,0.5909090909090909,0.37714285714285717,0.5833333333333334,0.5952380952380952,0.0,0.0,0.0,0.0
bull_to_neutral,0.16,0.93,5.0,-0.1,0,66,66,0.5909090909090909,0.37714285714285717,0.5833333333333334,0.5952380952380952,0.5909090909090909,0.37714285714285717,0.5833333333333334,0.5952380952380952,0.0,0.0,0.0,0.0
bull_to_bear,0.16,0.93,5.0,-0.1,0,66,66,0.5909090909090909,0.37714285714285717,0.5833333333333334,0.5952380952380952,0.5909090909090909,0.37714285714285717,0.5833333333333334,0.5952380952380952,0.0,0.0,0.0,0.0
bull_to_neutral,0.16,0.93,10.0,,0,66,66,0.5909090909090909,0.37714285714285717,0.5833333333333334,0.5952380952380952,0.5909090909090909,0.37714285714285717,0.5833333333333334,0.5952380952380952,0.0,0.0,0.0,0.0
bull_to_bear,0.16,0.93,10.0,,0,66,66,0.5909090909090909,0.37714285714285717,0.5833333333333334,0.5952380952380952,0.5909090909090909,0.37714285714285717,0.5833333333333334,0.5952380952380952,0.0,0.0,0.0,0.0
bull_to_neutral,0.16,0.93,10.0,0.0,0,66,66,0.5909090909090909,0.37714285714285717,0.5833333333333334,0.5952380952380952,0.5909090909090909,0.37714285714285717,0.5833333333333334,0.5952380952380952,0.0,0.0,0.0,0.0
bull_to_bear,0.16,0.93,10.0,0.0,0,66,66,0.5909090909090909,0.37714285714285717,0.5833333333333334,0.5952380952380952,0.5909090909090909,0.37714285714285717,0.5833333333333334,0.5952380952380952,0.0,0.0,0.0,0.0
bull_to_neutral,0.16,0.93,10.0,-0.05,0,66,66,0.5909090909090909,0.37714285714285717,0.5833333333333334,0.5952380952380952,0.5909090909090909,0.37714285714285717,0.5833333333333334,0.5952380952380952,0.0,0.0,0.0,0.0
bull_to_bear,0.16,0.93,10.0,-0.05,0,66,66,0.5909090909090909,0.37714285714285717,0.5833333333333334,0.5952380952380952,0.5909090909090909,0.37714285714285717,0.5833333333333334,0.5952380952380952,0.0,0.0,0.0,0.0
bull_to_neutral,0.16,0.93,10.0,-0.1,0,66,66,0.5909090909090909,0.37714285714285717,0.5833333333333334,0.5952380952380952,0.5909090909090909,0.37714285714285717,0.5833333333333334,0.5952380952380952,0.0,0.0,0.0,0.0
bull_to_bear,0.16,0.93,10.0,-0.1,0,66,66,0.5909090909090909,0.37714285714285717,0.5833333333333334,0.5952380952380952,0.5909090909090909,0.37714285714285717,0.5833333333333334,0.5952380952380952,0.0,0.0,0.0,0.0
bull_to_neutral,0.16,0.93,15.0,,0,66,66,0.5909090909090909,0.37714285714285717,0.5833333333333334,0.5952380952380952,0.5909090909090909,0.37714285714285717,0.5833333333333334,0.5952380952380952,0.0,0.0,0.0,0.0
bull_to_bear,0.16,0.93,15.0,,0,66,66,0.5909090909090909,0.37714285714285717,0.5833333333333334,0.5952380952380952,0.5909090909090909,0.37714285714285717,0.5833333333333334,0.5952380952380952,0.0,0.0,0.0,0.0
bull_to_neutral,0.16,0.93,15.0,0.0,0,66,66,0.5909090909090909,0.37714285714285717,0.5833333333333334,0.5952380952380952,0.5909090909090909,0.37714285714285717,0.5833333333333334,0.5952380952380952,0.0,0.0,0.0,0.0
bull_to_bear,0.16,0.93,15.0,0.0,0,66,66,0.5909090909090909,0.37714285714285717,0.5833333333333334,0.5952380952380952,0.5909090909090909,0.37714285714285717,0.5833333333333334,0.5952380952380952,0.0,0.0,0.0,0.0
bull_to_neutral,0.16,0.93,15.0,-0.05,0,66,66,0.5909090909090909,0.37714285714285717,0.5833333333333334,0.5952380952380952,0.5909090909090909,0.37714285714285717,0.5833333333333334,0.5952380952380952,0.0,0.0,0.0,0.0
bull_to_bear,0.16,0.93,15.0,-0.05,0,66,66,0.5909090909090909,0.37714285714285717,0.5833333333333334,0.5952380952380952,0.5909090909090909,0.37714285714285717,0.5833333333333334,0.5952380952380952,0.0,0.0,0.0,0.0
bull_to_neutral,0.16,0.93,15.0,-0.1,0,66,66,0.5909090909090909,0.37714285714285717,0.5833333333333334,0.5952380952380952,0.5909090909090909,0.37714285714285717,0.5833333333333334,0.5952380952380952,0.0,0.0,0.0,0.0
bull_to_bear,0.16,0.93,15.0,-0.1,0,66,66,0.5909090909090909,0.37714285714285717,0.5833333333333334,0.5952380952380952,0.5909090909090909,0.37714285714285717,0.5833333333333334,0.5952380952380952,0.0,0.0,0.0,0.0
bull_to_neutral,0.16,0.9,,,0,66,66,0.5909090909090909,0.37714285714285717,0.5833333333333334,0.5952380952380952,0.5909090909090909,0.37714285714285717,0.5833333333333334,0.5952380952380952,0.0,0.0,0.0,0.0
bull_to_bear,0.16,0.9,,,0,66,66,0.5909090909090909,0.37714285714285717,0.5833333333333334,0.5952380952380952,0.5909090909090909,0.37714285714285717,0.5833333333333334,0.5952380952380952,0.0,0.0,0.0,0.0
bull_to_neutral,0.16,0.9,,0.0,0,66,66,0.5909090909090909,0.37714285714285717,0.5833333333333334,0.5952380952380952,0.5909090909090909,0.37714285714285717,0.5833333333333334,0.5952380952380952,0.0,0.0,0.0,0.0
bull_to_bear,0.16,0.9,,0.0,0,66,66,0.5909090909090909,0.37714285714285717,0.5833333333333334,0.5952380952380952,0.5909090909090909,0.37714285714285717,0.5833333333333334,0.5952380952380952,0.0,0.0,0.0,0.0
bull_to_neutral,0.16,0.9,,-0.05,0,66,66,0.5909090909090909,0.37714285714285717,0.5833333333333334,0.5952380952380952,0.5909090909090909,0.37714285714285717,0.5833333333333334,0.5952380952380952,0.0,0.0,0.0,0.0
bull_to_bear,0.16,0.9,,-0.05,0,66,66,0.5909090909090909,0.37714285714285717,0.5833333333333334,0.5952380952380952,0.5909090909090909,0.37714285714285717,0.5833333333333334,0.5952380952380952,0.0,0.0,0.0,0.0
bull_to_neutral,0.16,0.9,,-0.1,0,66,66,0.5909090909090909,0.37714285714285717,0.5833333333333334,0.5952380952380952,0.5909090909090909,0.37714285714285717,0.5833333333333334,0.5952380952380952,0.0,0.0,0.0,0.0
bull_to_bear,0.16,0.9,,-0.1,0,66,66,0.5909090909090909,0.37714285714285717,0.5833333333333334,0.5952380952380952,0.5909090909090909,0.37714285714285717,0.5833333333333334,0.5952380952380952,0.0,0.0,0.0,0.0
bull_to_neutral,0.16,0.9,0.0,,0,66,66,0.5909090909090909,0.37714285714285717,0.5833333333333334,0.5952380952380952,0.5909090909090909,0.37714285714285717,0.5833333333333334,0.5952380952380952,0.0,0.0,0.0,0.0
bull_to_bear,0.16,0.9,0.0,,0,66,66,0.5909090909090909,0.37714285714285717,0.5833333333333334,0.5952380952380952,0.5909090909090909,0.37714285714285717,0.5833333333333334,0.5952380952380952,0.0,0.0,0.0,0.0
bull_to_neutral,0.16,0.9,0.0,0.0,0,66,66,0.5909090909090909,0.37714285714285717,0.5833333333333334,0.5952380952380952,0.5909090909090909,0.37714285714285717,0.5833333333333334,0.5952380952380952,0.0,0.0,0.0,0.0
bull_to_bear,0.16,0.9,0.0,0.0,0,66,66,0.5909090909090909,0.37714285714285717,0.5833333333333334,0.5952380952380952,0.5909090909090909,0.37714285714285717,0.5833333333333334,0.5952380952380952,0.0,0.0,0.0,0.0
bull_to_neutral,0.16,0.9,0.0,-0.05,0,66,66,0.5909090909090909,0.37714285714285717,0.5833333333333334,0.5952380952380952,0.5909090909090909,0.37714285714285717,0.5833333333333334,0.5952380952380952,0.0,0.0,0.0,0.0
bull_to_bear,0.16,0.9,0.0,-0.05,0,66,66,0.5909090909090909,0.37714285714285717,0.5833333333333334,0.5952380952380952,0.5909090909090909,0.37714285714285717,0.5833333333333334,0.5952380952380952,0.0,0.0,0.0,0.0
bull_to_neutral,0.16,0.9,0.0,-0.1,0,66,66,0.5909090909090909,0.37714285714285717,0.5833333333333334,0.5952380952380952,0.5909090909090909,0.37714285714285717,0.5833333333333334,0.5952380952380952,0.0,0.0,0.0,0.0
bull_to_bear,0.16,0.9,0.0,-0.1,0,66,66,0.5909090909090909,0.37714285714285717,0.5833333333333334,0.5952380952380952,0.5909090909090909,0.37714285714285717,0.5833333333333334,0.5952380952380952,0.0,0.0,0.0,0.0
bull_to_neutral,0.16,0.9,5.0,,0,66,66,0.5909090909090909,0.37714285714285717,0.5833333333333334,0.5952380952380952,0.5909090909090909,0.37714285714285717,0.5833333333333334,0.5952380952380952,0.0,0.0,0.0,0.0
bull_to_bear,0.16,0.9,5.0,,0,66,66,0.5909090909090909,0.37714285714285717,0.5833333333333334,0.5952380952380952,0.5909090909090909,0.37714285714285717,0.5833333333333334,0.5952380952380952,0.0,0.0,0.0,0.0
bull_to_neutral,0.16,0.9,5.0,0.0,0,66,66,0.5909090909090909,0.37714285714285717,0.5833333333333334,0.5952380952380952,0.5909090909090909,0.37714285714285717,0.5833333333333334,0.5952380952380952,0.0,0.0,0.0,0.0
bull_to_bear,0.16,0.9,5.0,0.0,0,66,66,0.5909090909090909,0.37714285714285717,0.5833333333333334,0.5952380952380952,0.5909090909090909,0.37714285714285717,0.5833333333333334,0.5952380952380952,0.0,0.0,0.0,0.0
bull_to_neutral,0.16,0.9,5.0,-0.05,0,66,66,0.5909090909090909,0.37714285714285717,0.5833333333333334,0.5952380952380952,0.5909090909090909,0.37714285714285717,0.5833333333333334,0.5952380952380952,0.0,0.0,0.0,0.0
bull_to_bear,0.16,0.9,5.0,-0.05,0,66,66,0.5909090909090909,0.37714285714285717,0.5833333333333334,0.5952380952380952,0.5909090909090909,0.37714285714285717,0.5833333333333334,0.5952380952380952,0.0,0.0,0.0,0.0
bull_to_neutral,0.16,0.9,5.0,-0.1,0,66,66,0.5909090909090909,0.37714285714285717,0.5833333333333334,0.5952380952380952,0.5909090909090909,0.37714285714285717,0.5833333333333334,0.5952380952380952,0.0,0.0,0.0,0.0
bull_to_bear,0.16,0.9,5.0,-0.1,0,66,66,0.5909090909090909,0.37714285714285717,0.5833333333333334,0.5952380952380952,0.5909090909090909,0.37714285714285717,0.5833333333333334,0.5952380952380952,0.0,0.0,0.0,0.0
bull_to_neutral,0.16,0.9,10.0,,0,66,66,0.5909090909090909,0.37714285714285717,0.5833333333333334,0.5952380952380952,0.5909090909090909,0.37714285714285717,0.5833333333333334,0.5952380952380952,0.0,0.0,0.0,0.0
bull_to_bear,0.16,0.9,10.0,,0,66,66,0.5909090909090909,0.37714285714285717,0.5833333333333334,0.5952380952380952,0.5909090909090909,0.37714285714285717,0.5833333333333334,0.5952380952380952,0.0,0.0,0.0,0.0
bull_to_neutral,0.16,0.9,10.0,0.0,0,66,66,0.5909090909090909,0.37714285714285717,0.5833333333333334,0.5952380952380952,0.5909090909090909,0.37714285714285717,0.5833333333333334,0.5952380952380952,0.0,0.0,0.0,0.0
bull_to_bear,0.16,0.9,10.0,0.0,0,66,66,0.5909090909090909,0.37714285714285717,0.5833333333333334,0.5952380952380952,0.5909090909090909,0.37714285714285717,0.5833333333333334,0.5952380952380952,0.0,0.0,0.0,0.0
bull_to_neutral,0.16,0.9,10.0,-0.05,0,66,66,0.5909090909090909,0.37714285714285717,0.5833333333333334,0.5952380952380952,0.5909090909090909,0.37714285714285717,0.5833333333333334,0.5952380952380952,0.0,0.0,0.0,0.0
bull_to_bear,0.16,0.9,10.0,-0.05,0,66,66,0.5909090909090909,0.37714285714285717,0.5833333333333334,0.5952380952380952,0.5909090909090909,0.37714285714285717,0.5833333333333334,0.5952380952380952,0.0,0.0,0.0,0.0
bull_to_neutral,0.16,0.9,10.0,-0.1,0,66,66,0.5909090909090909,0.37714285714285717,0.5833333333333334,0.5952380952380952,0.5909090909090909,0.37714285714285717,0.5833333333333334,0.5952380952380952,0.0,0.0,0.0,0.0
bull_to_bear,0.16,0.9,10.0,-0.1,0,66,66,0.5909090909090909,0.37714285714285717,0.5833333333333334,0.5952380952380952,0.5909090909090909,0.37714285714285717,0.5833333333333334,0.5952380952380952,0.0,0.0,0.0,0.0
bull_to_neutral,0.16,0.9,15.0,,0,66,66,0.5909090909090909,0.37714285714285717,0.5833333333333334,0.5952380952380952,0.5909090909090909,0.37714285714285717,0.5833333333333334,0.5952380952380952,0.0,0.0,0.0,0.0
bull_to_bear,0.16,0.9,15.0,,0,66,66,0.5909090909090909,0.37714285714285717,0.5833333333333334,0.5952380952380952,0.5909090909090909,0.37714285714285717,0.5833333333333334,0.5952380952380952,0.0,0.0,0.0,0.0
bull_to_neutral,0.16,0.9,15.0,0.0,0,66,66,0.5909090909090909,0.37714285714285717,0.5833333333333334,0.5952380952380952,0.5909090909090909,0.37714285714285717,0.5833333333333334,0.5952380952380952,0.0,0.0,0.0,0.0
bull_to_bear,0.16,0.9,15.0,0.0,0,66,66,0.5909090909090909,0.37714285714285717,0.5833333333333334,0.5952380952380952,0.5909090909090909,0.37714285714285717,0.5833333333333334,0.5952380952380952,0.0,0.0,0.0,0.0
bull_to_neutral,0.16,0.9,15.0,-0.05,0,66,66,0.5909090909090909,0.37714285714285717,0.5833333333333334,0.5952380952380952,0.5909090909090909,0.37714285714285717,0.5833333333333334,0.5952380952380952,0.0,0.0,0.0,0.0
bull_to_bear,0.16,0.9,15.0,-0.05,0,66,66,0.5909090909090909,0.37714285714285717,0.5833333333333334,0.5952380952380952,0.5909090909090909,0.37714285714285717,0.5833333333333334,0.5952380952380952,0.0,0.0,0.0,0.0
bull_to_neutral,0.16,0.9,15.0,-0.1,0,66,66,0.5909090909090909,0.37714285714285717,0.5833333333333334,0.5952380952380952,0.5909090909090909,0.37714285714285717,0.5833333333333334,0.5952380952380952,0.0,0.0,0.0,0.0
bull_to_bear,0.16,0.9,15.0,-0.1,0,66,66,0.5909090909090909,0.37714285714285717,0.5833333333333334,0.5952380952380952,0.5909090909090909,0.37714285714285717,0.5833333333333334,0.5952380952380952,0.0,0.0,0.0,0.0
bull_to_neutral,0.18,1.0,,,2,64,66,0.5909090909090909,0.37714285714285717,0.5833333333333334,0.5952380952380952,0.59375,0.3657142857142857,0.5909090909090909,0.5952380952380952,0.0028409090909090606,-0.011428571428571455,0.007575757575757569,0.0
bull_to_bear,0.18,1.0,,,2,66,66,0.5909090909090909,0.37714285714285717,0.5833333333333334,0.5952380952380952,0.5909090909090909,0.37714285714285717,0.5909090909090909,0.5909090909090909,0.0,0.0,0.007575757575757569,-0.0043290043290042934
bull_to_neutral,0.18,1.0,,0.0,2,64,66,0.5909090909090909,0.37714285714285717,0.5833333333333334,0.5952380952380952,0.59375,0.3657142857142857,0.5909090909090909,0.5952380952380952,0.0028409090909090606,-0.011428571428571455,0.007575757575757569,0.0
bull_to_bear,0.18,1.0,,0.0,2,66,66,0.5909090909090909,0.37714285714285717,0.5833333333333334,0.5952380952380952,0.5909090909090909,0.37714285714285717,0.5909090909090909,0.5909090909090909,0.0,0.0,0.007575757575757569,-0.0043290043290042934
bull_to_neutral,0.18,1.0,,-0.05,1,65,66,0.5909090909090909,0.37714285714285717,0.5833333333333334,0.5952380952380952,0.5846153846153846,0.37142857142857144,0.5652173913043478,0.5952380952380952,-0.0062937062937062915,-0.005714285714285727,-0.018115942028985588,0.0
bull_to_bear,0.18,1.0,,-0.05,1,66,66,0.5909090909090909,0.37714285714285717,0.5833333333333334,0.5952380952380952,0.5757575757575758,0.37714285714285717,0.5652173913043478,0.5813953488372093,-0.015151515151515138,0.0,-0.018115942028985588,-0.013842746400885897
bull_to_neutral,0.18,1.0,,-0.1,1,65,66,0.5909090909090909,0.37714285714285717,0.5833333333333334,0.5952380952380952,0.5846153846153846,0.37142857142857144,0.5652173913043478,0.5952380952380952,-0.0062937062937062915,-0.005714285714285727,-0.018115942028985588,0.0
bull_to_bear,0.18,1.0,,-0.1,1,66,66,0.5909090909090909,0.37714285714285717,0.5833333333333334,0.5952380952380952,0.5757575757575758,0.37714285714285717,0.5652173913043478,0.5813953488372093,-0.015151515151515138,0.0,-0.018115942028985588,-0.013842746400885897
bull_to_neutral,0.18,1.0,0.0,,0,66,66,0.5909090909090909,0.37714285714285717,0.5833333333333334,0.5952380952380952,0.5909090909090909,0.37714285714285717,0.5833333333333334,0.5952380952380952,0.0,0.0,0.0,0.0
bull_to_bear,0.18,1.0,0.0,,0,66,66,0.5909090909090909,0.37714285714285717,0.5833333333333334,0.5952380952380952,0.5909090909090909,0.37714285714285717,0.5833333333333334,0.5952380952380952,0.0,0.0,0.0,0.0
bull_to_neutral,0.18,1.0,0.0,0.0,0,66,66,0.5909090909090909,0.37714285714285717,0.5833333333333334,0.5952380952380952,0.5909090909090909,0.37714285714285717,0.5833333333333334,0.5952380952380952,0.0,0.0,0.0,0.0
bull_to_bear,0.18,1.0,0.0,0.0,0,66,66,0.5909090909090909,0.37714285714285717,0.5833333333333334,0.5952380952380952,0.5909090909090909,0.37714285714285717,0.5833333333333334,0.5952380952380952,0.0,0.0,0.0,0.0
bull_to_neutral,0.18,1.0,0.0,-0.05,0,66,66,0.5909090909090909,0.37714285714285717,0.5833333333333334,0.5952380952380952,0.5909090909090909,0.37714285714285717,0.5833333333333334,0.5952380952380952,0.0,0.0,0.0,0.0
bull_to_bear,0.18,1.0,0.0,-0.05,0,66,66,0.5909090909090909,0.37714285714285717,0.5833333333333334,0.5952380952380952,0.5909090909090909,0.37714285714285717,0.5833333333333334,0.5952380952380952,0.0,0.0,0.0,0.0
bull_to_neutral,0.18,1.0,0.0,-0.1,0,66,66,0.5909090909090909,0.37714285714285717,0.5833333333333334,0.5952380952380952,0.5909090909090909,0.37714285714285717,0.5833333333333334,0.5952380952380952,0.0,0.0,0.0,0.0
bull_to_bear,0.18,1.0,0.0,-0.1,0,66,66,0.5909090909090909,0.37714285714285717,0.5833333333333334,0.5952380952380952,0.5909090909090909,0.37714285714285717,0.5833333333333334,0.5952380952380952,0.0,0.0,0.0,0.0
bull_to_neutral,0.18,1.0,5.0,,0,66,66,0.5909090909090909,0.37714285714285717,0.5833333333333334,0.5952380952380952,0.5909090909090909,0.37714285714285717,0.5833333333333334,0.5952380952380952,0.0,0.0,0.0,0.0
bull_to_bear,0.18,1.0,5.0,,0,66,66,0.5909090909090909,0.37714285714285717,0.5833333333333334,0.5952380952380952,0.5909090909090909,0.37714285714285717,0.5833333333333334,0.5952380952380952,0.0,0.0,0.0,0.0
bull_to_neutral,0.18,1.0,5.0,0.0,0,66,66,0.5909090909090909,0.37714285714285717,0.5833333333333334,0.5952380952380952,0.5909090909090909,0.37714285714285717,0.5833333333333334,0.5952380952380952,0.0,0.0,0.0,0.0
bull_to_bear,0.18,1.0,5.0,0.0,0,66,66,0.5909090909090909,0.37714285714285717,0.5833333333333334,0.5952380952380952,0.5909090909090909,0.37714285714285717,0.5833333333333334,0.5952380952380952,0.0,0.0,0.0,0.0
bull_to_neutral,0.18,1.0,5.0,-0.05,0,66,66,0.5909090909090909,0.37714285714285717,0.5833333333333334,0.5952380952380952,0.5909090909090909,0.37714285714285717,0.5833333333333334,0.5952380952380952,0.0,0.0,0.0,0.0
bull_to_bear,0.18,1.0,5.0,-0.05,0,66,66,0.5909090909090909,0.37714285714285717,0.5833333333333334,0.5952380952380952,0.5909090909090909,0.37714285714285717,0.5833333333333334,0.5952380952380952,0.0,0.0,0.0,0.0
bull_to_neutral,0.18,1.0,5.0,-0.1,0,66,66,0.5909090909090909,0.37714285714285717,0.5833333333333334,0.5952380952380952,0.5909090909090909,0.37714285714285717,0.5833333333333334,0.5952380952380952,0.0,0.0,0.0,0.0
bull_to_bear,0.18,1.0,5.0,-0.1,0,66,66,0.5909090909090909,0.37714285714285717,0.5833333333333334,0.5952380952380952,0.5909090909090909,0.37714285714285717,0.5833333333333334,0.5952380952380952,0.0,0.0,0.0,0.0
bull_to_neutral,0.18,1.0,10.0,,0,66,66,0.5909090909090909,0.37714285714285717,0.5833333333333334,0.5952380952380952,0.5909090909090909,0.37714285714285717,0.5833333333333334,0.5952380952380952,0.0,0.0,0.0,0.0
bull_to_bear,0.18,1.0,10.0,,0,66,66,0.5909090909090909,0.37714285714285717,0.5833333333333334,0.5952380952380952,0.5909090909090909,0.37714285714285717,0.5833333333333334,0.5952380952380952,0.0,0.0,0.0,0.0
bull_to_neutral,0.18,1.0,10.0,0.0,0,66,66,0.5909090909090909,0.37714285714285717,0.5833333333333334,0.5952380952380952,0.5909090909090909,0.37714285714285717,0.5833333333333334,0.5952380952380952,0.0,0.0,0.0,0.0
bull_to_bear,0.18,1.0,10.0,0.0,0,66,66,0.5909090909090909,0.37714285714285717,0.5833333333333334,0.5952380952380952,0.5909090909090909,0.37714285714285717,0.5833333333333334,0.5952380952380952,0.0,0.0,0.0,0.0
bull_to_neutral,0.18,1.0,10.0,-0.05,0,66,66,0.5909090909090909,0.37714285714285717,0.5833333333333334,0.5952380952380952,0.5909090909090909,0.37714285714285717,0.5833333333333334,0.5952380952380952,0.0,0.0,0.0,0.0
bull_to_bear,0.18,1.0,10.0,-0.05,0,66,66,0.5909090909090909,0.37714285714285717,0.5833333333333334,0.5952380952380952,0.5909090909090909,0.37714285714285717,0.5833333333333334,0.5952380952380952,0.0,0.0,0.0,0.0
bull_to_neutral,0.18,1.0,10.0,-0.1,0,66,66,0.5909090909090909,0.37714285714285717,0.5833333333333334,0.5952380952380952,0.5909090909090909,0.37714285714285717,0.5833333333333334,0.5952380952380952,0.0,0.0,0.0,0.0
bull_to_bear,0.18,1.0,10.0,-0.1,0,66,66,0.5909090909090909,0.37714285714285717,0.5833333333333334,0.5952380952380952,0.5909090909090909,0.37714285714285717,0.5833333333333334,0.5952380952380952,0.0,0.0,0.0,0.0
bull_to_neutral,0.18,1.0,15.0,,0,66,66,0.5909090909090909,0.37714285714285717,0.5833333333333334,0.5952380952380952,0.5909090909090909,0.37714285714285717,0.5833333333333334,0.5952380952380952,0.0,0.0,0.0,0.0
bull_to_bear,0.18,1.0,15.0,,0,66,66,0.5909090909090909,0.37714285714285717,0.5833333333333334,0.5952380952380952,0.5909090909090909,0.37714285714285717,0.5833333333333334,0.5952380952380952,0.0,0.0,0.0,0.0
bull_to_neutral,0.18,1.0,15.0,0.0,0,66,66,0.5909090909090909,0.37714285714285717,0.5833333333333334,0.5952380952380952,0.5909090909090909,0.37714285714285717,0.5833333333333334,0.5952380952380952,0.0,0.0,0.0,0.0
bull_to_bear,0.18,1.0,15.0,0.0,0,66,66,0.5909090909090909,0.37714285714285717,0.5833333333333334,0.5952380952380952,0.5909090909090909,0.37714285714285717,0.5833333333333334,0.5952380952380952,0.0,0.0,0.0,0.0
bull_to_neutral,0.18,1.0,15.0,-0.05,0,66,66,0.5909090909090909,0.37714285714285717,0.5833333333333334,0.5952380952380952,0.5909090909090909,0.37714285714285717,0.5833333333333334,0.5952380952380952,0.0,0.0,0.0,0.0
bull_to_bear,0.18,1.0,15.0,-0.05,0,66,66,0.5909090909090909,0.37714285714285717,0.5833333333333334,0.5952380952380952,0.5909090909090909,0.37714285714285717,0.5833333333333334,0.5952380952380952,0.0,0.0,0.0,0.0
bull_to_neutral,0.18,1.0,15.0,-0.1,0,66,66,0.5909090909090909,0.37714285714285717,0.5833333333333334,0.5952380952380952,0.5909090909090909,0.37714285714285717,0.5833333333333334,0.5952380952380952,0.0,0.0,0.0,0.0
bull_to_bear,0.18,1.0,15.0,-0.1,0,66,66,0.5909090909090909,0.37714285714285717,0.5833333333333334,0.5952380952380952,0.5909090909090909,0.37714285714285717,0.5833333333333334,0.5952380952380952,0.0,0.0,0.0,0.0
bull_to_neutral,0.18,0.99,,,0,66,66,0.5909090909090909,0.37714285714285717,0.5833333333333334,0.5952380952380952,0.5909090909090909,0.37714285714285717,0.5833333333333334,0.5952380952380952,0.0,0.0,0.0,0.0
bull_to_bear,0.18,0.99,,,0,66,66,0.5909090909090909,0.37714285714285717,0.5833333333333334,0.5952380952380952,0.5909090909090909,0.37714285714285717,0.5833333333333334,0.5952380952380952,0.0,0.0,0.0,0.0
bull_to_neutral,0.18,0.99,,0.0,0,66,66,0.5909090909090909,0.37714285714285717,0.5833333333333334,0.5952380952380952,0.5909090909090909,0.37714285714285717,0.5833333333333334,0.5952380952380952,0.0,0.0,0.0,0.0
bull_to_bear,0.18,0.99,,0.0,0,66,66,0.5909090909090909,0.37714285714285717,0.5833333333333334,0.5952380952380952,0.5909090909090909,0.37714285714285717,0.5833333333333334,0.5952380952380952,0.0,0.0,0.0,0.0
bull_to_neutral,0.18,0.99,,-0.05,0,66,66,0.5909090909090909,0.37714285714285717,0.5833333333333334,0.5952380952380952,0.5909090909090909,0.37714285714285717,0.5833333333333334,0.5952380952380952,0.0,0.0,0.0,0.0
bull_to_bear,0.18,0.99,,-0.05,0,66,66,0.5909090909090909,0.37714285714285717,0.5833333333333334,0.5952380952380952,0.5909090909090909,0.37714285714285717,0.5833333333333334,0.5952380952380952,0.0,0.0,0.0,0.0
bull_to_neutral,0.18,0.99,,-0.1,0,66,66,0.5909090909090909,0.37714285714285717,0.5833333333333334,0.5952380952380952,0.5909090909090909,0.37714285714285717,0.5833333333333334,0.5952380952380952,0.0,0.0,0.0,0.0
bull_to_bear,0.18,0.99,,-0.1,0,66,66,0.5909090909090909,0.37714285714285717,0.5833333333333334,0.5952380952380952,0.5909090909090909,0.37714285714285717,0.5833333333333334,0.5952380952380952,0.0,0.0,0.0,0.0
bull_to_neutral,0.18,0.99,0.0,,0,66,66,0.5909090909090909,0.37714285714285717,0.5833333333333334,0.5952380952380952,0.5909090909090909,0.37714285714285717,0.5833333333333334,0.5952380952380952,0.0,0.0,0.0,0.0
bull_to_bear,0.18,0.99,0.0,,0,66,66,0.5909090909090909,0.37714285714285717,0.5833333333333334,0.5952380952380952,0.5909090909090909,0.37714285714285717,0.5833333333333334,0.5952380952380952,0.0,0.0,0.0,0.0
bull_to_neutral,0.18,0.99,0.0,0.0,0,66,66,0.5909090909090909,0.37714285714285717,0.5833333333333334,0.5952380952380952,0.5909090909090909,0.37714285714285717,0.5833333333333334,0.5952380952380952,0.0,0.0,0.0,0.0
bull_to_bear,0.18,0.99,0.0,0.0,0,66,66,0.5909090909090909,0.37714285714285717,0.5833333333333334,0.5952380952380952,0.5909090909090909,0.37714285714285717,0.5833333333333334,0.5952380952380952,0.0,0.0,0.0,0.0
bull_to_neutral,0.18,0.99,0.0,-0.05,0,66,66,0.5909090909090909,0.37714285714285717,0.5833333333333334,0.5952380952380952,0.5909090909090909,0.37714285714285717,0.5833333333333334,0.5952380952380952,0.0,0.0,0.0,0.0
bull_to_bear,0.18,0.99,0.0,-0.05,0,66,66,0.5909090909090909,0.37714285714285717,0.5833333333333334,0.5952380952380952,0.5909090909090909,0.37714285714285717,0.5833333333333334,0.5952380952380952,0.0,0.0,0.0,0.0
bull_to_neutral,0.18,0.99,0.0,-0.1,0,66,66,0.5909090909090909,0.37714285714285717,0.5833333333333334,0.5952380952380952,0.5909090909090909,0.37714285714285717,0.5833333333333334,0.5952380952380952,0.0,0.0,0.0,0.0
bull_to_bear,0.18,0.99,0.0,-0.1,0,66,66,0.5909090909090909,0.37714285714285717,0.5833333333333334,0.5952380952380952,0.5909090909090909,0.37714285714285717,0.5833333333333334,0.5952380952380952,0.0,0.0,0.0,0.0
bull_to_neutral,0.18,0.99,5.0,,0,66,66,0.5909090909090909,0.37714285714285717,0.5833333333333334,0.5952380952380952,0.5909090909090909,0.37714285714285717,0.5833333333333334,0.5952380952380952,0.0,0.0,0.0,0.0
bull_to_bear,0.18,0.99,5.0,,0,66,66,0.5909090909090909,0.37714285714285717,0.5833333333333334,0.5952380952380952,0.5909090909090909,0.37714285714285717,0.5833333333333334,0.5952380952380952,0.0,0.0,0.0,0.0
bull_to_neutral,0.18,0.99,5.0,0.0,0,66,66,0.5909090909090909,0.37714285714285717,0.5833333333333334,0.5952380952380952,0.5909090909090909,0.37714285714285717,0.5833333333333334,0.5952380952380952,0.0,0.0,0.0,0.0
bull_to_bear,0.18,0.99,5.0,0.0,0,66,66,0.5909090909090909,0.37714285714285717,0.5833333333333334,0.5952380952380952,0.5909090909090909,0.37714285714285717,0.5833333333333334,0.5952380952380952,0.0,0.0,0.0,0.0
bull_to_neutral,0.18,0.99,5.0,-0.05,0,66,66,0.5909090909090909,0.37714285714285717,0.5833333333333334,0.5952380952380952,0.5909090909090909,0.37714285714285717,0.5833333333333334,0.5952380952380952,0.0,0.0,0.0,0.0
bull_to_bear,0.18,0.99,5.0,-0.05,0,66,66,0.5909090909090909,0.37714285714285717,0.5833333333333334,0.5952380952380952,0.5909090909090909,0.37714285714285717,0.5833333333333334,0.5952380952380952,0.0,0.0,0.0,0.0
bull_to_neutral,0.18,0.99,5.0,-0.1,0,66,66,0.5909090909090909,0.37714285714285717,0.5833333333333334,0.5952380952380952,0.5909090909090909,0.37714285714285717,0.5833333333333334,0.5952380952380952,0.0,0.0,0.0,0.0
bull_to_bear,0.18,0.99,5.0,-0.1,0,66,66,0.5909090909090909,0.37714285714285717,0.5833333333333334,0.5952380952380952,0.5909090909090909,0.37714285714285717,0.5833333333333334,0.5952380952380952,0.0,0.0,0.0,0.0
bull_to_neutral,0.18,0.99,10.0,,0,66,66,0.5909090909090909,0.37714285714285717,0.5833333333333334,0.5952380952380952,0.5909090909090909,0.37714285714285717,0.5833333333333334,0.5952380952380952,0.0,0.0,0.0,0.0
bull_to_bear,0.18,0.99,10.0,,0,66,66,0.5909090909090909,0.37714285714285717,0.5833333333333334,0.5952380952380952,0.5909090909090909,0.37714285714285717,0.5833333333333334,0.5952380952380952,0.0,0.0,0.0,0.0
bull_to_neutral,0.18,0.99,10.0,0.0,0,66,66,0.5909090909090909,0.37714285714285717,0.5833333333333334,0.5952380952380952,0.5909090909090909,0.37714285714285717,0.5833333333333334,0.5952380952380952,0.0,0.0,0.0,0.0
bull_to_bear,0.18,0.99,10.0,0.0,0,66,66,0.5909090909090909,0.37714285714285717,0.5833333333333334,0.5952380952380952,0.5909090909090909,0.37714285714285717,0.5833333333333334,0.5952380952380952,0.0,0.0,0.0,0.0
bull_to_neutral,0.18,0.99,10.0,-0.05,0,66,66,0.5909090909090909,0.37714285714285717,0.5833333333333334,0.5952380952380952,0.5909090909090909,0.37714285714285717,0.5833333333333334,0.5952380952380952,0.0,0.0,0.0,0.0
bull_to_bear,0.18,0.99,10.0,-0.05,0,66,66,0.5909090909090909,0.37714285714285717,0.5833333333333334,0.5952380952380952,0.5909090909090909,0.37714285714285717,0.5833333333333334,0.5952380952380952,0.0,0.0,0.0,0.0
bull_to_neutral,0.18,0.99,10.0,-0.1,0,66,66,0.5909090909090909,0.37714285714285717,0.5833333333333334,0.5952380952380952,0.5909090909090909,0.37714285714285717,0.5833333333333334,0.5952380952380952,0.0,0.0,0.0,0.0
bull_to_bear,0.18,0.99,10.0,-0.1,0,66,66,0.5909090909090909,0.37714285714285717,0.5833333333333334,0.5952380952380952,0.5909090909090909,0.37714285714285717,0.5833333333333334,0.5952380952380952,0.0,0.0,0.0,0.0
bull_to_neutral,0.18,0.99,15.0,,0,66,66,0.5909090909090909,0.37714285714285717,0.5833333333333334,0.5952380952380952,0.5909090909090909,0.37714285714285717,0.5833333333333334,0.5952380952380952,0.0,0.0,0.0,0.0
bull_to_bear,0.18,0.99,15.0,,0,66,66,0.5909090909090909,0.37714285714285717,0.5833333333333334,0.5952380952380952,0.5909090909090909,0.37714285714285717,0.5833333333333334,0.5952380952380952,0.0,0.0,0.0,0.0
bull_to_neutral,0.18,0.99,15.0,0.0,0,66,66,0.5909090909090909,0.37714285714285717,0.5833333333333334,0.5952380952380952,0.5909090909090909,0.37714285714285717,0.5833333333333334,0.5952380952380952,0.0,0.0,0.0,0.0
bull_to_bear,0.18,0.99,15.0,0.0,0,66,66,0.5909090909090909,0.37714285714285717,0.5833333333333334,0.5952380952380952,0.5909090909090909,0.37714285714285717,0.5833333333333334,0.5952380952380952,0.0,0.0,0.0,0.0
bull_to_neutral,0.18,0.99,15.0,-0.05,0,66,66,0.5909090909090909,0.37714285714285717,0.5833333333333334,0.5952380952380952,0.5909090909090909,0.37714285714285717,0.5833333333333334,0.5952380952380952,0.0,0.0,0.0,0.0
bull_to_bear,0.18,0.99,15.0,-0.05,0,66,66,0.5909090909090909,0.37714285714285717,0.5833333333333334,0.5952380952380952,0.5909090909090909,0.37714285714285717,0.5833333333333334,0.5952380952380952,0.0,0.0,0.0,0.0
bull_to_neutral,0.18,0.99,15.0,-0.1,0,66,66,0.5909090909090909,0.37714285714285717,0.5833333333333334,0.5952380952380952,0.5909090909090909,0.37714285714285717,0.5833333333333334,0.5952380952380952,0.0,0.0,0.0,0.0
bull_to_bear,0.18,0.99,15.0,-0.1,0,66,66,0.5909090909090909,0.37714285714285717,0.5833333333333334,0.5952380952380952,0.5909090909090909,0.37714285714285717,0.5833333333333334,0.5952380952380952,0.0,0.0,0.0,0.0
bull_to_neutral,0.18,0.98,,,0,66,66,0.5909090909090909,0.37714285714285717,0.5833333333333334,0.5952380952380952,0.5909090909090909,0.37714285714285717,0.5833333333333334,0.5952380952380952,0.0,0.0,0.0,0.0
bull_to_bear,0.18,0.98,,,0,66,66,0.5909090909090909,0.37714285714285717,0.5833333333333334,0.5952380952380952,0.5909090909090909,0.37714285714285717,0.5833333333333334,0.5952380952380952,0.0,0.0,0.0,0.0
bull_to_neutral,0.18,0.98,,0.0,0,66,66,0.5909090909090909,0.37714285714285717,0.5833333333333334,0.5952380952380952,0.5909090909090909,0.37714285714285717,0.5833333333333334,0.5952380952380952,0.0,0.0,0.0,0.0
bull_to_bear,0.18,0.98,,0.0,0,66,66,0.5909090909090909,0.37714285714285717,0.5833333333333334,0.5952380952380952,0.5909090909090909,0.37714285714285717,0.5833333333333334,0.5952380952380952,0.0,0.0,0.0,0.0
bull_to_neutral,0.18,0.98,,-0.05,0,66,66,0.5909090909090909,0.37714285714285717,0.5833333333333334,0.5952380952380952,0.5909090909090909,0.37714285714285717,0.5833333333333334,0.5952380952380952,0.0,0.0,0.0,0.0
bull_to_bear,0.18,0.98,,-0.05,0,66,66,0.5909090909090909,0.37714285714285717,0.5833333333333334,0.5952380952380952,0.5909090909090909,0.37714285714285717,0.5833333333333334,0.5952380952380952,0.0,0.0,0.0,0.0
bull_to_neutral,0.18,0.98,,-0.1,0,66,66,0.5909090909090909,0.37714285714285717,0.5833333333333334,0.5952380952380952,0.5909090909090909,0.37714285714285717,0.5833333333333334,0.5952380952380952,0.0,0.0,0.0,0.0
bull_to_bear,0.18,0.98,,-0.1,0,66,66,0.5909090909090909,0.37714285714285717,0.5833333333333334,0.5952380952380952,0.5909090909090909,0.37714285714285717,0.5833333333333334,0.5952380952380952,0.0,0.0,0.0,0.0
bull_to_neutral,0.18,0.98,0.0,,0,66,66,0.5909090909090909,0.37714285714285717,0.5833333333333334,0.5952380952380952,0.5909090909090909,0.37714285714285717,0.5833333333333334,0.5952380952380952,0.0,0.0,0.0,0.0
bull_to_bear,0.18,0.98,0.0,,0,66,66,0.5909090909090909,0.37714285714285717,0.5833333333333334,0.5952380952380952,0.5909090909090909,0.37714285714285717,0.5833333333333334,0.5952380952380952,0.0,0.0,0.0,0.0
bull_to_neutral,0.18,0.98,0.0,0.0,0,66,66,0.5909090909090909,0.37714285714285717,0.5833333333333334,0.5952380952380952,0.5909090909090909,0.37714285714285717,0.5833333333333334,0.5952380952380952,0.0,0.0,0.0,0.0
bull_to_bear,0.18,0.98,0.0,0.0,0,66,66,0.5909090909090909,0.37714285714285717,0.5833333333333334,0.5952380952380952,0.5909090909090909,0.37714285714285717,0.5833333333333334,0.5952380952380952,0.0,0.0,0.0,0.0
bull_to_neutral,0.18,0.98,0.0,-0.05,0,66,66,0.5909090909090909,0.37714285714285717,0.5833333333333334,0.5952380952380952,0.5909090909090909,0.37714285714285717,0.5833333333333334,0.5952380952380952,0.0,0.0,0.0,0.0
bull_to_bear,0.18,0.98,0.0,-0.05,0,66,66,0.5909090909090909,0.37714285714285717,0.5833333333333334,0.5952380952380952,0.5909090909090909,0.37714285714285717,0.5833333333333334,0.5952380952380952,0.0,0.0,0.0,0.0
bull_to_neutral,0.18,0.98,0.0,-0.1,0,66,66,0.5909090909090909,0.37714285714285717,0.5833333333333334,0.5952380952380952,0.5909090909090909,0.37714285714285717,0.5833333333333334,0.5952380952380952,0.0,0.0,0.0,0.0
bull_to_bear,0.18,0.98,0.0,-0.1,0,66,66,0.5909090909090909,0.37714285714285717,0.5833333333333334,0.5952380952380952,0.5909090909090909,0.37714285714285717,0.5833333333333334,0.5952380952380952,0.0,0.0,0.0,0.0
bull_to_neutral,0.18,0.98,5.0,,0,66,66,0.5909090909090909,0.37714285714285717,0.5833333333333334,0.5952380952380952,0.5909090909090909,0.37714285714285717,0.5833333333333334,0.5952380952380952,0.0,0.0,0.0,0.0
bull_to_bear,0.18,0.98,5.0,,0,66,66,0.5909090909090909,0.37714285714285717,0.5833333333333334,0.5952380952380952,0.5909090909090909,0.37714285714285717,0.5833333333333334,0.5952380952380952,0.0,0.0,0.0,0.0
bull_to_neutral,0.18,0.98,5.0,0.0,0,66,66,0.5909090909090909,0.37714285714285717,0.5833333333333334,0.5952380952380952,0.5909090909090909,0.37714285714285717,0.5833333333333334,0.5952380952380952,0.0,0.0,0.0,0.0
bull_to_bear,0.18,0.98,5.0,0.0,0,66,66,0.5909090909090909,0.37714285714285717,0.5833333333333334,0.5952380952380952,0.5909090909090909,0.37714285714285717,0.5833333333333334,0.5952380952380952,0.0,0.0,0.0,0.0
bull_to_neutral,0.18,0.98,5.0,-0.05,0,66,66,0.5909090909090909,0.37714285714285717,0.5833333333333334,0.5952380952380952,0.5909090909090909,0.37714285714285717,0.5833333333333334,0.5952380952380952,0.0,0.0,0.0,0.0
bull_to_bear,0.18,0.98,5.0,-0.05,0,66,66,0.5909090909090909,0.37714285714285717,0.5833333333333334,0.5952380952380952,0.5909090909090909,0.37714285714285717,0.5833333333333334,0.5952380952380952,0.0,0.0,0.0,0.0
bull_to_neutral,0.18,0.98,5.0,-0.1,0,66,66,0.5909090909090909,0.37714285714285717,0.5833333333333334,0.5952380952380952,0.5909090909090909,0.37714285714285717,0.5833333333333334,0.5952380952380952,0.0,0.0,0.0,0.0
bull_to_bear,0.18,0.98,5.0,-0.1,0,66,66,0.5909090909090909,0.37714285714285717,0.5833333333333334,0.5952380952380952,0.5909090909090909,0.37714285714285717,0.5833333333333334,0.5952380952380952,0.0,0.0,0.0,0.0
bull_to_neutral,0.18,0.98,10.0,,0,66,66,0.5909090909090909,0.37714285714285717,0.5833333333333334,0.5952380952380952,0.5909090909090909,0.37714285714285717,0.5833333333333334,0.5952380952380952,0.0,0.0,0.0,0.0
bull_to_bear,0.18,0.98,10.0,,0,66,66,0.5909090909090909,0.37714285714285717,0.5833333333333334,0.5952380952380952,0.5909090909090909,0.37714285714285717,0.5833333333333334,0.5952380952380952,0.0,0.0,0.0,0.0
bull_to_neutral,0.18,0.98,10.0,0.0,0,66,66,0.5909090909090909,0.37714285714285717,0.5833333333333334,0.5952380952380952,0.5909090909090909,0.37714285714285717,0.5833333333333334,0.5952380952380952,0.0,0.0,0.0,0.0
bull_to_bear,0.18,0.98,10.0,0.0,0,66,66,0.5909090909090909,0.37714285714285717,0.5833333333333334,0.5952380952380952,0.5909090909090909,0.37714285714285717,0.5833333333333334,0.5952380952380952,0.0,0.0,0.0,0.0
bull_to_neutral,0.18,0.98,10.0,-0.05,0,66,66,0.5909090909090909,0.37714285714285717,0.5833333333333334,0.5952380952380952,0.5909090909090909,0.37714285714285717,0.5833333333333334,0.5952380952380952,0.0,0.0,0.0,0.0
bull_to_bear,0.18,0.98,10.0,-0.05,0,66,66,0.5909090909090909,0.37714285714285717,0.5833333333333334,0.5952380952380952,0.5909090909090909,0.37714285714285717,0.5833333333333334,0.5952380952380952,0.0,0.0,0.0,0.0
bull_to_neutral,0.18,0.98,10.0,-0.1,0,66,66,0.5909090909090909,0.37714285714285717,0.5833333333333334,0.5952380952380952,0.5909090909090909,0.37714285714285717,0.5833333333333334,0.5952380952380952,0.0,0.0,0.0,0.0
bull_to_bear,0.18,0.98,10.0,-0.1,0,66,66,0.5909090909090909,0.37714285714285717,0.5833333333333334,0.5952380952380952,0.5909090909090909,0.37714285714285717,0.5833333333333334,0.5952380952380952,0.0,0.0,0.0,0.0
bull_to_neutral,0.18,0.98,15.0,,0,66,66,0.5909090909090909,0.37714285714285717,0.5833333333333334,0.5952380952380952,0.5909090909090909,0.37714285714285717,0.5833333333333334,0.5952380952380952,0.0,0.0,0.0,0.0
bull_to_bear,0.18,0.98,15.0,,0,66,66,0.5909090909090909,0.37714285714285717,0.5833333333333334,0.5952380952380952,0.5909090909090909,0.37714285714285717,0.5833333333333334,0.5952380952380952,0.0,0.0,0.0,0.0
bull_to_neutral,0.18,0.98,15.0,0.0,0,66,66,0.5909090909090909,0.37714285714285717,0.5833333333333334,0.5952380952380952,0.5909090909090909,0.37714285714285717,0.5833333333333334,0.5952380952380952,0.0,0.0,0.0,0.0
bull_to_bear,0.18,0.98,15.0,0.0,0,66,66,0.5909090909090909,0.37714285714285717,0.5833333333333334,0.5952380952380952,0.5909090909090909,0.37714285714285717,0.5833333333333334,0.5952380952380952,0.0,0.0,0.0,0.0
bull_to_neutral,0.18,0.98,15.0,-0.05,0,66,66,0.5909090909090909,0.37714285714285717,0.5833333333333334,0.5952380952380952,0.5909090909090909,0.37714285714285717,0.5833333333333334,0.5952380952380952,0.0,0.0,0.0,0.0
bull_to_bear,0.18,0.98,15.0,-0.05,0,66,66,0.5909090909090909,0.37714285714285717,0.5833333333333334,0.5952380952380952,0.5909090909090909,0.37714285714285717,0.5833333333333334,0.5952380952380952,0.0,0.0,0.0,0.0
bull_to_neutral,0.18,0.98,15.0,-0.1,0,66,66,0.5909090909090909,0.37714285714285717,0.5833333333333334,0.5952380952380952,0.5909090909090909,0.37714285714285717,0.5833333333333334,0.5952380952380952,0.0,0.0,0.0,0.0
bull_to_bear,0.18,0.98,15.0,-0.1,0,66,66,0.5909090909090909,0.37714285714285717,0.5833333333333334,0.5952380952380952,0.5909090909090909,0.37714285714285717,0.5833333333333334,0.5952380952380952,0.0,0.0,0.0,0.0
bull_to_neutral,0.18,0.97,,,0,66,66,0.5909090909090909,0.37714285714285717,0.5833333333333334,0.5952380952380952,0.5909090909090909,0.37714285714285717,0.5833333333333334,0.5952380952380952,0.0,0.0,0.0,0.0
bull_to_bear,0.18,0.97,,,0,66,66,0.5909090909090909,0.37714285714285717,0.5833333333333334,0.5952380952380952,0.5909090909090909,0.37714285714285717,0.5833333333333334,0.5952380952380952,0.0,0.0,0.0,0.0
bull_to_neutral,0.18,0.97,,0.0,0,66,66,0.5909090909090909,0.37714285714285717,0.5833333333333334,0.5952380952380952,0.5909090909090909,0.37714285714285717,0.5833333333333334,0.5952380952380952,0.0,0.0,0.0,0.0
bull_to_bear,0.18,0.97,,0.0,0,66,66,0.5909090909090909,0.37714285714285717,0.5833333333333334,0.5952380952380952,0.5909090909090909,0.37714285714285717,0.5833333333333334,0.5952380952380952,0.0,0.0,0.0,0.0
bull_to_neutral,0.18,0.97,,-0.05,0,66,66,0.5909090909090909,0.37714285714285717,0.5833333333333334,0.5952380952380952,0.5909090909090909,0.37714285714285717,0.5833333333333334,0.5952380952380952,0.0,0.0,0.0,0.0
bull_to_bear,0.18,0.97,,-0.05,0,66,66,0.5909090909090909,0.37714285714285717,0.5833333333333334,0.5952380952380952,0.5909090909090909,0.37714285714285717,0.5833333333333334,0.5952380952380952,0.0,0.0,0.0,0.0
bull_to_neutral,0.18,0.97,,-0.1,0,66,66,0.5909090909090909,0.37714285714285717,0.5833333333333334,0.5952380952380952,0.5909090909090909,0.37714285714285717,0.5833333333333334,0.5952380952380952,0.0,0.0,0.0,0.0
bull_to_bear,0.18,0.97,,-0.1,0,66,66,0.5909090909090909,0.37714285714285717,0.5833333333333334,0.5952380952380952,0.5909090909090909,0.37714285714285717,0.5833333333333334,0.5952380952380952,0.0,0.0,0.0,0.0
bull_to_neutral,0.18,0.97,0.0,,0,66,66,0.5909090909090909,0.37714285714285717,0.5833333333333334,0.5952380952380952,0.5909090909090909,0.37714285714285717,0.5833333333333334,0.5952380952380952,0.0,0.0,0.0,0.0
bull_to_bear,0.18,0.97,0.0,,0,66,66,0.5909090909090909,0.37714285714285717,0.5833333333333334,0.5952380952380952,0.5909090909090909,0.37714285714285717,0.5833333333333334,0.5952380952380952,0.0,0.0,0.0,0.0
bull_to_neutral,0.18,0.97,0.0,0.0,0,66,66,0.5909090909090909,0.37714285714285717,0.5833333333333334,0.5952380952380952,0.5909090909090909,0.37714285714285717,0.5833333333333334,0.5952380952380952,0.0,0.0,0.0,0.0
bull_to_bear,0.18,0.97,0.0,0.0,0,66,66,0.5909090909090909,0.37714285714285717,0.5833333333333334,0.5952380952380952,0.5909090909090909,0.37714285714285717,0.5833333333333334,0.5952380952380952,0.0,0.0,0.0,0.0
bull_to_neutral,0.18,0.97,0.0,-0.05,0,66,66,0.5909090909090909,0.37714285714285717,0.5833333333333334,0.5952380952380952,0.5909090909090909,0.37714285714285717,0.5833333333333334,0.5952380952380952,0.0,0.0,0.0,0.0
bull_to_bear,0.18,0.97,0.0,-0.05,0,66,66,0.5909090909090909,0.37714285714285717,0.5833333333333334,0.5952380952380952,0.5909090909090909,0.37714285714285717,0.5833333333333334,0.5952380952380952,0.0,0.0,0.0,0.0
bull_to_neutral,0.18,0.97,0.0,-0.1,0,66,66,0.5909090909090909,0.37714285714285717,0.5833333333333334,0.5952380952380952,0.5909090909090909,0.37714285714285717,0.5833333333333334,0.5952380952380952,0.0,0.0,0.0,0.0
bull_to_bear,0.18,0.97,0.0,-0.1,0,66,66,0.5909090909090909,0.37714285714285717,0.5833333333333334,0.5952380952380952,0.5909090909090909,0.37714285714285717,0.5833333333333334,0.5952380952380952,0.0,0.0,0.0,0.0
bull_to_neutral,0.18,0.97,5.0,,0,66,66,0.5909090909090909,0.37714285714285717,0.5833333333333334,0.5952380952380952,0.5909090909090909,0.37714285714285717,0.5833333333333334,0.5952380952380952,0.0,0.0,0.0,0.0
bull_to_bear,0.18,0.97,5.0,,0,66,66,0.5909090909090909,0.37714285714285717,0.5833333333333334,0.5952380952380952,0.5909090909090909,0.37714285714285717,0.5833333333333334,0.5952380952380952,0.0,0.0,0.0,0.0
bull_to_neutral,0.18,0.97,5.0,0.0,0,66,66,0.5909090909090909,0.37714285714285717,0.5833333333333334,0.5952380952380952,0.5909090909090909,0.37714285714285717,0.5833333333333334,0.5952380952380952,0.0,0.0,0.0,0.0
bull_to_bear,0.18,0.97,5.0,0.0,0,66,66,0.5909090909090909,0.37714285714285717,0.5833333333333334,0.5952380952380952,0.5909090909090909,0.37714285714285717,0.5833333333333334,0.5952380952380952,0.0,0.0,0.0,0.0
bull_to_neutral,0.18,0.97,5.0,-0.05,0,66,66,0.5909090909090909,0.37714285714285717,0.5833333333333334,0.5952380952380952,0.5909090909090909,0.37714285714285717,0.5833333333333334,0.5952380952380952,0.0,0.0,0.0,0.0
bull_to_bear,0.18,0.97,5.0,-0.05,0,66,66,0.5909090909090909,0.37714285714285717,0.5833333333333334,0.5952380952380952,0.5909090909090909,0.37714285714285717,0.5833333333333334,0.5952380952380952,0.0,0.0,0.0,0.0
bull_to_neutral,0.18,0.97,5.0,-0.1,0,66,66,0.5909090909090909,0.37714285714285717,0.5833333333333334,0.5952380952380952,0.5909090909090909,0.37714285714285717,0.5833333333333334,0.5952380952380952,0.0,0.0,0.0,0.0
bull_to_bear,0.18,0.97,5.0,-0.1,0,66,66,0.5909090909090909,0.37714285714285717,0.5833333333333334,0.5952380952380952,0.5909090909090909,0.37714285714285717,0.5833333333333334,0.5952380952380952,0.0,0.0,0.0,0.0
bull_to_neutral,0.18,0.97,10.0,,0,66,66,0.5909090909090909,0.37714285714285717,0.5833333333333334,0.5952380952380952,0.5909090909090909,0.37714285714285717,0.5833333333333334,0.5952380952380952,0.0,0.0,0.0,0.0
bull_to_bear,0.18,0.97,10.0,,0,66,66,0.5909090909090909,0.37714285714285717,0.5833333333333334,0.5952380952380952,0.5909090909090909,0.37714285714285717,0.5833333333333334,0.5952380952380952,0.0,0.0,0.0,0.0
bull_to_neutral,0.18,0.97,10.0,0.0,0,66,66,0.5909090909090909,0.37714285714285717,0.5833333333333334,0.5952380952380952,0.5909090909090909,0.37714285714285717,0.5833333333333334,0.5952380952380952,0.0,0.0,0.0,0.0
bull_to_bear,0.18,0.97,10.0,0.0,0,66,66,0.5909090909090909,0.37714285714285717,0.5833333333333334,0.5952380952380952,0.5909090909090909,0.37714285714285717,0.5833333333333334,0.5952380952380952,0.0,0.0,0.0,0.0
bull_to_neutral,0.18,0.97,10.0,-0.05,0,66,66,0.5909090909090909,0.37714285714285717,0.5833333333333334,0.5952380952380952,0.5909090909090909,0.37714285714285717,0.5833333333333334,0.5952380952380952,0.0,0.0,0.0,0.0
bull_to_bear,0.18,0.97,10.0,-0.05,0,66,66,0.5909090909090909,0.37714285714285717,0.5833333333333334,0.5952380952380952,0.5909090909090909,0.37714285714285717,0.5833333333333334,0.5952380952380952,0.0,0.0,0.0,0.0
bull_to_neutral,0.18,0.97,10.0,-0.1,0,66,66,0.5909090909090909,0.37714285714285717,0.5833333333333334,0.5952380952380952,0.5909090909090909,0.37714285714285717,0.5833333333333334,0.5952380952380952,0.0,0.0,0.0,0.0
bull_to_bear,0.18,0.97,10.0,-0.1,0,66,66,0.5909090909090909,0.37714285714285717,0.5833333333333334,0.5952380952380952,0.5909090909090909,0.37714285714285717,0.5833333333333334,0.5952380952380952,0.0,0.0,0.0,0.0
bull_to_neutral,0.18,0.97,15.0,,0,66,66,0.5909090909090909,0.37714285714285717,0.5833333333333334,0.5952380952380952,0.5909090909090909,0.37714285714285717,0.5833333333333334,0.5952380952380952,0.0,0.0,0.0,0.0
bull_to_bear,0.18,0.97,15.0,,0,66,66,0.5909090909090909,0.37714285714285717,0.5833333333333334,0.5952380952380952,0.5909090909090909,0.37714285714285717,0.5833333333333334,0.5952380952380952,0.0,0.0,0.0,0.0
bull_to_neutral,0.18,0.97,15.0,0.0,0,66,66,0.5909090909090909,0.37714285714285717,0.5833333333333334,0.5952380952380952,0.5909090909090909,0.37714285714285717,0.5833333333333334,0.5952380952380952,0.0,0.0,0.0,0.0
bull_to_bear,0.18,0.97,15.0,0.0,0,66,66,0.5909090909090909,0.37714285714285717,0.5833333333333334,0.5952380952380952,0.5909090909090909,0.37714285714285717,0.5833333333333334,0.5952380952380952,0.0,0.0,0.0,0.0
bull_to_neutral,0.18,0.97,15.0,-0.05,0,66,66,0.5909090909090909,0.37714285714285717,0.5833333333333334,0.5952380952380952,0.5909090909090909,0.37714285714285717,0.5833333333333334,0.5952380952380952,0.0,0.0,0.0,0.0
bull_to_bear,0.18,0.97,15.0,-0.05,0,66,66,0.5909090909090909,0.37714285714285717,0.5833333333333334,0.5952380952380952,0.5909090909090909,0.37714285714285717,0.5833333333333334,0.5952380952380952,0.0,0.0,0.0,0.0
bull_to_neutral,0.18,0.97,15.0,-0.1,0,66,66,0.5909090909090909,0.37714285714285717,0.5833333333333334,0.5952380952380952,0.5909090909090909,0.37714285714285717,0.5833333333333334,0.5952380952380952,0.0,0.0,0.0,0.0
bull_to_bear,0.18,0.97,15.0,-0.1,0,66,66,0.5909090909090909,0.37714285714285717,0.5833333333333334,0.5952380952380952,0.5909090909090909,0.37714285714285717,0.5833333333333334,0.5952380952380952,0.0,0.0,0.0,0.0
bull_to_neutral,0.18,0.95,,,0,66,66,0.5909090909090909,0.37714285714285717,0.5833333333333334,0.5952380952380952,0.5909090909090909,0.37714285714285717,0.5833333333333334,0.5952380952380952,0.0,0.0,0.0,0.0
bull_to_bear,0.18,0.95,,,0,66,66,0.5909090909090909,0.37714285714285717,0.5833333333333334,0.5952380952380952,0.5909090909090909,0.37714285714285717,0.5833333333333334,0.5952380952380952,0.0,0.0,0.0,0.0
bull_to_neutral,0.18,0.95,,0.0,0,66,66,0.5909090909090909,0.37714285714285717,0.5833333333333334,0.5952380952380952,0.5909090909090909,0.37714285714285717,0.5833333333333334,0.5952380952380952,0.0,0.0,0.0,0.0
bull_to_bear,0.18,0.95,,0.0,0,66,66,0.5909090909090909,0.37714285714285717,0.5833333333333334,0.5952380952380952,0.5909090909090909,0.37714285714285717,0.5833333333333334,0.5952380952380952,0.0,0.0,0.0,0.0
bull_to_neutral,0.18,0.95,,-0.05,0,66,66,0.5909090909090909,0.37714285714285717,0.5833333333333334,0.5952380952380952,0.5909090909090909,0.37714285714285717,0.5833333333333334,0.5952380952380952,0.0,0.0,0.0,0.0
bull_to_bear,0.18,0.95,,-0.05,0,66,66,0.5909090909090909,0.37714285714285717,0.5833333333333334,0.5952380952380952,0.5909090909090909,0.37714285714285717,0.5833333333333334,0.5952380952380952,0.0,0.0,0.0,0.0
bull_to_neutral,0.18,0.95,,-0.1,0,66,66,0.5909090909090909,0.37714285714285717,0.5833333333333334,0.5952380952380952,0.5909090909090909,0.37714285714285717,0.5833333333333334,0.5952380952380952,0.0,0.0,0.0,0.0
bull_to_bear,0.18,0.95,,-0.1,0,66,66,0.5909090909090909,0.37714285714285717,0.5833333333333334,0.5952380952380952,0.5909090909090909,0.37714285714285717,0.5833333333333334,0.5952380952380952,0.0,0.0,0.0,0.0
bull_to_neutral,0.18,0.95,0.0,,0,66,66,0.5909090909090909,0.37714285714285717,0.5833333333333334,0.5952380952380952,0.5909090909090909,0.37714285714285717,0.5833333333333334,0.5952380952380952,0.0,0.0,0.0,0.0
bull_to_bear,0.18,0.95,0.0,,0,66,66,0.5909090909090909,0.37714285714285717,0.5833333333333334,0.5952380952380952,0.5909090909090909,0.37714285714285717,0.5833333333333334,0.5952380952380952,0.0,0.0,0.0,0.0
bull_to_neutral,0.18,0.95,0.0,0.0,0,66,66,0.5909090909090909,0.37714285714285717,0.5833333333333334,0.5952380952380952,0.5909090909090909,0.37714285714285717,0.5833333333333334,0.5952380952380952,0.0,0.0,0.0,0.0
bull_to_bear,0.18,0.95,0.0,0.0,0,66,66,0.5909090909090909,0.37714285714285717,0.5833333333333334,0.5952380952380952,0.5909090909090909,0.37714285714285717,0.5833333333333334,0.5952380952380952,0.0,0.0,0.0,0.0
bull_to_neutral,0.18,0.95,0.0,-0.05,0,66,66,0.5909090909090909,0.37714285714285717,0.5833333333333334,0.5952380952380952,0.5909090909090909,0.37714285714285717,0.5833333333333334,0.5952380952380952,0.0,0.0,0.0,0.0
bull_to_bear,0.18,0.95,0.0,-0.05,0,66,66,0.5909090909090909,0.37714285714285717,0.5833333333333334,0.5952380952380952,0.5909090909090909,0.37714285714285717,0.5833333333333334,0.5952380952380952,0.0,0.0,0.0,0.0
bull_to_neutral,0.18,0.95,0.0,-0.1,0,66,66,0.5909090909090909,0.37714285714285717,0.5833333333333334,0.5952380952380952,0.5909090909090909,0.37714285714285717,0.5833333333333334,0.5952380952380952,0.0,0.0,0.0,0.0
bull_to_bear,0.18,0.95,0.0,-0.1,0,66,66,0.5909090909090909,0.37714285714285717,0.5833333333333334,0.5952380952380952,0.5909090909090909,0.37714285714285717,0.5833333333333334,0.5952380952380952,0.0,0.0,0.0,0.0
bull_to_neutral,0.18,0.95,5.0,,0,66,66,0.5909090909090909,0.37714285714285717,0.5833333333333334,0.5952380952380952,0.5909090909090909,0.37714285714285717,0.5833333333333334,0.5952380952380952,0.0,0.0,0.0,0.0
bull_to_bear,0.18,0.95,5.0,,0,66,66,0.5909090909090909,0.37714285714285717,0.5833333333333334,0.5952380952380952,0.5909090909090909,0.37714285714285717,0.5833333333333334,0.5952380952380952,0.0,0.0,0.0,0.0
bull_to_neutral,0.18,0.95,5.0,0.0,0,66,66,0.5909090909090909,0.37714285714285717,0.5833333333333334,0.5952380952380952,0.5909090909090909,0.37714285714285717,0.5833333333333334,0.5952380952380952,0.0,0.0,0.0,0.0
bull_to_bear,0.18,0.95,5.0,0.0,0,66,66,0.5909090909090909,0.37714285714285717,0.5833333333333334,0.5952380952380952,0.5909090909090909,0.37714285714285717,0.5833333333333334,0.5952380952380952,0.0,0.0,0.0,0.0
bull_to_neutral,0.18,0.95,5.0,-0.05,0,66,66,0.5909090909090909,0.37714285714285717,0.5833333333333334,0.5952380952380952,0.5909090909090909,0.37714285714285717,0.5833333333333334,0.5952380952380952,0.0,0.0,0.0,0.0
bull_to_bear,0.18,0.95,5.0,-0.05,0,66,66,0.5909090909090909,0.37714285714285717,0.5833333333333334,0.5952380952380952,0.5909090909090909,0.37714285714285717,0.5833333333333334,0.5952380952380952,0.0,0.0,0.0,0.0
bull_to_neutral,0.18,0.95,5.0,-0.1,0,66,66,0.5909090909090909,0.37714285714285717,0.5833333333333334,0.5952380952380952,0.5909090909090909,0.37714285714285717,0.5833333333333334,0.5952380952380952,0.0,0.0,0.0,0.0
bull_to_bear,0.18,0.95,5.0,-0.1,0,66,66,0.5909090909090909,0.37714285714285717,0.5833333333333334,0.5952380952380952,0.5909090909090909,0.37714285714285717,0.5833333333333334,0.5952380952380952,0.0,0.0,0.0,0.0
bull_to_neutral,0.18,0.95,10.0,,0,66,66,0.5909090909090909,0.37714285714285717,0.5833333333333334,0.5952380952380952,0.5909090909090909,0.37714285714285717,0.5833333333333334,0.5952380952380952,0.0,0.0,0.0,0.0
bull_to_bear,0.18,0.95,10.0,,0,66,66,0.5909090909090909,0.37714285714285717,0.5833333333333334,0.5952380952380952,0.5909090909090909,0.37714285714285717,0.5833333333333334,0.5952380952380952,0.0,0.0,0.0,0.0
bull_to_neutral,0.18,0.95,10.0,0.0,0,66,66,0.5909090909090909,0.37714285714285717,0.5833333333333334,0.5952380952380952,0.5909090909090909,0.37714285714285717,0.5833333333333334,0.5952380952380952,0.0,0.0,0.0,0.0
bull_to_bear,0.18,0.95,10.0,0.0,0,66,66,0.5909090909090909,0.37714285714285717,0.5833333333333334,0.5952380952380952,0.5909090909090909,0.37714285714285717,0.5833333333333334,0.5952380952380952,0.0,0.0,0.0,0.0
bull_to_neutral,0.18,0.95,10.0,-0.05,0,66,66,0.5909090909090909,0.37714285714285717,0.5833333333333334,0.5952380952380952,0.5909090909090909,0.37714285714285717,0.5833333333333334,0.5952380952380952,0.0,0.0,0.0,0.0
bull_to_bear,0.18,0.95,10.0,-0.05,0,66,66,0.5909090909090909,0.37714285714285717,0.5833333333333334,0.5952380952380952,0.5909090909090909,0.37714285714285717,0.5833333333333334,0.5952380952380952,0.0,0.0,0.0,0.0
bull_to_neutral,0.18,0.95,10.0,-0.1,0,66,66,0.5909090909090909,0.37714285714285717,0.5833333333333334,0.5952380952380952,0.5909090909090909,0.37714285714285717,0.5833333333333334,0.5952380952380952,0.0,0.0,0.0,0.0
bull_to_bear,0.18,0.95,10.0,-0.1,0,66,66,0.5909090909090909,0.37714285714285717,0.5833333333333334,0.5952380952380952,0.5909090909090909,0.37714285714285717,0.5833333333333334,0.5952380952380952,0.0,0.0,0.0,0.0
bull_to_neutral,0.18,0.95,15.0,,0,66,66,0.5909090909090909,0.37714285714285717,0.5833333333333334,0.5952380952380952,0.5909090909090909,0.37714285714285717,0.5833333333333334,0.5952380952380952,0.0,0.0,0.0,0.0
bull_to_bear,0.18,0.95,15.0,,0,66,66,0.5909090909090909,0.37714285714285717,0.5833333333333334,0.5952380952380952,0.5909090909090909,0.37714285714285717,0.5833333333333334,0.5952380952380952,0.0,0.0,0.0,0.0
bull_to_neutral,0.18,0.95,15.0,0.0,0,66,66,0.5909090909090909,0.37714285714285717,0.5833333333333334,0.5952380952380952,0.5909090909090909,0.37714285714285717,0.5833333333333334,0.5952380952380952,0.0,0.0,0.0,0.0
bull_to_bear,0.18,0.95,15.0,0.0,0,66,66,0.5909090909090909,0.37714285714285717,0.5833333333333334,0.5952380952380952,0.5909090909090909,0.37714285714285717,0.5833333333333334,0.5952380952380952,0.0,0.0,0.0,0.0
bull_to_neutral,0.18,0.95,15.0,-0.05,0,66,66,0.5909090909090909,0.37714285714285717,0.5833333333333334,0.5952380952380952,0.5909090909090909,0.37714285714285717,0.5833333333333334,0.5952380952380952,0.0,0.0,0.0,0.0
bull_to_bear,0.18,0.95,15.0,-0.05,0,66,66,0.5909090909090909,0.37714285714285717,0.5833333333333334,0.5952380952380952,0.5909090909090909,0.37714285714285717,0.5833333333333334,0.5952380952380952,0.0,0.0,0.0,0.0
bull_to_neutral,0.18,0.95,15.0,-0.1,0,66,66,0.5909090909090909,0.37714285714285717,0.5833333333333334,0.5952380952380952,0.5909090909090909,0.37714285714285717,0.5833333333333334,0.5952380952380952,0.0,0.0,0.0,0.0
bull_to_bear,0.18,0.95,15.0,-0.1,0,66,66,0.5909090909090909,0.37714285714285717,0.5833333333333334,0.5952380952380952,0.5909090909090909,0.37714285714285717,0.5833333333333334,0.5952380952380952,0.0,0.0,0.0,0.0
bull_to_neutral,0.18,0.93,,,0,66,66,0.5909090909090909,0.37714285714285717,0.5833333333333334,0.5952380952380952,0.5909090909090909,0.37714285714285717,0.5833333333333334,0.5952380952380952,0.0,0.0,0.0,0.0
bull_to_bear,0.18,0.93,,,0,66,66,0.5909090909090909,0.37714285714285717,0.5833333333333334,0.5952380952380952,0.5909090909090909,0.37714285714285717,0.5833333333333334,0.5952380952380952,0.0,0.0,0.0,0.0
bull_to_neutral,0.18,0.93,,0.0,0,66,66,0.5909090909090909,0.37714285714285717,0.5833333333333334,0.5952380952380952,0.5909090909090909,0.37714285714285717,0.5833333333333334,0.5952380952380952,0.0,0.0,0.0,0.0
bull_to_bear,0.18,0.93,,0.0,0,66,66,0.5909090909090909,0.37714285714285717,0.5833333333333334,0.5952380952380952,0.5909090909090909,0.37714285714285717,0.5833333333333334,0.5952380952380952,0.0,0.0,0.0,0.0
bull_to_neutral,0.18,0.93,,-0.05,0,66,66,0.5909090909090909,0.37714285714285717,0.5833333333333334,0.5952380952380952,0.5909090909090909,0.37714285714285717,0.5833333333333334,0.5952380952380952,0.0,0.0,0.0,0.0
bull_to_bear,0.18,0.93,,-0.05,0,66,66,0.5909090909090909,0.37714285714285717,0.5833333333333334,0.5952380952380952,0.5909090909090909,0.37714285714285717,0.5833333333333334,0.5952380952380952,0.0,0.0,0.0,0.0
bull_to_neutral,0.18,0.93,,-0.1,0,66,66,0.5909090909090909,0.37714285714285717,0.5833333333333334,0.5952380952380952,0.5909090909090909,0.37714285714285717,0.5833333333333334,0.5952380952380952,0.0,0.0,0.0,0.0
bull_to_bear,0.18,0.93,,-0.1,0,66,66,0.5909090909090909,0.37714285714285717,0.5833333333333334,0.5952380952380952,0.5909090909090909,0.37714285714285717,0.5833333333333334,0.5952380952380952,0.0,0.0,0.0,0.0
bull_to_neutral,0.18,0.93,0.0,,0,66,66,0.5909090909090909,0.37714285714285717,0.5833333333333334,0.5952380952380952,0.5909090909090909,0.37714285714285717,0.5833333333333334,0.5952380952380952,0.0,0.0,0.0,0.0
bull_to_bear,0.18,0.93,0.0,,0,66,66,0.5909090909090909,0.37714285714285717,0.5833333333333334,0.5952380952380952,0.5909090909090909,0.37714285714285717,0.5833333333333334,0.5952380952380952,0.0,0.0,0.0,0.0
bull_to_neutral,0.18,0.93,0.0,0.0,0,66,66,0.5909090909090909,0.37714285714285717,0.5833333333333334,0.5952380952380952,0.5909090909090909,0.37714285714285717,0.5833333333333334,0.5952380952380952,0.0,0.0,0.0,0.0
bull_to_bear,0.18,0.93,0.0,0.0,0,66,66,0.5909090909090909,0.37714285714285717,0.5833333333333334,0.5952380952380952,0.5909090909090909,0.37714285714285717,0.5833333333333334,0.5952380952380952,0.0,0.0,0.0,0.0
bull_to_neutral,0.18,0.93,0.0,-0.05,0,66,66,0.5909090909090909,0.37714285714285717,0.5833333333333334,0.5952380952380952,0.5909090909090909,0.37714285714285717,0.5833333333333334,0.5952380952380952,0.0,0.0,0.0,0.0
bull_to_bear,0.18,0.93,0.0,-0.05,0,66,66,0.5909090909090909,0.37714285714285717,0.5833333333333334,0.5952380952380952,0.5909090909090909,0.37714285714285717,0.5833333333333334,0.5952380952380952,0.0,0.0,0.0,0.0
bull_to_neutral,0.18,0.93,0.0,-0.1,0,66,66,0.5909090909090909,0.37714285714285717,0.5833333333333334,0.5952380952380952,0.5909090909090909,0.37714285714285717,0.5833333333333334,0.5952380952380952,0.0,0.0,0.0,0.0
bull_to_bear,0.18,0.93,0.0,-0.1,0,66,66,0.5909090909090909,0.37714285714285717,0.5833333333333334,0.5952380952380952,0.5909090909090909,0.37714285714285717,0.5833333333333334,0.5952380952380952,0.0,0.0,0.0,0.0
bull_to_neutral,0.18,0.93,5.0,,0,66,66,0.5909090909090909,0.37714285714285717,0.5833333333333334,0.5952380952380952,0.5909090909090909,0.37714285714285717,0.5833333333333334,0.5952380952380952,0.0,0.0,0.0,0.0
bull_to_bear,0.18,0.93,5.0,,0,66,66,0.5909090909090909,0.37714285714285717,0.5833333333333334,0.5952380952380952,0.5909090909090909,0.37714285714285717,0.5833333333333334,0.5952380952380952,0.0,0.0,0.0,0.0
bull_to_neutral,0.18,0.93,5.0,0.0,0,66,66,0.5909090909090909,0.37714285714285717,0.5833333333333334,0.5952380952380952,0.5909090909090909,0.37714285714285717,0.5833333333333334,0.5952380952380952,0.0,0.0,0.0,0.0
bull_to_bear,0.18,0.93,5.0,0.0,0,66,66,0.5909090909090909,0.37714285714285717,0.5833333333333334,0.5952380952380952,0.5909090909090909,0.37714285714285717,0.5833333333333334,0.5952380952380952,0.0,0.0,0.0,0.0
bull_to_neutral,0.18,0.93,5.0,-0.05,0,66,66,0.5909090909090909,0.37714285714285717,0.5833333333333334,0.5952380952380952,0.5909090909090909,0.37714285714285717,0.5833333333333334,0.5952380952380952,0.0,0.0,0.0,0.0
bull_to_bear,0.18,0.93,5.0,-0.05,0,66,66,0.5909090909090909,0.37714285714285717,0.5833333333333334,0.5952380952380952,0.5909090909090909,0.37714285714285717,0.5833333333333334,0.5952380952380952,0.0,0.0,0.0,0.0
bull_to_neutral,0.18,0.93,5.0,-0.1,0,66,66,0.5909090909090909,0.37714285714285717,0.5833333333333334,0.5952380952380952,0.5909090909090909,0.37714285714285717,0.5833333333333334,0.5952380952380952,0.0,0.0,0.0,0.0
bull_to_bear,0.18,0.93,5.0,-0.1,0,66,66,0.5909090909090909,0.37714285714285717,0.5833333333333334,0.5952380952380952,0.5909090909090909,0.37714285714285717,0.5833333333333334,0.5952380952380952,0.0,0.0,0.0,0.0
bull_to_neutral,0.18,0.93,10.0,,0,66,66,0.5909090909090909,0.37714285714285717,0.5833333333333334,0.5952380952380952,0.5909090909090909,0.37714285714285717,0.5833333333333334,0.5952380952380952,0.0,0.0,0.0,0.0
bull_to_bear,0.18,0.93,10.0,,0,66,66,0.5909090909090909,0.37714285714285717,0.5833333333333334,0.5952380952380952,0.5909090909090909,0.37714285714285717,0.5833333333333334,0.5952380952380952,0.0,0.0,0.0,0.0
bull_to_neutral,0.18,0.93,10.0,0.0,0,66,66,0.5909090909090909,0.37714285714285717,0.5833333333333334,0.5952380952380952,0.5909090909090909,0.37714285714285717,0.5833333333333334,0.5952380952380952,0.0,0.0,0.0,0.0
bull_to_bear,0.18,0.93,10.0,0.0,0,66,66,0.5909090909090909,0.37714285714285717,0.5833333333333334,0.5952380952380952,0.5909090909090909,0.37714285714285717,0.5833333333333334,0.5952380952380952,0.0,0.0,0.0,0.0
bull_to_neutral,0.18,0.93,10.0,-0.05,0,66,66,0.5909090909090909,0.37714285714285717,0.5833333333333334,0.5952380952380952,0.5909090909090909,0.37714285714285717,0.5833333333333334,0.5952380952380952,0.0,0.0,0.0,0.0
bull_to_bear,0.18,0.93,10.0,-0.05,0,66,66,0.5909090909090909,0.37714285714285717,0.5833333333333334,0.5952380952380952,0.5909090909090909,0.37714285714285717,0.5833333333333334,0.5952380952380952,0.0,0.0,0.0,0.0
bull_to_neutral,0.18,0.93,10.0,-0.1,0,66,66,0.5909090909090909,0.37714285714285717,0.5833333333333334,0.5952380952380952,0.5909090909090909,0.37714285714285717,0.5833333333333334,0.5952380952380952,0.0,0.0,0.0,0.0
bull_to_bear,0.18,0.93,10.0,-0.1,0,66,66,0.5909090909090909,0.37714285714285717,0.5833333333333334,0.5952380952380952,0.5909090909090909,0.37714285714285717,0.5833333333333334,0.5952380952380952,0.0,0.0,0.0,0.0
bull_to_neutral,0.18,0.93,15.0,,0,66,66,0.5909090909090909,0.37714285714285717,0.5833333333333334,0.5952380952380952,0.5909090909090909,0.37714285714285717,0.5833333333333334,0.5952380952380952,0.0,0.0,0.0,0.0
bull_to_bear,0.18,0.93,15.0,,0,66,66,0.5909090909090909,0.37714285714285717,0.5833333333333334,0.5952380952380952,0.5909090909090909,0.37714285714285717,0.5833333333333334,0.5952380952380952,0.0,0.0,0.0,0.0
bull_to_neutral,0.18,0.93,15.0,0.0,0,66,66,0.5909090909090909,0.37714285714285717,0.5833333333333334,0.5952380952380952,0.5909090909090909,0.37714285714285717,0.5833333333333334,0.5952380952380952,0.0,0.0,0.0,0.0
bull_to_bear,0.18,0.93,15.0,0.0,0,66,66,0.5909090909090909,0.37714285714285717,0.5833333333333334,0.5952380952380952,0.5909090909090909,0.37714285714285717,0.5833333333333334,0.5952380952380952,0.0,0.0,0.0,0.0
bull_to_neutral,0.18,0.93,15.0,-0.05,0,66,66,0.5909090909090909,0.37714285714285717,0.5833333333333334,0.5952380952380952,0.5909090909090909,0.37714285714285717,0.5833333333333334,0.5952380952380952,0.0,0.0,0.0,0.0
bull_to_bear,0.18,0.93,15.0,-0.05,0,66,66,0.5909090909090909,0.37714285714285717,0.5833333333333334,0.5952380952380952,0.5909090909090909,0.37714285714285717,0.5833333333333334,0.5952380952380952,0.0,0.0,0.0,0.0
bull_to_neutral,0.18,0.93,15.0,-0.1,0,66,66,0.5909090909090909,0.37714285714285717,0.5833333333333334,0.5952380952380952,0.5909090909090909,0.37714285714285717,0.5833333333333334,0.5952380952380952,0.0,0.0,0.0,0.0
bull_to_bear,0.18,0.93,15.0,-0.1,0,66,66,0.5909090909090909,0.37714285714285717,0.5833333333333334,0.5952380952380952,0.5909090909090909,0.37714285714285717,0.5833333333333334,0.5952380952380952,0.0,0.0,0.0,0.0
bull_to_neutral,0.18,0.9,,,0,66,66,0.5909090909090909,0.37714285714285717,0.5833333333333334,0.5952380952380952,0.5909090909090909,0.37714285714285717,0.5833333333333334,0.5952380952380952,0.0,0.0,0.0,0.0
bull_to_bear,0.18,0.9,,,0,66,66,0.5909090909090909,0.37714285714285717,0.5833333333333334,0.5952380952380952,0.5909090909090909,0.37714285714285717,0.5833333333333334,0.5952380952380952,0.0,0.0,0.0,0.0
bull_to_neutral,0.18,0.9,,0.0,0,66,66,0.5909090909090909,0.37714285714285717,0.5833333333333334,0.5952380952380952,0.5909090909090909,0.37714285714285717,0.5833333333333334,0.5952380952380952,0.0,0.0,0.0,0.0
bull_to_bear,0.18,0.9,,0.0,0,66,66,0.5909090909090909,0.37714285714285717,0.5833333333333334,0.5952380952380952,0.5909090909090909,0.37714285714285717,0.5833333333333334,0.5952380952380952,0.0,0.0,0.0,0.0
bull_to_neutral,0.18,0.9,,-0.05,0,66,66,0.5909090909090909,0.37714285714285717,0.5833333333333334,0.5952380952380952,0.5909090909090909,0.37714285714285717,0.5833333333333334,0.5952380952380952,0.0,0.0,0.0,0.0
bull_to_bear,0.18,0.9,,-0.05,0,66,66,0.5909090909090909,0.37714285714285717,0.5833333333333334,0.5952380952380952,0.5909090909090909,0.37714285714285717,0.5833333333333334,0.5952380952380952,0.0,0.0,0.0,0.0
bull_to_neutral,0.18,0.9,,-0.1,0,66,66,0.5909090909090909,0.37714285714285717,0.5833333333333334,0.5952380952380952,0.5909090909090909,0.37714285714285717,0.5833333333333334,0.5952380952380952,0.0,0.0,0.0,0.0
bull_to_bear,0.18,0.9,,-0.1,0,66,66,0.5909090909090909,0.37714285714285717,0.5833333333333334,0.5952380952380952,0.5909090909090909,0.37714285714285717,0.5833333333333334,0.5952380952380952,0.0,0.0,0.0,0.0
bull_to_neutral,0.18,0.9,0.0,,0,66,66,0.5909090909090909,0.37714285714285717,0.5833333333333334,0.5952380952380952,0.5909090909090909,0.37714285714285717,0.5833333333333334,0.5952380952380952,0.0,0.0,0.0,0.0
bull_to_bear,0.18,0.9,0.0,,0,66,66,0.5909090909090909,0.37714285714285717,0.5833333333333334,0.5952380952380952,0.5909090909090909,0.37714285714285717,0.5833333333333334,0.5952380952380952,0.0,0.0,0.0,0.0
bull_to_neutral,0.18,0.9,0.0,0.0,0,66,66,0.5909090909090909,0.37714285714285717,0.5833333333333334,0.5952380952380952,0.5909090909090909,0.37714285714285717,0.5833333333333334,0.5952380952380952,0.0,0.0,0.0,0.0
bull_to_bear,0.18,0.9,0.0,0.0,0,66,66,0.5909090909090909,0.37714285714285717,0.5833333333333334,0.5952380952380952,0.5909090909090909,0.37714285714285717,0.5833333333333334,0.5952380952380952,0.0,0.0,0.0,0.0
bull_to_neutral,0.18,0.9,0.0,-0.05,0,66,66,0.5909090909090909,0.37714285714285717,0.5833333333333334,0.5952380952380952,0.5909090909090909,0.37714285714285717,0.5833333333333334,0.5952380952380952,0.0,0.0,0.0,0.0
bull_to_bear,0.18,0.9,0.0,-0.05,0,66,66,0.5909090909090909,0.37714285714285717,0.5833333333333334,0.5952380952380952,0.5909090909090909,0.37714285714285717,0.5833333333333334,0.5952380952380952,0.0,0.0,0.0,0.0
bull_to_neutral,0.18,0.9,0.0,-0.1,0,66,66,0.5909090909090909,0.37714285714285717,0.5833333333333334,0.5952380952380952,0.5909090909090909,0.37714285714285717,0.5833333333333334,0.5952380952380952,0.0,0.0,0.0,0.0
bull_to_bear,0.18,0.9,0.0,-0.1,0,66,66,0.5909090909090909,0.37714285714285717,0.5833333333333334,0.5952380952380952,0.5909090909090909,0.37714285714285717,0.5833333333333334,0.5952380952380952,0.0,0.0,0.0,0.0
bull_to_neutral,0.18,0.9,5.0,,0,66,66,0.5909090909090909,0.37714285714285717,0.5833333333333334,0.5952380952380952,0.5909090909090909,0.37714285714285717,0.5833333333333334,0.5952380952380952,0.0,0.0,0.0,0.0
bull_to_bear,0.18,0.9,5.0,,0,66,66,0.5909090909090909,0.37714285714285717,0.5833333333333334,0.5952380952380952,0.5909090909090909,0.37714285714285717,0.5833333333333334,0.5952380952380952,0.0,0.0,0.0,0.0
bull_to_neutral,0.18,0.9,5.0,0.0,0,66,66,0.5909090909090909,0.37714285714285717,0.5833333333333334,0.5952380952380952,0.5909090909090909,0.37714285714285717,0.5833333333333334,0.5952380952380952,0.0,0.0,0.0,0.0
bull_to_bear,0.18,0.9,5.0,0.0,0,66,66,0.5909090909090909,0.37714285714285717,0.5833333333333334,0.5952380952380952,0.5909090909090909,0.37714285714285717,0.5833333333333334,0.5952380952380952,0.0,0.0,0.0,0.0
bull_to_neutral,0.18,0.9,5.0,-0.05,0,66,66,0.5909090909090909,0.37714285714285717,0.5833333333333334,0.5952380952380952,0.5909090909090909,0.37714285714285717,0.5833333333333334,0.5952380952380952,0.0,0.0,0.0,0.0
bull_to_bear,0.18,0.9,5.0,-0.05,0,66,66,0.5909090909090909,0.37714285714285717,0.5833333333333334,0.5952380952380952,0.5909090909090909,0.37714285714285717,0.5833333333333334,0.5952380952380952,0.0,0.0,0.0,0.0
bull_to_neutral,0.18,0.9,5.0,-0.1,0,66,66,0.5909090909090909,0.37714285714285717,0.5833333333333334,0.5952380952380952,0.5909090909090909,0.37714285714285717,0.5833333333333334,0.5952380952380952,0.0,0.0,0.0,0.0
bull_to_bear,0.18,0.9,5.0,-0.1,0,66,66,0.5909090909090909,0.37714285714285717,0.5833333333333334,0.5952380952380952,0.5909090909090909,0.37714285714285717,0.5833333333333334,0.5952380952380952,0.0,0.0,0.0,0.0
bull_to_neutral,0.18,0.9,10.0,,0,66,66,0.5909090909090909,0.37714285714285717,0.5833333333333334,0.5952380952380952,0.5909090909090909,0.37714285714285717,0.5833333333333334,0.5952380952380952,0.0,0.0,0.0,0.0
bull_to_bear,0.18,0.9,10.0,,0,66,66,0.5909090909090909,0.37714285714285717,0.5833333333333334,0.5952380952380952,0.5909090909090909,0.37714285714285717,0.5833333333333334,0.5952380952380952,0.0,0.0,0.0,0.0
bull_to_neutral,0.18,0.9,10.0,0.0,0,66,66,0.5909090909090909,0.37714285714285717,0.5833333333333334,0.5952380952380952,0.5909090909090909,0.37714285714285717,0.5833333333333334,0.5952380952380952,0.0,0.0,0.0,0.0
bull_to_bear,0.18,0.9,10.0,0.0,0,66,66,0.5909090909090909,0.37714285714285717,0.5833333333333334,0.5952380952380952,0.5909090909090909,0.37714285714285717,0.5833333333333334,0.5952380952380952,0.0,0.0,0.0,0.0
bull_to_neutral,0.18,0.9,10.0,-0.05,0,66,66,0.5909090909090909,0.37714285714285717,0.5833333333333334,0.5952380952380952,0.5909090909090909,0.37714285714285717,0.5833333333333334,0.5952380952380952,0.0,0.0,0.0,0.0
bull_to_bear,0.18,0.9,10.0,-0.05,0,66,66,0.5909090909090909,0.37714285714285717,0.5833333333333334,0.5952380952380952,0.5909090909090909,0.37714285714285717,0.5833333333333334,0.5952380952380952,0.0,0.0,0.0,0.0
bull_to_neutral,0.18,0.9,10.0,-0.1,0,66,66,0.5909090909090909,0.37714285714285717,0.5833333333333334,0.5952380952380952,0.5909090909090909,0.37714285714285717,0.5833333333333334,0.5952380952380952,0.0,0.0,0.0,0.0
bull_to_bear,0.18,0.9,10.0,-0.1,0,66,66,0.5909090909090909,0.37714285714285717,0.5833333333333334,0.5952380952380952,0.5909090909090909,0.37714285714285717,0.5833333333333334,0.5952380952380952,0.0,0.0,0.0,0.0
bull_to_neutral,0.18,0.9,15.0,,0,66,66,0.5909090909090909,0.37714285714285717,0.5833333333333334,0.5952380952380952,0.5909090909090909,0.37714285714285717,0.5833333333333334,0.5952380952380952,0.0,0.0,0.0,0.0
bull_to_bear,0.18,0.9,15.0,,0,66,66,0.5909090909090909,0.37714285714285717,0.5833333333333334,0.5952380952380952,0.5909090909090909,0.37714285714285717,0.5833333333333334,0.5952380952380952,0.0,0.0,0.0,0.0
bull_to_neutral,0.18,0.9,15.0,0.0,0,66,66,0.5909090909090909,0.37714285714285717,0.5833333333333334,0.5952380952380952,0.5909090909090909,0.37714285714285717,0.5833333333333334,0.5952380952380952,0.0,0.0,0.0,0.0
bull_to_bear,0.18,0.9,15.0,0.0,0,66,66,0.5909090909090909,0.37714285714285717,0.5833333333333334,0.5952380952380952,0.5909090909090909,0.37714285714285717,0.5833333333333334,0.5952380952380952,0.0,0.0,0.0,0.0
bull_to_neutral,0.18,0.9,15.0,-0.05,0,66,66,0.5909090909090909,0.37714285714285717,0.5833333333333334,0.5952380952380952,0.5909090909090909,0.37714285714285717,0.5833333333333334,0.5952380952380952,0.0,0.0,0.0,0.0
bull_to_bear,0.18,0.9,15.0,-0.05,0,66,66,0.5909090909090909,0.37714285714285717,0.5833333333333334,0.5952380952380952,0.5909090909090909,0.37714285714285717,0.5833333333333334,0.5952380952380952,0.0,0.0,0.0,0.0
bull_to_neutral,0.18,0.9,15.0,-0.1,0,66,66,0.5909090909090909,0.37714285714285717,0.5833333333333334,0.5952380952380952,0.5909090909090909,0.37714285714285717,0.5833333333333334,0.5952380952380952,0.0,0.0,0.0,0.0
bull_to_bear,0.18,0.9,15.0,-0.1,0,66,66,0.5909090909090909,0.37714285714285717,0.5833333333333334,0.5952380952380952,0.5909090909090909,0.37714285714285717,0.5833333333333334,0.5952380952380952,0.0,0.0,0.0,0.0
bull_to_neutral,0.2,1.0,,,2,64,66,0.5909090909090909,0.37714285714285717,0.5833333333333334,0.5952380952380952,0.59375,0.3657142857142857,0.5909090909090909,0.5952380952380952,0.0028409090909090606,-0.011428571428571455,0.007575757575757569,0.0
bull_to_bear,0.2,1.0,,,2,66,66,0.5909090909090909,0.37714285714285717,0.5833333333333334,0.5952380952380952,0.5909090909090909,0.37714285714285717,0.5909090909090909,0.5909090909090909,0.0,0.0,0.007575757575757569,-0.0043290043290042934
bull_to_neutral,0.2,1.0,,0.0,2,64,66,0.5909090909090909,0.37714285714285717,0.5833333333333334,0.5952380952380952,0.59375,0.3657142857142857,0.5909090909090909,0.5952380952380952,0.0028409090909090606,-0.011428571428571455,0.007575757575757569,0.0
bull_to_bear,0.2,1.0,,0.0,2,66,66,0.5909090909090909,0.37714285714285717,0.5833333333333334,0.5952380952380952,0.5909090909090909,0.37714285714285717,0.5909090909090909,0.5909090909090909,0.0,0.0,0.007575757575757569,-0.0043290043290042934
bull_to_neutral,0.2,1.0,,-0.05,1,65,66,0.5909090909090909,0.37714285714285717,0.5833333333333334,0.5952380952380952,0.5846153846153846,0.37142857142857144,0.5652173913043478,0.5952380952380952,-0.0062937062937062915,-0.005714285714285727,-0.018115942028985588,0.0
bull_to_bear,0.2,1.0,,-0.05,1,66,66,0.5909090909090909,0.37714285714285717,0.5833333333333334,0.5952380952380952,0.5757575757575758,0.37714285714285717,0.5652173913043478,0.5813953488372093,-0.015151515151515138,0.0,-0.018115942028985588,-0.013842746400885897
bull_to_neutral,0.2,1.0,,-0.1,1,65,66,0.5909090909090909,0.37714285714285717,0.5833333333333334,0.5952380952380952,0.5846153846153846,0.37142857142857144,0.5652173913043478,0.5952380952380952,-0.0062937062937062915,-0.005714285714285727,-0.018115942028985588,0.0
bull_to_bear,0.2,1.0,,-0.1,1,66,66,0.5909090909090909,0.37714285714285717,0.5833333333333334,0.5952380952380952,0.5757575757575758,0.37714285714285717,0.5652173913043478,0.5813953488372093,-0.015151515151515138,0.0,-0.018115942028985588,-0.013842746400885897
bull_to_neutral,0.2,1.0,0.0,,0,66,66,0.5909090909090909,0.37714285714285717,0.5833333333333334,0.5952380952380952,0.5909090909090909,0.37714285714285717,0.5833333333333334,0.5952380952380952,0.0,0.0,0.0,0.0
bull_to_bear,0.2,1.0,0.0,,0,66,66,0.5909090909090909,0.37714285714285717,0.5833333333333334,0.5952380952380952,0.5909090909090909,0.37714285714285717,0.5833333333333334,0.5952380952380952,0.0,0.0,0.0,0.0
bull_to_neutral,0.2,1.0,0.0,0.0,0,66,66,0.5909090909090909,0.37714285714285717,0.5833333333333334,0.5952380952380952,0.5909090909090909,0.37714285714285717,0.5833333333333334,0.5952380952380952,0.0,0.0,0.0,0.0
bull_to_bear,0.2,1.0,0.0,0.0,0,66,66,0.5909090909090909,0.37714285714285717,0.5833333333333334,0.5952380952380952,0.5909090909090909,0.37714285714285717,0.5833333333333334,0.5952380952380952,0.0,0.0,0.0,0.0
bull_to_neutral,0.2,1.0,0.0,-0.05,0,66,66,0.5909090909090909,0.37714285714285717,0.5833333333333334,0.5952380952380952,0.5909090909090909,0.37714285714285717,0.5833333333333334,0.5952380952380952,0.0,0.0,0.0,0.0
bull_to_bear,0.2,1.0,0.0,-0.05,0,66,66,0.5909090909090909,0.37714285714285717,0.5833333333333334,0.5952380952380952,0.5909090909090909,0.37714285714285717,0.5833333333333334,0.5952380952380952,0.0,0.0,0.0,0.0
bull_to_neutral,0.2,1.0,0.0,-0.1,0,66,66,0.5909090909090909,0.37714285714285717,0.5833333333333334,0.5952380952380952,0.5909090909090909,0.37714285714285717,0.5833333333333334,0.5952380952380952,0.0,0.0,0.0,0.0
bull_to_bear,0.2,1.0,0.0,-0.1,0,66,66,0.5909090909090909,0.37714285714285717,0.5833333333333334,0.5952380952380952,0.5909090909090909,0.37714285714285717,0.5833333333333334,0.5952380952380952,0.0,0.0,0.0,0.0
bull_to_neutral,0.2,1.0,5.0,,0,66,66,0.5909090909090909,0.37714285714285717,0.5833333333333334,0.5952380952380952,0.5909090909090909,0.37714285714285717,0.5833333333333334,0.5952380952380952,0.0,0.0,0.0,0.0
bull_to_bear,0.2,1.0,5.0,,0,66,66,0.5909090909090909,0.37714285714285717,0.5833333333333334,0.5952380952380952,0.5909090909090909,0.37714285714285717,0.5833333333333334,0.5952380952380952,0.0,0.0,0.0,0.0
bull_to_neutral,0.2,1.0,5.0,0.0,0,66,66,0.5909090909090909,0.37714285714285717,0.5833333333333334,0.5952380952380952,0.5909090909090909,0.37714285714285717,0.5833333333333334,0.5952380952380952,0.0,0.0,0.0,0.0
bull_to_bear,0.2,1.0,5.0,0.0,0,66,66,0.5909090909090909,0.37714285714285717,0.5833333333333334,0.5952380952380952,0.5909090909090909,0.37714285714285717,0.5833333333333334,0.5952380952380952,0.0,0.0,0.0,0.0
bull_to_neutral,0.2,1.0,5.0,-0.05,0,66,66,0.5909090909090909,0.37714285714285717,0.5833333333333334,0.5952380952380952,0.5909090909090909,0.37714285714285717,0.5833333333333334,0.5952380952380952,0.0,0.0,0.0,0.0
bull_to_bear,0.2,1.0,5.0,-0.05,0,66,66,0.5909090909090909,0.37714285714285717,0.5833333333333334,0.5952380952380952,0.5909090909090909,0.37714285714285717,0.5833333333333334,0.5952380952380952,0.0,0.0,0.0,0.0
bull_to_neutral,0.2,1.0,5.0,-0.1,0,66,66,0.5909090909090909,0.37714285714285717,0.5833333333333334,0.5952380952380952,0.5909090909090909,0.37714285714285717,0.5833333333333334,0.5952380952380952,0.0,0.0,0.0,0.0
bull_to_bear,0.2,1.0,5.0,-0.1,0,66,66,0.5909090909090909,0.37714285714285717,0.5833333333333334,0.5952380952380952,0.5909090909090909,0.37714285714285717,0.5833333333333334,0.5952380952380952,0.0,0.0,0.0,0.0
bull_to_neutral,0.2,1.0,10.0,,0,66,66,0.5909090909090909,0.37714285714285717,0.5833333333333334,0.5952380952380952,0.5909090909090909,0.37714285714285717,0.5833333333333334,0.5952380952380952,0.0,0.0,0.0,0.0
bull_to_bear,0.2,1.0,10.0,,0,66,66,0.5909090909090909,0.37714285714285717,0.5833333333333334,0.5952380952380952,0.5909090909090909,0.37714285714285717,0.5833333333333334,0.5952380952380952,0.0,0.0,0.0,0.0
bull_to_neutral,0.2,1.0,10.0,0.0,0,66,66,0.5909090909090909,0.37714285714285717,0.5833333333333334,0.5952380952380952,0.5909090909090909,0.37714285714285717,0.5833333333333334,0.5952380952380952,0.0,0.0,0.0,0.0
bull_to_bear,0.2,1.0,10.0,0.0,0,66,66,0.5909090909090909,0.37714285714285717,0.5833333333333334,0.5952380952380952,0.5909090909090909,0.37714285714285717,0.5833333333333334,0.5952380952380952,0.0,0.0,0.0,0.0
bull_to_neutral,0.2,1.0,10.0,-0.05,0,66,66,0.5909090909090909,0.37714285714285717,0.5833333333333334,0.5952380952380952,0.5909090909090909,0.37714285714285717,0.5833333333333334,0.5952380952380952,0.0,0.0,0.0,0.0
bull_to_bear,0.2,1.0,10.0,-0.05,0,66,66,0.5909090909090909,0.37714285714285717,0.5833333333333334,0.5952380952380952,0.5909090909090909,0.37714285714285717,0.5833333333333334,0.5952380952380952,0.0,0.0,0.0,0.0
bull_to_neutral,0.2,1.0,10.0,-0.1,0,66,66,0.5909090909090909,0.37714285714285717,0.5833333333333334,0.5952380952380952,0.5909090909090909,0.37714285714285717,0.5833333333333334,0.5952380952380952,0.0,0.0,0.0,0.0
bull_to_bear,0.2,1.0,10.0,-0.1,0,66,66,0.5909090909090909,0.37714285714285717,0.5833333333333334,0.5952380952380952,0.5909090909090909,0.37714285714285717,0.5833333333333334,0.5952380952380952,0.0,0.0,0.0,0.0
bull_to_neutral,0.2,1.0,15.0,,0,66,66,0.5909090909090909,0.37714285714285717,0.5833333333333334,0.5952380952380952,0.5909090909090909,0.37714285714285717,0.5833333333333334,0.5952380952380952,0.0,0.0,0.0,0.0
bull_to_bear,0.2,1.0,15.0,,0,66,66,0.5909090909090909,0.37714285714285717,0.5833333333333334,0.5952380952380952,0.5909090909090909,0.37714285714285717,0.5833333333333334,0.5952380952380952,0.0,0.0,0.0,0.0
bull_to_neutral,0.2,1.0,15.0,0.0,0,66,66,0.5909090909090909,0.37714285714285717,0.5833333333333334,0.5952380952380952,0.5909090909090909,0.37714285714285717,0.5833333333333334,0.5952380952380952,0.0,0.0,0.0,0.0
bull_to_bear,0.2,1.0,15.0,0.0,0,66,66,0.5909090909090909,0.37714285714285717,0.5833333333333334,0.5952380952380952,0.5909090909090909,0.37714285714285717,0.5833333333333334,0.5952380952380952,0.0,0.0,0.0,0.0
bull_to_neutral,0.2,1.0,15.0,-0.05,0,66,66,0.5909090909090909,0.37714285714285717,0.5833333333333334,0.5952380952380952,0.5909090909090909,0.37714285714285717,0.5833333333333334,0.5952380952380952,0.0,0.0,0.0,0.0
bull_to_bear,0.2,1.0,15.0,-0.05,0,66,66,0.5909090909090909,0.37714285714285717,0.5833333333333334,0.5952380952380952,0.5909090909090909,0.37714285714285717,0.5833333333333334,0.5952380952380952,0.0,0.0,0.0,0.0
bull_to_neutral,0.2,1.0,15.0,-0.1,0,66,66,0.5909090909090909,0.37714285714285717,0.5833333333333334,0.5952380952380952,0.5909090909090909,0.37714285714285717,0.5833333333333334,0.5952380952380952,0.0,0.0,0.0,0.0
bull_to_bear,0.2,1.0,15.0,-0.1,0,66,66,0.5909090909090909,0.37714285714285717,0.5833333333333334,0.5952380952380952,0.5909090909090909,0.37714285714285717,0.5833333333333334,0.5952380952380952,0.0,0.0,0.0,0.0
bull_to_neutral,0.2,0.99,,,0,66,66,0.5909090909090909,0.37714285714285717,0.5833333333333334,0.5952380952380952,0.5909090909090909,0.37714285714285717,0.5833333333333334,0.5952380952380952,0.0,0.0,0.0,0.0
bull_to_bear,0.2,0.99,,,0,66,66,0.5909090909090909,0.37714285714285717,0.5833333333333334,0.5952380952380952,0.5909090909090909,0.37714285714285717,0.5833333333333334,0.5952380952380952,0.0,0.0,0.0,0.0
bull_to_neutral,0.2,0.99,,0.0,0,66,66,0.5909090909090909,0.37714285714285717,0.5833333333333334,0.5952380952380952,0.5909090909090909,0.37714285714285717,0.5833333333333334,0.5952380952380952,0.0,0.0,0.0,0.0
bull_to_bear,0.2,0.99,,0.0,0,66,66,0.5909090909090909,0.37714285714285717,0.5833333333333334,0.5952380952380952,0.5909090909090909,0.37714285714285717,0.5833333333333334,0.5952380952380952,0.0,0.0,0.0,0.0
bull_to_neutral,0.2,0.99,,-0.05,0,66,66,0.5909090909090909,0.37714285714285717,0.5833333333333334,0.5952380952380952,0.5909090909090909,0.37714285714285717,0.5833333333333334,0.5952380952380952,0.0,0.0,0.0,0.0
bull_to_bear,0.2,0.99,,-0.05,0,66,66,0.5909090909090909,0.37714285714285717,0.5833333333333334,0.5952380952380952,0.5909090909090909,0.37714285714285717,0.5833333333333334,0.5952380952380952,0.0,0.0,0.0,0.0
bull_to_neutral,0.2,0.99,,-0.1,0,66,66,0.5909090909090909,0.37714285714285717,0.5833333333333334,0.5952380952380952,0.5909090909090909,0.37714285714285717,0.5833333333333334,0.5952380952380952,0.0,0.0,0.0,0.0
bull_to_bear,0.2,0.99,,-0.1,0,66,66,0.5909090909090909,0.37714285714285717,0.5833333333333334,0.5952380952380952,0.5909090909090909,0.37714285714285717,0.5833333333333334,0.5952380952380952,0.0,0.0,0.0,0.0
bull_to_neutral,0.2,0.99,0.0,,0,66,66,0.5909090909090909,0.37714285714285717,0.5833333333333334,0.5952380952380952,0.5909090909090909,0.37714285714285717,0.5833333333333334,0.5952380952380952,0.0,0.0,0.0,0.0
bull_to_bear,0.2,0.99,0.0,,0,66,66,0.5909090909090909,0.37714285714285717,0.5833333333333334,0.5952380952380952,0.5909090909090909,0.37714285714285717,0.5833333333333334,0.5952380952380952,0.0,0.0,0.0,0.0
bull_to_neutral,0.2,0.99,0.0,0.0,0,66,66,0.5909090909090909,0.37714285714285717,0.5833333333333334,0.5952380952380952,0.5909090909090909,0.37714285714285717,0.5833333333333334,0.5952380952380952,0.0,0.0,0.0,0.0
bull_to_bear,0.2,0.99,0.0,0.0,0,66,66,0.5909090909090909,0.37714285714285717,0.5833333333333334,0.5952380952380952,0.5909090909090909,0.37714285714285717,0.5833333333333334,0.5952380952380952,0.0,0.0,0.0,0.0
bull_to_neutral,0.2,0.99,0.0,-0.05,0,66,66,0.5909090909090909,0.37714285714285717,0.5833333333333334,0.5952380952380952,0.5909090909090909,0.37714285714285717,0.5833333333333334,0.5952380952380952,0.0,0.0,0.0,0.0
bull_to_bear,0.2,0.99,0.0,-0.05,0,66,66,0.5909090909090909,0.37714285714285717,0.5833333333333334,0.5952380952380952,0.5909090909090909,0.37714285714285717,0.5833333333333334,0.5952380952380952,0.0,0.0,0.0,0.0
bull_to_neutral,0.2,0.99,0.0,-0.1,0,66,66,0.5909090909090909,0.37714285714285717,0.5833333333333334,0.5952380952380952,0.5909090909090909,0.37714285714285717,0.5833333333333334,0.5952380952380952,0.0,0.0,0.0,0.0
bull_to_bear,0.2,0.99,0.0,-0.1,0,66,66,0.5909090909090909,0.37714285714285717,0.5833333333333334,0.5952380952380952,0.5909090909090909,0.37714285714285717,0.5833333333333334,0.5952380952380952,0.0,0.0,0.0,0.0
bull_to_neutral,0.2,0.99,5.0,,0,66,66,0.5909090909090909,0.37714285714285717,0.5833333333333334,0.5952380952380952,0.5909090909090909,0.37714285714285717,0.5833333333333334,0.5952380952380952,0.0,0.0,0.0,0.0
bull_to_bear,0.2,0.99,5.0,,0,66,66,0.5909090909090909,0.37714285714285717,0.5833333333333334,0.5952380952380952,0.5909090909090909,0.37714285714285717,0.5833333333333334,0.5952380952380952,0.0,0.0,0.0,0.0
bull_to_neutral,0.2,0.99,5.0,0.0,0,66,66,0.5909090909090909,0.37714285714285717,0.5833333333333334,0.5952380952380952,0.5909090909090909,0.37714285714285717,0.5833333333333334,0.5952380952380952,0.0,0.0,0.0,0.0
bull_to_bear,0.2,0.99,5.0,0.0,0,66,66,0.5909090909090909,0.37714285714285717,0.5833333333333334,0.5952380952380952,0.5909090909090909,0.37714285714285717,0.5833333333333334,0.5952380952380952,0.0,0.0,0.0,0.0
bull_to_neutral,0.2,0.99,5.0,-0.05,0,66,66,0.5909090909090909,0.37714285714285717,0.5833333333333334,0.5952380952380952,0.5909090909090909,0.37714285714285717,0.5833333333333334,0.5952380952380952,0.0,0.0,0.0,0.0
bull_to_bear,0.2,0.99,5.0,-0.05,0,66,66,0.5909090909090909,0.37714285714285717,0.5833333333333334,0.5952380952380952,0.5909090909090909,0.37714285714285717,0.5833333333333334,0.5952380952380952,0.0,0.0,0.0,0.0
bull_to_neutral,0.2,0.99,5.0,-0.1,0,66,66,0.5909090909090909,0.37714285714285717,0.5833333333333334,0.5952380952380952,0.5909090909090909,0.37714285714285717,0.5833333333333334,0.5952380952380952,0.0,0.0,0.0,0.0
bull_to_bear,0.2,0.99,5.0,-0.1,0,66,66,0.5909090909090909,0.37714285714285717,0.5833333333333334,0.5952380952380952,0.5909090909090909,0.37714285714285717,0.5833333333333334,0.5952380952380952,0.0,0.0,0.0,0.0
bull_to_neutral,0.2,0.99,10.0,,0,66,66,0.5909090909090909,0.37714285714285717,0.5833333333333334,0.5952380952380952,0.5909090909090909,0.37714285714285717,0.5833333333333334,0.5952380952380952,0.0,0.0,0.0,0.0
bull_to_bear,0.2,0.99,10.0,,0,66,66,0.5909090909090909,0.37714285714285717,0.5833333333333334,0.5952380952380952,0.5909090909090909,0.37714285714285717,0.5833333333333334,0.5952380952380952,0.0,0.0,0.0,0.0
bull_to_neutral,0.2,0.99,10.0,0.0,0,66,66,0.5909090909090909,0.37714285714285717,0.5833333333333334,0.5952380952380952,0.5909090909090909,0.37714285714285717,0.5833333333333334,0.5952380952380952,0.0,0.0,0.0,0.0
bull_to_bear,0.2,0.99,10.0,0.0,0,66,66,0.5909090909090909,0.37714285714285717,0.5833333333333334,0.5952380952380952,0.5909090909090909,0.37714285714285717,0.5833333333333334,0.5952380952380952,0.0,0.0,0.0,0.0
bull_to_neutral,0.2,0.99,10.0,-0.05,0,66,66,0.5909090909090909,0.37714285714285717,0.5833333333333334,0.5952380952380952,0.5909090909090909,0.37714285714285717,0.5833333333333334,0.5952380952380952,0.0,0.0,0.0,0.0
bull_to_bear,0.2,0.99,10.0,-0.05,0,66,66,0.5909090909090909,0.37714285714285717,0.5833333333333334,0.5952380952380952,0.5909090909090909,0.37714285714285717,0.5833333333333334,0.5952380952380952,0.0,0.0,0.0,0.0
bull_to_neutral,0.2,0.99,10.0,-0.1,0,66,66,0.5909090909090909,0.37714285714285717,0.5833333333333334,0.5952380952380952,0.5909090909090909,0.37714285714285717,0.5833333333333334,0.5952380952380952,0.0,0.0,0.0,0.0
bull_to_bear,0.2,0.99,10.0,-0.1,0,66,66,0.5909090909090909,0.37714285714285717,0.5833333333333334,0.5952380952380952,0.5909090909090909,0.37714285714285717,0.5833333333333334,0.5952380952380952,0.0,0.0,0.0,0.0
bull_to_neutral,0.2,0.99,15.0,,0,66,66,0.5909090909090909,0.37714285714285717,0.5833333333333334,0.5952380952380952,0.5909090909090909,0.37714285714285717,0.5833333333333334,0.5952380952380952,0.0,0.0,0.0,0.0
bull_to_bear,0.2,0.99,15.0,,0,66,66,0.5909090909090909,0.37714285714285717,0.5833333333333334,0.5952380952380952,0.5909090909090909,0.37714285714285717,0.5833333333333334,0.5952380952380952,0.0,0.0,0.0,0.0
bull_to_neutral,0.2,0.99,15.0,0.0,0,66,66,0.5909090909090909,0.37714285714285717,0.5833333333333334,0.5952380952380952,0.5909090909090909,0.37714285714285717,0.5833333333333334,0.5952380952380952,0.0,0.0,0.0,0.0
bull_to_bear,0.2,0.99,15.0,0.0,0,66,66,0.5909090909090909,0.37714285714285717,0.5833333333333334,0.5952380952380952,0.5909090909090909,0.37714285714285717,0.5833333333333334,0.5952380952380952,0.0,0.0,0.0,0.0
bull_to_neutral,0.2,0.99,15.0,-0.05,0,66,66,0.5909090909090909,0.37714285714285717,0.5833333333333334,0.5952380952380952,0.5909090909090909,0.37714285714285717,0.5833333333333334,0.5952380952380952,0.0,0.0,0.0,0.0
bull_to_bear,0.2,0.99,15.0,-0.05,0,66,66,0.5909090909090909,0.37714285714285717,0.5833333333333334,0.5952380952380952,0.5909090909090909,0.37714285714285717,0.5833333333333334,0.5952380952380952,0.0,0.0,0.0,0.0
bull_to_neutral,0.2,0.99,15.0,-0.1,0,66,66,0.5909090909090909,0.37714285714285717,0.5833333333333334,0.5952380952380952,0.5909090909090909,0.37714285714285717,0.5833333333333334,0.5952380952380952,0.0,0.0,0.0,0.0
bull_to_bear,0.2,0.99,15.0,-0.1,0,66,66,0.5909090909090909,0.37714285714285717,0.5833333333333334,0.5952380952380952,0.5909090909090909,0.37714285714285717,0.5833333333333334,0.5952380952380952,0.0,0.0,0.0,0.0
bull_to_neutral,0.2,0.98,,,0,66,66,0.5909090909090909,0.37714285714285717,0.5833333333333334,0.5952380952380952,0.5909090909090909,0.37714285714285717,0.5833333333333334,0.5952380952380952,0.0,0.0,0.0,0.0
bull_to_bear,0.2,0.98,,,0,66,66,0.5909090909090909,0.37714285714285717,0.5833333333333334,0.5952380952380952,0.5909090909090909,0.37714285714285717,0.5833333333333334,0.5952380952380952,0.0,0.0,0.0,0.0
bull_to_neutral,0.2,0.98,,0.0,0,66,66,0.5909090909090909,0.37714285714285717,0.5833333333333334,0.5952380952380952,0.5909090909090909,0.37714285714285717,0.5833333333333334,0.5952380952380952,0.0,0.0,0.0,0.0
bull_to_bear,0.2,0.98,,0.0,0,66,66,0.5909090909090909,0.37714285714285717,0.5833333333333334,0.5952380952380952,0.5909090909090909,0.37714285714285717,0.5833333333333334,0.5952380952380952,0.0,0.0,0.0,0.0
bull_to_neutral,0.2,0.98,,-0.05,0,66,66,0.5909090909090909,0.37714285714285717,0.5833333333333334,0.5952380952380952,0.5909090909090909,0.37714285714285717,0.5833333333333334,0.5952380952380952,0.0,0.0,0.0,0.0
bull_to_bear,0.2,0.98,,-0.05,0,66,66,0.5909090909090909,0.37714285714285717,0.5833333333333334,0.5952380952380952,0.5909090909090909,0.37714285714285717,0.5833333333333334,0.5952380952380952,0.0,0.0,0.0,0.0
bull_to_neutral,0.2,0.98,,-0.1,0,66,66,0.5909090909090909,0.37714285714285717,0.5833333333333334,0.5952380952380952,0.5909090909090909,0.37714285714285717,0.5833333333333334,0.5952380952380952,0.0,0.0,0.0,0.0
bull_to_bear,0.2,0.98,,-0.1,0,66,66,0.5909090909090909,0.37714285714285717,0.5833333333333334,0.5952380952380952,0.5909090909090909,0.37714285714285717,0.5833333333333334,0.5952380952380952,0.0,0.0,0.0,0.0
bull_to_neutral,0.2,0.98,0.0,,0,66,66,0.5909090909090909,0.37714285714285717,0.5833333333333334,0.5952380952380952,0.5909090909090909,0.37714285714285717,0.5833333333333334,0.5952380952380952,0.0,0.0,0.0,0.0
bull_to_bear,0.2,0.98,0.0,,0,66,66,0.5909090909090909,0.37714285714285717,0.5833333333333334,0.5952380952380952,0.5909090909090909,0.37714285714285717,0.5833333333333334,0.5952380952380952,0.0,0.0,0.0,0.0
bull_to_neutral,0.2,0.98,0.0,0.0,0,66,66,0.5909090909090909,0.37714285714285717,0.5833333333333334,0.5952380952380952,0.5909090909090909,0.37714285714285717,0.5833333333333334,0.5952380952380952,0.0,0.0,0.0,0.0
bull_to_bear,0.2,0.98,0.0,0.0,0,66,66,0.5909090909090909,0.37714285714285717,0.5833333333333334,0.5952380952380952,0.5909090909090909,0.37714285714285717,0.5833333333333334,0.5952380952380952,0.0,0.0,0.0,0.0
bull_to_neutral,0.2,0.98,0.0,-0.05,0,66,66,0.5909090909090909,0.37714285714285717,0.5833333333333334,0.5952380952380952,0.5909090909090909,0.37714285714285717,0.5833333333333334,0.5952380952380952,0.0,0.0,0.0,0.0
bull_to_bear,0.2,0.98,0.0,-0.05,0,66,66,0.5909090909090909,0.37714285714285717,0.5833333333333334,0.5952380952380952,0.5909090909090909,0.37714285714285717,0.5833333333333334,0.5952380952380952,0.0,0.0,0.0,0.0
bull_to_neutral,0.2,0.98,0.0,-0.1,0,66,66,0.5909090909090909,0.37714285714285717,0.5833333333333334,0.5952380952380952,0.5909090909090909,0.37714285714285717,0.5833333333333334,0.5952380952380952,0.0,0.0,0.0,0.0
bull_to_bear,0.2,0.98,0.0,-0.1,0,66,66,0.5909090909090909,0.37714285714285717,0.5833333333333334,0.5952380952380952,0.5909090909090909,0.37714285714285717,0.5833333333333334,0.5952380952380952,0.0,0.0,0.0,0.0
bull_to_neutral,0.2,0.98,5.0,,0,66,66,0.5909090909090909,0.37714285714285717,0.5833333333333334,0.5952380952380952,0.5909090909090909,0.37714285714285717,0.5833333333333334,0.5952380952380952,0.0,0.0,0.0,0.0
bull_to_bear,0.2,0.98,5.0,,0,66,66,0.5909090909090909,0.37714285714285717,0.5833333333333334,0.5952380952380952,0.5909090909090909,0.37714285714285717,0.5833333333333334,0.5952380952380952,0.0,0.0,0.0,0.0
bull_to_neutral,0.2,0.98,5.0,0.0,0,66,66,0.5909090909090909,0.37714285714285717,0.5833333333333334,0.5952380952380952,0.5909090909090909,0.37714285714285717,0.5833333333333334,0.5952380952380952,0.0,0.0,0.0,0.0
bull_to_bear,0.2,0.98,5.0,0.0,0,66,66,0.5909090909090909,0.37714285714285717,0.5833333333333334,0.5952380952380952,0.5909090909090909,0.37714285714285717,0.5833333333333334,0.5952380952380952,0.0,0.0,0.0,0.0
bull_to_neutral,0.2,0.98,5.0,-0.05,0,66,66,0.5909090909090909,0.37714285714285717,0.5833333333333334,0.5952380952380952,0.5909090909090909,0.37714285714285717,0.5833333333333334,0.5952380952380952,0.0,0.0,0.0,0.0
bull_to_bear,0.2,0.98,5.0,-0.05,0,66,66,0.5909090909090909,0.37714285714285717,0.5833333333333334,0.5952380952380952,0.5909090909090909,0.37714285714285717,0.5833333333333334,0.5952380952380952,0.0,0.0,0.0,0.0
bull_to_neutral,0.2,0.98,5.0,-0.1,0,66,66,0.5909090909090909,0.37714285714285717,0.5833333333333334,0.5952380952380952,0.5909090909090909,0.37714285714285717,0.5833333333333334,0.5952380952380952,0.0,0.0,0.0,0.0
bull_to_bear,0.2,0.98,5.0,-0.1,0,66,66,0.5909090909090909,0.37714285714285717,0.5833333333333334,0.5952380952380952,0.5909090909090909,0.37714285714285717,0.5833333333333334,0.5952380952380952,0.0,0.0,0.0,0.0
bull_to_neutral,0.2,0.98,10.0,,0,66,66,0.5909090909090909,0.37714285714285717,0.5833333333333334,0.5952380952380952,0.5909090909090909,0.37714285714285717,0.5833333333333334,0.5952380952380952,0.0,0.0,0.0,0.0
bull_to_bear,0.2,0.98,10.0,,0,66,66,0.5909090909090909,0.37714285714285717,0.5833333333333334,0.5952380952380952,0.5909090909090909,0.37714285714285717,0.5833333333333334,0.5952380952380952,0.0,0.0,0.0,0.0
bull_to_neutral,0.2,0.98,10.0,0.0,0,66,66,0.5909090909090909,0.37714285714285717,0.5833333333333334,0.5952380952380952,0.5909090909090909,0.37714285714285717,0.5833333333333334,0.5952380952380952,0.0,0.0,0.0,0.0
bull_to_bear,0.2,0.98,10.0,0.0,0,66,66,0.5909090909090909,0.37714285714285717,0.5833333333333334,0.5952380952380952,0.5909090909090909,0.37714285714285717,0.5833333333333334,0.5952380952380952,0.0,0.0,0.0,0.0
bull_to_neutral,0.2,0.98,10.0,-0.05,0,66,66,0.5909090909090909,0.37714285714285717,0.5833333333333334,0.5952380952380952,0.5909090909090909,0.37714285714285717,0.5833333333333334,0.5952380952380952,0.0,0.0,0.0,0.0
bull_to_bear,0.2,0.98,10.0,-0.05,0,66,66,0.5909090909090909,0.37714285714285717,0.5833333333333334,0.5952380952380952,0.5909090909090909,0.37714285714285717,0.5833333333333334,0.5952380952380952,0.0,0.0,0.0,0.0
bull_to_neutral,0.2,0.98,10.0,-0.1,0,66,66,0.5909090909090909,0.37714285714285717,0.5833333333333334,0.5952380952380952,0.5909090909090909,0.37714285714285717,0.5833333333333334,0.5952380952380952,0.0,0.0,0.0,0.0
bull_to_bear,0.2,0.98,10.0,-0.1,0,66,66,0.5909090909090909,0.37714285714285717,0.5833333333333334,0.5952380952380952,0.5909090909090909,0.37714285714285717,0.5833333333333334,0.5952380952380952,0.0,0.0,0.0,0.0
bull_to_neutral,0.2,0.98,15.0,,0,66,66,0.5909090909090909,0.37714285714285717,0.5833333333333334,0.5952380952380952,0.5909090909090909,0.37714285714285717,0.5833333333333334,0.5952380952380952,0.0,0.0,0.0,0.0
bull_to_bear,0.2,0.98,15.0,,0,66,66,0.5909090909090909,0.37714285714285717,0.5833333333333334,0.5952380952380952,0.5909090909090909,0.37714285714285717,0.5833333333333334,0.5952380952380952,0.0,0.0,0.0,0.0
bull_to_neutral,0.2,0.98,15.0,0.0,0,66,66,0.5909090909090909,0.37714285714285717,0.5833333333333334,0.5952380952380952,0.5909090909090909,0.37714285714285717,0.5833333333333334,0.5952380952380952,0.0,0.0,0.0,0.0
bull_to_bear,0.2,0.98,15.0,0.0,0,66,66,0.5909090909090909,0.37714285714285717,0.5833333333333334,0.5952380952380952,0.5909090909090909,0.37714285714285717,0.5833333333333334,0.5952380952380952,0.0,0.0,0.0,0.0
bull_to_neutral,0.2,0.98,15.0,-0.05,0,66,66,0.5909090909090909,0.37714285714285717,0.5833333333333334,0.5952380952380952,0.5909090909090909,0.37714285714285717,0.5833333333333334,0.5952380952380952,0.0,0.0,0.0,0.0
bull_to_bear,0.2,0.98,15.0,-0.05,0,66,66,0.5909090909090909,0.37714285714285717,0.5833333333333334,0.5952380952380952,0.5909090909090909,0.37714285714285717,0.5833333333333334,0.5952380952380952,0.0,0.0,0.0,0.0
bull_to_neutral,0.2,0.98,15.0,-0.1,0,66,66,0.5909090909090909,0.37714285714285717,0.5833333333333334,0.5952380952380952,0.5909090909090909,0.37714285714285717,0.5833333333333334,0.5952380952380952,0.0,0.0,0.0,0.0
bull_to_bear,0.2,0.98,15.0,-0.1,0,66,66,0.5909090909090909,0.37714285714285717,0.5833333333333334,0.5952380952380952,0.5909090909090909,0.37714285714285717,0.5833333333333334,0.5952380952380952,0.0,0.0,0.0,0.0
bull_to_neutral,0.2,0.97,,,0,66,66,0.5909090909090909,0.37714285714285717,0.5833333333333334,0.5952380952380952,0.5909090909090909,0.37714285714285717,0.5833333333333334,0.5952380952380952,0.0,0.0,0.0,0.0
bull_to_bear,0.2,0.97,,,0,66,66,0.5909090909090909,0.37714285714285717,0.5833333333333334,0.5952380952380952,0.5909090909090909,0.37714285714285717,0.5833333333333334,0.5952380952380952,0.0,0.0,0.0,0.0
bull_to_neutral,0.2,0.97,,0.0,0,66,66,0.5909090909090909,0.37714285714285717,0.5833333333333334,0.5952380952380952,0.5909090909090909,0.37714285714285717,0.5833333333333334,0.5952380952380952,0.0,0.0,0.0,0.0
bull_to_bear,0.2,0.97,,0.0,0,66,66,0.5909090909090909,0.37714285714285717,0.5833333333333334,0.5952380952380952,0.5909090909090909,0.37714285714285717,0.5833333333333334,0.5952380952380952,0.0,0.0,0.0,0.0
bull_to_neutral,0.2,0.97,,-0.05,0,66,66,0.5909090909090909,0.37714285714285717,0.5833333333333334,0.5952380952380952,0.5909090909090909,0.37714285714285717,0.5833333333333334,0.5952380952380952,0.0,0.0,0.0,0.0
bull_to_bear,0.2,0.97,,-0.05,0,66,66,0.5909090909090909,0.37714285714285717,0.5833333333333334,0.5952380952380952,0.5909090909090909,0.37714285714285717,0.5833333333333334,0.5952380952380952,0.0,0.0,0.0,0.0
bull_to_neutral,0.2,0.97,,-0.1,0,66,66,0.5909090909090909,0.37714285714285717,0.5833333333333334,0.5952380952380952,0.5909090909090909,0.37714285714285717,0.5833333333333334,0.5952380952380952,0.0,0.0,0.0,0.0
bull_to_bear,0.2,0.97,,-0.1,0,66,66,0.5909090909090909,0.37714285714285717,0.5833333333333334,0.5952380952380952,0.5909090909090909,0.37714285714285717,0.5833333333333334,0.5952380952380952,0.0,0.0,0.0,0.0
bull_to_neutral,0.2,0.97,0.0,,0,66,66,0.5909090909090909,0.37714285714285717,0.5833333333333334,0.5952380952380952,0.5909090909090909,0.37714285714285717,0.5833333333333334,0.5952380952380952,0.0,0.0,0.0,0.0
bull_to_bear,0.2,0.97,0.0,,0,66,66,0.5909090909090909,0.37714285714285717,0.5833333333333334,0.5952380952380952,0.5909090909090909,0.37714285714285717,0.5833333333333334,0.5952380952380952,0.0,0.0,0.0,0.0
bull_to_neutral,0.2,0.97,0.0,0.0,0,66,66,0.5909090909090909,0.37714285714285717,0.5833333333333334,0.5952380952380952,0.5909090909090909,0.37714285714285717,0.5833333333333334,0.5952380952380952,0.0,0.0,0.0,0.0
bull_to_bear,0.2,0.97,0.0,0.0,0,66,66,0.5909090909090909,0.37714285714285717,0.5833333333333334,0.5952380952380952,0.5909090909090909,0.37714285714285717,0.5833333333333334,0.5952380952380952,0.0,0.0,0.0,0.0
bull_to_neutral,0.2,0.97,0.0,-0.05,0,66,66,0.5909090909090909,0.37714285714285717,0.5833333333333334,0.5952380952380952,0.5909090909090909,0.37714285714285717,0.5833333333333334,0.5952380952380952,0.0,0.0,0.0,0.0
bull_to_bear,0.2,0.97,0.0,-0.05,0,66,66,0.5909090909090909,0.37714285714285717,0.5833333333333334,0.5952380952380952,0.5909090909090909,0.37714285714285717,0.5833333333333334,0.5952380952380952,0.0,0.0,0.0,0.0
bull_to_neutral,0.2,0.97,0.0,-0.1,0,66,66,0.5909090909090909,0.37714285714285717,0.5833333333333334,0.5952380952380952,0.5909090909090909,0.37714285714285717,0.5833333333333334,0.5952380952380952,0.0,0.0,0.0,0.0
bull_to_bear,0.2,0.97,0.0,-0.1,0,66,66,0.5909090909090909,0.37714285714285717,0.5833333333333334,0.5952380952380952,0.5909090909090909,0.37714285714285717,0.5833333333333334,0.5952380952380952,0.0,0.0,0.0,0.0
bull_to_neutral,0.2,0.97,5.0,,0,66,66,0.5909090909090909,0.37714285714285717,0.5833333333333334,0.5952380952380952,0.5909090909090909,0.37714285714285717,0.5833333333333334,0.5952380952380952,0.0,0.0,0.0,0.0
bull_to_bear,0.2,0.97,5.0,,0,66,66,0.5909090909090909,0.37714285714285717,0.5833333333333334,0.5952380952380952,0.5909090909090909,0.37714285714285717,0.5833333333333334,0.5952380952380952,0.0,0.0,0.0,0.0
bull_to_neutral,0.2,0.97,5.0,0.0,0,66,66,0.5909090909090909,0.37714285714285717,0.5833333333333334,0.5952380952380952,0.5909090909090909,0.37714285714285717,0.5833333333333334,0.5952380952380952,0.0,0.0,0.0,0.0
bull_to_bear,0.2,0.97,5.0,0.0,0,66,66,0.5909090909090909,0.37714285714285717,0.5833333333333334,0.5952380952380952,0.5909090909090909,0.37714285714285717,0.5833333333333334,0.5952380952380952,0.0,0.0,0.0,0.0
bull_to_neutral,0.2,0.97,5.0,-0.05,0,66,66,0.5909090909090909,0.37714285714285717,0.5833333333333334,0.5952380952380952,0.5909090909090909,0.37714285714285717,0.5833333333333334,0.5952380952380952,0.0,0.0,0.0,0.0
bull_to_bear,0.2,0.97,5.0,-0.05,0,66,66,0.5909090909090909,0.37714285714285717,0.5833333333333334,0.5952380952380952,0.5909090909090909,0.37714285714285717,0.5833333333333334,0.5952380952380952,0.0,0.0,0.0,0.0
bull_to_neutral,0.2,0.97,5.0,-0.1,0,66,66,0.5909090909090909,0.37714285714285717,0.5833333333333334,0.5952380952380952,0.5909090909090909,0.37714285714285717,0.5833333333333334,0.5952380952380952,0.0,0.0,0.0,0.0
bull_to_bear,0.2,0.97,5.0,-0.1,0,66,66,0.5909090909090909,0.37714285714285717,0.5833333333333334,0.5952380952380952,0.5909090909090909,0.37714285714285717,0.5833333333333334,0.5952380952380952,0.0,0.0,0.0,0.0
bull_to_neutral,0.2,0.97,10.0,,0,66,66,0.5909090909090909,0.37714285714285717,0.5833333333333334,0.5952380952380952,0.5909090909090909,0.37714285714285717,0.5833333333333334,0.5952380952380952,0.0,0.0,0.0,0.0
bull_to_bear,0.2,0.97,10.0,,0,66,66,0.5909090909090909,0.37714285714285717,0.5833333333333334,0.5952380952380952,0.5909090909090909,0.37714285714285717,0.5833333333333334,0.5952380952380952,0.0,0.0,0.0,0.0
bull_to_neutral,0.2,0.97,10.0,0.0,0,66,66,0.5909090909090909,0.37714285714285717,0.5833333333333334,0.5952380952380952,0.5909090909090909,0.37714285714285717,0.5833333333333334,0.5952380952380952,0.0,0.0,0.0,0.0
bull_to_bear,0.2,0.97,10.0,0.0,0,66,66,0.5909090909090909,0.37714285714285717,0.5833333333333334,0.5952380952380952,0.5909090909090909,0.37714285714285717,0.5833333333333334,0.5952380952380952,0.0,0.0,0.0,0.0
bull_to_neutral,0.2,0.97,10.0,-0.05,0,66,66,0.5909090909090909,0.37714285714285717,0.5833333333333334,0.5952380952380952,0.5909090909090909,0.37714285714285717,0.5833333333333334,0.5952380952380952,0.0,0.0,0.0,0.0
bull_to_bear,0.2,0.97,10.0,-0.05,0,66,66,0.5909090909090909,0.37714285714285717,0.5833333333333334,0.5952380952380952,0.5909090909090909,0.37714285714285717,0.5833333333333334,0.5952380952380952,0.0,0.0,0.0,0.0
bull_to_neutral,0.2,0.97,10.0,-0.1,0,66,66,0.5909090909090909,0.37714285714285717,0.5833333333333334,0.5952380952380952,0.5909090909090909,0.37714285714285717,0.5833333333333334,0.5952380952380952,0.0,0.0,0.0,0.0
bull_to_bear,0.2,0.97,10.0,-0.1,0,66,66,0.5909090909090909,0.37714285714285717,0.5833333333333334,0.5952380952380952,0.5909090909090909,0.37714285714285717,0.5833333333333334,0.5952380952380952,0.0,0.0,0.0,0.0
bull_to_neutral,0.2,0.97,15.0,,0,66,66,0.5909090909090909,0.37714285714285717,0.5833333333333334,0.5952380952380952,0.5909090909090909,0.37714285714285717,0.5833333333333334,0.5952380952380952,0.0,0.0,0.0,0.0
bull_to_bear,0.2,0.97,15.0,,0,66,66,0.5909090909090909,0.37714285714285717,0.5833333333333334,0.5952380952380952,0.5909090909090909,0.37714285714285717,0.5833333333333334,0.5952380952380952,0.0,0.0,0.0,0.0
bull_to_neutral,0.2,0.97,15.0,0.0,0,66,66,0.5909090909090909,0.37714285714285717,0.5833333333333334,0.5952380952380952,0.5909090909090909,0.37714285714285717,0.5833333333333334,0.5952380952380952,0.0,0.0,0.0,0.0
bull_to_bear,0.2,0.97,15.0,0.0,0,66,66,0.5909090909090909,0.37714285714285717,0.5833333333333334,0.5952380952380952,0.5909090909090909,0.37714285714285717,0.5833333333333334,0.5952380952380952,0.0,0.0,0.0,0.0
bull_to_neutral,0.2,0.97,15.0,-0.05,0,66,66,0.5909090909090909,0.37714285714285717,0.5833333333333334,0.5952380952380952,0.5909090909090909,0.37714285714285717,0.5833333333333334,0.5952380952380952,0.0,0.0,0.0,0.0
bull_to_bear,0.2,0.97,15.0,-0.05,0,66,66,0.5909090909090909,0.37714285714285717,0.5833333333333334,0.5952380952380952,0.5909090909090909,0.37714285714285717,0.5833333333333334,0.5952380952380952,0.0,0.0,0.0,0.0
bull_to_neutral,0.2,0.97,15.0,-0.1,0,66,66,0.5909090909090909,0.37714285714285717,0.5833333333333334,0.5952380952380952,0.5909090909090909,0.37714285714285717,0.5833333333333334,0.5952380952380952,0.0,0.0,0.0,0.0
bull_to_bear,0.2,0.97,15.0,-0.1,0,66,66,0.5909090909090909,0.37714285714285717,0.5833333333333334,0.5952380952380952,0.5909090909090909,0.37714285714285717,0.5833333333333334,0.5952380952380952,0.0,0.0,0.0,0.0
bull_to_neutral,0.2,0.95,,,0,66,66,0.5909090909090909,0.37714285714285717,0.5833333333333334,0.5952380952380952,0.5909090909090909,0.37714285714285717,0.5833333333333334,0.5952380952380952,0.0,0.0,0.0,0.0
bull_to_bear,0.2,0.95,,,0,66,66,0.5909090909090909,0.37714285714285717,0.5833333333333334,0.5952380952380952,0.5909090909090909,0.37714285714285717,0.5833333333333334,0.5952380952380952,0.0,0.0,0.0,0.0
bull_to_neutral,0.2,0.95,,0.0,0,66,66,0.5909090909090909,0.37714285714285717,0.5833333333333334,0.5952380952380952,0.5909090909090909,0.37714285714285717,0.5833333333333334,0.5952380952380952,0.0,0.0,0.0,0.0
bull_to_bear,0.2,0.95,,0.0,0,66,66,0.5909090909090909,0.37714285714285717,0.5833333333333334,0.5952380952380952,0.5909090909090909,0.37714285714285717,0.5833333333333334,0.5952380952380952,0.0,0.0,0.0,0.0
bull_to_neutral,0.2,0.95,,-0.05,0,66,66,0.5909090909090909,0.37714285714285717,0.5833333333333334,0.5952380952380952,0.5909090909090909,0.37714285714285717,0.5833333333333334,0.5952380952380952,0.0,0.0,0.0,0.0
bull_to_bear,0.2,0.95,,-0.05,0,66,66,0.5909090909090909,0.37714285714285717,0.5833333333333334,0.5952380952380952,0.5909090909090909,0.37714285714285717,0.5833333333333334,0.5952380952380952,0.0,0.0,0.0,0.0
bull_to_neutral,0.2,0.95,,-0.1,0,66,66,0.5909090909090909,0.37714285714285717,0.5833333333333334,0.5952380952380952,0.5909090909090909,0.37714285714285717,0.5833333333333334,0.5952380952380952,0.0,0.0,0.0,0.0
bull_to_bear,0.2,0.95,,-0.1,0,66,66,0.5909090909090909,0.37714285714285717,0.5833333333333334,0.5952380952380952,0.5909090909090909,0.37714285714285717,0.5833333333333334,0.5952380952380952,0.0,0.0,0.0,0.0
bull_to_neutral,0.2,0.95,0.0,,0,66,66,0.5909090909090909,0.37714285714285717,0.5833333333333334,0.5952380952380952,0.5909090909090909,0.37714285714285717,0.5833333333333334,0.5952380952380952,0.0,0.0,0.0,0.0
bull_to_bear,0.2,0.95,0.0,,0,66,66,0.5909090909090909,0.37714285714285717,0.5833333333333334,0.5952380952380952,0.5909090909090909,0.37714285714285717,0.5833333333333334,0.5952380952380952,0.0,0.0,0.0,0.0
bull_to_neutral,0.2,0.95,0.0,0.0,0,66,66,0.5909090909090909,0.37714285714285717,0.5833333333333334,0.5952380952380952,0.5909090909090909,0.37714285714285717,0.5833333333333334,0.5952380952380952,0.0,0.0,0.0,0.0
bull_to_bear,0.2,0.95,0.0,0.0,0,66,66,0.5909090909090909,0.37714285714285717,0.5833333333333334,0.5952380952380952,0.5909090909090909,0.37714285714285717,0.5833333333333334,0.5952380952380952,0.0,0.0,0.0,0.0
bull_to_neutral,0.2,0.95,0.0,-0.05,0,66,66,0.5909090909090909,0.37714285714285717,0.5833333333333334,0.5952380952380952,0.5909090909090909,0.37714285714285717,0.5833333333333334,0.5952380952380952,0.0,0.0,0.0,0.0
bull_to_bear,0.2,0.95,0.0,-0.05,0,66,66,0.5909090909090909,0.37714285714285717,0.5833333333333334,0.5952380952380952,0.5909090909090909,0.37714285714285717,0.5833333333333334,0.5952380952380952,0.0,0.0,0.0,0.0
bull_to_neutral,0.2,0.95,0.0,-0.1,0,66,66,0.5909090909090909,0.37714285714285717,0.5833333333333334,0.5952380952380952,0.5909090909090909,0.37714285714285717,0.5833333333333334,0.5952380952380952,0.0,0.0,0.0,0.0
bull_to_bear,0.2,0.95,0.0,-0.1,0,66,66,0.5909090909090909,0.37714285714285717,0.5833333333333334,0.5952380952380952,0.5909090909090909,0.37714285714285717,0.5833333333333334,0.5952380952380952,0.0,0.0,0.0,0.0
bull_to_neutral,0.2,0.95,5.0,,0,66,66,0.5909090909090909,0.37714285714285717,0.5833333333333334,0.5952380952380952,0.5909090909090909,0.37714285714285717,0.5833333333333334,0.5952380952380952,0.0,0.0,0.0,0.0
bull_to_bear,0.2,0.95,5.0,,0,66,66,0.5909090909090909,0.37714285714285717,0.5833333333333334,0.5952380952380952,0.5909090909090909,0.37714285714285717,0.5833333333333334,0.5952380952380952,0.0,0.0,0.0,0.0
bull_to_neutral,0.2,0.95,5.0,0.0,0,66,66,0.5909090909090909,0.37714285714285717,0.5833333333333334,0.5952380952380952,0.5909090909090909,0.37714285714285717,0.5833333333333334,0.5952380952380952,0.0,0.0,0.0,0.0
bull_to_bear,0.2,0.95,5.0,0.0,0,66,66,0.5909090909090909,0.37714285714285717,0.5833333333333334,0.5952380952380952,0.5909090909090909,0.37714285714285717,0.5833333333333334,0.5952380952380952,0.0,0.0,0.0,0.0
bull_to_neutral,0.2,0.95,5.0,-0.05,0,66,66,0.5909090909090909,0.37714285714285717,0.5833333333333334,0.5952380952380952,0.5909090909090909,0.37714285714285717,0.5833333333333334,0.5952380952380952,0.0,0.0,0.0,0.0
bull_to_bear,0.2,0.95,5.0,-0.05,0,66,66,0.5909090909090909,0.37714285714285717,0.5833333333333334,0.5952380952380952,0.5909090909090909,0.37714285714285717,0.5833333333333334,0.5952380952380952,0.0,0.0,0.0,0.0
bull_to_neutral,0.2,0.95,5.0,-0.1,0,66,66,0.5909090909090909,0.37714285714285717,0.5833333333333334,0.5952380952380952,0.5909090909090909,0.37714285714285717,0.5833333333333334,0.5952380952380952,0.0,0.0,0.0,0.0
bull_to_bear,0.2,0.95,5.0,-0.1,0,66,66,0.5909090909090909,0.37714285714285717,0.5833333333333334,0.5952380952380952,0.5909090909090909,0.37714285714285717,0.5833333333333334,0.5952380952380952,0.0,0.0,0.0,0.0
bull_to_neutral,0.2,0.95,10.0,,0,66,66,0.5909090909090909,0.37714285714285717,0.5833333333333334,0.5952380952380952,0.5909090909090909,0.37714285714285717,0.5833333333333334,0.5952380952380952,0.0,0.0,0.0,0.0
bull_to_bear,0.2,0.95,10.0,,0,66,66,0.5909090909090909,0.37714285714285717,0.5833333333333334,0.5952380952380952,0.5909090909090909,0.37714285714285717,0.5833333333333334,0.5952380952380952,0.0,0.0,0.0,0.0
bull_to_neutral,0.2,0.95,10.0,0.0,0,66,66,0.5909090909090909,0.37714285714285717,0.5833333333333334,0.5952380952380952,0.5909090909090909,0.37714285714285717,0.5833333333333334,0.5952380952380952,0.0,0.0,0.0,0.0
bull_to_bear,0.2,0.95,10.0,0.0,0,66,66,0.5909090909090909,0.37714285714285717,0.5833333333333334,0.5952380952380952,0.5909090909090909,0.37714285714285717,0.5833333333333334,0.5952380952380952,0.0,0.0,0.0,0.0
bull_to_neutral,0.2,0.95,10.0,-0.05,0,66,66,0.5909090909090909,0.37714285714285717,0.5833333333333334,0.5952380952380952,0.5909090909090909,0.37714285714285717,0.5833333333333334,0.5952380952380952,0.0,0.0,0.0,0.0
bull_to_bear,0.2,0.95,10.0,-0.05,0,66,66,0.5909090909090909,0.37714285714285717,0.5833333333333334,0.5952380952380952,0.5909090909090909,0.37714285714285717,0.5833333333333334,0.5952380952380952,0.0,0.0,0.0,0.0
bull_to_neutral,0.2,0.95,10.0,-0.1,0,66,66,0.5909090909090909,0.37714285714285717,0.5833333333333334,0.5952380952380952,0.5909090909090909,0.37714285714285717,0.5833333333333334,0.5952380952380952,0.0,0.0,0.0,0.0
bull_to_bear,0.2,0.95,10.0,-0.1,0,66,66,0.5909090909090909,0.37714285714285717,0.5833333333333334,0.5952380952380952,0.5909090909090909,0.37714285714285717,0.5833333333333334,0.5952380952380952,0.0,0.0,0.0,0.0
bull_to_neutral,0.2,0.95,15.0,,0,66,66,0.5909090909090909,0.37714285714285717,0.5833333333333334,0.5952380952380952,0.5909090909090909,0.37714285714285717,0.5833333333333334,0.5952380952380952,0.0,0.0,0.0,0.0
bull_to_bear,0.2,0.95,15.0,,0,66,66,0.5909090909090909,0.37714285714285717,0.5833333333333334,0.5952380952380952,0.5909090909090909,0.37714285714285717,0.5833333333333334,0.5952380952380952,0.0,0.0,0.0,0.0
bull_to_neutral,0.2,0.95,15.0,0.0,0,66,66,0.5909090909090909,0.37714285714285717,0.5833333333333334,0.5952380952380952,0.5909090909090909,0.37714285714285717,0.5833333333333334,0.5952380952380952,0.0,0.0,0.0,0.0
bull_to_bear,0.2,0.95,15.0,0.0,0,66,66,0.5909090909090909,0.37714285714285717,0.5833333333333334,0.5952380952380952,0.5909090909090909,0.37714285714285717,0.5833333333333334,0.5952380952380952,0.0,0.0,0.0,0.0
bull_to_neutral,0.2,0.95,15.0,-0.05,0,66,66,0.5909090909090909,0.37714285714285717,0.5833333333333334,0.5952380952380952,0.5909090909090909,0.37714285714285717,0.5833333333333334,0.5952380952380952,0.0,0.0,0.0,0.0
bull_to_bear,0.2,0.95,15.0,-0.05,0,66,66,0.5909090909090909,0.37714285714285717,0.5833333333333334,0.5952380952380952,0.5909090909090909,0.37714285714285717,0.5833333333333334,0.5952380952380952,0.0,0.0,0.0,0.0
bull_to_neutral,0.2,0.95,15.0,-0.1,0,66,66,0.5909090909090909,0.37714285714285717,0.5833333333333334,0.5952380952380952,0.5909090909090909,0.37714285714285717,0.5833333333333334,0.5952380952380952,0.0,0.0,0.0,0.0
bull_to_bear,0.2,0.95,15.0,-0.1,0,66,66,0.5909090909090909,0.37714285714285717,0.5833333333333334,0.5952380952380952,0.5909090909090909,0.37714285714285717,0.5833333333333334,0.5952380952380952,0.0,0.0,0.0,0.0
bull_to_neutral,0.2,0.93,,,0,66,66,0.5909090909090909,0.37714285714285717,0.5833333333333334,0.5952380952380952,0.5909090909090909,0.37714285714285717,0.5833333333333334,0.5952380952380952,0.0,0.0,0.0,0.0
bull_to_bear,0.2,0.93,,,0,66,66,0.5909090909090909,0.37714285714285717,0.5833333333333334,0.5952380952380952,0.5909090909090909,0.37714285714285717,0.5833333333333334,0.5952380952380952,0.0,0.0,0.0,0.0
bull_to_neutral,0.2,0.93,,0.0,0,66,66,0.5909090909090909,0.37714285714285717,0.5833333333333334,0.5952380952380952,0.5909090909090909,0.37714285714285717,0.5833333333333334,0.5952380952380952,0.0,0.0,0.0,0.0
bull_to_bear,0.2,0.93,,0.0,0,66,66,0.5909090909090909,0.37714285714285717,0.5833333333333334,0.5952380952380952,0.5909090909090909,0.37714285714285717,0.5833333333333334,0.5952380952380952,0.0,0.0,0.0,0.0
bull_to_neutral,0.2,0.93,,-0.05,0,66,66,0.5909090909090909,0.37714285714285717,0.5833333333333334,0.5952380952380952,0.5909090909090909,0.37714285714285717,0.5833333333333334,0.5952380952380952,0.0,0.0,0.0,0.0
bull_to_bear,0.2,0.93,,-0.05,0,66,66,0.5909090909090909,0.37714285714285717,0.5833333333333334,0.5952380952380952,0.5909090909090909,0.37714285714285717,0.5833333333333334,0.5952380952380952,0.0,0.0,0.0,0.0
bull_to_neutral,0.2,0.93,,-0.1,0,66,66,0.5909090909090909,0.37714285714285717,0.5833333333333334,0.5952380952380952,0.5909090909090909,0.37714285714285717,0.5833333333333334,0.5952380952380952,0.0,0.0,0.0,0.0
bull_to_bear,0.2,0.93,,-0.1,0,66,66,0.5909090909090909,0.37714285714285717,0.5833333333333334,0.5952380952380952,0.5909090909090909,0.37714285714285717,0.5833333333333334,0.5952380952380952,0.0,0.0,0.0,0.0
bull_to_neutral,0.2,0.93,0.0,,0,66,66,0.5909090909090909,0.37714285714285717,0.5833333333333334,0.5952380952380952,0.5909090909090909,0.37714285714285717,0.5833333333333334,0.5952380952380952,0.0,0.0,0.0,0.0
bull_to_bear,0.2,0.93,0.0,,0,66,66,0.5909090909090909,0.37714285714285717,0.5833333333333334,0.5952380952380952,0.5909090909090909,0.37714285714285717,0.5833333333333334,0.5952380952380952,0.0,0.0,0.0,0.0
bull_to_neutral,0.2,0.93,0.0,0.0,0,66,66,0.5909090909090909,0.37714285714285717,0.5833333333333334,0.5952380952380952,0.5909090909090909,0.37714285714285717,0.5833333333333334,0.5952380952380952,0.0,0.0,0.0,0.0
bull_to_bear,0.2,0.93,0.0,0.0,0,66,66,0.5909090909090909,0.37714285714285717,0.5833333333333334,0.5952380952380952,0.5909090909090909,0.37714285714285717,0.5833333333333334,0.5952380952380952,0.0,0.0,0.0,0.0
bull_to_neutral,0.2,0.93,0.0,-0.05,0,66,66,0.5909090909090909,0.37714285714285717,0.5833333333333334,0.5952380952380952,0.5909090909090909,0.37714285714285717,0.5833333333333334,0.5952380952380952,0.0,0.0,0.0,0.0
bull_to_bear,0.2,0.93,0.0,-0.05,0,66,66,0.5909090909090909,0.37714285714285717,0.5833333333333334,0.5952380952380952,0.5909090909090909,0.37714285714285717,0.5833333333333334,0.5952380952380952,0.0,0.0,0.0,0.0
bull_to_neutral,0.2,0.93,0.0,-0.1,0,66,66,0.5909090909090909,0.37714285714285717,0.5833333333333334,0.5952380952380952,0.5909090909090909,0.37714285714285717,0.5833333333333334,0.5952380952380952,0.0,0.0,0.0,0.0
bull_to_bear,0.2,0.93,0.0,-0.1,0,66,66,0.5909090909090909,0.37714285714285717,0.5833333333333334,0.5952380952380952,0.5909090909090909,0.37714285714285717,0.5833333333333334,0.5952380952380952,0.0,0.0,0.0,0.0
bull_to_neutral,0.2,0.93,5.0,,0,66,66,0.5909090909090909,0.37714285714285717,0.5833333333333334,0.5952380952380952,0.5909090909090909,0.37714285714285717,0.5833333333333334,0.5952380952380952,0.0,0.0,0.0,0.0
bull_to_bear,0.2,0.93,5.0,,0,66,66,0.5909090909090909,0.37714285714285717,0.5833333333333334,0.5952380952380952,0.5909090909090909,0.37714285714285717,0.5833333333333334,0.5952380952380952,0.0,0.0,0.0,0.0
bull_to_neutral,0.2,0.93,5.0,0.0,0,66,66,0.5909090909090909,0.37714285714285717,0.5833333333333334,0.5952380952380952,0.5909090909090909,0.37714285714285717,0.5833333333333334,0.5952380952380952,0.0,0.0,0.0,0.0
bull_to_bear,0.2,0.93,5.0,0.0,0,66,66,0.5909090909090909,0.37714285714285717,0.5833333333333334,0.5952380952380952,0.5909090909090909,0.37714285714285717,0.5833333333333334,0.5952380952380952,0.0,0.0,0.0,0.0
bull_to_neutral,0.2,0.93,5.0,-0.05,0,66,66,0.5909090909090909,0.37714285714285717,0.5833333333333334,0.5952380952380952,0.5909090909090909,0.37714285714285717,0.5833333333333334,0.5952380952380952,0.0,0.0,0.0,0.0
bull_to_bear,0.2,0.93,5.0,-0.05,0,66,66,0.5909090909090909,0.37714285714285717,0.5833333333333334,0.5952380952380952,0.5909090909090909,0.37714285714285717,0.5833333333333334,0.5952380952380952,0.0,0.0,0.0,0.0
bull_to_neutral,0.2,0.93,5.0,-0.1,0,66,66,0.5909090909090909,0.37714285714285717,0.5833333333333334,0.5952380952380952,0.5909090909090909,0.37714285714285717,0.5833333333333334,0.5952380952380952,0.0,0.0,0.0,0.0
bull_to_bear,0.2,0.93,5.0,-0.1,0,66,66,0.5909090909090909,0.37714285714285717,0.5833333333333334,0.5952380952380952,0.5909090909090909,0.37714285714285717,0.5833333333333334,0.5952380952380952,0.0,0.0,0.0,0.0
bull_to_neutral,0.2,0.93,10.0,,0,66,66,0.5909090909090909,0.37714285714285717,0.5833333333333334,0.5952380952380952,0.5909090909090909,0.37714285714285717,0.5833333333333334,0.5952380952380952,0.0,0.0,0.0,0.0
bull_to_bear,0.2,0.93,10.0,,0,66,66,0.5909090909090909,0.37714285714285717,0.5833333333333334,0.5952380952380952,0.5909090909090909,0.37714285714285717,0.5833333333333334,0.5952380952380952,0.0,0.0,0.0,0.0
bull_to_neutral,0.2,0.93,10.0,0.0,0,66,66,0.5909090909090909,0.37714285714285717,0.5833333333333334,0.5952380952380952,0.5909090909090909,0.37714285714285717,0.5833333333333334,0.5952380952380952,0.0,0.0,0.0,0.0
bull_to_bear,0.2,0.93,10.0,0.0,0,66,66,0.5909090909090909,0.37714285714285717,0.5833333333333334,0.5952380952380952,0.5909090909090909,0.37714285714285717,0.5833333333333334,0.5952380952380952,0.0,0.0,0.0,0.0
bull_to_neutral,0.2,0.93,10.0,-0.05,0,66,66,0.5909090909090909,0.37714285714285717,0.5833333333333334,0.5952380952380952,0.5909090909090909,0.37714285714285717,0.5833333333333334,0.5952380952380952,0.0,0.0,0.0,0.0
bull_to_bear,0.2,0.93,10.0,-0.05,0,66,66,0.5909090909090909,0.37714285714285717,0.5833333333333334,0.5952380952380952,0.5909090909090909,0.37714285714285717,0.5833333333333334,0.5952380952380952,0.0,0.0,0.0,0.0
bull_to_neutral,0.2,0.93,10.0,-0.1,0,66,66,0.5909090909090909,0.37714285714285717,0.5833333333333334,0.5952380952380952,0.5909090909090909,0.37714285714285717,0.5833333333333334,0.5952380952380952,0.0,0.0,0.0,0.0
bull_to_bear,0.2,0.93,10.0,-0.1,0,66,66,0.5909090909090909,0.37714285714285717,0.5833333333333334,0.5952380952380952,0.5909090909090909,0.37714285714285717,0.5833333333333334,0.5952380952380952,0.0,0.0,0.0,0.0
bull_to_neutral,0.2,0.93,15.0,,0,66,66,0.5909090909090909,0.37714285714285717,0.5833333333333334,0.5952380952380952,0.5909090909090909,0.37714285714285717,0.5833333333333334,0.5952380952380952,0.0,0.0,0.0,0.0
bull_to_bear,0.2,0.93,15.0,,0,66,66,0.5909090909090909,0.37714285714285717,0.5833333333333334,0.5952380952380952,0.5909090909090909,0.37714285714285717,0.5833333333333334,0.5952380952380952,0.0,0.0,0.0,0.0
bull_to_neutral,0.2,0.93,15.0,0.0,0,66,66,0.5909090909090909,0.37714285714285717,0.5833333333333334,0.5952380952380952,0.5909090909090909,0.37714285714285717,0.5833333333333334,0.5952380952380952,0.0,0.0,0.0,0.0
bull_to_bear,0.2,0.93,15.0,0.0,0,66,66,0.5909090909090909,0.37714285714285717,0.5833333333333334,0.5952380952380952,0.5909090909090909,0.37714285714285717,0.5833333333333334,0.5952380952380952,0.0,0.0,0.0,0.0
bull_to_neutral,0.2,0.93,15.0,-0.05,0,66,66,0.5909090909090909,0.37714285714285717,0.5833333333333334,0.5952380952380952,0.5909090909090909,0.37714285714285717,0.5833333333333334,0.5952380952380952,0.0,0.0,0.0,0.0
bull_to_bear,0.2,0.93,15.0,-0.05,0,66,66,0.5909090909090909,0.37714285714285717,0.5833333333333334,0.5952380952380952,0.5909090909090909,0.37714285714285717,0.5833333333333334,0.5952380952380952,0.0,0.0,0.0,0.0
bull_to_neutral,0.2,0.93,15.0,-0.1,0,66,66,0.5909090909090909,0.37714285714285717,0.5833333333333334,0.5952380952380952,0.5909090909090909,0.37714285714285717,0.5833333333333334,0.5952380952380952,0.0,0.0,0.0,0.0
bull_to_bear,0.2,0.93,15.0,-0.1,0,66,66,0.5909090909090909,0.37714285714285717,0.5833333333333334,0.5952380952380952,0.5909090909090909,0.37714285714285717,0.5833333333333334,0.5952380952380952,0.0,0.0,0.0,0.0
bull_to_neutral,0.2,0.9,,,0,66,66,0.5909090909090909,0.37714285714285717,0.5833333333333334,0.5952380952380952,0.5909090909090909,0.37714285714285717,0.5833333333333334,0.5952380952380952,0.0,0.0,0.0,0.0
bull_to_bear,0.2,0.9,,,0,66,66,0.5909090909090909,0.37714285714285717,0.5833333333333334,0.5952380952380952,0.5909090909090909,0.37714285714285717,0.5833333333333334,0.5952380952380952,0.0,0.0,0.0,0.0
bull_to_neutral,0.2,0.9,,0.0,0,66,66,0.5909090909090909,0.37714285714285717,0.5833333333333334,0.5952380952380952,0.5909090909090909,0.37714285714285717,0.5833333333333334,0.5952380952380952,0.0,0.0,0.0,0.0
bull_to_bear,0.2,0.9,,0.0,0,66,66,0.5909090909090909,0.37714285714285717,0.5833333333333334,0.5952380952380952,0.5909090909090909,0.37714285714285717,0.5833333333333334,0.5952380952380952,0.0,0.0,0.0,0.0
bull_to_neutral,0.2,0.9,,-0.05,0,66,66,0.5909090909090909,0.37714285714285717,0.5833333333333334,0.5952380952380952,0.5909090909090909,0.37714285714285717,0.5833333333333334,0.5952380952380952,0.0,0.0,0.0,0.0
bull_to_bear,0.2,0.9,,-0.05,0,66,66,0.5909090909090909,0.37714285714285717,0.5833333333333334,0.5952380952380952,0.5909090909090909,0.37714285714285717,0.5833333333333334,0.5952380952380952,0.0,0.0,0.0,0.0
bull_to_neutral,0.2,0.9,,-0.1,0,66,66,0.5909090909090909,0.37714285714285717,0.5833333333333334,0.5952380952380952,0.5909090909090909,0.37714285714285717,0.5833333333333334,0.5952380952380952,0.0,0.0,0.0,0.0
bull_to_bear,0.2,0.9,,-0.1,0,66,66,0.5909090909090909,0.37714285714285717,0.5833333333333334,0.5952380952380952,0.5909090909090909,0.37714285714285717,0.5833333333333334,0.5952380952380952,0.0,0.0,0.0,0.0
bull_to_neutral,0.2,0.9,0.0,,0,66,66,0.5909090909090909,0.37714285714285717,0.5833333333333334,0.5952380952380952,0.5909090909090909,0.37714285714285717,0.5833333333333334,0.5952380952380952,0.0,0.0,0.0,0.0
bull_to_bear,0.2,0.9,0.0,,0,66,66,0.5909090909090909,0.37714285714285717,0.5833333333333334,0.5952380952380952,0.5909090909090909,0.37714285714285717,0.5833333333333334,0.5952380952380952,0.0,0.0,0.0,0.0
bull_to_neutral,0.2,0.9,0.0,0.0,0,66,66,0.5909090909090909,0.37714285714285717,0.5833333333333334,0.5952380952380952,0.5909090909090909,0.37714285714285717,0.5833333333333334,0.5952380952380952,0.0,0.0,0.0,0.0
bull_to_bear,0.2,0.9,0.0,0.0,0,66,66,0.5909090909090909,0.37714285714285717,0.5833333333333334,0.5952380952380952,0.5909090909090909,0.37714285714285717,0.5833333333333334,0.5952380952380952,0.0,0.0,0.0,0.0
bull_to_neutral,0.2,0.9,0.0,-0.05,0,66,66,0.5909090909090909,0.37714285714285717,0.5833333333333334,0.5952380952380952,0.5909090909090909,0.37714285714285717,0.5833333333333334,0.5952380952380952,0.0,0.0,0.0,0.0
bull_to_bear,0.2,0.9,0.0,-0.05,0,66,66,0.5909090909090909,0.37714285714285717,0.5833333333333334,0.5952380952380952,0.5909090909090909,0.37714285714285717,0.5833333333333334,0.5952380952380952,0.0,0.0,0.0,0.0
bull_to_neutral,0.2,0.9,0.0,-0.1,0,66,66,0.5909090909090909,0.37714285714285717,0.5833333333333334,0.5952380952380952,0.5909090909090909,0.37714285714285717,0.5833333333333334,0.5952380952380952,0.0,0.0,0.0,0.0
bull_to_bear,0.2,0.9,0.0,-0.1,0,66,66,0.5909090909090909,0.37714285714285717,0.5833333333333334,0.5952380952380952,0.5909090909090909,0.37714285714285717,0.5833333333333334,0.5952380952380952,0.0,0.0,0.0,0.0
bull_to_neutral,0.2,0.9,5.0,,0,66,66,0.5909090909090909,0.37714285714285717,0.5833333333333334,0.5952380952380952,0.5909090909090909,0.37714285714285717,0.5833333333333334,0.5952380952380952,0.0,0.0,0.0,0.0
bull_to_bear,0.2,0.9,5.0,,0,66,66,0.5909090909090909,0.37714285714285717,0.5833333333333334,0.5952380952380952,0.5909090909090909,0.37714285714285717,0.5833333333333334,0.5952380952380952,0.0,0.0,0.0,0.0
bull_to_neutral,0.2,0.9,5.0,0.0,0,66,66,0.5909090909090909,0.37714285714285717,0.5833333333333334,0.5952380952380952,0.5909090909090909,0.37714285714285717,0.5833333333333334,0.5952380952380952,0.0,0.0,0.0,0.0
bull_to_bear,0.2,0.9,5.0,0.0,0,66,66,0.5909090909090909,0.37714285714285717,0.5833333333333334,0.5952380952380952,0.5909090909090909,0.37714285714285717,0.5833333333333334,0.5952380952380952,0.0,0.0,0.0,0.0
bull_to_neutral,0.2,0.9,5.0,-0.05,0,66,66,0.5909090909090909,0.37714285714285717,0.5833333333333334,0.5952380952380952,0.5909090909090909,0.37714285714285717,0.5833333333333334,0.5952380952380952,0.0,0.0,0.0,0.0
bull_to_bear,0.2,0.9,5.0,-0.05,0,66,66,0.5909090909090909,0.37714285714285717,0.5833333333333334,0.5952380952380952,0.5909090909090909,0.37714285714285717,0.5833333333333334,0.5952380952380952,0.0,0.0,0.0,0.0
bull_to_neutral,0.2,0.9,5.0,-0.1,0,66,66,0.5909090909090909,0.37714285714285717,0.5833333333333334,0.5952380952380952,0.5909090909090909,0.37714285714285717,0.5833333333333334,0.5952380952380952,0.0,0.0,0.0,0.0
bull_to_bear,0.2,0.9,5.0,-0.1,0,66,66,0.5909090909090909,0.37714285714285717,0.5833333333333334,0.5952380952380952,0.5909090909090909,0.37714285714285717,0.5833333333333334,0.5952380952380952,0.0,0.0,0.0,0.0
bull_to_neutral,0.2,0.9,10.0,,0,66,66,0.5909090909090909,0.37714285714285717,0.5833333333333334,0.5952380952380952,0.5909090909090909,0.37714285714285717,0.5833333333333334,0.5952380952380952,0.0,0.0,0.0,0.0
bull_to_bear,0.2,0.9,10.0,,0,66,66,0.5909090909090909,0.37714285714285717,0.5833333333333334,0.5952380952380952,0.5909090909090909,0.37714285714285717,0.5833333333333334,0.5952380952380952,0.0,0.0,0.0,0.0
bull_to_neutral,0.2,0.9,10.0,0.0,0,66,66,0.5909090909090909,0.37714285714285717,0.5833333333333334,0.5952380952380952,0.5909090909090909,0.37714285714285717,0.5833333333333334,0.5952380952380952,0.0,0.0,0.0,0.0
bull_to_bear,0.2,0.9,10.0,0.0,0,66,66,0.5909090909090909,0.37714285714285717,0.5833333333333334,0.5952380952380952,0.5909090909090909,0.37714285714285717,0.5833333333333334,0.5952380952380952,0.0,0.0,0.0,0.0
bull_to_neutral,0.2,0.9,10.0,-0.05,0,66,66,0.5909090909090909,0.37714285714285717,0.5833333333333334,0.5952380952380952,0.5909090909090909,0.37714285714285717,0.5833333333333334,0.5952380952380952,0.0,0.0,0.0,0.0
bull_to_bear,0.2,0.9,10.0,-0.05,0,66,66,0.5909090909090909,0.37714285714285717,0.5833333333333334,0.5952380952380952,0.5909090909090909,0.37714285714285717,0.5833333333333334,0.5952380952380952,0.0,0.0,0.0,0.0
bull_to_neutral,0.2,0.9,10.0,-0.1,0,66,66,0.5909090909090909,0.37714285714285717,0.5833333333333334,0.5952380952380952,0.5909090909090909,0.37714285714285717,0.5833333333333334,0.5952380952380952,0.0,0.0,0.0,0.0
bull_to_bear,0.2,0.9,10.0,-0.1,0,66,66,0.5909090909090909,0.37714285714285717,0.5833333333333334,0.5952380952380952,0.5909090909090909,0.37714285714285717,0.5833333333333334,0.5952380952380952,0.0,0.0,0.0,0.0
bull_to_neutral,0.2,0.9,15.0,,0,66,66,0.5909090909090909,0.37714285714285717,0.5833333333333334,0.5952380952380952,0.5909090909090909,0.37714285714285717,0.5833333333333334,0.5952380952380952,0.0,0.0,0.0,0.0
bull_to_bear,0.2,0.9,15.0,,0,66,66,0.5909090909090909,0.37714285714285717,0.5833333333333334,0.5952380952380952,0.5909090909090909,0.37714285714285717,0.5833333333333334,0.5952380952380952,0.0,0.0,0.0,0.0
bull_to_neutral,0.2,0.9,15.0,0.0,0,66,66,0.5909090909090909,0.37714285714285717,0.5833333333333334,0.5952380952380952,0.5909090909090909,0.37714285714285717,0.5833333333333334,0.5952380952380952,0.0,0.0,0.0,0.0
bull_to_bear,0.2,0.9,15.0,0.0,0,66,66,0.5909090909090909,0.37714285714285717,0.5833333333333334,0.5952380952380952,0.5909090909090909,0.37714285714285717,0.5833333333333334,0.5952380952380952,0.0,0.0,0.0,0.0
bull_to_neutral,0.2,0.9,15.0,-0.05,0,66,66,0.5909090909090909,0.37714285714285717,0.5833333333333334,0.5952380952380952,0.5909090909090909,0.37714285714285717,0.5833333333333334,0.5952380952380952,0.0,0.0,0.0,0.0
bull_to_bear,0.2,0.9,15.0,-0.05,0,66,66,0.5909090909090909,0.37714285714285717,0.5833333333333334,0.5952380952380952,0.5909090909090909,0.37714285714285717,0.5833333333333334,0.5952380952380952,0.0,0.0,0.0,0.0
bull_to_neutral,0.2,0.9,15.0,-0.1,0,66,66,0.5909090909090909,0.37714285714285717,0.5833333333333334,0.5952380952380952,0.5909090909090909,0.37714285714285717,0.5833333333333334,0.5952380952380952,0.0,0.0,0.0,0.0
bull_to_bear,0.2,0.9,15.0,-0.1,0,66,66,0.5909090909090909,0.37714285714285717,0.5833333333333334,0.5952380952380952,0.5909090909090909,0.37714285714285717,0.5833333333333334,0.5952380952380952,0.0,0.0,0.0,0.0
bull_to_neutral,0.22,1.0,,,2,64,66,0.5909090909090909,0.37714285714285717,0.5833333333333334,0.5952380952380952,0.59375,0.3657142857142857,0.5909090909090909,0.5952380952380952,0.0028409090909090606,-0.011428571428571455,0.007575757575757569,0.0
bull_to_bear,0.22,1.0,,,2,66,66,0.5909090909090909,0.37714285714285717,0.5833333333333334,0.5952380952380952,0.5909090909090909,0.37714285714285717,0.5909090909090909,0.5909090909090909,0.0,0.0,0.007575757575757569,-0.0043290043290042934
bull_to_neutral,0.22,1.0,,0.0,2,64,66,0.5909090909090909,0.37714285714285717,0.5833333333333334,0.5952380952380952,0.59375,0.3657142857142857,0.5909090909090909,0.5952380952380952,0.0028409090909090606,-0.011428571428571455,0.007575757575757569,0.0
bull_to_bear,0.22,1.0,,0.0,2,66,66,0.5909090909090909,0.37714285714285717,0.5833333333333334,0.5952380952380952,0.5909090909090909,0.37714285714285717,0.5909090909090909,0.5909090909090909,0.0,0.0,0.007575757575757569,-0.0043290043290042934
bull_to_neutral,0.22,1.0,,-0.05,1,65,66,0.5909090909090909,0.37714285714285717,0.5833333333333334,0.5952380952380952,0.5846153846153846,0.37142857142857144,0.5652173913043478,0.5952380952380952,-0.0062937062937062915,-0.005714285714285727,-0.018115942028985588,0.0
bull_to_bear,0.22,1.0,,-0.05,1,66,66,0.5909090909090909,0.37714285714285717,0.5833333333333334,0.5952380952380952,0.5757575757575758,0.37714285714285717,0.5652173913043478,0.5813953488372093,-0.015151515151515138,0.0,-0.018115942028985588,-0.013842746400885897
bull_to_neutral,0.22,1.0,,-0.1,1,65,66,0.5909090909090909,0.37714285714285717,0.5833333333333334,0.5952380952380952,0.5846153846153846,0.37142857142857144,0.5652173913043478,0.5952380952380952,-0.0062937062937062915,-0.005714285714285727,-0.018115942028985588,0.0
bull_to_bear,0.22,1.0,,-0.1,1,66,66,0.5909090909090909,0.37714285714285717,0.5833333333333334,0.5952380952380952,0.5757575757575758,0.37714285714285717,0.5652173913043478,0.5813953488372093,-0.015151515151515138,0.0,-0.018115942028985588,-0.013842746400885897
bull_to_neutral,0.22,1.0,0.0,,0,66,66,0.5909090909090909,0.37714285714285717,0.5833333333333334,0.5952380952380952,0.5909090909090909,0.37714285714285717,0.5833333333333334,0.5952380952380952,0.0,0.0,0.0,0.0
bull_to_bear,0.22,1.0,0.0,,0,66,66,0.5909090909090909,0.37714285714285717,0.5833333333333334,0.5952380952380952,0.5909090909090909,0.37714285714285717,0.5833333333333334,0.5952380952380952,0.0,0.0,0.0,0.0
bull_to_neutral,0.22,1.0,0.0,0.0,0,66,66,0.5909090909090909,0.37714285714285717,0.5833333333333334,0.5952380952380952,0.5909090909090909,0.37714285714285717,0.5833333333333334,0.5952380952380952,0.0,0.0,0.0,0.0
bull_to_bear,0.22,1.0,0.0,0.0,0,66,66,0.5909090909090909,0.37714285714285717,0.5833333333333334,0.5952380952380952,0.5909090909090909,0.37714285714285717,0.5833333333333334,0.5952380952380952,0.0,0.0,0.0,0.0
bull_to_neutral,0.22,1.0,0.0,-0.05,0,66,66,0.5909090909090909,0.37714285714285717,0.5833333333333334,0.5952380952380952,0.5909090909090909,0.37714285714285717,0.5833333333333334,0.5952380952380952,0.0,0.0,0.0,0.0
bull_to_bear,0.22,1.0,0.0,-0.05,0,66,66,0.5909090909090909,0.37714285714285717,0.5833333333333334,0.5952380952380952,0.5909090909090909,0.37714285714285717,0.5833333333333334,0.5952380952380952,0.0,0.0,0.0,0.0
bull_to_neutral,0.22,1.0,0.0,-0.1,0,66,66,0.5909090909090909,0.37714285714285717,0.5833333333333334,0.5952380952380952,0.5909090909090909,0.37714285714285717,0.5833333333333334,0.5952380952380952,0.0,0.0,0.0,0.0
bull_to_bear,0.22,1.0,0.0,-0.1,0,66,66,0.5909090909090909,0.37714285714285717,0.5833333333333334,0.5952380952380952,0.5909090909090909,0.37714285714285717,0.5833333333333334,0.5952380952380952,0.0,0.0,0.0,0.0
bull_to_neutral,0.22,1.0,5.0,,0,66,66,0.5909090909090909,0.37714285714285717,0.5833333333333334,0.5952380952380952,0.5909090909090909,0.37714285714285717,0.5833333333333334,0.5952380952380952,0.0,0.0,0.0,0.0
bull_to_bear,0.22,1.0,5.0,,0,66,66,0.5909090909090909,0.37714285714285717,0.5833333333333334,0.5952380952380952,0.5909090909090909,0.37714285714285717,0.5833333333333334,0.5952380952380952,0.0,0.0,0.0,0.0
bull_to_neutral,0.22,1.0,5.0,0.0,0,66,66,0.5909090909090909,0.37714285714285717,0.5833333333333334,0.5952380952380952,0.5909090909090909,0.37714285714285717,0.5833333333333334,0.5952380952380952,0.0,0.0,0.0,0.0
bull_to_bear,0.22,1.0,5.0,0.0,0,66,66,0.5909090909090909,0.37714285714285717,0.5833333333333334,0.5952380952380952,0.5909090909090909,0.37714285714285717,0.5833333333333334,0.5952380952380952,0.0,0.0,0.0,0.0
bull_to_neutral,0.22,1.0,5.0,-0.05,0,66,66,0.5909090909090909,0.37714285714285717,0.5833333333333334,0.5952380952380952,0.5909090909090909,0.37714285714285717,0.5833333333333334,0.5952380952380952,0.0,0.0,0.0,0.0
bull_to_bear,0.22,1.0,5.0,-0.05,0,66,66,0.5909090909090909,0.37714285714285717,0.5833333333333334,0.5952380952380952,0.5909090909090909,0.37714285714285717,0.5833333333333334,0.5952380952380952,0.0,0.0,0.0,0.0
bull_to_neutral,0.22,1.0,5.0,-0.1,0,66,66,0.5909090909090909,0.37714285714285717,0.5833333333333334,0.5952380952380952,0.5909090909090909,0.37714285714285717,0.5833333333333334,0.5952380952380952,0.0,0.0,0.0,0.0
bull_to_bear,0.22,1.0,5.0,-0.1,0,66,66,0.5909090909090909,0.37714285714285717,0.5833333333333334,0.5952380952380952,0.5909090909090909,0.37714285714285717,0.5833333333333334,0.5952380952380952,0.0,0.0,0.0,0.0
bull_to_neutral,0.22,1.0,10.0,,0,66,66,0.5909090909090909,0.37714285714285717,0.5833333333333334,0.5952380952380952,0.5909090909090909,0.37714285714285717,0.5833333333333334,0.5952380952380952,0.0,0.0,0.0,0.0
bull_to_bear,0.22,1.0,10.0,,0,66,66,0.5909090909090909,0.37714285714285717,0.5833333333333334,0.5952380952380952,0.5909090909090909,0.37714285714285717,0.5833333333333334,0.5952380952380952,0.0,0.0,0.0,0.0
bull_to_neutral,0.22,1.0,10.0,0.0,0,66,66,0.5909090909090909,0.37714285714285717,0.5833333333333334,0.5952380952380952,0.5909090909090909,0.37714285714285717,0.5833333333333334,0.5952380952380952,0.0,0.0,0.0,0.0
bull_to_bear,0.22,1.0,10.0,0.0,0,66,66,0.5909090909090909,0.37714285714285717,0.5833333333333334,0.5952380952380952,0.5909090909090909,0.37714285714285717,0.5833333333333334,0.5952380952380952,0.0,0.0,0.0,0.0
bull_to_neutral,0.22,1.0,10.0,-0.05,0,66,66,0.5909090909090909,0.37714285714285717,0.5833333333333334,0.5952380952380952,0.5909090909090909,0.37714285714285717,0.5833333333333334,0.5952380952380952,0.0,0.0,0.0,0.0
bull_to_bear,0.22,1.0,10.0,-0.05,0,66,66,0.5909090909090909,0.37714285714285717,0.5833333333333334,0.5952380952380952,0.5909090909090909,0.37714285714285717,0.5833333333333334,0.5952380952380952,0.0,0.0,0.0,0.0
bull_to_neutral,0.22,1.0,10.0,-0.1,0,66,66,0.5909090909090909,0.37714285714285717,0.5833333333333334,0.5952380952380952,0.5909090909090909,0.37714285714285717,0.5833333333333334,0.5952380952380952,0.0,0.0,0.0,0.0
bull_to_bear,0.22,1.0,10.0,-0.1,0,66,66,0.5909090909090909,0.37714285714285717,0.5833333333333334,0.5952380952380952,0.5909090909090909,0.37714285714285717,0.5833333333333334,0.5952380952380952,0.0,0.0,0.0,0.0
bull_to_neutral,0.22,1.0,15.0,,0,66,66,0.5909090909090909,0.37714285714285717,0.5833333333333334,0.5952380952380952,0.5909090909090909,0.37714285714285717,0.5833333333333334,0.5952380952380952,0.0,0.0,0.0,0.0
bull_to_bear,0.22,1.0,15.0,,0,66,66,0.5909090909090909,0.37714285714285717,0.5833333333333334,0.5952380952380952,0.5909090909090909,0.37714285714285717,0.5833333333333334,0.5952380952380952,0.0,0.0,0.0,0.0
bull_to_neutral,0.22,1.0,15.0,0.0,0,66,66,0.5909090909090909,0.37714285714285717,0.5833333333333334,0.5952380952380952,0.5909090909090909,0.37714285714285717,0.5833333333333334,0.5952380952380952,0.0,0.0,0.0,0.0
bull_to_bear,0.22,1.0,15.0,0.0,0,66,66,0.5909090909090909,0.37714285714285717,0.5833333333333334,0.5952380952380952,0.5909090909090909,0.37714285714285717,0.5833333333333334,0.5952380952380952,0.0,0.0,0.0,0.0
bull_to_neutral,0.22,1.0,15.0,-0.05,0,66,66,0.5909090909090909,0.37714285714285717,0.5833333333333334,0.5952380952380952,0.5909090909090909,0.37714285714285717,0.5833333333333334,0.5952380952380952,0.0,0.0,0.0,0.0
bull_to_bear,0.22,1.0,15.0,-0.05,0,66,66,0.5909090909090909,0.37714285714285717,0.5833333333333334,0.5952380952380952,0.5909090909090909,0.37714285714285717,0.5833333333333334,0.5952380952380952,0.0,0.0,0.0,0.0
bull_to_neutral,0.22,1.0,15.0,-0.1,0,66,66,0.5909090909090909,0.37714285714285717,0.5833333333333334,0.5952380952380952,0.5909090909090909,0.37714285714285717,0.5833333333333334,0.5952380952380952,0.0,0.0,0.0,0.0
bull_to_bear,0.22,1.0,15.0,-0.1,0,66,66,0.5909090909090909,0.37714285714285717,0.5833333333333334,0.5952380952380952,0.5909090909090909,0.37714285714285717,0.5833333333333334,0.5952380952380952,0.0,0.0,0.0,0.0
bull_to_neutral,0.22,0.99,,,0,66,66,0.5909090909090909,0.37714285714285717,0.5833333333333334,0.5952380952380952,0.5909090909090909,0.37714285714285717,0.5833333333333334,0.5952380952380952,0.0,0.0,0.0,0.0
bull_to_bear,0.22,0.99,,,0,66,66,0.5909090909090909,0.37714285714285717,0.5833333333333334,0.5952380952380952,0.5909090909090909,0.37714285714285717,0.5833333333333334,0.5952380952380952,0.0,0.0,0.0,0.0
bull_to_neutral,0.22,0.99,,0.0,0,66,66,0.5909090909090909,0.37714285714285717,0.5833333333333334,0.5952380952380952,0.5909090909090909,0.37714285714285717,0.5833333333333334,0.5952380952380952,0.0,0.0,0.0,0.0
bull_to_bear,0.22,0.99,,0.0,0,66,66,0.5909090909090909,0.37714285714285717,0.5833333333333334,0.5952380952380952,0.5909090909090909,0.37714285714285717,0.5833333333333334,0.5952380952380952,0.0,0.0,0.0,0.0
bull_to_neutral,0.22,0.99,,-0.05,0,66,66,0.5909090909090909,0.37714285714285717,0.5833333333333334,0.5952380952380952,0.5909090909090909,0.37714285714285717,0.5833333333333334,0.5952380952380952,0.0,0.0,0.0,0.0
bull_to_bear,0.22,0.99,,-0.05,0,66,66,0.5909090909090909,0.37714285714285717,0.5833333333333334,0.5952380952380952,0.5909090909090909,0.37714285714285717,0.5833333333333334,0.5952380952380952,0.0,0.0,0.0,0.0
bull_to_neutral,0.22,0.99,,-0.1,0,66,66,0.5909090909090909,0.37714285714285717,0.5833333333333334,0.5952380952380952,0.5909090909090909,0.37714285714285717,0.5833333333333334,0.5952380952380952,0.0,0.0,0.0,0.0
bull_to_bear,0.22,0.99,,-0.1,0,66,66,0.5909090909090909,0.37714285714285717,0.5833333333333334,0.5952380952380952,0.5909090909090909,0.37714285714285717,0.5833333333333334,0.5952380952380952,0.0,0.0,0.0,0.0
bull_to_neutral,0.22,0.99,0.0,,0,66,66,0.5909090909090909,0.37714285714285717,0.5833333333333334,0.5952380952380952,0.5909090909090909,0.37714285714285717,0.5833333333333334,0.5952380952380952,0.0,0.0,0.0,0.0
bull_to_bear,0.22,0.99,0.0,,0,66,66,0.5909090909090909,0.37714285714285717,0.5833333333333334,0.5952380952380952,0.5909090909090909,0.37714285714285717,0.5833333333333334,0.5952380952380952,0.0,0.0,0.0,0.0
bull_to_neutral,0.22,0.99,0.0,0.0,0,66,66,0.5909090909090909,0.37714285714285717,0.5833333333333334,0.5952380952380952,0.5909090909090909,0.37714285714285717,0.5833333333333334,0.5952380952380952,0.0,0.0,0.0,0.0
bull_to_bear,0.22,0.99,0.0,0.0,0,66,66,0.5909090909090909,0.37714285714285717,0.5833333333333334,0.5952380952380952,0.5909090909090909,0.37714285714285717,0.5833333333333334,0.5952380952380952,0.0,0.0,0.0,0.0
bull_to_neutral,0.22,0.99,0.0,-0.05,0,66,66,0.5909090909090909,0.37714285714285717,0.5833333333333334,0.5952380952380952,0.5909090909090909,0.37714285714285717,0.5833333333333334,0.5952380952380952,0.0,0.0,0.0,0.0
bull_to_bear,0.22,0.99,0.0,-0.05,0,66,66,0.5909090909090909,0.37714285714285717,0.5833333333333334,0.5952380952380952,0.5909090909090909,0.37714285714285717,0.5833333333333334,0.5952380952380952,0.0,0.0,0.0,0.0
bull_to_neutral,0.22,0.99,0.0,-0.1,0,66,66,0.5909090909090909,0.37714285714285717,0.5833333333333334,0.5952380952380952,0.5909090909090909,0.37714285714285717,0.5833333333333334,0.5952380952380952,0.0,0.0,0.0,0.0
bull_to_bear,0.22,0.99,0.0,-0.1,0,66,66,0.5909090909090909,0.37714285714285717,0.5833333333333334,0.5952380952380952,0.5909090909090909,0.37714285714285717,0.5833333333333334,0.5952380952380952,0.0,0.0,0.0,0.0
bull_to_neutral,0.22,0.99,5.0,,0,66,66,0.5909090909090909,0.37714285714285717,0.5833333333333334,0.5952380952380952,0.5909090909090909,0.37714285714285717,0.5833333333333334,0.5952380952380952,0.0,0.0,0.0,0.0
bull_to_bear,0.22,0.99,5.0,,0,66,66,0.5909090909090909,0.37714285714285717,0.5833333333333334,0.5952380952380952,0.5909090909090909,0.37714285714285717,0.5833333333333334,0.5952380952380952,0.0,0.0,0.0,0.0
bull_to_neutral,0.22,0.99,5.0,0.0,0,66,66,0.5909090909090909,0.37714285714285717,0.5833333333333334,0.5952380952380952,0.5909090909090909,0.37714285714285717,0.5833333333333334,0.5952380952380952,0.0,0.0,0.0,0.0
bull_to_bear,0.22,0.99,5.0,0.0,0,66,66,0.5909090909090909,0.37714285714285717,0.5833333333333334,0.5952380952380952,0.5909090909090909,0.37714285714285717,0.5833333333333334,0.5952380952380952,0.0,0.0,0.0,0.0
bull_to_neutral,0.22,0.99,5.0,-0.05,0,66,66,0.5909090909090909,0.37714285714285717,0.5833333333333334,0.5952380952380952,0.5909090909090909,0.37714285714285717,0.5833333333333334,0.5952380952380952,0.0,0.0,0.0,0.0
bull_to_bear,0.22,0.99,5.0,-0.05,0,66,66,0.5909090909090909,0.37714285714285717,0.5833333333333334,0.5952380952380952,0.5909090909090909,0.37714285714285717,0.5833333333333334,0.5952380952380952,0.0,0.0,0.0,0.0
bull_to_neutral,0.22,0.99,5.0,-0.1,0,66,66,0.5909090909090909,0.37714285714285717,0.5833333333333334,0.5952380952380952,0.5909090909090909,0.37714285714285717,0.5833333333333334,0.5952380952380952,0.0,0.0,0.0,0.0
bull_to_bear,0.22,0.99,5.0,-0.1,0,66,66,0.5909090909090909,0.37714285714285717,0.5833333333333334,0.5952380952380952,0.5909090909090909,0.37714285714285717,0.5833333333333334,0.5952380952380952,0.0,0.0,0.0,0.0
bull_to_neutral,0.22,0.99,10.0,,0,66,66,0.5909090909090909,0.37714285714285717,0.5833333333333334,0.5952380952380952,0.5909090909090909,0.37714285714285717,0.5833333333333334,0.5952380952380952,0.0,0.0,0.0,0.0
bull_to_bear,0.22,0.99,10.0,,0,66,66,0.5909090909090909,0.37714285714285717,0.5833333333333334,0.5952380952380952,0.5909090909090909,0.37714285714285717,0.5833333333333334,0.5952380952380952,0.0,0.0,0.0,0.0
bull_to_neutral,0.22,0.99,10.0,0.0,0,66,66,0.5909090909090909,0.37714285714285717,0.5833333333333334,0.5952380952380952,0.5909090909090909,0.37714285714285717,0.5833333333333334,0.5952380952380952,0.0,0.0,0.0,0.0
bull_to_bear,0.22,0.99,10.0,0.0,0,66,66,0.5909090909090909,0.37714285714285717,0.5833333333333334,0.5952380952380952,0.5909090909090909,0.37714285714285717,0.5833333333333334,0.5952380952380952,0.0,0.0,0.0,0.0
bull_to_neutral,0.22,0.99,10.0,-0.05,0,66,66,0.5909090909090909,0.37714285714285717,0.5833333333333334,0.5952380952380952,0.5909090909090909,0.37714285714285717,0.5833333333333334,0.5952380952380952,0.0,0.0,0.0,0.0
bull_to_bear,0.22,0.99,10.0,-0.05,0,66,66,0.5909090909090909,0.37714285714285717,0.5833333333333334,0.5952380952380952,0.5909090909090909,0.37714285714285717,0.5833333333333334,0.5952380952380952,0.0,0.0,0.0,0.0
bull_to_neutral,0.22,0.99,10.0,-0.1,0,66,66,0.5909090909090909,0.37714285714285717,0.5833333333333334,0.5952380952380952,0.5909090909090909,0.37714285714285717,0.5833333333333334,0.5952380952380952,0.0,0.0,0.0,0.0
bull_to_bear,0.22,0.99,10.0,-0.1,0,66,66,0.5909090909090909,0.37714285714285717,0.5833333333333334,0.5952380952380952,0.5909090909090909,0.37714285714285717,0.5833333333333334,0.5952380952380952,0.0,0.0,0.0,0.0
bull_to_neutral,0.22,0.99,15.0,,0,66,66,0.5909090909090909,0.37714285714285717,0.5833333333333334,0.5952380952380952,0.5909090909090909,0.37714285714285717,0.5833333333333334,0.5952380952380952,0.0,0.0,0.0,0.0
bull_to_bear,0.22,0.99,15.0,,0,66,66,0.5909090909090909,0.37714285714285717,0.5833333333333334,0.5952380952380952,0.5909090909090909,0.37714285714285717,0.5833333333333334,0.5952380952380952,0.0,0.0,0.0,0.0
bull_to_neutral,0.22,0.99,15.0,0.0,0,66,66,0.5909090909090909,0.37714285714285717,0.5833333333333334,0.5952380952380952,0.5909090909090909,0.37714285714285717,0.5833333333333334,0.5952380952380952,0.0,0.0,0.0,0.0
bull_to_bear,0.22,0.99,15.0,0.0,0,66,66,0.5909090909090909,0.37714285714285717,0.5833333333333334,0.5952380952380952,0.5909090909090909,0.37714285714285717,0.5833333333333334,0.5952380952380952,0.0,0.0,0.0,0.0
bull_to_neutral,0.22,0.99,15.0,-0.05,0,66,66,0.5909090909090909,0.37714285714285717,0.5833333333333334,0.5952380952380952,0.5909090909090909,0.37714285714285717,0.5833333333333334,0.5952380952380952,0.0,0.0,0.0,0.0
bull_to_bear,0.22,0.99,15.0,-0.05,0,66,66,0.5909090909090909,0.37714285714285717,0.5833333333333334,0.5952380952380952,0.5909090909090909,0.37714285714285717,0.5833333333333334,0.5952380952380952,0.0,0.0,0.0,0.0
bull_to_neutral,0.22,0.99,15.0,-0.1,0,66,66,0.5909090909090909,0.37714285714285717,0.5833333333333334,0.5952380952380952,0.5909090909090909,0.37714285714285717,0.5833333333333334,0.5952380952380952,0.0,0.0,0.0,0.0
bull_to_bear,0.22,0.99,15.0,-0.1,0,66,66,0.5909090909090909,0.37714285714285717,0.5833333333333334,0.5952380952380952,0.5909090909090909,0.37714285714285717,0.5833333333333334,0.5952380952380952,0.0,0.0,0.0,0.0
bull_to_neutral,0.22,0.98,,,0,66,66,0.5909090909090909,0.37714285714285717,0.5833333333333334,0.5952380952380952,0.5909090909090909,0.37714285714285717,0.5833333333333334,0.5952380952380952,0.0,0.0,0.0,0.0
bull_to_bear,0.22,0.98,,,0,66,66,0.5909090909090909,0.37714285714285717,0.5833333333333334,0.5952380952380952,0.5909090909090909,0.37714285714285717,0.5833333333333334,0.5952380952380952,0.0,0.0,0.0,0.0
bull_to_neutral,0.22,0.98,,0.0,0,66,66,0.5909090909090909,0.37714285714285717,0.5833333333333334,0.5952380952380952,0.5909090909090909,0.37714285714285717,0.5833333333333334,0.5952380952380952,0.0,0.0,0.0,0.0
bull_to_bear,0.22,0.98,,0.0,0,66,66,0.5909090909090909,0.37714285714285717,0.5833333333333334,0.5952380952380952,0.5909090909090909,0.37714285714285717,0.5833333333333334,0.5952380952380952,0.0,0.0,0.0,0.0
bull_to_neutral,0.22,0.98,,-0.05,0,66,66,0.5909090909090909,0.37714285714285717,0.5833333333333334,0.5952380952380952,0.5909090909090909,0.37714285714285717,0.5833333333333334,0.5952380952380952,0.0,0.0,0.0,0.0
bull_to_bear,0.22,0.98,,-0.05,0,66,66,0.5909090909090909,0.37714285714285717,0.5833333333333334,0.5952380952380952,0.5909090909090909,0.37714285714285717,0.5833333333333334,0.5952380952380952,0.0,0.0,0.0,0.0
bull_to_neutral,0.22,0.98,,-0.1,0,66,66,0.5909090909090909,0.37714285714285717,0.5833333333333334,0.5952380952380952,0.5909090909090909,0.37714285714285717,0.5833333333333334,0.5952380952380952,0.0,0.0,0.0,0.0
bull_to_bear,0.22,0.98,,-0.1,0,66,66,0.5909090909090909,0.37714285714285717,0.5833333333333334,0.5952380952380952,0.5909090909090909,0.37714285714285717,0.5833333333333334,0.5952380952380952,0.0,0.0,0.0,0.0
bull_to_neutral,0.22,0.98,0.0,,0,66,66,0.5909090909090909,0.37714285714285717,0.5833333333333334,0.5952380952380952,0.5909090909090909,0.37714285714285717,0.5833333333333334,0.5952380952380952,0.0,0.0,0.0,0.0
bull_to_bear,0.22,0.98,0.0,,0,66,66,0.5909090909090909,0.37714285714285717,0.5833333333333334,0.5952380952380952,0.5909090909090909,0.37714285714285717,0.5833333333333334,0.5952380952380952,0.0,0.0,0.0,0.0
bull_to_neutral,0.22,0.98,0.0,0.0,0,66,66,0.5909090909090909,0.37714285714285717,0.5833333333333334,0.5952380952380952,0.5909090909090909,0.37714285714285717,0.5833333333333334,0.5952380952380952,0.0,0.0,0.0,0.0
bull_to_bear,0.22,0.98,0.0,0.0,0,66,66,0.5909090909090909,0.37714285714285717,0.5833333333333334,0.5952380952380952,0.5909090909090909,0.37714285714285717,0.5833333333333334,0.5952380952380952,0.0,0.0,0.0,0.0
bull_to_neutral,0.22,0.98,0.0,-0.05,0,66,66,0.5909090909090909,0.37714285714285717,0.5833333333333334,0.5952380952380952,0.5909090909090909,0.37714285714285717,0.5833333333333334,0.5952380952380952,0.0,0.0,0.0,0.0
bull_to_bear,0.22,0.98,0.0,-0.05,0,66,66,0.5909090909090909,0.37714285714285717,0.5833333333333334,0.5952380952380952,0.5909090909090909,0.37714285714285717,0.5833333333333334,0.5952380952380952,0.0,0.0,0.0,0.0
bull_to_neutral,0.22,0.98,0.0,-0.1,0,66,66,0.5909090909090909,0.37714285714285717,0.5833333333333334,0.5952380952380952,0.5909090909090909,0.37714285714285717,0.5833333333333334,0.5952380952380952,0.0,0.0,0.0,0.0
bull_to_bear,0.22,0.98,0.0,-0.1,0,66,66,0.5909090909090909,0.37714285714285717,0.5833333333333334,0.5952380952380952,0.5909090909090909,0.37714285714285717,0.5833333333333334,0.5952380952380952,0.0,0.0,0.0,0.0
bull_to_neutral,0.22,0.98,5.0,,0,66,66,0.5909090909090909,0.37714285714285717,0.5833333333333334,0.5952380952380952,0.5909090909090909,0.37714285714285717,0.5833333333333334,0.5952380952380952,0.0,0.0,0.0,0.0
bull_to_bear,0.22,0.98,5.0,,0,66,66,0.5909090909090909,0.37714285714285717,0.5833333333333334,0.5952380952380952,0.5909090909090909,0.37714285714285717,0.5833333333333334,0.5952380952380952,0.0,0.0,0.0,0.0
bull_to_neutral,0.22,0.98,5.0,0.0,0,66,66,0.5909090909090909,0.37714285714285717,0.5833333333333334,0.5952380952380952,0.5909090909090909,0.37714285714285717,0.5833333333333334,0.5952380952380952,0.0,0.0,0.0,0.0
bull_to_bear,0.22,0.98,5.0,0.0,0,66,66,0.5909090909090909,0.37714285714285717,0.5833333333333334,0.5952380952380952,0.5909090909090909,0.37714285714285717,0.5833333333333334,0.5952380952380952,0.0,0.0,0.0,0.0
bull_to_neutral,0.22,0.98,5.0,-0.05,0,66,66,0.5909090909090909,0.37714285714285717,0.5833333333333334,0.5952380952380952,0.5909090909090909,0.37714285714285717,0.5833333333333334,0.5952380952380952,0.0,0.0,0.0,0.0
bull_to_bear,0.22,0.98,5.0,-0.05,0,66,66,0.5909090909090909,0.37714285714285717,0.5833333333333334,0.5952380952380952,0.5909090909090909,0.37714285714285717,0.5833333333333334,0.5952380952380952,0.0,0.0,0.0,0.0
bull_to_neutral,0.22,0.98,5.0,-0.1,0,66,66,0.5909090909090909,0.37714285714285717,0.5833333333333334,0.5952380952380952,0.5909090909090909,0.37714285714285717,0.5833333333333334,0.5952380952380952,0.0,0.0,0.0,0.0
bull_to_bear,0.22,0.98,5.0,-0.1,0,66,66,0.5909090909090909,0.37714285714285717,0.5833333333333334,0.5952380952380952,0.5909090909090909,0.37714285714285717,0.5833333333333334,0.5952380952380952,0.0,0.0,0.0,0.0
bull_to_neutral,0.22,0.98,10.0,,0,66,66,0.5909090909090909,0.37714285714285717,0.5833333333333334,0.5952380952380952,0.5909090909090909,0.37714285714285717,0.5833333333333334,0.5952380952380952,0.0,0.0,0.0,0.0
bull_to_bear,0.22,0.98,10.0,,0,66,66,0.5909090909090909,0.37714285714285717,0.5833333333333334,0.5952380952380952,0.5909090909090909,0.37714285714285717,0.5833333333333334,0.5952380952380952,0.0,0.0,0.0,0.0
bull_to_neutral,0.22,0.98,10.0,0.0,0,66,66,0.5909090909090909,0.37714285714285717,0.5833333333333334,0.5952380952380952,0.5909090909090909,0.37714285714285717,0.5833333333333334,0.5952380952380952,0.0,0.0,0.0,0.0
bull_to_bear,0.22,0.98,10.0,0.0,0,66,66,0.5909090909090909,0.37714285714285717,0.5833333333333334,0.5952380952380952,0.5909090909090909,0.37714285714285717,0.5833333333333334,0.5952380952380952,0.0,0.0,0.0,0.0
bull_to_neutral,0.22,0.98,10.0,-0.05,0,66,66,0.5909090909090909,0.37714285714285717,0.5833333333333334,0.5952380952380952,0.5909090909090909,0.37714285714285717,0.5833333333333334,0.5952380952380952,0.0,0.0,0.0,0.0
bull_to_bear,0.22,0.98,10.0,-0.05,0,66,66,0.5909090909090909,0.37714285714285717,0.5833333333333334,0.5952380952380952,0.5909090909090909,0.37714285714285717,0.5833333333333334,0.5952380952380952,0.0,0.0,0.0,0.0
bull_to_neutral,0.22,0.98,10.0,-0.1,0,66,66,0.5909090909090909,0.37714285714285717,0.5833333333333334,0.5952380952380952,0.5909090909090909,0.37714285714285717,0.5833333333333334,0.5952380952380952,0.0,0.0,0.0,0.0
bull_to_bear,0.22,0.98,10.0,-0.1,0,66,66,0.5909090909090909,0.37714285714285717,0.5833333333333334,0.5952380952380952,0.5909090909090909,0.37714285714285717,0.5833333333333334,0.5952380952380952,0.0,0.0,0.0,0.0
bull_to_neutral,0.22,0.98,15.0,,0,66,66,0.5909090909090909,0.37714285714285717,0.5833333333333334,0.5952380952380952,0.5909090909090909,0.37714285714285717,0.5833333333333334,0.5952380952380952,0.0,0.0,0.0,0.0
bull_to_bear,0.22,0.98,15.0,,0,66,66,0.5909090909090909,0.37714285714285717,0.5833333333333334,0.5952380952380952,0.5909090909090909,0.37714285714285717,0.5833333333333334,0.5952380952380952,0.0,0.0,0.0,0.0
bull_to_neutral,0.22,0.98,15.0,0.0,0,66,66,0.5909090909090909,0.37714285714285717,0.5833333333333334,0.5952380952380952,0.5909090909090909,0.37714285714285717,0.5833333333333334,0.5952380952380952,0.0,0.0,0.0,0.0
bull_to_bear,0.22,0.98,15.0,0.0,0,66,66,0.5909090909090909,0.37714285714285717,0.5833333333333334,0.5952380952380952,0.5909090909090909,0.37714285714285717,0.5833333333333334,0.5952380952380952,0.0,0.0,0.0,0.0
bull_to_neutral,0.22,0.98,15.0,-0.05,0,66,66,0.5909090909090909,0.37714285714285717,0.5833333333333334,0.5952380952380952,0.5909090909090909,0.37714285714285717,0.5833333333333334,0.5952380952380952,0.0,0.0,0.0,0.0
bull_to_bear,0.22,0.98,15.0,-0.05,0,66,66,0.5909090909090909,0.37714285714285717,0.5833333333333334,0.5952380952380952,0.5909090909090909,0.37714285714285717,0.5833333333333334,0.5952380952380952,0.0,0.0,0.0,0.0
bull_to_neutral,0.22,0.98,15.0,-0.1,0,66,66,0.5909090909090909,0.37714285714285717,0.5833333333333334,0.5952380952380952,0.5909090909090909,0.37714285714285717,0.5833333333333334,0.5952380952380952,0.0,0.0,0.0,0.0
bull_to_bear,0.22,0.98,15.0,-0.1,0,66,66,0.5909090909090909,0.37714285714285717,0.5833333333333334,0.5952380952380952,0.5909090909090909,0.37714285714285717,0.5833333333333334,0.5952380952380952,0.0,0.0,0.0,0.0
bull_to_neutral,0.22,0.97,,,0,66,66,0.5909090909090909,0.37714285714285717,0.5833333333333334,0.5952380952380952,0.5909090909090909,0.37714285714285717,0.5833333333333334,0.5952380952380952,0.0,0.0,0.0,0.0
bull_to_bear,0.22,0.97,,,0,66,66,0.5909090909090909,0.37714285714285717,0.5833333333333334,0.5952380952380952,0.5909090909090909,0.37714285714285717,0.5833333333333334,0.5952380952380952,0.0,0.0,0.0,0.0
bull_to_neutral,0.22,0.97,,0.0,0,66,66,0.5909090909090909,0.37714285714285717,0.5833333333333334,0.5952380952380952,0.5909090909090909,0.37714285714285717,0.5833333333333334,0.5952380952380952,0.0,0.0,0.0,0.0
bull_to_bear,0.22,0.97,,0.0,0,66,66,0.5909090909090909,0.37714285714285717,0.5833333333333334,0.5952380952380952,0.5909090909090909,0.37714285714285717,0.5833333333333334,0.5952380952380952,0.0,0.0,0.0,0.0
bull_to_neutral,0.22,0.97,,-0.05,0,66,66,0.5909090909090909,0.37714285714285717,0.5833333333333334,0.5952380952380952,0.5909090909090909,0.37714285714285717,0.5833333333333334,0.5952380952380952,0.0,0.0,0.0,0.0
bull_to_bear,0.22,0.97,,-0.05,0,66,66,0.5909090909090909,0.37714285714285717,0.5833333333333334,0.5952380952380952,0.5909090909090909,0.37714285714285717,0.5833333333333334,0.5952380952380952,0.0,0.0,0.0,0.0
bull_to_neutral,0.22,0.97,,-0.1,0,66,66,0.5909090909090909,0.37714285714285717,0.5833333333333334,0.5952380952380952,0.5909090909090909,0.37714285714285717,0.5833333333333334,0.5952380952380952,0.0,0.0,0.0,0.0
bull_to_bear,0.22,0.97,,-0.1,0,66,66,0.5909090909090909,0.37714285714285717,0.5833333333333334,0.5952380952380952,0.5909090909090909,0.37714285714285717,0.5833333333333334,0.5952380952380952,0.0,0.0,0.0,0.0
bull_to_neutral,0.22,0.97,0.0,,0,66,66,0.5909090909090909,0.37714285714285717,0.5833333333333334,0.5952380952380952,0.5909090909090909,0.37714285714285717,0.5833333333333334,0.5952380952380952,0.0,0.0,0.0,0.0
bull_to_bear,0.22,0.97,0.0,,0,66,66,0.5909090909090909,0.37714285714285717,0.5833333333333334,0.5952380952380952,0.5909090909090909,0.37714285714285717,0.5833333333333334,0.5952380952380952,0.0,0.0,0.0,0.0
bull_to_neutral,0.22,0.97,0.0,0.0,0,66,66,0.5909090909090909,0.37714285714285717,0.5833333333333334,0.5952380952380952,0.5909090909090909,0.37714285714285717,0.5833333333333334,0.5952380952380952,0.0,0.0,0.0,0.0
bull_to_bear,0.22,0.97,0.0,0.0,0,66,66,0.5909090909090909,0.37714285714285717,0.5833333333333334,0.5952380952380952,0.5909090909090909,0.37714285714285717,0.5833333333333334,0.5952380952380952,0.0,0.0,0.0,0.0
bull_to_neutral,0.22,0.97,0.0,-0.05,0,66,66,0.5909090909090909,0.37714285714285717,0.5833333333333334,0.5952380952380952,0.5909090909090909,0.37714285714285717,0.5833333333333334,0.5952380952380952,0.0,0.0,0.0,0.0
bull_to_bear,0.22,0.97,0.0,-0.05,0,66,66,0.5909090909090909,0.37714285714285717,0.5833333333333334,0.5952380952380952,0.5909090909090909,0.37714285714285717,0.5833333333333334,0.5952380952380952,0.0,0.0,0.0,0.0
bull_to_neutral,0.22,0.97,0.0,-0.1,0,66,66,0.5909090909090909,0.37714285714285717,0.5833333333333334,0.5952380952380952,0.5909090909090909,0.37714285714285717,0.5833333333333334,0.5952380952380952,0.0,0.0,0.0,0.0
bull_to_bear,0.22,0.97,0.0,-0.1,0,66,66,0.5909090909090909,0.37714285714285717,0.5833333333333334,0.5952380952380952,0.5909090909090909,0.37714285714285717,0.5833333333333334,0.5952380952380952,0.0,0.0,0.0,0.0
bull_to_neutral,0.22,0.97,5.0,,0,66,66,0.5909090909090909,0.37714285714285717,0.5833333333333334,0.5952380952380952,0.5909090909090909,0.37714285714285717,0.5833333333333334,0.5952380952380952,0.0,0.0,0.0,0.0
bull_to_bear,0.22,0.97,5.0,,0,66,66,0.5909090909090909,0.37714285714285717,0.5833333333333334,0.5952380952380952,0.5909090909090909,0.37714285714285717,0.5833333333333334,0.5952380952380952,0.0,0.0,0.0,0.0
bull_to_neutral,0.22,0.97,5.0,0.0,0,66,66,0.5909090909090909,0.37714285714285717,0.5833333333333334,0.5952380952380952,0.5909090909090909,0.37714285714285717,0.5833333333333334,0.5952380952380952,0.0,0.0,0.0,0.0
bull_to_bear,0.22,0.97,5.0,0.0,0,66,66,0.5909090909090909,0.37714285714285717,0.5833333333333334,0.5952380952380952,0.5909090909090909,0.37714285714285717,0.5833333333333334,0.5952380952380952,0.0,0.0,0.0,0.0
bull_to_neutral,0.22,0.97,5.0,-0.05,0,66,66,0.5909090909090909,0.37714285714285717,0.5833333333333334,0.5952380952380952,0.5909090909090909,0.37714285714285717,0.5833333333333334,0.5952380952380952,0.0,0.0,0.0,0.0
bull_to_bear,0.22,0.97,5.0,-0.05,0,66,66,0.5909090909090909,0.37714285714285717,0.5833333333333334,0.5952380952380952,0.5909090909090909,0.37714285714285717,0.5833333333333334,0.5952380952380952,0.0,0.0,0.0,0.0
bull_to_neutral,0.22,0.97,5.0,-0.1,0,66,66,0.5909090909090909,0.37714285714285717,0.5833333333333334,0.5952380952380952,0.5909090909090909,0.37714285714285717,0.5833333333333334,0.5952380952380952,0.0,0.0,0.0,0.0
bull_to_bear,0.22,0.97,5.0,-0.1,0,66,66,0.5909090909090909,0.37714285714285717,0.5833333333333334,0.5952380952380952,0.5909090909090909,0.37714285714285717,0.5833333333333334,0.5952380952380952,0.0,0.0,0.0,0.0
bull_to_neutral,0.22,0.97,10.0,,0,66,66,0.5909090909090909,0.37714285714285717,0.5833333333333334,0.5952380952380952,0.5909090909090909,0.37714285714285717,0.5833333333333334,0.5952380952380952,0.0,0.0,0.0,0.0
bull_to_bear,0.22,0.97,10.0,,0,66,66,0.5909090909090909,0.37714285714285717,0.5833333333333334,0.5952380952380952,0.5909090909090909,0.37714285714285717,0.5833333333333334,0.5952380952380952,0.0,0.0,0.0,0.0
bull_to_neutral,0.22,0.97,10.0,0.0,0,66,66,0.5909090909090909,0.37714285714285717,0.5833333333333334,0.5952380952380952,0.5909090909090909,0.37714285714285717,0.5833333333333334,0.5952380952380952,0.0,0.0,0.0,0.0
bull_to_bear,0.22,0.97,10.0,0.0,0,66,66,0.5909090909090909,0.37714285714285717,0.5833333333333334,0.5952380952380952,0.5909090909090909,0.37714285714285717,0.5833333333333334,0.5952380952380952,0.0,0.0,0.0,0.0
bull_to_neutral,0.22,0.97,10.0,-0.05,0,66,66,0.5909090909090909,0.37714285714285717,0.5833333333333334,0.5952380952380952,0.5909090909090909,0.37714285714285717,0.5833333333333334,0.5952380952380952,0.0,0.0,0.0,0.0
bull_to_bear,0.22,0.97,10.0,-0.05,0,66,66,0.5909090909090909,0.37714285714285717,0.5833333333333334,0.5952380952380952,0.5909090909090909,0.37714285714285717,0.5833333333333334,0.5952380952380952,0.0,0.0,0.0,0.0
bull_to_neutral,0.22,0.97,10.0,-0.1,0,66,66,0.5909090909090909,0.37714285714285717,0.5833333333333334,0.5952380952380952,0.5909090909090909,0.37714285714285717,0.5833333333333334,0.5952380952380952,0.0,0.0,0.0,0.0
bull_to_bear,0.22,0.97,10.0,-0.1,0,66,66,0.5909090909090909,0.37714285714285717,0.5833333333333334,0.5952380952380952,0.5909090909090909,0.37714285714285717,0.5833333333333334,0.5952380952380952,0.0,0.0,0.0,0.0
bull_to_neutral,0.22,0.97,15.0,,0,66,66,0.5909090909090909,0.37714285714285717,0.5833333333333334,0.5952380952380952,0.5909090909090909,0.37714285714285717,0.5833333333333334,0.5952380952380952,0.0,0.0,0.0,0.0
bull_to_bear,0.22,0.97,15.0,,0,66,66,0.5909090909090909,0.37714285714285717,0.5833333333333334,0.5952380952380952,0.5909090909090909,0.37714285714285717,0.5833333333333334,0.5952380952380952,0.0,0.0,0.0,0.0
bull_to_neutral,0.22,0.97,15.0,0.0,0,66,66,0.5909090909090909,0.37714285714285717,0.5833333333333334,0.5952380952380952,0.5909090909090909,0.37714285714285717,0.5833333333333334,0.5952380952380952,0.0,0.0,0.0,0.0
bull_to_bear,0.22,0.97,15.0,0.0,0,66,66,0.5909090909090909,0.37714285714285717,0.5833333333333334,0.5952380952380952,0.5909090909090909,0.37714285714285717,0.5833333333333334,0.5952380952380952,0.0,0.0,0.0,0.0
bull_to_neutral,0.22,0.97,15.0,-0.05,0,66,66,0.5909090909090909,0.37714285714285717,0.5833333333333334,0.5952380952380952,0.5909090909090909,0.37714285714285717,0.5833333333333334,0.5952380952380952,0.0,0.0,0.0,0.0
bull_to_bear,0.22,0.97,15.0,-0.05,0,66,66,0.5909090909090909,0.37714285714285717,0.5833333333333334,0.5952380952380952,0.5909090909090909,0.37714285714285717,0.5833333333333334,0.5952380952380952,0.0,0.0,0.0,0.0
bull_to_neutral,0.22,0.97,15.0,-0.1,0,66,66,0.5909090909090909,0.37714285714285717,0.5833333333333334,0.5952380952380952,0.5909090909090909,0.37714285714285717,0.5833333333333334,0.5952380952380952,0.0,0.0,0.0,0.0
bull_to_bear,0.22,0.97,15.0,-0.1,0,66,66,0.5909090909090909,0.37714285714285717,0.5833333333333334,0.5952380952380952,0.5909090909090909,0.37714285714285717,0.5833333333333334,0.5952380952380952,0.0,0.0,0.0,0.0
bull_to_neutral,0.22,0.95,,,0,66,66,0.5909090909090909,0.37714285714285717,0.5833333333333334,0.5952380952380952,0.5909090909090909,0.37714285714285717,0.5833333333333334,0.5952380952380952,0.0,0.0,0.0,0.0
bull_to_bear,0.22,0.95,,,0,66,66,0.5909090909090909,0.37714285714285717,0.5833333333333334,0.5952380952380952,0.5909090909090909,0.37714285714285717,0.5833333333333334,0.5952380952380952,0.0,0.0,0.0,0.0
bull_to_neutral,0.22,0.95,,0.0,0,66,66,0.5909090909090909,0.37714285714285717,0.5833333333333334,0.5952380952380952,0.5909090909090909,0.37714285714285717,0.5833333333333334,0.5952380952380952,0.0,0.0,0.0,0.0
bull_to_bear,0.22,0.95,,0.0,0,66,66,0.5909090909090909,0.37714285714285717,0.5833333333333334,0.5952380952380952,0.5909090909090909,0.37714285714285717,0.5833333333333334,0.5952380952380952,0.0,0.0,0.0,0.0
bull_to_neutral,0.22,0.95,,-0.05,0,66,66,0.5909090909090909,0.37714285714285717,0.5833333333333334,0.5952380952380952,0.5909090909090909,0.37714285714285717,0.5833333333333334,0.5952380952380952,0.0,0.0,0.0,0.0
bull_to_bear,0.22,0.95,,-0.05,0,66,66,0.5909090909090909,0.37714285714285717,0.5833333333333334,0.5952380952380952,0.5909090909090909,0.37714285714285717,0.5833333333333334,0.5952380952380952,0.0,0.0,0.0,0.0
bull_to_neutral,0.22,0.95,,-0.1,0,66,66,0.5909090909090909,0.37714285714285717,0.5833333333333334,0.5952380952380952,0.5909090909090909,0.37714285714285717,0.5833333333333334,0.5952380952380952,0.0,0.0,0.0,0.0
bull_to_bear,0.22,0.95,,-0.1,0,66,66,0.5909090909090909,0.37714285714285717,0.5833333333333334,0.5952380952380952,0.5909090909090909,0.37714285714285717,0.5833333333333334,0.5952380952380952,0.0,0.0,0.0,0.0
bull_to_neutral,0.22,0.95,0.0,,0,66,66,0.5909090909090909,0.37714285714285717,0.5833333333333334,0.5952380952380952,0.5909090909090909,0.37714285714285717,0.5833333333333334,0.5952380952380952,0.0,0.0,0.0,0.0
bull_to_bear,0.22,0.95,0.0,,0,66,66,0.5909090909090909,0.37714285714285717,0.5833333333333334,0.5952380952380952,0.5909090909090909,0.37714285714285717,0.5833333333333334,0.5952380952380952,0.0,0.0,0.0,0.0
bull_to_neutral,0.22,0.95,0.0,0.0,0,66,66,0.5909090909090909,0.37714285714285717,0.5833333333333334,0.5952380952380952,0.5909090909090909,0.37714285714285717,0.5833333333333334,0.5952380952380952,0.0,0.0,0.0,0.0
bull_to_bear,0.22,0.95,0.0,0.0,0,66,66,0.5909090909090909,0.37714285714285717,0.5833333333333334,0.5952380952380952,0.5909090909090909,0.37714285714285717,0.5833333333333334,0.5952380952380952,0.0,0.0,0.0,0.0
bull_to_neutral,0.22,0.95,0.0,-0.05,0,66,66,0.5909090909090909,0.37714285714285717,0.5833333333333334,0.5952380952380952,0.5909090909090909,0.37714285714285717,0.5833333333333334,0.5952380952380952,0.0,0.0,0.0,0.0
bull_to_bear,0.22,0.95,0.0,-0.05,0,66,66,0.5909090909090909,0.37714285714285717,0.5833333333333334,0.5952380952380952,0.5909090909090909,0.37714285714285717,0.5833333333333334,0.5952380952380952,0.0,0.0,0.0,0.0
bull_to_neutral,0.22,0.95,0.0,-0.1,0,66,66,0.5909090909090909,0.37714285714285717,0.5833333333333334,0.5952380952380952,0.5909090909090909,0.37714285714285717,0.5833333333333334,0.5952380952380952,0.0,0.0,0.0,0.0
bull_to_bear,0.22,0.95,0.0,-0.1,0,66,66,0.5909090909090909,0.37714285714285717,0.5833333333333334,0.5952380952380952,0.5909090909090909,0.37714285714285717,0.5833333333333334,0.5952380952380952,0.0,0.0,0.0,0.0
bull_to_neutral,0.22,0.95,5.0,,0,66,66,0.5909090909090909,0.37714285714285717,0.5833333333333334,0.5952380952380952,0.5909090909090909,0.37714285714285717,0.5833333333333334,0.5952380952380952,0.0,0.0,0.0,0.0
bull_to_bear,0.22,0.95,5.0,,0,66,66,0.5909090909090909,0.37714285714285717,0.5833333333333334,0.5952380952380952,0.5909090909090909,0.37714285714285717,0.5833333333333334,0.5952380952380952,0.0,0.0,0.0,0.0
bull_to_neutral,0.22,0.95,5.0,0.0,0,66,66,0.5909090909090909,0.37714285714285717,0.5833333333333334,0.5952380952380952,0.5909090909090909,0.37714285714285717,0.5833333333333334,0.5952380952380952,0.0,0.0,0.0,0.0
bull_to_bear,0.22,0.95,5.0,0.0,0,66,66,0.5909090909090909,0.37714285714285717,0.5833333333333334,0.5952380952380952,0.5909090909090909,0.37714285714285717,0.5833333333333334,0.5952380952380952,0.0,0.0,0.0,0.0
bull_to_neutral,0.22,0.95,5.0,-0.05,0,66,66,0.5909090909090909,0.37714285714285717,0.5833333333333334,0.5952380952380952,0.5909090909090909,0.37714285714285717,0.5833333333333334,0.5952380952380952,0.0,0.0,0.0,0.0
bull_to_bear,0.22,0.95,5.0,-0.05,0,66,66,0.5909090909090909,0.37714285714285717,0.5833333333333334,0.5952380952380952,0.5909090909090909,0.37714285714285717,0.5833333333333334,0.5952380952380952,0.0,0.0,0.0,0.0
bull_to_neutral,0.22,0.95,5.0,-0.1,0,66,66,0.5909090909090909,0.37714285714285717,0.5833333333333334,0.5952380952380952,0.5909090909090909,0.37714285714285717,0.5833333333333334,0.5952380952380952,0.0,0.0,0.0,0.0
bull_to_bear,0.22,0.95,5.0,-0.1,0,66,66,0.5909090909090909,0.37714285714285717,0.5833333333333334,0.5952380952380952,0.5909090909090909,0.37714285714285717,0.5833333333333334,0.5952380952380952,0.0,0.0,0.0,0.0
bull_to_neutral,0.22,0.95,10.0,,0,66,66,0.5909090909090909,0.37714285714285717,0.5833333333333334,0.5952380952380952,0.5909090909090909,0.37714285714285717,0.5833333333333334,0.5952380952380952,0.0,0.0,0.0,0.0
bull_to_bear,0.22,0.95,10.0,,0,66,66,0.5909090909090909,0.37714285714285717,0.5833333333333334,0.5952380952380952,0.5909090909090909,0.37714285714285717,0.5833333333333334,0.5952380952380952,0.0,0.0,0.0,0.0
bull_to_neutral,0.22,0.95,10.0,0.0,0,66,66,0.5909090909090909,0.37714285714285717,0.5833333333333334,0.5952380952380952,0.5909090909090909,0.37714285714285717,0.5833333333333334,0.5952380952380952,0.0,0.0,0.0,0.0
bull_to_bear,0.22,0.95,10.0,0.0,0,66,66,0.5909090909090909,0.37714285714285717,0.5833333333333334,0.5952380952380952,0.5909090909090909,0.37714285714285717,0.5833333333333334,0.5952380952380952,0.0,0.0,0.0,0.0
bull_to_neutral,0.22,0.95,10.0,-0.05,0,66,66,0.5909090909090909,0.37714285714285717,0.5833333333333334,0.5952380952380952,0.5909090909090909,0.37714285714285717,0.5833333333333334,0.5952380952380952,0.0,0.0,0.0,0.0
bull_to_bear,0.22,0.95,10.0,-0.05,0,66,66,0.5909090909090909,0.37714285714285717,0.5833333333333334,0.5952380952380952,0.5909090909090909,0.37714285714285717,0.5833333333333334,0.5952380952380952,0.0,0.0,0.0,0.0
bull_to_neutral,0.22,0.95,10.0,-0.1,0,66,66,0.5909090909090909,0.37714285714285717,0.5833333333333334,0.5952380952380952,0.5909090909090909,0.37714285714285717,0.5833333333333334,0.5952380952380952,0.0,0.0,0.0,0.0
bull_to_bear,0.22,0.95,10.0,-0.1,0,66,66,0.5909090909090909,0.37714285714285717,0.5833333333333334,0.5952380952380952,0.5909090909090909,0.37714285714285717,0.5833333333333334,0.5952380952380952,0.0,0.0,0.0,0.0
bull_to_neutral,0.22,0.95,15.0,,0,66,66,0.5909090909090909,0.37714285714285717,0.5833333333333334,0.5952380952380952,0.5909090909090909,0.37714285714285717,0.5833333333333334,0.5952380952380952,0.0,0.0,0.0,0.0
bull_to_bear,0.22,0.95,15.0,,0,66,66,0.5909090909090909,0.37714285714285717,0.5833333333333334,0.5952380952380952,0.5909090909090909,0.37714285714285717,0.5833333333333334,0.5952380952380952,0.0,0.0,0.0,0.0
bull_to_neutral,0.22,0.95,15.0,0.0,0,66,66,0.5909090909090909,0.37714285714285717,0.5833333333333334,0.5952380952380952,0.5909090909090909,0.37714285714285717,0.5833333333333334,0.5952380952380952,0.0,0.0,0.0,0.0
bull_to_bear,0.22,0.95,15.0,0.0,0,66,66,0.5909090909090909,0.37714285714285717,0.5833333333333334,0.5952380952380952,0.5909090909090909,0.37714285714285717,0.5833333333333334,0.5952380952380952,0.0,0.0,0.0,0.0
bull_to_neutral,0.22,0.95,15.0,-0.05,0,66,66,0.5909090909090909,0.37714285714285717,0.5833333333333334,0.5952380952380952,0.5909090909090909,0.37714285714285717,0.5833333333333334,0.5952380952380952,0.0,0.0,0.0,0.0
bull_to_bear,0.22,0.95,15.0,-0.05,0,66,66,0.5909090909090909,0.37714285714285717,0.5833333333333334,0.5952380952380952,0.5909090909090909,0.37714285714285717,0.5833333333333334,0.5952380952380952,0.0,0.0,0.0,0.0
bull_to_neutral,0.22,0.95,15.0,-0.1,0,66,66,0.5909090909090909,0.37714285714285717,0.5833333333333334,0.5952380952380952,0.5909090909090909,0.37714285714285717,0.5833333333333334,0.5952380952380952,0.0,0.0,0.0,0.0
bull_to_bear,0.22,0.95,15.0,-0.1,0,66,66,0.5909090909090909,0.37714285714285717,0.5833333333333334,0.5952380952380952,0.5909090909090909,0.37714285714285717,0.5833333333333334,0.5952380952380952,0.0,0.0,0.0,0.0
bull_to_neutral,0.22,0.93,,,0,66,66,0.5909090909090909,0.37714285714285717,0.5833333333333334,0.5952380952380952,0.5909090909090909,0.37714285714285717,0.5833333333333334,0.5952380952380952,0.0,0.0,0.0,0.0
bull_to_bear,0.22,0.93,,,0,66,66,0.5909090909090909,0.37714285714285717,0.5833333333333334,0.5952380952380952,0.5909090909090909,0.37714285714285717,0.5833333333333334,0.5952380952380952,0.0,0.0,0.0,0.0
bull_to_neutral,0.22,0.93,,0.0,0,66,66,0.5909090909090909,0.37714285714285717,0.5833333333333334,0.5952380952380952,0.5909090909090909,0.37714285714285717,0.5833333333333334,0.5952380952380952,0.0,0.0,0.0,0.0
bull_to_bear,0.22,0.93,,0.0,0,66,66,0.5909090909090909,0.37714285714285717,0.5833333333333334,0.5952380952380952,0.5909090909090909,0.37714285714285717,0.5833333333333334,0.5952380952380952,0.0,0.0,0.0,0.0
bull_to_neutral,0.22,0.93,,-0.05,0,66,66,0.5909090909090909,0.37714285714285717,0.5833333333333334,0.5952380952380952,0.5909090909090909,0.37714285714285717,0.5833333333333334,0.5952380952380952,0.0,0.0,0.0,0.0
bull_to_bear,0.22,0.93,,-0.05,0,66,66,0.5909090909090909,0.37714285714285717,0.5833333333333334,0.5952380952380952,0.5909090909090909,0.37714285714285717,0.5833333333333334,0.5952380952380952,0.0,0.0,0.0,0.0
bull_to_neutral,0.22,0.93,,-0.1,0,66,66,0.5909090909090909,0.37714285714285717,0.5833333333333334,0.5952380952380952,0.5909090909090909,0.37714285714285717,0.5833333333333334,0.5952380952380952,0.0,0.0,0.0,0.0
bull_to_bear,0.22,0.93,,-0.1,0,66,66,0.5909090909090909,0.37714285714285717,0.5833333333333334,0.5952380952380952,0.5909090909090909,0.37714285714285717,0.5833333333333334,0.5952380952380952,0.0,0.0,0.0,0.0
bull_to_neutral,0.22,0.93,0.0,,0,66,66,0.5909090909090909,0.37714285714285717,0.5833333333333334,0.5952380952380952,0.5909090909090909,0.37714285714285717,0.5833333333333334,0.5952380952380952,0.0,0.0,0.0,0.0
bull_to_bear,0.22,0.93,0.0,,0,66,66,0.5909090909090909,0.37714285714285717,0.5833333333333334,0.5952380952380952,0.5909090909090909,0.37714285714285717,0.5833333333333334,0.5952380952380952,0.0,0.0,0.0,0.0
bull_to_neutral,0.22,0.93,0.0,0.0,0,66,66,0.5909090909090909,0.37714285714285717,0.5833333333333334,0.5952380952380952,0.5909090909090909,0.37714285714285717,0.5833333333333334,0.5952380952380952,0.0,0.0,0.0,0.0
bull_to_bear,0.22,0.93,0.0,0.0,0,66,66,0.5909090909090909,0.37714285714285717,0.5833333333333334,0.5952380952380952,0.5909090909090909,0.37714285714285717,0.5833333333333334,0.5952380952380952,0.0,0.0,0.0,0.0
bull_to_neutral,0.22,0.93,0.0,-0.05,0,66,66,0.5909090909090909,0.37714285714285717,0.5833333333333334,0.5952380952380952,0.5909090909090909,0.37714285714285717,0.5833333333333334,0.5952380952380952,0.0,0.0,0.0,0.0
bull_to_bear,0.22,0.93,0.0,-0.05,0,66,66,0.5909090909090909,0.37714285714285717,0.5833333333333334,0.5952380952380952,0.5909090909090909,0.37714285714285717,0.5833333333333334,0.5952380952380952,0.0,0.0,0.0,0.0
bull_to_neutral,0.22,0.93,0.0,-0.1,0,66,66,0.5909090909090909,0.37714285714285717,0.5833333333333334,0.5952380952380952,0.5909090909090909,0.37714285714285717,0.5833333333333334,0.5952380952380952,0.0,0.0,0.0,0.0
bull_to_bear,0.22,0.93,0.0,-0.1,0,66,66,0.5909090909090909,0.37714285714285717,0.5833333333333334,0.5952380952380952,0.5909090909090909,0.37714285714285717,0.5833333333333334,0.5952380952380952,0.0,0.0,0.0,0.0
bull_to_neutral,0.22,0.93,5.0,,0,66,66,0.5909090909090909,0.37714285714285717,0.5833333333333334,0.5952380952380952,0.5909090909090909,0.37714285714285717,0.5833333333333334,0.5952380952380952,0.0,0.0,0.0,0.0
bull_to_bear,0.22,0.93,5.0,,0,66,66,0.5909090909090909,0.37714285714285717,0.5833333333333334,0.5952380952380952,0.5909090909090909,0.37714285714285717,0.5833333333333334,0.5952380952380952,0.0,0.0,0.0,0.0
bull_to_neutral,0.22,0.93,5.0,0.0,0,66,66,0.5909090909090909,0.37714285714285717,0.5833333333333334,0.5952380952380952,0.5909090909090909,0.37714285714285717,0.5833333333333334,0.5952380952380952,0.0,0.0,0.0,0.0
bull_to_bear,0.22,0.93,5.0,0.0,0,66,66,0.5909090909090909,0.37714285714285717,0.5833333333333334,0.5952380952380952,0.5909090909090909,0.37714285714285717,0.5833333333333334,0.5952380952380952,0.0,0.0,0.0,0.0
bull_to_neutral,0.22,0.93,5.0,-0.05,0,66,66,0.5909090909090909,0.37714285714285717,0.5833333333333334,0.5952380952380952,0.5909090909090909,0.37714285714285717,0.5833333333333334,0.5952380952380952,0.0,0.0,0.0,0.0
bull_to_bear,0.22,0.93,5.0,-0.05,0,66,66,0.5909090909090909,0.37714285714285717,0.5833333333333334,0.5952380952380952,0.5909090909090909,0.37714285714285717,0.5833333333333334,0.5952380952380952,0.0,0.0,0.0,0.0
bull_to_neutral,0.22,0.93,5.0,-0.1,0,66,66,0.5909090909090909,0.37714285714285717,0.5833333333333334,0.5952380952380952,0.5909090909090909,0.37714285714285717,0.5833333333333334,0.5952380952380952,0.0,0.0,0.0,0.0
bull_to_bear,0.22,0.93,5.0,-0.1,0,66,66,0.5909090909090909,0.37714285714285717,0.5833333333333334,0.5952380952380952,0.5909090909090909,0.37714285714285717,0.5833333333333334,0.5952380952380952,0.0,0.0,0.0,0.0
bull_to_neutral,0.22,0.93,10.0,,0,66,66,0.5909090909090909,0.37714285714285717,0.5833333333333334,0.5952380952380952,0.5909090909090909,0.37714285714285717,0.5833333333333334,0.5952380952380952,0.0,0.0,0.0,0.0
bull_to_bear,0.22,0.93,10.0,,0,66,66,0.5909090909090909,0.37714285714285717,0.5833333333333334,0.5952380952380952,0.5909090909090909,0.37714285714285717,0.5833333333333334,0.5952380952380952,0.0,0.0,0.0,0.0
bull_to_neutral,0.22,0.93,10.0,0.0,0,66,66,0.5909090909090909,0.37714285714285717,0.5833333333333334,0.5952380952380952,0.5909090909090909,0.37714285714285717,0.5833333333333334,0.5952380952380952,0.0,0.0,0.0,0.0
bull_to_bear,0.22,0.93,10.0,0.0,0,66,66,0.5909090909090909,0.37714285714285717,0.5833333333333334,0.5952380952380952,0.5909090909090909,0.37714285714285717,0.5833333333333334,0.5952380952380952,0.0,0.0,0.0,0.0
bull_to_neutral,0.22,0.93,10.0,-0.05,0,66,66,0.5909090909090909,0.37714285714285717,0.5833333333333334,0.5952380952380952,0.5909090909090909,0.37714285714285717,0.5833333333333334,0.5952380952380952,0.0,0.0,0.0,0.0
bull_to_bear,0.22,0.93,10.0,-0.05,0,66,66,0.5909090909090909,0.37714285714285717,0.5833333333333334,0.5952380952380952,0.5909090909090909,0.37714285714285717,0.5833333333333334,0.5952380952380952,0.0,0.0,0.0,0.0
bull_to_neutral,0.22,0.93,10.0,-0.1,0,66,66,0.5909090909090909,0.37714285714285717,0.5833333333333334,0.5952380952380952,0.5909090909090909,0.37714285714285717,0.5833333333333334,0.5952380952380952,0.0,0.0,0.0,0.0
bull_to_bear,0.22,0.93,10.0,-0.1,0,66,66,0.5909090909090909,0.37714285714285717,0.5833333333333334,0.5952380952380952,0.5909090909090909,0.37714285714285717,0.5833333333333334,0.5952380952380952,0.0,0.0,0.0,0.0
bull_to_neutral,0.22,0.93,15.0,,0,66,66,0.5909090909090909,0.37714285714285717,0.5833333333333334,0.5952380952380952,0.5909090909090909,0.37714285714285717,0.5833333333333334,0.5952380952380952,0.0,0.0,0.0,0.0
bull_to_bear,0.22,0.93,15.0,,0,66,66,0.5909090909090909,0.37714285714285717,0.5833333333333334,0.5952380952380952,0.5909090909090909,0.37714285714285717,0.5833333333333334,0.5952380952380952,0.0,0.0,0.0,0.0
bull_to_neutral,0.22,0.93,15.0,0.0,0,66,66,0.5909090909090909,0.37714285714285717,0.5833333333333334,0.5952380952380952,0.5909090909090909,0.37714285714285717,0.5833333333333334,0.5952380952380952,0.0,0.0,0.0,0.0
bull_to_bear,0.22,0.93,15.0,0.0,0,66,66,0.5909090909090909,0.37714285714285717,0.5833333333333334,0.5952380952380952,0.5909090909090909,0.37714285714285717,0.5833333333333334,0.5952380952380952,0.0,0.0,0.0,0.0
bull_to_neutral,0.22,0.93,15.0,-0.05,0,66,66,0.5909090909090909,0.37714285714285717,0.5833333333333334,0.5952380952380952,0.5909090909090909,0.37714285714285717,0.5833333333333334,0.5952380952380952,0.0,0.0,0.0,0.0
bull_to_bear,0.22,0.93,15.0,-0.05,0,66,66,0.5909090909090909,0.37714285714285717,0.5833333333333334,0.5952380952380952,0.5909090909090909,0.37714285714285717,0.5833333333333334,0.5952380952380952,0.0,0.0,0.0,0.0
bull_to_neutral,0.22,0.93,15.0,-0.1,0,66,66,0.5909090909090909,0.37714285714285717,0.5833333333333334,0.5952380952380952,0.5909090909090909,0.37714285714285717,0.5833333333333334,0.5952380952380952,0.0,0.0,0.0,0.0
bull_to_bear,0.22,0.93,15.0,-0.1,0,66,66,0.5909090909090909,0.37714285714285717,0.5833333333333334,0.5952380952380952,0.5909090909090909,0.37714285714285717,0.5833333333333334,0.5952380952380952,0.0,0.0,0.0,0.0
bull_to_neutral,0.22,0.9,,,0,66,66,0.5909090909090909,0.37714285714285717,0.5833333333333334,0.5952380952380952,0.5909090909090909,0.37714285714285717,0.5833333333333334,0.5952380952380952,0.0,0.0,0.0,0.0
bull_to_bear,0.22,0.9,,,0,66,66,0.5909090909090909,0.37714285714285717,0.5833333333333334,0.5952380952380952,0.5909090909090909,0.37714285714285717,0.5833333333333334,0.5952380952380952,0.0,0.0,0.0,0.0
bull_to_neutral,0.22,0.9,,0.0,0,66,66,0.5909090909090909,0.37714285714285717,0.5833333333333334,0.5952380952380952,0.5909090909090909,0.37714285714285717,0.5833333333333334,0.5952380952380952,0.0,0.0,0.0,0.0
bull_to_bear,0.22,0.9,,0.0,0,66,66,0.5909090909090909,0.37714285714285717,0.5833333333333334,0.5952380952380952,0.5909090909090909,0.37714285714285717,0.5833333333333334,0.5952380952380952,0.0,0.0,0.0,0.0
bull_to_neutral,0.22,0.9,,-0.05,0,66,66,0.5909090909090909,0.37714285714285717,0.5833333333333334,0.5952380952380952,0.5909090909090909,0.37714285714285717,0.5833333333333334,0.5952380952380952,0.0,0.0,0.0,0.0
bull_to_bear,0.22,0.9,,-0.05,0,66,66,0.5909090909090909,0.37714285714285717,0.5833333333333334,0.5952380952380952,0.5909090909090909,0.37714285714285717,0.5833333333333334,0.5952380952380952,0.0,0.0,0.0,0.0
bull_to_neutral,0.22,0.9,,-0.1,0,66,66,0.5909090909090909,0.37714285714285717,0.5833333333333334,0.5952380952380952,0.5909090909090909,0.37714285714285717,0.5833333333333334,0.5952380952380952,0.0,0.0,0.0,0.0
bull_to_bear,0.22,0.9,,-0.1,0,66,66,0.5909090909090909,0.37714285714285717,0.5833333333333334,0.5952380952380952,0.5909090909090909,0.37714285714285717,0.5833333333333334,0.5952380952380952,0.0,0.0,0.0,0.0
bull_to_neutral,0.22,0.9,0.0,,0,66,66,0.5909090909090909,0.37714285714285717,0.5833333333333334,0.5952380952380952,0.5909090909090909,0.37714285714285717,0.5833333333333334,0.5952380952380952,0.0,0.0,0.0,0.0
bull_to_bear,0.22,0.9,0.0,,0,66,66,0.5909090909090909,0.37714285714285717,0.5833333333333334,0.5952380952380952,0.5909090909090909,0.37714285714285717,0.5833333333333334,0.5952380952380952,0.0,0.0,0.0,0.0
bull_to_neutral,0.22,0.9,0.0,0.0,0,66,66,0.5909090909090909,0.37714285714285717,0.5833333333333334,0.5952380952380952,0.5909090909090909,0.37714285714285717,0.5833333333333334,0.5952380952380952,0.0,0.0,0.0,0.0
bull_to_bear,0.22,0.9,0.0,0.0,0,66,66,0.5909090909090909,0.37714285714285717,0.5833333333333334,0.5952380952380952,0.5909090909090909,0.37714285714285717,0.5833333333333334,0.5952380952380952,0.0,0.0,0.0,0.0
bull_to_neutral,0.22,0.9,0.0,-0.05,0,66,66,0.5909090909090909,0.37714285714285717,0.5833333333333334,0.5952380952380952,0.5909090909090909,0.37714285714285717,0.5833333333333334,0.5952380952380952,0.0,0.0,0.0,0.0
bull_to_bear,0.22,0.9,0.0,-0.05,0,66,66,0.5909090909090909,0.37714285714285717,0.5833333333333334,0.5952380952380952,0.5909090909090909,0.37714285714285717,0.5833333333333334,0.5952380952380952,0.0,0.0,0.0,0.0
bull_to_neutral,0.22,0.9,0.0,-0.1,0,66,66,0.5909090909090909,0.37714285714285717,0.5833333333333334,0.5952380952380952,0.5909090909090909,0.37714285714285717,0.5833333333333334,0.5952380952380952,0.0,0.0,0.0,0.0
bull_to_bear,0.22,0.9,0.0,-0.1,0,66,66,0.5909090909090909,0.37714285714285717,0.5833333333333334,0.5952380952380952,0.5909090909090909,0.37714285714285717,0.5833333333333334,0.5952380952380952,0.0,0.0,0.0,0.0
bull_to_neutral,0.22,0.9,5.0,,0,66,66,0.5909090909090909,0.37714285714285717,0.5833333333333334,0.5952380952380952,0.5909090909090909,0.37714285714285717,0.5833333333333334,0.5952380952380952,0.0,0.0,0.0,0.0
bull_to_bear,0.22,0.9,5.0,,0,66,66,0.5909090909090909,0.37714285714285717,0.5833333333333334,0.5952380952380952,0.5909090909090909,0.37714285714285717,0.5833333333333334,0.5952380952380952,0.0,0.0,0.0,0.0
bull_to_neutral,0.22,0.9,5.0,0.0,0,66,66,0.5909090909090909,0.37714285714285717,0.5833333333333334,0.5952380952380952,0.5909090909090909,0.37714285714285717,0.5833333333333334,0.5952380952380952,0.0,0.0,0.0,0.0
bull_to_bear,0.22,0.9,5.0,0.0,0,66,66,0.5909090909090909,0.37714285714285717,0.5833333333333334,0.5952380952380952,0.5909090909090909,0.37714285714285717,0.5833333333333334,0.5952380952380952,0.0,0.0,0.0,0.0
bull_to_neutral,0.22,0.9,5.0,-0.05,0,66,66,0.5909090909090909,0.37714285714285717,0.5833333333333334,0.5952380952380952,0.5909090909090909,0.37714285714285717,0.5833333333333334,0.5952380952380952,0.0,0.0,0.0,0.0
bull_to_bear,0.22,0.9,5.0,-0.05,0,66,66,0.5909090909090909,0.37714285714285717,0.5833333333333334,0.5952380952380952,0.5909090909090909,0.37714285714285717,0.5833333333333334,0.5952380952380952,0.0,0.0,0.0,0.0
bull_to_neutral,0.22,0.9,5.0,-0.1,0,66,66,0.5909090909090909,0.37714285714285717,0.5833333333333334,0.5952380952380952,0.5909090909090909,0.37714285714285717,0.5833333333333334,0.5952380952380952,0.0,0.0,0.0,0.0
bull_to_bear,0.22,0.9,5.0,-0.1,0,66,66,0.5909090909090909,0.37714285714285717,0.5833333333333334,0.5952380952380952,0.5909090909090909,0.37714285714285717,0.5833333333333334,0.5952380952380952,0.0,0.0,0.0,0.0
bull_to_neutral,0.22,0.9,10.0,,0,66,66,0.5909090909090909,0.37714285714285717,0.5833333333333334,0.5952380952380952,0.5909090909090909,0.37714285714285717,0.5833333333333334,0.5952380952380952,0.0,0.0,0.0,0.0
bull_to_bear,0.22,0.9,10.0,,0,66,66,0.5909090909090909,0.37714285714285717,0.5833333333333334,0.5952380952380952,0.5909090909090909,0.37714285714285717,0.5833333333333334,0.5952380952380952,0.0,0.0,0.0,0.0
bull_to_neutral,0.22,0.9,10.0,0.0,0,66,66,0.5909090909090909,0.37714285714285717,0.5833333333333334,0.5952380952380952,0.5909090909090909,0.37714285714285717,0.5833333333333334,0.5952380952380952,0.0,0.0,0.0,0.0
bull_to_bear,0.22,0.9,10.0,0.0,0,66,66,0.5909090909090909,0.37714285714285717,0.5833333333333334,0.5952380952380952,0.5909090909090909,0.37714285714285717,0.5833333333333334,0.5952380952380952,0.0,0.0,0.0,0.0
bull_to_neutral,0.22,0.9,10.0,-0.05,0,66,66,0.5909090909090909,0.37714285714285717,0.5833333333333334,0.5952380952380952,0.5909090909090909,0.37714285714285717,0.5833333333333334,0.5952380952380952,0.0,0.0,0.0,0.0
bull_to_bear,0.22,0.9,10.0,-0.05,0,66,66,0.5909090909090909,0.37714285714285717,0.5833333333333334,0.5952380952380952,0.5909090909090909,0.37714285714285717,0.5833333333333334,0.5952380952380952,0.0,0.0,0.0,0.0
bull_to_neutral,0.22,0.9,10.0,-0.1,0,66,66,0.5909090909090909,0.37714285714285717,0.5833333333333334,0.5952380952380952,0.5909090909090909,0.37714285714285717,0.5833333333333334,0.5952380952380952,0.0,0.0,0.0,0.0
bull_to_bear,0.22,0.9,10.0,-0.1,0,66,66,0.5909090909090909,0.37714285714285717,0.5833333333333334,0.5952380952380952,0.5909090909090909,0.37714285714285717,0.5833333333333334,0.5952380952380952,0.0,0.0,0.0,0.0
bull_to_neutral,0.22,0.9,15.0,,0,66,66,0.5909090909090909,0.37714285714285717,0.5833333333333334,0.5952380952380952,0.5909090909090909,0.37714285714285717,0.5833333333333334,0.5952380952380952,0.0,0.0,0.0,0.0
bull_to_bear,0.22,0.9,15.0,,0,66,66,0.5909090909090909,0.37714285714285717,0.5833333333333334,0.5952380952380952,0.5909090909090909,0.37714285714285717,0.5833333333333334,0.5952380952380952,0.0,0.0,0.0,0.0
bull_to_neutral,0.22,0.9,15.0,0.0,0,66,66,0.5909090909090909,0.37714285714285717,0.5833333333333334,0.5952380952380952,0.5909090909090909,0.37714285714285717,0.5833333333333334,0.5952380952380952,0.0,0.0,0.0,0.0
bull_to_bear,0.22,0.9,15.0,0.0,0,66,66,0.5909090909090909,0.37714285714285717,0.5833333333333334,0.5952380952380952,0.5909090909090909,0.37714285714285717,0.5833333333333334,0.5952380952380952,0.0,0.0,0.0,0.0
bull_to_neutral,0.22,0.9,15.0,-0.05,0,66,66,0.5909090909090909,0.37714285714285717,0.5833333333333334,0.5952380952380952,0.5909090909090909,0.37714285714285717,0.5833333333333334,0.5952380952380952,0.0,0.0,0.0,0.0
bull_to_bear,0.22,0.9,15.0,-0.05,0,66,66,0.5909090909090909,0.37714285714285717,0.5833333333333334,0.5952380952380952,0.5909090909090909,0.37714285714285717,0.5833333333333334,0.5952380952380952,0.0,0.0,0.0,0.0
bull_to_neutral,0.22,0.9,15.0,-0.1,0,66,66,0.5909090909090909,0.37714285714285717,0.5833333333333334,0.5952380952380952,0.5909090909090909,0.37714285714285717,0.5833333333333334,0.5952380952380952,0.0,0.0,0.0,0.0
bull_to_bear,0.22,0.9,15.0,-0.1,0,66,66,0.5909090909090909,0.37714285714285717,0.5833333333333334,0.5952380952380952,0.5909090909090909,0.37714285714285717,0.5833333333333334,0.5952380952380952,0.0,0.0,0.0,0.0
bull_to_neutral,0.25,1.0,,,2,64,66,0.5909090909090909,0.37714285714285717,0.5833333333333334,0.5952380952380952,0.59375,0.3657142857142857,0.5909090909090909,0.5952380952380952,0.0028409090909090606,-0.011428571428571455,0.007575757575757569,0.0
bull_to_bear,0.25,1.0,,,2,66,66,0.5909090909090909,0.37714285714285717,0.5833333333333334,0.5952380952380952,0.5909090909090909,0.37714285714285717,0.5909090909090909,0.5909090909090909,0.0,0.0,0.007575757575757569,-0.0043290043290042934
bull_to_neutral,0.25,1.0,,0.0,2,64,66,0.5909090909090909,0.37714285714285717,0.5833333333333334,0.5952380952380952,0.59375,0.3657142857142857,0.5909090909090909,0.5952380952380952,0.0028409090909090606,-0.011428571428571455,0.007575757575757569,0.0
bull_to_bear,0.25,1.0,,0.0,2,66,66,0.5909090909090909,0.37714285714285717,0.5833333333333334,0.5952380952380952,0.5909090909090909,0.37714285714285717,0.5909090909090909,0.5909090909090909,0.0,0.0,0.007575757575757569,-0.0043290043290042934
bull_to_neutral,0.25,1.0,,-0.05,1,65,66,0.5909090909090909,0.37714285714285717,0.5833333333333334,0.5952380952380952,0.5846153846153846,0.37142857142857144,0.5652173913043478,0.5952380952380952,-0.0062937062937062915,-0.005714285714285727,-0.018115942028985588,0.0
bull_to_bear,0.25,1.0,,-0.05,1,66,66,0.5909090909090909,0.37714285714285717,0.5833333333333334,0.5952380952380952,0.5757575757575758,0.37714285714285717,0.5652173913043478,0.5813953488372093,-0.015151515151515138,0.0,-0.018115942028985588,-0.013842746400885897
bull_to_neutral,0.25,1.0,,-0.1,1,65,66,0.5909090909090909,0.37714285714285717,0.5833333333333334,0.5952380952380952,0.5846153846153846,0.37142857142857144,0.5652173913043478,0.5952380952380952,-0.0062937062937062915,-0.005714285714285727,-0.018115942028985588,0.0
bull_to_bear,0.25,1.0,,-0.1,1,66,66,0.5909090909090909,0.37714285714285717,0.5833333333333334,0.5952380952380952,0.5757575757575758,0.37714285714285717,0.5652173913043478,0.5813953488372093,-0.015151515151515138,0.0,-0.018115942028985588,-0.013842746400885897
bull_to_neutral,0.25,1.0,0.0,,0,66,66,0.5909090909090909,0.37714285714285717,0.5833333333333334,0.5952380952380952,0.5909090909090909,0.37714285714285717,0.5833333333333334,0.5952380952380952,0.0,0.0,0.0,0.0
bull_to_bear,0.25,1.0,0.0,,0,66,66,0.5909090909090909,0.37714285714285717,0.5833333333333334,0.5952380952380952,0.5909090909090909,0.37714285714285717,0.5833333333333334,0.5952380952380952,0.0,0.0,0.0,0.0
bull_to_neutral,0.25,1.0,0.0,0.0,0,66,66,0.5909090909090909,0.37714285714285717,0.5833333333333334,0.5952380952380952,0.5909090909090909,0.37714285714285717,0.5833333333333334,0.5952380952380952,0.0,0.0,0.0,0.0
bull_to_bear,0.25,1.0,0.0,0.0,0,66,66,0.5909090909090909,0.37714285714285717,0.5833333333333334,0.5952380952380952,0.5909090909090909,0.37714285714285717,0.5833333333333334,0.5952380952380952,0.0,0.0,0.0,0.0
bull_to_neutral,0.25,1.0,0.0,-0.05,0,66,66,0.5909090909090909,0.37714285714285717,0.5833333333333334,0.5952380952380952,0.5909090909090909,0.37714285714285717,0.5833333333333334,0.5952380952380952,0.0,0.0,0.0,0.0
bull_to_bear,0.25,1.0,0.0,-0.05,0,66,66,0.5909090909090909,0.37714285714285717,0.5833333333333334,0.5952380952380952,0.5909090909090909,0.37714285714285717,0.5833333333333334,0.5952380952380952,0.0,0.0,0.0,0.0
bull_to_neutral,0.25,1.0,0.0,-0.1,0,66,66,0.5909090909090909,0.37714285714285717,0.5833333333333334,0.5952380952380952,0.5909090909090909,0.37714285714285717,0.5833333333333334,0.5952380952380952,0.0,0.0,0.0,0.0
bull_to_bear,0.25,1.0,0.0,-0.1,0,66,66,0.5909090909090909,0.37714285714285717,0.5833333333333334,0.5952380952380952,0.5909090909090909,0.37714285714285717,0.5833333333333334,0.5952380952380952,0.0,0.0,0.0,0.0
bull_to_neutral,0.25,1.0,5.0,,0,66,66,0.5909090909090909,0.37714285714285717,0.5833333333333334,0.5952380952380952,0.5909090909090909,0.37714285714285717,0.5833333333333334,0.5952380952380952,0.0,0.0,0.0,0.0
bull_to_bear,0.25,1.0,5.0,,0,66,66,0.5909090909090909,0.37714285714285717,0.5833333333333334,0.5952380952380952,0.5909090909090909,0.37714285714285717,0.5833333333333334,0.5952380952380952,0.0,0.0,0.0,0.0
bull_to_neutral,0.25,1.0,5.0,0.0,0,66,66,0.5909090909090909,0.37714285714285717,0.5833333333333334,0.5952380952380952,0.5909090909090909,0.37714285714285717,0.5833333333333334,0.5952380952380952,0.0,0.0,0.0,0.0
bull_to_bear,0.25,1.0,5.0,0.0,0,66,66,0.5909090909090909,0.37714285714285717,0.5833333333333334,0.5952380952380952,0.5909090909090909,0.37714285714285717,0.5833333333333334,0.5952380952380952,0.0,0.0,0.0,0.0
bull_to_neutral,0.25,1.0,5.0,-0.05,0,66,66,0.5909090909090909,0.37714285714285717,0.5833333333333334,0.5952380952380952,0.5909090909090909,0.37714285714285717,0.5833333333333334,0.5952380952380952,0.0,0.0,0.0,0.0
bull_to_bear,0.25,1.0,5.0,-0.05,0,66,66,0.5909090909090909,0.37714285714285717,0.5833333333333334,0.5952380952380952,0.5909090909090909,0.37714285714285717,0.5833333333333334,0.5952380952380952,0.0,0.0,0.0,0.0
bull_to_neutral,0.25,1.0,5.0,-0.1,0,66,66,0.5909090909090909,0.37714285714285717,0.5833333333333334,0.5952380952380952,0.5909090909090909,0.37714285714285717,0.5833333333333334,0.5952380952380952,0.0,0.0,0.0,0.0
bull_to_bear,0.25,1.0,5.0,-0.1,0,66,66,0.5909090909090909,0.37714285714285717,0.5833333333333334,0.5952380952380952,0.5909090909090909,0.37714285714285717,0.5833333333333334,0.5952380952380952,0.0,0.0,0.0,0.0
bull_to_neutral,0.25,1.0,10.0,,0,66,66,0.5909090909090909,0.37714285714285717,0.5833333333333334,0.5952380952380952,0.5909090909090909,0.37714285714285717,0.5833333333333334,0.5952380952380952,0.0,0.0,0.0,0.0
bull_to_bear,0.25,1.0,10.0,,0,66,66,0.5909090909090909,0.37714285714285717,0.5833333333333334,0.5952380952380952,0.5909090909090909,0.37714285714285717,0.5833333333333334,0.5952380952380952,0.0,0.0,0.0,0.0
bull_to_neutral,0.25,1.0,10.0,0.0,0,66,66,0.5909090909090909,0.37714285714285717,0.5833333333333334,0.5952380952380952,0.5909090909090909,0.37714285714285717,0.5833333333333334,0.5952380952380952,0.0,0.0,0.0,0.0
bull_to_bear,0.25,1.0,10.0,0.0,0,66,66,0.5909090909090909,0.37714285714285717,0.5833333333333334,0.5952380952380952,0.5909090909090909,0.37714285714285717,0.5833333333333334,0.5952380952380952,0.0,0.0,0.0,0.0
bull_to_neutral,0.25,1.0,10.0,-0.05,0,66,66,0.5909090909090909,0.37714285714285717,0.5833333333333334,0.5952380952380952,0.5909090909090909,0.37714285714285717,0.5833333333333334,0.5952380952380952,0.0,0.0,0.0,0.0
bull_to_bear,0.25,1.0,10.0,-0.05,0,66,66,0.5909090909090909,0.37714285714285717,0.5833333333333334,0.5952380952380952,0.5909090909090909,0.37714285714285717,0.5833333333333334,0.5952380952380952,0.0,0.0,0.0,0.0
bull_to_neutral,0.25,1.0,10.0,-0.1,0,66,66,0.5909090909090909,0.37714285714285717,0.5833333333333334,0.5952380952380952,0.5909090909090909,0.37714285714285717,0.5833333333333334,0.5952380952380952,0.0,0.0,0.0,0.0
bull_to_bear,0.25,1.0,10.0,-0.1,0,66,66,0.5909090909090909,0.37714285714285717,0.5833333333333334,0.5952380952380952,0.5909090909090909,0.37714285714285717,0.5833333333333334,0.5952380952380952,0.0,0.0,0.0,0.0
bull_to_neutral,0.25,1.0,15.0,,0,66,66,0.5909090909090909,0.37714285714285717,0.5833333333333334,0.5952380952380952,0.5909090909090909,0.37714285714285717,0.5833333333333334,0.5952380952380952,0.0,0.0,0.0,0.0
bull_to_bear,0.25,1.0,15.0,,0,66,66,0.5909090909090909,0.37714285714285717,0.5833333333333334,0.5952380952380952,0.5909090909090909,0.37714285714285717,0.5833333333333334,0.5952380952380952,0.0,0.0,0.0,0.0
bull_to_neutral,0.25,1.0,15.0,0.0,0,66,66,0.5909090909090909,0.37714285714285717,0.5833333333333334,0.5952380952380952,0.5909090909090909,0.37714285714285717,0.5833333333333334,0.5952380952380952,0.0,0.0,0.0,0.0
bull_to_bear,0.25,1.0,15.0,0.0,0,66,66,0.5909090909090909,0.37714285714285717,0.5833333333333334,0.5952380952380952,0.5909090909090909,0.37714285714285717,0.5833333333333334,0.5952380952380952,0.0,0.0,0.0,0.0
bull_to_neutral,0.25,1.0,15.0,-0.05,0,66,66,0.5909090909090909,0.37714285714285717,0.5833333333333334,0.5952380952380952,0.5909090909090909,0.37714285714285717,0.5833333333333334,0.5952380952380952,0.0,0.0,0.0,0.0
bull_to_bear,0.25,1.0,15.0,-0.05,0,66,66,0.5909090909090909,0.37714285714285717,0.5833333333333334,0.5952380952380952,0.5909090909090909,0.37714285714285717,0.5833333333333334,0.5952380952380952,0.0,0.0,0.0,0.0
bull_to_neutral,0.25,1.0,15.0,-0.1,0,66,66,0.5909090909090909,0.37714285714285717,0.5833333333333334,0.5952380952380952,0.5909090909090909,0.37714285714285717,0.5833333333333334,0.5952380952380952,0.0,0.0,0.0,0.0
bull_to_bear,0.25,1.0,15.0,-0.1,0,66,66,0.5909090909090909,0.37714285714285717,0.5833333333333334,0.5952380952380952,0.5909090909090909,0.37714285714285717,0.5833333333333334,0.5952380952380952,0.0,0.0,0.0,0.0
bull_to_neutral,0.25,0.99,,,0,66,66,0.5909090909090909,0.37714285714285717,0.5833333333333334,0.5952380952380952,0.5909090909090909,0.37714285714285717,0.5833333333333334,0.5952380952380952,0.0,0.0,0.0,0.0
bull_to_bear,0.25,0.99,,,0,66,66,0.5909090909090909,0.37714285714285717,0.5833333333333334,0.5952380952380952,0.5909090909090909,0.37714285714285717,0.5833333333333334,0.5952380952380952,0.0,0.0,0.0,0.0
bull_to_neutral,0.25,0.99,,0.0,0,66,66,0.5909090909090909,0.37714285714285717,0.5833333333333334,0.5952380952380952,0.5909090909090909,0.37714285714285717,0.5833333333333334,0.5952380952380952,0.0,0.0,0.0,0.0
bull_to_bear,0.25,0.99,,0.0,0,66,66,0.5909090909090909,0.37714285714285717,0.5833333333333334,0.5952380952380952,0.5909090909090909,0.37714285714285717,0.5833333333333334,0.5952380952380952,0.0,0.0,0.0,0.0
bull_to_neutral,0.25,0.99,,-0.05,0,66,66,0.5909090909090909,0.37714285714285717,0.5833333333333334,0.5952380952380952,0.5909090909090909,0.37714285714285717,0.5833333333333334,0.5952380952380952,0.0,0.0,0.0,0.0
bull_to_bear,0.25,0.99,,-0.05,0,66,66,0.5909090909090909,0.37714285714285717,0.5833333333333334,0.5952380952380952,0.5909090909090909,0.37714285714285717,0.5833333333333334,0.5952380952380952,0.0,0.0,0.0,0.0
bull_to_neutral,0.25,0.99,,-0.1,0,66,66,0.5909090909090909,0.37714285714285717,0.5833333333333334,0.5952380952380952,0.5909090909090909,0.37714285714285717,0.5833333333333334,0.5952380952380952,0.0,0.0,0.0,0.0
bull_to_bear,0.25,0.99,,-0.1,0,66,66,0.5909090909090909,0.37714285714285717,0.5833333333333334,0.5952380952380952,0.5909090909090909,0.37714285714285717,0.5833333333333334,0.5952380952380952,0.0,0.0,0.0,0.0
bull_to_neutral,0.25,0.99,0.0,,0,66,66,0.5909090909090909,0.37714285714285717,0.5833333333333334,0.5952380952380952,0.5909090909090909,0.37714285714285717,0.5833333333333334,0.5952380952380952,0.0,0.0,0.0,0.0
bull_to_bear,0.25,0.99,0.0,,0,66,66,0.5909090909090909,0.37714285714285717,0.5833333333333334,0.5952380952380952,0.5909090909090909,0.37714285714285717,0.5833333333333334,0.5952380952380952,0.0,0.0,0.0,0.0
bull_to_neutral,0.25,0.99,0.0,0.0,0,66,66,0.5909090909090909,0.37714285714285717,0.5833333333333334,0.5952380952380952,0.5909090909090909,0.37714285714285717,0.5833333333333334,0.5952380952380952,0.0,0.0,0.0,0.0
bull_to_bear,0.25,0.99,0.0,0.0,0,66,66,0.5909090909090909,0.37714285714285717,0.5833333333333334,0.5952380952380952,0.5909090909090909,0.37714285714285717,0.5833333333333334,0.5952380952380952,0.0,0.0,0.0,0.0
bull_to_neutral,0.25,0.99,0.0,-0.05,0,66,66,0.5909090909090909,0.37714285714285717,0.5833333333333334,0.5952380952380952,0.5909090909090909,0.37714285714285717,0.5833333333333334,0.5952380952380952,0.0,0.0,0.0,0.0
bull_to_bear,0.25,0.99,0.0,-0.05,0,66,66,0.5909090909090909,0.37714285714285717,0.5833333333333334,0.5952380952380952,0.5909090909090909,0.37714285714285717,0.5833333333333334,0.5952380952380952,0.0,0.0,0.0,0.0
bull_to_neutral,0.25,0.99,0.0,-0.1,0,66,66,0.5909090909090909,0.37714285714285717,0.5833333333333334,0.5952380952380952,0.5909090909090909,0.37714285714285717,0.5833333333333334,0.5952380952380952,0.0,0.0,0.0,0.0
bull_to_bear,0.25,0.99,0.0,-0.1,0,66,66,0.5909090909090909,0.37714285714285717,0.5833333333333334,0.5952380952380952,0.5909090909090909,0.37714285714285717,0.5833333333333334,0.5952380952380952,0.0,0.0,0.0,0.0
bull_to_neutral,0.25,0.99,5.0,,0,66,66,0.5909090909090909,0.37714285714285717,0.5833333333333334,0.5952380952380952,0.5909090909090909,0.37714285714285717,0.5833333333333334,0.5952380952380952,0.0,0.0,0.0,0.0
bull_to_bear,0.25,0.99,5.0,,0,66,66,0.5909090909090909,0.37714285714285717,0.5833333333333334,0.5952380952380952,0.5909090909090909,0.37714285714285717,0.5833333333333334,0.5952380952380952,0.0,0.0,0.0,0.0
bull_to_neutral,0.25,0.99,5.0,0.0,0,66,66,0.5909090909090909,0.37714285714285717,0.5833333333333334,0.5952380952380952,0.5909090909090909,0.37714285714285717,0.5833333333333334,0.5952380952380952,0.0,0.0,0.0,0.0
bull_to_bear,0.25,0.99,5.0,0.0,0,66,66,0.5909090909090909,0.37714285714285717,0.5833333333333334,0.5952380952380952,0.5909090909090909,0.37714285714285717,0.5833333333333334,0.5952380952380952,0.0,0.0,0.0,0.0
bull_to_neutral,0.25,0.99,5.0,-0.05,0,66,66,0.5909090909090909,0.37714285714285717,0.5833333333333334,0.5952380952380952,0.5909090909090909,0.37714285714285717,0.5833333333333334,0.5952380952380952,0.0,0.0,0.0,0.0
bull_to_bear,0.25,0.99,5.0,-0.05,0,66,66,0.5909090909090909,0.37714285714285717,0.5833333333333334,0.5952380952380952,0.5909090909090909,0.37714285714285717,0.5833333333333334,0.5952380952380952,0.0,0.0,0.0,0.0
bull_to_neutral,0.25,0.99,5.0,-0.1,0,66,66,0.5909090909090909,0.37714285714285717,0.5833333333333334,0.5952380952380952,0.5909090909090909,0.37714285714285717,0.5833333333333334,0.5952380952380952,0.0,0.0,0.0,0.0
bull_to_bear,0.25,0.99,5.0,-0.1,0,66,66,0.5909090909090909,0.37714285714285717,0.5833333333333334,0.5952380952380952,0.5909090909090909,0.37714285714285717,0.5833333333333334,0.5952380952380952,0.0,0.0,0.0,0.0
bull_to_neutral,0.25,0.99,10.0,,0,66,66,0.5909090909090909,0.37714285714285717,0.5833333333333334,0.5952380952380952,0.5909090909090909,0.37714285714285717,0.5833333333333334,0.5952380952380952,0.0,0.0,0.0,0.0
bull_to_bear,0.25,0.99,10.0,,0,66,66,0.5909090909090909,0.37714285714285717,0.5833333333333334,0.5952380952380952,0.5909090909090909,0.37714285714285717,0.5833333333333334,0.5952380952380952,0.0,0.0,0.0,0.0
bull_to_neutral,0.25,0.99,10.0,0.0,0,66,66,0.5909090909090909,0.37714285714285717,0.5833333333333334,0.5952380952380952,0.5909090909090909,0.37714285714285717,0.5833333333333334,0.5952380952380952,0.0,0.0,0.0,0.0
bull_to_bear,0.25,0.99,10.0,0.0,0,66,66,0.5909090909090909,0.37714285714285717,0.5833333333333334,0.5952380952380952,0.5909090909090909,0.37714285714285717,0.5833333333333334,0.5952380952380952,0.0,0.0,0.0,0.0
bull_to_neutral,0.25,0.99,10.0,-0.05,0,66,66,0.5909090909090909,0.37714285714285717,0.5833333333333334,0.5952380952380952,0.5909090909090909,0.37714285714285717,0.5833333333333334,0.5952380952380952,0.0,0.0,0.0,0.0
bull_to_bear,0.25,0.99,10.0,-0.05,0,66,66,0.5909090909090909,0.37714285714285717,0.5833333333333334,0.5952380952380952,0.5909090909090909,0.37714285714285717,0.5833333333333334,0.5952380952380952,0.0,0.0,0.0,0.0
bull_to_neutral,0.25,0.99,10.0,-0.1,0,66,66,0.5909090909090909,0.37714285714285717,0.5833333333333334,0.5952380952380952,0.5909090909090909,0.37714285714285717,0.5833333333333334,0.5952380952380952,0.0,0.0,0.0,0.0
bull_to_bear,0.25,0.99,10.0,-0.1,0,66,66,0.5909090909090909,0.37714285714285717,0.5833333333333334,0.5952380952380952,0.5909090909090909,0.37714285714285717,0.5833333333333334,0.5952380952380952,0.0,0.0,0.0,0.0
bull_to_neutral,0.25,0.99,15.0,,0,66,66,0.5909090909090909,0.37714285714285717,0.5833333333333334,0.5952380952380952,0.5909090909090909,0.37714285714285717,0.5833333333333334,0.5952380952380952,0.0,0.0,0.0,0.0
bull_to_bear,0.25,0.99,15.0,,0,66,66,0.5909090909090909,0.37714285714285717,0.5833333333333334,0.5952380952380952,0.5909090909090909,0.37714285714285717,0.5833333333333334,0.5952380952380952,0.0,0.0,0.0,0.0
bull_to_neutral,0.25,0.99,15.0,0.0,0,66,66,0.5909090909090909,0.37714285714285717,0.5833333333333334,0.5952380952380952,0.5909090909090909,0.37714285714285717,0.5833333333333334,0.5952380952380952,0.0,0.0,0.0,0.0
bull_to_bear,0.25,0.99,15.0,0.0,0,66,66,0.5909090909090909,0.37714285714285717,0.5833333333333334,0.5952380952380952,0.5909090909090909,0.37714285714285717,0.5833333333333334,0.5952380952380952,0.0,0.0,0.0,0.0
bull_to_neutral,0.25,0.99,15.0,-0.05,0,66,66,0.5909090909090909,0.37714285714285717,0.5833333333333334,0.5952380952380952,0.5909090909090909,0.37714285714285717,0.5833333333333334,0.5952380952380952,0.0,0.0,0.0,0.0
bull_to_bear,0.25,0.99,15.0,-0.05,0,66,66,0.5909090909090909,0.37714285714285717,0.5833333333333334,0.5952380952380952,0.5909090909090909,0.37714285714285717,0.5833333333333334,0.5952380952380952,0.0,0.0,0.0,0.0
bull_to_neutral,0.25,0.99,15.0,-0.1,0,66,66,0.5909090909090909,0.37714285714285717,0.5833333333333334,0.5952380952380952,0.5909090909090909,0.37714285714285717,0.5833333333333334,0.5952380952380952,0.0,0.0,0.0,0.0
bull_to_bear,0.25,0.99,15.0,-0.1,0,66,66,0.5909090909090909,0.37714285714285717,0.5833333333333334,0.5952380952380952,0.5909090909090909,0.37714285714285717,0.5833333333333334,0.5952380952380952,0.0,0.0,0.0,0.0
bull_to_neutral,0.25,0.98,,,0,66,66,0.5909090909090909,0.37714285714285717,0.5833333333333334,0.5952380952380952,0.5909090909090909,0.37714285714285717,0.5833333333333334,0.5952380952380952,0.0,0.0,0.0,0.0
bull_to_bear,0.25,0.98,,,0,66,66,0.5909090909090909,0.37714285714285717,0.5833333333333334,0.5952380952380952,0.5909090909090909,0.37714285714285717,0.5833333333333334,0.5952380952380952,0.0,0.0,0.0,0.0
bull_to_neutral,0.25,0.98,,0.0,0,66,66,0.5909090909090909,0.37714285714285717,0.5833333333333334,0.5952380952380952,0.5909090909090909,0.37714285714285717,0.5833333333333334,0.5952380952380952,0.0,0.0,0.0,0.0
bull_to_bear,0.25,0.98,,0.0,0,66,66,0.5909090909090909,0.37714285714285717,0.5833333333333334,0.5952380952380952,0.5909090909090909,0.37714285714285717,0.5833333333333334,0.5952380952380952,0.0,0.0,0.0,0.0
bull_to_neutral,0.25,0.98,,-0.05,0,66,66,0.5909090909090909,0.37714285714285717,0.5833333333333334,0.5952380952380952,0.5909090909090909,0.37714285714285717,0.5833333333333334,0.5952380952380952,0.0,0.0,0.0,0.0
bull_to_bear,0.25,0.98,,-0.05,0,66,66,0.5909090909090909,0.37714285714285717,0.5833333333333334,0.5952380952380952,0.5909090909090909,0.37714285714285717,0.5833333333333334,0.5952380952380952,0.0,0.0,0.0,0.0
bull_to_neutral,0.25,0.98,,-0.1,0,66,66,0.5909090909090909,0.37714285714285717,0.5833333333333334,0.5952380952380952,0.5909090909090909,0.37714285714285717,0.5833333333333334,0.5952380952380952,0.0,0.0,0.0,0.0
bull_to_bear,0.25,0.98,,-0.1,0,66,66,0.5909090909090909,0.37714285714285717,0.5833333333333334,0.5952380952380952,0.5909090909090909,0.37714285714285717,0.5833333333333334,0.5952380952380952,0.0,0.0,0.0,0.0
bull_to_neutral,0.25,0.98,0.0,,0,66,66,0.5909090909090909,0.37714285714285717,0.5833333333333334,0.5952380952380952,0.5909090909090909,0.37714285714285717,0.5833333333333334,0.5952380952380952,0.0,0.0,0.0,0.0
bull_to_bear,0.25,0.98,0.0,,0,66,66,0.5909090909090909,0.37714285714285717,0.5833333333333334,0.5952380952380952,0.5909090909090909,0.37714285714285717,0.5833333333333334,0.5952380952380952,0.0,0.0,0.0,0.0
bull_to_neutral,0.25,0.98,0.0,0.0,0,66,66,0.5909090909090909,0.37714285714285717,0.5833333333333334,0.5952380952380952,0.5909090909090909,0.37714285714285717,0.5833333333333334,0.5952380952380952,0.0,0.0,0.0,0.0
bull_to_bear,0.25,0.98,0.0,0.0,0,66,66,0.5909090909090909,0.37714285714285717,0.5833333333333334,0.5952380952380952,0.5909090909090909,0.37714285714285717,0.5833333333333334,0.5952380952380952,0.0,0.0,0.0,0.0
bull_to_neutral,0.25,0.98,0.0,-0.05,0,66,66,0.5909090909090909,0.37714285714285717,0.5833333333333334,0.5952380952380952,0.5909090909090909,0.37714285714285717,0.5833333333333334,0.5952380952380952,0.0,0.0,0.0,0.0
bull_to_bear,0.25,0.98,0.0,-0.05,0,66,66,0.5909090909090909,0.37714285714285717,0.5833333333333334,0.5952380952380952,0.5909090909090909,0.37714285714285717,0.5833333333333334,0.5952380952380952,0.0,0.0,0.0,0.0
bull_to_neutral,0.25,0.98,0.0,-0.1,0,66,66,0.5909090909090909,0.37714285714285717,0.5833333333333334,0.5952380952380952,0.5909090909090909,0.37714285714285717,0.5833333333333334,0.5952380952380952,0.0,0.0,0.0,0.0
bull_to_bear,0.25,0.98,0.0,-0.1,0,66,66,0.5909090909090909,0.37714285714285717,0.5833333333333334,0.5952380952380952,0.5909090909090909,0.37714285714285717,0.5833333333333334,0.5952380952380952,0.0,0.0,0.0,0.0
bull_to_neutral,0.25,0.98,5.0,,0,66,66,0.5909090909090909,0.37714285714285717,0.5833333333333334,0.5952380952380952,0.5909090909090909,0.37714285714285717,0.5833333333333334,0.5952380952380952,0.0,0.0,0.0,0.0
bull_to_bear,0.25,0.98,5.0,,0,66,66,0.5909090909090909,0.37714285714285717,0.5833333333333334,0.5952380952380952,0.5909090909090909,0.37714285714285717,0.5833333333333334,0.5952380952380952,0.0,0.0,0.0,0.0
bull_to_neutral,0.25,0.98,5.0,0.0,0,66,66,0.5909090909090909,0.37714285714285717,0.5833333333333334,0.5952380952380952,0.5909090909090909,0.37714285714285717,0.5833333333333334,0.5952380952380952,0.0,0.0,0.0,0.0
bull_to_bear,0.25,0.98,5.0,0.0,0,66,66,0.5909090909090909,0.37714285714285717,0.5833333333333334,0.5952380952380952,0.5909090909090909,0.37714285714285717,0.5833333333333334,0.5952380952380952,0.0,0.0,0.0,0.0
bull_to_neutral,0.25,0.98,5.0,-0.05,0,66,66,0.5909090909090909,0.37714285714285717,0.5833333333333334,0.5952380952380952,0.5909090909090909,0.37714285714285717,0.5833333333333334,0.5952380952380952,0.0,0.0,0.0,0.0
bull_to_bear,0.25,0.98,5.0,-0.05,0,66,66,0.5909090909090909,0.37714285714285717,0.5833333333333334,0.5952380952380952,0.5909090909090909,0.37714285714285717,0.5833333333333334,0.5952380952380952,0.0,0.0,0.0,0.0
bull_to_neutral,0.25,0.98,5.0,-0.1,0,66,66,0.5909090909090909,0.37714285714285717,0.5833333333333334,0.5952380952380952,0.5909090909090909,0.37714285714285717,0.5833333333333334,0.5952380952380952,0.0,0.0,0.0,0.0
bull_to_bear,0.25,0.98,5.0,-0.1,0,66,66,0.5909090909090909,0.37714285714285717,0.5833333333333334,0.5952380952380952,0.5909090909090909,0.37714285714285717,0.5833333333333334,0.5952380952380952,0.0,0.0,0.0,0.0
bull_to_neutral,0.25,0.98,10.0,,0,66,66,0.5909090909090909,0.37714285714285717,0.5833333333333334,0.5952380952380952,0.5909090909090909,0.37714285714285717,0.5833333333333334,0.5952380952380952,0.0,0.0,0.0,0.0
bull_to_bear,0.25,0.98,10.0,,0,66,66,0.5909090909090909,0.37714285714285717,0.5833333333333334,0.5952380952380952,0.5909090909090909,0.37714285714285717,0.5833333333333334,0.5952380952380952,0.0,0.0,0.0,0.0
bull_to_neutral,0.25,0.98,10.0,0.0,0,66,66,0.5909090909090909,0.37714285714285717,0.5833333333333334,0.5952380952380952,0.5909090909090909,0.37714285714285717,0.5833333333333334,0.5952380952380952,0.0,0.0,0.0,0.0
bull_to_bear,0.25,0.98,10.0,0.0,0,66,66,0.5909090909090909,0.37714285714285717,0.5833333333333334,0.5952380952380952,0.5909090909090909,0.37714285714285717,0.5833333333333334,0.5952380952380952,0.0,0.0,0.0,0.0
bull_to_neutral,0.25,0.98,10.0,-0.05,0,66,66,0.5909090909090909,0.37714285714285717,0.5833333333333334,0.5952380952380952,0.5909090909090909,0.37714285714285717,0.5833333333333334,0.5952380952380952,0.0,0.0,0.0,0.0
bull_to_bear,0.25,0.98,10.0,-0.05,0,66,66,0.5909090909090909,0.37714285714285717,0.5833333333333334,0.5952380952380952,0.5909090909090909,0.37714285714285717,0.5833333333333334,0.5952380952380952,0.0,0.0,0.0,0.0
bull_to_neutral,0.25,0.98,10.0,-0.1,0,66,66,0.5909090909090909,0.37714285714285717,0.5833333333333334,0.5952380952380952,0.5909090909090909,0.37714285714285717,0.5833333333333334,0.5952380952380952,0.0,0.0,0.0,0.0
bull_to_bear,0.25,0.98,10.0,-0.1,0,66,66,0.5909090909090909,0.37714285714285717,0.5833333333333334,0.5952380952380952,0.5909090909090909,0.37714285714285717,0.5833333333333334,0.5952380952380952,0.0,0.0,0.0,0.0
bull_to_neutral,0.25,0.98,15.0,,0,66,66,0.5909090909090909,0.37714285714285717,0.5833333333333334,0.5952380952380952,0.5909090909090909,0.37714285714285717,0.5833333333333334,0.5952380952380952,0.0,0.0,0.0,0.0
bull_to_bear,0.25,0.98,15.0,,0,66,66,0.5909090909090909,0.37714285714285717,0.5833333333333334,0.5952380952380952,0.5909090909090909,0.37714285714285717,0.5833333333333334,0.5952380952380952,0.0,0.0,0.0,0.0
bull_to_neutral,0.25,0.98,15.0,0.0,0,66,66,0.5909090909090909,0.37714285714285717,0.5833333333333334,0.5952380952380952,0.5909090909090909,0.37714285714285717,0.5833333333333334,0.5952380952380952,0.0,0.0,0.0,0.0
bull_to_bear,0.25,0.98,15.0,0.0,0,66,66,0.5909090909090909,0.37714285714285717,0.5833333333333334,0.5952380952380952,0.5909090909090909,0.37714285714285717,0.5833333333333334,0.5952380952380952,0.0,0.0,0.0,0.0
bull_to_neutral,0.25,0.98,15.0,-0.05,0,66,66,0.5909090909090909,0.37714285714285717,0.5833333333333334,0.5952380952380952,0.5909090909090909,0.37714285714285717,0.5833333333333334,0.5952380952380952,0.0,0.0,0.0,0.0
bull_to_bear,0.25,0.98,15.0,-0.05,0,66,66,0.5909090909090909,0.37714285714285717,0.5833333333333334,0.5952380952380952,0.5909090909090909,0.37714285714285717,0.5833333333333334,0.5952380952380952,0.0,0.0,0.0,0.0
bull_to_neutral,0.25,0.98,15.0,-0.1,0,66,66,0.5909090909090909,0.37714285714285717,0.5833333333333334,0.5952380952380952,0.5909090909090909,0.37714285714285717,0.5833333333333334,0.5952380952380952,0.0,0.0,0.0,0.0
bull_to_bear,0.25,0.98,15.0,-0.1,0,66,66,0.5909090909090909,0.37714285714285717,0.5833333333333334,0.5952380952380952,0.5909090909090909,0.37714285714285717,0.5833333333333334,0.5952380952380952,0.0,0.0,0.0,0.0
bull_to_neutral,0.25,0.97,,,0,66,66,0.5909090909090909,0.37714285714285717,0.5833333333333334,0.5952380952380952,0.5909090909090909,0.37714285714285717,0.5833333333333334,0.5952380952380952,0.0,0.0,0.0,0.0
bull_to_bear,0.25,0.97,,,0,66,66,0.5909090909090909,0.37714285714285717,0.5833333333333334,0.5952380952380952,0.5909090909090909,0.37714285714285717,0.5833333333333334,0.5952380952380952,0.0,0.0,0.0,0.0
bull_to_neutral,0.25,0.97,,0.0,0,66,66,0.5909090909090909,0.37714285714285717,0.5833333333333334,0.5952380952380952,0.5909090909090909,0.37714285714285717,0.5833333333333334,0.5952380952380952,0.0,0.0,0.0,0.0
bull_to_bear,0.25,0.97,,0.0,0,66,66,0.5909090909090909,0.37714285714285717,0.5833333333333334,0.5952380952380952,0.5909090909090909,0.37714285714285717,0.5833333333333334,0.5952380952380952,0.0,0.0,0.0,0.0
bull_to_neutral,0.25,0.97,,-0.05,0,66,66,0.5909090909090909,0.37714285714285717,0.5833333333333334,0.5952380952380952,0.5909090909090909,0.37714285714285717,0.5833333333333334,0.5952380952380952,0.0,0.0,0.0,0.0
bull_to_bear,0.25,0.97,,-0.05,0,66,66,0.5909090909090909,0.37714285714285717,0.5833333333333334,0.5952380952380952,0.5909090909090909,0.37714285714285717,0.5833333333333334,0.5952380952380952,0.0,0.0,0.0,0.0
bull_to_neutral,0.25,0.97,,-0.1,0,66,66,0.5909090909090909,0.37714285714285717,0.5833333333333334,0.5952380952380952,0.5909090909090909,0.37714285714285717,0.5833333333333334,0.5952380952380952,0.0,0.0,0.0,0.0
bull_to_bear,0.25,0.97,,-0.1,0,66,66,0.5909090909090909,0.37714285714285717,0.5833333333333334,0.5952380952380952,0.5909090909090909,0.37714285714285717,0.5833333333333334,0.5952380952380952,0.0,0.0,0.0,0.0
bull_to_neutral,0.25,0.97,0.0,,0,66,66,0.5909090909090909,0.37714285714285717,0.5833333333333334,0.5952380952380952,0.5909090909090909,0.37714285714285717,0.5833333333333334,0.5952380952380952,0.0,0.0,0.0,0.0
bull_to_bear,0.25,0.97,0.0,,0,66,66,0.5909090909090909,0.37714285714285717,0.5833333333333334,0.5952380952380952,0.5909090909090909,0.37714285714285717,0.5833333333333334,0.5952380952380952,0.0,0.0,0.0,0.0
bull_to_neutral,0.25,0.97,0.0,0.0,0,66,66,0.5909090909090909,0.37714285714285717,0.5833333333333334,0.5952380952380952,0.5909090909090909,0.37714285714285717,0.5833333333333334,0.5952380952380952,0.0,0.0,0.0,0.0
bull_to_bear,0.25,0.97,0.0,0.0,0,66,66,0.5909090909090909,0.37714285714285717,0.5833333333333334,0.5952380952380952,0.5909090909090909,0.37714285714285717,0.5833333333333334,0.5952380952380952,0.0,0.0,0.0,0.0
bull_to_neutral,0.25,0.97,0.0,-0.05,0,66,66,0.5909090909090909,0.37714285714285717,0.5833333333333334,0.5952380952380952,0.5909090909090909,0.37714285714285717,0.5833333333333334,0.5952380952380952,0.0,0.0,0.0,0.0
bull_to_bear,0.25,0.97,0.0,-0.05,0,66,66,0.5909090909090909,0.37714285714285717,0.5833333333333334,0.5952380952380952,0.5909090909090909,0.37714285714285717,0.5833333333333334,0.5952380952380952,0.0,0.0,0.0,0.0
bull_to_neutral,0.25,0.97,0.0,-0.1,0,66,66,0.5909090909090909,0.37714285714285717,0.5833333333333334,0.5952380952380952,0.5909090909090909,0.37714285714285717,0.5833333333333334,0.5952380952380952,0.0,0.0,0.0,0.0
bull_to_bear,0.25,0.97,0.0,-0.1,0,66,66,0.5909090909090909,0.37714285714285717,0.5833333333333334,0.5952380952380952,0.5909090909090909,0.37714285714285717,0.5833333333333334,0.5952380952380952,0.0,0.0,0.0,0.0
bull_to_neutral,0.25,0.97,5.0,,0,66,66,0.5909090909090909,0.37714285714285717,0.5833333333333334,0.5952380952380952,0.5909090909090909,0.37714285714285717,0.5833333333333334,0.5952380952380952,0.0,0.0,0.0,0.0
bull_to_bear,0.25,0.97,5.0,,0,66,66,0.5909090909090909,0.37714285714285717,0.5833333333333334,0.5952380952380952,0.5909090909090909,0.37714285714285717,0.5833333333333334,0.5952380952380952,0.0,0.0,0.0,0.0
bull_to_neutral,0.25,0.97,5.0,0.0,0,66,66,0.5909090909090909,0.37714285714285717,0.5833333333333334,0.5952380952380952,0.5909090909090909,0.37714285714285717,0.5833333333333334,0.5952380952380952,0.0,0.0,0.0,0.0
bull_to_bear,0.25,0.97,5.0,0.0,0,66,66,0.5909090909090909,0.37714285714285717,0.5833333333333334,0.5952380952380952,0.5909090909090909,0.37714285714285717,0.5833333333333334,0.5952380952380952,0.0,0.0,0.0,0.0
bull_to_neutral,0.25,0.97,5.0,-0.05,0,66,66,0.5909090909090909,0.37714285714285717,0.5833333333333334,0.5952380952380952,0.5909090909090909,0.37714285714285717,0.5833333333333334,0.5952380952380952,0.0,0.0,0.0,0.0
bull_to_bear,0.25,0.97,5.0,-0.05,0,66,66,0.5909090909090909,0.37714285714285717,0.5833333333333334,0.5952380952380952,0.5909090909090909,0.37714285714285717,0.5833333333333334,0.5952380952380952,0.0,0.0,0.0,0.0
bull_to_neutral,0.25,0.97,5.0,-0.1,0,66,66,0.5909090909090909,0.37714285714285717,0.5833333333333334,0.5952380952380952,0.5909090909090909,0.37714285714285717,0.5833333333333334,0.5952380952380952,0.0,0.0,0.0,0.0
bull_to_bear,0.25,0.97,5.0,-0.1,0,66,66,0.5909090909090909,0.37714285714285717,0.5833333333333334,0.5952380952380952,0.5909090909090909,0.37714285714285717,0.5833333333333334,0.5952380952380952,0.0,0.0,0.0,0.0
bull_to_neutral,0.25,0.97,10.0,,0,66,66,0.5909090909090909,0.37714285714285717,0.5833333333333334,0.5952380952380952,0.5909090909090909,0.37714285714285717,0.5833333333333334,0.5952380952380952,0.0,0.0,0.0,0.0
bull_to_bear,0.25,0.97,10.0,,0,66,66,0.5909090909090909,0.37714285714285717,0.5833333333333334,0.5952380952380952,0.5909090909090909,0.37714285714285717,0.5833333333333334,0.5952380952380952,0.0,0.0,0.0,0.0
bull_to_neutral,0.25,0.97,10.0,0.0,0,66,66,0.5909090909090909,0.37714285714285717,0.5833333333333334,0.5952380952380952,0.5909090909090909,0.37714285714285717,0.5833333333333334,0.5952380952380952,0.0,0.0,0.0,0.0
bull_to_bear,0.25,0.97,10.0,0.0,0,66,66,0.5909090909090909,0.37714285714285717,0.5833333333333334,0.5952380952380952,0.5909090909090909,0.37714285714285717,0.5833333333333334,0.5952380952380952,0.0,0.0,0.0,0.0
bull_to_neutral,0.25,0.97,10.0,-0.05,0,66,66,0.5909090909090909,0.37714285714285717,0.5833333333333334,0.5952380952380952,0.5909090909090909,0.37714285714285717,0.5833333333333334,0.5952380952380952,0.0,0.0,0.0,0.0
bull_to_bear,0.25,0.97,10.0,-0.05,0,66,66,0.5909090909090909,0.37714285714285717,0.5833333333333334,0.5952380952380952,0.5909090909090909,0.37714285714285717,0.5833333333333334,0.5952380952380952,0.0,0.0,0.0,0.0
bull_to_neutral,0.25,0.97,10.0,-0.1,0,66,66,0.5909090909090909,0.37714285714285717,0.5833333333333334,0.5952380952380952,0.5909090909090909,0.37714285714285717,0.5833333333333334,0.5952380952380952,0.0,0.0,0.0,0.0
bull_to_bear,0.25,0.97,10.0,-0.1,0,66,66,0.5909090909090909,0.37714285714285717,0.5833333333333334,0.5952380952380952,0.5909090909090909,0.37714285714285717,0.5833333333333334,0.5952380952380952,0.0,0.0,0.0,0.0
bull_to_neutral,0.25,0.97,15.0,,0,66,66,0.5909090909090909,0.37714285714285717,0.5833333333333334,0.5952380952380952,0.5909090909090909,0.37714285714285717,0.5833333333333334,0.5952380952380952,0.0,0.0,0.0,0.0
bull_to_bear,0.25,0.97,15.0,,0,66,66,0.5909090909090909,0.37714285714285717,0.5833333333333334,0.5952380952380952,0.5909090909090909,0.37714285714285717,0.5833333333333334,0.5952380952380952,0.0,0.0,0.0,0.0
bull_to_neutral,0.25,0.97,15.0,0.0,0,66,66,0.5909090909090909,0.37714285714285717,0.5833333333333334,0.5952380952380952,0.5909090909090909,0.37714285714285717,0.5833333333333334,0.5952380952380952,0.0,0.0,0.0,0.0
bull_to_bear,0.25,0.97,15.0,0.0,0,66,66,0.5909090909090909,0.37714285714285717,0.5833333333333334,0.5952380952380952,0.5909090909090909,0.37714285714285717,0.5833333333333334,0.5952380952380952,0.0,0.0,0.0,0.0
bull_to_neutral,0.25,0.97,15.0,-0.05,0,66,66,0.5909090909090909,0.37714285714285717,0.5833333333333334,0.5952380952380952,0.5909090909090909,0.37714285714285717,0.5833333333333334,0.5952380952380952,0.0,0.0,0.0,0.0
bull_to_bear,0.25,0.97,15.0,-0.05,0,66,66,0.5909090909090909,0.37714285714285717,0.5833333333333334,0.5952380952380952,0.5909090909090909,0.37714285714285717,0.5833333333333334,0.5952380952380952,0.0,0.0,0.0,0.0
bull_to_neutral,0.25,0.97,15.0,-0.1,0,66,66,0.5909090909090909,0.37714285714285717,0.5833333333333334,0.5952380952380952,0.5909090909090909,0.37714285714285717,0.5833333333333334,0.5952380952380952,0.0,0.0,0.0,0.0
bull_to_bear,0.25,0.97,15.0,-0.1,0,66,66,0.5909090909090909,0.37714285714285717,0.5833333333333334,0.5952380952380952,0.5909090909090909,0.37714285714285717,0.5833333333333334,0.5952380952380952,0.0,0.0,0.0,0.0
bull_to_neutral,0.25,0.95,,,0,66,66,0.5909090909090909,0.37714285714285717,0.5833333333333334,0.5952380952380952,0.5909090909090909,0.37714285714285717,0.5833333333333334,0.5952380952380952,0.0,0.0,0.0,0.0
bull_to_bear,0.25,0.95,,,0,66,66,0.5909090909090909,0.37714285714285717,0.5833333333333334,0.5952380952380952,0.5909090909090909,0.37714285714285717,0.5833333333333334,0.5952380952380952,0.0,0.0,0.0,0.0
bull_to_neutral,0.25,0.95,,0.0,0,66,66,0.5909090909090909,0.37714285714285717,0.5833333333333334,0.5952380952380952,0.5909090909090909,0.37714285714285717,0.5833333333333334,0.5952380952380952,0.0,0.0,0.0,0.0
bull_to_bear,0.25,0.95,,0.0,0,66,66,0.5909090909090909,0.37714285714285717,0.5833333333333334,0.5952380952380952,0.5909090909090909,0.37714285714285717,0.5833333333333334,0.5952380952380952,0.0,0.0,0.0,0.0
bull_to_neutral,0.25,0.95,,-0.05,0,66,66,0.5909090909090909,0.37714285714285717,0.5833333333333334,0.5952380952380952,0.5909090909090909,0.37714285714285717,0.5833333333333334,0.5952380952380952,0.0,0.0,0.0,0.0
bull_to_bear,0.25,0.95,,-0.05,0,66,66,0.5909090909090909,0.37714285714285717,0.5833333333333334,0.5952380952380952,0.5909090909090909,0.37714285714285717,0.5833333333333334,0.5952380952380952,0.0,0.0,0.0,0.0
bull_to_neutral,0.25,0.95,,-0.1,0,66,66,0.5909090909090909,0.37714285714285717,0.5833333333333334,0.5952380952380952,0.5909090909090909,0.37714285714285717,0.5833333333333334,0.5952380952380952,0.0,0.0,0.0,0.0
bull_to_bear,0.25,0.95,,-0.1,0,66,66,0.5909090909090909,0.37714285714285717,0.5833333333333334,0.5952380952380952,0.5909090909090909,0.37714285714285717,0.5833333333333334,0.5952380952380952,0.0,0.0,0.0,0.0
bull_to_neutral,0.25,0.95,0.0,,0,66,66,0.5909090909090909,0.37714285714285717,0.5833333333333334,0.5952380952380952,0.5909090909090909,0.37714285714285717,0.5833333333333334,0.5952380952380952,0.0,0.0,0.0,0.0
bull_to_bear,0.25,0.95,0.0,,0,66,66,0.5909090909090909,0.37714285714285717,0.5833333333333334,0.5952380952380952,0.5909090909090909,0.37714285714285717,0.5833333333333334,0.5952380952380952,0.0,0.0,0.0,0.0
bull_to_neutral,0.25,0.95,0.0,0.0,0,66,66,0.5909090909090909,0.37714285714285717,0.5833333333333334,0.5952380952380952,0.5909090909090909,0.37714285714285717,0.5833333333333334,0.5952380952380952,0.0,0.0,0.0,0.0
bull_to_bear,0.25,0.95,0.0,0.0,0,66,66,0.5909090909090909,0.37714285714285717,0.5833333333333334,0.5952380952380952,0.5909090909090909,0.37714285714285717,0.5833333333333334,0.5952380952380952,0.0,0.0,0.0,0.0
bull_to_neutral,0.25,0.95,0.0,-0.05,0,66,66,0.5909090909090909,0.37714285714285717,0.5833333333333334,0.5952380952380952,0.5909090909090909,0.37714285714285717,0.5833333333333334,0.5952380952380952,0.0,0.0,0.0,0.0
bull_to_bear,0.25,0.95,0.0,-0.05,0,66,66,0.5909090909090909,0.37714285714285717,0.5833333333333334,0.5952380952380952,0.5909090909090909,0.37714285714285717,0.5833333333333334,0.5952380952380952,0.0,0.0,0.0,0.0
bull_to_neutral,0.25,0.95,0.0,-0.1,0,66,66,0.5909090909090909,0.37714285714285717,0.5833333333333334,0.5952380952380952,0.5909090909090909,0.37714285714285717,0.5833333333333334,0.5952380952380952,0.0,0.0,0.0,0.0
bull_to_bear,0.25,0.95,0.0,-0.1,0,66,66,0.5909090909090909,0.37714285714285717,0.5833333333333334,0.5952380952380952,0.5909090909090909,0.37714285714285717,0.5833333333333334,0.5952380952380952,0.0,0.0,0.0,0.0
bull_to_neutral,0.25,0.95,5.0,,0,66,66,0.5909090909090909,0.37714285714285717,0.5833333333333334,0.5952380952380952,0.5909090909090909,0.37714285714285717,0.5833333333333334,0.5952380952380952,0.0,0.0,0.0,0.0
bull_to_bear,0.25,0.95,5.0,,0,66,66,0.5909090909090909,0.37714285714285717,0.5833333333333334,0.5952380952380952,0.5909090909090909,0.37714285714285717,0.5833333333333334,0.5952380952380952,0.0,0.0,0.0,0.0
bull_to_neutral,0.25,0.95,5.0,0.0,0,66,66,0.5909090909090909,0.37714285714285717,0.5833333333333334,0.5952380952380952,0.5909090909090909,0.37714285714285717,0.5833333333333334,0.5952380952380952,0.0,0.0,0.0,0.0
bull_to_bear,0.25,0.95,5.0,0.0,0,66,66,0.5909090909090909,0.37714285714285717,0.5833333333333334,0.5952380952380952,0.5909090909090909,0.37714285714285717,0.5833333333333334,0.5952380952380952,0.0,0.0,0.0,0.0
bull_to_neutral,0.25,0.95,5.0,-0.05,0,66,66,0.5909090909090909,0.37714285714285717,0.5833333333333334,0.5952380952380952,0.5909090909090909,0.37714285714285717,0.5833333333333334,0.5952380952380952,0.0,0.0,0.0,0.0
bull_to_bear,0.25,0.95,5.0,-0.05,0,66,66,0.5909090909090909,0.37714285714285717,0.5833333333333334,0.5952380952380952,0.5909090909090909,0.37714285714285717,0.5833333333333334,0.5952380952380952,0.0,0.0,0.0,0.0
bull_to_neutral,0.25,0.95,5.0,-0.1,0,66,66,0.5909090909090909,0.37714285714285717,0.5833333333333334,0.5952380952380952,0.5909090909090909,0.37714285714285717,0.5833333333333334,0.5952380952380952,0.0,0.0,0.0,0.0
bull_to_bear,0.25,0.95,5.0,-0.1,0,66,66,0.5909090909090909,0.37714285714285717,0.5833333333333334,0.5952380952380952,0.5909090909090909,0.37714285714285717,0.5833333333333334,0.5952380952380952,0.0,0.0,0.0,0.0
bull_to_neutral,0.25,0.95,10.0,,0,66,66,0.5909090909090909,0.37714285714285717,0.5833333333333334,0.5952380952380952,0.5909090909090909,0.37714285714285717,0.5833333333333334,0.5952380952380952,0.0,0.0,0.0,0.0
bull_to_bear,0.25,0.95,10.0,,0,66,66,0.5909090909090909,0.37714285714285717,0.5833333333333334,0.5952380952380952,0.5909090909090909,0.37714285714285717,0.5833333333333334,0.5952380952380952,0.0,0.0,0.0,0.0
bull_to_neutral,0.25,0.95,10.0,0.0,0,66,66,0.5909090909090909,0.37714285714285717,0.5833333333333334,0.5952380952380952,0.5909090909090909,0.37714285714285717,0.5833333333333334,0.5952380952380952,0.0,0.0,0.0,0.0
bull_to_bear,0.25,0.95,10.0,0.0,0,66,66,0.5909090909090909,0.37714285714285717,0.5833333333333334,0.5952380952380952,0.5909090909090909,0.37714285714285717,0.5833333333333334,0.5952380952380952,0.0,0.0,0.0,0.0
bull_to_neutral,0.25,0.95,10.0,-0.05,0,66,66,0.5909090909090909,0.37714285714285717,0.5833333333333334,0.5952380952380952,0.5909090909090909,0.37714285714285717,0.5833333333333334,0.5952380952380952,0.0,0.0,0.0,0.0
bull_to_bear,0.25,0.95,10.0,-0.05,0,66,66,0.5909090909090909,0.37714285714285717,0.5833333333333334,0.5952380952380952,0.5909090909090909,0.37714285714285717,0.5833333333333334,0.5952380952380952,0.0,0.0,0.0,0.0
bull_to_neutral,0.25,0.95,10.0,-0.1,0,66,66,0.5909090909090909,0.37714285714285717,0.5833333333333334,0.5952380952380952,0.5909090909090909,0.37714285714285717,0.5833333333333334,0.5952380952380952,0.0,0.0,0.0,0.0
bull_to_bear,0.25,0.95,10.0,-0.1,0,66,66,0.5909090909090909,0.37714285714285717,0.5833333333333334,0.5952380952380952,0.5909090909090909,0.37714285714285717,0.5833333333333334,0.5952380952380952,0.0,0.0,0.0,0.0
bull_to_neutral,0.25,0.95,15.0,,0,66,66,0.5909090909090909,0.37714285714285717,0.5833333333333334,0.5952380952380952,0.5909090909090909,0.37714285714285717,0.5833333333333334,0.5952380952380952,0.0,0.0,0.0,0.0
bull_to_bear,0.25,0.95,15.0,,0,66,66,0.5909090909090909,0.37714285714285717,0.5833333333333334,0.5952380952380952,0.5909090909090909,0.37714285714285717,0.5833333333333334,0.5952380952380952,0.0,0.0,0.0,0.0
bull_to_neutral,0.25,0.95,15.0,0.0,0,66,66,0.5909090909090909,0.37714285714285717,0.5833333333333334,0.5952380952380952,0.5909090909090909,0.37714285714285717,0.5833333333333334,0.5952380952380952,0.0,0.0,0.0,0.0
bull_to_bear,0.25,0.95,15.0,0.0,0,66,66,0.5909090909090909,0.37714285714285717,0.5833333333333334,0.5952380952380952,0.5909090909090909,0.37714285714285717,0.5833333333333334,0.5952380952380952,0.0,0.0,0.0,0.0
bull_to_neutral,0.25,0.95,15.0,-0.05,0,66,66,0.5909090909090909,0.37714285714285717,0.5833333333333334,0.5952380952380952,0.5909090909090909,0.37714285714285717,0.5833333333333334,0.5952380952380952,0.0,0.0,0.0,0.0
bull_to_bear,0.25,0.95,15.0,-0.05,0,66,66,0.5909090909090909,0.37714285714285717,0.5833333333333334,0.5952380952380952,0.5909090909090909,0.37714285714285717,0.5833333333333334,0.5952380952380952,0.0,0.0,0.0,0.0
bull_to_neutral,0.25,0.95,15.0,-0.1,0,66,66,0.5909090909090909,0.37714285714285717,0.5833333333333334,0.5952380952380952,0.5909090909090909,0.37714285714285717,0.5833333333333334,0.5952380952380952,0.0,0.0,0.0,0.0
bull_to_bear,0.25,0.95,15.0,-0.1,0,66,66,0.5909090909090909,0.37714285714285717,0.5833333333333334,0.5952380952380952,0.5909090909090909,0.37714285714285717,0.5833333333333334,0.5952380952380952,0.0,0.0,0.0,0.0
bull_to_neutral,0.25,0.93,,,0,66,66,0.5909090909090909,0.37714285714285717,0.5833333333333334,0.5952380952380952,0.5909090909090909,0.37714285714285717,0.5833333333333334,0.5952380952380952,0.0,0.0,0.0,0.0
bull_to_bear,0.25,0.93,,,0,66,66,0.5909090909090909,0.37714285714285717,0.5833333333333334,0.5952380952380952,0.5909090909090909,0.37714285714285717,0.5833333333333334,0.5952380952380952,0.0,0.0,0.0,0.0
bull_to_neutral,0.25,0.93,,0.0,0,66,66,0.5909090909090909,0.37714285714285717,0.5833333333333334,0.5952380952380952,0.5909090909090909,0.37714285714285717,0.5833333333333334,0.5952380952380952,0.0,0.0,0.0,0.0
bull_to_bear,0.25,0.93,,0.0,0,66,66,0.5909090909090909,0.37714285714285717,0.5833333333333334,0.5952380952380952,0.5909090909090909,0.37714285714285717,0.5833333333333334,0.5952380952380952,0.0,0.0,0.0,0.0
bull_to_neutral,0.25,0.93,,-0.05,0,66,66,0.5909090909090909,0.37714285714285717,0.5833333333333334,0.5952380952380952,0.5909090909090909,0.37714285714285717,0.5833333333333334,0.5952380952380952,0.0,0.0,0.0,0.0
bull_to_bear,0.25,0.93,,-0.05,0,66,66,0.5909090909090909,0.37714285714285717,0.5833333333333334,0.5952380952380952,0.5909090909090909,0.37714285714285717,0.5833333333333334,0.5952380952380952,0.0,0.0,0.0,0.0
bull_to_neutral,0.25,0.93,,-0.1,0,66,66,0.5909090909090909,0.37714285714285717,0.5833333333333334,0.5952380952380952,0.5909090909090909,0.37714285714285717,0.5833333333333334,0.5952380952380952,0.0,0.0,0.0,0.0
bull_to_bear,0.25,0.93,,-0.1,0,66,66,0.5909090909090909,0.37714285714285717,0.5833333333333334,0.5952380952380952,0.5909090909090909,0.37714285714285717,0.5833333333333334,0.5952380952380952,0.0,0.0,0.0,0.0
bull_to_neutral,0.25,0.93,0.0,,0,66,66,0.5909090909090909,0.37714285714285717,0.5833333333333334,0.5952380952380952,0.5909090909090909,0.37714285714285717,0.5833333333333334,0.5952380952380952,0.0,0.0,0.0,0.0
bull_to_bear,0.25,0.93,0.0,,0,66,66,0.5909090909090909,0.37714285714285717,0.5833333333333334,0.5952380952380952,0.5909090909090909,0.37714285714285717,0.5833333333333334,0.5952380952380952,0.0,0.0,0.0,0.0
bull_to_neutral,0.25,0.93,0.0,0.0,0,66,66,0.5909090909090909,0.37714285714285717,0.5833333333333334,0.5952380952380952,0.5909090909090909,0.37714285714285717,0.5833333333333334,0.5952380952380952,0.0,0.0,0.0,0.0
bull_to_bear,0.25,0.93,0.0,0.0,0,66,66,0.5909090909090909,0.37714285714285717,0.5833333333333334,0.5952380952380952,0.5909090909090909,0.37714285714285717,0.5833333333333334,0.5952380952380952,0.0,0.0,0.0,0.0
bull_to_neutral,0.25,0.93,0.0,-0.05,0,66,66,0.5909090909090909,0.37714285714285717,0.5833333333333334,0.5952380952380952,0.5909090909090909,0.37714285714285717,0.5833333333333334,0.5952380952380952,0.0,0.0,0.0,0.0
bull_to_bear,0.25,0.93,0.0,-0.05,0,66,66,0.5909090909090909,0.37714285714285717,0.5833333333333334,0.5952380952380952,0.5909090909090909,0.37714285714285717,0.5833333333333334,0.5952380952380952,0.0,0.0,0.0,0.0
bull_to_neutral,0.25,0.93,0.0,-0.1,0,66,66,0.5909090909090909,0.37714285714285717,0.5833333333333334,0.5952380952380952,0.5909090909090909,0.37714285714285717,0.5833333333333334,0.5952380952380952,0.0,0.0,0.0,0.0
bull_to_bear,0.25,0.93,0.0,-0.1,0,66,66,0.5909090909090909,0.37714285714285717,0.5833333333333334,0.5952380952380952,0.5909090909090909,0.37714285714285717,0.5833333333333334,0.5952380952380952,0.0,0.0,0.0,0.0
bull_to_neutral,0.25,0.93,5.0,,0,66,66,0.5909090909090909,0.37714285714285717,0.5833333333333334,0.5952380952380952,0.5909090909090909,0.37714285714285717,0.5833333333333334,0.5952380952380952,0.0,0.0,0.0,0.0
bull_to_bear,0.25,0.93,5.0,,0,66,66,0.5909090909090909,0.37714285714285717,0.5833333333333334,0.5952380952380952,0.5909090909090909,0.37714285714285717,0.5833333333333334,0.5952380952380952,0.0,0.0,0.0,0.0
bull_to_neutral,0.25,0.93,5.0,0.0,0,66,66,0.5909090909090909,0.37714285714285717,0.5833333333333334,0.5952380952380952,0.5909090909090909,0.37714285714285717,0.5833333333333334,0.5952380952380952,0.0,0.0,0.0,0.0
bull_to_bear,0.25,0.93,5.0,0.0,0,66,66,0.5909090909090909,0.37714285714285717,0.5833333333333334,0.5952380952380952,0.5909090909090909,0.37714285714285717,0.5833333333333334,0.5952380952380952,0.0,0.0,0.0,0.0
bull_to_neutral,0.25,0.93,5.0,-0.05,0,66,66,0.5909090909090909,0.37714285714285717,0.5833333333333334,0.5952380952380952,0.5909090909090909,0.37714285714285717,0.5833333333333334,0.5952380952380952,0.0,0.0,0.0,0.0
bull_to_bear,0.25,0.93,5.0,-0.05,0,66,66,0.5909090909090909,0.37714285714285717,0.5833333333333334,0.5952380952380952,0.5909090909090909,0.37714285714285717,0.5833333333333334,0.5952380952380952,0.0,0.0,0.0,0.0
bull_to_neutral,0.25,0.93,5.0,-0.1,0,66,66,0.5909090909090909,0.37714285714285717,0.5833333333333334,0.5952380952380952,0.5909090909090909,0.37714285714285717,0.5833333333333334,0.5952380952380952,0.0,0.0,0.0,0.0
bull_to_bear,0.25,0.93,5.0,-0.1,0,66,66,0.5909090909090909,0.37714285714285717,0.5833333333333334,0.5952380952380952,0.5909090909090909,0.37714285714285717,0.5833333333333334,0.5952380952380952,0.0,0.0,0.0,0.0
bull_to_neutral,0.25,0.93,10.0,,0,66,66,0.5909090909090909,0.37714285714285717,0.5833333333333334,0.5952380952380952,0.5909090909090909,0.37714285714285717,0.5833333333333334,0.5952380952380952,0.0,0.0,0.0,0.0
bull_to_bear,0.25,0.93,10.0,,0,66,66,0.5909090909090909,0.37714285714285717,0.5833333333333334,0.5952380952380952,0.5909090909090909,0.37714285714285717,0.5833333333333334,0.5952380952380952,0.0,0.0,0.0,0.0
bull_to_neutral,0.25,0.93,10.0,0.0,0,66,66,0.5909090909090909,0.37714285714285717,0.5833333333333334,0.5952380952380952,0.5909090909090909,0.37714285714285717,0.5833333333333334,0.5952380952380952,0.0,0.0,0.0,0.0
bull_to_bear,0.25,0.93,10.0,0.0,0,66,66,0.5909090909090909,0.37714285714285717,0.5833333333333334,0.5952380952380952,0.5909090909090909,0.37714285714285717,0.5833333333333334,0.5952380952380952,0.0,0.0,0.0,0.0
bull_to_neutral,0.25,0.93,10.0,-0.05,0,66,66,0.5909090909090909,0.37714285714285717,0.5833333333333334,0.5952380952380952,0.5909090909090909,0.37714285714285717,0.5833333333333334,0.5952380952380952,0.0,0.0,0.0,0.0
bull_to_bear,0.25,0.93,10.0,-0.05,0,66,66,0.5909090909090909,0.37714285714285717,0.5833333333333334,0.5952380952380952,0.5909090909090909,0.37714285714285717,0.5833333333333334,0.5952380952380952,0.0,0.0,0.0,0.0
bull_to_neutral,0.25,0.93,10.0,-0.1,0,66,66,0.5909090909090909,0.37714285714285717,0.5833333333333334,0.5952380952380952,0.5909090909090909,0.37714285714285717,0.5833333333333334,0.5952380952380952,0.0,0.0,0.0,0.0
bull_to_bear,0.25,0.93,10.0,-0.1,0,66,66,0.5909090909090909,0.37714285714285717,0.5833333333333334,0.5952380952380952,0.5909090909090909,0.37714285714285717,0.5833333333333334,0.5952380952380952,0.0,0.0,0.0,0.0
bull_to_neutral,0.25,0.93,15.0,,0,66,66,0.5909090909090909,0.37714285714285717,0.5833333333333334,0.5952380952380952,0.5909090909090909,0.37714285714285717,0.5833333333333334,0.5952380952380952,0.0,0.0,0.0,0.0
bull_to_bear,0.25,0.93,15.0,,0,66,66,0.5909090909090909,0.37714285714285717,0.5833333333333334,0.5952380952380952,0.5909090909090909,0.37714285714285717,0.5833333333333334,0.5952380952380952,0.0,0.0,0.0,0.0
bull_to_neutral,0.25,0.93,15.0,0.0,0,66,66,0.5909090909090909,0.37714285714285717,0.5833333333333334,0.5952380952380952,0.5909090909090909,0.37714285714285717,0.5833333333333334,0.5952380952380952,0.0,0.0,0.0,0.0
bull_to_bear,0.25,0.93,15.0,0.0,0,66,66,0.5909090909090909,0.37714285714285717,0.5833333333333334,0.5952380952380952,0.5909090909090909,0.37714285714285717,0.5833333333333334,0.5952380952380952,0.0,0.0,0.0,0.0
bull_to_neutral,0.25,0.93,15.0,-0.05,0,66,66,0.5909090909090909,0.37714285714285717,0.5833333333333334,0.5952380952380952,0.5909090909090909,0.37714285714285717,0.5833333333333334,0.5952380952380952,0.0,0.0,0.0,0.0
bull_to_bear,0.25,0.93,15.0,-0.05,0,66,66,0.5909090909090909,0.37714285714285717,0.5833333333333334,0.5952380952380952,0.5909090909090909,0.37714285714285717,0.5833333333333334,0.5952380952380952,0.0,0.0,0.0,0.0
bull_to_neutral,0.25,0.93,15.0,-0.1,0,66,66,0.5909090909090909,0.37714285714285717,0.5833333333333334,0.5952380952380952,0.5909090909090909,0.37714285714285717,0.5833333333333334,0.5952380952380952,0.0,0.0,0.0,0.0
bull_to_bear,0.25,0.93,15.0,-0.1,0,66,66,0.5909090909090909,0.37714285714285717,0.5833333333333334,0.5952380952380952,0.5909090909090909,0.37714285714285717,0.5833333333333334,0.5952380952380952,0.0,0.0,0.0,0.0
bull_to_neutral,0.25,0.9,,,0,66,66,0.5909090909090909,0.37714285714285717,0.5833333333333334,0.5952380952380952,0.5909090909090909,0.37714285714285717,0.5833333333333334,0.5952380952380952,0.0,0.0,0.0,0.0
bull_to_bear,0.25,0.9,,,0,66,66,0.5909090909090909,0.37714285714285717,0.5833333333333334,0.5952380952380952,0.5909090909090909,0.37714285714285717,0.5833333333333334,0.5952380952380952,0.0,0.0,0.0,0.0
bull_to_neutral,0.25,0.9,,0.0,0,66,66,0.5909090909090909,0.37714285714285717,0.5833333333333334,0.5952380952380952,0.5909090909090909,0.37714285714285717,0.5833333333333334,0.5952380952380952,0.0,0.0,0.0,0.0
bull_to_bear,0.25,0.9,,0.0,0,66,66,0.5909090909090909,0.37714285714285717,0.5833333333333334,0.5952380952380952,0.5909090909090909,0.37714285714285717,0.5833333333333334,0.5952380952380952,0.0,0.0,0.0,0.0
bull_to_neutral,0.25,0.9,,-0.05,0,66,66,0.5909090909090909,0.37714285714285717,0.5833333333333334,0.5952380952380952,0.5909090909090909,0.37714285714285717,0.5833333333333334,0.5952380952380952,0.0,0.0,0.0,0.0
bull_to_bear,0.25,0.9,,-0.05,0,66,66,0.5909090909090909,0.37714285714285717,0.5833333333333334,0.5952380952380952,0.5909090909090909,0.37714285714285717,0.5833333333333334,0.5952380952380952,0.0,0.0,0.0,0.0
bull_to_neutral,0.25,0.9,,-0.1,0,66,66,0.5909090909090909,0.37714285714285717,0.5833333333333334,0.5952380952380952,0.5909090909090909,0.37714285714285717,0.5833333333333334,0.5952380952380952,0.0,0.0,0.0,0.0
bull_to_bear,0.25,0.9,,-0.1,0,66,66,0.5909090909090909,0.37714285714285717,0.5833333333333334,0.5952380952380952,0.5909090909090909,0.37714285714285717,0.5833333333333334,0.5952380952380952,0.0,0.0,0.0,0.0
bull_to_neutral,0.25,0.9,0.0,,0,66,66,0.5909090909090909,0.37714285714285717,0.5833333333333334,0.5952380952380952,0.5909090909090909,0.37714285714285717,0.5833333333333334,0.5952380952380952,0.0,0.0,0.0,0.0
bull_to_bear,0.25,0.9,0.0,,0,66,66,0.5909090909090909,0.37714285714285717,0.5833333333333334,0.5952380952380952,0.5909090909090909,0.37714285714285717,0.5833333333333334,0.5952380952380952,0.0,0.0,0.0,0.0
bull_to_neutral,0.25,0.9,0.0,0.0,0,66,66,0.5909090909090909,0.37714285714285717,0.5833333333333334,0.5952380952380952,0.5909090909090909,0.37714285714285717,0.5833333333333334,0.5952380952380952,0.0,0.0,0.0,0.0
bull_to_bear,0.25,0.9,0.0,0.0,0,66,66,0.5909090909090909,0.37714285714285717,0.5833333333333334,0.5952380952380952,0.5909090909090909,0.37714285714285717,0.5833333333333334,0.5952380952380952,0.0,0.0,0.0,0.0
bull_to_neutral,0.25,0.9,0.0,-0.05,0,66,66,0.5909090909090909,0.37714285714285717,0.5833333333333334,0.5952380952380952,0.5909090909090909,0.37714285714285717,0.5833333333333334,0.5952380952380952,0.0,0.0,0.0,0.0
bull_to_bear,0.25,0.9,0.0,-0.05,0,66,66,0.5909090909090909,0.37714285714285717,0.5833333333333334,0.5952380952380952,0.5909090909090909,0.37714285714285717,0.5833333333333334,0.5952380952380952,0.0,0.0,0.0,0.0
bull_to_neutral,0.25,0.9,0.0,-0.1,0,66,66,0.5909090909090909,0.37714285714285717,0.5833333333333334,0.5952380952380952,0.5909090909090909,0.37714285714285717,0.5833333333333334,0.5952380952380952,0.0,0.0,0.0,0.0
bull_to_bear,0.25,0.9,0.0,-0.1,0,66,66,0.5909090909090909,0.37714285714285717,0.5833333333333334,0.5952380952380952,0.5909090909090909,0.37714285714285717,0.5833333333333334,0.5952380952380952,0.0,0.0,0.0,0.0
bull_to_neutral,0.25,0.9,5.0,,0,66,66,0.5909090909090909,0.37714285714285717,0.5833333333333334,0.5952380952380952,0.5909090909090909,0.37714285714285717,0.5833333333333334,0.5952380952380952,0.0,0.0,0.0,0.0
bull_to_bear,0.25,0.9,5.0,,0,66,66,0.5909090909090909,0.37714285714285717,0.5833333333333334,0.5952380952380952,0.5909090909090909,0.37714285714285717,0.5833333333333334,0.5952380952380952,0.0,0.0,0.0,0.0
bull_to_neutral,0.25,0.9,5.0,0.0,0,66,66,0.5909090909090909,0.37714285714285717,0.5833333333333334,0.5952380952380952,0.5909090909090909,0.37714285714285717,0.5833333333333334,0.5952380952380952,0.0,0.0,0.0,0.0
bull_to_bear,0.25,0.9,5.0,0.0,0,66,66,0.5909090909090909,0.37714285714285717,0.5833333333333334,0.5952380952380952,0.5909090909090909,0.37714285714285717,0.5833333333333334,0.5952380952380952,0.0,0.0,0.0,0.0
bull_to_neutral,0.25,0.9,5.0,-0.05,0,66,66,0.5909090909090909,0.37714285714285717,0.5833333333333334,0.5952380952380952,0.5909090909090909,0.37714285714285717,0.5833333333333334,0.5952380952380952,0.0,0.0,0.0,0.0
bull_to_bear,0.25,0.9,5.0,-0.05,0,66,66,0.5909090909090909,0.37714285714285717,0.5833333333333334,0.5952380952380952,0.5909090909090909,0.37714285714285717,0.5833333333333334,0.5952380952380952,0.0,0.0,0.0,0.0
bull_to_neutral,0.25,0.9,5.0,-0.1,0,66,66,0.5909090909090909,0.37714285714285717,0.5833333333333334,0.5952380952380952,0.5909090909090909,0.37714285714285717,0.5833333333333334,0.5952380952380952,0.0,0.0,0.0,0.0
bull_to_bear,0.25,0.9,5.0,-0.1,0,66,66,0.5909090909090909,0.37714285714285717,0.5833333333333334,0.5952380952380952,0.5909090909090909,0.37714285714285717,0.5833333333333334,0.5952380952380952,0.0,0.0,0.0,0.0
bull_to_neutral,0.25,0.9,10.0,,0,66,66,0.5909090909090909,0.37714285714285717,0.5833333333333334,0.5952380952380952,0.5909090909090909,0.37714285714285717,0.5833333333333334,0.5952380952380952,0.0,0.0,0.0,0.0
bull_to_bear,0.25,0.9,10.0,,0,66,66,0.5909090909090909,0.37714285714285717,0.5833333333333334,0.5952380952380952,0.5909090909090909,0.37714285714285717,0.5833333333333334,0.5952380952380952,0.0,0.0,0.0,0.0
bull_to_neutral,0.25,0.9,10.0,0.0,0,66,66,0.5909090909090909,0.37714285714285717,0.5833333333333334,0.5952380952380952,0.5909090909090909,0.37714285714285717,0.5833333333333334,0.5952380952380952,0.0,0.0,0.0,0.0
bull_to_bear,0.25,0.9,10.0,0.0,0,66,66,0.5909090909090909,0.37714285714285717,0.5833333333333334,0.5952380952380952,0.5909090909090909,0.37714285714285717,0.5833333333333334,0.5952380952380952,0.0,0.0,0.0,0.0
bull_to_neutral,0.25,0.9,10.0,-0.05,0,66,66,0.5909090909090909,0.37714285714285717,0.5833333333333334,0.5952380952380952,0.5909090909090909,0.37714285714285717,0.5833333333333334,0.5952380952380952,0.0,0.0,0.0,0.0
bull_to_bear,0.25,0.9,10.0,-0.05,0,66,66,0.5909090909090909,0.37714285714285717,0.5833333333333334,0.5952380952380952,0.5909090909090909,0.37714285714285717,0.5833333333333334,0.5952380952380952,0.0,0.0,0.0,0.0
bull_to_neutral,0.25,0.9,10.0,-0.1,0,66,66,0.5909090909090909,0.37714285714285717,0.5833333333333334,0.5952380952380952,0.5909090909090909,0.37714285714285717,0.5833333333333334,0.5952380952380952,0.0,0.0,0.0,0.0
bull_to_bear,0.25,0.9,10.0,-0.1,0,66,66,0.5909090909090909,0.37714285714285717,0.5833333333333334,0.5952380952380952,0.5909090909090909,0.37714285714285717,0.5833333333333334,0.5952380952380952,0.0,0.0,0.0,0.0
bull_to_neutral,0.25,0.9,15.0,,0,66,66,0.5909090909090909,0.37714285714285717,0.5833333333333334,0.5952380952380952,0.5909090909090909,0.37714285714285717,0.5833333333333334,0.5952380952380952,0.0,0.0,0.0,0.0
bull_to_bear,0.25,0.9,15.0,,0,66,66,0.5909090909090909,0.37714285714285717,0.5833333333333334,0.5952380952380952,0.5909090909090909,0.37714285714285717,0.5833333333333334,0.5952380952380952,0.0,0.0,0.0,0.0
bull_to_neutral,0.25,0.9,15.0,0.0,0,66,66,0.5909090909090909,0.37714285714285717,0.5833333333333334,0.5952380952380952,0.5909090909090909,0.37714285714285717,0.5833333333333334,0.5952380952380952,0.0,0.0,0.0,0.0
bull_to_bear,0.25,0.9,15.0,0.0,0,66,66,0.5909090909090909,0.37714285714285717,0.5833333333333334,0.5952380952380952,0.5909090909090909,0.37714285714285717,0.5833333333333334,0.5952380952380952,0.0,0.0,0.0,0.0
bull_to_neutral,0.25,0.9,15.0,-0.05,0,66,66,0.5909090909090909,0.37714285714285717,0.5833333333333334,0.5952380952380952,0.5909090909090909,0.37714285714285717,0.5833333333333334,0.5952380952380952,0.0,0.0,0.0,0.0
bull_to_bear,0.25,0.9,15.0,-0.05,0,66,66,0.5909090909090909,0.37714285714285717,0.5833333333333334,0.5952380952380952,0.5909090909090909,0.37714285714285717,0.5833333333333334,0.5952380952380952,0.0,0.0,0.0,0.0
bull_to_neutral,0.25,0.9,15.0,-0.1,0,66,66,0.5909090909090909,0.37714285714285717,0.5833333333333334,0.5952380952380952,0.5909090909090909,0.37714285714285717,0.5833333333333334,0.5952380952380952,0.0,0.0,0.0,0.0
bull_to_bear,0.25,0.9,15.0,-0.1,0,66,66,0.5909090909090909,0.37714285714285717,0.5833333333333334,0.5952380952380952,0.5909090909090909,0.37714285714285717,0.5833333333333334,0.5952380952380952,0.0,0.0,0.0,0.0
