variant,flip_score_threshold,alignment_threshold,compression_velocity_min,ratio_threshold,changed_rows_count,new_directional_called,baseline_directional_called,baseline_directional_accuracy,baseline_directional_coverage,baseline_bull_precision,baseline_bear_precision,new_directional_accuracy,new_directional_coverage,new_bull_precision,new_bear_precision,delta_directional_accuracy,delta_directional_coverage,delta_bull_precision,delta_bear_precision
bull_to_neutral,0.12,1.0,,,19,137,156,0.5641025641025641,0.39195979899497485,0.5714285714285714,0.5591397849462365,0.5620437956204379,0.3442211055276382,0.5681818181818182,0.5591397849462365,-0.002058768482126161,-0.04773869346733667,-0.0032467532467531646,0.0
bull_to_bear,0.12,1.0,,,19,156,156,0.5641025641025641,0.39195979899497485,0.5714285714285714,0.5591397849462365,0.5448717948717948,0.39195979899497485,0.5681818181818182,0.5357142857142857,-0.019230769230769273,0.0,-0.0032467532467531646,-0.023425499231950808
bull_to_neutral,0.12,1.0,,0.0,18,138,156,0.5641025641025641,0.39195979899497485,0.5714285714285714,0.5591397849462365,0.5579710144927537,0.34673366834170855,0.5555555555555556,0.5591397849462365,-0.006131549609810438,-0.045226130653266305,-0.015873015873015817,0.0
bull_to_bear,0.12,1.0,,0.0,18,156,156,0.5641025641025641,0.39195979899497485,0.5714285714285714,0.5591397849462365,0.5384615384615384,0.39195979899497485,0.5555555555555556,0.5315315315315315,-0.02564102564102566,0.0,-0.015873015873015817,-0.027608253414704964
bull_to_neutral,0.12,1.0,,-0.05,17,139,156,0.5641025641025641,0.39195979899497485,0.5714285714285714,0.5591397849462365,0.5539568345323741,0.3492462311557789,0.5434782608695652,0.5591397849462365,-0.010145729570189999,-0.04271356783919594,-0.02795031055900621,0.0
bull_to_bear,0.12,1.0,,-0.05,17,156,156,0.5641025641025641,0.39195979899497485,0.5714285714285714,0.5591397849462365,0.532051282051282,0.39195979899497485,0.5434782608695652,0.5272727272727272,-0.03205128205128205,0.0,-0.02795031055900621,-0.03186705767350928
bull_to_neutral,0.12,1.0,,-0.1,16,140,156,0.5641025641025641,0.39195979899497485,0.5714285714285714,0.5591397849462365,0.5571428571428572,0.35175879396984927,0.5531914893617021,0.5591397849462365,-0.006959706959706935,-0.04020100502512558,-0.018237082066869248,0.0
bull_to_bear,0.12,1.0,,-0.1,16,156,156,0.5641025641025641,0.39195979899497485,0.5714285714285714,0.5591397849462365,0.5384615384615384,0.39195979899497485,0.5531914893617021,0.5321100917431193,-0.02564102564102566,0.0,-0.018237082066869248,-0.02702969320311721
bull_to_neutral,0.12,1.0,0.0,,13,143,156,0.5641025641025641,0.39195979899497485,0.5714285714285714,0.5591397849462365,0.5594405594405595,0.3592964824120603,0.56,0.5591397849462365,-0.004662004662004615,-0.03266331658291455,-0.011428571428571344,0.0
bull_to_bear,0.12,1.0,0.0,,13,156,156,0.5641025641025641,0.39195979899497485,0.5714285714285714,0.5591397849462365,0.5448717948717948,0.39195979899497485,0.56,0.5377358490566038,-0.019230769230769273,0.0,-0.011428571428571344,-0.02140393588963274
bull_to_neutral,0.12,1.0,0.0,0.0,13,143,156,0.5641025641025641,0.39195979899497485,0.5714285714285714,0.5591397849462365,0.5594405594405595,0.3592964824120603,0.56,0.5591397849462365,-0.004662004662004615,-0.03266331658291455,-0.011428571428571344,0.0
bull_to_bear,0.12,1.0,0.0,0.0,13,156,156,0.5641025641025641,0.39195979899497485,0.5714285714285714,0.5591397849462365,0.5448717948717948,0.39195979899497485,0.56,0.5377358490566038,-0.019230769230769273,0.0,-0.011428571428571344,-0.02140393588963274
bull_to_neutral,0.12,1.0,0.0,-0.05,13,143,156,0.5641025641025641,0.39195979899497485,0.5714285714285714,0.5591397849462365,0.5594405594405595,0.3592964824120603,0.56,0.5591397849462365,-0.004662004662004615,-0.03266331658291455,-0.011428571428571344,0.0
bull_to_bear,0.12,1.0,0.0,-0.05,13,156,156,0.5641025641025641,0.39195979899497485,0.5714285714285714,0.5591397849462365,0.5448717948717948,0.39195979899497485,0.56,0.5377358490566038,-0.019230769230769273,0.0,-0.011428571428571344,-0.02140393588963274
bull_to_neutral,0.12,1.0,0.0,-0.1,13,143,156,0.5641025641025641,0.39195979899497485,0.5714285714285714,0.5591397849462365,0.5594405594405595,0.3592964824120603,0.56,0.5591397849462365,-0.004662004662004615,-0.03266331658291455,-0.011428571428571344,0.0
bull_to_bear,0.12,1.0,0.0,-0.1,13,156,156,0.5641025641025641,0.39195979899497485,0.5714285714285714,0.5591397849462365,0.5448717948717948,0.39195979899497485,0.56,0.5377358490566038,-0.019230769230769273,0.0,-0.011428571428571344,-0.02140393588963274
bull_to_neutral,0.12,1.0,5.0,,12,144,156,0.5641025641025641,0.39195979899497485,0.5714285714285714,0.5591397849462365,0.5625,0.36180904522613067,0.5686274509803921,0.5591397849462365,-0.0016025641025640969,-0.030150753768844185,-0.0028011204481792618,0.0
bull_to_bear,0.12,1.0,5.0,,12,156,156,0.5641025641025641,0.39195979899497485,0.5714285714285714,0.5591397849462365,0.5512820512820513,0.39195979899497485,0.5686274509803921,0.5428571428571428,-0.012820512820512775,0.0,-0.0028011204481792618,-0.01628264208909369
bull_to_neutral,0.12,1.0,5.0,0.0,12,144,156,0.5641025641025641,0.39195979899497485,0.5714285714285714,0.5591397849462365,0.5625,0.36180904522613067,0.5686274509803921,0.5591397849462365,-0.0016025641025640969,-0.030150753768844185,-0.0028011204481792618,0.0
bull_to_bear,0.12,1.0,5.0,0.0,12,156,156,0.5641025641025641,0.39195979899497485,0.5714285714285714,0.5591397849462365,0.5512820512820513,0.39195979899497485,0.5686274509803921,0.5428571428571428,-0.012820512820512775,0.0,-0.0028011204481792618,-0.01628264208909369
bull_to_neutral,0.12,1.0,5.0,-0.05,12,144,156,0.5641025641025641,0.39195979899497485,0.5714285714285714,0.5591397849462365,0.5625,0.36180904522613067,0.5686274509803921,0.5591397849462365,-0.0016025641025640969,-0.030150753768844185,-0.0028011204481792618,0.0
bull_to_bear,0.12,1.0,5.0,-0.05,12,156,156,0.5641025641025641,0.39195979899497485,0.5714285714285714,0.5591397849462365,0.5512820512820513,0.39195979899497485,0.5686274509803921,0.5428571428571428,-0.012820512820512775,0.0,-0.0028011204481792618,-0.01628264208909369
bull_to_neutral,0.12,1.0,5.0,-0.1,12,144,156,0.5641025641025641,0.39195979899497485,0.5714285714285714,0.5591397849462365,0.5625,0.36180904522613067,0.5686274509803921,0.5591397849462365,-0.0016025641025640969,-0.030150753768844185,-0.0028011204481792618,0.0
bull_to_bear,0.12,1.0,5.0,-0.1,12,156,156,0.5641025641025641,0.39195979899497485,0.5714285714285714,0.5591397849462365,0.5512820512820513,0.39195979899497485,0.5686274509803921,0.5428571428571428,-0.012820512820512775,0.0,-0.0028011204481792618,-0.01628264208909369
bull_to_neutral,0.12,1.0,10.0,,11,145,156,0.5641025641025641,0.39195979899497485,0.5714285714285714,0.5591397849462365,0.5655172413793104,0.36432160804020103,0.5769230769230769,0.5591397849462365,0.0014146772767462679,-0.027638190954773822,0.005494505494505475,0.0
bull_to_bear,0.12,1.0,10.0,,11,156,156,0.5641025641025641,0.39195979899497485,0.5714285714285714,0.5591397849462365,0.5576923076923077,0.39195979899497485,0.5769230769230769,0.5480769230769231,-0.0064102564102563875,0.0,0.005494505494505475,-0.011062861869313378
bull_to_neutral,0.12,1.0,10.0,0.0,11,145,156,0.5641025641025641,0.39195979899497485,0.5714285714285714,0.5591397849462365,0.5655172413793104,0.36432160804020103,0.5769230769230769,0.5591397849462365,0.0014146772767462679,-0.027638190954773822,0.005494505494505475,0.0
bull_to_bear,0.12,1.0,10.0,0.0,11,156,156,0.5641025641025641,0.39195979899497485,0.5714285714285714,0.5591397849462365,0.5576923076923077,0.39195979899497485,0.5769230769230769,0.5480769230769231,-0.0064102564102563875,0.0,0.005494505494505475,-0.011062861869313378
bull_to_neutral,0.12,1.0,10.0,-0.05,11,145,156,0.5641025641025641,0.39195979899497485,0.5714285714285714,0.5591397849462365,0.5655172413793104,0.36432160804020103,0.5769230769230769,0.5591397849462365,0.0014146772767462679,-0.027638190954773822,0.005494505494505475,0.0
bull_to_bear,0.12,1.0,10.0,-0.05,11,156,156,0.5641025641025641,0.39195979899497485,0.5714285714285714,0.5591397849462365,0.5576923076923077,0.39195979899497485,0.5769230769230769,0.5480769230769231,-0.0064102564102563875,0.0,0.005494505494505475,-0.011062861869313378
bull_to_neutral,0.12,1.0,10.0,-0.1,11,145,156,0.5641025641025641,0.39195979899497485,0.5714285714285714,0.5591397849462365,0.5655172413793104,0.36432160804020103,0.5769230769230769,0.5591397849462365,0.0014146772767462679,-0.027638190954773822,0.005494505494505475,0.0
bull_to_bear,0.12,1.0,10.0,-0.1,11,156,156,0.5641025641025641,0.39195979899497485,0.5714285714285714,0.5591397849462365,0.5576923076923077,0.39195979899497485,0.5769230769230769,0.5480769230769231,-0.0064102564102563875,0.0,0.005494505494505475,-0.011062861869313378
bull_to_neutral,0.12,1.0,15.0,,11,145,156,0.5641025641025641,0.39195979899497485,0.5714285714285714,0.5591397849462365,0.5655172413793104,0.36432160804020103,0.5769230769230769,0.5591397849462365,0.0014146772767462679,-0.027638190954773822,0.005494505494505475,0.0
bull_to_bear,0.12,1.0,15.0,,11,156,156,0.5641025641025641,0.39195979899497485,0.5714285714285714,0.5591397849462365,0.5576923076923077,0.39195979899497485,0.5769230769230769,0.5480769230769231,-0.0064102564102563875,0.0,0.005494505494505475,-0.011062861869313378
bull_to_neutral,0.12,1.0,15.0,0.0,11,145,156,0.5641025641025641,0.39195979899497485,0.5714285714285714,0.5591397849462365,0.5655172413793104,0.36432160804020103,0.5769230769230769,0.5591397849462365,0.0014146772767462679,-0.027638190954773822,0.005494505494505475,0.0
bull_to_bear,0.12,1.0,15.0,0.0,11,156,156,0.5641025641025641,0.39195979899497485,0.5714285714285714,0.5591397849462365,0.5576923076923077,0.39195979899497485,0.5769230769230769,0.5480769230769231,-0.0064102564102563875,0.0,0.005494505494505475,-0.011062861869313378
bull_to_neutral,0.12,1.0,15.0,-0.05,11,145,156,0.5641025641025641,0.39195979899497485,0.5714285714285714,0.5591397849462365,0.5655172413793104,0.36432160804020103,0.5769230769230769,0.5591397849462365,0.0014146772767462679,-0.027638190954773822,0.005494505494505475,0.0
bull_to_bear,0.12,1.0,15.0,-0.05,11,156,156,0.5641025641025641,0.39195979899497485,0.5714285714285714,0.5591397849462365,0.5576923076923077,0.39195979899497485,0.5769230769230769,0.5480769230769231,-0.0064102564102563875,0.0,0.005494505494505475,-0.011062861869313378
bull_to_neutral,0.12,1.0,15.0,-0.1,11,145,156,0.5641025641025641,0.39195979899497485,0.5714285714285714,0.5591397849462365,0.5655172413793104,0.36432160804020103,0.5769230769230769,0.5591397849462365,0.0014146772767462679,-0.027638190954773822,0.005494505494505475,0.0
bull_to_bear,0.12,1.0,15.0,-0.1,11,156,156,0.5641025641025641,0.39195979899497485,0.5714285714285714,0.5591397849462365,0.5576923076923077,0.39195979899497485,0.5769230769230769,0.5480769230769231,-0.0064102564102563875,0.0,0.005494505494505475,-0.011062861869313378
bull_to_neutral,0.12,0.99,,,0,156,156,0.5641025641025641,0.39195979899497485,0.5714285714285714,0.5591397849462365,0.5641025641025641,0.39195979899497485,0.5714285714285714,0.5591397849462365,0.0,0.0,0.0,0.0
bull_to_bear,0.12,0.99,,,0,156,156,0.5641025641025641,0.39195979899497485,0.5714285714285714,0.5591397849462365,0.5641025641025641,0.39195979899497485,0.5714285714285714,0.5591397849462365,0.0,0.0,0.0,0.0
bull_to_neutral,0.12,0.99,,0.0,0,156,156,0.5641025641025641,0.39195979899497485,0.5714285714285714,0.5591397849462365,0.5641025641025641,0.39195979899497485,0.5714285714285714,0.5591397849462365,0.0,0.0,0.0,0.0
bull_to_bear,0.12,0.99,,0.0,0,156,156,0.5641025641025641,0.39195979899497485,0.5714285714285714,0.5591397849462365,0.5641025641025641,0.39195979899497485,0.5714285714285714,0.5591397849462365,0.0,0.0,0.0,0.0
bull_to_neutral,0.12,0.99,,-0.05,0,156,156,0.5641025641025641,0.39195979899497485,0.5714285714285714,0.5591397849462365,0.5641025641025641,0.39195979899497485,0.5714285714285714,0.5591397849462365,0.0,0.0,0.0,0.0
bull_to_bear,0.12,0.99,,-0.05,0,156,156,0.5641025641025641,0.39195979899497485,0.5714285714285714,0.5591397849462365,0.5641025641025641,0.39195979899497485,0.5714285714285714,0.5591397849462365,0.0,0.0,0.0,0.0
bull_to_neutral,0.12,0.99,,-0.1,0,156,156,0.5641025641025641,0.39195979899497485,0.5714285714285714,0.5591397849462365,0.5641025641025641,0.39195979899497485,0.5714285714285714,0.5591397849462365,0.0,0.0,0.0,0.0
bull_to_bear,0.12,0.99,,-0.1,0,156,156,0.5641025641025641,0.39195979899497485,0.5714285714285714,0.5591397849462365,0.5641025641025641,0.39195979899497485,0.5714285714285714,0.5591397849462365,0.0,0.0,0.0,0.0
bull_to_neutral,0.12,0.99,0.0,,0,156,156,0.5641025641025641,0.39195979899497485,0.5714285714285714,0.5591397849462365,0.5641025641025641,0.39195979899497485,0.5714285714285714,0.5591397849462365,0.0,0.0,0.0,0.0
bull_to_bear,0.12,0.99,0.0,,0,156,156,0.5641025641025641,0.39195979899497485,0.5714285714285714,0.5591397849462365,0.5641025641025641,0.39195979899497485,0.5714285714285714,0.5591397849462365,0.0,0.0,0.0,0.0
bull_to_neutral,0.12,0.99,0.0,0.0,0,156,156,0.5641025641025641,0.39195979899497485,0.5714285714285714,0.5591397849462365,0.5641025641025641,0.39195979899497485,0.5714285714285714,0.5591397849462365,0.0,0.0,0.0,0.0
bull_to_bear,0.12,0.99,0.0,0.0,0,156,156,0.5641025641025641,0.39195979899497485,0.5714285714285714,0.5591397849462365,0.5641025641025641,0.39195979899497485,0.5714285714285714,0.5591397849462365,0.0,0.0,0.0,0.0
bull_to_neutral,0.12,0.99,0.0,-0.05,0,156,156,0.5641025641025641,0.39195979899497485,0.5714285714285714,0.5591397849462365,0.5641025641025641,0.39195979899497485,0.5714285714285714,0.5591397849462365,0.0,0.0,0.0,0.0
bull_to_bear,0.12,0.99,0.0,-0.05,0,156,156,0.5641025641025641,0.39195979899497485,0.5714285714285714,0.5591397849462365,0.5641025641025641,0.39195979899497485,0.5714285714285714,0.5591397849462365,0.0,0.0,0.0,0.0
bull_to_neutral,0.12,0.99,0.0,-0.1,0,156,156,0.5641025641025641,0.39195979899497485,0.5714285714285714,0.5591397849462365,0.5641025641025641,0.39195979899497485,0.5714285714285714,0.5591397849462365,0.0,0.0,0.0,0.0
bull_to_bear,0.12,0.99,0.0,-0.1,0,156,156,0.5641025641025641,0.39195979899497485,0.5714285714285714,0.5591397849462365,0.5641025641025641,0.39195979899497485,0.5714285714285714,0.5591397849462365,0.0,0.0,0.0,0.0
bull_to_neutral,0.12,0.99,5.0,,0,156,156,0.5641025641025641,0.39195979899497485,0.5714285714285714,0.5591397849462365,0.5641025641025641,0.39195979899497485,0.5714285714285714,0.5591397849462365,0.0,0.0,0.0,0.0
bull_to_bear,0.12,0.99,5.0,,0,156,156,0.5641025641025641,0.39195979899497485,0.5714285714285714,0.5591397849462365,0.5641025641025641,0.39195979899497485,0.5714285714285714,0.5591397849462365,0.0,0.0,0.0,0.0
bull_to_neutral,0.12,0.99,5.0,0.0,0,156,156,0.5641025641025641,0.39195979899497485,0.5714285714285714,0.5591397849462365,0.5641025641025641,0.39195979899497485,0.5714285714285714,0.5591397849462365,0.0,0.0,0.0,0.0
bull_to_bear,0.12,0.99,5.0,0.0,0,156,156,0.5641025641025641,0.39195979899497485,0.5714285714285714,0.5591397849462365,0.5641025641025641,0.39195979899497485,0.5714285714285714,0.5591397849462365,0.0,0.0,0.0,0.0
bull_to_neutral,0.12,0.99,5.0,-0.05,0,156,156,0.5641025641025641,0.39195979899497485,0.5714285714285714,0.5591397849462365,0.5641025641025641,0.39195979899497485,0.5714285714285714,0.5591397849462365,0.0,0.0,0.0,0.0
bull_to_bear,0.12,0.99,5.0,-0.05,0,156,156,0.5641025641025641,0.39195979899497485,0.5714285714285714,0.5591397849462365,0.5641025641025641,0.39195979899497485,0.5714285714285714,0.5591397849462365,0.0,0.0,0.0,0.0
bull_to_neutral,0.12,0.99,5.0,-0.1,0,156,156,0.5641025641025641,0.39195979899497485,0.5714285714285714,0.5591397849462365,0.5641025641025641,0.39195979899497485,0.5714285714285714,0.5591397849462365,0.0,0.0,0.0,0.0
bull_to_bear,0.12,0.99,5.0,-0.1,0,156,156,0.5641025641025641,0.39195979899497485,0.5714285714285714,0.5591397849462365,0.5641025641025641,0.39195979899497485,0.5714285714285714,0.5591397849462365,0.0,0.0,0.0,0.0
bull_to_neutral,0.12,0.99,10.0,,0,156,156,0.5641025641025641,0.39195979899497485,0.5714285714285714,0.5591397849462365,0.5641025641025641,0.39195979899497485,0.5714285714285714,0.5591397849462365,0.0,0.0,0.0,0.0
bull_to_bear,0.12,0.99,10.0,,0,156,156,0.5641025641025641,0.39195979899497485,0.5714285714285714,0.5591397849462365,0.5641025641025641,0.39195979899497485,0.5714285714285714,0.5591397849462365,0.0,0.0,0.0,0.0
bull_to_neutral,0.12,0.99,10.0,0.0,0,156,156,0.5641025641025641,0.39195979899497485,0.5714285714285714,0.5591397849462365,0.5641025641025641,0.39195979899497485,0.5714285714285714,0.5591397849462365,0.0,0.0,0.0,0.0
bull_to_bear,0.12,0.99,10.0,0.0,0,156,156,0.5641025641025641,0.39195979899497485,0.5714285714285714,0.5591397849462365,0.5641025641025641,0.39195979899497485,0.5714285714285714,0.5591397849462365,0.0,0.0,0.0,0.0
bull_to_neutral,0.12,0.99,10.0,-0.05,0,156,156,0.5641025641025641,0.39195979899497485,0.5714285714285714,0.5591397849462365,0.5641025641025641,0.39195979899497485,0.5714285714285714,0.5591397849462365,0.0,0.0,0.0,0.0
bull_to_bear,0.12,0.99,10.0,-0.05,0,156,156,0.5641025641025641,0.39195979899497485,0.5714285714285714,0.5591397849462365,0.5641025641025641,0.39195979899497485,0.5714285714285714,0.5591397849462365,0.0,0.0,0.0,0.0
bull_to_neutral,0.12,0.99,10.0,-0.1,0,156,156,0.5641025641025641,0.39195979899497485,0.5714285714285714,0.5591397849462365,0.5641025641025641,0.39195979899497485,0.5714285714285714,0.5591397849462365,0.0,0.0,0.0,0.0
bull_to_bear,0.12,0.99,10.0,-0.1,0,156,156,0.5641025641025641,0.39195979899497485,0.5714285714285714,0.5591397849462365,0.5641025641025641,0.39195979899497485,0.5714285714285714,0.5591397849462365,0.0,0.0,0.0,0.0
bull_to_neutral,0.12,0.99,15.0,,0,156,156,0.5641025641025641,0.39195979899497485,0.5714285714285714,0.5591397849462365,0.5641025641025641,0.39195979899497485,0.5714285714285714,0.5591397849462365,0.0,0.0,0.0,0.0
bull_to_bear,0.12,0.99,15.0,,0,156,156,0.5641025641025641,0.39195979899497485,0.5714285714285714,0.5591397849462365,0.5641025641025641,0.39195979899497485,0.5714285714285714,0.5591397849462365,0.0,0.0,0.0,0.0
bull_to_neutral,0.12,0.99,15.0,0.0,0,156,156,0.5641025641025641,0.39195979899497485,0.5714285714285714,0.5591397849462365,0.5641025641025641,0.39195979899497485,0.5714285714285714,0.5591397849462365,0.0,0.0,0.0,0.0
bull_to_bear,0.12,0.99,15.0,0.0,0,156,156,0.5641025641025641,0.39195979899497485,0.5714285714285714,0.5591397849462365,0.5641025641025641,0.39195979899497485,0.5714285714285714,0.5591397849462365,0.0,0.0,0.0,0.0
bull_to_neutral,0.12,0.99,15.0,-0.05,0,156,156,0.5641025641025641,0.39195979899497485,0.5714285714285714,0.5591397849462365,0.5641025641025641,0.39195979899497485,0.5714285714285714,0.5591397849462365,0.0,0.0,0.0,0.0
bull_to_bear,0.12,0.99,15.0,-0.05,0,156,156,0.5641025641025641,0.39195979899497485,0.5714285714285714,0.5591397849462365,0.5641025641025641,0.39195979899497485,0.5714285714285714,0.5591397849462365,0.0,0.0,0.0,0.0
bull_to_neutral,0.12,0.99,15.0,-0.1,0,156,156,0.5641025641025641,0.39195979899497485,0.5714285714285714,0.5591397849462365,0.5641025641025641,0.39195979899497485,0.5714285714285714,0.5591397849462365,0.0,0.0,0.0,0.0
bull_to_bear,0.12,0.99,15.0,-0.1,0,156,156,0.5641025641025641,0.39195979899497485,0.5714285714285714,0.5591397849462365,0.5641025641025641,0.39195979899497485,0.5714285714285714,0.5591397849462365,0.0,0.0,0.0,0.0
bull_to_neutral,0.12,0.98,,,0,156,156,0.5641025641025641,0.39195979899497485,0.5714285714285714,0.5591397849462365,0.5641025641025641,0.39195979899497485,0.5714285714285714,0.5591397849462365,0.0,0.0,0.0,0.0
bull_to_bear,0.12,0.98,,,0,156,156,0.5641025641025641,0.39195979899497485,0.5714285714285714,0.5591397849462365,0.5641025641025641,0.39195979899497485,0.5714285714285714,0.5591397849462365,0.0,0.0,0.0,0.0
bull_to_neutral,0.12,0.98,,0.0,0,156,156,0.5641025641025641,0.39195979899497485,0.5714285714285714,0.5591397849462365,0.5641025641025641,0.39195979899497485,0.5714285714285714,0.5591397849462365,0.0,0.0,0.0,0.0
bull_to_bear,0.12,0.98,,0.0,0,156,156,0.5641025641025641,0.39195979899497485,0.5714285714285714,0.5591397849462365,0.5641025641025641,0.39195979899497485,0.5714285714285714,0.5591397849462365,0.0,0.0,0.0,0.0
bull_to_neutral,0.12,0.98,,-0.05,0,156,156,0.5641025641025641,0.39195979899497485,0.5714285714285714,0.5591397849462365,0.5641025641025641,0.39195979899497485,0.5714285714285714,0.5591397849462365,0.0,0.0,0.0,0.0
bull_to_bear,0.12,0.98,,-0.05,0,156,156,0.5641025641025641,0.39195979899497485,0.5714285714285714,0.5591397849462365,0.5641025641025641,0.39195979899497485,0.5714285714285714,0.5591397849462365,0.0,0.0,0.0,0.0
bull_to_neutral,0.12,0.98,,-0.1,0,156,156,0.5641025641025641,0.39195979899497485,0.5714285714285714,0.5591397849462365,0.5641025641025641,0.39195979899497485,0.5714285714285714,0.5591397849462365,0.0,0.0,0.0,0.0
bull_to_bear,0.12,0.98,,-0.1,0,156,156,0.5641025641025641,0.39195979899497485,0.5714285714285714,0.5591397849462365,0.5641025641025641,0.39195979899497485,0.5714285714285714,0.5591397849462365,0.0,0.0,0.0,0.0
bull_to_neutral,0.12,0.98,0.0,,0,156,156,0.5641025641025641,0.39195979899497485,0.5714285714285714,0.5591397849462365,0.5641025641025641,0.39195979899497485,0.5714285714285714,0.5591397849462365,0.0,0.0,0.0,0.0
bull_to_bear,0.12,0.98,0.0,,0,156,156,0.5641025641025641,0.39195979899497485,0.5714285714285714,0.5591397849462365,0.5641025641025641,0.39195979899497485,0.5714285714285714,0.5591397849462365,0.0,0.0,0.0,0.0
bull_to_neutral,0.12,0.98,0.0,0.0,0,156,156,0.5641025641025641,0.39195979899497485,0.5714285714285714,0.5591397849462365,0.5641025641025641,0.39195979899497485,0.5714285714285714,0.5591397849462365,0.0,0.0,0.0,0.0
bull_to_bear,0.12,0.98,0.0,0.0,0,156,156,0.5641025641025641,0.39195979899497485,0.5714285714285714,0.5591397849462365,0.5641025641025641,0.39195979899497485,0.5714285714285714,0.5591397849462365,0.0,0.0,0.0,0.0
bull_to_neutral,0.12,0.98,0.0,-0.05,0,156,156,0.5641025641025641,0.39195979899497485,0.5714285714285714,0.5591397849462365,0.5641025641025641,0.39195979899497485,0.5714285714285714,0.5591397849462365,0.0,0.0,0.0,0.0
bull_to_bear,0.12,0.98,0.0,-0.05,0,156,156,0.5641025641025641,0.39195979899497485,0.5714285714285714,0.5591397849462365,0.5641025641025641,0.39195979899497485,0.5714285714285714,0.5591397849462365,0.0,0.0,0.0,0.0
bull_to_neutral,0.12,0.98,0.0,-0.1,0,156,156,0.5641025641025641,0.39195979899497485,0.5714285714285714,0.5591397849462365,0.5641025641025641,0.39195979899497485,0.5714285714285714,0.5591397849462365,0.0,0.0,0.0,0.0
bull_to_bear,0.12,0.98,0.0,-0.1,0,156,156,0.5641025641025641,0.39195979899497485,0.5714285714285714,0.5591397849462365,0.5641025641025641,0.39195979899497485,0.5714285714285714,0.5591397849462365,0.0,0.0,0.0,0.0
bull_to_neutral,0.12,0.98,5.0,,0,156,156,0.5641025641025641,0.39195979899497485,0.5714285714285714,0.5591397849462365,0.5641025641025641,0.39195979899497485,0.5714285714285714,0.5591397849462365,0.0,0.0,0.0,0.0
bull_to_bear,0.12,0.98,5.0,,0,156,156,0.5641025641025641,0.39195979899497485,0.5714285714285714,0.5591397849462365,0.5641025641025641,0.39195979899497485,0.5714285714285714,0.5591397849462365,0.0,0.0,0.0,0.0
bull_to_neutral,0.12,0.98,5.0,0.0,0,156,156,0.5641025641025641,0.39195979899497485,0.5714285714285714,0.5591397849462365,0.5641025641025641,0.39195979899497485,0.5714285714285714,0.5591397849462365,0.0,0.0,0.0,0.0
bull_to_bear,0.12,0.98,5.0,0.0,0,156,156,0.5641025641025641,0.39195979899497485,0.5714285714285714,0.5591397849462365,0.5641025641025641,0.39195979899497485,0.5714285714285714,0.5591397849462365,0.0,0.0,0.0,0.0
bull_to_neutral,0.12,0.98,5.0,-0.05,0,156,156,0.5641025641025641,0.39195979899497485,0.5714285714285714,0.5591397849462365,0.5641025641025641,0.39195979899497485,0.5714285714285714,0.5591397849462365,0.0,0.0,0.0,0.0
bull_to_bear,0.12,0.98,5.0,-0.05,0,156,156,0.5641025641025641,0.39195979899497485,0.5714285714285714,0.5591397849462365,0.5641025641025641,0.39195979899497485,0.5714285714285714,0.5591397849462365,0.0,0.0,0.0,0.0
bull_to_neutral,0.12,0.98,5.0,-0.1,0,156,156,0.5641025641025641,0.39195979899497485,0.5714285714285714,0.5591397849462365,0.5641025641025641,0.39195979899497485,0.5714285714285714,0.5591397849462365,0.0,0.0,0.0,0.0
bull_to_bear,0.12,0.98,5.0,-0.1,0,156,156,0.5641025641025641,0.39195979899497485,0.5714285714285714,0.5591397849462365,0.5641025641025641,0.39195979899497485,0.5714285714285714,0.5591397849462365,0.0,0.0,0.0,0.0
bull_to_neutral,0.12,0.98,10.0,,0,156,156,0.5641025641025641,0.39195979899497485,0.5714285714285714,0.5591397849462365,0.5641025641025641,0.39195979899497485,0.5714285714285714,0.5591397849462365,0.0,0.0,0.0,0.0
bull_to_bear,0.12,0.98,10.0,,0,156,156,0.5641025641025641,0.39195979899497485,0.5714285714285714,0.5591397849462365,0.5641025641025641,0.39195979899497485,0.5714285714285714,0.5591397849462365,0.0,0.0,0.0,0.0
bull_to_neutral,0.12,0.98,10.0,0.0,0,156,156,0.5641025641025641,0.39195979899497485,0.5714285714285714,0.5591397849462365,0.5641025641025641,0.39195979899497485,0.5714285714285714,0.5591397849462365,0.0,0.0,0.0,0.0
bull_to_bear,0.12,0.98,10.0,0.0,0,156,156,0.5641025641025641,0.39195979899497485,0.5714285714285714,0.5591397849462365,0.5641025641025641,0.39195979899497485,0.5714285714285714,0.5591397849462365,0.0,0.0,0.0,0.0
bull_to_neutral,0.12,0.98,10.0,-0.05,0,156,156,0.5641025641025641,0.39195979899497485,0.5714285714285714,0.5591397849462365,0.5641025641025641,0.39195979899497485,0.5714285714285714,0.5591397849462365,0.0,0.0,0.0,0.0
bull_to_bear,0.12,0.98,10.0,-0.05,0,156,156,0.5641025641025641,0.39195979899497485,0.5714285714285714,0.5591397849462365,0.5641025641025641,0.39195979899497485,0.5714285714285714,0.5591397849462365,0.0,0.0,0.0,0.0
bull_to_neutral,0.12,0.98,10.0,-0.1,0,156,156,0.5641025641025641,0.39195979899497485,0.5714285714285714,0.5591397849462365,0.5641025641025641,0.39195979899497485,0.5714285714285714,0.5591397849462365,0.0,0.0,0.0,0.0
bull_to_bear,0.12,0.98,10.0,-0.1,0,156,156,0.5641025641025641,0.39195979899497485,0.5714285714285714,0.5591397849462365,0.5641025641025641,0.39195979899497485,0.5714285714285714,0.5591397849462365,0.0,0.0,0.0,0.0
bull_to_neutral,0.12,0.98,15.0,,0,156,156,0.5641025641025641,0.39195979899497485,0.5714285714285714,0.5591397849462365,0.5641025641025641,0.39195979899497485,0.5714285714285714,0.5591397849462365,0.0,0.0,0.0,0.0
bull_to_bear,0.12,0.98,15.0,,0,156,156,0.5641025641025641,0.39195979899497485,0.5714285714285714,0.5591397849462365,0.5641025641025641,0.39195979899497485,0.5714285714285714,0.5591397849462365,0.0,0.0,0.0,0.0
bull_to_neutral,0.12,0.98,15.0,0.0,0,156,156,0.5641025641025641,0.39195979899497485,0.5714285714285714,0.5591397849462365,0.5641025641025641,0.39195979899497485,0.5714285714285714,0.5591397849462365,0.0,0.0,0.0,0.0
bull_to_bear,0.12,0.98,15.0,0.0,0,156,156,0.5641025641025641,0.39195979899497485,0.5714285714285714,0.5591397849462365,0.5641025641025641,0.39195979899497485,0.5714285714285714,0.5591397849462365,0.0,0.0,0.0,0.0
bull_to_neutral,0.12,0.98,15.0,-0.05,0,156,156,0.5641025641025641,0.39195979899497485,0.5714285714285714,0.5591397849462365,0.5641025641025641,0.39195979899497485,0.5714285714285714,0.5591397849462365,0.0,0.0,0.0,0.0
bull_to_bear,0.12,0.98,15.0,-0.05,0,156,156,0.5641025641025641,0.39195979899497485,0.5714285714285714,0.5591397849462365,0.5641025641025641,0.39195979899497485,0.5714285714285714,0.5591397849462365,0.0,0.0,0.0,0.0
bull_to_neutral,0.12,0.98,15.0,-0.1,0,156,156,0.5641025641025641,0.39195979899497485,0.5714285714285714,0.5591397849462365,0.5641025641025641,0.39195979899497485,0.5714285714285714,0.5591397849462365,0.0,0.0,0.0,0.0
bull_to_bear,0.12,0.98,15.0,-0.1,0,156,156,0.5641025641025641,0.39195979899497485,0.5714285714285714,0.5591397849462365,0.5641025641025641,0.39195979899497485,0.5714285714285714,0.5591397849462365,0.0,0.0,0.0,0.0
bull_to_neutral,0.12,0.97,,,0,156,156,0.5641025641025641,0.39195979899497485,0.5714285714285714,0.5591397849462365,0.5641025641025641,0.39195979899497485,0.5714285714285714,0.5591397849462365,0.0,0.0,0.0,0.0
bull_to_bear,0.12,0.97,,,0,156,156,0.5641025641025641,0.39195979899497485,0.5714285714285714,0.5591397849462365,0.5641025641025641,0.39195979899497485,0.5714285714285714,0.5591397849462365,0.0,0.0,0.0,0.0
bull_to_neutral,0.12,0.97,,0.0,0,156,156,0.5641025641025641,0.39195979899497485,0.5714285714285714,0.5591397849462365,0.5641025641025641,0.39195979899497485,0.5714285714285714,0.5591397849462365,0.0,0.0,0.0,0.0
bull_to_bear,0.12,0.97,,0.0,0,156,156,0.5641025641025641,0.39195979899497485,0.5714285714285714,0.5591397849462365,0.5641025641025641,0.39195979899497485,0.5714285714285714,0.5591397849462365,0.0,0.0,0.0,0.0
bull_to_neutral,0.12,0.97,,-0.05,0,156,156,0.5641025641025641,0.39195979899497485,0.5714285714285714,0.5591397849462365,0.5641025641025641,0.39195979899497485,0.5714285714285714,0.5591397849462365,0.0,0.0,0.0,0.0
bull_to_bear,0.12,0.97,,-0.05,0,156,156,0.5641025641025641,0.39195979899497485,0.5714285714285714,0.5591397849462365,0.5641025641025641,0.39195979899497485,0.5714285714285714,0.5591397849462365,0.0,0.0,0.0,0.0
bull_to_neutral,0.12,0.97,,-0.1,0,156,156,0.5641025641025641,0.39195979899497485,0.5714285714285714,0.5591397849462365,0.5641025641025641,0.39195979899497485,0.5714285714285714,0.5591397849462365,0.0,0.0,0.0,0.0
bull_to_bear,0.12,0.97,,-0.1,0,156,156,0.5641025641025641,0.39195979899497485,0.5714285714285714,0.5591397849462365,0.5641025641025641,0.39195979899497485,0.5714285714285714,0.5591397849462365,0.0,0.0,0.0,0.0
bull_to_neutral,0.12,0.97,0.0,,0,156,156,0.5641025641025641,0.39195979899497485,0.5714285714285714,0.5591397849462365,0.5641025641025641,0.39195979899497485,0.5714285714285714,0.5591397849462365,0.0,0.0,0.0,0.0
bull_to_bear,0.12,0.97,0.0,,0,156,156,0.5641025641025641,0.39195979899497485,0.5714285714285714,0.5591397849462365,0.5641025641025641,0.39195979899497485,0.5714285714285714,0.5591397849462365,0.0,0.0,0.0,0.0
bull_to_neutral,0.12,0.97,0.0,0.0,0,156,156,0.5641025641025641,0.39195979899497485,0.5714285714285714,0.5591397849462365,0.5641025641025641,0.39195979899497485,0.5714285714285714,0.5591397849462365,0.0,0.0,0.0,0.0
bull_to_bear,0.12,0.97,0.0,0.0,0,156,156,0.5641025641025641,0.39195979899497485,0.5714285714285714,0.5591397849462365,0.5641025641025641,0.39195979899497485,0.5714285714285714,0.5591397849462365,0.0,0.0,0.0,0.0
bull_to_neutral,0.12,0.97,0.0,-0.05,0,156,156,0.5641025641025641,0.39195979899497485,0.5714285714285714,0.5591397849462365,0.5641025641025641,0.39195979899497485,0.5714285714285714,0.5591397849462365,0.0,0.0,0.0,0.0
bull_to_bear,0.12,0.97,0.0,-0.05,0,156,156,0.5641025641025641,0.39195979899497485,0.5714285714285714,0.5591397849462365,0.5641025641025641,0.39195979899497485,0.5714285714285714,0.5591397849462365,0.0,0.0,0.0,0.0
bull_to_neutral,0.12,0.97,0.0,-0.1,0,156,156,0.5641025641025641,0.39195979899497485,0.5714285714285714,0.5591397849462365,0.5641025641025641,0.39195979899497485,0.5714285714285714,0.5591397849462365,0.0,0.0,0.0,0.0
bull_to_bear,0.12,0.97,0.0,-0.1,0,156,156,0.5641025641025641,0.39195979899497485,0.5714285714285714,0.5591397849462365,0.5641025641025641,0.39195979899497485,0.5714285714285714,0.5591397849462365,0.0,0.0,0.0,0.0
bull_to_neutral,0.12,0.97,5.0,,0,156,156,0.5641025641025641,0.39195979899497485,0.5714285714285714,0.5591397849462365,0.5641025641025641,0.39195979899497485,0.5714285714285714,0.5591397849462365,0.0,0.0,0.0,0.0
bull_to_bear,0.12,0.97,5.0,,0,156,156,0.5641025641025641,0.39195979899497485,0.5714285714285714,0.5591397849462365,0.5641025641025641,0.39195979899497485,0.5714285714285714,0.5591397849462365,0.0,0.0,0.0,0.0
bull_to_neutral,0.12,0.97,5.0,0.0,0,156,156,0.5641025641025641,0.39195979899497485,0.5714285714285714,0.5591397849462365,0.5641025641025641,0.39195979899497485,0.5714285714285714,0.5591397849462365,0.0,0.0,0.0,0.0
bull_to_bear,0.12,0.97,5.0,0.0,0,156,156,0.5641025641025641,0.39195979899497485,0.5714285714285714,0.5591397849462365,0.5641025641025641,0.39195979899497485,0.5714285714285714,0.5591397849462365,0.0,0.0,0.0,0.0
bull_to_neutral,0.12,0.97,5.0,-0.05,0,156,156,0.5641025641025641,0.39195979899497485,0.5714285714285714,0.5591397849462365,0.5641025641025641,0.39195979899497485,0.5714285714285714,0.5591397849462365,0.0,0.0,0.0,0.0
bull_to_bear,0.12,0.97,5.0,-0.05,0,156,156,0.5641025641025641,0.39195979899497485,0.5714285714285714,0.5591397849462365,0.5641025641025641,0.39195979899497485,0.5714285714285714,0.5591397849462365,0.0,0.0,0.0,0.0
bull_to_neutral,0.12,0.97,5.0,-0.1,0,156,156,0.5641025641025641,0.39195979899497485,0.5714285714285714,0.5591397849462365,0.5641025641025641,0.39195979899497485,0.5714285714285714,0.5591397849462365,0.0,0.0,0.0,0.0
bull_to_bear,0.12,0.97,5.0,-0.1,0,156,156,0.5641025641025641,0.39195979899497485,0.5714285714285714,0.5591397849462365,0.5641025641025641,0.39195979899497485,0.5714285714285714,0.5591397849462365,0.0,0.0,0.0,0.0
bull_to_neutral,0.12,0.97,10.0,,0,156,156,0.5641025641025641,0.39195979899497485,0.5714285714285714,0.5591397849462365,0.5641025641025641,0.39195979899497485,0.5714285714285714,0.5591397849462365,0.0,0.0,0.0,0.0
bull_to_bear,0.12,0.97,10.0,,0,156,156,0.5641025641025641,0.39195979899497485,0.5714285714285714,0.5591397849462365,0.5641025641025641,0.39195979899497485,0.5714285714285714,0.5591397849462365,0.0,0.0,0.0,0.0
bull_to_neutral,0.12,0.97,10.0,0.0,0,156,156,0.5641025641025641,0.39195979899497485,0.5714285714285714,0.5591397849462365,0.5641025641025641,0.39195979899497485,0.5714285714285714,0.5591397849462365,0.0,0.0,0.0,0.0
bull_to_bear,0.12,0.97,10.0,0.0,0,156,156,0.5641025641025641,0.39195979899497485,0.5714285714285714,0.5591397849462365,0.5641025641025641,0.39195979899497485,0.5714285714285714,0.5591397849462365,0.0,0.0,0.0,0.0
bull_to_neutral,0.12,0.97,10.0,-0.05,0,156,156,0.5641025641025641,0.39195979899497485,0.5714285714285714,0.5591397849462365,0.5641025641025641,0.39195979899497485,0.5714285714285714,0.5591397849462365,0.0,0.0,0.0,0.0
bull_to_bear,0.12,0.97,10.0,-0.05,0,156,156,0.5641025641025641,0.39195979899497485,0.5714285714285714,0.5591397849462365,0.5641025641025641,0.39195979899497485,0.5714285714285714,0.5591397849462365,0.0,0.0,0.0,0.0
bull_to_neutral,0.12,0.97,10.0,-0.1,0,156,156,0.5641025641025641,0.39195979899497485,0.5714285714285714,0.5591397849462365,0.5641025641025641,0.39195979899497485,0.5714285714285714,0.5591397849462365,0.0,0.0,0.0,0.0
bull_to_bear,0.12,0.97,10.0,-0.1,0,156,156,0.5641025641025641,0.39195979899497485,0.5714285714285714,0.5591397849462365,0.5641025641025641,0.39195979899497485,0.5714285714285714,0.5591397849462365,0.0,0.0,0.0,0.0
bull_to_neutral,0.12,0.97,15.0,,0,156,156,0.5641025641025641,0.39195979899497485,0.5714285714285714,0.5591397849462365,0.5641025641025641,0.39195979899497485,0.5714285714285714,0.5591397849462365,0.0,0.0,0.0,0.0
bull_to_bear,0.12,0.97,15.0,,0,156,156,0.5641025641025641,0.39195979899497485,0.5714285714285714,0.5591397849462365,0.5641025641025641,0.39195979899497485,0.5714285714285714,0.5591397849462365,0.0,0.0,0.0,0.0
bull_to_neutral,0.12,0.97,15.0,0.0,0,156,156,0.5641025641025641,0.39195979899497485,0.5714285714285714,0.5591397849462365,0.5641025641025641,0.39195979899497485,0.5714285714285714,0.5591397849462365,0.0,0.0,0.0,0.0
bull_to_bear,0.12,0.97,15.0,0.0,0,156,156,0.5641025641025641,0.39195979899497485,0.5714285714285714,0.5591397849462365,0.5641025641025641,0.39195979899497485,0.5714285714285714,0.5591397849462365,0.0,0.0,0.0,0.0
bull_to_neutral,0.12,0.97,15.0,-0.05,0,156,156,0.5641025641025641,0.39195979899497485,0.5714285714285714,0.5591397849462365,0.5641025641025641,0.39195979899497485,0.5714285714285714,0.5591397849462365,0.0,0.0,0.0,0.0
bull_to_bear,0.12,0.97,15.0,-0.05,0,156,156,0.5641025641025641,0.39195979899497485,0.5714285714285714,0.5591397849462365,0.5641025641025641,0.39195979899497485,0.5714285714285714,0.5591397849462365,0.0,0.0,0.0,0.0
bull_to_neutral,0.12,0.97,15.0,-0.1,0,156,156,0.5641025641025641,0.39195979899497485,0.5714285714285714,0.5591397849462365,0.5641025641025641,0.39195979899497485,0.5714285714285714,0.5591397849462365,0.0,0.0,0.0,0.0
bull_to_bear,0.12,0.97,15.0,-0.1,0,156,156,0.5641025641025641,0.39195979899497485,0.5714285714285714,0.5591397849462365,0.5641025641025641,0.39195979899497485,0.5714285714285714,0.5591397849462365,0.0,0.0,0.0,0.0
bull_to_neutral,0.12,0.95,,,0,156,156,0.5641025641025641,0.39195979899497485,0.5714285714285714,0.5591397849462365,0.5641025641025641,0.39195979899497485,0.5714285714285714,0.5591397849462365,0.0,0.0,0.0,0.0
bull_to_bear,0.12,0.95,,,0,156,156,0.5641025641025641,0.39195979899497485,0.5714285714285714,0.5591397849462365,0.5641025641025641,0.39195979899497485,0.5714285714285714,0.5591397849462365,0.0,0.0,0.0,0.0
bull_to_neutral,0.12,0.95,,0.0,0,156,156,0.5641025641025641,0.39195979899497485,0.5714285714285714,0.5591397849462365,0.5641025641025641,0.39195979899497485,0.5714285714285714,0.5591397849462365,0.0,0.0,0.0,0.0
bull_to_bear,0.12,0.95,,0.0,0,156,156,0.5641025641025641,0.39195979899497485,0.5714285714285714,0.5591397849462365,0.5641025641025641,0.39195979899497485,0.5714285714285714,0.5591397849462365,0.0,0.0,0.0,0.0
bull_to_neutral,0.12,0.95,,-0.05,0,156,156,0.5641025641025641,0.39195979899497485,0.5714285714285714,0.5591397849462365,0.5641025641025641,0.39195979899497485,0.5714285714285714,0.5591397849462365,0.0,0.0,0.0,0.0
bull_to_bear,0.12,0.95,,-0.05,0,156,156,0.5641025641025641,0.39195979899497485,0.5714285714285714,0.5591397849462365,0.5641025641025641,0.39195979899497485,0.5714285714285714,0.5591397849462365,0.0,0.0,0.0,0.0
bull_to_neutral,0.12,0.95,,-0.1,0,156,156,0.5641025641025641,0.39195979899497485,0.5714285714285714,0.5591397849462365,0.5641025641025641,0.39195979899497485,0.5714285714285714,0.5591397849462365,0.0,0.0,0.0,0.0
bull_to_bear,0.12,0.95,,-0.1,0,156,156,0.5641025641025641,0.39195979899497485,0.5714285714285714,0.5591397849462365,0.5641025641025641,0.39195979899497485,0.5714285714285714,0.5591397849462365,0.0,0.0,0.0,0.0
bull_to_neutral,0.12,0.95,0.0,,0,156,156,0.5641025641025641,0.39195979899497485,0.5714285714285714,0.5591397849462365,0.5641025641025641,0.39195979899497485,0.5714285714285714,0.5591397849462365,0.0,0.0,0.0,0.0
bull_to_bear,0.12,0.95,0.0,,0,156,156,0.5641025641025641,0.39195979899497485,0.5714285714285714,0.5591397849462365,0.5641025641025641,0.39195979899497485,0.5714285714285714,0.5591397849462365,0.0,0.0,0.0,0.0
bull_to_neutral,0.12,0.95,0.0,0.0,0,156,156,0.5641025641025641,0.39195979899497485,0.5714285714285714,0.5591397849462365,0.5641025641025641,0.39195979899497485,0.5714285714285714,0.5591397849462365,0.0,0.0,0.0,0.0
bull_to_bear,0.12,0.95,0.0,0.0,0,156,156,0.5641025641025641,0.39195979899497485,0.5714285714285714,0.5591397849462365,0.5641025641025641,0.39195979899497485,0.5714285714285714,0.5591397849462365,0.0,0.0,0.0,0.0
bull_to_neutral,0.12,0.95,0.0,-0.05,0,156,156,0.5641025641025641,0.39195979899497485,0.5714285714285714,0.5591397849462365,0.5641025641025641,0.39195979899497485,0.5714285714285714,0.5591397849462365,0.0,0.0,0.0,0.0
bull_to_bear,0.12,0.95,0.0,-0.05,0,156,156,0.5641025641025641,0.39195979899497485,0.5714285714285714,0.5591397849462365,0.5641025641025641,0.39195979899497485,0.5714285714285714,0.5591397849462365,0.0,0.0,0.0,0.0
bull_to_neutral,0.12,0.95,0.0,-0.1,0,156,156,0.5641025641025641,0.39195979899497485,0.5714285714285714,0.5591397849462365,0.5641025641025641,0.39195979899497485,0.5714285714285714,0.5591397849462365,0.0,0.0,0.0,0.0
bull_to_bear,0.12,0.95,0.0,-0.1,0,156,156,0.5641025641025641,0.39195979899497485,0.5714285714285714,0.5591397849462365,0.5641025641025641,0.39195979899497485,0.5714285714285714,0.5591397849462365,0.0,0.0,0.0,0.0
bull_to_neutral,0.12,0.95,5.0,,0,156,156,0.5641025641025641,0.39195979899497485,0.5714285714285714,0.5591397849462365,0.5641025641025641,0.39195979899497485,0.5714285714285714,0.5591397849462365,0.0,0.0,0.0,0.0
bull_to_bear,0.12,0.95,5.0,,0,156,156,0.5641025641025641,0.39195979899497485,0.5714285714285714,0.5591397849462365,0.5641025641025641,0.39195979899497485,0.5714285714285714,0.5591397849462365,0.0,0.0,0.0,0.0
bull_to_neutral,0.12,0.95,5.0,0.0,0,156,156,0.5641025641025641,0.39195979899497485,0.5714285714285714,0.5591397849462365,0.5641025641025641,0.39195979899497485,0.5714285714285714,0.5591397849462365,0.0,0.0,0.0,0.0
bull_to_bear,0.12,0.95,5.0,0.0,0,156,156,0.5641025641025641,0.39195979899497485,0.5714285714285714,0.5591397849462365,0.5641025641025641,0.39195979899497485,0.5714285714285714,0.5591397849462365,0.0,0.0,0.0,0.0
bull_to_neutral,0.12,0.95,5.0,-0.05,0,156,156,0.5641025641025641,0.39195979899497485,0.5714285714285714,0.5591397849462365,0.5641025641025641,0.39195979899497485,0.5714285714285714,0.5591397849462365,0.0,0.0,0.0,0.0
bull_to_bear,0.12,0.95,5.0,-0.05,0,156,156,0.5641025641025641,0.39195979899497485,0.5714285714285714,0.5591397849462365,0.5641025641025641,0.39195979899497485,0.5714285714285714,0.5591397849462365,0.0,0.0,0.0,0.0
bull_to_neutral,0.12,0.95,5.0,-0.1,0,156,156,0.5641025641025641,0.39195979899497485,0.5714285714285714,0.5591397849462365,0.5641025641025641,0.39195979899497485,0.5714285714285714,0.5591397849462365,0.0,0.0,0.0,0.0
bull_to_bear,0.12,0.95,5.0,-0.1,0,156,156,0.5641025641025641,0.39195979899497485,0.5714285714285714,0.5591397849462365,0.5641025641025641,0.39195979899497485,0.5714285714285714,0.5591397849462365,0.0,0.0,0.0,0.0
bull_to_neutral,0.12,0.95,10.0,,0,156,156,0.5641025641025641,0.39195979899497485,0.5714285714285714,0.5591397849462365,0.5641025641025641,0.39195979899497485,0.5714285714285714,0.5591397849462365,0.0,0.0,0.0,0.0
bull_to_bear,0.12,0.95,10.0,,0,156,156,0.5641025641025641,0.39195979899497485,0.5714285714285714,0.5591397849462365,0.5641025641025641,0.39195979899497485,0.5714285714285714,0.5591397849462365,0.0,0.0,0.0,0.0
bull_to_neutral,0.12,0.95,10.0,0.0,0,156,156,0.5641025641025641,0.39195979899497485,0.5714285714285714,0.5591397849462365,0.5641025641025641,0.39195979899497485,0.5714285714285714,0.5591397849462365,0.0,0.0,0.0,0.0
bull_to_bear,0.12,0.95,10.0,0.0,0,156,156,0.5641025641025641,0.39195979899497485,0.5714285714285714,0.5591397849462365,0.5641025641025641,0.39195979899497485,0.5714285714285714,0.5591397849462365,0.0,0.0,0.0,0.0
bull_to_neutral,0.12,0.95,10.0,-0.05,0,156,156,0.5641025641025641,0.39195979899497485,0.5714285714285714,0.5591397849462365,0.5641025641025641,0.39195979899497485,0.5714285714285714,0.5591397849462365,0.0,0.0,0.0,0.0
bull_to_bear,0.12,0.95,10.0,-0.05,0,156,156,0.5641025641025641,0.39195979899497485,0.5714285714285714,0.5591397849462365,0.5641025641025641,0.39195979899497485,0.5714285714285714,0.5591397849462365,0.0,0.0,0.0,0.0
bull_to_neutral,0.12,0.95,10.0,-0.1,0,156,156,0.5641025641025641,0.39195979899497485,0.5714285714285714,0.5591397849462365,0.5641025641025641,0.39195979899497485,0.5714285714285714,0.5591397849462365,0.0,0.0,0.0,0.0
bull_to_bear,0.12,0.95,10.0,-0.1,0,156,156,0.5641025641025641,0.39195979899497485,0.5714285714285714,0.5591397849462365,0.5641025641025641,0.39195979899497485,0.5714285714285714,0.5591397849462365,0.0,0.0,0.0,0.0
bull_to_neutral,0.12,0.95,15.0,,0,156,156,0.5641025641025641,0.39195979899497485,0.5714285714285714,0.5591397849462365,0.5641025641025641,0.39195979899497485,0.5714285714285714,0.5591397849462365,0.0,0.0,0.0,0.0
bull_to_bear,0.12,0.95,15.0,,0,156,156,0.5641025641025641,0.39195979899497485,0.5714285714285714,0.5591397849462365,0.5641025641025641,0.39195979899497485,0.5714285714285714,0.5591397849462365,0.0,0.0,0.0,0.0
bull_to_neutral,0.12,0.95,15.0,0.0,0,156,156,0.5641025641025641,0.39195979899497485,0.5714285714285714,0.5591397849462365,0.5641025641025641,0.39195979899497485,0.5714285714285714,0.5591397849462365,0.0,0.0,0.0,0.0
bull_to_bear,0.12,0.95,15.0,0.0,0,156,156,0.5641025641025641,0.39195979899497485,0.5714285714285714,0.5591397849462365,0.5641025641025641,0.39195979899497485,0.5714285714285714,0.5591397849462365,0.0,0.0,0.0,0.0
bull_to_neutral,0.12,0.95,15.0,-0.05,0,156,156,0.5641025641025641,0.39195979899497485,0.5714285714285714,0.5591397849462365,0.5641025641025641,0.39195979899497485,0.5714285714285714,0.5591397849462365,0.0,0.0,0.0,0.0
bull_to_bear,0.12,0.95,15.0,-0.05,0,156,156,0.5641025641025641,0.39195979899497485,0.5714285714285714,0.5591397849462365,0.5641025641025641,0.39195979899497485,0.5714285714285714,0.5591397849462365,0.0,0.0,0.0,0.0
bull_to_neutral,0.12,0.95,15.0,-0.1,0,156,156,0.5641025641025641,0.39195979899497485,0.5714285714285714,0.5591397849462365,0.5641025641025641,0.39195979899497485,0.5714285714285714,0.5591397849462365,0.0,0.0,0.0,0.0
bull_to_bear,0.12,0.95,15.0,-0.1,0,156,156,0.5641025641025641,0.39195979899497485,0.5714285714285714,0.5591397849462365,0.5641025641025641,0.39195979899497485,0.5714285714285714,0.5591397849462365,0.0,0.0,0.0,0.0
bull_to_neutral,0.12,0.93,,,0,156,156,0.5641025641025641,0.39195979899497485,0.5714285714285714,0.5591397849462365,0.5641025641025641,0.39195979899497485,0.5714285714285714,0.5591397849462365,0.0,0.0,0.0,0.0
bull_to_bear,0.12,0.93,,,0,156,156,0.5641025641025641,0.39195979899497485,0.5714285714285714,0.5591397849462365,0.5641025641025641,0.39195979899497485,0.5714285714285714,0.5591397849462365,0.0,0.0,0.0,0.0
bull_to_neutral,0.12,0.93,,0.0,0,156,156,0.5641025641025641,0.39195979899497485,0.5714285714285714,0.5591397849462365,0.5641025641025641,0.39195979899497485,0.5714285714285714,0.5591397849462365,0.0,0.0,0.0,0.0
bull_to_bear,0.12,0.93,,0.0,0,156,156,0.5641025641025641,0.39195979899497485,0.5714285714285714,0.5591397849462365,0.5641025641025641,0.39195979899497485,0.5714285714285714,0.5591397849462365,0.0,0.0,0.0,0.0
bull_to_neutral,0.12,0.93,,-0.05,0,156,156,0.5641025641025641,0.39195979899497485,0.5714285714285714,0.5591397849462365,0.5641025641025641,0.39195979899497485,0.5714285714285714,0.5591397849462365,0.0,0.0,0.0,0.0
bull_to_bear,0.12,0.93,,-0.05,0,156,156,0.5641025641025641,0.39195979899497485,0.5714285714285714,0.5591397849462365,0.5641025641025641,0.39195979899497485,0.5714285714285714,0.5591397849462365,0.0,0.0,0.0,0.0
bull_to_neutral,0.12,0.93,,-0.1,0,156,156,0.5641025641025641,0.39195979899497485,0.5714285714285714,0.5591397849462365,0.5641025641025641,0.39195979899497485,0.5714285714285714,0.5591397849462365,0.0,0.0,0.0,0.0
bull_to_bear,0.12,0.93,,-0.1,0,156,156,0.5641025641025641,0.39195979899497485,0.5714285714285714,0.5591397849462365,0.5641025641025641,0.39195979899497485,0.5714285714285714,0.5591397849462365,0.0,0.0,0.0,0.0
bull_to_neutral,0.12,0.93,0.0,,0,156,156,0.5641025641025641,0.39195979899497485,0.5714285714285714,0.5591397849462365,0.5641025641025641,0.39195979899497485,0.5714285714285714,0.5591397849462365,0.0,0.0,0.0,0.0
bull_to_bear,0.12,0.93,0.0,,0,156,156,0.5641025641025641,0.39195979899497485,0.5714285714285714,0.5591397849462365,0.5641025641025641,0.39195979899497485,0.5714285714285714,0.5591397849462365,0.0,0.0,0.0,0.0
bull_to_neutral,0.12,0.93,0.0,0.0,0,156,156,0.5641025641025641,0.39195979899497485,0.5714285714285714,0.5591397849462365,0.5641025641025641,0.39195979899497485,0.5714285714285714,0.5591397849462365,0.0,0.0,0.0,0.0
bull_to_bear,0.12,0.93,0.0,0.0,0,156,156,0.5641025641025641,0.39195979899497485,0.5714285714285714,0.5591397849462365,0.5641025641025641,0.39195979899497485,0.5714285714285714,0.5591397849462365,0.0,0.0,0.0,0.0
bull_to_neutral,0.12,0.93,0.0,-0.05,0,156,156,0.5641025641025641,0.39195979899497485,0.5714285714285714,0.5591397849462365,0.5641025641025641,0.39195979899497485,0.5714285714285714,0.5591397849462365,0.0,0.0,0.0,0.0
bull_to_bear,0.12,0.93,0.0,-0.05,0,156,156,0.5641025641025641,0.39195979899497485,0.5714285714285714,0.5591397849462365,0.5641025641025641,0.39195979899497485,0.5714285714285714,0.5591397849462365,0.0,0.0,0.0,0.0
bull_to_neutral,0.12,0.93,0.0,-0.1,0,156,156,0.5641025641025641,0.39195979899497485,0.5714285714285714,0.5591397849462365,0.5641025641025641,0.39195979899497485,0.5714285714285714,0.5591397849462365,0.0,0.0,0.0,0.0
bull_to_bear,0.12,0.93,0.0,-0.1,0,156,156,0.5641025641025641,0.39195979899497485,0.5714285714285714,0.5591397849462365,0.5641025641025641,0.39195979899497485,0.5714285714285714,0.5591397849462365,0.0,0.0,0.0,0.0
bull_to_neutral,0.12,0.93,5.0,,0,156,156,0.5641025641025641,0.39195979899497485,0.5714285714285714,0.5591397849462365,0.5641025641025641,0.39195979899497485,0.5714285714285714,0.5591397849462365,0.0,0.0,0.0,0.0
bull_to_bear,0.12,0.93,5.0,,0,156,156,0.5641025641025641,0.39195979899497485,0.5714285714285714,0.5591397849462365,0.5641025641025641,0.39195979899497485,0.5714285714285714,0.5591397849462365,0.0,0.0,0.0,0.0
bull_to_neutral,0.12,0.93,5.0,0.0,0,156,156,0.5641025641025641,0.39195979899497485,0.5714285714285714,0.5591397849462365,0.5641025641025641,0.39195979899497485,0.5714285714285714,0.5591397849462365,0.0,0.0,0.0,0.0
bull_to_bear,0.12,0.93,5.0,0.0,0,156,156,0.5641025641025641,0.39195979899497485,0.5714285714285714,0.5591397849462365,0.5641025641025641,0.39195979899497485,0.5714285714285714,0.5591397849462365,0.0,0.0,0.0,0.0
bull_to_neutral,0.12,0.93,5.0,-0.05,0,156,156,0.5641025641025641,0.39195979899497485,0.5714285714285714,0.5591397849462365,0.5641025641025641,0.39195979899497485,0.5714285714285714,0.5591397849462365,0.0,0.0,0.0,0.0
bull_to_bear,0.12,0.93,5.0,-0.05,0,156,156,0.5641025641025641,0.39195979899497485,0.5714285714285714,0.5591397849462365,0.5641025641025641,0.39195979899497485,0.5714285714285714,0.5591397849462365,0.0,0.0,0.0,0.0
bull_to_neutral,0.12,0.93,5.0,-0.1,0,156,156,0.5641025641025641,0.39195979899497485,0.5714285714285714,0.5591397849462365,0.5641025641025641,0.39195979899497485,0.5714285714285714,0.5591397849462365,0.0,0.0,0.0,0.0
bull_to_bear,0.12,0.93,5.0,-0.1,0,156,156,0.5641025641025641,0.39195979899497485,0.5714285714285714,0.5591397849462365,0.5641025641025641,0.39195979899497485,0.5714285714285714,0.5591397849462365,0.0,0.0,0.0,0.0
bull_to_neutral,0.12,0.93,10.0,,0,156,156,0.5641025641025641,0.39195979899497485,0.5714285714285714,0.5591397849462365,0.5641025641025641,0.39195979899497485,0.5714285714285714,0.5591397849462365,0.0,0.0,0.0,0.0
bull_to_bear,0.12,0.93,10.0,,0,156,156,0.5641025641025641,0.39195979899497485,0.5714285714285714,0.5591397849462365,0.5641025641025641,0.39195979899497485,0.5714285714285714,0.5591397849462365,0.0,0.0,0.0,0.0
bull_to_neutral,0.12,0.93,10.0,0.0,0,156,156,0.5641025641025641,0.39195979899497485,0.5714285714285714,0.5591397849462365,0.5641025641025641,0.39195979899497485,0.5714285714285714,0.5591397849462365,0.0,0.0,0.0,0.0
bull_to_bear,0.12,0.93,10.0,0.0,0,156,156,0.5641025641025641,0.39195979899497485,0.5714285714285714,0.5591397849462365,0.5641025641025641,0.39195979899497485,0.5714285714285714,0.5591397849462365,0.0,0.0,0.0,0.0
bull_to_neutral,0.12,0.93,10.0,-0.05,0,156,156,0.5641025641025641,0.39195979899497485,0.5714285714285714,0.5591397849462365,0.5641025641025641,0.39195979899497485,0.5714285714285714,0.5591397849462365,0.0,0.0,0.0,0.0
bull_to_bear,0.12,0.93,10.0,-0.05,0,156,156,0.5641025641025641,0.39195979899497485,0.5714285714285714,0.5591397849462365,0.5641025641025641,0.39195979899497485,0.5714285714285714,0.5591397849462365,0.0,0.0,0.0,0.0
bull_to_neutral,0.12,0.93,10.0,-0.1,0,156,156,0.5641025641025641,0.39195979899497485,0.5714285714285714,0.5591397849462365,0.5641025641025641,0.39195979899497485,0.5714285714285714,0.5591397849462365,0.0,0.0,0.0,0.0
bull_to_bear,0.12,0.93,10.0,-0.1,0,156,156,0.5641025641025641,0.39195979899497485,0.5714285714285714,0.5591397849462365,0.5641025641025641,0.39195979899497485,0.5714285714285714,0.5591397849462365,0.0,0.0,0.0,0.0
bull_to_neutral,0.12,0.93,15.0,,0,156,156,0.5641025641025641,0.39195979899497485,0.5714285714285714,0.5591397849462365,0.5641025641025641,0.39195979899497485,0.5714285714285714,0.5591397849462365,0.0,0.0,0.0,0.0
bull_to_bear,0.12,0.93,15.0,,0,156,156,0.5641025641025641,0.39195979899497485,0.5714285714285714,0.5591397849462365,0.5641025641025641,0.39195979899497485,0.5714285714285714,0.5591397849462365,0.0,0.0,0.0,0.0
bull_to_neutral,0.12,0.93,15.0,0.0,0,156,156,0.5641025641025641,0.39195979899497485,0.5714285714285714,0.5591397849462365,0.5641025641025641,0.39195979899497485,0.5714285714285714,0.5591397849462365,0.0,0.0,0.0,0.0
bull_to_bear,0.12,0.93,15.0,0.0,0,156,156,0.5641025641025641,0.39195979899497485,0.5714285714285714,0.5591397849462365,0.5641025641025641,0.39195979899497485,0.5714285714285714,0.5591397849462365,0.0,0.0,0.0,0.0
bull_to_neutral,0.12,0.93,15.0,-0.05,0,156,156,0.5641025641025641,0.39195979899497485,0.5714285714285714,0.5591397849462365,0.5641025641025641,0.39195979899497485,0.5714285714285714,0.5591397849462365,0.0,0.0,0.0,0.0
bull_to_bear,0.12,0.93,15.0,-0.05,0,156,156,0.5641025641025641,0.39195979899497485,0.5714285714285714,0.5591397849462365,0.5641025641025641,0.39195979899497485,0.5714285714285714,0.5591397849462365,0.0,0.0,0.0,0.0
bull_to_neutral,0.12,0.93,15.0,-0.1,0,156,156,0.5641025641025641,0.39195979899497485,0.5714285714285714,0.5591397849462365,0.5641025641025641,0.39195979899497485,0.5714285714285714,0.5591397849462365,0.0,0.0,0.0,0.0
bull_to_bear,0.12,0.93,15.0,-0.1,0,156,156,0.5641025641025641,0.39195979899497485,0.5714285714285714,0.5591397849462365,0.5641025641025641,0.39195979899497485,0.5714285714285714,0.5591397849462365,0.0,0.0,0.0,0.0
bull_to_neutral,0.12,0.9,,,0,156,156,0.5641025641025641,0.39195979899497485,0.5714285714285714,0.5591397849462365,0.5641025641025641,0.39195979899497485,0.5714285714285714,0.5591397849462365,0.0,0.0,0.0,0.0
bull_to_bear,0.12,0.9,,,0,156,156,0.5641025641025641,0.39195979899497485,0.5714285714285714,0.5591397849462365,0.5641025641025641,0.39195979899497485,0.5714285714285714,0.5591397849462365,0.0,0.0,0.0,0.0
bull_to_neutral,0.12,0.9,,0.0,0,156,156,0.5641025641025641,0.39195979899497485,0.5714285714285714,0.5591397849462365,0.5641025641025641,0.39195979899497485,0.5714285714285714,0.5591397849462365,0.0,0.0,0.0,0.0
bull_to_bear,0.12,0.9,,0.0,0,156,156,0.5641025641025641,0.39195979899497485,0.5714285714285714,0.5591397849462365,0.5641025641025641,0.39195979899497485,0.5714285714285714,0.5591397849462365,0.0,0.0,0.0,0.0
bull_to_neutral,0.12,0.9,,-0.05,0,156,156,0.5641025641025641,0.39195979899497485,0.5714285714285714,0.5591397849462365,0.5641025641025641,0.39195979899497485,0.5714285714285714,0.5591397849462365,0.0,0.0,0.0,0.0
bull_to_bear,0.12,0.9,,-0.05,0,156,156,0.5641025641025641,0.39195979899497485,0.5714285714285714,0.5591397849462365,0.5641025641025641,0.39195979899497485,0.5714285714285714,0.5591397849462365,0.0,0.0,0.0,0.0
bull_to_neutral,0.12,0.9,,-0.1,0,156,156,0.5641025641025641,0.39195979899497485,0.5714285714285714,0.5591397849462365,0.5641025641025641,0.39195979899497485,0.5714285714285714,0.5591397849462365,0.0,0.0,0.0,0.0
bull_to_bear,0.12,0.9,,-0.1,0,156,156,0.5641025641025641,0.39195979899497485,0.5714285714285714,0.5591397849462365,0.5641025641025641,0.39195979899497485,0.5714285714285714,0.5591397849462365,0.0,0.0,0.0,0.0
bull_to_neutral,0.12,0.9,0.0,,0,156,156,0.5641025641025641,0.39195979899497485,0.5714285714285714,0.5591397849462365,0.5641025641025641,0.39195979899497485,0.5714285714285714,0.5591397849462365,0.0,0.0,0.0,0.0
bull_to_bear,0.12,0.9,0.0,,0,156,156,0.5641025641025641,0.39195979899497485,0.5714285714285714,0.5591397849462365,0.5641025641025641,0.39195979899497485,0.5714285714285714,0.5591397849462365,0.0,0.0,0.0,0.0
bull_to_neutral,0.12,0.9,0.0,0.0,0,156,156,0.5641025641025641,0.39195979899497485,0.5714285714285714,0.5591397849462365,0.5641025641025641,0.39195979899497485,0.5714285714285714,0.5591397849462365,0.0,0.0,0.0,0.0
bull_to_bear,0.12,0.9,0.0,0.0,0,156,156,0.5641025641025641,0.39195979899497485,0.5714285714285714,0.5591397849462365,0.5641025641025641,0.39195979899497485,0.5714285714285714,0.5591397849462365,0.0,0.0,0.0,0.0
bull_to_neutral,0.12,0.9,0.0,-0.05,0,156,156,0.5641025641025641,0.39195979899497485,0.5714285714285714,0.5591397849462365,0.5641025641025641,0.39195979899497485,0.5714285714285714,0.5591397849462365,0.0,0.0,0.0,0.0
bull_to_bear,0.12,0.9,0.0,-0.05,0,156,156,0.5641025641025641,0.39195979899497485,0.5714285714285714,0.5591397849462365,0.5641025641025641,0.39195979899497485,0.5714285714285714,0.5591397849462365,0.0,0.0,0.0,0.0
bull_to_neutral,0.12,0.9,0.0,-0.1,0,156,156,0.5641025641025641,0.39195979899497485,0.5714285714285714,0.5591397849462365,0.5641025641025641,0.39195979899497485,0.5714285714285714,0.5591397849462365,0.0,0.0,0.0,0.0
bull_to_bear,0.12,0.9,0.0,-0.1,0,156,156,0.5641025641025641,0.39195979899497485,0.5714285714285714,0.5591397849462365,0.5641025641025641,0.39195979899497485,0.5714285714285714,0.5591397849462365,0.0,0.0,0.0,0.0
bull_to_neutral,0.12,0.9,5.0,,0,156,156,0.5641025641025641,0.39195979899497485,0.5714285714285714,0.5591397849462365,0.5641025641025641,0.39195979899497485,0.5714285714285714,0.5591397849462365,0.0,0.0,0.0,0.0
bull_to_bear,0.12,0.9,5.0,,0,156,156,0.5641025641025641,0.39195979899497485,0.5714285714285714,0.5591397849462365,0.5641025641025641,0.39195979899497485,0.5714285714285714,0.5591397849462365,0.0,0.0,0.0,0.0
bull_to_neutral,0.12,0.9,5.0,0.0,0,156,156,0.5641025641025641,0.39195979899497485,0.5714285714285714,0.5591397849462365,0.5641025641025641,0.39195979899497485,0.5714285714285714,0.5591397849462365,0.0,0.0,0.0,0.0
bull_to_bear,0.12,0.9,5.0,0.0,0,156,156,0.5641025641025641,0.39195979899497485,0.5714285714285714,0.5591397849462365,0.5641025641025641,0.39195979899497485,0.5714285714285714,0.5591397849462365,0.0,0.0,0.0,0.0
bull_to_neutral,0.12,0.9,5.0,-0.05,0,156,156,0.5641025641025641,0.39195979899497485,0.5714285714285714,0.5591397849462365,0.5641025641025641,0.39195979899497485,0.5714285714285714,0.5591397849462365,0.0,0.0,0.0,0.0
bull_to_bear,0.12,0.9,5.0,-0.05,0,156,156,0.5641025641025641,0.39195979899497485,0.5714285714285714,0.5591397849462365,0.5641025641025641,0.39195979899497485,0.5714285714285714,0.5591397849462365,0.0,0.0,0.0,0.0
bull_to_neutral,0.12,0.9,5.0,-0.1,0,156,156,0.5641025641025641,0.39195979899497485,0.5714285714285714,0.5591397849462365,0.5641025641025641,0.39195979899497485,0.5714285714285714,0.5591397849462365,0.0,0.0,0.0,0.0
bull_to_bear,0.12,0.9,5.0,-0.1,0,156,156,0.5641025641025641,0.39195979899497485,0.5714285714285714,0.5591397849462365,0.5641025641025641,0.39195979899497485,0.5714285714285714,0.5591397849462365,0.0,0.0,0.0,0.0
bull_to_neutral,0.12,0.9,10.0,,0,156,156,0.5641025641025641,0.39195979899497485,0.5714285714285714,0.5591397849462365,0.5641025641025641,0.39195979899497485,0.5714285714285714,0.5591397849462365,0.0,0.0,0.0,0.0
bull_to_bear,0.12,0.9,10.0,,0,156,156,0.5641025641025641,0.39195979899497485,0.5714285714285714,0.5591397849462365,0.5641025641025641,0.39195979899497485,0.5714285714285714,0.5591397849462365,0.0,0.0,0.0,0.0
bull_to_neutral,0.12,0.9,10.0,0.0,0,156,156,0.5641025641025641,0.39195979899497485,0.5714285714285714,0.5591397849462365,0.5641025641025641,0.39195979899497485,0.5714285714285714,0.5591397849462365,0.0,0.0,0.0,0.0
bull_to_bear,0.12,0.9,10.0,0.0,0,156,156,0.5641025641025641,0.39195979899497485,0.5714285714285714,0.5591397849462365,0.5641025641025641,0.39195979899497485,0.5714285714285714,0.5591397849462365,0.0,0.0,0.0,0.0
bull_to_neutral,0.12,0.9,10.0,-0.05,0,156,156,0.5641025641025641,0.39195979899497485,0.5714285714285714,0.5591397849462365,0.5641025641025641,0.39195979899497485,0.5714285714285714,0.5591397849462365,0.0,0.0,0.0,0.0
bull_to_bear,0.12,0.9,10.0,-0.05,0,156,156,0.5641025641025641,0.39195979899497485,0.5714285714285714,0.5591397849462365,0.5641025641025641,0.39195979899497485,0.5714285714285714,0.5591397849462365,0.0,0.0,0.0,0.0
bull_to_neutral,0.12,0.9,10.0,-0.1,0,156,156,0.5641025641025641,0.39195979899497485,0.5714285714285714,0.5591397849462365,0.5641025641025641,0.39195979899497485,0.5714285714285714,0.5591397849462365,0.0,0.0,0.0,0.0
bull_to_bear,0.12,0.9,10.0,-0.1,0,156,156,0.5641025641025641,0.39195979899497485,0.5714285714285714,0.5591397849462365,0.5641025641025641,0.39195979899497485,0.5714285714285714,0.5591397849462365,0.0,0.0,0.0,0.0
bull_to_neutral,0.12,0.9,15.0,,0,156,156,0.5641025641025641,0.39195979899497485,0.5714285714285714,0.5591397849462365,0.5641025641025641,0.39195979899497485,0.5714285714285714,0.5591397849462365,0.0,0.0,0.0,0.0
bull_to_bear,0.12,0.9,15.0,,0,156,156,0.5641025641025641,0.39195979899497485,0.5714285714285714,0.5591397849462365,0.5641025641025641,0.39195979899497485,0.5714285714285714,0.5591397849462365,0.0,0.0,0.0,0.0
bull_to_neutral,0.12,0.9,15.0,0.0,0,156,156,0.5641025641025641,0.39195979899497485,0.5714285714285714,0.5591397849462365,0.5641025641025641,0.39195979899497485,0.5714285714285714,0.5591397849462365,0.0,0.0,0.0,0.0
bull_to_bear,0.12,0.9,15.0,0.0,0,156,156,0.5641025641025641,0.39195979899497485,0.5714285714285714,0.5591397849462365,0.5641025641025641,0.39195979899497485,0.5714285714285714,0.5591397849462365,0.0,0.0,0.0,0.0
bull_to_neutral,0.12,0.9,15.0,-0.05,0,156,156,0.5641025641025641,0.39195979899497485,0.5714285714285714,0.5591397849462365,0.5641025641025641,0.39195979899497485,0.5714285714285714,0.5591397849462365,0.0,0.0,0.0,0.0
bull_to_bear,0.12,0.9,15.0,-0.05,0,156,156,0.5641025641025641,0.39195979899497485,0.5714285714285714,0.5591397849462365,0.5641025641025641,0.39195979899497485,0.5714285714285714,0.5591397849462365,0.0,0.0,0.0,0.0
bull_to_neutral,0.12,0.9,15.0,-0.1,0,156,156,0.5641025641025641,0.39195979899497485,0.5714285714285714,0.5591397849462365,0.5641025641025641,0.39195979899497485,0.5714285714285714,0.5591397849462365,0.0,0.0,0.0,0.0
bull_to_bear,0.12,0.9,15.0,-0.1,0,156,156,0.5641025641025641,0.39195979899497485,0.5714285714285714,0.5591397849462365,0.5641025641025641,0.39195979899497485,0.5714285714285714,0.5591397849462365,0.0,0.0,0.0,0.0
bull_to_neutral,0.14,1.0,,,16,140,156,0.5641025641025641,0.39195979899497485,0.5714285714285714,0.5591397849462365,0.5642857142857143,0.35175879396984927,0.574468085106383,0.5591397849462365,0.0001831501831501825,-0.04020100502512558,0.003039513677811634,0.0
bull_to_bear,0.14,1.0,,,16,156,156,0.5641025641025641,0.39195979899497485,0.5714285714285714,0.5591397849462365,0.5512820512820513,0.39195979899497485,0.574468085106383,0.5412844036697247,-0.012820512820512775,0.0,0.003039513677811634,-0.01785538127651176
bull_to_neutral,0.14,1.0,,0.0,15,141,156,0.5641025641025641,0.39195979899497485,0.5714285714285714,0.5591397849462365,0.5602836879432624,0.3542713567839196,0.5625,0.5591397849462365,-0.003818876159301654,-0.03768844221105527,-0.008928571428571397,0.0
bull_to_bear,0.14,1.0,,0.0,15,156,156,0.5641025641025641,0.39195979899497485,0.5714285714285714,0.5591397849462365,0.5448717948717948,0.39195979899497485,0.5625,0.5370370370370371,-0.019230769230769273,0.0,-0.008928571428571397,-0.022102747909199416
bull_to_neutral,0.14,1.0,,-0.05,14,142,156,0.5641025641025641,0.39195979899497485,0.5714285714285714,0.5591397849462365,0.5563380281690141,0.35678391959798994,0.5510204081632653,0.5591397849462365,-0.007764535933549976,-0.03517587939698491,-0.020408163265306145,0.0
bull_to_bear,0.14,1.0,,-0.05,14,156,156,0.5641025641025641,0.39195979899497485,0.5714285714285714,0.5591397849462365,0.5384615384615384,0.39195979899497485,0.5510204081632653,0.5327102803738317,-0.02564102564102566,0.0,-0.020408163265306145,-0.026429504572404783
bull_to_neutral,0.14,1.0,,-0.1,13,143,156,0.5641025641025641,0.39195979899497485,0.5714285714285714,0.5591397849462365,0.5594405594405595,0.3592964824120603,0.56,0.5591397849462365,-0.004662004662004615,-0.03266331658291455,-0.011428571428571344,0.0
bull_to_bear,0.14,1.0,,-0.1,13,156,156,0.5641025641025641,0.39195979899497485,0.5714285714285714,0.5591397849462365,0.5448717948717948,0.39195979899497485,0.56,0.5377358490566038,-0.019230769230769273,0.0,-0.011428571428571344,-0.02140393588963274
bull_to_neutral,0.14,1.0,0.0,,10,146,156,0.5641025641025641,0.39195979899497485,0.5714285714285714,0.5591397849462365,0.5616438356164384,0.36683417085427134,0.5660377358490566,0.5591397849462365,-0.0024587284861257164,-0.025125628140703515,-0.005390835579514808,0.0
bull_to_bear,0.14,1.0,0.0,,10,156,156,0.5641025641025641,0.39195979899497485,0.5714285714285714,0.5591397849462365,0.5512820512820513,0.39195979899497485,0.5660377358490566,0.5436893203883495,-0.012820512820512775,0.0,-0.005390835579514808,-0.015450464557887011
bull_to_neutral,0.14,1.0,0.0,0.0,10,146,156,0.5641025641025641,0.39195979899497485,0.5714285714285714,0.5591397849462365,0.5616438356164384,0.36683417085427134,0.5660377358490566,0.5591397849462365,-0.0024587284861257164,-0.025125628140703515,-0.005390835579514808,0.0
bull_to_bear,0.14,1.0,0.0,0.0,10,156,156,0.5641025641025641,0.39195979899497485,0.5714285714285714,0.5591397849462365,0.5512820512820513,0.39195979899497485,0.5660377358490566,0.5436893203883495,-0.012820512820512775,0.0,-0.005390835579514808,-0.015450464557887011
bull_to_neutral,0.14,1.0,0.0,-0.05,10,146,156,0.5641025641025641,0.39195979899497485,0.5714285714285714,0.5591397849462365,0.5616438356164384,0.36683417085427134,0.5660377358490566,0.5591397849462365,-0.0024587284861257164,-0.025125628140703515,-0.005390835579514808,0.0
bull_to_bear,0.14,1.0,0.0,-0.05,10,156,156,0.5641025641025641,0.39195979899497485,0.5714285714285714,0.5591397849462365,0.5512820512820513,0.39195979899497485,0.5660377358490566,0.5436893203883495,-0.012820512820512775,0.0,-0.005390835579514808,-0.015450464557887011
bull_to_neutral,0.14,1.0,0.0,-0.1,10,146,156,0.5641025641025641,0.39195979899497485,0.5714285714285714,0.5591397849462365,0.5616438356164384,0.36683417085427134,0.5660377358490566,0.5591397849462365,-0.0024587284861257164,-0.025125628140703515,-0.005390835579514808,0.0
bull_to_bear,0.14,1.0,0.0,-0.1,10,156,156,0.5641025641025641,0.39195979899497485,0.5714285714285714,0.5591397849462365,0.5512820512820513,0.39195979899497485,0.5660377358490566,0.5436893203883495,-0.012820512820512775,0.0,-0.005390835579514808,-0.015450464557887011
bull_to_neutral,0.14,1.0,5.0,,10,146,156,0.5641025641025641,0.39195979899497485,0.5714285714285714,0.5591397849462365,0.5616438356164384,0.36683417085427134,0.5660377358490566,0.5591397849462365,-0.0024587284861257164,-0.025125628140703515,-0.005390835579514808,0.0
bull_to_bear,0.14,1.0,5.0,,10,156,156,0.5641025641025641,0.39195979899497485,0.5714285714285714,0.5591397849462365,0.5512820512820513,0.39195979899497485,0.5660377358490566,0.5436893203883495,-0.012820512820512775,0.0,-0.005390835579514808,-0.015450464557887011
bull_to_neutral,0.14,1.0,5.0,0.0,10,146,156,0.5641025641025641,0.39195979899497485,0.5714285714285714,0.5591397849462365,0.5616438356164384,0.36683417085427134,0.5660377358490566,0.5591397849462365,-0.0024587284861257164,-0.025125628140703515,-0.005390835579514808,0.0
bull_to_bear,0.14,1.0,5.0,0.0,10,156,156,0.5641025641025641,0.39195979899497485,0.5714285714285714,0.5591397849462365,0.5512820512820513,0.39195979899497485,0.5660377358490566,0.5436893203883495,-0.012820512820512775,0.0,-0.005390835579514808,-0.015450464557887011
bull_to_neutral,0.14,1.0,5.0,-0.05,10,146,156,0.5641025641025641,0.39195979899497485,0.5714285714285714,0.5591397849462365,0.5616438356164384,0.36683417085427134,0.5660377358490566,0.5591397849462365,-0.0024587284861257164,-0.025125628140703515,-0.005390835579514808,0.0
bull_to_bear,0.14,1.0,5.0,-0.05,10,156,156,0.5641025641025641,0.39195979899497485,0.5714285714285714,0.5591397849462365,0.5512820512820513,0.39195979899497485,0.5660377358490566,0.5436893203883495,-0.012820512820512775,0.0,-0.005390835579514808,-0.015450464557887011
bull_to_neutral,0.14,1.0,5.0,-0.1,10,146,156,0.5641025641025641,0.39195979899497485,0.5714285714285714,0.5591397849462365,0.5616438356164384,0.36683417085427134,0.5660377358490566,0.5591397849462365,-0.0024587284861257164,-0.025125628140703515,-0.005390835579514808,0.0
bull_to_bear,0.14,1.0,5.0,-0.1,10,156,156,0.5641025641025641,0.39195979899497485,0.5714285714285714,0.5591397849462365,0.5512820512820513,0.39195979899497485,0.5660377358490566,0.5436893203883495,-0.012820512820512775,0.0,-0.005390835579514808,-0.015450464557887011
bull_to_neutral,0.14,1.0,10.0,,9,147,156,0.5641025641025641,0.39195979899497485,0.5714285714285714,0.5591397849462365,0.564625850340136,0.3693467336683417,0.5740740740740741,0.5591397849462365,0.0005232862375719183,-0.022613065326633153,0.002645502645502673,0.0
bull_to_bear,0.14,1.0,10.0,,9,156,156,0.5641025641025641,0.39195979899497485,0.5714285714285714,0.5591397849462365,0.5576923076923077,0.39195979899497485,0.5740740740740741,0.5490196078431373,-0.0064102564102563875,0.0,0.002645502645502673,-0.010120177103099204
bull_to_neutral,0.14,1.0,10.0,0.0,9,147,156,0.5641025641025641,0.39195979899497485,0.5714285714285714,0.5591397849462365,0.564625850340136,0.3693467336683417,0.5740740740740741,0.5591397849462365,0.0005232862375719183,-0.022613065326633153,0.002645502645502673,0.0
bull_to_bear,0.14,1.0,10.0,0.0,9,156,156,0.5641025641025641,0.39195979899497485,0.5714285714285714,0.5591397849462365,0.5576923076923077,0.39195979899497485,0.5740740740740741,0.5490196078431373,-0.0064102564102563875,0.0,0.002645502645502673,-0.010120177103099204
bull_to_neutral,0.14,1.0,10.0,-0.05,9,147,156,0.5641025641025641,0.39195979899497485,0.5714285714285714,0.5591397849462365,0.564625850340136,0.3693467336683417,0.5740740740740741,0.5591397849462365,0.0005232862375719183,-0.022613065326633153,0.002645502645502673,0.0
bull_to_bear,0.14,1.0,10.0,-0.05,9,156,156,0.5641025641025641,0.39195979899497485,0.5714285714285714,0.5591397849462365,0.5576923076923077,0.39195979899497485,0.5740740740740741,0.5490196078431373,-0.0064102564102563875,0.0,0.002645502645502673,-0.010120177103099204
bull_to_neutral,0.14,1.0,10.0,-0.1,9,147,156,0.5641025641025641,0.39195979899497485,0.5714285714285714,0.5591397849462365,0.564625850340136,0.3693467336683417,0.5740740740740741,0.5591397849462365,0.0005232862375719183,-0.022613065326633153,0.002645502645502673,0.0
bull_to_bear,0.14,1.0,10.0,-0.1,9,156,156,0.5641025641025641,0.39195979899497485,0.5714285714285714,0.5591397849462365,0.5576923076923077,0.39195979899497485,0.5740740740740741,0.5490196078431373,-0.0064102564102563875,0.0,0.002645502645502673,-0.010120177103099204
bull_to_neutral,0.14,1.0,15.0,,9,147,156,0.5641025641025641,0.39195979899497485,0.5714285714285714,0.5591397849462365,0.564625850340136,0.3693467336683417,0.5740740740740741,0.5591397849462365,0.0005232862375719183,-0.022613065326633153,0.002645502645502673,0.0
bull_to_bear,0.14,1.0,15.0,,9,156,156,0.5641025641025641,0.39195979899497485,0.5714285714285714,0.5591397849462365,0.5576923076923077,0.39195979899497485,0.5740740740740741,0.5490196078431373,-0.0064102564102563875,0.0,0.002645502645502673,-0.010120177103099204
bull_to_neutral,0.14,1.0,15.0,0.0,9,147,156,0.5641025641025641,0.39195979899497485,0.5714285714285714,0.5591397849462365,0.564625850340136,0.3693467336683417,0.5740740740740741,0.5591397849462365,0.0005232862375719183,-0.022613065326633153,0.002645502645502673,0.0
bull_to_bear,0.14,1.0,15.0,0.0,9,156,156,0.5641025641025641,0.39195979899497485,0.5714285714285714,0.5591397849462365,0.5576923076923077,0.39195979899497485,0.5740740740740741,0.5490196078431373,-0.0064102564102563875,0.0,0.002645502645502673,-0.010120177103099204
bull_to_neutral,0.14,1.0,15.0,-0.05,9,147,156,0.5641025641025641,0.39195979899497485,0.5714285714285714,0.5591397849462365,0.564625850340136,0.3693467336683417,0.5740740740740741,0.5591397849462365,0.0005232862375719183,-0.022613065326633153,0.002645502645502673,0.0
bull_to_bear,0.14,1.0,15.0,-0.05,9,156,156,0.5641025641025641,0.39195979899497485,0.5714285714285714,0.5591397849462365,0.5576923076923077,0.39195979899497485,0.5740740740740741,0.5490196078431373,-0.0064102564102563875,0.0,0.002645502645502673,-0.010120177103099204
bull_to_neutral,0.14,1.0,15.0,-0.1,9,147,156,0.5641025641025641,0.39195979899497485,0.5714285714285714,0.5591397849462365,0.564625850340136,0.3693467336683417,0.5740740740740741,0.5591397849462365,0.0005232862375719183,-0.022613065326633153,0.002645502645502673,0.0
bull_to_bear,0.14,1.0,15.0,-0.1,9,156,156,0.5641025641025641,0.39195979899497485,0.5714285714285714,0.5591397849462365,0.5576923076923077,0.39195979899497485,0.5740740740740741,0.5490196078431373,-0.0064102564102563875,0.0,0.002645502645502673,-0.010120177103099204
bull_to_neutral,0.14,0.99,,,0,156,156,0.5641025641025641,0.39195979899497485,0.5714285714285714,0.5591397849462365,0.5641025641025641,0.39195979899497485,0.5714285714285714,0.5591397849462365,0.0,0.0,0.0,0.0
bull_to_bear,0.14,0.99,,,0,156,156,0.5641025641025641,0.39195979899497485,0.5714285714285714,0.5591397849462365,0.5641025641025641,0.39195979899497485,0.5714285714285714,0.5591397849462365,0.0,0.0,0.0,0.0
bull_to_neutral,0.14,0.99,,0.0,0,156,156,0.5641025641025641,0.39195979899497485,0.5714285714285714,0.5591397849462365,0.5641025641025641,0.39195979899497485,0.5714285714285714,0.5591397849462365,0.0,0.0,0.0,0.0
bull_to_bear,0.14,0.99,,0.0,0,156,156,0.5641025641025641,0.39195979899497485,0.5714285714285714,0.5591397849462365,0.5641025641025641,0.39195979899497485,0.5714285714285714,0.5591397849462365,0.0,0.0,0.0,0.0
bull_to_neutral,0.14,0.99,,-0.05,0,156,156,0.5641025641025641,0.39195979899497485,0.5714285714285714,0.5591397849462365,0.5641025641025641,0.39195979899497485,0.5714285714285714,0.5591397849462365,0.0,0.0,0.0,0.0
bull_to_bear,0.14,0.99,,-0.05,0,156,156,0.5641025641025641,0.39195979899497485,0.5714285714285714,0.5591397849462365,0.5641025641025641,0.39195979899497485,0.5714285714285714,0.5591397849462365,0.0,0.0,0.0,0.0
bull_to_neutral,0.14,0.99,,-0.1,0,156,156,0.5641025641025641,0.39195979899497485,0.5714285714285714,0.5591397849462365,0.5641025641025641,0.39195979899497485,0.5714285714285714,0.5591397849462365,0.0,0.0,0.0,0.0
bull_to_bear,0.14,0.99,,-0.1,0,156,156,0.5641025641025641,0.39195979899497485,0.5714285714285714,0.5591397849462365,0.5641025641025641,0.39195979899497485,0.5714285714285714,0.5591397849462365,0.0,0.0,0.0,0.0
bull_to_neutral,0.14,0.99,0.0,,0,156,156,0.5641025641025641,0.39195979899497485,0.5714285714285714,0.5591397849462365,0.5641025641025641,0.39195979899497485,0.5714285714285714,0.5591397849462365,0.0,0.0,0.0,0.0
bull_to_bear,0.14,0.99,0.0,,0,156,156,0.5641025641025641,0.39195979899497485,0.5714285714285714,0.5591397849462365,0.5641025641025641,0.39195979899497485,0.5714285714285714,0.5591397849462365,0.0,0.0,0.0,0.0
bull_to_neutral,0.14,0.99,0.0,0.0,0,156,156,0.5641025641025641,0.39195979899497485,0.5714285714285714,0.5591397849462365,0.5641025641025641,0.39195979899497485,0.5714285714285714,0.5591397849462365,0.0,0.0,0.0,0.0
bull_to_bear,0.14,0.99,0.0,0.0,0,156,156,0.5641025641025641,0.39195979899497485,0.5714285714285714,0.5591397849462365,0.5641025641025641,0.39195979899497485,0.5714285714285714,0.5591397849462365,0.0,0.0,0.0,0.0
bull_to_neutral,0.14,0.99,0.0,-0.05,0,156,156,0.5641025641025641,0.39195979899497485,0.5714285714285714,0.5591397849462365,0.5641025641025641,0.39195979899497485,0.5714285714285714,0.5591397849462365,0.0,0.0,0.0,0.0
bull_to_bear,0.14,0.99,0.0,-0.05,0,156,156,0.5641025641025641,0.39195979899497485,0.5714285714285714,0.5591397849462365,0.5641025641025641,0.39195979899497485,0.5714285714285714,0.5591397849462365,0.0,0.0,0.0,0.0
bull_to_neutral,0.14,0.99,0.0,-0.1,0,156,156,0.5641025641025641,0.39195979899497485,0.5714285714285714,0.5591397849462365,0.5641025641025641,0.39195979899497485,0.5714285714285714,0.5591397849462365,0.0,0.0,0.0,0.0
bull_to_bear,0.14,0.99,0.0,-0.1,0,156,156,0.5641025641025641,0.39195979899497485,0.5714285714285714,0.5591397849462365,0.5641025641025641,0.39195979899497485,0.5714285714285714,0.5591397849462365,0.0,0.0,0.0,0.0
bull_to_neutral,0.14,0.99,5.0,,0,156,156,0.5641025641025641,0.39195979899497485,0.5714285714285714,0.5591397849462365,0.5641025641025641,0.39195979899497485,0.5714285714285714,0.5591397849462365,0.0,0.0,0.0,0.0
bull_to_bear,0.14,0.99,5.0,,0,156,156,0.5641025641025641,0.39195979899497485,0.5714285714285714,0.5591397849462365,0.5641025641025641,0.39195979899497485,0.5714285714285714,0.5591397849462365,0.0,0.0,0.0,0.0
bull_to_neutral,0.14,0.99,5.0,0.0,0,156,156,0.5641025641025641,0.39195979899497485,0.5714285714285714,0.5591397849462365,0.5641025641025641,0.39195979899497485,0.5714285714285714,0.5591397849462365,0.0,0.0,0.0,0.0
bull_to_bear,0.14,0.99,5.0,0.0,0,156,156,0.5641025641025641,0.39195979899497485,0.5714285714285714,0.5591397849462365,0.5641025641025641,0.39195979899497485,0.5714285714285714,0.5591397849462365,0.0,0.0,0.0,0.0
bull_to_neutral,0.14,0.99,5.0,-0.05,0,156,156,0.5641025641025641,0.39195979899497485,0.5714285714285714,0.5591397849462365,0.5641025641025641,0.39195979899497485,0.5714285714285714,0.5591397849462365,0.0,0.0,0.0,0.0
bull_to_bear,0.14,0.99,5.0,-0.05,0,156,156,0.5641025641025641,0.39195979899497485,0.5714285714285714,0.5591397849462365,0.5641025641025641,0.39195979899497485,0.5714285714285714,0.5591397849462365,0.0,0.0,0.0,0.0
bull_to_neutral,0.14,0.99,5.0,-0.1,0,156,156,0.5641025641025641,0.39195979899497485,0.5714285714285714,0.5591397849462365,0.5641025641025641,0.39195979899497485,0.5714285714285714,0.5591397849462365,0.0,0.0,0.0,0.0
bull_to_bear,0.14,0.99,5.0,-0.1,0,156,156,0.5641025641025641,0.39195979899497485,0.5714285714285714,0.5591397849462365,0.5641025641025641,0.39195979899497485,0.5714285714285714,0.5591397849462365,0.0,0.0,0.0,0.0
bull_to_neutral,0.14,0.99,10.0,,0,156,156,0.5641025641025641,0.39195979899497485,0.5714285714285714,0.5591397849462365,0.5641025641025641,0.39195979899497485,0.5714285714285714,0.5591397849462365,0.0,0.0,0.0,0.0
bull_to_bear,0.14,0.99,10.0,,0,156,156,0.5641025641025641,0.39195979899497485,0.5714285714285714,0.5591397849462365,0.5641025641025641,0.39195979899497485,0.5714285714285714,0.5591397849462365,0.0,0.0,0.0,0.0
bull_to_neutral,0.14,0.99,10.0,0.0,0,156,156,0.5641025641025641,0.39195979899497485,0.5714285714285714,0.5591397849462365,0.5641025641025641,0.39195979899497485,0.5714285714285714,0.5591397849462365,0.0,0.0,0.0,0.0
bull_to_bear,0.14,0.99,10.0,0.0,0,156,156,0.5641025641025641,0.39195979899497485,0.5714285714285714,0.5591397849462365,0.5641025641025641,0.39195979899497485,0.5714285714285714,0.5591397849462365,0.0,0.0,0.0,0.0
bull_to_neutral,0.14,0.99,10.0,-0.05,0,156,156,0.5641025641025641,0.39195979899497485,0.5714285714285714,0.5591397849462365,0.5641025641025641,0.39195979899497485,0.5714285714285714,0.5591397849462365,0.0,0.0,0.0,0.0
bull_to_bear,0.14,0.99,10.0,-0.05,0,156,156,0.5641025641025641,0.39195979899497485,0.5714285714285714,0.5591397849462365,0.5641025641025641,0.39195979899497485,0.5714285714285714,0.5591397849462365,0.0,0.0,0.0,0.0
bull_to_neutral,0.14,0.99,10.0,-0.1,0,156,156,0.5641025641025641,0.39195979899497485,0.5714285714285714,0.5591397849462365,0.5641025641025641,0.39195979899497485,0.5714285714285714,0.5591397849462365,0.0,0.0,0.0,0.0
bull_to_bear,0.14,0.99,10.0,-0.1,0,156,156,0.5641025641025641,0.39195979899497485,0.5714285714285714,0.5591397849462365,0.5641025641025641,0.39195979899497485,0.5714285714285714,0.5591397849462365,0.0,0.0,0.0,0.0
bull_to_neutral,0.14,0.99,15.0,,0,156,156,0.5641025641025641,0.39195979899497485,0.5714285714285714,0.5591397849462365,0.5641025641025641,0.39195979899497485,0.5714285714285714,0.5591397849462365,0.0,0.0,0.0,0.0
bull_to_bear,0.14,0.99,15.0,,0,156,156,0.5641025641025641,0.39195979899497485,0.5714285714285714,0.5591397849462365,0.5641025641025641,0.39195979899497485,0.5714285714285714,0.5591397849462365,0.0,0.0,0.0,0.0
bull_to_neutral,0.14,0.99,15.0,0.0,0,156,156,0.5641025641025641,0.39195979899497485,0.5714285714285714,0.5591397849462365,0.5641025641025641,0.39195979899497485,0.5714285714285714,0.5591397849462365,0.0,0.0,0.0,0.0
bull_to_bear,0.14,0.99,15.0,0.0,0,156,156,0.5641025641025641,0.39195979899497485,0.5714285714285714,0.5591397849462365,0.5641025641025641,0.39195979899497485,0.5714285714285714,0.5591397849462365,0.0,0.0,0.0,0.0
bull_to_neutral,0.14,0.99,15.0,-0.05,0,156,156,0.5641025641025641,0.39195979899497485,0.5714285714285714,0.5591397849462365,0.5641025641025641,0.39195979899497485,0.5714285714285714,0.5591397849462365,0.0,0.0,0.0,0.0
bull_to_bear,0.14,0.99,15.0,-0.05,0,156,156,0.5641025641025641,0.39195979899497485,0.5714285714285714,0.5591397849462365,0.5641025641025641,0.39195979899497485,0.5714285714285714,0.5591397849462365,0.0,0.0,0.0,0.0
bull_to_neutral,0.14,0.99,15.0,-0.1,0,156,156,0.5641025641025641,0.39195979899497485,0.5714285714285714,0.5591397849462365,0.5641025641025641,0.39195979899497485,0.5714285714285714,0.5591397849462365,0.0,0.0,0.0,0.0
bull_to_bear,0.14,0.99,15.0,-0.1,0,156,156,0.5641025641025641,0.39195979899497485,0.5714285714285714,0.5591397849462365,0.5641025641025641,0.39195979899497485,0.5714285714285714,0.5591397849462365,0.0,0.0,0.0,0.0
bull_to_neutral,0.14,0.98,,,0,156,156,0.5641025641025641,0.39195979899497485,0.5714285714285714,0.5591397849462365,0.5641025641025641,0.39195979899497485,0.5714285714285714,0.5591397849462365,0.0,0.0,0.0,0.0
bull_to_bear,0.14,0.98,,,0,156,156,0.5641025641025641,0.39195979899497485,0.5714285714285714,0.5591397849462365,0.5641025641025641,0.39195979899497485,0.5714285714285714,0.5591397849462365,0.0,0.0,0.0,0.0
bull_to_neutral,0.14,0.98,,0.0,0,156,156,0.5641025641025641,0.39195979899497485,0.5714285714285714,0.5591397849462365,0.5641025641025641,0.39195979899497485,0.5714285714285714,0.5591397849462365,0.0,0.0,0.0,0.0
bull_to_bear,0.14,0.98,,0.0,0,156,156,0.5641025641025641,0.39195979899497485,0.5714285714285714,0.5591397849462365,0.5641025641025641,0.39195979899497485,0.5714285714285714,0.5591397849462365,0.0,0.0,0.0,0.0
bull_to_neutral,0.14,0.98,,-0.05,0,156,156,0.5641025641025641,0.39195979899497485,0.5714285714285714,0.5591397849462365,0.5641025641025641,0.39195979899497485,0.5714285714285714,0.5591397849462365,0.0,0.0,0.0,0.0
bull_to_bear,0.14,0.98,,-0.05,0,156,156,0.5641025641025641,0.39195979899497485,0.5714285714285714,0.5591397849462365,0.5641025641025641,0.39195979899497485,0.5714285714285714,0.5591397849462365,0.0,0.0,0.0,0.0
bull_to_neutral,0.14,0.98,,-0.1,0,156,156,0.5641025641025641,0.39195979899497485,0.5714285714285714,0.5591397849462365,0.5641025641025641,0.39195979899497485,0.5714285714285714,0.5591397849462365,0.0,0.0,0.0,0.0
bull_to_bear,0.14,0.98,,-0.1,0,156,156,0.5641025641025641,0.39195979899497485,0.5714285714285714,0.5591397849462365,0.5641025641025641,0.39195979899497485,0.5714285714285714,0.5591397849462365,0.0,0.0,0.0,0.0
bull_to_neutral,0.14,0.98,0.0,,0,156,156,0.5641025641025641,0.39195979899497485,0.5714285714285714,0.5591397849462365,0.5641025641025641,0.39195979899497485,0.5714285714285714,0.5591397849462365,0.0,0.0,0.0,0.0
bull_to_bear,0.14,0.98,0.0,,0,156,156,0.5641025641025641,0.39195979899497485,0.5714285714285714,0.5591397849462365,0.5641025641025641,0.39195979899497485,0.5714285714285714,0.5591397849462365,0.0,0.0,0.0,0.0
bull_to_neutral,0.14,0.98,0.0,0.0,0,156,156,0.5641025641025641,0.39195979899497485,0.5714285714285714,0.5591397849462365,0.5641025641025641,0.39195979899497485,0.5714285714285714,0.5591397849462365,0.0,0.0,0.0,0.0
bull_to_bear,0.14,0.98,0.0,0.0,0,156,156,0.5641025641025641,0.39195979899497485,0.5714285714285714,0.5591397849462365,0.5641025641025641,0.39195979899497485,0.5714285714285714,0.5591397849462365,0.0,0.0,0.0,0.0
bull_to_neutral,0.14,0.98,0.0,-0.05,0,156,156,0.5641025641025641,0.39195979899497485,0.5714285714285714,0.5591397849462365,0.5641025641025641,0.39195979899497485,0.5714285714285714,0.5591397849462365,0.0,0.0,0.0,0.0
bull_to_bear,0.14,0.98,0.0,-0.05,0,156,156,0.5641025641025641,0.39195979899497485,0.5714285714285714,0.5591397849462365,0.5641025641025641,0.39195979899497485,0.5714285714285714,0.5591397849462365,0.0,0.0,0.0,0.0
bull_to_neutral,0.14,0.98,0.0,-0.1,0,156,156,0.5641025641025641,0.39195979899497485,0.5714285714285714,0.5591397849462365,0.5641025641025641,0.39195979899497485,0.5714285714285714,0.5591397849462365,0.0,0.0,0.0,0.0
bull_to_bear,0.14,0.98,0.0,-0.1,0,156,156,0.5641025641025641,0.39195979899497485,0.5714285714285714,0.5591397849462365,0.5641025641025641,0.39195979899497485,0.5714285714285714,0.5591397849462365,0.0,0.0,0.0,0.0
bull_to_neutral,0.14,0.98,5.0,,0,156,156,0.5641025641025641,0.39195979899497485,0.5714285714285714,0.5591397849462365,0.5641025641025641,0.39195979899497485,0.5714285714285714,0.5591397849462365,0.0,0.0,0.0,0.0
bull_to_bear,0.14,0.98,5.0,,0,156,156,0.5641025641025641,0.39195979899497485,0.5714285714285714,0.5591397849462365,0.5641025641025641,0.39195979899497485,0.5714285714285714,0.5591397849462365,0.0,0.0,0.0,0.0
bull_to_neutral,0.14,0.98,5.0,0.0,0,156,156,0.5641025641025641,0.39195979899497485,0.5714285714285714,0.5591397849462365,0.5641025641025641,0.39195979899497485,0.5714285714285714,0.5591397849462365,0.0,0.0,0.0,0.0
bull_to_bear,0.14,0.98,5.0,0.0,0,156,156,0.5641025641025641,0.39195979899497485,0.5714285714285714,0.5591397849462365,0.5641025641025641,0.39195979899497485,0.5714285714285714,0.5591397849462365,0.0,0.0,0.0,0.0
bull_to_neutral,0.14,0.98,5.0,-0.05,0,156,156,0.5641025641025641,0.39195979899497485,0.5714285714285714,0.5591397849462365,0.5641025641025641,0.39195979899497485,0.5714285714285714,0.5591397849462365,0.0,0.0,0.0,0.0
bull_to_bear,0.14,0.98,5.0,-0.05,0,156,156,0.5641025641025641,0.39195979899497485,0.5714285714285714,0.5591397849462365,0.5641025641025641,0.39195979899497485,0.5714285714285714,0.5591397849462365,0.0,0.0,0.0,0.0
bull_to_neutral,0.14,0.98,5.0,-0.1,0,156,156,0.5641025641025641,0.39195979899497485,0.5714285714285714,0.5591397849462365,0.5641025641025641,0.39195979899497485,0.5714285714285714,0.5591397849462365,0.0,0.0,0.0,0.0
bull_to_bear,0.14,0.98,5.0,-0.1,0,156,156,0.5641025641025641,0.39195979899497485,0.5714285714285714,0.5591397849462365,0.5641025641025641,0.39195979899497485,0.5714285714285714,0.5591397849462365,0.0,0.0,0.0,0.0
bull_to_neutral,0.14,0.98,10.0,,0,156,156,0.5641025641025641,0.39195979899497485,0.5714285714285714,0.5591397849462365,0.5641025641025641,0.39195979899497485,0.5714285714285714,0.5591397849462365,0.0,0.0,0.0,0.0
bull_to_bear,0.14,0.98,10.0,,0,156,156,0.5641025641025641,0.39195979899497485,0.5714285714285714,0.5591397849462365,0.5641025641025641,0.39195979899497485,0.5714285714285714,0.5591397849462365,0.0,0.0,0.0,0.0
bull_to_neutral,0.14,0.98,10.0,0.0,0,156,156,0.5641025641025641,0.39195979899497485,0.5714285714285714,0.5591397849462365,0.5641025641025641,0.39195979899497485,0.5714285714285714,0.5591397849462365,0.0,0.0,0.0,0.0
bull_to_bear,0.14,0.98,10.0,0.0,0,156,156,0.5641025641025641,0.39195979899497485,0.5714285714285714,0.5591397849462365,0.5641025641025641,0.39195979899497485,0.5714285714285714,0.5591397849462365,0.0,0.0,0.0,0.0
bull_to_neutral,0.14,0.98,10.0,-0.05,0,156,156,0.5641025641025641,0.39195979899497485,0.5714285714285714,0.5591397849462365,0.5641025641025641,0.39195979899497485,0.5714285714285714,0.5591397849462365,0.0,0.0,0.0,0.0
bull_to_bear,0.14,0.98,10.0,-0.05,0,156,156,0.5641025641025641,0.39195979899497485,0.5714285714285714,0.5591397849462365,0.5641025641025641,0.39195979899497485,0.5714285714285714,0.5591397849462365,0.0,0.0,0.0,0.0
bull_to_neutral,0.14,0.98,10.0,-0.1,0,156,156,0.5641025641025641,0.39195979899497485,0.5714285714285714,0.5591397849462365,0.5641025641025641,0.39195979899497485,0.5714285714285714,0.5591397849462365,0.0,0.0,0.0,0.0
bull_to_bear,0.14,0.98,10.0,-0.1,0,156,156,0.5641025641025641,0.39195979899497485,0.5714285714285714,0.5591397849462365,0.5641025641025641,0.39195979899497485,0.5714285714285714,0.5591397849462365,0.0,0.0,0.0,0.0
bull_to_neutral,0.14,0.98,15.0,,0,156,156,0.5641025641025641,0.39195979899497485,0.5714285714285714,0.5591397849462365,0.5641025641025641,0.39195979899497485,0.5714285714285714,0.5591397849462365,0.0,0.0,0.0,0.0
bull_to_bear,0.14,0.98,15.0,,0,156,156,0.5641025641025641,0.39195979899497485,0.5714285714285714,0.5591397849462365,0.5641025641025641,0.39195979899497485,0.5714285714285714,0.5591397849462365,0.0,0.0,0.0,0.0
bull_to_neutral,0.14,0.98,15.0,0.0,0,156,156,0.5641025641025641,0.39195979899497485,0.5714285714285714,0.5591397849462365,0.5641025641025641,0.39195979899497485,0.5714285714285714,0.5591397849462365,0.0,0.0,0.0,0.0
bull_to_bear,0.14,0.98,15.0,0.0,0,156,156,0.5641025641025641,0.39195979899497485,0.5714285714285714,0.5591397849462365,0.5641025641025641,0.39195979899497485,0.5714285714285714,0.5591397849462365,0.0,0.0,0.0,0.0
bull_to_neutral,0.14,0.98,15.0,-0.05,0,156,156,0.5641025641025641,0.39195979899497485,0.5714285714285714,0.5591397849462365,0.5641025641025641,0.39195979899497485,0.5714285714285714,0.5591397849462365,0.0,0.0,0.0,0.0
bull_to_bear,0.14,0.98,15.0,-0.05,0,156,156,0.5641025641025641,0.39195979899497485,0.5714285714285714,0.5591397849462365,0.5641025641025641,0.39195979899497485,0.5714285714285714,0.5591397849462365,0.0,0.0,0.0,0.0
bull_to_neutral,0.14,0.98,15.0,-0.1,0,156,156,0.5641025641025641,0.39195979899497485,0.5714285714285714,0.5591397849462365,0.5641025641025641,0.39195979899497485,0.5714285714285714,0.5591397849462365,0.0,0.0,0.0,0.0
bull_to_bear,0.14,0.98,15.0,-0.1,0,156,156,0.5641025641025641,0.39195979899497485,0.5714285714285714,0.5591397849462365,0.5641025641025641,0.39195979899497485,0.5714285714285714,0.5591397849462365,0.0,0.0,0.0,0.0
bull_to_neutral,0.14,0.97,,,0,156,156,0.5641025641025641,0.39195979899497485,0.5714285714285714,0.5591397849462365,0.5641025641025641,0.39195979899497485,0.5714285714285714,0.5591397849462365,0.0,0.0,0.0,0.0
bull_to_bear,0.14,0.97,,,0,156,156,0.5641025641025641,0.39195979899497485,0.5714285714285714,0.5591397849462365,0.5641025641025641,0.39195979899497485,0.5714285714285714,0.5591397849462365,0.0,0.0,0.0,0.0
bull_to_neutral,0.14,0.97,,0.0,0,156,156,0.5641025641025641,0.39195979899497485,0.5714285714285714,0.5591397849462365,0.5641025641025641,0.39195979899497485,0.5714285714285714,0.5591397849462365,0.0,0.0,0.0,0.0
bull_to_bear,0.14,0.97,,0.0,0,156,156,0.5641025641025641,0.39195979899497485,0.5714285714285714,0.5591397849462365,0.5641025641025641,0.39195979899497485,0.5714285714285714,0.5591397849462365,0.0,0.0,0.0,0.0
bull_to_neutral,0.14,0.97,,-0.05,0,156,156,0.5641025641025641,0.39195979899497485,0.5714285714285714,0.5591397849462365,0.5641025641025641,0.39195979899497485,0.5714285714285714,0.5591397849462365,0.0,0.0,0.0,0.0
bull_to_bear,0.14,0.97,,-0.05,0,156,156,0.5641025641025641,0.39195979899497485,0.5714285714285714,0.5591397849462365,0.5641025641025641,0.39195979899497485,0.5714285714285714,0.5591397849462365,0.0,0.0,0.0,0.0
bull_to_neutral,0.14,0.97,,-0.1,0,156,156,0.5641025641025641,0.39195979899497485,0.5714285714285714,0.5591397849462365,0.5641025641025641,0.39195979899497485,0.5714285714285714,0.5591397849462365,0.0,0.0,0.0,0.0
bull_to_bear,0.14,0.97,,-0.1,0,156,156,0.5641025641025641,0.39195979899497485,0.5714285714285714,0.5591397849462365,0.5641025641025641,0.39195979899497485,0.5714285714285714,0.5591397849462365,0.0,0.0,0.0,0.0
bull_to_neutral,0.14,0.97,0.0,,0,156,156,0.5641025641025641,0.39195979899497485,0.5714285714285714,0.5591397849462365,0.5641025641025641,0.39195979899497485,0.5714285714285714,0.5591397849462365,0.0,0.0,0.0,0.0
bull_to_bear,0.14,0.97,0.0,,0,156,156,0.5641025641025641,0.39195979899497485,0.5714285714285714,0.5591397849462365,0.5641025641025641,0.39195979899497485,0.5714285714285714,0.5591397849462365,0.0,0.0,0.0,0.0
bull_to_neutral,0.14,0.97,0.0,0.0,0,156,156,0.5641025641025641,0.39195979899497485,0.5714285714285714,0.5591397849462365,0.5641025641025641,0.39195979899497485,0.5714285714285714,0.5591397849462365,0.0,0.0,0.0,0.0
bull_to_bear,0.14,0.97,0.0,0.0,0,156,156,0.5641025641025641,0.39195979899497485,0.5714285714285714,0.5591397849462365,0.5641025641025641,0.39195979899497485,0.5714285714285714,0.5591397849462365,0.0,0.0,0.0,0.0
bull_to_neutral,0.14,0.97,0.0,-0.05,0,156,156,0.5641025641025641,0.39195979899497485,0.5714285714285714,0.5591397849462365,0.5641025641025641,0.39195979899497485,0.5714285714285714,0.5591397849462365,0.0,0.0,0.0,0.0
bull_to_bear,0.14,0.97,0.0,-0.05,0,156,156,0.5641025641025641,0.39195979899497485,0.5714285714285714,0.5591397849462365,0.5641025641025641,0.39195979899497485,0.5714285714285714,0.5591397849462365,0.0,0.0,0.0,0.0
bull_to_neutral,0.14,0.97,0.0,-0.1,0,156,156,0.5641025641025641,0.39195979899497485,0.5714285714285714,0.5591397849462365,0.5641025641025641,0.39195979899497485,0.5714285714285714,0.5591397849462365,0.0,0.0,0.0,0.0
bull_to_bear,0.14,0.97,0.0,-0.1,0,156,156,0.5641025641025641,0.39195979899497485,0.5714285714285714,0.5591397849462365,0.5641025641025641,0.39195979899497485,0.5714285714285714,0.5591397849462365,0.0,0.0,0.0,0.0
bull_to_neutral,0.14,0.97,5.0,,0,156,156,0.5641025641025641,0.39195979899497485,0.5714285714285714,0.5591397849462365,0.5641025641025641,0.39195979899497485,0.5714285714285714,0.5591397849462365,0.0,0.0,0.0,0.0
bull_to_bear,0.14,0.97,5.0,,0,156,156,0.5641025641025641,0.39195979899497485,0.5714285714285714,0.5591397849462365,0.5641025641025641,0.39195979899497485,0.5714285714285714,0.5591397849462365,0.0,0.0,0.0,0.0
bull_to_neutral,0.14,0.97,5.0,0.0,0,156,156,0.5641025641025641,0.39195979899497485,0.5714285714285714,0.5591397849462365,0.5641025641025641,0.39195979899497485,0.5714285714285714,0.5591397849462365,0.0,0.0,0.0,0.0
bull_to_bear,0.14,0.97,5.0,0.0,0,156,156,0.5641025641025641,0.39195979899497485,0.5714285714285714,0.5591397849462365,0.5641025641025641,0.39195979899497485,0.5714285714285714,0.5591397849462365,0.0,0.0,0.0,0.0
bull_to_neutral,0.14,0.97,5.0,-0.05,0,156,156,0.5641025641025641,0.39195979899497485,0.5714285714285714,0.5591397849462365,0.5641025641025641,0.39195979899497485,0.5714285714285714,0.5591397849462365,0.0,0.0,0.0,0.0
bull_to_bear,0.14,0.97,5.0,-0.05,0,156,156,0.5641025641025641,0.39195979899497485,0.5714285714285714,0.5591397849462365,0.5641025641025641,0.39195979899497485,0.5714285714285714,0.5591397849462365,0.0,0.0,0.0,0.0
bull_to_neutral,0.14,0.97,5.0,-0.1,0,156,156,0.5641025641025641,0.39195979899497485,0.5714285714285714,0.5591397849462365,0.5641025641025641,0.39195979899497485,0.5714285714285714,0.5591397849462365,0.0,0.0,0.0,0.0
bull_to_bear,0.14,0.97,5.0,-0.1,0,156,156,0.5641025641025641,0.39195979899497485,0.5714285714285714,0.5591397849462365,0.5641025641025641,0.39195979899497485,0.5714285714285714,0.5591397849462365,0.0,0.0,0.0,0.0
bull_to_neutral,0.14,0.97,10.0,,0,156,156,0.5641025641025641,0.39195979899497485,0.5714285714285714,0.5591397849462365,0.5641025641025641,0.39195979899497485,0.5714285714285714,0.5591397849462365,0.0,0.0,0.0,0.0
bull_to_bear,0.14,0.97,10.0,,0,156,156,0.5641025641025641,0.39195979899497485,0.5714285714285714,0.5591397849462365,0.5641025641025641,0.39195979899497485,0.5714285714285714,0.5591397849462365,0.0,0.0,0.0,0.0
bull_to_neutral,0.14,0.97,10.0,0.0,0,156,156,0.5641025641025641,0.39195979899497485,0.5714285714285714,0.5591397849462365,0.5641025641025641,0.39195979899497485,0.5714285714285714,0.5591397849462365,0.0,0.0,0.0,0.0
bull_to_bear,0.14,0.97,10.0,0.0,0,156,156,0.5641025641025641,0.39195979899497485,0.5714285714285714,0.5591397849462365,0.5641025641025641,0.39195979899497485,0.5714285714285714,0.5591397849462365,0.0,0.0,0.0,0.0
bull_to_neutral,0.14,0.97,10.0,-0.05,0,156,156,0.5641025641025641,0.39195979899497485,0.5714285714285714,0.5591397849462365,0.5641025641025641,0.39195979899497485,0.5714285714285714,0.5591397849462365,0.0,0.0,0.0,0.0
bull_to_bear,0.14,0.97,10.0,-0.05,0,156,156,0.5641025641025641,0.39195979899497485,0.5714285714285714,0.5591397849462365,0.5641025641025641,0.39195979899497485,0.5714285714285714,0.5591397849462365,0.0,0.0,0.0,0.0
bull_to_neutral,0.14,0.97,10.0,-0.1,0,156,156,0.5641025641025641,0.39195979899497485,0.5714285714285714,0.5591397849462365,0.5641025641025641,0.39195979899497485,0.5714285714285714,0.5591397849462365,0.0,0.0,0.0,0.0
bull_to_bear,0.14,0.97,10.0,-0.1,0,156,156,0.5641025641025641,0.39195979899497485,0.5714285714285714,0.5591397849462365,0.5641025641025641,0.39195979899497485,0.5714285714285714,0.5591397849462365,0.0,0.0,0.0,0.0
bull_to_neutral,0.14,0.97,15.0,,0,156,156,0.5641025641025641,0.39195979899497485,0.5714285714285714,0.5591397849462365,0.5641025641025641,0.39195979899497485,0.5714285714285714,0.5591397849462365,0.0,0.0,0.0,0.0
bull_to_bear,0.14,0.97,15.0,,0,156,156,0.5641025641025641,0.39195979899497485,0.5714285714285714,0.5591397849462365,0.5641025641025641,0.39195979899497485,0.5714285714285714,0.5591397849462365,0.0,0.0,0.0,0.0
bull_to_neutral,0.14,0.97,15.0,0.0,0,156,156,0.5641025641025641,0.39195979899497485,0.5714285714285714,0.5591397849462365,0.5641025641025641,0.39195979899497485,0.5714285714285714,0.5591397849462365,0.0,0.0,0.0,0.0
bull_to_bear,0.14,0.97,15.0,0.0,0,156,156,0.5641025641025641,0.39195979899497485,0.5714285714285714,0.5591397849462365,0.5641025641025641,0.39195979899497485,0.5714285714285714,0.5591397849462365,0.0,0.0,0.0,0.0
bull_to_neutral,0.14,0.97,15.0,-0.05,0,156,156,0.5641025641025641,0.39195979899497485,0.5714285714285714,0.5591397849462365,0.5641025641025641,0.39195979899497485,0.5714285714285714,0.5591397849462365,0.0,0.0,0.0,0.0
bull_to_bear,0.14,0.97,15.0,-0.05,0,156,156,0.5641025641025641,0.39195979899497485,0.5714285714285714,0.5591397849462365,0.5641025641025641,0.39195979899497485,0.5714285714285714,0.5591397849462365,0.0,0.0,0.0,0.0
bull_to_neutral,0.14,0.97,15.0,-0.1,0,156,156,0.5641025641025641,0.39195979899497485,0.5714285714285714,0.5591397849462365,0.5641025641025641,0.39195979899497485,0.5714285714285714,0.5591397849462365,0.0,0.0,0.0,0.0
bull_to_bear,0.14,0.97,15.0,-0.1,0,156,156,0.5641025641025641,0.39195979899497485,0.5714285714285714,0.5591397849462365,0.5641025641025641,0.39195979899497485,0.5714285714285714,0.5591397849462365,0.0,0.0,0.0,0.0
bull_to_neutral,0.14,0.95,,,0,156,156,0.5641025641025641,0.39195979899497485,0.5714285714285714,0.5591397849462365,0.5641025641025641,0.39195979899497485,0.5714285714285714,0.5591397849462365,0.0,0.0,0.0,0.0
bull_to_bear,0.14,0.95,,,0,156,156,0.5641025641025641,0.39195979899497485,0.5714285714285714,0.5591397849462365,0.5641025641025641,0.39195979899497485,0.5714285714285714,0.5591397849462365,0.0,0.0,0.0,0.0
bull_to_neutral,0.14,0.95,,0.0,0,156,156,0.5641025641025641,0.39195979899497485,0.5714285714285714,0.5591397849462365,0.5641025641025641,0.39195979899497485,0.5714285714285714,0.5591397849462365,0.0,0.0,0.0,0.0
bull_to_bear,0.14,0.95,,0.0,0,156,156,0.5641025641025641,0.39195979899497485,0.5714285714285714,0.5591397849462365,0.5641025641025641,0.39195979899497485,0.5714285714285714,0.5591397849462365,0.0,0.0,0.0,0.0
bull_to_neutral,0.14,0.95,,-0.05,0,156,156,0.5641025641025641,0.39195979899497485,0.5714285714285714,0.5591397849462365,0.5641025641025641,0.39195979899497485,0.5714285714285714,0.5591397849462365,0.0,0.0,0.0,0.0
bull_to_bear,0.14,0.95,,-0.05,0,156,156,0.5641025641025641,0.39195979899497485,0.5714285714285714,0.5591397849462365,0.5641025641025641,0.39195979899497485,0.5714285714285714,0.5591397849462365,0.0,0.0,0.0,0.0
bull_to_neutral,0.14,0.95,,-0.1,0,156,156,0.5641025641025641,0.39195979899497485,0.5714285714285714,0.5591397849462365,0.5641025641025641,0.39195979899497485,0.5714285714285714,0.5591397849462365,0.0,0.0,0.0,0.0
bull_to_bear,0.14,0.95,,-0.1,0,156,156,0.5641025641025641,0.39195979899497485,0.5714285714285714,0.5591397849462365,0.5641025641025641,0.39195979899497485,0.5714285714285714,0.5591397849462365,0.0,0.0,0.0,0.0
bull_to_neutral,0.14,0.95,0.0,,0,156,156,0.5641025641025641,0.39195979899497485,0.5714285714285714,0.5591397849462365,0.5641025641025641,0.39195979899497485,0.5714285714285714,0.5591397849462365,0.0,0.0,0.0,0.0
bull_to_bear,0.14,0.95,0.0,,0,156,156,0.5641025641025641,0.39195979899497485,0.5714285714285714,0.5591397849462365,0.5641025641025641,0.39195979899497485,0.5714285714285714,0.5591397849462365,0.0,0.0,0.0,0.0
bull_to_neutral,0.14,0.95,0.0,0.0,0,156,156,0.5641025641025641,0.39195979899497485,0.5714285714285714,0.5591397849462365,0.5641025641025641,0.39195979899497485,0.5714285714285714,0.5591397849462365,0.0,0.0,0.0,0.0
bull_to_bear,0.14,0.95,0.0,0.0,0,156,156,0.5641025641025641,0.39195979899497485,0.5714285714285714,0.5591397849462365,0.5641025641025641,0.39195979899497485,0.5714285714285714,0.5591397849462365,0.0,0.0,0.0,0.0
bull_to_neutral,0.14,0.95,0.0,-0.05,0,156,156,0.5641025641025641,0.39195979899497485,0.5714285714285714,0.5591397849462365,0.5641025641025641,0.39195979899497485,0.5714285714285714,0.5591397849462365,0.0,0.0,0.0,0.0
bull_to_bear,0.14,0.95,0.0,-0.05,0,156,156,0.5641025641025641,0.39195979899497485,0.5714285714285714,0.5591397849462365,0.5641025641025641,0.39195979899497485,0.5714285714285714,0.5591397849462365,0.0,0.0,0.0,0.0
bull_to_neutral,0.14,0.95,0.0,-0.1,0,156,156,0.5641025641025641,0.39195979899497485,0.5714285714285714,0.5591397849462365,0.5641025641025641,0.39195979899497485,0.5714285714285714,0.5591397849462365,0.0,0.0,0.0,0.0
bull_to_bear,0.14,0.95,0.0,-0.1,0,156,156,0.5641025641025641,0.39195979899497485,0.5714285714285714,0.5591397849462365,0.5641025641025641,0.39195979899497485,0.5714285714285714,0.5591397849462365,0.0,0.0,0.0,0.0
bull_to_neutral,0.14,0.95,5.0,,0,156,156,0.5641025641025641,0.39195979899497485,0.5714285714285714,0.5591397849462365,0.5641025641025641,0.39195979899497485,0.5714285714285714,0.5591397849462365,0.0,0.0,0.0,0.0
bull_to_bear,0.14,0.95,5.0,,0,156,156,0.5641025641025641,0.39195979899497485,0.5714285714285714,0.5591397849462365,0.5641025641025641,0.39195979899497485,0.5714285714285714,0.5591397849462365,0.0,0.0,0.0,0.0
bull_to_neutral,0.14,0.95,5.0,0.0,0,156,156,0.5641025641025641,0.39195979899497485,0.5714285714285714,0.5591397849462365,0.5641025641025641,0.39195979899497485,0.5714285714285714,0.5591397849462365,0.0,0.0,0.0,0.0
bull_to_bear,0.14,0.95,5.0,0.0,0,156,156,0.5641025641025641,0.39195979899497485,0.5714285714285714,0.5591397849462365,0.5641025641025641,0.39195979899497485,0.5714285714285714,0.5591397849462365,0.0,0.0,0.0,0.0
bull_to_neutral,0.14,0.95,5.0,-0.05,0,156,156,0.5641025641025641,0.39195979899497485,0.5714285714285714,0.5591397849462365,0.5641025641025641,0.39195979899497485,0.5714285714285714,0.5591397849462365,0.0,0.0,0.0,0.0
bull_to_bear,0.14,0.95,5.0,-0.05,0,156,156,0.5641025641025641,0.39195979899497485,0.5714285714285714,0.5591397849462365,0.5641025641025641,0.39195979899497485,0.5714285714285714,0.5591397849462365,0.0,0.0,0.0,0.0
bull_to_neutral,0.14,0.95,5.0,-0.1,0,156,156,0.5641025641025641,0.39195979899497485,0.5714285714285714,0.5591397849462365,0.5641025641025641,0.39195979899497485,0.5714285714285714,0.5591397849462365,0.0,0.0,0.0,0.0
bull_to_bear,0.14,0.95,5.0,-0.1,0,156,156,0.5641025641025641,0.39195979899497485,0.5714285714285714,0.5591397849462365,0.5641025641025641,0.39195979899497485,0.5714285714285714,0.5591397849462365,0.0,0.0,0.0,0.0
bull_to_neutral,0.14,0.95,10.0,,0,156,156,0.5641025641025641,0.39195979899497485,0.5714285714285714,0.5591397849462365,0.5641025641025641,0.39195979899497485,0.5714285714285714,0.5591397849462365,0.0,0.0,0.0,0.0
bull_to_bear,0.14,0.95,10.0,,0,156,156,0.5641025641025641,0.39195979899497485,0.5714285714285714,0.5591397849462365,0.5641025641025641,0.39195979899497485,0.5714285714285714,0.5591397849462365,0.0,0.0,0.0,0.0
bull_to_neutral,0.14,0.95,10.0,0.0,0,156,156,0.5641025641025641,0.39195979899497485,0.5714285714285714,0.5591397849462365,0.5641025641025641,0.39195979899497485,0.5714285714285714,0.5591397849462365,0.0,0.0,0.0,0.0
bull_to_bear,0.14,0.95,10.0,0.0,0,156,156,0.5641025641025641,0.39195979899497485,0.5714285714285714,0.5591397849462365,0.5641025641025641,0.39195979899497485,0.5714285714285714,0.5591397849462365,0.0,0.0,0.0,0.0
bull_to_neutral,0.14,0.95,10.0,-0.05,0,156,156,0.5641025641025641,0.39195979899497485,0.5714285714285714,0.5591397849462365,0.5641025641025641,0.39195979899497485,0.5714285714285714,0.5591397849462365,0.0,0.0,0.0,0.0
bull_to_bear,0.14,0.95,10.0,-0.05,0,156,156,0.5641025641025641,0.39195979899497485,0.5714285714285714,0.5591397849462365,0.5641025641025641,0.39195979899497485,0.5714285714285714,0.5591397849462365,0.0,0.0,0.0,0.0
bull_to_neutral,0.14,0.95,10.0,-0.1,0,156,156,0.5641025641025641,0.39195979899497485,0.5714285714285714,0.5591397849462365,0.5641025641025641,0.39195979899497485,0.5714285714285714,0.5591397849462365,0.0,0.0,0.0,0.0
bull_to_bear,0.14,0.95,10.0,-0.1,0,156,156,0.5641025641025641,0.39195979899497485,0.5714285714285714,0.5591397849462365,0.5641025641025641,0.39195979899497485,0.5714285714285714,0.5591397849462365,0.0,0.0,0.0,0.0
bull_to_neutral,0.14,0.95,15.0,,0,156,156,0.5641025641025641,0.39195979899497485,0.5714285714285714,0.5591397849462365,0.5641025641025641,0.39195979899497485,0.5714285714285714,0.5591397849462365,0.0,0.0,0.0,0.0
bull_to_bear,0.14,0.95,15.0,,0,156,156,0.5641025641025641,0.39195979899497485,0.5714285714285714,0.5591397849462365,0.5641025641025641,0.39195979899497485,0.5714285714285714,0.5591397849462365,0.0,0.0,0.0,0.0
bull_to_neutral,0.14,0.95,15.0,0.0,0,156,156,0.5641025641025641,0.39195979899497485,0.5714285714285714,0.5591397849462365,0.5641025641025641,0.39195979899497485,0.5714285714285714,0.5591397849462365,0.0,0.0,0.0,0.0
bull_to_bear,0.14,0.95,15.0,0.0,0,156,156,0.5641025641025641,0.39195979899497485,0.5714285714285714,0.5591397849462365,0.5641025641025641,0.39195979899497485,0.5714285714285714,0.5591397849462365,0.0,0.0,0.0,0.0
bull_to_neutral,0.14,0.95,15.0,-0.05,0,156,156,0.5641025641025641,0.39195979899497485,0.5714285714285714,0.5591397849462365,0.5641025641025641,0.39195979899497485,0.5714285714285714,0.5591397849462365,0.0,0.0,0.0,0.0
bull_to_bear,0.14,0.95,15.0,-0.05,0,156,156,0.5641025641025641,0.39195979899497485,0.5714285714285714,0.5591397849462365,0.5641025641025641,0.39195979899497485,0.5714285714285714,0.5591397849462365,0.0,0.0,0.0,0.0
bull_to_neutral,0.14,0.95,15.0,-0.1,0,156,156,0.5641025641025641,0.39195979899497485,0.5714285714285714,0.5591397849462365,0.5641025641025641,0.39195979899497485,0.5714285714285714,0.5591397849462365,0.0,0.0,0.0,0.0
bull_to_bear,0.14,0.95,15.0,-0.1,0,156,156,0.5641025641025641,0.39195979899497485,0.5714285714285714,0.5591397849462365,0.5641025641025641,0.39195979899497485,0.5714285714285714,0.5591397849462365,0.0,0.0,0.0,0.0
bull_to_neutral,0.14,0.93,,,0,156,156,0.5641025641025641,0.39195979899497485,0.5714285714285714,0.5591397849462365,0.5641025641025641,0.39195979899497485,0.5714285714285714,0.5591397849462365,0.0,0.0,0.0,0.0
bull_to_bear,0.14,0.93,,,0,156,156,0.5641025641025641,0.39195979899497485,0.5714285714285714,0.5591397849462365,0.5641025641025641,0.39195979899497485,0.5714285714285714,0.5591397849462365,0.0,0.0,0.0,0.0
bull_to_neutral,0.14,0.93,,0.0,0,156,156,0.5641025641025641,0.39195979899497485,0.5714285714285714,0.5591397849462365,0.5641025641025641,0.39195979899497485,0.5714285714285714,0.5591397849462365,0.0,0.0,0.0,0.0
bull_to_bear,0.14,0.93,,0.0,0,156,156,0.5641025641025641,0.39195979899497485,0.5714285714285714,0.5591397849462365,0.5641025641025641,0.39195979899497485,0.5714285714285714,0.5591397849462365,0.0,0.0,0.0,0.0
bull_to_neutral,0.14,0.93,,-0.05,0,156,156,0.5641025641025641,0.39195979899497485,0.5714285714285714,0.5591397849462365,0.5641025641025641,0.39195979899497485,0.5714285714285714,0.5591397849462365,0.0,0.0,0.0,0.0
bull_to_bear,0.14,0.93,,-0.05,0,156,156,0.5641025641025641,0.39195979899497485,0.5714285714285714,0.5591397849462365,0.5641025641025641,0.39195979899497485,0.5714285714285714,0.5591397849462365,0.0,0.0,0.0,0.0
bull_to_neutral,0.14,0.93,,-0.1,0,156,156,0.5641025641025641,0.39195979899497485,0.5714285714285714,0.5591397849462365,0.5641025641025641,0.39195979899497485,0.5714285714285714,0.5591397849462365,0.0,0.0,0.0,0.0
bull_to_bear,0.14,0.93,,-0.1,0,156,156,0.5641025641025641,0.39195979899497485,0.5714285714285714,0.5591397849462365,0.5641025641025641,0.39195979899497485,0.5714285714285714,0.5591397849462365,0.0,0.0,0.0,0.0
bull_to_neutral,0.14,0.93,0.0,,0,156,156,0.5641025641025641,0.39195979899497485,0.5714285714285714,0.5591397849462365,0.5641025641025641,0.39195979899497485,0.5714285714285714,0.5591397849462365,0.0,0.0,0.0,0.0
bull_to_bear,0.14,0.93,0.0,,0,156,156,0.5641025641025641,0.39195979899497485,0.5714285714285714,0.5591397849462365,0.5641025641025641,0.39195979899497485,0.5714285714285714,0.5591397849462365,0.0,0.0,0.0,0.0
bull_to_neutral,0.14,0.93,0.0,0.0,0,156,156,0.5641025641025641,0.39195979899497485,0.5714285714285714,0.5591397849462365,0.5641025641025641,0.39195979899497485,0.5714285714285714,0.5591397849462365,0.0,0.0,0.0,0.0
bull_to_bear,0.14,0.93,0.0,0.0,0,156,156,0.5641025641025641,0.39195979899497485,0.5714285714285714,0.5591397849462365,0.5641025641025641,0.39195979899497485,0.5714285714285714,0.5591397849462365,0.0,0.0,0.0,0.0
bull_to_neutral,0.14,0.93,0.0,-0.05,0,156,156,0.5641025641025641,0.39195979899497485,0.5714285714285714,0.5591397849462365,0.5641025641025641,0.39195979899497485,0.5714285714285714,0.5591397849462365,0.0,0.0,0.0,0.0
bull_to_bear,0.14,0.93,0.0,-0.05,0,156,156,0.5641025641025641,0.39195979899497485,0.5714285714285714,0.5591397849462365,0.5641025641025641,0.39195979899497485,0.5714285714285714,0.5591397849462365,0.0,0.0,0.0,0.0
bull_to_neutral,0.14,0.93,0.0,-0.1,0,156,156,0.5641025641025641,0.39195979899497485,0.5714285714285714,0.5591397849462365,0.5641025641025641,0.39195979899497485,0.5714285714285714,0.5591397849462365,0.0,0.0,0.0,0.0
bull_to_bear,0.14,0.93,0.0,-0.1,0,156,156,0.5641025641025641,0.39195979899497485,0.5714285714285714,0.5591397849462365,0.5641025641025641,0.39195979899497485,0.5714285714285714,0.5591397849462365,0.0,0.0,0.0,0.0
bull_to_neutral,0.14,0.93,5.0,,0,156,156,0.5641025641025641,0.39195979899497485,0.5714285714285714,0.5591397849462365,0.5641025641025641,0.39195979899497485,0.5714285714285714,0.5591397849462365,0.0,0.0,0.0,0.0
bull_to_bear,0.14,0.93,5.0,,0,156,156,0.5641025641025641,0.39195979899497485,0.5714285714285714,0.5591397849462365,0.5641025641025641,0.39195979899497485,0.5714285714285714,0.5591397849462365,0.0,0.0,0.0,0.0
bull_to_neutral,0.14,0.93,5.0,0.0,0,156,156,0.5641025641025641,0.39195979899497485,0.5714285714285714,0.5591397849462365,0.5641025641025641,0.39195979899497485,0.5714285714285714,0.5591397849462365,0.0,0.0,0.0,0.0
bull_to_bear,0.14,0.93,5.0,0.0,0,156,156,0.5641025641025641,0.39195979899497485,0.5714285714285714,0.5591397849462365,0.5641025641025641,0.39195979899497485,0.5714285714285714,0.5591397849462365,0.0,0.0,0.0,0.0
bull_to_neutral,0.14,0.93,5.0,-0.05,0,156,156,0.5641025641025641,0.39195979899497485,0.5714285714285714,0.5591397849462365,0.5641025641025641,0.39195979899497485,0.5714285714285714,0.5591397849462365,0.0,0.0,0.0,0.0
bull_to_bear,0.14,0.93,5.0,-0.05,0,156,156,0.5641025641025641,0.39195979899497485,0.5714285714285714,0.5591397849462365,0.5641025641025641,0.39195979899497485,0.5714285714285714,0.5591397849462365,0.0,0.0,0.0,0.0
bull_to_neutral,0.14,0.93,5.0,-0.1,0,156,156,0.5641025641025641,0.39195979899497485,0.5714285714285714,0.5591397849462365,0.5641025641025641,0.39195979899497485,0.5714285714285714,0.5591397849462365,0.0,0.0,0.0,0.0
bull_to_bear,0.14,0.93,5.0,-0.1,0,156,156,0.5641025641025641,0.39195979899497485,0.5714285714285714,0.5591397849462365,0.5641025641025641,0.39195979899497485,0.5714285714285714,0.5591397849462365,0.0,0.0,0.0,0.0
bull_to_neutral,0.14,0.93,10.0,,0,156,156,0.5641025641025641,0.39195979899497485,0.5714285714285714,0.5591397849462365,0.5641025641025641,0.39195979899497485,0.5714285714285714,0.5591397849462365,0.0,0.0,0.0,0.0
bull_to_bear,0.14,0.93,10.0,,0,156,156,0.5641025641025641,0.39195979899497485,0.5714285714285714,0.5591397849462365,0.5641025641025641,0.39195979899497485,0.5714285714285714,0.5591397849462365,0.0,0.0,0.0,0.0
bull_to_neutral,0.14,0.93,10.0,0.0,0,156,156,0.5641025641025641,0.39195979899497485,0.5714285714285714,0.5591397849462365,0.5641025641025641,0.39195979899497485,0.5714285714285714,0.5591397849462365,0.0,0.0,0.0,0.0
bull_to_bear,0.14,0.93,10.0,0.0,0,156,156,0.5641025641025641,0.39195979899497485,0.5714285714285714,0.5591397849462365,0.5641025641025641,0.39195979899497485,0.5714285714285714,0.5591397849462365,0.0,0.0,0.0,0.0
bull_to_neutral,0.14,0.93,10.0,-0.05,0,156,156,0.5641025641025641,0.39195979899497485,0.5714285714285714,0.5591397849462365,0.5641025641025641,0.39195979899497485,0.5714285714285714,0.5591397849462365,0.0,0.0,0.0,0.0
bull_to_bear,0.14,0.93,10.0,-0.05,0,156,156,0.5641025641025641,0.39195979899497485,0.5714285714285714,0.5591397849462365,0.5641025641025641,0.39195979899497485,0.5714285714285714,0.5591397849462365,0.0,0.0,0.0,0.0
bull_to_neutral,0.14,0.93,10.0,-0.1,0,156,156,0.5641025641025641,0.39195979899497485,0.5714285714285714,0.5591397849462365,0.5641025641025641,0.39195979899497485,0.5714285714285714,0.5591397849462365,0.0,0.0,0.0,0.0
bull_to_bear,0.14,0.93,10.0,-0.1,0,156,156,0.5641025641025641,0.39195979899497485,0.5714285714285714,0.5591397849462365,0.5641025641025641,0.39195979899497485,0.5714285714285714,0.5591397849462365,0.0,0.0,0.0,0.0
bull_to_neutral,0.14,0.93,15.0,,0,156,156,0.5641025641025641,0.39195979899497485,0.5714285714285714,0.5591397849462365,0.5641025641025641,0.39195979899497485,0.5714285714285714,0.5591397849462365,0.0,0.0,0.0,0.0
bull_to_bear,0.14,0.93,15.0,,0,156,156,0.5641025641025641,0.39195979899497485,0.5714285714285714,0.5591397849462365,0.5641025641025641,0.39195979899497485,0.5714285714285714,0.5591397849462365,0.0,0.0,0.0,0.0
bull_to_neutral,0.14,0.93,15.0,0.0,0,156,156,0.5641025641025641,0.39195979899497485,0.5714285714285714,0.5591397849462365,0.5641025641025641,0.39195979899497485,0.5714285714285714,0.5591397849462365,0.0,0.0,0.0,0.0
bull_to_bear,0.14,0.93,15.0,0.0,0,156,156,0.5641025641025641,0.39195979899497485,0.5714285714285714,0.5591397849462365,0.5641025641025641,0.39195979899497485,0.5714285714285714,0.5591397849462365,0.0,0.0,0.0,0.0
bull_to_neutral,0.14,0.93,15.0,-0.05,0,156,156,0.5641025641025641,0.39195979899497485,0.5714285714285714,0.5591397849462365,0.5641025641025641,0.39195979899497485,0.5714285714285714,0.5591397849462365,0.0,0.0,0.0,0.0
bull_to_bear,0.14,0.93,15.0,-0.05,0,156,156,0.5641025641025641,0.39195979899497485,0.5714285714285714,0.5591397849462365,0.5641025641025641,0.39195979899497485,0.5714285714285714,0.5591397849462365,0.0,0.0,0.0,0.0
bull_to_neutral,0.14,0.93,15.0,-0.1,0,156,156,0.5641025641025641,0.39195979899497485,0.5714285714285714,0.5591397849462365,0.5641025641025641,0.39195979899497485,0.5714285714285714,0.5591397849462365,0.0,0.0,0.0,0.0
bull_to_bear,0.14,0.93,15.0,-0.1,0,156,156,0.5641025641025641,0.39195979899497485,0.5714285714285714,0.5591397849462365,0.5641025641025641,0.39195979899497485,0.5714285714285714,0.5591397849462365,0.0,0.0,0.0,0.0
bull_to_neutral,0.14,0.9,,,0,156,156,0.5641025641025641,0.39195979899497485,0.5714285714285714,0.5591397849462365,0.5641025641025641,0.39195979899497485,0.5714285714285714,0.5591397849462365,0.0,0.0,0.0,0.0
bull_to_bear,0.14,0.9,,,0,156,156,0.5641025641025641,0.39195979899497485,0.5714285714285714,0.5591397849462365,0.5641025641025641,0.39195979899497485,0.5714285714285714,0.5591397849462365,0.0,0.0,0.0,0.0
bull_to_neutral,0.14,0.9,,0.0,0,156,156,0.5641025641025641,0.39195979899497485,0.5714285714285714,0.5591397849462365,0.5641025641025641,0.39195979899497485,0.5714285714285714,0.5591397849462365,0.0,0.0,0.0,0.0
bull_to_bear,0.14,0.9,,0.0,0,156,156,0.5641025641025641,0.39195979899497485,0.5714285714285714,0.5591397849462365,0.5641025641025641,0.39195979899497485,0.5714285714285714,0.5591397849462365,0.0,0.0,0.0,0.0
bull_to_neutral,0.14,0.9,,-0.05,0,156,156,0.5641025641025641,0.39195979899497485,0.5714285714285714,0.5591397849462365,0.5641025641025641,0.39195979899497485,0.5714285714285714,0.5591397849462365,0.0,0.0,0.0,0.0
bull_to_bear,0.14,0.9,,-0.05,0,156,156,0.5641025641025641,0.39195979899497485,0.5714285714285714,0.5591397849462365,0.5641025641025641,0.39195979899497485,0.5714285714285714,0.5591397849462365,0.0,0.0,0.0,0.0
bull_to_neutral,0.14,0.9,,-0.1,0,156,156,0.5641025641025641,0.39195979899497485,0.5714285714285714,0.5591397849462365,0.5641025641025641,0.39195979899497485,0.5714285714285714,0.5591397849462365,0.0,0.0,0.0,0.0
bull_to_bear,0.14,0.9,,-0.1,0,156,156,0.5641025641025641,0.39195979899497485,0.5714285714285714,0.5591397849462365,0.5641025641025641,0.39195979899497485,0.5714285714285714,0.5591397849462365,0.0,0.0,0.0,0.0
bull_to_neutral,0.14,0.9,0.0,,0,156,156,0.5641025641025641,0.39195979899497485,0.5714285714285714,0.5591397849462365,0.5641025641025641,0.39195979899497485,0.5714285714285714,0.5591397849462365,0.0,0.0,0.0,0.0
bull_to_bear,0.14,0.9,0.0,,0,156,156,0.5641025641025641,0.39195979899497485,0.5714285714285714,0.5591397849462365,0.5641025641025641,0.39195979899497485,0.5714285714285714,0.5591397849462365,0.0,0.0,0.0,0.0
bull_to_neutral,0.14,0.9,0.0,0.0,0,156,156,0.5641025641025641,0.39195979899497485,0.5714285714285714,0.5591397849462365,0.5641025641025641,0.39195979899497485,0.5714285714285714,0.5591397849462365,0.0,0.0,0.0,0.0
bull_to_bear,0.14,0.9,0.0,0.0,0,156,156,0.5641025641025641,0.39195979899497485,0.5714285714285714,0.5591397849462365,0.5641025641025641,0.39195979899497485,0.5714285714285714,0.5591397849462365,0.0,0.0,0.0,0.0
bull_to_neutral,0.14,0.9,0.0,-0.05,0,156,156,0.5641025641025641,0.39195979899497485,0.5714285714285714,0.5591397849462365,0.5641025641025641,0.39195979899497485,0.5714285714285714,0.5591397849462365,0.0,0.0,0.0,0.0
bull_to_bear,0.14,0.9,0.0,-0.05,0,156,156,0.5641025641025641,0.39195979899497485,0.5714285714285714,0.5591397849462365,0.5641025641025641,0.39195979899497485,0.5714285714285714,0.5591397849462365,0.0,0.0,0.0,0.0
bull_to_neutral,0.14,0.9,0.0,-0.1,0,156,156,0.5641025641025641,0.39195979899497485,0.5714285714285714,0.5591397849462365,0.5641025641025641,0.39195979899497485,0.5714285714285714,0.5591397849462365,0.0,0.0,0.0,0.0
bull_to_bear,0.14,0.9,0.0,-0.1,0,156,156,0.5641025641025641,0.39195979899497485,0.5714285714285714,0.5591397849462365,0.5641025641025641,0.39195979899497485,0.5714285714285714,0.5591397849462365,0.0,0.0,0.0,0.0
bull_to_neutral,0.14,0.9,5.0,,0,156,156,0.5641025641025641,0.39195979899497485,0.5714285714285714,0.5591397849462365,0.5641025641025641,0.39195979899497485,0.5714285714285714,0.5591397849462365,0.0,0.0,0.0,0.0
bull_to_bear,0.14,0.9,5.0,,0,156,156,0.5641025641025641,0.39195979899497485,0.5714285714285714,0.5591397849462365,0.5641025641025641,0.39195979899497485,0.5714285714285714,0.5591397849462365,0.0,0.0,0.0,0.0
bull_to_neutral,0.14,0.9,5.0,0.0,0,156,156,0.5641025641025641,0.39195979899497485,0.5714285714285714,0.5591397849462365,0.5641025641025641,0.39195979899497485,0.5714285714285714,0.5591397849462365,0.0,0.0,0.0,0.0
bull_to_bear,0.14,0.9,5.0,0.0,0,156,156,0.5641025641025641,0.39195979899497485,0.5714285714285714,0.5591397849462365,0.5641025641025641,0.39195979899497485,0.5714285714285714,0.5591397849462365,0.0,0.0,0.0,0.0
bull_to_neutral,0.14,0.9,5.0,-0.05,0,156,156,0.5641025641025641,0.39195979899497485,0.5714285714285714,0.5591397849462365,0.5641025641025641,0.39195979899497485,0.5714285714285714,0.5591397849462365,0.0,0.0,0.0,0.0
bull_to_bear,0.14,0.9,5.0,-0.05,0,156,156,0.5641025641025641,0.39195979899497485,0.5714285714285714,0.5591397849462365,0.5641025641025641,0.39195979899497485,0.5714285714285714,0.5591397849462365,0.0,0.0,0.0,0.0
bull_to_neutral,0.14,0.9,5.0,-0.1,0,156,156,0.5641025641025641,0.39195979899497485,0.5714285714285714,0.5591397849462365,0.5641025641025641,0.39195979899497485,0.5714285714285714,0.5591397849462365,0.0,0.0,0.0,0.0
bull_to_bear,0.14,0.9,5.0,-0.1,0,156,156,0.5641025641025641,0.39195979899497485,0.5714285714285714,0.5591397849462365,0.5641025641025641,0.39195979899497485,0.5714285714285714,0.5591397849462365,0.0,0.0,0.0,0.0
bull_to_neutral,0.14,0.9,10.0,,0,156,156,0.5641025641025641,0.39195979899497485,0.5714285714285714,0.5591397849462365,0.5641025641025641,0.39195979899497485,0.5714285714285714,0.5591397849462365,0.0,0.0,0.0,0.0
bull_to_bear,0.14,0.9,10.0,,0,156,156,0.5641025641025641,0.39195979899497485,0.5714285714285714,0.5591397849462365,0.5641025641025641,0.39195979899497485,0.5714285714285714,0.5591397849462365,0.0,0.0,0.0,0.0
bull_to_neutral,0.14,0.9,10.0,0.0,0,156,156,0.5641025641025641,0.39195979899497485,0.5714285714285714,0.5591397849462365,0.5641025641025641,0.39195979899497485,0.5714285714285714,0.5591397849462365,0.0,0.0,0.0,0.0
bull_to_bear,0.14,0.9,10.0,0.0,0,156,156,0.5641025641025641,0.39195979899497485,0.5714285714285714,0.5591397849462365,0.5641025641025641,0.39195979899497485,0.5714285714285714,0.5591397849462365,0.0,0.0,0.0,0.0
bull_to_neutral,0.14,0.9,10.0,-0.05,0,156,156,0.5641025641025641,0.39195979899497485,0.5714285714285714,0.5591397849462365,0.5641025641025641,0.39195979899497485,0.5714285714285714,0.5591397849462365,0.0,0.0,0.0,0.0
bull_to_bear,0.14,0.9,10.0,-0.05,0,156,156,0.5641025641025641,0.39195979899497485,0.5714285714285714,0.5591397849462365,0.5641025641025641,0.39195979899497485,0.5714285714285714,0.5591397849462365,0.0,0.0,0.0,0.0
bull_to_neutral,0.14,0.9,10.0,-0.1,0,156,156,0.5641025641025641,0.39195979899497485,0.5714285714285714,0.5591397849462365,0.5641025641025641,0.39195979899497485,0.5714285714285714,0.5591397849462365,0.0,0.0,0.0,0.0
bull_to_bear,0.14,0.9,10.0,-0.1,0,156,156,0.5641025641025641,0.39195979899497485,0.5714285714285714,0.5591397849462365,0.5641025641025641,0.39195979899497485,0.5714285714285714,0.5591397849462365,0.0,0.0,0.0,0.0
bull_to_neutral,0.14,0.9,15.0,,0,156,156,0.5641025641025641,0.39195979899497485,0.5714285714285714,0.5591397849462365,0.5641025641025641,0.39195979899497485,0.5714285714285714,0.5591397849462365,0.0,0.0,0.0,0.0
bull_to_bear,0.14,0.9,15.0,,0,156,156,0.5641025641025641,0.39195979899497485,0.5714285714285714,0.5591397849462365,0.5641025641025641,0.39195979899497485,0.5714285714285714,0.5591397849462365,0.0,0.0,0.0,0.0
bull_to_neutral,0.14,0.9,15.0,0.0,0,156,156,0.5641025641025641,0.39195979899497485,0.5714285714285714,0.5591397849462365,0.5641025641025641,0.39195979899497485,0.5714285714285714,0.5591397849462365,0.0,0.0,0.0,0.0
bull_to_bear,0.14,0.9,15.0,0.0,0,156,156,0.5641025641025641,0.39195979899497485,0.5714285714285714,0.5591397849462365,0.5641025641025641,0.39195979899497485,0.5714285714285714,0.5591397849462365,0.0,0.0,0.0,0.0
bull_to_neutral,0.14,0.9,15.0,-0.05,0,156,156,0.5641025641025641,0.39195979899497485,0.5714285714285714,0.5591397849462365,0.5641025641025641,0.39195979899497485,0.5714285714285714,0.5591397849462365,0.0,0.0,0.0,0.0
bull_to_bear,0.14,0.9,15.0,-0.05,0,156,156,0.5641025641025641,0.39195979899497485,0.5714285714285714,0.5591397849462365,0.5641025641025641,0.39195979899497485,0.5714285714285714,0.5591397849462365,0.0,0.0,0.0,0.0
bull_to_neutral,0.14,0.9,15.0,-0.1,0,156,156,0.5641025641025641,0.39195979899497485,0.5714285714285714,0.5591397849462365,0.5641025641025641,0.39195979899497485,0.5714285714285714,0.5591397849462365,0.0,0.0,0.0,0.0
bull_to_bear,0.14,0.9,15.0,-0.1,0,156,156,0.5641025641025641,0.39195979899497485,0.5714285714285714,0.5591397849462365,0.5641025641025641,0.39195979899497485,0.5714285714285714,0.5591397849462365,0.0,0.0,0.0,0.0
bull_to_neutral,0.16,1.0,,,12,144,156,0.5641025641025641,0.39195979899497485,0.5714285714285714,0.5591397849462365,0.5694444444444444,0.36180904522613067,0.5882352941176471,0.5591397849462365,0.005341880341880323,-0.030150753768844185,0.01680672268907568,0.0
bull_to_bear,0.16,1.0,,,12,156,156,0.5641025641025641,0.39195979899497485,0.5714285714285714,0.5591397849462365,0.5641025641025641,0.39195979899497485,0.5882352941176471,0.5523809523809524,0.0,0.0,0.01680672268907568,-0.00675883256528409
bull_to_neutral,0.16,1.0,,0.0,11,145,156,0.5641025641025641,0.39195979899497485,0.5714285714285714,0.5591397849462365,0.5655172413793104,0.36432160804020103,0.5769230769230769,0.5591397849462365,0.0014146772767462679,-0.027638190954773822,0.005494505494505475,0.0
bull_to_bear,0.16,1.0,,0.0,11,156,156,0.5641025641025641,0.39195979899497485,0.5714285714285714,0.5591397849462365,0.5576923076923077,0.39195979899497485,0.5769230769230769,0.5480769230769231,-0.0064102564102563875,0.0,0.005494505494505475,-0.011062861869313378
bull_to_neutral,0.16,1.0,,-0.05,10,146,156,0.5641025641025641,0.39195979899497485,0.5714285714285714,0.5591397849462365,0.5616438356164384,0.36683417085427134,0.5660377358490566,0.5591397849462365,-0.0024587284861257164,-0.025125628140703515,-0.005390835579514808,0.0
bull_to_bear,0.16,1.0,,-0.05,10,156,156,0.5641025641025641,0.39195979899497485,0.5714285714285714,0.5591397849462365,0.5512820512820513,0.39195979899497485,0.5660377358490566,0.5436893203883495,-0.012820512820512775,0.0,-0.005390835579514808,-0.015450464557887011
bull_to_neutral,0.16,1.0,,-0.1,9,147,156,0.5641025641025641,0.39195979899497485,0.5714285714285714,0.5591397849462365,0.564625850340136,0.3693467336683417,0.5740740740740741,0.5591397849462365,0.0005232862375719183,-0.022613065326633153,0.002645502645502673,0.0
bull_to_bear,0.16,1.0,,-0.1,9,156,156,0.5641025641025641,0.39195979899497485,0.5714285714285714,0.5591397849462365,0.5576923076923077,0.39195979899497485,0.5740740740740741,0.5490196078431373,-0.0064102564102563875,0.0,0.002645502645502673,-0.010120177103099204
bull_to_neutral,0.16,1.0,0.0,,7,149,156,0.5641025641025641,0.39195979899497485,0.5714285714285714,0.5591397849462365,0.5637583892617449,0.3743718592964824,0.5714285714285714,0.5591397849462365,-0.00034417484081916694,-0.017587939698492427,0.0,0.0
bull_to_bear,0.16,1.0,0.0,,7,156,156,0.5641025641025641,0.39195979899497485,0.5714285714285714,0.5591397849462365,0.5576923076923077,0.39195979899497485,0.5714285714285714,0.55,-0.0064102564102563875,0.0,0.0,-0.009139784946236462
bull_to_neutral,0.16,1.0,0.0,0.0,7,149,156,0.5641025641025641,0.39195979899497485,0.5714285714285714,0.5591397849462365,0.5637583892617449,0.3743718592964824,0.5714285714285714,0.5591397849462365,-0.00034417484081916694,-0.017587939698492427,0.0,0.0
bull_to_bear,0.16,1.0,0.0,0.0,7,156,156,0.5641025641025641,0.39195979899497485,0.5714285714285714,0.5591397849462365,0.5576923076923077,0.39195979899497485,0.5714285714285714,0.55,-0.0064102564102563875,0.0,0.0,-0.009139784946236462
bull_to_neutral,0.16,1.0,0.0,-0.05,7,149,156,0.5641025641025641,0.39195979899497485,0.5714285714285714,0.5591397849462365,0.5637583892617449,0.3743718592964824,0.5714285714285714,0.5591397849462365,-0.00034417484081916694,-0.017587939698492427,0.0,0.0
bull_to_bear,0.16,1.0,0.0,-0.05,7,156,156,0.5641025641025641,0.39195979899497485,0.5714285714285714,0.5591397849462365,0.5576923076923077,0.39195979899497485,0.5714285714285714,0.55,-0.0064102564102563875,0.0,0.0,-0.009139784946236462
bull_to_neutral,0.16,1.0,0.0,-0.1,7,149,156,0.5641025641025641,0.39195979899497485,0.5714285714285714,0.5591397849462365,0.5637583892617449,0.3743718592964824,0.5714285714285714,0.5591397849462365,-0.00034417484081916694,-0.017587939698492427,0.0,0.0
bull_to_bear,0.16,1.0,0.0,-0.1,7,156,156,0.5641025641025641,0.39195979899497485,0.5714285714285714,0.5591397849462365,0.5576923076923077,0.39195979899497485,0.5714285714285714,0.55,-0.0064102564102563875,0.0,0.0,-0.009139784946236462
bull_to_neutral,0.16,1.0,5.0,,7,149,156,0.5641025641025641,0.39195979899497485,0.5714285714285714,0.5591397849462365,0.5637583892617449,0.3743718592964824,0.5714285714285714,0.5591397849462365,-0.00034417484081916694,-0.017587939698492427,0.0,0.0
bull_to_bear,0.16,1.0,5.0,,7,156,156,0.5641025641025641,0.39195979899497485,0.5714285714285714,0.5591397849462365,0.5576923076923077,0.39195979899497485,0.5714285714285714,0.55,-0.0064102564102563875,0.0,0.0,-0.009139784946236462
bull_to_neutral,0.16,1.0,5.0,0.0,7,149,156,0.5641025641025641,0.39195979899497485,0.5714285714285714,0.5591397849462365,0.5637583892617449,0.3743718592964824,0.5714285714285714,0.5591397849462365,-0.00034417484081916694,-0.017587939698492427,0.0,0.0
bull_to_bear,0.16,1.0,5.0,0.0,7,156,156,0.5641025641025641,0.39195979899497485,0.5714285714285714,0.5591397849462365,0.5576923076923077,0.39195979899497485,0.5714285714285714,0.55,-0.0064102564102563875,0.0,0.0,-0.009139784946236462
bull_to_neutral,0.16,1.0,5.0,-0.05,7,149,156,0.5641025641025641,0.39195979899497485,0.5714285714285714,0.5591397849462365,0.5637583892617449,0.3743718592964824,0.5714285714285714,0.5591397849462365,-0.00034417484081916694,-0.017587939698492427,0.0,0.0
bull_to_bear,0.16,1.0,5.0,-0.05,7,156,156,0.5641025641025641,0.39195979899497485,0.5714285714285714,0.5591397849462365,0.5576923076923077,0.39195979899497485,0.5714285714285714,0.55,-0.0064102564102563875,0.0,0.0,-0.009139784946236462
bull_to_neutral,0.16,1.0,5.0,-0.1,7,149,156,0.5641025641025641,0.39195979899497485,0.5714285714285714,0.5591397849462365,0.5637583892617449,0.3743718592964824,0.5714285714285714,0.5591397849462365,-0.00034417484081916694,-0.017587939698492427,0.0,0.0
bull_to_bear,0.16,1.0,5.0,-0.1,7,156,156,0.5641025641025641,0.39195979899497485,0.5714285714285714,0.5591397849462365,0.5576923076923077,0.39195979899497485,0.5714285714285714,0.55,-0.0064102564102563875,0.0,0.0,-0.009139784946236462
bull_to_neutral,0.16,1.0,10.0,,7,149,156,0.5641025641025641,0.39195979899497485,0.5714285714285714,0.5591397849462365,0.5637583892617449,0.3743718592964824,0.5714285714285714,0.5591397849462365,-0.00034417484081916694,-0.017587939698492427,0.0,0.0
bull_to_bear,0.16,1.0,10.0,,7,156,156,0.5641025641025641,0.39195979899497485,0.5714285714285714,0.5591397849462365,0.5576923076923077,0.39195979899497485,0.5714285714285714,0.55,-0.0064102564102563875,0.0,0.0,-0.009139784946236462
bull_to_neutral,0.16,1.0,10.0,0.0,7,149,156,0.5641025641025641,0.39195979899497485,0.5714285714285714,0.5591397849462365,0.5637583892617449,0.3743718592964824,0.5714285714285714,0.5591397849462365,-0.00034417484081916694,-0.017587939698492427,0.0,0.0
bull_to_bear,0.16,1.0,10.0,0.0,7,156,156,0.5641025641025641,0.39195979899497485,0.5714285714285714,0.5591397849462365,0.5576923076923077,0.39195979899497485,0.5714285714285714,0.55,-0.0064102564102563875,0.0,0.0,-0.009139784946236462
bull_to_neutral,0.16,1.0,10.0,-0.05,7,149,156,0.5641025641025641,0.39195979899497485,0.5714285714285714,0.5591397849462365,0.5637583892617449,0.3743718592964824,0.5714285714285714,0.5591397849462365,-0.00034417484081916694,-0.017587939698492427,0.0,0.0
bull_to_bear,0.16,1.0,10.0,-0.05,7,156,156,0.5641025641025641,0.39195979899497485,0.5714285714285714,0.5591397849462365,0.5576923076923077,0.39195979899497485,0.5714285714285714,0.55,-0.0064102564102563875,0.0,0.0,-0.009139784946236462
bull_to_neutral,0.16,1.0,10.0,-0.1,7,149,156,0.5641025641025641,0.39195979899497485,0.5714285714285714,0.5591397849462365,0.5637583892617449,0.3743718592964824,0.5714285714285714,0.5591397849462365,-0.00034417484081916694,-0.017587939698492427,0.0,0.0
bull_to_bear,0.16,1.0,10.0,-0.1,7,156,156,0.5641025641025641,0.39195979899497485,0.5714285714285714,0.5591397849462365,0.5576923076923077,0.39195979899497485,0.5714285714285714,0.55,-0.0064102564102563875,0.0,0.0,-0.009139784946236462
bull_to_neutral,0.16,1.0,15.0,,7,149,156,0.5641025641025641,0.39195979899497485,0.5714285714285714,0.5591397849462365,0.5637583892617449,0.3743718592964824,0.5714285714285714,0.5591397849462365,-0.00034417484081916694,-0.017587939698492427,0.0,0.0
bull_to_bear,0.16,1.0,15.0,,7,156,156,0.5641025641025641,0.39195979899497485,0.5714285714285714,0.5591397849462365,0.5576923076923077,0.39195979899497485,0.5714285714285714,0.55,-0.0064102564102563875,0.0,0.0,-0.009139784946236462
bull_to_neutral,0.16,1.0,15.0,0.0,7,149,156,0.5641025641025641,0.39195979899497485,0.5714285714285714,0.5591397849462365,0.5637583892617449,0.3743718592964824,0.5714285714285714,0.5591397849462365,-0.00034417484081916694,-0.017587939698492427,0.0,0.0
bull_to_bear,0.16,1.0,15.0,0.0,7,156,156,0.5641025641025641,0.39195979899497485,0.5714285714285714,0.5591397849462365,0.5576923076923077,0.39195979899497485,0.5714285714285714,0.55,-0.0064102564102563875,0.0,0.0,-0.009139784946236462
bull_to_neutral,0.16,1.0,15.0,-0.05,7,149,156,0.5641025641025641,0.39195979899497485,0.5714285714285714,0.5591397849462365,0.5637583892617449,0.3743718592964824,0.5714285714285714,0.5591397849462365,-0.00034417484081916694,-0.017587939698492427,0.0,0.0
bull_to_bear,0.16,1.0,15.0,-0.05,7,156,156,0.5641025641025641,0.39195979899497485,0.5714285714285714,0.5591397849462365,0.5576923076923077,0.39195979899497485,0.5714285714285714,0.55,-0.0064102564102563875,0.0,0.0,-0.009139784946236462
bull_to_neutral,0.16,1.0,15.0,-0.1,7,149,156,0.5641025641025641,0.39195979899497485,0.5714285714285714,0.5591397849462365,0.5637583892617449,0.3743718592964824,0.5714285714285714,0.5591397849462365,-0.00034417484081916694,-0.017587939698492427,0.0,0.0
bull_to_bear,0.16,1.0,15.0,-0.1,7,156,156,0.5641025641025641,0.39195979899497485,0.5714285714285714,0.5591397849462365,0.5576923076923077,0.39195979899497485,0.5714285714285714,0.55,-0.0064102564102563875,0.0,0.0,-0.009139784946236462
bull_to_neutral,0.16,0.99,,,0,156,156,0.5641025641025641,0.39195979899497485,0.5714285714285714,0.5591397849462365,0.5641025641025641,0.39195979899497485,0.5714285714285714,0.5591397849462365,0.0,0.0,0.0,0.0
bull_to_bear,0.16,0.99,,,0,156,156,0.5641025641025641,0.39195979899497485,0.5714285714285714,0.5591397849462365,0.5641025641025641,0.39195979899497485,0.5714285714285714,0.5591397849462365,0.0,0.0,0.0,0.0
bull_to_neutral,0.16,0.99,,0.0,0,156,156,0.5641025641025641,0.39195979899497485,0.5714285714285714,0.5591397849462365,0.5641025641025641,0.39195979899497485,0.5714285714285714,0.5591397849462365,0.0,0.0,0.0,0.0
bull_to_bear,0.16,0.99,,0.0,0,156,156,0.5641025641025641,0.39195979899497485,0.5714285714285714,0.5591397849462365,0.5641025641025641,0.39195979899497485,0.5714285714285714,0.5591397849462365,0.0,0.0,0.0,0.0
bull_to_neutral,0.16,0.99,,-0.05,0,156,156,0.5641025641025641,0.39195979899497485,0.5714285714285714,0.5591397849462365,0.5641025641025641,0.39195979899497485,0.5714285714285714,0.5591397849462365,0.0,0.0,0.0,0.0
bull_to_bear,0.16,0.99,,-0.05,0,156,156,0.5641025641025641,0.39195979899497485,0.5714285714285714,0.5591397849462365,0.5641025641025641,0.39195979899497485,0.5714285714285714,0.5591397849462365,0.0,0.0,0.0,0.0
bull_to_neutral,0.16,0.99,,-0.1,0,156,156,0.5641025641025641,0.39195979899497485,0.5714285714285714,0.5591397849462365,0.5641025641025641,0.39195979899497485,0.5714285714285714,0.5591397849462365,0.0,0.0,0.0,0.0
bull_to_bear,0.16,0.99,,-0.1,0,156,156,0.5641025641025641,0.39195979899497485,0.5714285714285714,0.5591397849462365,0.5641025641025641,0.39195979899497485,0.5714285714285714,0.5591397849462365,0.0,0.0,0.0,0.0
bull_to_neutral,0.16,0.99,0.0,,0,156,156,0.5641025641025641,0.39195979899497485,0.5714285714285714,0.5591397849462365,0.5641025641025641,0.39195979899497485,0.5714285714285714,0.5591397849462365,0.0,0.0,0.0,0.0
bull_to_bear,0.16,0.99,0.0,,0,156,156,0.5641025641025641,0.39195979899497485,0.5714285714285714,0.5591397849462365,0.5641025641025641,0.39195979899497485,0.5714285714285714,0.5591397849462365,0.0,0.0,0.0,0.0
bull_to_neutral,0.16,0.99,0.0,0.0,0,156,156,0.5641025641025641,0.39195979899497485,0.5714285714285714,0.5591397849462365,0.5641025641025641,0.39195979899497485,0.5714285714285714,0.5591397849462365,0.0,0.0,0.0,0.0
bull_to_bear,0.16,0.99,0.0,0.0,0,156,156,0.5641025641025641,0.39195979899497485,0.5714285714285714,0.5591397849462365,0.5641025641025641,0.39195979899497485,0.5714285714285714,0.5591397849462365,0.0,0.0,0.0,0.0
bull_to_neutral,0.16,0.99,0.0,-0.05,0,156,156,0.5641025641025641,0.39195979899497485,0.5714285714285714,0.5591397849462365,0.5641025641025641,0.39195979899497485,0.5714285714285714,0.5591397849462365,0.0,0.0,0.0,0.0
bull_to_bear,0.16,0.99,0.0,-0.05,0,156,156,0.5641025641025641,0.39195979899497485,0.5714285714285714,0.5591397849462365,0.5641025641025641,0.39195979899497485,0.5714285714285714,0.5591397849462365,0.0,0.0,0.0,0.0
bull_to_neutral,0.16,0.99,0.0,-0.1,0,156,156,0.5641025641025641,0.39195979899497485,0.5714285714285714,0.5591397849462365,0.5641025641025641,0.39195979899497485,0.5714285714285714,0.5591397849462365,0.0,0.0,0.0,0.0
bull_to_bear,0.16,0.99,0.0,-0.1,0,156,156,0.5641025641025641,0.39195979899497485,0.5714285714285714,0.5591397849462365,0.5641025641025641,0.39195979899497485,0.5714285714285714,0.5591397849462365,0.0,0.0,0.0,0.0
bull_to_neutral,0.16,0.99,5.0,,0,156,156,0.5641025641025641,0.39195979899497485,0.5714285714285714,0.5591397849462365,0.5641025641025641,0.39195979899497485,0.5714285714285714,0.5591397849462365,0.0,0.0,0.0,0.0
bull_to_bear,0.16,0.99,5.0,,0,156,156,0.5641025641025641,0.39195979899497485,0.5714285714285714,0.5591397849462365,0.5641025641025641,0.39195979899497485,0.5714285714285714,0.5591397849462365,0.0,0.0,0.0,0.0
bull_to_neutral,0.16,0.99,5.0,0.0,0,156,156,0.5641025641025641,0.39195979899497485,0.5714285714285714,0.5591397849462365,0.5641025641025641,0.39195979899497485,0.5714285714285714,0.5591397849462365,0.0,0.0,0.0,0.0
bull_to_bear,0.16,0.99,5.0,0.0,0,156,156,0.5641025641025641,0.39195979899497485,0.5714285714285714,0.5591397849462365,0.5641025641025641,0.39195979899497485,0.5714285714285714,0.5591397849462365,0.0,0.0,0.0,0.0
bull_to_neutral,0.16,0.99,5.0,-0.05,0,156,156,0.5641025641025641,0.39195979899497485,0.5714285714285714,0.5591397849462365,0.5641025641025641,0.39195979899497485,0.5714285714285714,0.5591397849462365,0.0,0.0,0.0,0.0
bull_to_bear,0.16,0.99,5.0,-0.05,0,156,156,0.5641025641025641,0.39195979899497485,0.5714285714285714,0.5591397849462365,0.5641025641025641,0.39195979899497485,0.5714285714285714,0.5591397849462365,0.0,0.0,0.0,0.0
bull_to_neutral,0.16,0.99,5.0,-0.1,0,156,156,0.5641025641025641,0.39195979899497485,0.5714285714285714,0.5591397849462365,0.5641025641025641,0.39195979899497485,0.5714285714285714,0.5591397849462365,0.0,0.0,0.0,0.0
bull_to_bear,0.16,0.99,5.0,-0.1,0,156,156,0.5641025641025641,0.39195979899497485,0.5714285714285714,0.5591397849462365,0.5641025641025641,0.39195979899497485,0.5714285714285714,0.5591397849462365,0.0,0.0,0.0,0.0
bull_to_neutral,0.16,0.99,10.0,,0,156,156,0.5641025641025641,0.39195979899497485,0.5714285714285714,0.5591397849462365,0.5641025641025641,0.39195979899497485,0.5714285714285714,0.5591397849462365,0.0,0.0,0.0,0.0
bull_to_bear,0.16,0.99,10.0,,0,156,156,0.5641025641025641,0.39195979899497485,0.5714285714285714,0.5591397849462365,0.5641025641025641,0.39195979899497485,0.5714285714285714,0.5591397849462365,0.0,0.0,0.0,0.0
bull_to_neutral,0.16,0.99,10.0,0.0,0,156,156,0.5641025641025641,0.39195979899497485,0.5714285714285714,0.5591397849462365,0.5641025641025641,0.39195979899497485,0.5714285714285714,0.5591397849462365,0.0,0.0,0.0,0.0
bull_to_bear,0.16,0.99,10.0,0.0,0,156,156,0.5641025641025641,0.39195979899497485,0.5714285714285714,0.5591397849462365,0.5641025641025641,0.39195979899497485,0.5714285714285714,0.5591397849462365,0.0,0.0,0.0,0.0
bull_to_neutral,0.16,0.99,10.0,-0.05,0,156,156,0.5641025641025641,0.39195979899497485,0.5714285714285714,0.5591397849462365,0.5641025641025641,0.39195979899497485,0.5714285714285714,0.5591397849462365,0.0,0.0,0.0,0.0
bull_to_bear,0.16,0.99,10.0,-0.05,0,156,156,0.5641025641025641,0.39195979899497485,0.5714285714285714,0.5591397849462365,0.5641025641025641,0.39195979899497485,0.5714285714285714,0.5591397849462365,0.0,0.0,0.0,0.0
bull_to_neutral,0.16,0.99,10.0,-0.1,0,156,156,0.5641025641025641,0.39195979899497485,0.5714285714285714,0.5591397849462365,0.5641025641025641,0.39195979899497485,0.5714285714285714,0.5591397849462365,0.0,0.0,0.0,0.0
bull_to_bear,0.16,0.99,10.0,-0.1,0,156,156,0.5641025641025641,0.39195979899497485,0.5714285714285714,0.5591397849462365,0.5641025641025641,0.39195979899497485,0.5714285714285714,0.5591397849462365,0.0,0.0,0.0,0.0
bull_to_neutral,0.16,0.99,15.0,,0,156,156,0.5641025641025641,0.39195979899497485,0.5714285714285714,0.5591397849462365,0.5641025641025641,0.39195979899497485,0.5714285714285714,0.5591397849462365,0.0,0.0,0.0,0.0
bull_to_bear,0.16,0.99,15.0,,0,156,156,0.5641025641025641,0.39195979899497485,0.5714285714285714,0.5591397849462365,0.5641025641025641,0.39195979899497485,0.5714285714285714,0.5591397849462365,0.0,0.0,0.0,0.0
bull_to_neutral,0.16,0.99,15.0,0.0,0,156,156,0.5641025641025641,0.39195979899497485,0.5714285714285714,0.5591397849462365,0.5641025641025641,0.39195979899497485,0.5714285714285714,0.5591397849462365,0.0,0.0,0.0,0.0
bull_to_bear,0.16,0.99,15.0,0.0,0,156,156,0.5641025641025641,0.39195979899497485,0.5714285714285714,0.5591397849462365,0.5641025641025641,0.39195979899497485,0.5714285714285714,0.5591397849462365,0.0,0.0,0.0,0.0
bull_to_neutral,0.16,0.99,15.0,-0.05,0,156,156,0.5641025641025641,0.39195979899497485,0.5714285714285714,0.5591397849462365,0.5641025641025641,0.39195979899497485,0.5714285714285714,0.5591397849462365,0.0,0.0,0.0,0.0
bull_to_bear,0.16,0.99,15.0,-0.05,0,156,156,0.5641025641025641,0.39195979899497485,0.5714285714285714,0.5591397849462365,0.5641025641025641,0.39195979899497485,0.5714285714285714,0.5591397849462365,0.0,0.0,0.0,0.0
bull_to_neutral,0.16,0.99,15.0,-0.1,0,156,156,0.5641025641025641,0.39195979899497485,0.5714285714285714,0.5591397849462365,0.5641025641025641,0.39195979899497485,0.5714285714285714,0.5591397849462365,0.0,0.0,0.0,0.0
bull_to_bear,0.16,0.99,15.0,-0.1,0,156,156,0.5641025641025641,0.39195979899497485,0.5714285714285714,0.5591397849462365,0.5641025641025641,0.39195979899497485,0.5714285714285714,0.5591397849462365,0.0,0.0,0.0,0.0
bull_to_neutral,0.16,0.98,,,0,156,156,0.5641025641025641,0.39195979899497485,0.5714285714285714,0.5591397849462365,0.5641025641025641,0.39195979899497485,0.5714285714285714,0.5591397849462365,0.0,0.0,0.0,0.0
bull_to_bear,0.16,0.98,,,0,156,156,0.5641025641025641,0.39195979899497485,0.5714285714285714,0.5591397849462365,0.5641025641025641,0.39195979899497485,0.5714285714285714,0.5591397849462365,0.0,0.0,0.0,0.0
bull_to_neutral,0.16,0.98,,0.0,0,156,156,0.5641025641025641,0.39195979899497485,0.5714285714285714,0.5591397849462365,0.5641025641025641,0.39195979899497485,0.5714285714285714,0.5591397849462365,0.0,0.0,0.0,0.0
bull_to_bear,0.16,0.98,,0.0,0,156,156,0.5641025641025641,0.39195979899497485,0.5714285714285714,0.5591397849462365,0.5641025641025641,0.39195979899497485,0.5714285714285714,0.5591397849462365,0.0,0.0,0.0,0.0
bull_to_neutral,0.16,0.98,,-0.05,0,156,156,0.5641025641025641,0.39195979899497485,0.5714285714285714,0.5591397849462365,0.5641025641025641,0.39195979899497485,0.5714285714285714,0.5591397849462365,0.0,0.0,0.0,0.0
bull_to_bear,0.16,0.98,,-0.05,0,156,156,0.5641025641025641,0.39195979899497485,0.5714285714285714,0.5591397849462365,0.5641025641025641,0.39195979899497485,0.5714285714285714,0.5591397849462365,0.0,0.0,0.0,0.0
bull_to_neutral,0.16,0.98,,-0.1,0,156,156,0.5641025641025641,0.39195979899497485,0.5714285714285714,0.5591397849462365,0.5641025641025641,0.39195979899497485,0.5714285714285714,0.5591397849462365,0.0,0.0,0.0,0.0
bull_to_bear,0.16,0.98,,-0.1,0,156,156,0.5641025641025641,0.39195979899497485,0.5714285714285714,0.5591397849462365,0.5641025641025641,0.39195979899497485,0.5714285714285714,0.5591397849462365,0.0,0.0,0.0,0.0
bull_to_neutral,0.16,0.98,0.0,,0,156,156,0.5641025641025641,0.39195979899497485,0.5714285714285714,0.5591397849462365,0.5641025641025641,0.39195979899497485,0.5714285714285714,0.5591397849462365,0.0,0.0,0.0,0.0
bull_to_bear,0.16,0.98,0.0,,0,156,156,0.5641025641025641,0.39195979899497485,0.5714285714285714,0.5591397849462365,0.5641025641025641,0.39195979899497485,0.5714285714285714,0.5591397849462365,0.0,0.0,0.0,0.0
bull_to_neutral,0.16,0.98,0.0,0.0,0,156,156,0.5641025641025641,0.39195979899497485,0.5714285714285714,0.5591397849462365,0.5641025641025641,0.39195979899497485,0.5714285714285714,0.5591397849462365,0.0,0.0,0.0,0.0
bull_to_bear,0.16,0.98,0.0,0.0,0,156,156,0.5641025641025641,0.39195979899497485,0.5714285714285714,0.5591397849462365,0.5641025641025641,0.39195979899497485,0.5714285714285714,0.5591397849462365,0.0,0.0,0.0,0.0
bull_to_neutral,0.16,0.98,0.0,-0.05,0,156,156,0.5641025641025641,0.39195979899497485,0.5714285714285714,0.5591397849462365,0.5641025641025641,0.39195979899497485,0.5714285714285714,0.5591397849462365,0.0,0.0,0.0,0.0
bull_to_bear,0.16,0.98,0.0,-0.05,0,156,156,0.5641025641025641,0.39195979899497485,0.5714285714285714,0.5591397849462365,0.5641025641025641,0.39195979899497485,0.5714285714285714,0.5591397849462365,0.0,0.0,0.0,0.0
bull_to_neutral,0.16,0.98,0.0,-0.1,0,156,156,0.5641025641025641,0.39195979899497485,0.5714285714285714,0.5591397849462365,0.5641025641025641,0.39195979899497485,0.5714285714285714,0.5591397849462365,0.0,0.0,0.0,0.0
bull_to_bear,0.16,0.98,0.0,-0.1,0,156,156,0.5641025641025641,0.39195979899497485,0.5714285714285714,0.5591397849462365,0.5641025641025641,0.39195979899497485,0.5714285714285714,0.5591397849462365,0.0,0.0,0.0,0.0
bull_to_neutral,0.16,0.98,5.0,,0,156,156,0.5641025641025641,0.39195979899497485,0.5714285714285714,0.5591397849462365,0.5641025641025641,0.39195979899497485,0.5714285714285714,0.5591397849462365,0.0,0.0,0.0,0.0
bull_to_bear,0.16,0.98,5.0,,0,156,156,0.5641025641025641,0.39195979899497485,0.5714285714285714,0.5591397849462365,0.5641025641025641,0.39195979899497485,0.5714285714285714,0.5591397849462365,0.0,0.0,0.0,0.0
bull_to_neutral,0.16,0.98,5.0,0.0,0,156,156,0.5641025641025641,0.39195979899497485,0.5714285714285714,0.5591397849462365,0.5641025641025641,0.39195979899497485,0.5714285714285714,0.5591397849462365,0.0,0.0,0.0,0.0
bull_to_bear,0.16,0.98,5.0,0.0,0,156,156,0.5641025641025641,0.39195979899497485,0.5714285714285714,0.5591397849462365,0.5641025641025641,0.39195979899497485,0.5714285714285714,0.5591397849462365,0.0,0.0,0.0,0.0
bull_to_neutral,0.16,0.98,5.0,-0.05,0,156,156,0.5641025641025641,0.39195979899497485,0.5714285714285714,0.5591397849462365,0.5641025641025641,0.39195979899497485,0.5714285714285714,0.5591397849462365,0.0,0.0,0.0,0.0
bull_to_bear,0.16,0.98,5.0,-0.05,0,156,156,0.5641025641025641,0.39195979899497485,0.5714285714285714,0.5591397849462365,0.5641025641025641,0.39195979899497485,0.5714285714285714,0.5591397849462365,0.0,0.0,0.0,0.0
bull_to_neutral,0.16,0.98,5.0,-0.1,0,156,156,0.5641025641025641,0.39195979899497485,0.5714285714285714,0.5591397849462365,0.5641025641025641,0.39195979899497485,0.5714285714285714,0.5591397849462365,0.0,0.0,0.0,0.0
bull_to_bear,0.16,0.98,5.0,-0.1,0,156,156,0.5641025641025641,0.39195979899497485,0.5714285714285714,0.5591397849462365,0.5641025641025641,0.39195979899497485,0.5714285714285714,0.5591397849462365,0.0,0.0,0.0,0.0
bull_to_neutral,0.16,0.98,10.0,,0,156,156,0.5641025641025641,0.39195979899497485,0.5714285714285714,0.5591397849462365,0.5641025641025641,0.39195979899497485,0.5714285714285714,0.5591397849462365,0.0,0.0,0.0,0.0
bull_to_bear,0.16,0.98,10.0,,0,156,156,0.5641025641025641,0.39195979899497485,0.5714285714285714,0.5591397849462365,0.5641025641025641,0.39195979899497485,0.5714285714285714,0.5591397849462365,0.0,0.0,0.0,0.0
bull_to_neutral,0.16,0.98,10.0,0.0,0,156,156,0.5641025641025641,0.39195979899497485,0.5714285714285714,0.5591397849462365,0.5641025641025641,0.39195979899497485,0.5714285714285714,0.5591397849462365,0.0,0.0,0.0,0.0
bull_to_bear,0.16,0.98,10.0,0.0,0,156,156,0.5641025641025641,0.39195979899497485,0.5714285714285714,0.5591397849462365,0.5641025641025641,0.39195979899497485,0.5714285714285714,0.5591397849462365,0.0,0.0,0.0,0.0
bull_to_neutral,0.16,0.98,10.0,-0.05,0,156,156,0.5641025641025641,0.39195979899497485,0.5714285714285714,0.5591397849462365,0.5641025641025641,0.39195979899497485,0.5714285714285714,0.5591397849462365,0.0,0.0,0.0,0.0
bull_to_bear,0.16,0.98,10.0,-0.05,0,156,156,0.5641025641025641,0.39195979899497485,0.5714285714285714,0.5591397849462365,0.5641025641025641,0.39195979899497485,0.5714285714285714,0.5591397849462365,0.0,0.0,0.0,0.0
bull_to_neutral,0.16,0.98,10.0,-0.1,0,156,156,0.5641025641025641,0.39195979899497485,0.5714285714285714,0.5591397849462365,0.5641025641025641,0.39195979899497485,0.5714285714285714,0.5591397849462365,0.0,0.0,0.0,0.0
bull_to_bear,0.16,0.98,10.0,-0.1,0,156,156,0.5641025641025641,0.39195979899497485,0.5714285714285714,0.5591397849462365,0.5641025641025641,0.39195979899497485,0.5714285714285714,0.5591397849462365,0.0,0.0,0.0,0.0
bull_to_neutral,0.16,0.98,15.0,,0,156,156,0.5641025641025641,0.39195979899497485,0.5714285714285714,0.5591397849462365,0.5641025641025641,0.39195979899497485,0.5714285714285714,0.5591397849462365,0.0,0.0,0.0,0.0
bull_to_bear,0.16,0.98,15.0,,0,156,156,0.5641025641025641,0.39195979899497485,0.5714285714285714,0.5591397849462365,0.5641025641025641,0.39195979899497485,0.5714285714285714,0.5591397849462365,0.0,0.0,0.0,0.0
bull_to_neutral,0.16,0.98,15.0,0.0,0,156,156,0.5641025641025641,0.39195979899497485,0.5714285714285714,0.5591397849462365,0.5641025641025641,0.39195979899497485,0.5714285714285714,0.5591397849462365,0.0,0.0,0.0,0.0
bull_to_bear,0.16,0.98,15.0,0.0,0,156,156,0.5641025641025641,0.39195979899497485,0.5714285714285714,0.5591397849462365,0.5641025641025641,0.39195979899497485,0.5714285714285714,0.5591397849462365,0.0,0.0,0.0,0.0
bull_to_neutral,0.16,0.98,15.0,-0.05,0,156,156,0.5641025641025641,0.39195979899497485,0.5714285714285714,0.5591397849462365,0.5641025641025641,0.39195979899497485,0.5714285714285714,0.5591397849462365,0.0,0.0,0.0,0.0
bull_to_bear,0.16,0.98,15.0,-0.05,0,156,156,0.5641025641025641,0.39195979899497485,0.5714285714285714,0.5591397849462365,0.5641025641025641,0.39195979899497485,0.5714285714285714,0.5591397849462365,0.0,0.0,0.0,0.0
bull_to_neutral,0.16,0.98,15.0,-0.1,0,156,156,0.5641025641025641,0.39195979899497485,0.5714285714285714,0.5591397849462365,0.5641025641025641,0.39195979899497485,0.5714285714285714,0.5591397849462365,0.0,0.0,0.0,0.0
bull_to_bear,0.16,0.98,15.0,-0.1,0,156,156,0.5641025641025641,0.39195979899497485,0.5714285714285714,0.5591397849462365,0.5641025641025641,0.39195979899497485,0.5714285714285714,0.5591397849462365,0.0,0.0,0.0,0.0
bull_to_neutral,0.16,0.97,,,0,156,156,0.5641025641025641,0.39195979899497485,0.5714285714285714,0.5591397849462365,0.5641025641025641,0.39195979899497485,0.5714285714285714,0.5591397849462365,0.0,0.0,0.0,0.0
bull_to_bear,0.16,0.97,,,0,156,156,0.5641025641025641,0.39195979899497485,0.5714285714285714,0.5591397849462365,0.5641025641025641,0.39195979899497485,0.5714285714285714,0.5591397849462365,0.0,0.0,0.0,0.0
bull_to_neutral,0.16,0.97,,0.0,0,156,156,0.5641025641025641,0.39195979899497485,0.5714285714285714,0.5591397849462365,0.5641025641025641,0.39195979899497485,0.5714285714285714,0.5591397849462365,0.0,0.0,0.0,0.0
bull_to_bear,0.16,0.97,,0.0,0,156,156,0.5641025641025641,0.39195979899497485,0.5714285714285714,0.5591397849462365,0.5641025641025641,0.39195979899497485,0.5714285714285714,0.5591397849462365,0.0,0.0,0.0,0.0
bull_to_neutral,0.16,0.97,,-0.05,0,156,156,0.5641025641025641,0.39195979899497485,0.5714285714285714,0.5591397849462365,0.5641025641025641,0.39195979899497485,0.5714285714285714,0.5591397849462365,0.0,0.0,0.0,0.0
bull_to_bear,0.16,0.97,,-0.05,0,156,156,0.5641025641025641,0.39195979899497485,0.5714285714285714,0.5591397849462365,0.5641025641025641,0.39195979899497485,0.5714285714285714,0.5591397849462365,0.0,0.0,0.0,0.0
bull_to_neutral,0.16,0.97,,-0.1,0,156,156,0.5641025641025641,0.39195979899497485,0.5714285714285714,0.5591397849462365,0.5641025641025641,0.39195979899497485,0.5714285714285714,0.5591397849462365,0.0,0.0,0.0,0.0
bull_to_bear,0.16,0.97,,-0.1,0,156,156,0.5641025641025641,0.39195979899497485,0.5714285714285714,0.5591397849462365,0.5641025641025641,0.39195979899497485,0.5714285714285714,0.5591397849462365,0.0,0.0,0.0,0.0
bull_to_neutral,0.16,0.97,0.0,,0,156,156,0.5641025641025641,0.39195979899497485,0.5714285714285714,0.5591397849462365,0.5641025641025641,0.39195979899497485,0.5714285714285714,0.5591397849462365,0.0,0.0,0.0,0.0
bull_to_bear,0.16,0.97,0.0,,0,156,156,0.5641025641025641,0.39195979899497485,0.5714285714285714,0.5591397849462365,0.5641025641025641,0.39195979899497485,0.5714285714285714,0.5591397849462365,0.0,0.0,0.0,0.0
bull_to_neutral,0.16,0.97,0.0,0.0,0,156,156,0.5641025641025641,0.39195979899497485,0.5714285714285714,0.5591397849462365,0.5641025641025641,0.39195979899497485,0.5714285714285714,0.5591397849462365,0.0,0.0,0.0,0.0
bull_to_bear,0.16,0.97,0.0,0.0,0,156,156,0.5641025641025641,0.39195979899497485,0.5714285714285714,0.5591397849462365,0.5641025641025641,0.39195979899497485,0.5714285714285714,0.5591397849462365,0.0,0.0,0.0,0.0
bull_to_neutral,0.16,0.97,0.0,-0.05,0,156,156,0.5641025641025641,0.39195979899497485,0.5714285714285714,0.5591397849462365,0.5641025641025641,0.39195979899497485,0.5714285714285714,0.5591397849462365,0.0,0.0,0.0,0.0
bull_to_bear,0.16,0.97,0.0,-0.05,0,156,156,0.5641025641025641,0.39195979899497485,0.5714285714285714,0.5591397849462365,0.5641025641025641,0.39195979899497485,0.5714285714285714,0.5591397849462365,0.0,0.0,0.0,0.0
bull_to_neutral,0.16,0.97,0.0,-0.1,0,156,156,0.5641025641025641,0.39195979899497485,0.5714285714285714,0.5591397849462365,0.5641025641025641,0.39195979899497485,0.5714285714285714,0.5591397849462365,0.0,0.0,0.0,0.0
bull_to_bear,0.16,0.97,0.0,-0.1,0,156,156,0.5641025641025641,0.39195979899497485,0.5714285714285714,0.5591397849462365,0.5641025641025641,0.39195979899497485,0.5714285714285714,0.5591397849462365,0.0,0.0,0.0,0.0
bull_to_neutral,0.16,0.97,5.0,,0,156,156,0.5641025641025641,0.39195979899497485,0.5714285714285714,0.5591397849462365,0.5641025641025641,0.39195979899497485,0.5714285714285714,0.5591397849462365,0.0,0.0,0.0,0.0
bull_to_bear,0.16,0.97,5.0,,0,156,156,0.5641025641025641,0.39195979899497485,0.5714285714285714,0.5591397849462365,0.5641025641025641,0.39195979899497485,0.5714285714285714,0.5591397849462365,0.0,0.0,0.0,0.0
bull_to_neutral,0.16,0.97,5.0,0.0,0,156,156,0.5641025641025641,0.39195979899497485,0.5714285714285714,0.5591397849462365,0.5641025641025641,0.39195979899497485,0.5714285714285714,0.5591397849462365,0.0,0.0,0.0,0.0
bull_to_bear,0.16,0.97,5.0,0.0,0,156,156,0.5641025641025641,0.39195979899497485,0.5714285714285714,0.5591397849462365,0.5641025641025641,0.39195979899497485,0.5714285714285714,0.5591397849462365,0.0,0.0,0.0,0.0
bull_to_neutral,0.16,0.97,5.0,-0.05,0,156,156,0.5641025641025641,0.39195979899497485,0.5714285714285714,0.5591397849462365,0.5641025641025641,0.39195979899497485,0.5714285714285714,0.5591397849462365,0.0,0.0,0.0,0.0
bull_to_bear,0.16,0.97,5.0,-0.05,0,156,156,0.5641025641025641,0.39195979899497485,0.5714285714285714,0.5591397849462365,0.5641025641025641,0.39195979899497485,0.5714285714285714,0.5591397849462365,0.0,0.0,0.0,0.0
bull_to_neutral,0.16,0.97,5.0,-0.1,0,156,156,0.5641025641025641,0.39195979899497485,0.5714285714285714,0.5591397849462365,0.5641025641025641,0.39195979899497485,0.5714285714285714,0.5591397849462365,0.0,0.0,0.0,0.0
bull_to_bear,0.16,0.97,5.0,-0.1,0,156,156,0.5641025641025641,0.39195979899497485,0.5714285714285714,0.5591397849462365,0.5641025641025641,0.39195979899497485,0.5714285714285714,0.5591397849462365,0.0,0.0,0.0,0.0
bull_to_neutral,0.16,0.97,10.0,,0,156,156,0.5641025641025641,0.39195979899497485,0.5714285714285714,0.5591397849462365,0.5641025641025641,0.39195979899497485,0.5714285714285714,0.5591397849462365,0.0,0.0,0.0,0.0
bull_to_bear,0.16,0.97,10.0,,0,156,156,0.5641025641025641,0.39195979899497485,0.5714285714285714,0.5591397849462365,0.5641025641025641,0.39195979899497485,0.5714285714285714,0.5591397849462365,0.0,0.0,0.0,0.0
bull_to_neutral,0.16,0.97,10.0,0.0,0,156,156,0.5641025641025641,0.39195979899497485,0.5714285714285714,0.5591397849462365,0.5641025641025641,0.39195979899497485,0.5714285714285714,0.5591397849462365,0.0,0.0,0.0,0.0
bull_to_bear,0.16,0.97,10.0,0.0,0,156,156,0.5641025641025641,0.39195979899497485,0.5714285714285714,0.5591397849462365,0.5641025641025641,0.39195979899497485,0.5714285714285714,0.5591397849462365,0.0,0.0,0.0,0.0
bull_to_neutral,0.16,0.97,10.0,-0.05,0,156,156,0.5641025641025641,0.39195979899497485,0.5714285714285714,0.5591397849462365,0.5641025641025641,0.39195979899497485,0.5714285714285714,0.5591397849462365,0.0,0.0,0.0,0.0
bull_to_bear,0.16,0.97,10.0,-0.05,0,156,156,0.5641025641025641,0.39195979899497485,0.5714285714285714,0.5591397849462365,0.5641025641025641,0.39195979899497485,0.5714285714285714,0.5591397849462365,0.0,0.0,0.0,0.0
bull_to_neutral,0.16,0.97,10.0,-0.1,0,156,156,0.5641025641025641,0.39195979899497485,0.5714285714285714,0.5591397849462365,0.5641025641025641,0.39195979899497485,0.5714285714285714,0.5591397849462365,0.0,0.0,0.0,0.0
bull_to_bear,0.16,0.97,10.0,-0.1,0,156,156,0.5641025641025641,0.39195979899497485,0.5714285714285714,0.5591397849462365,0.5641025641025641,0.39195979899497485,0.5714285714285714,0.5591397849462365,0.0,0.0,0.0,0.0
bull_to_neutral,0.16,0.97,15.0,,0,156,156,0.5641025641025641,0.39195979899497485,0.5714285714285714,0.5591397849462365,0.5641025641025641,0.39195979899497485,0.5714285714285714,0.5591397849462365,0.0,0.0,0.0,0.0
bull_to_bear,0.16,0.97,15.0,,0,156,156,0.5641025641025641,0.39195979899497485,0.5714285714285714,0.5591397849462365,0.5641025641025641,0.39195979899497485,0.5714285714285714,0.5591397849462365,0.0,0.0,0.0,0.0
bull_to_neutral,0.16,0.97,15.0,0.0,0,156,156,0.5641025641025641,0.39195979899497485,0.5714285714285714,0.5591397849462365,0.5641025641025641,0.39195979899497485,0.5714285714285714,0.5591397849462365,0.0,0.0,0.0,0.0
bull_to_bear,0.16,0.97,15.0,0.0,0,156,156,0.5641025641025641,0.39195979899497485,0.5714285714285714,0.5591397849462365,0.5641025641025641,0.39195979899497485,0.5714285714285714,0.5591397849462365,0.0,0.0,0.0,0.0
bull_to_neutral,0.16,0.97,15.0,-0.05,0,156,156,0.5641025641025641,0.39195979899497485,0.5714285714285714,0.5591397849462365,0.5641025641025641,0.39195979899497485,0.5714285714285714,0.5591397849462365,0.0,0.0,0.0,0.0
bull_to_bear,0.16,0.97,15.0,-0.05,0,156,156,0.5641025641025641,0.39195979899497485,0.5714285714285714,0.5591397849462365,0.5641025641025641,0.39195979899497485,0.5714285714285714,0.5591397849462365,0.0,0.0,0.0,0.0
bull_to_neutral,0.16,0.97,15.0,-0.1,0,156,156,0.5641025641025641,0.39195979899497485,0.5714285714285714,0.5591397849462365,0.5641025641025641,0.39195979899497485,0.5714285714285714,0.5591397849462365,0.0,0.0,0.0,0.0
bull_to_bear,0.16,0.97,15.0,-0.1,0,156,156,0.5641025641025641,0.39195979899497485,0.5714285714285714,0.5591397849462365,0.5641025641025641,0.39195979899497485,0.5714285714285714,0.5591397849462365,0.0,0.0,0.0,0.0
bull_to_neutral,0.16,0.95,,,0,156,156,0.5641025641025641,0.39195979899497485,0.5714285714285714,0.5591397849462365,0.5641025641025641,0.39195979899497485,0.5714285714285714,0.5591397849462365,0.0,0.0,0.0,0.0
bull_to_bear,0.16,0.95,,,0,156,156,0.5641025641025641,0.39195979899497485,0.5714285714285714,0.5591397849462365,0.5641025641025641,0.39195979899497485,0.5714285714285714,0.5591397849462365,0.0,0.0,0.0,0.0
bull_to_neutral,0.16,0.95,,0.0,0,156,156,0.5641025641025641,0.39195979899497485,0.5714285714285714,0.5591397849462365,0.5641025641025641,0.39195979899497485,0.5714285714285714,0.5591397849462365,0.0,0.0,0.0,0.0
bull_to_bear,0.16,0.95,,0.0,0,156,156,0.5641025641025641,0.39195979899497485,0.5714285714285714,0.5591397849462365,0.5641025641025641,0.39195979899497485,0.5714285714285714,0.5591397849462365,0.0,0.0,0.0,0.0
bull_to_neutral,0.16,0.95,,-0.05,0,156,156,0.5641025641025641,0.39195979899497485,0.5714285714285714,0.5591397849462365,0.5641025641025641,0.39195979899497485,0.5714285714285714,0.5591397849462365,0.0,0.0,0.0,0.0
bull_to_bear,0.16,0.95,,-0.05,0,156,156,0.5641025641025641,0.39195979899497485,0.5714285714285714,0.5591397849462365,0.5641025641025641,0.39195979899497485,0.5714285714285714,0.5591397849462365,0.0,0.0,0.0,0.0
bull_to_neutral,0.16,0.95,,-0.1,0,156,156,0.5641025641025641,0.39195979899497485,0.5714285714285714,0.5591397849462365,0.5641025641025641,0.39195979899497485,0.5714285714285714,0.5591397849462365,0.0,0.0,0.0,0.0
bull_to_bear,0.16,0.95,,-0.1,0,156,156,0.5641025641025641,0.39195979899497485,0.5714285714285714,0.5591397849462365,0.5641025641025641,0.39195979899497485,0.5714285714285714,0.5591397849462365,0.0,0.0,0.0,0.0
bull_to_neutral,0.16,0.95,0.0,,0,156,156,0.5641025641025641,0.39195979899497485,0.5714285714285714,0.5591397849462365,0.5641025641025641,0.39195979899497485,0.5714285714285714,0.5591397849462365,0.0,0.0,0.0,0.0
bull_to_bear,0.16,0.95,0.0,,0,156,156,0.5641025641025641,0.39195979899497485,0.5714285714285714,0.5591397849462365,0.5641025641025641,0.39195979899497485,0.5714285714285714,0.5591397849462365,0.0,0.0,0.0,0.0
bull_to_neutral,0.16,0.95,0.0,0.0,0,156,156,0.5641025641025641,0.39195979899497485,0.5714285714285714,0.5591397849462365,0.5641025641025641,0.39195979899497485,0.5714285714285714,0.5591397849462365,0.0,0.0,0.0,0.0
bull_to_bear,0.16,0.95,0.0,0.0,0,156,156,0.5641025641025641,0.39195979899497485,0.5714285714285714,0.5591397849462365,0.5641025641025641,0.39195979899497485,0.5714285714285714,0.5591397849462365,0.0,0.0,0.0,0.0
bull_to_neutral,0.16,0.95,0.0,-0.05,0,156,156,0.5641025641025641,0.39195979899497485,0.5714285714285714,0.5591397849462365,0.5641025641025641,0.39195979899497485,0.5714285714285714,0.5591397849462365,0.0,0.0,0.0,0.0
bull_to_bear,0.16,0.95,0.0,-0.05,0,156,156,0.5641025641025641,0.39195979899497485,0.5714285714285714,0.5591397849462365,0.5641025641025641,0.39195979899497485,0.5714285714285714,0.5591397849462365,0.0,0.0,0.0,0.0
bull_to_neutral,0.16,0.95,0.0,-0.1,0,156,156,0.5641025641025641,0.39195979899497485,0.5714285714285714,0.5591397849462365,0.5641025641025641,0.39195979899497485,0.5714285714285714,0.5591397849462365,0.0,0.0,0.0,0.0
bull_to_bear,0.16,0.95,0.0,-0.1,0,156,156,0.5641025641025641,0.39195979899497485,0.5714285714285714,0.5591397849462365,0.5641025641025641,0.39195979899497485,0.5714285714285714,0.5591397849462365,0.0,0.0,0.0,0.0
bull_to_neutral,0.16,0.95,5.0,,0,156,156,0.5641025641025641,0.39195979899497485,0.5714285714285714,0.5591397849462365,0.5641025641025641,0.39195979899497485,0.5714285714285714,0.5591397849462365,0.0,0.0,0.0,0.0
bull_to_bear,0.16,0.95,5.0,,0,156,156,0.5641025641025641,0.39195979899497485,0.5714285714285714,0.5591397849462365,0.5641025641025641,0.39195979899497485,0.5714285714285714,0.5591397849462365,0.0,0.0,0.0,0.0
bull_to_neutral,0.16,0.95,5.0,0.0,0,156,156,0.5641025641025641,0.39195979899497485,0.5714285714285714,0.5591397849462365,0.5641025641025641,0.39195979899497485,0.5714285714285714,0.5591397849462365,0.0,0.0,0.0,0.0
bull_to_bear,0.16,0.95,5.0,0.0,0,156,156,0.5641025641025641,0.39195979899497485,0.5714285714285714,0.5591397849462365,0.5641025641025641,0.39195979899497485,0.5714285714285714,0.5591397849462365,0.0,0.0,0.0,0.0
bull_to_neutral,0.16,0.95,5.0,-0.05,0,156,156,0.5641025641025641,0.39195979899497485,0.5714285714285714,0.5591397849462365,0.5641025641025641,0.39195979899497485,0.5714285714285714,0.5591397849462365,0.0,0.0,0.0,0.0
bull_to_bear,0.16,0.95,5.0,-0.05,0,156,156,0.5641025641025641,0.39195979899497485,0.5714285714285714,0.5591397849462365,0.5641025641025641,0.39195979899497485,0.5714285714285714,0.5591397849462365,0.0,0.0,0.0,0.0
bull_to_neutral,0.16,0.95,5.0,-0.1,0,156,156,0.5641025641025641,0.39195979899497485,0.5714285714285714,0.5591397849462365,0.5641025641025641,0.39195979899497485,0.5714285714285714,0.5591397849462365,0.0,0.0,0.0,0.0
bull_to_bear,0.16,0.95,5.0,-0.1,0,156,156,0.5641025641025641,0.39195979899497485,0.5714285714285714,0.5591397849462365,0.5641025641025641,0.39195979899497485,0.5714285714285714,0.5591397849462365,0.0,0.0,0.0,0.0
bull_to_neutral,0.16,0.95,10.0,,0,156,156,0.5641025641025641,0.39195979899497485,0.5714285714285714,0.5591397849462365,0.5641025641025641,0.39195979899497485,0.5714285714285714,0.5591397849462365,0.0,0.0,0.0,0.0
bull_to_bear,0.16,0.95,10.0,,0,156,156,0.5641025641025641,0.39195979899497485,0.5714285714285714,0.5591397849462365,0.5641025641025641,0.39195979899497485,0.5714285714285714,0.5591397849462365,0.0,0.0,0.0,0.0
bull_to_neutral,0.16,0.95,10.0,0.0,0,156,156,0.5641025641025641,0.39195979899497485,0.5714285714285714,0.5591397849462365,0.5641025641025641,0.39195979899497485,0.5714285714285714,0.5591397849462365,0.0,0.0,0.0,0.0
bull_to_bear,0.16,0.95,10.0,0.0,0,156,156,0.5641025641025641,0.39195979899497485,0.5714285714285714,0.5591397849462365,0.5641025641025641,0.39195979899497485,0.5714285714285714,0.5591397849462365,0.0,0.0,0.0,0.0
bull_to_neutral,0.16,0.95,10.0,-0.05,0,156,156,0.5641025641025641,0.39195979899497485,0.5714285714285714,0.5591397849462365,0.5641025641025641,0.39195979899497485,0.5714285714285714,0.5591397849462365,0.0,0.0,0.0,0.0
bull_to_bear,0.16,0.95,10.0,-0.05,0,156,156,0.5641025641025641,0.39195979899497485,0.5714285714285714,0.5591397849462365,0.5641025641025641,0.39195979899497485,0.5714285714285714,0.5591397849462365,0.0,0.0,0.0,0.0
bull_to_neutral,0.16,0.95,10.0,-0.1,0,156,156,0.5641025641025641,0.39195979899497485,0.5714285714285714,0.5591397849462365,0.5641025641025641,0.39195979899497485,0.5714285714285714,0.5591397849462365,0.0,0.0,0.0,0.0
bull_to_bear,0.16,0.95,10.0,-0.1,0,156,156,0.5641025641025641,0.39195979899497485,0.5714285714285714,0.5591397849462365,0.5641025641025641,0.39195979899497485,0.5714285714285714,0.5591397849462365,0.0,0.0,0.0,0.0
bull_to_neutral,0.16,0.95,15.0,,0,156,156,0.5641025641025641,0.39195979899497485,0.5714285714285714,0.5591397849462365,0.5641025641025641,0.39195979899497485,0.5714285714285714,0.5591397849462365,0.0,0.0,0.0,0.0
bull_to_bear,0.16,0.95,15.0,,0,156,156,0.5641025641025641,0.39195979899497485,0.5714285714285714,0.5591397849462365,0.5641025641025641,0.39195979899497485,0.5714285714285714,0.5591397849462365,0.0,0.0,0.0,0.0
bull_to_neutral,0.16,0.95,15.0,0.0,0,156,156,0.5641025641025641,0.39195979899497485,0.5714285714285714,0.5591397849462365,0.5641025641025641,0.39195979899497485,0.5714285714285714,0.5591397849462365,0.0,0.0,0.0,0.0
bull_to_bear,0.16,0.95,15.0,0.0,0,156,156,0.5641025641025641,0.39195979899497485,0.5714285714285714,0.5591397849462365,0.5641025641025641,0.39195979899497485,0.5714285714285714,0.5591397849462365,0.0,0.0,0.0,0.0
bull_to_neutral,0.16,0.95,15.0,-0.05,0,156,156,0.5641025641025641,0.39195979899497485,0.5714285714285714,0.5591397849462365,0.5641025641025641,0.39195979899497485,0.5714285714285714,0.5591397849462365,0.0,0.0,0.0,0.0
bull_to_bear,0.16,0.95,15.0,-0.05,0,156,156,0.5641025641025641,0.39195979899497485,0.5714285714285714,0.5591397849462365,0.5641025641025641,0.39195979899497485,0.5714285714285714,0.5591397849462365,0.0,0.0,0.0,0.0
bull_to_neutral,0.16,0.95,15.0,-0.1,0,156,156,0.5641025641025641,0.39195979899497485,0.5714285714285714,0.5591397849462365,0.5641025641025641,0.39195979899497485,0.5714285714285714,0.5591397849462365,0.0,0.0,0.0,0.0
bull_to_bear,0.16,0.95,15.0,-0.1,0,156,156,0.5641025641025641,0.39195979899497485,0.5714285714285714,0.5591397849462365,0.5641025641025641,0.39195979899497485,0.5714285714285714,0.5591397849462365,0.0,0.0,0.0,0.0
bull_to_neutral,0.16,0.93,,,0,156,156,0.5641025641025641,0.39195979899497485,0.5714285714285714,0.5591397849462365,0.5641025641025641,0.39195979899497485,0.5714285714285714,0.5591397849462365,0.0,0.0,0.0,0.0
bull_to_bear,0.16,0.93,,,0,156,156,0.5641025641025641,0.39195979899497485,0.5714285714285714,0.5591397849462365,0.5641025641025641,0.39195979899497485,0.5714285714285714,0.5591397849462365,0.0,0.0,0.0,0.0
bull_to_neutral,0.16,0.93,,0.0,0,156,156,0.5641025641025641,0.39195979899497485,0.5714285714285714,0.5591397849462365,0.5641025641025641,0.39195979899497485,0.5714285714285714,0.5591397849462365,0.0,0.0,0.0,0.0
bull_to_bear,0.16,0.93,,0.0,0,156,156,0.5641025641025641,0.39195979899497485,0.5714285714285714,0.5591397849462365,0.5641025641025641,0.39195979899497485,0.5714285714285714,0.5591397849462365,0.0,0.0,0.0,0.0
bull_to_neutral,0.16,0.93,,-0.05,0,156,156,0.5641025641025641,0.39195979899497485,0.5714285714285714,0.5591397849462365,0.5641025641025641,0.39195979899497485,0.5714285714285714,0.5591397849462365,0.0,0.0,0.0,0.0
bull_to_bear,0.16,0.93,,-0.05,0,156,156,0.5641025641025641,0.39195979899497485,0.5714285714285714,0.5591397849462365,0.5641025641025641,0.39195979899497485,0.5714285714285714,0.5591397849462365,0.0,0.0,0.0,0.0
bull_to_neutral,0.16,0.93,,-0.1,0,156,156,0.5641025641025641,0.39195979899497485,0.5714285714285714,0.5591397849462365,0.5641025641025641,0.39195979899497485,0.5714285714285714,0.5591397849462365,0.0,0.0,0.0,0.0
bull_to_bear,0.16,0.93,,-0.1,0,156,156,0.5641025641025641,0.39195979899497485,0.5714285714285714,0.5591397849462365,0.5641025641025641,0.39195979899497485,0.5714285714285714,0.5591397849462365,0.0,0.0,0.0,0.0
bull_to_neutral,0.16,0.93,0.0,,0,156,156,0.5641025641025641,0.39195979899497485,0.5714285714285714,0.5591397849462365,0.5641025641025641,0.39195979899497485,0.5714285714285714,0.5591397849462365,0.0,0.0,0.0,0.0
bull_to_bear,0.16,0.93,0.0,,0,156,156,0.5641025641025641,0.39195979899497485,0.5714285714285714,0.5591397849462365,0.5641025641025641,0.39195979899497485,0.5714285714285714,0.5591397849462365,0.0,0.0,0.0,0.0
bull_to_neutral,0.16,0.93,0.0,0.0,0,156,156,0.5641025641025641,0.39195979899497485,0.5714285714285714,0.5591397849462365,0.5641025641025641,0.39195979899497485,0.5714285714285714,0.5591397849462365,0.0,0.0,0.0,0.0
bull_to_bear,0.16,0.93,0.0,0.0,0,156,156,0.5641025641025641,0.39195979899497485,0.5714285714285714,0.5591397849462365,0.5641025641025641,0.39195979899497485,0.5714285714285714,0.5591397849462365,0.0,0.0,0.0,0.0
bull_to_neutral,0.16,0.93,0.0,-0.05,0,156,156,0.5641025641025641,0.39195979899497485,0.5714285714285714,0.5591397849462365,0.5641025641025641,0.39195979899497485,0.5714285714285714,0.5591397849462365,0.0,0.0,0.0,0.0
bull_to_bear,0.16,0.93,0.0,-0.05,0,156,156,0.5641025641025641,0.39195979899497485,0.5714285714285714,0.5591397849462365,0.5641025641025641,0.39195979899497485,0.5714285714285714,0.5591397849462365,0.0,0.0,0.0,0.0
bull_to_neutral,0.16,0.93,0.0,-0.1,0,156,156,0.5641025641025641,0.39195979899497485,0.5714285714285714,0.5591397849462365,0.5641025641025641,0.39195979899497485,0.5714285714285714,0.5591397849462365,0.0,0.0,0.0,0.0
bull_to_bear,0.16,0.93,0.0,-0.1,0,156,156,0.5641025641025641,0.39195979899497485,0.5714285714285714,0.5591397849462365,0.5641025641025641,0.39195979899497485,0.5714285714285714,0.5591397849462365,0.0,0.0,0.0,0.0
bull_to_neutral,0.16,0.93,5.0,,0,156,156,0.5641025641025641,0.39195979899497485,0.5714285714285714,0.5591397849462365,0.5641025641025641,0.39195979899497485,0.5714285714285714,0.5591397849462365,0.0,0.0,0.0,0.0
bull_to_bear,0.16,0.93,5.0,,0,156,156,0.5641025641025641,0.39195979899497485,0.5714285714285714,0.5591397849462365,0.5641025641025641,0.39195979899497485,0.5714285714285714,0.5591397849462365,0.0,0.0,0.0,0.0
bull_to_neutral,0.16,0.93,5.0,0.0,0,156,156,0.5641025641025641,0.39195979899497485,0.5714285714285714,0.5591397849462365,0.5641025641025641,0.39195979899497485,0.5714285714285714,0.5591397849462365,0.0,0.0,0.0,0.0
bull_to_bear,0.16,0.93,5.0,0.0,0,156,156,0.5641025641025641,0.39195979899497485,0.5714285714285714,0.5591397849462365,0.5641025641025641,0.39195979899497485,0.5714285714285714,0.5591397849462365,0.0,0.0,0.0,0.0
bull_to_neutral,0.16,0.93,5.0,-0.05,0,156,156,0.5641025641025641,0.39195979899497485,0.5714285714285714,0.5591397849462365,0.5641025641025641,0.39195979899497485,0.5714285714285714,0.5591397849462365,0.0,0.0,0.0,0.0
bull_to_bear,0.16,0.93,5.0,-0.05,0,156,156,0.5641025641025641,0.39195979899497485,0.5714285714285714,0.5591397849462365,0.5641025641025641,0.39195979899497485,0.5714285714285714,0.5591397849462365,0.0,0.0,0.0,0.0
bull_to_neutral,0.16,0.93,5.0,-0.1,0,156,156,0.5641025641025641,0.39195979899497485,0.5714285714285714,0.5591397849462365,0.5641025641025641,0.39195979899497485,0.5714285714285714,0.5591397849462365,0.0,0.0,0.0,0.0
bull_to_bear,0.16,0.93,5.0,-0.1,0,156,156,0.5641025641025641,0.39195979899497485,0.5714285714285714,0.5591397849462365,0.5641025641025641,0.39195979899497485,0.5714285714285714,0.5591397849462365,0.0,0.0,0.0,0.0
bull_to_neutral,0.16,0.93,10.0,,0,156,156,0.5641025641025641,0.39195979899497485,0.5714285714285714,0.5591397849462365,0.5641025641025641,0.39195979899497485,0.5714285714285714,0.5591397849462365,0.0,0.0,0.0,0.0
bull_to_bear,0.16,0.93,10.0,,0,156,156,0.5641025641025641,0.39195979899497485,0.5714285714285714,0.5591397849462365,0.5641025641025641,0.39195979899497485,0.5714285714285714,0.5591397849462365,0.0,0.0,0.0,0.0
bull_to_neutral,0.16,0.93,10.0,0.0,0,156,156,0.5641025641025641,0.39195979899497485,0.5714285714285714,0.5591397849462365,0.5641025641025641,0.39195979899497485,0.5714285714285714,0.5591397849462365,0.0,0.0,0.0,0.0
bull_to_bear,0.16,0.93,10.0,0.0,0,156,156,0.5641025641025641,0.39195979899497485,0.5714285714285714,0.5591397849462365,0.5641025641025641,0.39195979899497485,0.5714285714285714,0.5591397849462365,0.0,0.0,0.0,0.0
bull_to_neutral,0.16,0.93,10.0,-0.05,0,156,156,0.5641025641025641,0.39195979899497485,0.5714285714285714,0.5591397849462365,0.5641025641025641,0.39195979899497485,0.5714285714285714,0.5591397849462365,0.0,0.0,0.0,0.0
bull_to_bear,0.16,0.93,10.0,-0.05,0,156,156,0.5641025641025641,0.39195979899497485,0.5714285714285714,0.5591397849462365,0.5641025641025641,0.39195979899497485,0.5714285714285714,0.5591397849462365,0.0,0.0,0.0,0.0
bull_to_neutral,0.16,0.93,10.0,-0.1,0,156,156,0.5641025641025641,0.39195979899497485,0.5714285714285714,0.5591397849462365,0.5641025641025641,0.39195979899497485,0.5714285714285714,0.5591397849462365,0.0,0.0,0.0,0.0
bull_to_bear,0.16,0.93,10.0,-0.1,0,156,156,0.5641025641025641,0.39195979899497485,0.5714285714285714,0.5591397849462365,0.5641025641025641,0.39195979899497485,0.5714285714285714,0.5591397849462365,0.0,0.0,0.0,0.0
bull_to_neutral,0.16,0.93,15.0,,0,156,156,0.5641025641025641,0.39195979899497485,0.5714285714285714,0.5591397849462365,0.5641025641025641,0.39195979899497485,0.5714285714285714,0.5591397849462365,0.0,0.0,0.0,0.0
bull_to_bear,0.16,0.93,15.0,,0,156,156,0.5641025641025641,0.39195979899497485,0.5714285714285714,0.5591397849462365,0.5641025641025641,0.39195979899497485,0.5714285714285714,0.5591397849462365,0.0,0.0,0.0,0.0
bull_to_neutral,0.16,0.93,15.0,0.0,0,156,156,0.5641025641025641,0.39195979899497485,0.5714285714285714,0.5591397849462365,0.5641025641025641,0.39195979899497485,0.5714285714285714,0.5591397849462365,0.0,0.0,0.0,0.0
bull_to_bear,0.16,0.93,15.0,0.0,0,156,156,0.5641025641025641,0.39195979899497485,0.5714285714285714,0.5591397849462365,0.5641025641025641,0.39195979899497485,0.5714285714285714,0.5591397849462365,0.0,0.0,0.0,0.0
bull_to_neutral,0.16,0.93,15.0,-0.05,0,156,156,0.5641025641025641,0.39195979899497485,0.5714285714285714,0.5591397849462365,0.5641025641025641,0.39195979899497485,0.5714285714285714,0.5591397849462365,0.0,0.0,0.0,0.0
bull_to_bear,0.16,0.93,15.0,-0.05,0,156,156,0.5641025641025641,0.39195979899497485,0.5714285714285714,0.5591397849462365,0.5641025641025641,0.39195979899497485,0.5714285714285714,0.5591397849462365,0.0,0.0,0.0,0.0
bull_to_neutral,0.16,0.93,15.0,-0.1,0,156,156,0.5641025641025641,0.39195979899497485,0.5714285714285714,0.5591397849462365,0.5641025641025641,0.39195979899497485,0.5714285714285714,0.5591397849462365,0.0,0.0,0.0,0.0
bull_to_bear,0.16,0.93,15.0,-0.1,0,156,156,0.5641025641025641,0.39195979899497485,0.5714285714285714,0.5591397849462365,0.5641025641025641,0.39195979899497485,0.5714285714285714,0.5591397849462365,0.0,0.0,0.0,0.0
bull_to_neutral,0.16,0.9,,,0,156,156,0.5641025641025641,0.39195979899497485,0.5714285714285714,0.5591397849462365,0.5641025641025641,0.39195979899497485,0.5714285714285714,0.5591397849462365,0.0,0.0,0.0,0.0
bull_to_bear,0.16,0.9,,,0,156,156,0.5641025641025641,0.39195979899497485,0.5714285714285714,0.5591397849462365,0.5641025641025641,0.39195979899497485,0.5714285714285714,0.5591397849462365,0.0,0.0,0.0,0.0
bull_to_neutral,0.16,0.9,,0.0,0,156,156,0.5641025641025641,0.39195979899497485,0.5714285714285714,0.5591397849462365,0.5641025641025641,0.39195979899497485,0.5714285714285714,0.5591397849462365,0.0,0.0,0.0,0.0
bull_to_bear,0.16,0.9,,0.0,0,156,156,0.5641025641025641,0.39195979899497485,0.5714285714285714,0.5591397849462365,0.5641025641025641,0.39195979899497485,0.5714285714285714,0.5591397849462365,0.0,0.0,0.0,0.0
bull_to_neutral,0.16,0.9,,-0.05,0,156,156,0.5641025641025641,0.39195979899497485,0.5714285714285714,0.5591397849462365,0.5641025641025641,0.39195979899497485,0.5714285714285714,0.5591397849462365,0.0,0.0,0.0,0.0
bull_to_bear,0.16,0.9,,-0.05,0,156,156,0.5641025641025641,0.39195979899497485,0.5714285714285714,0.5591397849462365,0.5641025641025641,0.39195979899497485,0.5714285714285714,0.5591397849462365,0.0,0.0,0.0,0.0
bull_to_neutral,0.16,0.9,,-0.1,0,156,156,0.5641025641025641,0.39195979899497485,0.5714285714285714,0.5591397849462365,0.5641025641025641,0.39195979899497485,0.5714285714285714,0.5591397849462365,0.0,0.0,0.0,0.0
bull_to_bear,0.16,0.9,,-0.1,0,156,156,0.5641025641025641,0.39195979899497485,0.5714285714285714,0.5591397849462365,0.5641025641025641,0.39195979899497485,0.5714285714285714,0.5591397849462365,0.0,0.0,0.0,0.0
bull_to_neutral,0.16,0.9,0.0,,0,156,156,0.5641025641025641,0.39195979899497485,0.5714285714285714,0.5591397849462365,0.5641025641025641,0.39195979899497485,0.5714285714285714,0.5591397849462365,0.0,0.0,0.0,0.0
bull_to_bear,0.16,0.9,0.0,,0,156,156,0.5641025641025641,0.39195979899497485,0.5714285714285714,0.5591397849462365,0.5641025641025641,0.39195979899497485,0.5714285714285714,0.5591397849462365,0.0,0.0,0.0,0.0
bull_to_neutral,0.16,0.9,0.0,0.0,0,156,156,0.5641025641025641,0.39195979899497485,0.5714285714285714,0.5591397849462365,0.5641025641025641,0.39195979899497485,0.5714285714285714,0.5591397849462365,0.0,0.0,0.0,0.0
bull_to_bear,0.16,0.9,0.0,0.0,0,156,156,0.5641025641025641,0.39195979899497485,0.5714285714285714,0.5591397849462365,0.5641025641025641,0.39195979899497485,0.5714285714285714,0.5591397849462365,0.0,0.0,0.0,0.0
bull_to_neutral,0.16,0.9,0.0,-0.05,0,156,156,0.5641025641025641,0.39195979899497485,0.5714285714285714,0.5591397849462365,0.5641025641025641,0.39195979899497485,0.5714285714285714,0.5591397849462365,0.0,0.0,0.0,0.0
bull_to_bear,0.16,0.9,0.0,-0.05,0,156,156,0.5641025641025641,0.39195979899497485,0.5714285714285714,0.5591397849462365,0.5641025641025641,0.39195979899497485,0.5714285714285714,0.5591397849462365,0.0,0.0,0.0,0.0
bull_to_neutral,0.16,0.9,0.0,-0.1,0,156,156,0.5641025641025641,0.39195979899497485,0.5714285714285714,0.5591397849462365,0.5641025641025641,0.39195979899497485,0.5714285714285714,0.5591397849462365,0.0,0.0,0.0,0.0
bull_to_bear,0.16,0.9,0.0,-0.1,0,156,156,0.5641025641025641,0.39195979899497485,0.5714285714285714,0.5591397849462365,0.5641025641025641,0.39195979899497485,0.5714285714285714,0.5591397849462365,0.0,0.0,0.0,0.0
bull_to_neutral,0.16,0.9,5.0,,0,156,156,0.5641025641025641,0.39195979899497485,0.5714285714285714,0.5591397849462365,0.5641025641025641,0.39195979899497485,0.5714285714285714,0.5591397849462365,0.0,0.0,0.0,0.0
bull_to_bear,0.16,0.9,5.0,,0,156,156,0.5641025641025641,0.39195979899497485,0.5714285714285714,0.5591397849462365,0.5641025641025641,0.39195979899497485,0.5714285714285714,0.5591397849462365,0.0,0.0,0.0,0.0
bull_to_neutral,0.16,0.9,5.0,0.0,0,156,156,0.5641025641025641,0.39195979899497485,0.5714285714285714,0.5591397849462365,0.5641025641025641,0.39195979899497485,0.5714285714285714,0.5591397849462365,0.0,0.0,0.0,0.0
bull_to_bear,0.16,0.9,5.0,0.0,0,156,156,0.5641025641025641,0.39195979899497485,0.5714285714285714,0.5591397849462365,0.5641025641025641,0.39195979899497485,0.5714285714285714,0.5591397849462365,0.0,0.0,0.0,0.0
bull_to_neutral,0.16,0.9,5.0,-0.05,0,156,156,0.5641025641025641,0.39195979899497485,0.5714285714285714,0.5591397849462365,0.5641025641025641,0.39195979899497485,0.5714285714285714,0.5591397849462365,0.0,0.0,0.0,0.0
bull_to_bear,0.16,0.9,5.0,-0.05,0,156,156,0.5641025641025641,0.39195979899497485,0.5714285714285714,0.5591397849462365,0.5641025641025641,0.39195979899497485,0.5714285714285714,0.5591397849462365,0.0,0.0,0.0,0.0
bull_to_neutral,0.16,0.9,5.0,-0.1,0,156,156,0.5641025641025641,0.39195979899497485,0.5714285714285714,0.5591397849462365,0.5641025641025641,0.39195979899497485,0.5714285714285714,0.5591397849462365,0.0,0.0,0.0,0.0
bull_to_bear,0.16,0.9,5.0,-0.1,0,156,156,0.5641025641025641,0.39195979899497485,0.5714285714285714,0.5591397849462365,0.5641025641025641,0.39195979899497485,0.5714285714285714,0.5591397849462365,0.0,0.0,0.0,0.0
bull_to_neutral,0.16,0.9,10.0,,0,156,156,0.5641025641025641,0.39195979899497485,0.5714285714285714,0.5591397849462365,0.5641025641025641,0.39195979899497485,0.5714285714285714,0.5591397849462365,0.0,0.0,0.0,0.0
bull_to_bear,0.16,0.9,10.0,,0,156,156,0.5641025641025641,0.39195979899497485,0.5714285714285714,0.5591397849462365,0.5641025641025641,0.39195979899497485,0.5714285714285714,0.5591397849462365,0.0,0.0,0.0,0.0
bull_to_neutral,0.16,0.9,10.0,0.0,0,156,156,0.5641025641025641,0.39195979899497485,0.5714285714285714,0.5591397849462365,0.5641025641025641,0.39195979899497485,0.5714285714285714,0.5591397849462365,0.0,0.0,0.0,0.0
bull_to_bear,0.16,0.9,10.0,0.0,0,156,156,0.5641025641025641,0.39195979899497485,0.5714285714285714,0.5591397849462365,0.5641025641025641,0.39195979899497485,0.5714285714285714,0.5591397849462365,0.0,0.0,0.0,0.0
bull_to_neutral,0.16,0.9,10.0,-0.05,0,156,156,0.5641025641025641,0.39195979899497485,0.5714285714285714,0.5591397849462365,0.5641025641025641,0.39195979899497485,0.5714285714285714,0.5591397849462365,0.0,0.0,0.0,0.0
bull_to_bear,0.16,0.9,10.0,-0.05,0,156,156,0.5641025641025641,0.39195979899497485,0.5714285714285714,0.5591397849462365,0.5641025641025641,0.39195979899497485,0.5714285714285714,0.5591397849462365,0.0,0.0,0.0,0.0
bull_to_neutral,0.16,0.9,10.0,-0.1,0,156,156,0.5641025641025641,0.39195979899497485,0.5714285714285714,0.5591397849462365,0.5641025641025641,0.39195979899497485,0.5714285714285714,0.5591397849462365,0.0,0.0,0.0,0.0
bull_to_bear,0.16,0.9,10.0,-0.1,0,156,156,0.5641025641025641,0.39195979899497485,0.5714285714285714,0.5591397849462365,0.5641025641025641,0.39195979899497485,0.5714285714285714,0.5591397849462365,0.0,0.0,0.0,0.0
bull_to_neutral,0.16,0.9,15.0,,0,156,156,0.5641025641025641,0.39195979899497485,0.5714285714285714,0.5591397849462365,0.5641025641025641,0.39195979899497485,0.5714285714285714,0.5591397849462365,0.0,0.0,0.0,0.0
bull_to_bear,0.16,0.9,15.0,,0,156,156,0.5641025641025641,0.39195979899497485,0.5714285714285714,0.5591397849462365,0.5641025641025641,0.39195979899497485,0.5714285714285714,0.5591397849462365,0.0,0.0,0.0,0.0
bull_to_neutral,0.16,0.9,15.0,0.0,0,156,156,0.5641025641025641,0.39195979899497485,0.5714285714285714,0.5591397849462365,0.5641025641025641,0.39195979899497485,0.5714285714285714,0.5591397849462365,0.0,0.0,0.0,0.0
bull_to_bear,0.16,0.9,15.0,0.0,0,156,156,0.5641025641025641,0.39195979899497485,0.5714285714285714,0.5591397849462365,0.5641025641025641,0.39195979899497485,0.5714285714285714,0.5591397849462365,0.0,0.0,0.0,0.0
bull_to_neutral,0.16,0.9,15.0,-0.05,0,156,156,0.5641025641025641,0.39195979899497485,0.5714285714285714,0.5591397849462365,0.5641025641025641,0.39195979899497485,0.5714285714285714,0.5591397849462365,0.0,0.0,0.0,0.0
bull_to_bear,0.16,0.9,15.0,-0.05,0,156,156,0.5641025641025641,0.39195979899497485,0.5714285714285714,0.5591397849462365,0.5641025641025641,0.39195979899497485,0.5714285714285714,0.5591397849462365,0.0,0.0,0.0,0.0
bull_to_neutral,0.16,0.9,15.0,-0.1,0,156,156,0.5641025641025641,0.39195979899497485,0.5714285714285714,0.5591397849462365,0.5641025641025641,0.39195979899497485,0.5714285714285714,0.5591397849462365,0.0,0.0,0.0,0.0
bull_to_bear,0.16,0.9,15.0,-0.1,0,156,156,0.5641025641025641,0.39195979899497485,0.5714285714285714,0.5591397849462365,0.5641025641025641,0.39195979899497485,0.5714285714285714,0.5591397849462365,0.0,0.0,0.0,0.0
bull_to_neutral,0.18,1.0,,,7,149,156,0.5641025641025641,0.39195979899497485,0.5714285714285714,0.5591397849462365,0.5704697986577181,0.3743718592964824,0.5892857142857143,0.5591397849462365,0.006367234555153978,-0.017587939698492427,0.017857142857142905,0.0
bull_to_bear,0.18,1.0,,,7,156,156,0.5641025641025641,0.39195979899497485,0.5714285714285714,0.5591397849462365,0.5705128205128205,0.39195979899497485,0.5892857142857143,0.56,0.0064102564102563875,0.0,0.017857142857142905,0.0008602150537635467
bull_to_neutral,0.18,1.0,,0.0,6,150,156,0.5641025641025641,0.39195979899497485,0.5714285714285714,0.5591397849462365,0.5666666666666667,0.3768844221105528,0.5789473684210527,0.5591397849462365,0.002564102564102555,-0.015075376884422065,0.007518796992481258,0.0
bull_to_bear,0.18,1.0,,0.0,6,156,156,0.5641025641025641,0.39195979899497485,0.5714285714285714,0.5591397849462365,0.5641025641025641,0.39195979899497485,0.5789473684210527,0.5555555555555556,0.0,0.0,0.007518796992481258,-0.0035842293906809264
bull_to_neutral,0.18,1.0,,-0.05,5,151,156,0.5641025641025641,0.39195979899497485,0.5714285714285714,0.5591397849462365,0.5629139072847682,0.3793969849246231,0.5689655172413793,0.5591397849462365,-0.0011886568177958967,-0.012562814070351758,-0.0024630541871920597,0.0
bull_to_bear,0.18,1.0,,-0.05,5,156,156,0.5641025641025641,0.39195979899497485,0.5714285714285714,0.5591397849462365,0.5576923076923077,0.39195979899497485,0.5689655172413793,0.5510204081632653,-0.0064102564102563875,0.0,-0.0024630541871920597,-0.008119376782971255
bull_to_neutral,0.18,1.0,,-0.1,4,152,156,0.5641025641025641,0.39195979899497485,0.5714285714285714,0.5591397849462365,0.5657894736842105,0.38190954773869346,0.576271186440678,0.5591397849462365,0.001686909581646412,-0.010050251256281395,0.004842615012106588,0.0
bull_to_bear,0.18,1.0,,-0.1,4,156,156,0.5641025641025641,0.39195979899497485,0.5714285714285714,0.5591397849462365,0.5641025641025641,0.39195979899497485,0.576271186440678,0.5567010309278351,0.0,0.0,0.004842615012106588,-0.0024387540184014345
bull_to_neutral,0.18,1.0,0.0,,2,154,156,0.5641025641025641,0.39195979899497485,0.5714285714285714,0.5591397849462365,0.564935064935065,0.3869346733668342,0.5737704918032787,0.5591397849462365,0.0008325008325008598,-0.00502512562814067,0.0023419203747072626,0.0
bull_to_bear,0.18,1.0,0.0,,2,156,156,0.5641025641025641,0.39195979899497485,0.5714285714285714,0.5591397849462365,0.5641025641025641,0.39195979899497485,0.5737704918032787,0.5578947368421052,0.0,0.0,0.0023419203747072626,-0.0012450481041312855
bull_to_neutral,0.18,1.0,0.0,0.0,2,154,156,0.5641025641025641,0.39195979899497485,0.5714285714285714,0.5591397849462365,0.564935064935065,0.3869346733668342,0.5737704918032787,0.5591397849462365,0.0008325008325008598,-0.00502512562814067,0.0023419203747072626,0.0
bull_to_bear,0.18,1.0,0.0,0.0,2,156,156,0.5641025641025641,0.39195979899497485,0.5714285714285714,0.5591397849462365,0.5641025641025641,0.39195979899497485,0.5737704918032787,0.5578947368421052,0.0,0.0,0.0023419203747072626,-0.0012450481041312855
bull_to_neutral,0.18,1.0,0.0,-0.05,2,154,156,0.5641025641025641,0.39195979899497485,0.5714285714285714,0.5591397849462365,0.564935064935065,0.3869346733668342,0.5737704918032787,0.5591397849462365,0.0008325008325008598,-0.00502512562814067,0.0023419203747072626,0.0
bull_to_bear,0.18,1.0,0.0,-0.05,2,156,156,0.5641025641025641,0.39195979899497485,0.5714285714285714,0.5591397849462365,0.5641025641025641,0.39195979899497485,0.5737704918032787,0.5578947368421052,0.0,0.0,0.0023419203747072626,-0.0012450481041312855
bull_to_neutral,0.18,1.0,0.0,-0.1,2,154,156,0.5641025641025641,0.39195979899497485,0.5714285714285714,0.5591397849462365,0.564935064935065,0.3869346733668342,0.5737704918032787,0.5591397849462365,0.0008325008325008598,-0.00502512562814067,0.0023419203747072626,0.0
bull_to_bear,0.18,1.0,0.0,-0.1,2,156,156,0.5641025641025641,0.39195979899497485,0.5714285714285714,0.5591397849462365,0.5641025641025641,0.39195979899497485,0.5737704918032787,0.5578947368421052,0.0,0.0,0.0023419203747072626,-0.0012450481041312855
bull_to_neutral,0.18,1.0,5.0,,2,154,156,0.5641025641025641,0.39195979899497485,0.5714285714285714,0.5591397849462365,0.564935064935065,0.3869346733668342,0.5737704918032787,0.5591397849462365,0.0008325008325008598,-0.00502512562814067,0.0023419203747072626,0.0
bull_to_bear,0.18,1.0,5.0,,2,156,156,0.5641025641025641,0.39195979899497485,0.5714285714285714,0.5591397849462365,0.5641025641025641,0.39195979899497485,0.5737704918032787,0.5578947368421052,0.0,0.0,0.0023419203747072626,-0.0012450481041312855
bull_to_neutral,0.18,1.0,5.0,0.0,2,154,156,0.5641025641025641,0.39195979899497485,0.5714285714285714,0.5591397849462365,0.564935064935065,0.3869346733668342,0.5737704918032787,0.5591397849462365,0.0008325008325008598,-0.00502512562814067,0.0023419203747072626,0.0
bull_to_bear,0.18,1.0,5.0,0.0,2,156,156,0.5641025641025641,0.39195979899497485,0.5714285714285714,0.5591397849462365,0.5641025641025641,0.39195979899497485,0.5737704918032787,0.5578947368421052,0.0,0.0,0.0023419203747072626,-0.0012450481041312855
bull_to_neutral,0.18,1.0,5.0,-0.05,2,154,156,0.5641025641025641,0.39195979899497485,0.5714285714285714,0.5591397849462365,0.564935064935065,0.3869346733668342,0.5737704918032787,0.5591397849462365,0.0008325008325008598,-0.00502512562814067,0.0023419203747072626,0.0
bull_to_bear,0.18,1.0,5.0,-0.05,2,156,156,0.5641025641025641,0.39195979899497485,0.5714285714285714,0.5591397849462365,0.5641025641025641,0.39195979899497485,0.5737704918032787,0.5578947368421052,0.0,0.0,0.0023419203747072626,-0.0012450481041312855
bull_to_neutral,0.18,1.0,5.0,-0.1,2,154,156,0.5641025641025641,0.39195979899497485,0.5714285714285714,0.5591397849462365,0.564935064935065,0.3869346733668342,0.5737704918032787,0.5591397849462365,0.0008325008325008598,-0.00502512562814067,0.0023419203747072626,0.0
bull_to_bear,0.18,1.0,5.0,-0.1,2,156,156,0.5641025641025641,0.39195979899497485,0.5714285714285714,0.5591397849462365,0.5641025641025641,0.39195979899497485,0.5737704918032787,0.5578947368421052,0.0,0.0,0.0023419203747072626,-0.0012450481041312855
bull_to_neutral,0.18,1.0,10.0,,2,154,156,0.5641025641025641,0.39195979899497485,0.5714285714285714,0.5591397849462365,0.564935064935065,0.3869346733668342,0.5737704918032787,0.5591397849462365,0.0008325008325008598,-0.00502512562814067,0.0023419203747072626,0.0
bull_to_bear,0.18,1.0,10.0,,2,156,156,0.5641025641025641,0.39195979899497485,0.5714285714285714,0.5591397849462365,0.5641025641025641,0.39195979899497485,0.5737704918032787,0.5578947368421052,0.0,0.0,0.0023419203747072626,-0.0012450481041312855
bull_to_neutral,0.18,1.0,10.0,0.0,2,154,156,0.5641025641025641,0.39195979899497485,0.5714285714285714,0.5591397849462365,0.564935064935065,0.3869346733668342,0.5737704918032787,0.5591397849462365,0.0008325008325008598,-0.00502512562814067,0.0023419203747072626,0.0
bull_to_bear,0.18,1.0,10.0,0.0,2,156,156,0.5641025641025641,0.39195979899497485,0.5714285714285714,0.5591397849462365,0.5641025641025641,0.39195979899497485,0.5737704918032787,0.5578947368421052,0.0,0.0,0.0023419203747072626,-0.0012450481041312855
bull_to_neutral,0.18,1.0,10.0,-0.05,2,154,156,0.5641025641025641,0.39195979899497485,0.5714285714285714,0.5591397849462365,0.564935064935065,0.3869346733668342,0.5737704918032787,0.5591397849462365,0.0008325008325008598,-0.00502512562814067,0.0023419203747072626,0.0
bull_to_bear,0.18,1.0,10.0,-0.05,2,156,156,0.5641025641025641,0.39195979899497485,0.5714285714285714,0.5591397849462365,0.5641025641025641,0.39195979899497485,0.5737704918032787,0.5578947368421052,0.0,0.0,0.0023419203747072626,-0.0012450481041312855
bull_to_neutral,0.18,1.0,10.0,-0.1,2,154,156,0.5641025641025641,0.39195979899497485,0.5714285714285714,0.5591397849462365,0.564935064935065,0.3869346733668342,0.5737704918032787,0.5591397849462365,0.0008325008325008598,-0.00502512562814067,0.0023419203747072626,0.0
bull_to_bear,0.18,1.0,10.0,-0.1,2,156,156,0.5641025641025641,0.39195979899497485,0.5714285714285714,0.5591397849462365,0.5641025641025641,0.39195979899497485,0.5737704918032787,0.5578947368421052,0.0,0.0,0.0023419203747072626,-0.0012450481041312855
bull_to_neutral,0.18,1.0,15.0,,2,154,156,0.5641025641025641,0.39195979899497485,0.5714285714285714,0.5591397849462365,0.564935064935065,0.3869346733668342,0.5737704918032787,0.5591397849462365,0.0008325008325008598,-0.00502512562814067,0.0023419203747072626,0.0
bull_to_bear,0.18,1.0,15.0,,2,156,156,0.5641025641025641,0.39195979899497485,0.5714285714285714,0.5591397849462365,0.5641025641025641,0.39195979899497485,0.5737704918032787,0.5578947368421052,0.0,0.0,0.0023419203747072626,-0.0012450481041312855
bull_to_neutral,0.18,1.0,15.0,0.0,2,154,156,0.5641025641025641,0.39195979899497485,0.5714285714285714,0.5591397849462365,0.564935064935065,0.3869346733668342,0.5737704918032787,0.5591397849462365,0.0008325008325008598,-0.00502512562814067,0.0023419203747072626,0.0
bull_to_bear,0.18,1.0,15.0,0.0,2,156,156,0.5641025641025641,0.39195979899497485,0.5714285714285714,0.5591397849462365,0.5641025641025641,0.39195979899497485,0.5737704918032787,0.5578947368421052,0.0,0.0,0.0023419203747072626,-0.0012450481041312855
bull_to_neutral,0.18,1.0,15.0,-0.05,2,154,156,0.5641025641025641,0.39195979899497485,0.5714285714285714,0.5591397849462365,0.564935064935065,0.3869346733668342,0.5737704918032787,0.5591397849462365,0.0008325008325008598,-0.00502512562814067,0.0023419203747072626,0.0
bull_to_bear,0.18,1.0,15.0,-0.05,2,156,156,0.5641025641025641,0.39195979899497485,0.5714285714285714,0.5591397849462365,0.5641025641025641,0.39195979899497485,0.5737704918032787,0.5578947368421052,0.0,0.0,0.0023419203747072626,-0.0012450481041312855
bull_to_neutral,0.18,1.0,15.0,-0.1,2,154,156,0.5641025641025641,0.39195979899497485,0.5714285714285714,0.5591397849462365,0.564935064935065,0.3869346733668342,0.5737704918032787,0.5591397849462365,0.0008325008325008598,-0.00502512562814067,0.0023419203747072626,0.0
bull_to_bear,0.18,1.0,15.0,-0.1,2,156,156,0.5641025641025641,0.39195979899497485,0.5714285714285714,0.5591397849462365,0.5641025641025641,0.39195979899497485,0.5737704918032787,0.5578947368421052,0.0,0.0,0.0023419203747072626,-0.0012450481041312855
bull_to_neutral,0.18,0.99,,,0,156,156,0.5641025641025641,0.39195979899497485,0.5714285714285714,0.5591397849462365,0.5641025641025641,0.39195979899497485,0.5714285714285714,0.5591397849462365,0.0,0.0,0.0,0.0
bull_to_bear,0.18,0.99,,,0,156,156,0.5641025641025641,0.39195979899497485,0.5714285714285714,0.5591397849462365,0.5641025641025641,0.39195979899497485,0.5714285714285714,0.5591397849462365,0.0,0.0,0.0,0.0
bull_to_neutral,0.18,0.99,,0.0,0,156,156,0.5641025641025641,0.39195979899497485,0.5714285714285714,0.5591397849462365,0.5641025641025641,0.39195979899497485,0.5714285714285714,0.5591397849462365,0.0,0.0,0.0,0.0
bull_to_bear,0.18,0.99,,0.0,0,156,156,0.5641025641025641,0.39195979899497485,0.5714285714285714,0.5591397849462365,0.5641025641025641,0.39195979899497485,0.5714285714285714,0.5591397849462365,0.0,0.0,0.0,0.0
bull_to_neutral,0.18,0.99,,-0.05,0,156,156,0.5641025641025641,0.39195979899497485,0.5714285714285714,0.5591397849462365,0.5641025641025641,0.39195979899497485,0.5714285714285714,0.5591397849462365,0.0,0.0,0.0,0.0
bull_to_bear,0.18,0.99,,-0.05,0,156,156,0.5641025641025641,0.39195979899497485,0.5714285714285714,0.5591397849462365,0.5641025641025641,0.39195979899497485,0.5714285714285714,0.5591397849462365,0.0,0.0,0.0,0.0
bull_to_neutral,0.18,0.99,,-0.1,0,156,156,0.5641025641025641,0.39195979899497485,0.5714285714285714,0.5591397849462365,0.5641025641025641,0.39195979899497485,0.5714285714285714,0.5591397849462365,0.0,0.0,0.0,0.0
bull_to_bear,0.18,0.99,,-0.1,0,156,156,0.5641025641025641,0.39195979899497485,0.5714285714285714,0.5591397849462365,0.5641025641025641,0.39195979899497485,0.5714285714285714,0.5591397849462365,0.0,0.0,0.0,0.0
bull_to_neutral,0.18,0.99,0.0,,0,156,156,0.5641025641025641,0.39195979899497485,0.5714285714285714,0.5591397849462365,0.5641025641025641,0.39195979899497485,0.5714285714285714,0.5591397849462365,0.0,0.0,0.0,0.0
bull_to_bear,0.18,0.99,0.0,,0,156,156,0.5641025641025641,0.39195979899497485,0.5714285714285714,0.5591397849462365,0.5641025641025641,0.39195979899497485,0.5714285714285714,0.5591397849462365,0.0,0.0,0.0,0.0
bull_to_neutral,0.18,0.99,0.0,0.0,0,156,156,0.5641025641025641,0.39195979899497485,0.5714285714285714,0.5591397849462365,0.5641025641025641,0.39195979899497485,0.5714285714285714,0.5591397849462365,0.0,0.0,0.0,0.0
bull_to_bear,0.18,0.99,0.0,0.0,0,156,156,0.5641025641025641,0.39195979899497485,0.5714285714285714,0.5591397849462365,0.5641025641025641,0.39195979899497485,0.5714285714285714,0.5591397849462365,0.0,0.0,0.0,0.0
bull_to_neutral,0.18,0.99,0.0,-0.05,0,156,156,0.5641025641025641,0.39195979899497485,0.5714285714285714,0.5591397849462365,0.5641025641025641,0.39195979899497485,0.5714285714285714,0.5591397849462365,0.0,0.0,0.0,0.0
bull_to_bear,0.18,0.99,0.0,-0.05,0,156,156,0.5641025641025641,0.39195979899497485,0.5714285714285714,0.5591397849462365,0.5641025641025641,0.39195979899497485,0.5714285714285714,0.5591397849462365,0.0,0.0,0.0,0.0
bull_to_neutral,0.18,0.99,0.0,-0.1,0,156,156,0.5641025641025641,0.39195979899497485,0.5714285714285714,0.5591397849462365,0.5641025641025641,0.39195979899497485,0.5714285714285714,0.5591397849462365,0.0,0.0,0.0,0.0
bull_to_bear,0.18,0.99,0.0,-0.1,0,156,156,0.5641025641025641,0.39195979899497485,0.5714285714285714,0.5591397849462365,0.5641025641025641,0.39195979899497485,0.5714285714285714,0.5591397849462365,0.0,0.0,0.0,0.0
bull_to_neutral,0.18,0.99,5.0,,0,156,156,0.5641025641025641,0.39195979899497485,0.5714285714285714,0.5591397849462365,0.5641025641025641,0.39195979899497485,0.5714285714285714,0.5591397849462365,0.0,0.0,0.0,0.0
bull_to_bear,0.18,0.99,5.0,,0,156,156,0.5641025641025641,0.39195979899497485,0.5714285714285714,0.5591397849462365,0.5641025641025641,0.39195979899497485,0.5714285714285714,0.5591397849462365,0.0,0.0,0.0,0.0
bull_to_neutral,0.18,0.99,5.0,0.0,0,156,156,0.5641025641025641,0.39195979899497485,0.5714285714285714,0.5591397849462365,0.5641025641025641,0.39195979899497485,0.5714285714285714,0.5591397849462365,0.0,0.0,0.0,0.0
bull_to_bear,0.18,0.99,5.0,0.0,0,156,156,0.5641025641025641,0.39195979899497485,0.5714285714285714,0.5591397849462365,0.5641025641025641,0.39195979899497485,0.5714285714285714,0.5591397849462365,0.0,0.0,0.0,0.0
bull_to_neutral,0.18,0.99,5.0,-0.05,0,156,156,0.5641025641025641,0.39195979899497485,0.5714285714285714,0.5591397849462365,0.5641025641025641,0.39195979899497485,0.5714285714285714,0.5591397849462365,0.0,0.0,0.0,0.0
bull_to_bear,0.18,0.99,5.0,-0.05,0,156,156,0.5641025641025641,0.39195979899497485,0.5714285714285714,0.5591397849462365,0.5641025641025641,0.39195979899497485,0.5714285714285714,0.5591397849462365,0.0,0.0,0.0,0.0
bull_to_neutral,0.18,0.99,5.0,-0.1,0,156,156,0.5641025641025641,0.39195979899497485,0.5714285714285714,0.5591397849462365,0.5641025641025641,0.39195979899497485,0.5714285714285714,0.5591397849462365,0.0,0.0,0.0,0.0
bull_to_bear,0.18,0.99,5.0,-0.1,0,156,156,0.5641025641025641,0.39195979899497485,0.5714285714285714,0.5591397849462365,0.5641025641025641,0.39195979899497485,0.5714285714285714,0.5591397849462365,0.0,0.0,0.0,0.0
bull_to_neutral,0.18,0.99,10.0,,0,156,156,0.5641025641025641,0.39195979899497485,0.5714285714285714,0.5591397849462365,0.5641025641025641,0.39195979899497485,0.5714285714285714,0.5591397849462365,0.0,0.0,0.0,0.0
bull_to_bear,0.18,0.99,10.0,,0,156,156,0.5641025641025641,0.39195979899497485,0.5714285714285714,0.5591397849462365,0.5641025641025641,0.39195979899497485,0.5714285714285714,0.5591397849462365,0.0,0.0,0.0,0.0
bull_to_neutral,0.18,0.99,10.0,0.0,0,156,156,0.5641025641025641,0.39195979899497485,0.5714285714285714,0.5591397849462365,0.5641025641025641,0.39195979899497485,0.5714285714285714,0.5591397849462365,0.0,0.0,0.0,0.0
bull_to_bear,0.18,0.99,10.0,0.0,0,156,156,0.5641025641025641,0.39195979899497485,0.5714285714285714,0.5591397849462365,0.5641025641025641,0.39195979899497485,0.5714285714285714,0.5591397849462365,0.0,0.0,0.0,0.0
bull_to_neutral,0.18,0.99,10.0,-0.05,0,156,156,0.5641025641025641,0.39195979899497485,0.5714285714285714,0.5591397849462365,0.5641025641025641,0.39195979899497485,0.5714285714285714,0.5591397849462365,0.0,0.0,0.0,0.0
bull_to_bear,0.18,0.99,10.0,-0.05,0,156,156,0.5641025641025641,0.39195979899497485,0.5714285714285714,0.5591397849462365,0.5641025641025641,0.39195979899497485,0.5714285714285714,0.5591397849462365,0.0,0.0,0.0,0.0
bull_to_neutral,0.18,0.99,10.0,-0.1,0,156,156,0.5641025641025641,0.39195979899497485,0.5714285714285714,0.5591397849462365,0.5641025641025641,0.39195979899497485,0.5714285714285714,0.5591397849462365,0.0,0.0,0.0,0.0
bull_to_bear,0.18,0.99,10.0,-0.1,0,156,156,0.5641025641025641,0.39195979899497485,0.5714285714285714,0.5591397849462365,0.5641025641025641,0.39195979899497485,0.5714285714285714,0.5591397849462365,0.0,0.0,0.0,0.0
bull_to_neutral,0.18,0.99,15.0,,0,156,156,0.5641025641025641,0.39195979899497485,0.5714285714285714,0.5591397849462365,0.5641025641025641,0.39195979899497485,0.5714285714285714,0.5591397849462365,0.0,0.0,0.0,0.0
bull_to_bear,0.18,0.99,15.0,,0,156,156,0.5641025641025641,0.39195979899497485,0.5714285714285714,0.5591397849462365,0.5641025641025641,0.39195979899497485,0.5714285714285714,0.5591397849462365,0.0,0.0,0.0,0.0
bull_to_neutral,0.18,0.99,15.0,0.0,0,156,156,0.5641025641025641,0.39195979899497485,0.5714285714285714,0.5591397849462365,0.5641025641025641,0.39195979899497485,0.5714285714285714,0.5591397849462365,0.0,0.0,0.0,0.0
bull_to_bear,0.18,0.99,15.0,0.0,0,156,156,0.5641025641025641,0.39195979899497485,0.5714285714285714,0.5591397849462365,0.5641025641025641,0.39195979899497485,0.5714285714285714,0.5591397849462365,0.0,0.0,0.0,0.0
bull_to_neutral,0.18,0.99,15.0,-0.05,0,156,156,0.5641025641025641,0.39195979899497485,0.5714285714285714,0.5591397849462365,0.5641025641025641,0.39195979899497485,0.5714285714285714,0.5591397849462365,0.0,0.0,0.0,0.0
bull_to_bear,0.18,0.99,15.0,-0.05,0,156,156,0.5641025641025641,0.39195979899497485,0.5714285714285714,0.5591397849462365,0.5641025641025641,0.39195979899497485,0.5714285714285714,0.5591397849462365,0.0,0.0,0.0,0.0
bull_to_neutral,0.18,0.99,15.0,-0.1,0,156,156,0.5641025641025641,0.39195979899497485,0.5714285714285714,0.5591397849462365,0.5641025641025641,0.39195979899497485,0.5714285714285714,0.5591397849462365,0.0,0.0,0.0,0.0
bull_to_bear,0.18,0.99,15.0,-0.1,0,156,156,0.5641025641025641,0.39195979899497485,0.5714285714285714,0.5591397849462365,0.5641025641025641,0.39195979899497485,0.5714285714285714,0.5591397849462365,0.0,0.0,0.0,0.0
bull_to_neutral,0.18,0.98,,,0,156,156,0.5641025641025641,0.39195979899497485,0.5714285714285714,0.5591397849462365,0.5641025641025641,0.39195979899497485,0.5714285714285714,0.5591397849462365,0.0,0.0,0.0,0.0
bull_to_bear,0.18,0.98,,,0,156,156,0.5641025641025641,0.39195979899497485,0.5714285714285714,0.5591397849462365,0.5641025641025641,0.39195979899497485,0.5714285714285714,0.5591397849462365,0.0,0.0,0.0,0.0
bull_to_neutral,0.18,0.98,,0.0,0,156,156,0.5641025641025641,0.39195979899497485,0.5714285714285714,0.5591397849462365,0.5641025641025641,0.39195979899497485,0.5714285714285714,0.5591397849462365,0.0,0.0,0.0,0.0
bull_to_bear,0.18,0.98,,0.0,0,156,156,0.5641025641025641,0.39195979899497485,0.5714285714285714,0.5591397849462365,0.5641025641025641,0.39195979899497485,0.5714285714285714,0.5591397849462365,0.0,0.0,0.0,0.0
bull_to_neutral,0.18,0.98,,-0.05,0,156,156,0.5641025641025641,0.39195979899497485,0.5714285714285714,0.5591397849462365,0.5641025641025641,0.39195979899497485,0.5714285714285714,0.5591397849462365,0.0,0.0,0.0,0.0
bull_to_bear,0.18,0.98,,-0.05,0,156,156,0.5641025641025641,0.39195979899497485,0.5714285714285714,0.5591397849462365,0.5641025641025641,0.39195979899497485,0.5714285714285714,0.5591397849462365,0.0,0.0,0.0,0.0
bull_to_neutral,0.18,0.98,,-0.1,0,156,156,0.5641025641025641,0.39195979899497485,0.5714285714285714,0.5591397849462365,0.5641025641025641,0.39195979899497485,0.5714285714285714,0.5591397849462365,0.0,0.0,0.0,0.0
bull_to_bear,0.18,0.98,,-0.1,0,156,156,0.5641025641025641,0.39195979899497485,0.5714285714285714,0.5591397849462365,0.5641025641025641,0.39195979899497485,0.5714285714285714,0.5591397849462365,0.0,0.0,0.0,0.0
bull_to_neutral,0.18,0.98,0.0,,0,156,156,0.5641025641025641,0.39195979899497485,0.5714285714285714,0.5591397849462365,0.5641025641025641,0.39195979899497485,0.5714285714285714,0.5591397849462365,0.0,0.0,0.0,0.0
bull_to_bear,0.18,0.98,0.0,,0,156,156,0.5641025641025641,0.39195979899497485,0.5714285714285714,0.5591397849462365,0.5641025641025641,0.39195979899497485,0.5714285714285714,0.5591397849462365,0.0,0.0,0.0,0.0
bull_to_neutral,0.18,0.98,0.0,0.0,0,156,156,0.5641025641025641,0.39195979899497485,0.5714285714285714,0.5591397849462365,0.5641025641025641,0.39195979899497485,0.5714285714285714,0.5591397849462365,0.0,0.0,0.0,0.0
bull_to_bear,0.18,0.98,0.0,0.0,0,156,156,0.5641025641025641,0.39195979899497485,0.5714285714285714,0.5591397849462365,0.5641025641025641,0.39195979899497485,0.5714285714285714,0.5591397849462365,0.0,0.0,0.0,0.0
bull_to_neutral,0.18,0.98,0.0,-0.05,0,156,156,0.5641025641025641,0.39195979899497485,0.5714285714285714,0.5591397849462365,0.5641025641025641,0.39195979899497485,0.5714285714285714,0.5591397849462365,0.0,0.0,0.0,0.0
bull_to_bear,0.18,0.98,0.0,-0.05,0,156,156,0.5641025641025641,0.39195979899497485,0.5714285714285714,0.5591397849462365,0.5641025641025641,0.39195979899497485,0.5714285714285714,0.5591397849462365,0.0,0.0,0.0,0.0
bull_to_neutral,0.18,0.98,0.0,-0.1,0,156,156,0.5641025641025641,0.39195979899497485,0.5714285714285714,0.5591397849462365,0.5641025641025641,0.39195979899497485,0.5714285714285714,0.5591397849462365,0.0,0.0,0.0,0.0
bull_to_bear,0.18,0.98,0.0,-0.1,0,156,156,0.5641025641025641,0.39195979899497485,0.5714285714285714,0.5591397849462365,0.5641025641025641,0.39195979899497485,0.5714285714285714,0.5591397849462365,0.0,0.0,0.0,0.0
bull_to_neutral,0.18,0.98,5.0,,0,156,156,0.5641025641025641,0.39195979899497485,0.5714285714285714,0.5591397849462365,0.5641025641025641,0.39195979899497485,0.5714285714285714,0.5591397849462365,0.0,0.0,0.0,0.0
bull_to_bear,0.18,0.98,5.0,,0,156,156,0.5641025641025641,0.39195979899497485,0.5714285714285714,0.5591397849462365,0.5641025641025641,0.39195979899497485,0.5714285714285714,0.5591397849462365,0.0,0.0,0.0,0.0
bull_to_neutral,0.18,0.98,5.0,0.0,0,156,156,0.5641025641025641,0.39195979899497485,0.5714285714285714,0.5591397849462365,0.5641025641025641,0.39195979899497485,0.5714285714285714,0.5591397849462365,0.0,0.0,0.0,0.0
bull_to_bear,0.18,0.98,5.0,0.0,0,156,156,0.5641025641025641,0.39195979899497485,0.5714285714285714,0.5591397849462365,0.5641025641025641,0.39195979899497485,0.5714285714285714,0.5591397849462365,0.0,0.0,0.0,0.0
bull_to_neutral,0.18,0.98,5.0,-0.05,0,156,156,0.5641025641025641,0.39195979899497485,0.5714285714285714,0.5591397849462365,0.5641025641025641,0.39195979899497485,0.5714285714285714,0.5591397849462365,0.0,0.0,0.0,0.0
bull_to_bear,0.18,0.98,5.0,-0.05,0,156,156,0.5641025641025641,0.39195979899497485,0.5714285714285714,0.5591397849462365,0.5641025641025641,0.39195979899497485,0.5714285714285714,0.5591397849462365,0.0,0.0,0.0,0.0
bull_to_neutral,0.18,0.98,5.0,-0.1,0,156,156,0.5641025641025641,0.39195979899497485,0.5714285714285714,0.5591397849462365,0.5641025641025641,0.39195979899497485,0.5714285714285714,0.5591397849462365,0.0,0.0,0.0,0.0
bull_to_bear,0.18,0.98,5.0,-0.1,0,156,156,0.5641025641025641,0.39195979899497485,0.5714285714285714,0.5591397849462365,0.5641025641025641,0.39195979899497485,0.5714285714285714,0.5591397849462365,0.0,0.0,0.0,0.0
bull_to_neutral,0.18,0.98,10.0,,0,156,156,0.5641025641025641,0.39195979899497485,0.5714285714285714,0.5591397849462365,0.5641025641025641,0.39195979899497485,0.5714285714285714,0.5591397849462365,0.0,0.0,0.0,0.0
bull_to_bear,0.18,0.98,10.0,,0,156,156,0.5641025641025641,0.39195979899497485,0.5714285714285714,0.5591397849462365,0.5641025641025641,0.39195979899497485,0.5714285714285714,0.5591397849462365,0.0,0.0,0.0,0.0
bull_to_neutral,0.18,0.98,10.0,0.0,0,156,156,0.5641025641025641,0.39195979899497485,0.5714285714285714,0.5591397849462365,0.5641025641025641,0.39195979899497485,0.5714285714285714,0.5591397849462365,0.0,0.0,0.0,0.0
bull_to_bear,0.18,0.98,10.0,0.0,0,156,156,0.5641025641025641,0.39195979899497485,0.5714285714285714,0.5591397849462365,0.5641025641025641,0.39195979899497485,0.5714285714285714,0.5591397849462365,0.0,0.0,0.0,0.0
bull_to_neutral,0.18,0.98,10.0,-0.05,0,156,156,0.5641025641025641,0.39195979899497485,0.5714285714285714,0.5591397849462365,0.5641025641025641,0.39195979899497485,0.5714285714285714,0.5591397849462365,0.0,0.0,0.0,0.0
bull_to_bear,0.18,0.98,10.0,-0.05,0,156,156,0.5641025641025641,0.39195979899497485,0.5714285714285714,0.5591397849462365,0.5641025641025641,0.39195979899497485,0.5714285714285714,0.5591397849462365,0.0,0.0,0.0,0.0
bull_to_neutral,0.18,0.98,10.0,-0.1,0,156,156,0.5641025641025641,0.39195979899497485,0.5714285714285714,0.5591397849462365,0.5641025641025641,0.39195979899497485,0.5714285714285714,0.5591397849462365,0.0,0.0,0.0,0.0
bull_to_bear,0.18,0.98,10.0,-0.1,0,156,156,0.5641025641025641,0.39195979899497485,0.5714285714285714,0.5591397849462365,0.5641025641025641,0.39195979899497485,0.5714285714285714,0.5591397849462365,0.0,0.0,0.0,0.0
bull_to_neutral,0.18,0.98,15.0,,0,156,156,0.5641025641025641,0.39195979899497485,0.5714285714285714,0.5591397849462365,0.5641025641025641,0.39195979899497485,0.5714285714285714,0.5591397849462365,0.0,0.0,0.0,0.0
bull_to_bear,0.18,0.98,15.0,,0,156,156,0.5641025641025641,0.39195979899497485,0.5714285714285714,0.5591397849462365,0.5641025641025641,0.39195979899497485,0.5714285714285714,0.5591397849462365,0.0,0.0,0.0,0.0
bull_to_neutral,0.18,0.98,15.0,0.0,0,156,156,0.5641025641025641,0.39195979899497485,0.5714285714285714,0.5591397849462365,0.5641025641025641,0.39195979899497485,0.5714285714285714,0.5591397849462365,0.0,0.0,0.0,0.0
bull_to_bear,0.18,0.98,15.0,0.0,0,156,156,0.5641025641025641,0.39195979899497485,0.5714285714285714,0.5591397849462365,0.5641025641025641,0.39195979899497485,0.5714285714285714,0.5591397849462365,0.0,0.0,0.0,0.0
bull_to_neutral,0.18,0.98,15.0,-0.05,0,156,156,0.5641025641025641,0.39195979899497485,0.5714285714285714,0.5591397849462365,0.5641025641025641,0.39195979899497485,0.5714285714285714,0.5591397849462365,0.0,0.0,0.0,0.0
bull_to_bear,0.18,0.98,15.0,-0.05,0,156,156,0.5641025641025641,0.39195979899497485,0.5714285714285714,0.5591397849462365,0.5641025641025641,0.39195979899497485,0.5714285714285714,0.5591397849462365,0.0,0.0,0.0,0.0
bull_to_neutral,0.18,0.98,15.0,-0.1,0,156,156,0.5641025641025641,0.39195979899497485,0.5714285714285714,0.5591397849462365,0.5641025641025641,0.39195979899497485,0.5714285714285714,0.5591397849462365,0.0,0.0,0.0,0.0
bull_to_bear,0.18,0.98,15.0,-0.1,0,156,156,0.5641025641025641,0.39195979899497485,0.5714285714285714,0.5591397849462365,0.5641025641025641,0.39195979899497485,0.5714285714285714,0.5591397849462365,0.0,0.0,0.0,0.0
bull_to_neutral,0.18,0.97,,,0,156,156,0.5641025641025641,0.39195979899497485,0.5714285714285714,0.5591397849462365,0.5641025641025641,0.39195979899497485,0.5714285714285714,0.5591397849462365,0.0,0.0,0.0,0.0
bull_to_bear,0.18,0.97,,,0,156,156,0.5641025641025641,0.39195979899497485,0.5714285714285714,0.5591397849462365,0.5641025641025641,0.39195979899497485,0.5714285714285714,0.5591397849462365,0.0,0.0,0.0,0.0
bull_to_neutral,0.18,0.97,,0.0,0,156,156,0.5641025641025641,0.39195979899497485,0.5714285714285714,0.5591397849462365,0.5641025641025641,0.39195979899497485,0.5714285714285714,0.5591397849462365,0.0,0.0,0.0,0.0
bull_to_bear,0.18,0.97,,0.0,0,156,156,0.5641025641025641,0.39195979899497485,0.5714285714285714,0.5591397849462365,0.5641025641025641,0.39195979899497485,0.5714285714285714,0.5591397849462365,0.0,0.0,0.0,0.0
bull_to_neutral,0.18,0.97,,-0.05,0,156,156,0.5641025641025641,0.39195979899497485,0.5714285714285714,0.5591397849462365,0.5641025641025641,0.39195979899497485,0.5714285714285714,0.5591397849462365,0.0,0.0,0.0,0.0
bull_to_bear,0.18,0.97,,-0.05,0,156,156,0.5641025641025641,0.39195979899497485,0.5714285714285714,0.5591397849462365,0.5641025641025641,0.39195979899497485,0.5714285714285714,0.5591397849462365,0.0,0.0,0.0,0.0
bull_to_neutral,0.18,0.97,,-0.1,0,156,156,0.5641025641025641,0.39195979899497485,0.5714285714285714,0.5591397849462365,0.5641025641025641,0.39195979899497485,0.5714285714285714,0.5591397849462365,0.0,0.0,0.0,0.0
bull_to_bear,0.18,0.97,,-0.1,0,156,156,0.5641025641025641,0.39195979899497485,0.5714285714285714,0.5591397849462365,0.5641025641025641,0.39195979899497485,0.5714285714285714,0.5591397849462365,0.0,0.0,0.0,0.0
bull_to_neutral,0.18,0.97,0.0,,0,156,156,0.5641025641025641,0.39195979899497485,0.5714285714285714,0.5591397849462365,0.5641025641025641,0.39195979899497485,0.5714285714285714,0.5591397849462365,0.0,0.0,0.0,0.0
bull_to_bear,0.18,0.97,0.0,,0,156,156,0.5641025641025641,0.39195979899497485,0.5714285714285714,0.5591397849462365,0.5641025641025641,0.39195979899497485,0.5714285714285714,0.5591397849462365,0.0,0.0,0.0,0.0
bull_to_neutral,0.18,0.97,0.0,0.0,0,156,156,0.5641025641025641,0.39195979899497485,0.5714285714285714,0.5591397849462365,0.5641025641025641,0.39195979899497485,0.5714285714285714,0.5591397849462365,0.0,0.0,0.0,0.0
bull_to_bear,0.18,0.97,0.0,0.0,0,156,156,0.5641025641025641,0.39195979899497485,0.5714285714285714,0.5591397849462365,0.5641025641025641,0.39195979899497485,0.5714285714285714,0.5591397849462365,0.0,0.0,0.0,0.0
bull_to_neutral,0.18,0.97,0.0,-0.05,0,156,156,0.5641025641025641,0.39195979899497485,0.5714285714285714,0.5591397849462365,0.5641025641025641,0.39195979899497485,0.5714285714285714,0.5591397849462365,0.0,0.0,0.0,0.0
bull_to_bear,0.18,0.97,0.0,-0.05,0,156,156,0.5641025641025641,0.39195979899497485,0.5714285714285714,0.5591397849462365,0.5641025641025641,0.39195979899497485,0.5714285714285714,0.5591397849462365,0.0,0.0,0.0,0.0
bull_to_neutral,0.18,0.97,0.0,-0.1,0,156,156,0.5641025641025641,0.39195979899497485,0.5714285714285714,0.5591397849462365,0.5641025641025641,0.39195979899497485,0.5714285714285714,0.5591397849462365,0.0,0.0,0.0,0.0
bull_to_bear,0.18,0.97,0.0,-0.1,0,156,156,0.5641025641025641,0.39195979899497485,0.5714285714285714,0.5591397849462365,0.5641025641025641,0.39195979899497485,0.5714285714285714,0.5591397849462365,0.0,0.0,0.0,0.0
bull_to_neutral,0.18,0.97,5.0,,0,156,156,0.5641025641025641,0.39195979899497485,0.5714285714285714,0.5591397849462365,0.5641025641025641,0.39195979899497485,0.5714285714285714,0.5591397849462365,0.0,0.0,0.0,0.0
bull_to_bear,0.18,0.97,5.0,,0,156,156,0.5641025641025641,0.39195979899497485,0.5714285714285714,0.5591397849462365,0.5641025641025641,0.39195979899497485,0.5714285714285714,0.5591397849462365,0.0,0.0,0.0,0.0
bull_to_neutral,0.18,0.97,5.0,0.0,0,156,156,0.5641025641025641,0.39195979899497485,0.5714285714285714,0.5591397849462365,0.5641025641025641,0.39195979899497485,0.5714285714285714,0.5591397849462365,0.0,0.0,0.0,0.0
bull_to_bear,0.18,0.97,5.0,0.0,0,156,156,0.5641025641025641,0.39195979899497485,0.5714285714285714,0.5591397849462365,0.5641025641025641,0.39195979899497485,0.5714285714285714,0.5591397849462365,0.0,0.0,0.0,0.0
bull_to_neutral,0.18,0.97,5.0,-0.05,0,156,156,0.5641025641025641,0.39195979899497485,0.5714285714285714,0.5591397849462365,0.5641025641025641,0.39195979899497485,0.5714285714285714,0.5591397849462365,0.0,0.0,0.0,0.0
bull_to_bear,0.18,0.97,5.0,-0.05,0,156,156,0.5641025641025641,0.39195979899497485,0.5714285714285714,0.5591397849462365,0.5641025641025641,0.39195979899497485,0.5714285714285714,0.5591397849462365,0.0,0.0,0.0,0.0
bull_to_neutral,0.18,0.97,5.0,-0.1,0,156,156,0.5641025641025641,0.39195979899497485,0.5714285714285714,0.5591397849462365,0.5641025641025641,0.39195979899497485,0.5714285714285714,0.5591397849462365,0.0,0.0,0.0,0.0
bull_to_bear,0.18,0.97,5.0,-0.1,0,156,156,0.5641025641025641,0.39195979899497485,0.5714285714285714,0.5591397849462365,0.5641025641025641,0.39195979899497485,0.5714285714285714,0.5591397849462365,0.0,0.0,0.0,0.0
bull_to_neutral,0.18,0.97,10.0,,0,156,156,0.5641025641025641,0.39195979899497485,0.5714285714285714,0.5591397849462365,0.5641025641025641,0.39195979899497485,0.5714285714285714,0.5591397849462365,0.0,0.0,0.0,0.0
bull_to_bear,0.18,0.97,10.0,,0,156,156,0.5641025641025641,0.39195979899497485,0.5714285714285714,0.5591397849462365,0.5641025641025641,0.39195979899497485,0.5714285714285714,0.5591397849462365,0.0,0.0,0.0,0.0
bull_to_neutral,0.18,0.97,10.0,0.0,0,156,156,0.5641025641025641,0.39195979899497485,0.5714285714285714,0.5591397849462365,0.5641025641025641,0.39195979899497485,0.5714285714285714,0.5591397849462365,0.0,0.0,0.0,0.0
bull_to_bear,0.18,0.97,10.0,0.0,0,156,156,0.5641025641025641,0.39195979899497485,0.5714285714285714,0.5591397849462365,0.5641025641025641,0.39195979899497485,0.5714285714285714,0.5591397849462365,0.0,0.0,0.0,0.0
bull_to_neutral,0.18,0.97,10.0,-0.05,0,156,156,0.5641025641025641,0.39195979899497485,0.5714285714285714,0.5591397849462365,0.5641025641025641,0.39195979899497485,0.5714285714285714,0.5591397849462365,0.0,0.0,0.0,0.0
bull_to_bear,0.18,0.97,10.0,-0.05,0,156,156,0.5641025641025641,0.39195979899497485,0.5714285714285714,0.5591397849462365,0.5641025641025641,0.39195979899497485,0.5714285714285714,0.5591397849462365,0.0,0.0,0.0,0.0
bull_to_neutral,0.18,0.97,10.0,-0.1,0,156,156,0.5641025641025641,0.39195979899497485,0.5714285714285714,0.5591397849462365,0.5641025641025641,0.39195979899497485,0.5714285714285714,0.5591397849462365,0.0,0.0,0.0,0.0
bull_to_bear,0.18,0.97,10.0,-0.1,0,156,156,0.5641025641025641,0.39195979899497485,0.5714285714285714,0.5591397849462365,0.5641025641025641,0.39195979899497485,0.5714285714285714,0.5591397849462365,0.0,0.0,0.0,0.0
bull_to_neutral,0.18,0.97,15.0,,0,156,156,0.5641025641025641,0.39195979899497485,0.5714285714285714,0.5591397849462365,0.5641025641025641,0.39195979899497485,0.5714285714285714,0.5591397849462365,0.0,0.0,0.0,0.0
bull_to_bear,0.18,0.97,15.0,,0,156,156,0.5641025641025641,0.39195979899497485,0.5714285714285714,0.5591397849462365,0.5641025641025641,0.39195979899497485,0.5714285714285714,0.5591397849462365,0.0,0.0,0.0,0.0
bull_to_neutral,0.18,0.97,15.0,0.0,0,156,156,0.5641025641025641,0.39195979899497485,0.5714285714285714,0.5591397849462365,0.5641025641025641,0.39195979899497485,0.5714285714285714,0.5591397849462365,0.0,0.0,0.0,0.0
bull_to_bear,0.18,0.97,15.0,0.0,0,156,156,0.5641025641025641,0.39195979899497485,0.5714285714285714,0.5591397849462365,0.5641025641025641,0.39195979899497485,0.5714285714285714,0.5591397849462365,0.0,0.0,0.0,0.0
bull_to_neutral,0.18,0.97,15.0,-0.05,0,156,156,0.5641025641025641,0.39195979899497485,0.5714285714285714,0.5591397849462365,0.5641025641025641,0.39195979899497485,0.5714285714285714,0.5591397849462365,0.0,0.0,0.0,0.0
bull_to_bear,0.18,0.97,15.0,-0.05,0,156,156,0.5641025641025641,0.39195979899497485,0.5714285714285714,0.5591397849462365,0.5641025641025641,0.39195979899497485,0.5714285714285714,0.5591397849462365,0.0,0.0,0.0,0.0
bull_to_neutral,0.18,0.97,15.0,-0.1,0,156,156,0.5641025641025641,0.39195979899497485,0.5714285714285714,0.5591397849462365,0.5641025641025641,0.39195979899497485,0.5714285714285714,0.5591397849462365,0.0,0.0,0.0,0.0
bull_to_bear,0.18,0.97,15.0,-0.1,0,156,156,0.5641025641025641,0.39195979899497485,0.5714285714285714,0.5591397849462365,0.5641025641025641,0.39195979899497485,0.5714285714285714,0.5591397849462365,0.0,0.0,0.0,0.0
bull_to_neutral,0.18,0.95,,,0,156,156,0.5641025641025641,0.39195979899497485,0.5714285714285714,0.5591397849462365,0.5641025641025641,0.39195979899497485,0.5714285714285714,0.5591397849462365,0.0,0.0,0.0,0.0
bull_to_bear,0.18,0.95,,,0,156,156,0.5641025641025641,0.39195979899497485,0.5714285714285714,0.5591397849462365,0.5641025641025641,0.39195979899497485,0.5714285714285714,0.5591397849462365,0.0,0.0,0.0,0.0
bull_to_neutral,0.18,0.95,,0.0,0,156,156,0.5641025641025641,0.39195979899497485,0.5714285714285714,0.5591397849462365,0.5641025641025641,0.39195979899497485,0.5714285714285714,0.5591397849462365,0.0,0.0,0.0,0.0
bull_to_bear,0.18,0.95,,0.0,0,156,156,0.5641025641025641,0.39195979899497485,0.5714285714285714,0.5591397849462365,0.5641025641025641,0.39195979899497485,0.5714285714285714,0.5591397849462365,0.0,0.0,0.0,0.0
bull_to_neutral,0.18,0.95,,-0.05,0,156,156,0.5641025641025641,0.39195979899497485,0.5714285714285714,0.5591397849462365,0.5641025641025641,0.39195979899497485,0.5714285714285714,0.5591397849462365,0.0,0.0,0.0,0.0
bull_to_bear,0.18,0.95,,-0.05,0,156,156,0.5641025641025641,0.39195979899497485,0.5714285714285714,0.5591397849462365,0.5641025641025641,0.39195979899497485,0.5714285714285714,0.5591397849462365,0.0,0.0,0.0,0.0
bull_to_neutral,0.18,0.95,,-0.1,0,156,156,0.5641025641025641,0.39195979899497485,0.5714285714285714,0.5591397849462365,0.5641025641025641,0.39195979899497485,0.5714285714285714,0.5591397849462365,0.0,0.0,0.0,0.0
bull_to_bear,0.18,0.95,,-0.1,0,156,156,0.5641025641025641,0.39195979899497485,0.5714285714285714,0.5591397849462365,0.5641025641025641,0.39195979899497485,0.5714285714285714,0.5591397849462365,0.0,0.0,0.0,0.0
bull_to_neutral,0.18,0.95,0.0,,0,156,156,0.5641025641025641,0.39195979899497485,0.5714285714285714,0.5591397849462365,0.5641025641025641,0.39195979899497485,0.5714285714285714,0.5591397849462365,0.0,0.0,0.0,0.0
bull_to_bear,0.18,0.95,0.0,,0,156,156,0.5641025641025641,0.39195979899497485,0.5714285714285714,0.5591397849462365,0.5641025641025641,0.39195979899497485,0.5714285714285714,0.5591397849462365,0.0,0.0,0.0,0.0
bull_to_neutral,0.18,0.95,0.0,0.0,0,156,156,0.5641025641025641,0.39195979899497485,0.5714285714285714,0.5591397849462365,0.5641025641025641,0.39195979899497485,0.5714285714285714,0.5591397849462365,0.0,0.0,0.0,0.0
bull_to_bear,0.18,0.95,0.0,0.0,0,156,156,0.5641025641025641,0.39195979899497485,0.5714285714285714,0.5591397849462365,0.5641025641025641,0.39195979899497485,0.5714285714285714,0.5591397849462365,0.0,0.0,0.0,0.0
bull_to_neutral,0.18,0.95,0.0,-0.05,0,156,156,0.5641025641025641,0.39195979899497485,0.5714285714285714,0.5591397849462365,0.5641025641025641,0.39195979899497485,0.5714285714285714,0.5591397849462365,0.0,0.0,0.0,0.0
bull_to_bear,0.18,0.95,0.0,-0.05,0,156,156,0.5641025641025641,0.39195979899497485,0.5714285714285714,0.5591397849462365,0.5641025641025641,0.39195979899497485,0.5714285714285714,0.5591397849462365,0.0,0.0,0.0,0.0
bull_to_neutral,0.18,0.95,0.0,-0.1,0,156,156,0.5641025641025641,0.39195979899497485,0.5714285714285714,0.5591397849462365,0.5641025641025641,0.39195979899497485,0.5714285714285714,0.5591397849462365,0.0,0.0,0.0,0.0
bull_to_bear,0.18,0.95,0.0,-0.1,0,156,156,0.5641025641025641,0.39195979899497485,0.5714285714285714,0.5591397849462365,0.5641025641025641,0.39195979899497485,0.5714285714285714,0.5591397849462365,0.0,0.0,0.0,0.0
bull_to_neutral,0.18,0.95,5.0,,0,156,156,0.5641025641025641,0.39195979899497485,0.5714285714285714,0.5591397849462365,0.5641025641025641,0.39195979899497485,0.5714285714285714,0.5591397849462365,0.0,0.0,0.0,0.0
bull_to_bear,0.18,0.95,5.0,,0,156,156,0.5641025641025641,0.39195979899497485,0.5714285714285714,0.5591397849462365,0.5641025641025641,0.39195979899497485,0.5714285714285714,0.5591397849462365,0.0,0.0,0.0,0.0
bull_to_neutral,0.18,0.95,5.0,0.0,0,156,156,0.5641025641025641,0.39195979899497485,0.5714285714285714,0.5591397849462365,0.5641025641025641,0.39195979899497485,0.5714285714285714,0.5591397849462365,0.0,0.0,0.0,0.0
bull_to_bear,0.18,0.95,5.0,0.0,0,156,156,0.5641025641025641,0.39195979899497485,0.5714285714285714,0.5591397849462365,0.5641025641025641,0.39195979899497485,0.5714285714285714,0.5591397849462365,0.0,0.0,0.0,0.0
bull_to_neutral,0.18,0.95,5.0,-0.05,0,156,156,0.5641025641025641,0.39195979899497485,0.5714285714285714,0.5591397849462365,0.5641025641025641,0.39195979899497485,0.5714285714285714,0.5591397849462365,0.0,0.0,0.0,0.0
bull_to_bear,0.18,0.95,5.0,-0.05,0,156,156,0.5641025641025641,0.39195979899497485,0.5714285714285714,0.5591397849462365,0.5641025641025641,0.39195979899497485,0.5714285714285714,0.5591397849462365,0.0,0.0,0.0,0.0
bull_to_neutral,0.18,0.95,5.0,-0.1,0,156,156,0.5641025641025641,0.39195979899497485,0.5714285714285714,0.5591397849462365,0.5641025641025641,0.39195979899497485,0.5714285714285714,0.5591397849462365,0.0,0.0,0.0,0.0
bull_to_bear,0.18,0.95,5.0,-0.1,0,156,156,0.5641025641025641,0.39195979899497485,0.5714285714285714,0.5591397849462365,0.5641025641025641,0.39195979899497485,0.5714285714285714,0.5591397849462365,0.0,0.0,0.0,0.0
bull_to_neutral,0.18,0.95,10.0,,0,156,156,0.5641025641025641,0.39195979899497485,0.5714285714285714,0.5591397849462365,0.5641025641025641,0.39195979899497485,0.5714285714285714,0.5591397849462365,0.0,0.0,0.0,0.0
bull_to_bear,0.18,0.95,10.0,,0,156,156,0.5641025641025641,0.39195979899497485,0.5714285714285714,0.5591397849462365,0.5641025641025641,0.39195979899497485,0.5714285714285714,0.5591397849462365,0.0,0.0,0.0,0.0
bull_to_neutral,0.18,0.95,10.0,0.0,0,156,156,0.5641025641025641,0.39195979899497485,0.5714285714285714,0.5591397849462365,0.5641025641025641,0.39195979899497485,0.5714285714285714,0.5591397849462365,0.0,0.0,0.0,0.0
bull_to_bear,0.18,0.95,10.0,0.0,0,156,156,0.5641025641025641,0.39195979899497485,0.5714285714285714,0.5591397849462365,0.5641025641025641,0.39195979899497485,0.5714285714285714,0.5591397849462365,0.0,0.0,0.0,0.0
bull_to_neutral,0.18,0.95,10.0,-0.05,0,156,156,0.5641025641025641,0.39195979899497485,0.5714285714285714,0.5591397849462365,0.5641025641025641,0.39195979899497485,0.5714285714285714,0.5591397849462365,0.0,0.0,0.0,0.0
bull_to_bear,0.18,0.95,10.0,-0.05,0,156,156,0.5641025641025641,0.39195979899497485,0.5714285714285714,0.5591397849462365,0.5641025641025641,0.39195979899497485,0.5714285714285714,0.5591397849462365,0.0,0.0,0.0,0.0
bull_to_neutral,0.18,0.95,10.0,-0.1,0,156,156,0.5641025641025641,0.39195979899497485,0.5714285714285714,0.5591397849462365,0.5641025641025641,0.39195979899497485,0.5714285714285714,0.5591397849462365,0.0,0.0,0.0,0.0
bull_to_bear,0.18,0.95,10.0,-0.1,0,156,156,0.5641025641025641,0.39195979899497485,0.5714285714285714,0.5591397849462365,0.5641025641025641,0.39195979899497485,0.5714285714285714,0.5591397849462365,0.0,0.0,0.0,0.0
bull_to_neutral,0.18,0.95,15.0,,0,156,156,0.5641025641025641,0.39195979899497485,0.5714285714285714,0.5591397849462365,0.5641025641025641,0.39195979899497485,0.5714285714285714,0.5591397849462365,0.0,0.0,0.0,0.0
bull_to_bear,0.18,0.95,15.0,,0,156,156,0.5641025641025641,0.39195979899497485,0.5714285714285714,0.5591397849462365,0.5641025641025641,0.39195979899497485,0.5714285714285714,0.5591397849462365,0.0,0.0,0.0,0.0
bull_to_neutral,0.18,0.95,15.0,0.0,0,156,156,0.5641025641025641,0.39195979899497485,0.5714285714285714,0.5591397849462365,0.5641025641025641,0.39195979899497485,0.5714285714285714,0.5591397849462365,0.0,0.0,0.0,0.0
bull_to_bear,0.18,0.95,15.0,0.0,0,156,156,0.5641025641025641,0.39195979899497485,0.5714285714285714,0.5591397849462365,0.5641025641025641,0.39195979899497485,0.5714285714285714,0.5591397849462365,0.0,0.0,0.0,0.0
bull_to_neutral,0.18,0.95,15.0,-0.05,0,156,156,0.5641025641025641,0.39195979899497485,0.5714285714285714,0.5591397849462365,0.5641025641025641,0.39195979899497485,0.5714285714285714,0.5591397849462365,0.0,0.0,0.0,0.0
bull_to_bear,0.18,0.95,15.0,-0.05,0,156,156,0.5641025641025641,0.39195979899497485,0.5714285714285714,0.5591397849462365,0.5641025641025641,0.39195979899497485,0.5714285714285714,0.5591397849462365,0.0,0.0,0.0,0.0
bull_to_neutral,0.18,0.95,15.0,-0.1,0,156,156,0.5641025641025641,0.39195979899497485,0.5714285714285714,0.5591397849462365,0.5641025641025641,0.39195979899497485,0.5714285714285714,0.5591397849462365,0.0,0.0,0.0,0.0
bull_to_bear,0.18,0.95,15.0,-0.1,0,156,156,0.5641025641025641,0.39195979899497485,0.5714285714285714,0.5591397849462365,0.5641025641025641,0.39195979899497485,0.5714285714285714,0.5591397849462365,0.0,0.0,0.0,0.0
bull_to_neutral,0.18,0.93,,,0,156,156,0.5641025641025641,0.39195979899497485,0.5714285714285714,0.5591397849462365,0.5641025641025641,0.39195979899497485,0.5714285714285714,0.5591397849462365,0.0,0.0,0.0,0.0
bull_to_bear,0.18,0.93,,,0,156,156,0.5641025641025641,0.39195979899497485,0.5714285714285714,0.5591397849462365,0.5641025641025641,0.39195979899497485,0.5714285714285714,0.5591397849462365,0.0,0.0,0.0,0.0
bull_to_neutral,0.18,0.93,,0.0,0,156,156,0.5641025641025641,0.39195979899497485,0.5714285714285714,0.5591397849462365,0.5641025641025641,0.39195979899497485,0.5714285714285714,0.5591397849462365,0.0,0.0,0.0,0.0
bull_to_bear,0.18,0.93,,0.0,0,156,156,0.5641025641025641,0.39195979899497485,0.5714285714285714,0.5591397849462365,0.5641025641025641,0.39195979899497485,0.5714285714285714,0.5591397849462365,0.0,0.0,0.0,0.0
bull_to_neutral,0.18,0.93,,-0.05,0,156,156,0.5641025641025641,0.39195979899497485,0.5714285714285714,0.5591397849462365,0.5641025641025641,0.39195979899497485,0.5714285714285714,0.5591397849462365,0.0,0.0,0.0,0.0
bull_to_bear,0.18,0.93,,-0.05,0,156,156,0.5641025641025641,0.39195979899497485,0.5714285714285714,0.5591397849462365,0.5641025641025641,0.39195979899497485,0.5714285714285714,0.5591397849462365,0.0,0.0,0.0,0.0
bull_to_neutral,0.18,0.93,,-0.1,0,156,156,0.5641025641025641,0.39195979899497485,0.5714285714285714,0.5591397849462365,0.5641025641025641,0.39195979899497485,0.5714285714285714,0.5591397849462365,0.0,0.0,0.0,0.0
bull_to_bear,0.18,0.93,,-0.1,0,156,156,0.5641025641025641,0.39195979899497485,0.5714285714285714,0.5591397849462365,0.5641025641025641,0.39195979899497485,0.5714285714285714,0.5591397849462365,0.0,0.0,0.0,0.0
bull_to_neutral,0.18,0.93,0.0,,0,156,156,0.5641025641025641,0.39195979899497485,0.5714285714285714,0.5591397849462365,0.5641025641025641,0.39195979899497485,0.5714285714285714,0.5591397849462365,0.0,0.0,0.0,0.0
bull_to_bear,0.18,0.93,0.0,,0,156,156,0.5641025641025641,0.39195979899497485,0.5714285714285714,0.5591397849462365,0.5641025641025641,0.39195979899497485,0.5714285714285714,0.5591397849462365,0.0,0.0,0.0,0.0
bull_to_neutral,0.18,0.93,0.0,0.0,0,156,156,0.5641025641025641,0.39195979899497485,0.5714285714285714,0.5591397849462365,0.5641025641025641,0.39195979899497485,0.5714285714285714,0.5591397849462365,0.0,0.0,0.0,0.0
bull_to_bear,0.18,0.93,0.0,0.0,0,156,156,0.5641025641025641,0.39195979899497485,0.5714285714285714,0.5591397849462365,0.5641025641025641,0.39195979899497485,0.5714285714285714,0.5591397849462365,0.0,0.0,0.0,0.0
bull_to_neutral,0.18,0.93,0.0,-0.05,0,156,156,0.5641025641025641,0.39195979899497485,0.5714285714285714,0.5591397849462365,0.5641025641025641,0.39195979899497485,0.5714285714285714,0.5591397849462365,0.0,0.0,0.0,0.0
bull_to_bear,0.18,0.93,0.0,-0.05,0,156,156,0.5641025641025641,0.39195979899497485,0.5714285714285714,0.5591397849462365,0.5641025641025641,0.39195979899497485,0.5714285714285714,0.5591397849462365,0.0,0.0,0.0,0.0
bull_to_neutral,0.18,0.93,0.0,-0.1,0,156,156,0.5641025641025641,0.39195979899497485,0.5714285714285714,0.5591397849462365,0.5641025641025641,0.39195979899497485,0.5714285714285714,0.5591397849462365,0.0,0.0,0.0,0.0
bull_to_bear,0.18,0.93,0.0,-0.1,0,156,156,0.5641025641025641,0.39195979899497485,0.5714285714285714,0.5591397849462365,0.5641025641025641,0.39195979899497485,0.5714285714285714,0.5591397849462365,0.0,0.0,0.0,0.0
bull_to_neutral,0.18,0.93,5.0,,0,156,156,0.5641025641025641,0.39195979899497485,0.5714285714285714,0.5591397849462365,0.5641025641025641,0.39195979899497485,0.5714285714285714,0.5591397849462365,0.0,0.0,0.0,0.0
bull_to_bear,0.18,0.93,5.0,,0,156,156,0.5641025641025641,0.39195979899497485,0.5714285714285714,0.5591397849462365,0.5641025641025641,0.39195979899497485,0.5714285714285714,0.5591397849462365,0.0,0.0,0.0,0.0
bull_to_neutral,0.18,0.93,5.0,0.0,0,156,156,0.5641025641025641,0.39195979899497485,0.5714285714285714,0.5591397849462365,0.5641025641025641,0.39195979899497485,0.5714285714285714,0.5591397849462365,0.0,0.0,0.0,0.0
bull_to_bear,0.18,0.93,5.0,0.0,0,156,156,0.5641025641025641,0.39195979899497485,0.5714285714285714,0.5591397849462365,0.5641025641025641,0.39195979899497485,0.5714285714285714,0.5591397849462365,0.0,0.0,0.0,0.0
bull_to_neutral,0.18,0.93,5.0,-0.05,0,156,156,0.5641025641025641,0.39195979899497485,0.5714285714285714,0.5591397849462365,0.5641025641025641,0.39195979899497485,0.5714285714285714,0.5591397849462365,0.0,0.0,0.0,0.0
bull_to_bear,0.18,0.93,5.0,-0.05,0,156,156,0.5641025641025641,0.39195979899497485,0.5714285714285714,0.5591397849462365,0.5641025641025641,0.39195979899497485,0.5714285714285714,0.5591397849462365,0.0,0.0,0.0,0.0
bull_to_neutral,0.18,0.93,5.0,-0.1,0,156,156,0.5641025641025641,0.39195979899497485,0.5714285714285714,0.5591397849462365,0.5641025641025641,0.39195979899497485,0.5714285714285714,0.5591397849462365,0.0,0.0,0.0,0.0
bull_to_bear,0.18,0.93,5.0,-0.1,0,156,156,0.5641025641025641,0.39195979899497485,0.5714285714285714,0.5591397849462365,0.5641025641025641,0.39195979899497485,0.5714285714285714,0.5591397849462365,0.0,0.0,0.0,0.0
bull_to_neutral,0.18,0.93,10.0,,0,156,156,0.5641025641025641,0.39195979899497485,0.5714285714285714,0.5591397849462365,0.5641025641025641,0.39195979899497485,0.5714285714285714,0.5591397849462365,0.0,0.0,0.0,0.0
bull_to_bear,0.18,0.93,10.0,,0,156,156,0.5641025641025641,0.39195979899497485,0.5714285714285714,0.5591397849462365,0.5641025641025641,0.39195979899497485,0.5714285714285714,0.5591397849462365,0.0,0.0,0.0,0.0
bull_to_neutral,0.18,0.93,10.0,0.0,0,156,156,0.5641025641025641,0.39195979899497485,0.5714285714285714,0.5591397849462365,0.5641025641025641,0.39195979899497485,0.5714285714285714,0.5591397849462365,0.0,0.0,0.0,0.0
bull_to_bear,0.18,0.93,10.0,0.0,0,156,156,0.5641025641025641,0.39195979899497485,0.5714285714285714,0.5591397849462365,0.5641025641025641,0.39195979899497485,0.5714285714285714,0.5591397849462365,0.0,0.0,0.0,0.0
bull_to_neutral,0.18,0.93,10.0,-0.05,0,156,156,0.5641025641025641,0.39195979899497485,0.5714285714285714,0.5591397849462365,0.5641025641025641,0.39195979899497485,0.5714285714285714,0.5591397849462365,0.0,0.0,0.0,0.0
bull_to_bear,0.18,0.93,10.0,-0.05,0,156,156,0.5641025641025641,0.39195979899497485,0.5714285714285714,0.5591397849462365,0.5641025641025641,0.39195979899497485,0.5714285714285714,0.5591397849462365,0.0,0.0,0.0,0.0
bull_to_neutral,0.18,0.93,10.0,-0.1,0,156,156,0.5641025641025641,0.39195979899497485,0.5714285714285714,0.5591397849462365,0.5641025641025641,0.39195979899497485,0.5714285714285714,0.5591397849462365,0.0,0.0,0.0,0.0
bull_to_bear,0.18,0.93,10.0,-0.1,0,156,156,0.5641025641025641,0.39195979899497485,0.5714285714285714,0.5591397849462365,0.5641025641025641,0.39195979899497485,0.5714285714285714,0.5591397849462365,0.0,0.0,0.0,0.0
bull_to_neutral,0.18,0.93,15.0,,0,156,156,0.5641025641025641,0.39195979899497485,0.5714285714285714,0.5591397849462365,0.5641025641025641,0.39195979899497485,0.5714285714285714,0.5591397849462365,0.0,0.0,0.0,0.0
bull_to_bear,0.18,0.93,15.0,,0,156,156,0.5641025641025641,0.39195979899497485,0.5714285714285714,0.5591397849462365,0.5641025641025641,0.39195979899497485,0.5714285714285714,0.5591397849462365,0.0,0.0,0.0,0.0
bull_to_neutral,0.18,0.93,15.0,0.0,0,156,156,0.5641025641025641,0.39195979899497485,0.5714285714285714,0.5591397849462365,0.5641025641025641,0.39195979899497485,0.5714285714285714,0.5591397849462365,0.0,0.0,0.0,0.0
bull_to_bear,0.18,0.93,15.0,0.0,0,156,156,0.5641025641025641,0.39195979899497485,0.5714285714285714,0.5591397849462365,0.5641025641025641,0.39195979899497485,0.5714285714285714,0.5591397849462365,0.0,0.0,0.0,0.0
bull_to_neutral,0.18,0.93,15.0,-0.05,0,156,156,0.5641025641025641,0.39195979899497485,0.5714285714285714,0.5591397849462365,0.5641025641025641,0.39195979899497485,0.5714285714285714,0.5591397849462365,0.0,0.0,0.0,0.0
bull_to_bear,0.18,0.93,15.0,-0.05,0,156,156,0.5641025641025641,0.39195979899497485,0.5714285714285714,0.5591397849462365,0.5641025641025641,0.39195979899497485,0.5714285714285714,0.5591397849462365,0.0,0.0,0.0,0.0
bull_to_neutral,0.18,0.93,15.0,-0.1,0,156,156,0.5641025641025641,0.39195979899497485,0.5714285714285714,0.5591397849462365,0.5641025641025641,0.39195979899497485,0.5714285714285714,0.5591397849462365,0.0,0.0,0.0,0.0
bull_to_bear,0.18,0.93,15.0,-0.1,0,156,156,0.5641025641025641,0.39195979899497485,0.5714285714285714,0.5591397849462365,0.5641025641025641,0.39195979899497485,0.5714285714285714,0.5591397849462365,0.0,0.0,0.0,0.0
bull_to_neutral,0.18,0.9,,,0,156,156,0.5641025641025641,0.39195979899497485,0.5714285714285714,0.5591397849462365,0.5641025641025641,0.39195979899497485,0.5714285714285714,0.5591397849462365,0.0,0.0,0.0,0.0
bull_to_bear,0.18,0.9,,,0,156,156,0.5641025641025641,0.39195979899497485,0.5714285714285714,0.5591397849462365,0.5641025641025641,0.39195979899497485,0.5714285714285714,0.5591397849462365,0.0,0.0,0.0,0.0
bull_to_neutral,0.18,0.9,,0.0,0,156,156,0.5641025641025641,0.39195979899497485,0.5714285714285714,0.5591397849462365,0.5641025641025641,0.39195979899497485,0.5714285714285714,0.5591397849462365,0.0,0.0,0.0,0.0
bull_to_bear,0.18,0.9,,0.0,0,156,156,0.5641025641025641,0.39195979899497485,0.5714285714285714,0.5591397849462365,0.5641025641025641,0.39195979899497485,0.5714285714285714,0.5591397849462365,0.0,0.0,0.0,0.0
bull_to_neutral,0.18,0.9,,-0.05,0,156,156,0.5641025641025641,0.39195979899497485,0.5714285714285714,0.5591397849462365,0.5641025641025641,0.39195979899497485,0.5714285714285714,0.5591397849462365,0.0,0.0,0.0,0.0
bull_to_bear,0.18,0.9,,-0.05,0,156,156,0.5641025641025641,0.39195979899497485,0.5714285714285714,0.5591397849462365,0.5641025641025641,0.39195979899497485,0.5714285714285714,0.5591397849462365,0.0,0.0,0.0,0.0
bull_to_neutral,0.18,0.9,,-0.1,0,156,156,0.5641025641025641,0.39195979899497485,0.5714285714285714,0.5591397849462365,0.5641025641025641,0.39195979899497485,0.5714285714285714,0.5591397849462365,0.0,0.0,0.0,0.0
bull_to_bear,0.18,0.9,,-0.1,0,156,156,0.5641025641025641,0.39195979899497485,0.5714285714285714,0.5591397849462365,0.5641025641025641,0.39195979899497485,0.5714285714285714,0.5591397849462365,0.0,0.0,0.0,0.0
bull_to_neutral,0.18,0.9,0.0,,0,156,156,0.5641025641025641,0.39195979899497485,0.5714285714285714,0.5591397849462365,0.5641025641025641,0.39195979899497485,0.5714285714285714,0.5591397849462365,0.0,0.0,0.0,0.0
bull_to_bear,0.18,0.9,0.0,,0,156,156,0.5641025641025641,0.39195979899497485,0.5714285714285714,0.5591397849462365,0.5641025641025641,0.39195979899497485,0.5714285714285714,0.5591397849462365,0.0,0.0,0.0,0.0
bull_to_neutral,0.18,0.9,0.0,0.0,0,156,156,0.5641025641025641,0.39195979899497485,0.5714285714285714,0.5591397849462365,0.5641025641025641,0.39195979899497485,0.5714285714285714,0.5591397849462365,0.0,0.0,0.0,0.0
bull_to_bear,0.18,0.9,0.0,0.0,0,156,156,0.5641025641025641,0.39195979899497485,0.5714285714285714,0.5591397849462365,0.5641025641025641,0.39195979899497485,0.5714285714285714,0.5591397849462365,0.0,0.0,0.0,0.0
bull_to_neutral,0.18,0.9,0.0,-0.05,0,156,156,0.5641025641025641,0.39195979899497485,0.5714285714285714,0.5591397849462365,0.5641025641025641,0.39195979899497485,0.5714285714285714,0.5591397849462365,0.0,0.0,0.0,0.0
bull_to_bear,0.18,0.9,0.0,-0.05,0,156,156,0.5641025641025641,0.39195979899497485,0.5714285714285714,0.5591397849462365,0.5641025641025641,0.39195979899497485,0.5714285714285714,0.5591397849462365,0.0,0.0,0.0,0.0
bull_to_neutral,0.18,0.9,0.0,-0.1,0,156,156,0.5641025641025641,0.39195979899497485,0.5714285714285714,0.5591397849462365,0.5641025641025641,0.39195979899497485,0.5714285714285714,0.5591397849462365,0.0,0.0,0.0,0.0
bull_to_bear,0.18,0.9,0.0,-0.1,0,156,156,0.5641025641025641,0.39195979899497485,0.5714285714285714,0.5591397849462365,0.5641025641025641,0.39195979899497485,0.5714285714285714,0.5591397849462365,0.0,0.0,0.0,0.0
bull_to_neutral,0.18,0.9,5.0,,0,156,156,0.5641025641025641,0.39195979899497485,0.5714285714285714,0.5591397849462365,0.5641025641025641,0.39195979899497485,0.5714285714285714,0.5591397849462365,0.0,0.0,0.0,0.0
bull_to_bear,0.18,0.9,5.0,,0,156,156,0.5641025641025641,0.39195979899497485,0.5714285714285714,0.5591397849462365,0.5641025641025641,0.39195979899497485,0.5714285714285714,0.5591397849462365,0.0,0.0,0.0,0.0
bull_to_neutral,0.18,0.9,5.0,0.0,0,156,156,0.5641025641025641,0.39195979899497485,0.5714285714285714,0.5591397849462365,0.5641025641025641,0.39195979899497485,0.5714285714285714,0.5591397849462365,0.0,0.0,0.0,0.0
bull_to_bear,0.18,0.9,5.0,0.0,0,156,156,0.5641025641025641,0.39195979899497485,0.5714285714285714,0.5591397849462365,0.5641025641025641,0.39195979899497485,0.5714285714285714,0.5591397849462365,0.0,0.0,0.0,0.0
bull_to_neutral,0.18,0.9,5.0,-0.05,0,156,156,0.5641025641025641,0.39195979899497485,0.5714285714285714,0.5591397849462365,0.5641025641025641,0.39195979899497485,0.5714285714285714,0.5591397849462365,0.0,0.0,0.0,0.0
bull_to_bear,0.18,0.9,5.0,-0.05,0,156,156,0.5641025641025641,0.39195979899497485,0.5714285714285714,0.5591397849462365,0.5641025641025641,0.39195979899497485,0.5714285714285714,0.5591397849462365,0.0,0.0,0.0,0.0
bull_to_neutral,0.18,0.9,5.0,-0.1,0,156,156,0.5641025641025641,0.39195979899497485,0.5714285714285714,0.5591397849462365,0.5641025641025641,0.39195979899497485,0.5714285714285714,0.5591397849462365,0.0,0.0,0.0,0.0
bull_to_bear,0.18,0.9,5.0,-0.1,0,156,156,0.5641025641025641,0.39195979899497485,0.5714285714285714,0.5591397849462365,0.5641025641025641,0.39195979899497485,0.5714285714285714,0.5591397849462365,0.0,0.0,0.0,0.0
bull_to_neutral,0.18,0.9,10.0,,0,156,156,0.5641025641025641,0.39195979899497485,0.5714285714285714,0.5591397849462365,0.5641025641025641,0.39195979899497485,0.5714285714285714,0.5591397849462365,0.0,0.0,0.0,0.0
bull_to_bear,0.18,0.9,10.0,,0,156,156,0.5641025641025641,0.39195979899497485,0.5714285714285714,0.5591397849462365,0.5641025641025641,0.39195979899497485,0.5714285714285714,0.5591397849462365,0.0,0.0,0.0,0.0
bull_to_neutral,0.18,0.9,10.0,0.0,0,156,156,0.5641025641025641,0.39195979899497485,0.5714285714285714,0.5591397849462365,0.5641025641025641,0.39195979899497485,0.5714285714285714,0.5591397849462365,0.0,0.0,0.0,0.0
bull_to_bear,0.18,0.9,10.0,0.0,0,156,156,0.5641025641025641,0.39195979899497485,0.5714285714285714,0.5591397849462365,0.5641025641025641,0.39195979899497485,0.5714285714285714,0.5591397849462365,0.0,0.0,0.0,0.0
bull_to_neutral,0.18,0.9,10.0,-0.05,0,156,156,0.5641025641025641,0.39195979899497485,0.5714285714285714,0.5591397849462365,0.5641025641025641,0.39195979899497485,0.5714285714285714,0.5591397849462365,0.0,0.0,0.0,0.0
bull_to_bear,0.18,0.9,10.0,-0.05,0,156,156,0.5641025641025641,0.39195979899497485,0.5714285714285714,0.5591397849462365,0.5641025641025641,0.39195979899497485,0.5714285714285714,0.5591397849462365,0.0,0.0,0.0,0.0
bull_to_neutral,0.18,0.9,10.0,-0.1,0,156,156,0.5641025641025641,0.39195979899497485,0.5714285714285714,0.5591397849462365,0.5641025641025641,0.39195979899497485,0.5714285714285714,0.5591397849462365,0.0,0.0,0.0,0.0
bull_to_bear,0.18,0.9,10.0,-0.1,0,156,156,0.5641025641025641,0.39195979899497485,0.5714285714285714,0.5591397849462365,0.5641025641025641,0.39195979899497485,0.5714285714285714,0.5591397849462365,0.0,0.0,0.0,0.0
bull_to_neutral,0.18,0.9,15.0,,0,156,156,0.5641025641025641,0.39195979899497485,0.5714285714285714,0.5591397849462365,0.5641025641025641,0.39195979899497485,0.5714285714285714,0.5591397849462365,0.0,0.0,0.0,0.0
bull_to_bear,0.18,0.9,15.0,,0,156,156,0.5641025641025641,0.39195979899497485,0.5714285714285714,0.5591397849462365,0.5641025641025641,0.39195979899497485,0.5714285714285714,0.5591397849462365,0.0,0.0,0.0,0.0
bull_to_neutral,0.18,0.9,15.0,0.0,0,156,156,0.5641025641025641,0.39195979899497485,0.5714285714285714,0.5591397849462365,0.5641025641025641,0.39195979899497485,0.5714285714285714,0.5591397849462365,0.0,0.0,0.0,0.0
bull_to_bear,0.18,0.9,15.0,0.0,0,156,156,0.5641025641025641,0.39195979899497485,0.5714285714285714,0.5591397849462365,0.5641025641025641,0.39195979899497485,0.5714285714285714,0.5591397849462365,0.0,0.0,0.0,0.0
bull_to_neutral,0.18,0.9,15.0,-0.05,0,156,156,0.5641025641025641,0.39195979899497485,0.5714285714285714,0.5591397849462365,0.5641025641025641,0.39195979899497485,0.5714285714285714,0.5591397849462365,0.0,0.0,0.0,0.0
bull_to_bear,0.18,0.9,15.0,-0.05,0,156,156,0.5641025641025641,0.39195979899497485,0.5714285714285714,0.5591397849462365,0.5641025641025641,0.39195979899497485,0.5714285714285714,0.5591397849462365,0.0,0.0,0.0,0.0
bull_to_neutral,0.18,0.9,15.0,-0.1,0,156,156,0.5641025641025641,0.39195979899497485,0.5714285714285714,0.5591397849462365,0.5641025641025641,0.39195979899497485,0.5714285714285714,0.5591397849462365,0.0,0.0,0.0,0.0
bull_to_bear,0.18,0.9,15.0,-0.1,0,156,156,0.5641025641025641,0.39195979899497485,0.5714285714285714,0.5591397849462365,0.5641025641025641,0.39195979899497485,0.5714285714285714,0.5591397849462365,0.0,0.0,0.0,0.0
bull_to_neutral,0.2,1.0,,,6,150,156,0.5641025641025641,0.39195979899497485,0.5714285714285714,0.5591397849462365,0.5733333333333334,0.3768844221105528,0.5964912280701754,0.5591397849462365,0.009230769230769265,-0.015075376884422065,0.02506265664160401,0.0
bull_to_bear,0.2,1.0,,,6,156,156,0.5641025641025641,0.39195979899497485,0.5714285714285714,0.5591397849462365,0.5769230769230769,0.39195979899497485,0.5964912280701754,0.5656565656565656,0.012820512820512775,0.0,0.02506265664160401,0.006516780710329129
bull_to_neutral,0.2,1.0,,0.0,5,151,156,0.5641025641025641,0.39195979899497485,0.5714285714285714,0.5591397849462365,0.5695364238410596,0.3793969849246231,0.5862068965517241,0.5591397849462365,0.005433859738495528,-0.012562814070351758,0.014778325123152691,0.0
bull_to_bear,0.2,1.0,,0.0,5,156,156,0.5641025641025641,0.39195979899497485,0.5714285714285714,0.5591397849462365,0.5705128205128205,0.39195979899497485,0.5862068965517241,0.5612244897959183,0.0064102564102563875,0.0,0.014778325123152691,0.0020847048496818177
bull_to_neutral,0.2,1.0,,-0.05,4,152,156,0.5641025641025641,0.39195979899497485,0.5714285714285714,0.5591397849462365,0.5657894736842105,0.38190954773869346,0.576271186440678,0.5591397849462365,0.001686909581646412,-0.010050251256281395,0.004842615012106588,0.0
bull_to_bear,0.2,1.0,,-0.05,4,156,156,0.5641025641025641,0.39195979899497485,0.5714285714285714,0.5591397849462365,0.5641025641025641,0.39195979899497485,0.576271186440678,0.5567010309278351,0.0,0.0,0.004842615012106588,-0.0024387540184014345
bull_to_neutral,0.2,1.0,,-0.1,4,152,156,0.5641025641025641,0.39195979899497485,0.5714285714285714,0.5591397849462365,0.5657894736842105,0.38190954773869346,0.576271186440678,0.5591397849462365,0.001686909581646412,-0.010050251256281395,0.004842615012106588,0.0
bull_to_bear,0.2,1.0,,-0.1,4,156,156,0.5641025641025641,0.39195979899497485,0.5714285714285714,0.5591397849462365,0.5641025641025641,0.39195979899497485,0.576271186440678,0.5567010309278351,0.0,0.0,0.004842615012106588,-0.0024387540184014345
bull_to_neutral,0.2,1.0,0.0,,2,154,156,0.5641025641025641,0.39195979899497485,0.5714285714285714,0.5591397849462365,0.564935064935065,0.3869346733668342,0.5737704918032787,0.5591397849462365,0.0008325008325008598,-0.00502512562814067,0.0023419203747072626,0.0
bull_to_bear,0.2,1.0,0.0,,2,156,156,0.5641025641025641,0.39195979899497485,0.5714285714285714,0.5591397849462365,0.5641025641025641,0.39195979899497485,0.5737704918032787,0.5578947368421052,0.0,0.0,0.0023419203747072626,-0.0012450481041312855
bull_to_neutral,0.2,1.0,0.0,0.0,2,154,156,0.5641025641025641,0.39195979899497485,0.5714285714285714,0.5591397849462365,0.564935064935065,0.3869346733668342,0.5737704918032787,0.5591397849462365,0.0008325008325008598,-0.00502512562814067,0.0023419203747072626,0.0
bull_to_bear,0.2,1.0,0.0,0.0,2,156,156,0.5641025641025641,0.39195979899497485,0.5714285714285714,0.5591397849462365,0.5641025641025641,0.39195979899497485,0.5737704918032787,0.5578947368421052,0.0,0.0,0.0023419203747072626,-0.0012450481041312855
bull_to_neutral,0.2,1.0,0.0,-0.05,2,154,156,0.5641025641025641,0.39195979899497485,0.5714285714285714,0.5591397849462365,0.564935064935065,0.3869346733668342,0.5737704918032787,0.5591397849462365,0.0008325008325008598,-0.00502512562814067,0.0023419203747072626,0.0
bull_to_bear,0.2,1.0,0.0,-0.05,2,156,156,0.5641025641025641,0.39195979899497485,0.5714285714285714,0.5591397849462365,0.5641025641025641,0.39195979899497485,0.5737704918032787,0.5578947368421052,0.0,0.0,0.0023419203747072626,-0.0012450481041312855
bull_to_neutral,0.2,1.0,0.0,-0.1,2,154,156,0.5641025641025641,0.39195979899497485,0.5714285714285714,0.5591397849462365,0.564935064935065,0.3869346733668342,0.5737704918032787,0.5591397849462365,0.0008325008325008598,-0.00502512562814067,0.0023419203747072626,0.0
bull_to_bear,0.2,1.0,0.0,-0.1,2,156,156,0.5641025641025641,0.39195979899497485,0.5714285714285714,0.5591397849462365,0.5641025641025641,0.39195979899497485,0.5737704918032787,0.5578947368421052,0.0,0.0,0.0023419203747072626,-0.0012450481041312855
bull_to_neutral,0.2,1.0,5.0,,2,154,156,0.5641025641025641,0.39195979899497485,0.5714285714285714,0.5591397849462365,0.564935064935065,0.3869346733668342,0.5737704918032787,0.5591397849462365,0.0008325008325008598,-0.00502512562814067,0.0023419203747072626,0.0
bull_to_bear,0.2,1.0,5.0,,2,156,156,0.5641025641025641,0.39195979899497485,0.5714285714285714,0.5591397849462365,0.5641025641025641,0.39195979899497485,0.5737704918032787,0.5578947368421052,0.0,0.0,0.0023419203747072626,-0.0012450481041312855
bull_to_neutral,0.2,1.0,5.0,0.0,2,154,156,0.5641025641025641,0.39195979899497485,0.5714285714285714,0.5591397849462365,0.564935064935065,0.3869346733668342,0.5737704918032787,0.5591397849462365,0.0008325008325008598,-0.00502512562814067,0.0023419203747072626,0.0
bull_to_bear,0.2,1.0,5.0,0.0,2,156,156,0.5641025641025641,0.39195979899497485,0.5714285714285714,0.5591397849462365,0.5641025641025641,0.39195979899497485,0.5737704918032787,0.5578947368421052,0.0,0.0,0.0023419203747072626,-0.0012450481041312855
bull_to_neutral,0.2,1.0,5.0,-0.05,2,154,156,0.5641025641025641,0.39195979899497485,0.5714285714285714,0.5591397849462365,0.564935064935065,0.3869346733668342,0.5737704918032787,0.5591397849462365,0.0008325008325008598,-0.00502512562814067,0.0023419203747072626,0.0
bull_to_bear,0.2,1.0,5.0,-0.05,2,156,156,0.5641025641025641,0.39195979899497485,0.5714285714285714,0.5591397849462365,0.5641025641025641,0.39195979899497485,0.5737704918032787,0.5578947368421052,0.0,0.0,0.0023419203747072626,-0.0012450481041312855
bull_to_neutral,0.2,1.0,5.0,-0.1,2,154,156,0.5641025641025641,0.39195979899497485,0.5714285714285714,0.5591397849462365,0.564935064935065,0.3869346733668342,0.5737704918032787,0.5591397849462365,0.0008325008325008598,-0.00502512562814067,0.0023419203747072626,0.0
bull_to_bear,0.2,1.0,5.0,-0.1,2,156,156,0.5641025641025641,0.39195979899497485,0.5714285714285714,0.5591397849462365,0.5641025641025641,0.39195979899497485,0.5737704918032787,0.5578947368421052,0.0,0.0,0.0023419203747072626,-0.0012450481041312855
bull_to_neutral,0.2,1.0,10.0,,2,154,156,0.5641025641025641,0.39195979899497485,0.5714285714285714,0.5591397849462365,0.564935064935065,0.3869346733668342,0.5737704918032787,0.5591397849462365,0.0008325008325008598,-0.00502512562814067,0.0023419203747072626,0.0
bull_to_bear,0.2,1.0,10.0,,2,156,156,0.5641025641025641,0.39195979899497485,0.5714285714285714,0.5591397849462365,0.5641025641025641,0.39195979899497485,0.5737704918032787,0.5578947368421052,0.0,0.0,0.0023419203747072626,-0.0012450481041312855
bull_to_neutral,0.2,1.0,10.0,0.0,2,154,156,0.5641025641025641,0.39195979899497485,0.5714285714285714,0.5591397849462365,0.564935064935065,0.3869346733668342,0.5737704918032787,0.5591397849462365,0.0008325008325008598,-0.00502512562814067,0.0023419203747072626,0.0
bull_to_bear,0.2,1.0,10.0,0.0,2,156,156,0.5641025641025641,0.39195979899497485,0.5714285714285714,0.5591397849462365,0.5641025641025641,0.39195979899497485,0.5737704918032787,0.5578947368421052,0.0,0.0,0.0023419203747072626,-0.0012450481041312855
bull_to_neutral,0.2,1.0,10.0,-0.05,2,154,156,0.5641025641025641,0.39195979899497485,0.5714285714285714,0.5591397849462365,0.564935064935065,0.3869346733668342,0.5737704918032787,0.5591397849462365,0.0008325008325008598,-0.00502512562814067,0.0023419203747072626,0.0
bull_to_bear,0.2,1.0,10.0,-0.05,2,156,156,0.5641025641025641,0.39195979899497485,0.5714285714285714,0.5591397849462365,0.5641025641025641,0.39195979899497485,0.5737704918032787,0.5578947368421052,0.0,0.0,0.0023419203747072626,-0.0012450481041312855
bull_to_neutral,0.2,1.0,10.0,-0.1,2,154,156,0.5641025641025641,0.39195979899497485,0.5714285714285714,0.5591397849462365,0.564935064935065,0.3869346733668342,0.5737704918032787,0.5591397849462365,0.0008325008325008598,-0.00502512562814067,0.0023419203747072626,0.0
bull_to_bear,0.2,1.0,10.0,-0.1,2,156,156,0.5641025641025641,0.39195979899497485,0.5714285714285714,0.5591397849462365,0.5641025641025641,0.39195979899497485,0.5737704918032787,0.5578947368421052,0.0,0.0,0.0023419203747072626,-0.0012450481041312855
bull_to_neutral,0.2,1.0,15.0,,2,154,156,0.5641025641025641,0.39195979899497485,0.5714285714285714,0.5591397849462365,0.564935064935065,0.3869346733668342,0.5737704918032787,0.5591397849462365,0.0008325008325008598,-0.00502512562814067,0.0023419203747072626,0.0
bull_to_bear,0.2,1.0,15.0,,2,156,156,0.5641025641025641,0.39195979899497485,0.5714285714285714,0.5591397849462365,0.5641025641025641,0.39195979899497485,0.5737704918032787,0.5578947368421052,0.0,0.0,0.0023419203747072626,-0.0012450481041312855
bull_to_neutral,0.2,1.0,15.0,0.0,2,154,156,0.5641025641025641,0.39195979899497485,0.5714285714285714,0.5591397849462365,0.564935064935065,0.3869346733668342,0.5737704918032787,0.5591397849462365,0.0008325008325008598,-0.00502512562814067,0.0023419203747072626,0.0
bull_to_bear,0.2,1.0,15.0,0.0,2,156,156,0.5641025641025641,0.39195979899497485,0.5714285714285714,0.5591397849462365,0.5641025641025641,0.39195979899497485,0.5737704918032787,0.5578947368421052,0.0,0.0,0.0023419203747072626,-0.0012450481041312855
bull_to_neutral,0.2,1.0,15.0,-0.05,2,154,156,0.5641025641025641,0.39195979899497485,0.5714285714285714,0.5591397849462365,0.564935064935065,0.3869346733668342,0.5737704918032787,0.5591397849462365,0.0008325008325008598,-0.00502512562814067,0.0023419203747072626,0.0
bull_to_bear,0.2,1.0,15.0,-0.05,2,156,156,0.5641025641025641,0.39195979899497485,0.5714285714285714,0.5591397849462365,0.5641025641025641,0.39195979899497485,0.5737704918032787,0.5578947368421052,0.0,0.0,0.0023419203747072626,-0.0012450481041312855
bull_to_neutral,0.2,1.0,15.0,-0.1,2,154,156,0.5641025641025641,0.39195979899497485,0.5714285714285714,0.5591397849462365,0.564935064935065,0.3869346733668342,0.5737704918032787,0.5591397849462365,0.0008325008325008598,-0.00502512562814067,0.0023419203747072626,0.0
bull_to_bear,0.2,1.0,15.0,-0.1,2,156,156,0.5641025641025641,0.39195979899497485,0.5714285714285714,0.5591397849462365,0.5641025641025641,0.39195979899497485,0.5737704918032787,0.5578947368421052,0.0,0.0,0.0023419203747072626,-0.0012450481041312855
bull_to_neutral,0.2,0.99,,,0,156,156,0.5641025641025641,0.39195979899497485,0.5714285714285714,0.5591397849462365,0.5641025641025641,0.39195979899497485,0.5714285714285714,0.5591397849462365,0.0,0.0,0.0,0.0
bull_to_bear,0.2,0.99,,,0,156,156,0.5641025641025641,0.39195979899497485,0.5714285714285714,0.5591397849462365,0.5641025641025641,0.39195979899497485,0.5714285714285714,0.5591397849462365,0.0,0.0,0.0,0.0
bull_to_neutral,0.2,0.99,,0.0,0,156,156,0.5641025641025641,0.39195979899497485,0.5714285714285714,0.5591397849462365,0.5641025641025641,0.39195979899497485,0.5714285714285714,0.5591397849462365,0.0,0.0,0.0,0.0
bull_to_bear,0.2,0.99,,0.0,0,156,156,0.5641025641025641,0.39195979899497485,0.5714285714285714,0.5591397849462365,0.5641025641025641,0.39195979899497485,0.5714285714285714,0.5591397849462365,0.0,0.0,0.0,0.0
bull_to_neutral,0.2,0.99,,-0.05,0,156,156,0.5641025641025641,0.39195979899497485,0.5714285714285714,0.5591397849462365,0.5641025641025641,0.39195979899497485,0.5714285714285714,0.5591397849462365,0.0,0.0,0.0,0.0
bull_to_bear,0.2,0.99,,-0.05,0,156,156,0.5641025641025641,0.39195979899497485,0.5714285714285714,0.5591397849462365,0.5641025641025641,0.39195979899497485,0.5714285714285714,0.5591397849462365,0.0,0.0,0.0,0.0
bull_to_neutral,0.2,0.99,,-0.1,0,156,156,0.5641025641025641,0.39195979899497485,0.5714285714285714,0.5591397849462365,0.5641025641025641,0.39195979899497485,0.5714285714285714,0.5591397849462365,0.0,0.0,0.0,0.0
bull_to_bear,0.2,0.99,,-0.1,0,156,156,0.5641025641025641,0.39195979899497485,0.5714285714285714,0.5591397849462365,0.5641025641025641,0.39195979899497485,0.5714285714285714,0.5591397849462365,0.0,0.0,0.0,0.0
bull_to_neutral,0.2,0.99,0.0,,0,156,156,0.5641025641025641,0.39195979899497485,0.5714285714285714,0.5591397849462365,0.5641025641025641,0.39195979899497485,0.5714285714285714,0.5591397849462365,0.0,0.0,0.0,0.0
bull_to_bear,0.2,0.99,0.0,,0,156,156,0.5641025641025641,0.39195979899497485,0.5714285714285714,0.5591397849462365,0.5641025641025641,0.39195979899497485,0.5714285714285714,0.5591397849462365,0.0,0.0,0.0,0.0
bull_to_neutral,0.2,0.99,0.0,0.0,0,156,156,0.5641025641025641,0.39195979899497485,0.5714285714285714,0.5591397849462365,0.5641025641025641,0.39195979899497485,0.5714285714285714,0.5591397849462365,0.0,0.0,0.0,0.0
bull_to_bear,0.2,0.99,0.0,0.0,0,156,156,0.5641025641025641,0.39195979899497485,0.5714285714285714,0.5591397849462365,0.5641025641025641,0.39195979899497485,0.5714285714285714,0.5591397849462365,0.0,0.0,0.0,0.0
bull_to_neutral,0.2,0.99,0.0,-0.05,0,156,156,0.5641025641025641,0.39195979899497485,0.5714285714285714,0.5591397849462365,0.5641025641025641,0.39195979899497485,0.5714285714285714,0.5591397849462365,0.0,0.0,0.0,0.0
bull_to_bear,0.2,0.99,0.0,-0.05,0,156,156,0.5641025641025641,0.39195979899497485,0.5714285714285714,0.5591397849462365,0.5641025641025641,0.39195979899497485,0.5714285714285714,0.5591397849462365,0.0,0.0,0.0,0.0
bull_to_neutral,0.2,0.99,0.0,-0.1,0,156,156,0.5641025641025641,0.39195979899497485,0.5714285714285714,0.5591397849462365,0.5641025641025641,0.39195979899497485,0.5714285714285714,0.5591397849462365,0.0,0.0,0.0,0.0
bull_to_bear,0.2,0.99,0.0,-0.1,0,156,156,0.5641025641025641,0.39195979899497485,0.5714285714285714,0.5591397849462365,0.5641025641025641,0.39195979899497485,0.5714285714285714,0.5591397849462365,0.0,0.0,0.0,0.0
bull_to_neutral,0.2,0.99,5.0,,0,156,156,0.5641025641025641,0.39195979899497485,0.5714285714285714,0.5591397849462365,0.5641025641025641,0.39195979899497485,0.5714285714285714,0.5591397849462365,0.0,0.0,0.0,0.0
bull_to_bear,0.2,0.99,5.0,,0,156,156,0.5641025641025641,0.39195979899497485,0.5714285714285714,0.5591397849462365,0.5641025641025641,0.39195979899497485,0.5714285714285714,0.5591397849462365,0.0,0.0,0.0,0.0
bull_to_neutral,0.2,0.99,5.0,0.0,0,156,156,0.5641025641025641,0.39195979899497485,0.5714285714285714,0.5591397849462365,0.5641025641025641,0.39195979899497485,0.5714285714285714,0.5591397849462365,0.0,0.0,0.0,0.0
bull_to_bear,0.2,0.99,5.0,0.0,0,156,156,0.5641025641025641,0.39195979899497485,0.5714285714285714,0.5591397849462365,0.5641025641025641,0.39195979899497485,0.5714285714285714,0.5591397849462365,0.0,0.0,0.0,0.0
bull_to_neutral,0.2,0.99,5.0,-0.05,0,156,156,0.5641025641025641,0.39195979899497485,0.5714285714285714,0.5591397849462365,0.5641025641025641,0.39195979899497485,0.5714285714285714,0.5591397849462365,0.0,0.0,0.0,0.0
bull_to_bear,0.2,0.99,5.0,-0.05,0,156,156,0.5641025641025641,0.39195979899497485,0.5714285714285714,0.5591397849462365,0.5641025641025641,0.39195979899497485,0.5714285714285714,0.5591397849462365,0.0,0.0,0.0,0.0
bull_to_neutral,0.2,0.99,5.0,-0.1,0,156,156,0.5641025641025641,0.39195979899497485,0.5714285714285714,0.5591397849462365,0.5641025641025641,0.39195979899497485,0.5714285714285714,0.5591397849462365,0.0,0.0,0.0,0.0
bull_to_bear,0.2,0.99,5.0,-0.1,0,156,156,0.5641025641025641,0.39195979899497485,0.5714285714285714,0.5591397849462365,0.5641025641025641,0.39195979899497485,0.5714285714285714,0.5591397849462365,0.0,0.0,0.0,0.0
bull_to_neutral,0.2,0.99,10.0,,0,156,156,0.5641025641025641,0.39195979899497485,0.5714285714285714,0.5591397849462365,0.5641025641025641,0.39195979899497485,0.5714285714285714,0.5591397849462365,0.0,0.0,0.0,0.0
bull_to_bear,0.2,0.99,10.0,,0,156,156,0.5641025641025641,0.39195979899497485,0.5714285714285714,0.5591397849462365,0.5641025641025641,0.39195979899497485,0.5714285714285714,0.5591397849462365,0.0,0.0,0.0,0.0
bull_to_neutral,0.2,0.99,10.0,0.0,0,156,156,0.5641025641025641,0.39195979899497485,0.5714285714285714,0.5591397849462365,0.5641025641025641,0.39195979899497485,0.5714285714285714,0.5591397849462365,0.0,0.0,0.0,0.0
bull_to_bear,0.2,0.99,10.0,0.0,0,156,156,0.5641025641025641,0.39195979899497485,0.5714285714285714,0.5591397849462365,0.5641025641025641,0.39195979899497485,0.5714285714285714,0.5591397849462365,0.0,0.0,0.0,0.0
bull_to_neutral,0.2,0.99,10.0,-0.05,0,156,156,0.5641025641025641,0.39195979899497485,0.5714285714285714,0.5591397849462365,0.5641025641025641,0.39195979899497485,0.5714285714285714,0.5591397849462365,0.0,0.0,0.0,0.0
bull_to_bear,0.2,0.99,10.0,-0.05,0,156,156,0.5641025641025641,0.39195979899497485,0.5714285714285714,0.5591397849462365,0.5641025641025641,0.39195979899497485,0.5714285714285714,0.5591397849462365,0.0,0.0,0.0,0.0
bull_to_neutral,0.2,0.99,10.0,-0.1,0,156,156,0.5641025641025641,0.39195979899497485,0.5714285714285714,0.5591397849462365,0.5641025641025641,0.39195979899497485,0.5714285714285714,0.5591397849462365,0.0,0.0,0.0,0.0
bull_to_bear,0.2,0.99,10.0,-0.1,0,156,156,0.5641025641025641,0.39195979899497485,0.5714285714285714,0.5591397849462365,0.5641025641025641,0.39195979899497485,0.5714285714285714,0.5591397849462365,0.0,0.0,0.0,0.0
bull_to_neutral,0.2,0.99,15.0,,0,156,156,0.5641025641025641,0.39195979899497485,0.5714285714285714,0.5591397849462365,0.5641025641025641,0.39195979899497485,0.5714285714285714,0.5591397849462365,0.0,0.0,0.0,0.0
bull_to_bear,0.2,0.99,15.0,,0,156,156,0.5641025641025641,0.39195979899497485,0.5714285714285714,0.5591397849462365,0.5641025641025641,0.39195979899497485,0.5714285714285714,0.5591397849462365,0.0,0.0,0.0,0.0
bull_to_neutral,0.2,0.99,15.0,0.0,0,156,156,0.5641025641025641,0.39195979899497485,0.5714285714285714,0.5591397849462365,0.5641025641025641,0.39195979899497485,0.5714285714285714,0.5591397849462365,0.0,0.0,0.0,0.0
bull_to_bear,0.2,0.99,15.0,0.0,0,156,156,0.5641025641025641,0.39195979899497485,0.5714285714285714,0.5591397849462365,0.5641025641025641,0.39195979899497485,0.5714285714285714,0.5591397849462365,0.0,0.0,0.0,0.0
bull_to_neutral,0.2,0.99,15.0,-0.05,0,156,156,0.5641025641025641,0.39195979899497485,0.5714285714285714,0.5591397849462365,0.5641025641025641,0.39195979899497485,0.5714285714285714,0.5591397849462365,0.0,0.0,0.0,0.0
bull_to_bear,0.2,0.99,15.0,-0.05,0,156,156,0.5641025641025641,0.39195979899497485,0.5714285714285714,0.5591397849462365,0.5641025641025641,0.39195979899497485,0.5714285714285714,0.5591397849462365,0.0,0.0,0.0,0.0
bull_to_neutral,0.2,0.99,15.0,-0.1,0,156,156,0.5641025641025641,0.39195979899497485,0.5714285714285714,0.5591397849462365,0.5641025641025641,0.39195979899497485,0.5714285714285714,0.5591397849462365,0.0,0.0,0.0,0.0
bull_to_bear,0.2,0.99,15.0,-0.1,0,156,156,0.5641025641025641,0.39195979899497485,0.5714285714285714,0.5591397849462365,0.5641025641025641,0.39195979899497485,0.5714285714285714,0.5591397849462365,0.0,0.0,0.0,0.0
bull_to_neutral,0.2,0.98,,,0,156,156,0.5641025641025641,0.39195979899497485,0.5714285714285714,0.5591397849462365,0.5641025641025641,0.39195979899497485,0.5714285714285714,0.5591397849462365,0.0,0.0,0.0,0.0
bull_to_bear,0.2,0.98,,,0,156,156,0.5641025641025641,0.39195979899497485,0.5714285714285714,0.5591397849462365,0.5641025641025641,0.39195979899497485,0.5714285714285714,0.5591397849462365,0.0,0.0,0.0,0.0
bull_to_neutral,0.2,0.98,,0.0,0,156,156,0.5641025641025641,0.39195979899497485,0.5714285714285714,0.5591397849462365,0.5641025641025641,0.39195979899497485,0.5714285714285714,0.5591397849462365,0.0,0.0,0.0,0.0
bull_to_bear,0.2,0.98,,0.0,0,156,156,0.5641025641025641,0.39195979899497485,0.5714285714285714,0.5591397849462365,0.5641025641025641,0.39195979899497485,0.5714285714285714,0.5591397849462365,0.0,0.0,0.0,0.0
bull_to_neutral,0.2,0.98,,-0.05,0,156,156,0.5641025641025641,0.39195979899497485,0.5714285714285714,0.5591397849462365,0.5641025641025641,0.39195979899497485,0.5714285714285714,0.5591397849462365,0.0,0.0,0.0,0.0
bull_to_bear,0.2,0.98,,-0.05,0,156,156,0.5641025641025641,0.39195979899497485,0.5714285714285714,0.5591397849462365,0.5641025641025641,0.39195979899497485,0.5714285714285714,0.5591397849462365,0.0,0.0,0.0,0.0
bull_to_neutral,0.2,0.98,,-0.1,0,156,156,0.5641025641025641,0.39195979899497485,0.5714285714285714,0.5591397849462365,0.5641025641025641,0.39195979899497485,0.5714285714285714,0.5591397849462365,0.0,0.0,0.0,0.0
bull_to_bear,0.2,0.98,,-0.1,0,156,156,0.5641025641025641,0.39195979899497485,0.5714285714285714,0.5591397849462365,0.5641025641025641,0.39195979899497485,0.5714285714285714,0.5591397849462365,0.0,0.0,0.0,0.0
bull_to_neutral,0.2,0.98,0.0,,0,156,156,0.5641025641025641,0.39195979899497485,0.5714285714285714,0.5591397849462365,0.5641025641025641,0.39195979899497485,0.5714285714285714,0.5591397849462365,0.0,0.0,0.0,0.0
bull_to_bear,0.2,0.98,0.0,,0,156,156,0.5641025641025641,0.39195979899497485,0.5714285714285714,0.5591397849462365,0.5641025641025641,0.39195979899497485,0.5714285714285714,0.5591397849462365,0.0,0.0,0.0,0.0
bull_to_neutral,0.2,0.98,0.0,0.0,0,156,156,0.5641025641025641,0.39195979899497485,0.5714285714285714,0.5591397849462365,0.5641025641025641,0.39195979899497485,0.5714285714285714,0.5591397849462365,0.0,0.0,0.0,0.0
bull_to_bear,0.2,0.98,0.0,0.0,0,156,156,0.5641025641025641,0.39195979899497485,0.5714285714285714,0.5591397849462365,0.5641025641025641,0.39195979899497485,0.5714285714285714,0.5591397849462365,0.0,0.0,0.0,0.0
bull_to_neutral,0.2,0.98,0.0,-0.05,0,156,156,0.5641025641025641,0.39195979899497485,0.5714285714285714,0.5591397849462365,0.5641025641025641,0.39195979899497485,0.5714285714285714,0.5591397849462365,0.0,0.0,0.0,0.0
bull_to_bear,0.2,0.98,0.0,-0.05,0,156,156,0.5641025641025641,0.39195979899497485,0.5714285714285714,0.5591397849462365,0.5641025641025641,0.39195979899497485,0.5714285714285714,0.5591397849462365,0.0,0.0,0.0,0.0
bull_to_neutral,0.2,0.98,0.0,-0.1,0,156,156,0.5641025641025641,0.39195979899497485,0.5714285714285714,0.5591397849462365,0.5641025641025641,0.39195979899497485,0.5714285714285714,0.5591397849462365,0.0,0.0,0.0,0.0
bull_to_bear,0.2,0.98,0.0,-0.1,0,156,156,0.5641025641025641,0.39195979899497485,0.5714285714285714,0.5591397849462365,0.5641025641025641,0.39195979899497485,0.5714285714285714,0.5591397849462365,0.0,0.0,0.0,0.0
bull_to_neutral,0.2,0.98,5.0,,0,156,156,0.5641025641025641,0.39195979899497485,0.5714285714285714,0.5591397849462365,0.5641025641025641,0.39195979899497485,0.5714285714285714,0.5591397849462365,0.0,0.0,0.0,0.0
bull_to_bear,0.2,0.98,5.0,,0,156,156,0.5641025641025641,0.39195979899497485,0.5714285714285714,0.5591397849462365,0.5641025641025641,0.39195979899497485,0.5714285714285714,0.5591397849462365,0.0,0.0,0.0,0.0
bull_to_neutral,0.2,0.98,5.0,0.0,0,156,156,0.5641025641025641,0.39195979899497485,0.5714285714285714,0.5591397849462365,0.5641025641025641,0.39195979899497485,0.5714285714285714,0.5591397849462365,0.0,0.0,0.0,0.0
bull_to_bear,0.2,0.98,5.0,0.0,0,156,156,0.5641025641025641,0.39195979899497485,0.5714285714285714,0.5591397849462365,0.5641025641025641,0.39195979899497485,0.5714285714285714,0.5591397849462365,0.0,0.0,0.0,0.0
bull_to_neutral,0.2,0.98,5.0,-0.05,0,156,156,0.5641025641025641,0.39195979899497485,0.5714285714285714,0.5591397849462365,0.5641025641025641,0.39195979899497485,0.5714285714285714,0.5591397849462365,0.0,0.0,0.0,0.0
bull_to_bear,0.2,0.98,5.0,-0.05,0,156,156,0.5641025641025641,0.39195979899497485,0.5714285714285714,0.5591397849462365,0.5641025641025641,0.39195979899497485,0.5714285714285714,0.5591397849462365,0.0,0.0,0.0,0.0
bull_to_neutral,0.2,0.98,5.0,-0.1,0,156,156,0.5641025641025641,0.39195979899497485,0.5714285714285714,0.5591397849462365,0.5641025641025641,0.39195979899497485,0.5714285714285714,0.5591397849462365,0.0,0.0,0.0,0.0
bull_to_bear,0.2,0.98,5.0,-0.1,0,156,156,0.5641025641025641,0.39195979899497485,0.5714285714285714,0.5591397849462365,0.5641025641025641,0.39195979899497485,0.5714285714285714,0.5591397849462365,0.0,0.0,0.0,0.0
bull_to_neutral,0.2,0.98,10.0,,0,156,156,0.5641025641025641,0.39195979899497485,0.5714285714285714,0.5591397849462365,0.5641025641025641,0.39195979899497485,0.5714285714285714,0.5591397849462365,0.0,0.0,0.0,0.0
bull_to_bear,0.2,0.98,10.0,,0,156,156,0.5641025641025641,0.39195979899497485,0.5714285714285714,0.5591397849462365,0.5641025641025641,0.39195979899497485,0.5714285714285714,0.5591397849462365,0.0,0.0,0.0,0.0
bull_to_neutral,0.2,0.98,10.0,0.0,0,156,156,0.5641025641025641,0.39195979899497485,0.5714285714285714,0.5591397849462365,0.5641025641025641,0.39195979899497485,0.5714285714285714,0.5591397849462365,0.0,0.0,0.0,0.0
bull_to_bear,0.2,0.98,10.0,0.0,0,156,156,0.5641025641025641,0.39195979899497485,0.5714285714285714,0.5591397849462365,0.5641025641025641,0.39195979899497485,0.5714285714285714,0.5591397849462365,0.0,0.0,0.0,0.0
bull_to_neutral,0.2,0.98,10.0,-0.05,0,156,156,0.5641025641025641,0.39195979899497485,0.5714285714285714,0.5591397849462365,0.5641025641025641,0.39195979899497485,0.5714285714285714,0.5591397849462365,0.0,0.0,0.0,0.0
bull_to_bear,0.2,0.98,10.0,-0.05,0,156,156,0.5641025641025641,0.39195979899497485,0.5714285714285714,0.5591397849462365,0.5641025641025641,0.39195979899497485,0.5714285714285714,0.5591397849462365,0.0,0.0,0.0,0.0
bull_to_neutral,0.2,0.98,10.0,-0.1,0,156,156,0.5641025641025641,0.39195979899497485,0.5714285714285714,0.5591397849462365,0.5641025641025641,0.39195979899497485,0.5714285714285714,0.5591397849462365,0.0,0.0,0.0,0.0
bull_to_bear,0.2,0.98,10.0,-0.1,0,156,156,0.5641025641025641,0.39195979899497485,0.5714285714285714,0.5591397849462365,0.5641025641025641,0.39195979899497485,0.5714285714285714,0.5591397849462365,0.0,0.0,0.0,0.0
bull_to_neutral,0.2,0.98,15.0,,0,156,156,0.5641025641025641,0.39195979899497485,0.5714285714285714,0.5591397849462365,0.5641025641025641,0.39195979899497485,0.5714285714285714,0.5591397849462365,0.0,0.0,0.0,0.0
bull_to_bear,0.2,0.98,15.0,,0,156,156,0.5641025641025641,0.39195979899497485,0.5714285714285714,0.5591397849462365,0.5641025641025641,0.39195979899497485,0.5714285714285714,0.5591397849462365,0.0,0.0,0.0,0.0
bull_to_neutral,0.2,0.98,15.0,0.0,0,156,156,0.5641025641025641,0.39195979899497485,0.5714285714285714,0.5591397849462365,0.5641025641025641,0.39195979899497485,0.5714285714285714,0.5591397849462365,0.0,0.0,0.0,0.0
bull_to_bear,0.2,0.98,15.0,0.0,0,156,156,0.5641025641025641,0.39195979899497485,0.5714285714285714,0.5591397849462365,0.5641025641025641,0.39195979899497485,0.5714285714285714,0.5591397849462365,0.0,0.0,0.0,0.0
bull_to_neutral,0.2,0.98,15.0,-0.05,0,156,156,0.5641025641025641,0.39195979899497485,0.5714285714285714,0.5591397849462365,0.5641025641025641,0.39195979899497485,0.5714285714285714,0.5591397849462365,0.0,0.0,0.0,0.0
bull_to_bear,0.2,0.98,15.0,-0.05,0,156,156,0.5641025641025641,0.39195979899497485,0.5714285714285714,0.5591397849462365,0.5641025641025641,0.39195979899497485,0.5714285714285714,0.5591397849462365,0.0,0.0,0.0,0.0
bull_to_neutral,0.2,0.98,15.0,-0.1,0,156,156,0.5641025641025641,0.39195979899497485,0.5714285714285714,0.5591397849462365,0.5641025641025641,0.39195979899497485,0.5714285714285714,0.5591397849462365,0.0,0.0,0.0,0.0
bull_to_bear,0.2,0.98,15.0,-0.1,0,156,156,0.5641025641025641,0.39195979899497485,0.5714285714285714,0.5591397849462365,0.5641025641025641,0.39195979899497485,0.5714285714285714,0.5591397849462365,0.0,0.0,0.0,0.0
bull_to_neutral,0.2,0.97,,,0,156,156,0.5641025641025641,0.39195979899497485,0.5714285714285714,0.5591397849462365,0.5641025641025641,0.39195979899497485,0.5714285714285714,0.5591397849462365,0.0,0.0,0.0,0.0
bull_to_bear,0.2,0.97,,,0,156,156,0.5641025641025641,0.39195979899497485,0.5714285714285714,0.5591397849462365,0.5641025641025641,0.39195979899497485,0.5714285714285714,0.5591397849462365,0.0,0.0,0.0,0.0
bull_to_neutral,0.2,0.97,,0.0,0,156,156,0.5641025641025641,0.39195979899497485,0.5714285714285714,0.5591397849462365,0.5641025641025641,0.39195979899497485,0.5714285714285714,0.5591397849462365,0.0,0.0,0.0,0.0
bull_to_bear,0.2,0.97,,0.0,0,156,156,0.5641025641025641,0.39195979899497485,0.5714285714285714,0.5591397849462365,0.5641025641025641,0.39195979899497485,0.5714285714285714,0.5591397849462365,0.0,0.0,0.0,0.0
bull_to_neutral,0.2,0.97,,-0.05,0,156,156,0.5641025641025641,0.39195979899497485,0.5714285714285714,0.5591397849462365,0.5641025641025641,0.39195979899497485,0.5714285714285714,0.5591397849462365,0.0,0.0,0.0,0.0
bull_to_bear,0.2,0.97,,-0.05,0,156,156,0.5641025641025641,0.39195979899497485,0.5714285714285714,0.5591397849462365,0.5641025641025641,0.39195979899497485,0.5714285714285714,0.5591397849462365,0.0,0.0,0.0,0.0
bull_to_neutral,0.2,0.97,,-0.1,0,156,156,0.5641025641025641,0.39195979899497485,0.5714285714285714,0.5591397849462365,0.5641025641025641,0.39195979899497485,0.5714285714285714,0.5591397849462365,0.0,0.0,0.0,0.0
bull_to_bear,0.2,0.97,,-0.1,0,156,156,0.5641025641025641,0.39195979899497485,0.5714285714285714,0.5591397849462365,0.5641025641025641,0.39195979899497485,0.5714285714285714,0.5591397849462365,0.0,0.0,0.0,0.0
bull_to_neutral,0.2,0.97,0.0,,0,156,156,0.5641025641025641,0.39195979899497485,0.5714285714285714,0.5591397849462365,0.5641025641025641,0.39195979899497485,0.5714285714285714,0.5591397849462365,0.0,0.0,0.0,0.0
bull_to_bear,0.2,0.97,0.0,,0,156,156,0.5641025641025641,0.39195979899497485,0.5714285714285714,0.5591397849462365,0.5641025641025641,0.39195979899497485,0.5714285714285714,0.5591397849462365,0.0,0.0,0.0,0.0
bull_to_neutral,0.2,0.97,0.0,0.0,0,156,156,0.5641025641025641,0.39195979899497485,0.5714285714285714,0.5591397849462365,0.5641025641025641,0.39195979899497485,0.5714285714285714,0.5591397849462365,0.0,0.0,0.0,0.0
bull_to_bear,0.2,0.97,0.0,0.0,0,156,156,0.5641025641025641,0.39195979899497485,0.5714285714285714,0.5591397849462365,0.5641025641025641,0.39195979899497485,0.5714285714285714,0.5591397849462365,0.0,0.0,0.0,0.0
bull_to_neutral,0.2,0.97,0.0,-0.05,0,156,156,0.5641025641025641,0.39195979899497485,0.5714285714285714,0.5591397849462365,0.5641025641025641,0.39195979899497485,0.5714285714285714,0.5591397849462365,0.0,0.0,0.0,0.0
bull_to_bear,0.2,0.97,0.0,-0.05,0,156,156,0.5641025641025641,0.39195979899497485,0.5714285714285714,0.5591397849462365,0.5641025641025641,0.39195979899497485,0.5714285714285714,0.5591397849462365,0.0,0.0,0.0,0.0
bull_to_neutral,0.2,0.97,0.0,-0.1,0,156,156,0.5641025641025641,0.39195979899497485,0.5714285714285714,0.5591397849462365,0.5641025641025641,0.39195979899497485,0.5714285714285714,0.5591397849462365,0.0,0.0,0.0,0.0
bull_to_bear,0.2,0.97,0.0,-0.1,0,156,156,0.5641025641025641,0.39195979899497485,0.5714285714285714,0.5591397849462365,0.5641025641025641,0.39195979899497485,0.5714285714285714,0.5591397849462365,0.0,0.0,0.0,0.0
bull_to_neutral,0.2,0.97,5.0,,0,156,156,0.5641025641025641,0.39195979899497485,0.5714285714285714,0.5591397849462365,0.5641025641025641,0.39195979899497485,0.5714285714285714,0.5591397849462365,0.0,0.0,0.0,0.0
bull_to_bear,0.2,0.97,5.0,,0,156,156,0.5641025641025641,0.39195979899497485,0.5714285714285714,0.5591397849462365,0.5641025641025641,0.39195979899497485,0.5714285714285714,0.5591397849462365,0.0,0.0,0.0,0.0
bull_to_neutral,0.2,0.97,5.0,0.0,0,156,156,0.5641025641025641,0.39195979899497485,0.5714285714285714,0.5591397849462365,0.5641025641025641,0.39195979899497485,0.5714285714285714,0.5591397849462365,0.0,0.0,0.0,0.0
bull_to_bear,0.2,0.97,5.0,0.0,0,156,156,0.5641025641025641,0.39195979899497485,0.5714285714285714,0.5591397849462365,0.5641025641025641,0.39195979899497485,0.5714285714285714,0.5591397849462365,0.0,0.0,0.0,0.0
bull_to_neutral,0.2,0.97,5.0,-0.05,0,156,156,0.5641025641025641,0.39195979899497485,0.5714285714285714,0.5591397849462365,0.5641025641025641,0.39195979899497485,0.5714285714285714,0.5591397849462365,0.0,0.0,0.0,0.0
bull_to_bear,0.2,0.97,5.0,-0.05,0,156,156,0.5641025641025641,0.39195979899497485,0.5714285714285714,0.5591397849462365,0.5641025641025641,0.39195979899497485,0.5714285714285714,0.5591397849462365,0.0,0.0,0.0,0.0
bull_to_neutral,0.2,0.97,5.0,-0.1,0,156,156,0.5641025641025641,0.39195979899497485,0.5714285714285714,0.5591397849462365,0.5641025641025641,0.39195979899497485,0.5714285714285714,0.5591397849462365,0.0,0.0,0.0,0.0
bull_to_bear,0.2,0.97,5.0,-0.1,0,156,156,0.5641025641025641,0.39195979899497485,0.5714285714285714,0.5591397849462365,0.5641025641025641,0.39195979899497485,0.5714285714285714,0.5591397849462365,0.0,0.0,0.0,0.0
bull_to_neutral,0.2,0.97,10.0,,0,156,156,0.5641025641025641,0.39195979899497485,0.5714285714285714,0.5591397849462365,0.5641025641025641,0.39195979899497485,0.5714285714285714,0.5591397849462365,0.0,0.0,0.0,0.0
bull_to_bear,0.2,0.97,10.0,,0,156,156,0.5641025641025641,0.39195979899497485,0.5714285714285714,0.5591397849462365,0.5641025641025641,0.39195979899497485,0.5714285714285714,0.5591397849462365,0.0,0.0,0.0,0.0
bull_to_neutral,0.2,0.97,10.0,0.0,0,156,156,0.5641025641025641,0.39195979899497485,0.5714285714285714,0.5591397849462365,0.5641025641025641,0.39195979899497485,0.5714285714285714,0.5591397849462365,0.0,0.0,0.0,0.0
bull_to_bear,0.2,0.97,10.0,0.0,0,156,156,0.5641025641025641,0.39195979899497485,0.5714285714285714,0.5591397849462365,0.5641025641025641,0.39195979899497485,0.5714285714285714,0.5591397849462365,0.0,0.0,0.0,0.0
bull_to_neutral,0.2,0.97,10.0,-0.05,0,156,156,0.5641025641025641,0.39195979899497485,0.5714285714285714,0.5591397849462365,0.5641025641025641,0.39195979899497485,0.5714285714285714,0.5591397849462365,0.0,0.0,0.0,0.0
bull_to_bear,0.2,0.97,10.0,-0.05,0,156,156,0.5641025641025641,0.39195979899497485,0.5714285714285714,0.5591397849462365,0.5641025641025641,0.39195979899497485,0.5714285714285714,0.5591397849462365,0.0,0.0,0.0,0.0
bull_to_neutral,0.2,0.97,10.0,-0.1,0,156,156,0.5641025641025641,0.39195979899497485,0.5714285714285714,0.5591397849462365,0.5641025641025641,0.39195979899497485,0.5714285714285714,0.5591397849462365,0.0,0.0,0.0,0.0
bull_to_bear,0.2,0.97,10.0,-0.1,0,156,156,0.5641025641025641,0.39195979899497485,0.5714285714285714,0.5591397849462365,0.5641025641025641,0.39195979899497485,0.5714285714285714,0.5591397849462365,0.0,0.0,0.0,0.0
bull_to_neutral,0.2,0.97,15.0,,0,156,156,0.5641025641025641,0.39195979899497485,0.5714285714285714,0.5591397849462365,0.5641025641025641,0.39195979899497485,0.5714285714285714,0.5591397849462365,0.0,0.0,0.0,0.0
bull_to_bear,0.2,0.97,15.0,,0,156,156,0.5641025641025641,0.39195979899497485,0.5714285714285714,0.5591397849462365,0.5641025641025641,0.39195979899497485,0.5714285714285714,0.5591397849462365,0.0,0.0,0.0,0.0
bull_to_neutral,0.2,0.97,15.0,0.0,0,156,156,0.5641025641025641,0.39195979899497485,0.5714285714285714,0.5591397849462365,0.5641025641025641,0.39195979899497485,0.5714285714285714,0.5591397849462365,0.0,0.0,0.0,0.0
bull_to_bear,0.2,0.97,15.0,0.0,0,156,156,0.5641025641025641,0.39195979899497485,0.5714285714285714,0.5591397849462365,0.5641025641025641,0.39195979899497485,0.5714285714285714,0.5591397849462365,0.0,0.0,0.0,0.0
bull_to_neutral,0.2,0.97,15.0,-0.05,0,156,156,0.5641025641025641,0.39195979899497485,0.5714285714285714,0.5591397849462365,0.5641025641025641,0.39195979899497485,0.5714285714285714,0.5591397849462365,0.0,0.0,0.0,0.0
bull_to_bear,0.2,0.97,15.0,-0.05,0,156,156,0.5641025641025641,0.39195979899497485,0.5714285714285714,0.5591397849462365,0.5641025641025641,0.39195979899497485,0.5714285714285714,0.5591397849462365,0.0,0.0,0.0,0.0
bull_to_neutral,0.2,0.97,15.0,-0.1,0,156,156,0.5641025641025641,0.39195979899497485,0.5714285714285714,0.5591397849462365,0.5641025641025641,0.39195979899497485,0.5714285714285714,0.5591397849462365,0.0,0.0,0.0,0.0
bull_to_bear,0.2,0.97,15.0,-0.1,0,156,156,0.5641025641025641,0.39195979899497485,0.5714285714285714,0.5591397849462365,0.5641025641025641,0.39195979899497485,0.5714285714285714,0.5591397849462365,0.0,0.0,0.0,0.0
bull_to_neutral,0.2,0.95,,,0,156,156,0.5641025641025641,0.39195979899497485,0.5714285714285714,0.5591397849462365,0.5641025641025641,0.39195979899497485,0.5714285714285714,0.5591397849462365,0.0,0.0,0.0,0.0
bull_to_bear,0.2,0.95,,,0,156,156,0.5641025641025641,0.39195979899497485,0.5714285714285714,0.5591397849462365,0.5641025641025641,0.39195979899497485,0.5714285714285714,0.5591397849462365,0.0,0.0,0.0,0.0
bull_to_neutral,0.2,0.95,,0.0,0,156,156,0.5641025641025641,0.39195979899497485,0.5714285714285714,0.5591397849462365,0.5641025641025641,0.39195979899497485,0.5714285714285714,0.5591397849462365,0.0,0.0,0.0,0.0
bull_to_bear,0.2,0.95,,0.0,0,156,156,0.5641025641025641,0.39195979899497485,0.5714285714285714,0.5591397849462365,0.5641025641025641,0.39195979899497485,0.5714285714285714,0.5591397849462365,0.0,0.0,0.0,0.0
bull_to_neutral,0.2,0.95,,-0.05,0,156,156,0.5641025641025641,0.39195979899497485,0.5714285714285714,0.5591397849462365,0.5641025641025641,0.39195979899497485,0.5714285714285714,0.5591397849462365,0.0,0.0,0.0,0.0
bull_to_bear,0.2,0.95,,-0.05,0,156,156,0.5641025641025641,0.39195979899497485,0.5714285714285714,0.5591397849462365,0.5641025641025641,0.39195979899497485,0.5714285714285714,0.5591397849462365,0.0,0.0,0.0,0.0
bull_to_neutral,0.2,0.95,,-0.1,0,156,156,0.5641025641025641,0.39195979899497485,0.5714285714285714,0.5591397849462365,0.5641025641025641,0.39195979899497485,0.5714285714285714,0.5591397849462365,0.0,0.0,0.0,0.0
bull_to_bear,0.2,0.95,,-0.1,0,156,156,0.5641025641025641,0.39195979899497485,0.5714285714285714,0.5591397849462365,0.5641025641025641,0.39195979899497485,0.5714285714285714,0.5591397849462365,0.0,0.0,0.0,0.0
bull_to_neutral,0.2,0.95,0.0,,0,156,156,0.5641025641025641,0.39195979899497485,0.5714285714285714,0.5591397849462365,0.5641025641025641,0.39195979899497485,0.5714285714285714,0.5591397849462365,0.0,0.0,0.0,0.0
bull_to_bear,0.2,0.95,0.0,,0,156,156,0.5641025641025641,0.39195979899497485,0.5714285714285714,0.5591397849462365,0.5641025641025641,0.39195979899497485,0.5714285714285714,0.5591397849462365,0.0,0.0,0.0,0.0
bull_to_neutral,0.2,0.95,0.0,0.0,0,156,156,0.5641025641025641,0.39195979899497485,0.5714285714285714,0.5591397849462365,0.5641025641025641,0.39195979899497485,0.5714285714285714,0.5591397849462365,0.0,0.0,0.0,0.0
bull_to_bear,0.2,0.95,0.0,0.0,0,156,156,0.5641025641025641,0.39195979899497485,0.5714285714285714,0.5591397849462365,0.5641025641025641,0.39195979899497485,0.5714285714285714,0.5591397849462365,0.0,0.0,0.0,0.0
bull_to_neutral,0.2,0.95,0.0,-0.05,0,156,156,0.5641025641025641,0.39195979899497485,0.5714285714285714,0.5591397849462365,0.5641025641025641,0.39195979899497485,0.5714285714285714,0.5591397849462365,0.0,0.0,0.0,0.0
bull_to_bear,0.2,0.95,0.0,-0.05,0,156,156,0.5641025641025641,0.39195979899497485,0.5714285714285714,0.5591397849462365,0.5641025641025641,0.39195979899497485,0.5714285714285714,0.5591397849462365,0.0,0.0,0.0,0.0
bull_to_neutral,0.2,0.95,0.0,-0.1,0,156,156,0.5641025641025641,0.39195979899497485,0.5714285714285714,0.5591397849462365,0.5641025641025641,0.39195979899497485,0.5714285714285714,0.5591397849462365,0.0,0.0,0.0,0.0
bull_to_bear,0.2,0.95,0.0,-0.1,0,156,156,0.5641025641025641,0.39195979899497485,0.5714285714285714,0.5591397849462365,0.5641025641025641,0.39195979899497485,0.5714285714285714,0.5591397849462365,0.0,0.0,0.0,0.0
bull_to_neutral,0.2,0.95,5.0,,0,156,156,0.5641025641025641,0.39195979899497485,0.5714285714285714,0.5591397849462365,0.5641025641025641,0.39195979899497485,0.5714285714285714,0.5591397849462365,0.0,0.0,0.0,0.0
bull_to_bear,0.2,0.95,5.0,,0,156,156,0.5641025641025641,0.39195979899497485,0.5714285714285714,0.5591397849462365,0.5641025641025641,0.39195979899497485,0.5714285714285714,0.5591397849462365,0.0,0.0,0.0,0.0
bull_to_neutral,0.2,0.95,5.0,0.0,0,156,156,0.5641025641025641,0.39195979899497485,0.5714285714285714,0.5591397849462365,0.5641025641025641,0.39195979899497485,0.5714285714285714,0.5591397849462365,0.0,0.0,0.0,0.0
bull_to_bear,0.2,0.95,5.0,0.0,0,156,156,0.5641025641025641,0.39195979899497485,0.5714285714285714,0.5591397849462365,0.5641025641025641,0.39195979899497485,0.5714285714285714,0.5591397849462365,0.0,0.0,0.0,0.0
bull_to_neutral,0.2,0.95,5.0,-0.05,0,156,156,0.5641025641025641,0.39195979899497485,0.5714285714285714,0.5591397849462365,0.5641025641025641,0.39195979899497485,0.5714285714285714,0.5591397849462365,0.0,0.0,0.0,0.0
bull_to_bear,0.2,0.95,5.0,-0.05,0,156,156,0.5641025641025641,0.39195979899497485,0.5714285714285714,0.5591397849462365,0.5641025641025641,0.39195979899497485,0.5714285714285714,0.5591397849462365,0.0,0.0,0.0,0.0
bull_to_neutral,0.2,0.95,5.0,-0.1,0,156,156,0.5641025641025641,0.39195979899497485,0.5714285714285714,0.5591397849462365,0.5641025641025641,0.39195979899497485,0.5714285714285714,0.5591397849462365,0.0,0.0,0.0,0.0
bull_to_bear,0.2,0.95,5.0,-0.1,0,156,156,0.5641025641025641,0.39195979899497485,0.5714285714285714,0.5591397849462365,0.5641025641025641,0.39195979899497485,0.5714285714285714,0.5591397849462365,0.0,0.0,0.0,0.0
bull_to_neutral,0.2,0.95,10.0,,0,156,156,0.5641025641025641,0.39195979899497485,0.5714285714285714,0.5591397849462365,0.5641025641025641,0.39195979899497485,0.5714285714285714,0.5591397849462365,0.0,0.0,0.0,0.0
bull_to_bear,0.2,0.95,10.0,,0,156,156,0.5641025641025641,0.39195979899497485,0.5714285714285714,0.5591397849462365,0.5641025641025641,0.39195979899497485,0.5714285714285714,0.5591397849462365,0.0,0.0,0.0,0.0
bull_to_neutral,0.2,0.95,10.0,0.0,0,156,156,0.5641025641025641,0.39195979899497485,0.5714285714285714,0.5591397849462365,0.5641025641025641,0.39195979899497485,0.5714285714285714,0.5591397849462365,0.0,0.0,0.0,0.0
bull_to_bear,0.2,0.95,10.0,0.0,0,156,156,0.5641025641025641,0.39195979899497485,0.5714285714285714,0.5591397849462365,0.5641025641025641,0.39195979899497485,0.5714285714285714,0.5591397849462365,0.0,0.0,0.0,0.0
bull_to_neutral,0.2,0.95,10.0,-0.05,0,156,156,0.5641025641025641,0.39195979899497485,0.5714285714285714,0.5591397849462365,0.5641025641025641,0.39195979899497485,0.5714285714285714,0.5591397849462365,0.0,0.0,0.0,0.0
bull_to_bear,0.2,0.95,10.0,-0.05,0,156,156,0.5641025641025641,0.39195979899497485,0.5714285714285714,0.5591397849462365,0.5641025641025641,0.39195979899497485,0.5714285714285714,0.5591397849462365,0.0,0.0,0.0,0.0
bull_to_neutral,0.2,0.95,10.0,-0.1,0,156,156,0.5641025641025641,0.39195979899497485,0.5714285714285714,0.5591397849462365,0.5641025641025641,0.39195979899497485,0.5714285714285714,0.5591397849462365,0.0,0.0,0.0,0.0
bull_to_bear,0.2,0.95,10.0,-0.1,0,156,156,0.5641025641025641,0.39195979899497485,0.5714285714285714,0.5591397849462365,0.5641025641025641,0.39195979899497485,0.5714285714285714,0.5591397849462365,0.0,0.0,0.0,0.0
bull_to_neutral,0.2,0.95,15.0,,0,156,156,0.5641025641025641,0.39195979899497485,0.5714285714285714,0.5591397849462365,0.5641025641025641,0.39195979899497485,0.5714285714285714,0.5591397849462365,0.0,0.0,0.0,0.0
bull_to_bear,0.2,0.95,15.0,,0,156,156,0.5641025641025641,0.39195979899497485,0.5714285714285714,0.5591397849462365,0.5641025641025641,0.39195979899497485,0.5714285714285714,0.5591397849462365,0.0,0.0,0.0,0.0
bull_to_neutral,0.2,0.95,15.0,0.0,0,156,156,0.5641025641025641,0.39195979899497485,0.5714285714285714,0.5591397849462365,0.5641025641025641,0.39195979899497485,0.5714285714285714,0.5591397849462365,0.0,0.0,0.0,0.0
bull_to_bear,0.2,0.95,15.0,0.0,0,156,156,0.5641025641025641,0.39195979899497485,0.5714285714285714,0.5591397849462365,0.5641025641025641,0.39195979899497485,0.5714285714285714,0.5591397849462365,0.0,0.0,0.0,0.0
bull_to_neutral,0.2,0.95,15.0,-0.05,0,156,156,0.5641025641025641,0.39195979899497485,0.5714285714285714,0.5591397849462365,0.5641025641025641,0.39195979899497485,0.5714285714285714,0.5591397849462365,0.0,0.0,0.0,0.0
bull_to_bear,0.2,0.95,15.0,-0.05,0,156,156,0.5641025641025641,0.39195979899497485,0.5714285714285714,0.5591397849462365,0.5641025641025641,0.39195979899497485,0.5714285714285714,0.5591397849462365,0.0,0.0,0.0,0.0
bull_to_neutral,0.2,0.95,15.0,-0.1,0,156,156,0.5641025641025641,0.39195979899497485,0.5714285714285714,0.5591397849462365,0.5641025641025641,0.39195979899497485,0.5714285714285714,0.5591397849462365,0.0,0.0,0.0,0.0
bull_to_bear,0.2,0.95,15.0,-0.1,0,156,156,0.5641025641025641,0.39195979899497485,0.5714285714285714,0.5591397849462365,0.5641025641025641,0.39195979899497485,0.5714285714285714,0.5591397849462365,0.0,0.0,0.0,0.0
bull_to_neutral,0.2,0.93,,,0,156,156,0.5641025641025641,0.39195979899497485,0.5714285714285714,0.5591397849462365,0.5641025641025641,0.39195979899497485,0.5714285714285714,0.5591397849462365,0.0,0.0,0.0,0.0
bull_to_bear,0.2,0.93,,,0,156,156,0.5641025641025641,0.39195979899497485,0.5714285714285714,0.5591397849462365,0.5641025641025641,0.39195979899497485,0.5714285714285714,0.5591397849462365,0.0,0.0,0.0,0.0
bull_to_neutral,0.2,0.93,,0.0,0,156,156,0.5641025641025641,0.39195979899497485,0.5714285714285714,0.5591397849462365,0.5641025641025641,0.39195979899497485,0.5714285714285714,0.5591397849462365,0.0,0.0,0.0,0.0
bull_to_bear,0.2,0.93,,0.0,0,156,156,0.5641025641025641,0.39195979899497485,0.5714285714285714,0.5591397849462365,0.5641025641025641,0.39195979899497485,0.5714285714285714,0.5591397849462365,0.0,0.0,0.0,0.0
bull_to_neutral,0.2,0.93,,-0.05,0,156,156,0.5641025641025641,0.39195979899497485,0.5714285714285714,0.5591397849462365,0.5641025641025641,0.39195979899497485,0.5714285714285714,0.5591397849462365,0.0,0.0,0.0,0.0
bull_to_bear,0.2,0.93,,-0.05,0,156,156,0.5641025641025641,0.39195979899497485,0.5714285714285714,0.5591397849462365,0.5641025641025641,0.39195979899497485,0.5714285714285714,0.5591397849462365,0.0,0.0,0.0,0.0
bull_to_neutral,0.2,0.93,,-0.1,0,156,156,0.5641025641025641,0.39195979899497485,0.5714285714285714,0.5591397849462365,0.5641025641025641,0.39195979899497485,0.5714285714285714,0.5591397849462365,0.0,0.0,0.0,0.0
bull_to_bear,0.2,0.93,,-0.1,0,156,156,0.5641025641025641,0.39195979899497485,0.5714285714285714,0.5591397849462365,0.5641025641025641,0.39195979899497485,0.5714285714285714,0.5591397849462365,0.0,0.0,0.0,0.0
bull_to_neutral,0.2,0.93,0.0,,0,156,156,0.5641025641025641,0.39195979899497485,0.5714285714285714,0.5591397849462365,0.5641025641025641,0.39195979899497485,0.5714285714285714,0.5591397849462365,0.0,0.0,0.0,0.0
bull_to_bear,0.2,0.93,0.0,,0,156,156,0.5641025641025641,0.39195979899497485,0.5714285714285714,0.5591397849462365,0.5641025641025641,0.39195979899497485,0.5714285714285714,0.5591397849462365,0.0,0.0,0.0,0.0
bull_to_neutral,0.2,0.93,0.0,0.0,0,156,156,0.5641025641025641,0.39195979899497485,0.5714285714285714,0.5591397849462365,0.5641025641025641,0.39195979899497485,0.5714285714285714,0.5591397849462365,0.0,0.0,0.0,0.0
bull_to_bear,0.2,0.93,0.0,0.0,0,156,156,0.5641025641025641,0.39195979899497485,0.5714285714285714,0.5591397849462365,0.5641025641025641,0.39195979899497485,0.5714285714285714,0.5591397849462365,0.0,0.0,0.0,0.0
bull_to_neutral,0.2,0.93,0.0,-0.05,0,156,156,0.5641025641025641,0.39195979899497485,0.5714285714285714,0.5591397849462365,0.5641025641025641,0.39195979899497485,0.5714285714285714,0.5591397849462365,0.0,0.0,0.0,0.0
bull_to_bear,0.2,0.93,0.0,-0.05,0,156,156,0.5641025641025641,0.39195979899497485,0.5714285714285714,0.5591397849462365,0.5641025641025641,0.39195979899497485,0.5714285714285714,0.5591397849462365,0.0,0.0,0.0,0.0
bull_to_neutral,0.2,0.93,0.0,-0.1,0,156,156,0.5641025641025641,0.39195979899497485,0.5714285714285714,0.5591397849462365,0.5641025641025641,0.39195979899497485,0.5714285714285714,0.5591397849462365,0.0,0.0,0.0,0.0
bull_to_bear,0.2,0.93,0.0,-0.1,0,156,156,0.5641025641025641,0.39195979899497485,0.5714285714285714,0.5591397849462365,0.5641025641025641,0.39195979899497485,0.5714285714285714,0.5591397849462365,0.0,0.0,0.0,0.0
bull_to_neutral,0.2,0.93,5.0,,0,156,156,0.5641025641025641,0.39195979899497485,0.5714285714285714,0.5591397849462365,0.5641025641025641,0.39195979899497485,0.5714285714285714,0.5591397849462365,0.0,0.0,0.0,0.0
bull_to_bear,0.2,0.93,5.0,,0,156,156,0.5641025641025641,0.39195979899497485,0.5714285714285714,0.5591397849462365,0.5641025641025641,0.39195979899497485,0.5714285714285714,0.5591397849462365,0.0,0.0,0.0,0.0
bull_to_neutral,0.2,0.93,5.0,0.0,0,156,156,0.5641025641025641,0.39195979899497485,0.5714285714285714,0.5591397849462365,0.5641025641025641,0.39195979899497485,0.5714285714285714,0.5591397849462365,0.0,0.0,0.0,0.0
bull_to_bear,0.2,0.93,5.0,0.0,0,156,156,0.5641025641025641,0.39195979899497485,0.5714285714285714,0.5591397849462365,0.5641025641025641,0.39195979899497485,0.5714285714285714,0.5591397849462365,0.0,0.0,0.0,0.0
bull_to_neutral,0.2,0.93,5.0,-0.05,0,156,156,0.5641025641025641,0.39195979899497485,0.5714285714285714,0.5591397849462365,0.5641025641025641,0.39195979899497485,0.5714285714285714,0.5591397849462365,0.0,0.0,0.0,0.0
bull_to_bear,0.2,0.93,5.0,-0.05,0,156,156,0.5641025641025641,0.39195979899497485,0.5714285714285714,0.5591397849462365,0.5641025641025641,0.39195979899497485,0.5714285714285714,0.5591397849462365,0.0,0.0,0.0,0.0
bull_to_neutral,0.2,0.93,5.0,-0.1,0,156,156,0.5641025641025641,0.39195979899497485,0.5714285714285714,0.5591397849462365,0.5641025641025641,0.39195979899497485,0.5714285714285714,0.5591397849462365,0.0,0.0,0.0,0.0
bull_to_bear,0.2,0.93,5.0,-0.1,0,156,156,0.5641025641025641,0.39195979899497485,0.5714285714285714,0.5591397849462365,0.5641025641025641,0.39195979899497485,0.5714285714285714,0.5591397849462365,0.0,0.0,0.0,0.0
bull_to_neutral,0.2,0.93,10.0,,0,156,156,0.5641025641025641,0.39195979899497485,0.5714285714285714,0.5591397849462365,0.5641025641025641,0.39195979899497485,0.5714285714285714,0.5591397849462365,0.0,0.0,0.0,0.0
bull_to_bear,0.2,0.93,10.0,,0,156,156,0.5641025641025641,0.39195979899497485,0.5714285714285714,0.5591397849462365,0.5641025641025641,0.39195979899497485,0.5714285714285714,0.5591397849462365,0.0,0.0,0.0,0.0
bull_to_neutral,0.2,0.93,10.0,0.0,0,156,156,0.5641025641025641,0.39195979899497485,0.5714285714285714,0.5591397849462365,0.5641025641025641,0.39195979899497485,0.5714285714285714,0.5591397849462365,0.0,0.0,0.0,0.0
bull_to_bear,0.2,0.93,10.0,0.0,0,156,156,0.5641025641025641,0.39195979899497485,0.5714285714285714,0.5591397849462365,0.5641025641025641,0.39195979899497485,0.5714285714285714,0.5591397849462365,0.0,0.0,0.0,0.0
bull_to_neutral,0.2,0.93,10.0,-0.05,0,156,156,0.5641025641025641,0.39195979899497485,0.5714285714285714,0.5591397849462365,0.5641025641025641,0.39195979899497485,0.5714285714285714,0.5591397849462365,0.0,0.0,0.0,0.0
bull_to_bear,0.2,0.93,10.0,-0.05,0,156,156,0.5641025641025641,0.39195979899497485,0.5714285714285714,0.5591397849462365,0.5641025641025641,0.39195979899497485,0.5714285714285714,0.5591397849462365,0.0,0.0,0.0,0.0
bull_to_neutral,0.2,0.93,10.0,-0.1,0,156,156,0.5641025641025641,0.39195979899497485,0.5714285714285714,0.5591397849462365,0.5641025641025641,0.39195979899497485,0.5714285714285714,0.5591397849462365,0.0,0.0,0.0,0.0
bull_to_bear,0.2,0.93,10.0,-0.1,0,156,156,0.5641025641025641,0.39195979899497485,0.5714285714285714,0.5591397849462365,0.5641025641025641,0.39195979899497485,0.5714285714285714,0.5591397849462365,0.0,0.0,0.0,0.0
bull_to_neutral,0.2,0.93,15.0,,0,156,156,0.5641025641025641,0.39195979899497485,0.5714285714285714,0.5591397849462365,0.5641025641025641,0.39195979899497485,0.5714285714285714,0.5591397849462365,0.0,0.0,0.0,0.0
bull_to_bear,0.2,0.93,15.0,,0,156,156,0.5641025641025641,0.39195979899497485,0.5714285714285714,0.5591397849462365,0.5641025641025641,0.39195979899497485,0.5714285714285714,0.5591397849462365,0.0,0.0,0.0,0.0
bull_to_neutral,0.2,0.93,15.0,0.0,0,156,156,0.5641025641025641,0.39195979899497485,0.5714285714285714,0.5591397849462365,0.5641025641025641,0.39195979899497485,0.5714285714285714,0.5591397849462365,0.0,0.0,0.0,0.0
bull_to_bear,0.2,0.93,15.0,0.0,0,156,156,0.5641025641025641,0.39195979899497485,0.5714285714285714,0.5591397849462365,0.5641025641025641,0.39195979899497485,0.5714285714285714,0.5591397849462365,0.0,0.0,0.0,0.0
bull_to_neutral,0.2,0.93,15.0,-0.05,0,156,156,0.5641025641025641,0.39195979899497485,0.5714285714285714,0.5591397849462365,0.5641025641025641,0.39195979899497485,0.5714285714285714,0.5591397849462365,0.0,0.0,0.0,0.0
bull_to_bear,0.2,0.93,15.0,-0.05,0,156,156,0.5641025641025641,0.39195979899497485,0.5714285714285714,0.5591397849462365,0.5641025641025641,0.39195979899497485,0.5714285714285714,0.5591397849462365,0.0,0.0,0.0,0.0
bull_to_neutral,0.2,0.93,15.0,-0.1,0,156,156,0.5641025641025641,0.39195979899497485,0.5714285714285714,0.5591397849462365,0.5641025641025641,0.39195979899497485,0.5714285714285714,0.5591397849462365,0.0,0.0,0.0,0.0
bull_to_bear,0.2,0.93,15.0,-0.1,0,156,156,0.5641025641025641,0.39195979899497485,0.5714285714285714,0.5591397849462365,0.5641025641025641,0.39195979899497485,0.5714285714285714,0.5591397849462365,0.0,0.0,0.0,0.0
bull_to_neutral,0.2,0.9,,,0,156,156,0.5641025641025641,0.39195979899497485,0.5714285714285714,0.5591397849462365,0.5641025641025641,0.39195979899497485,0.5714285714285714,0.5591397849462365,0.0,0.0,0.0,0.0
bull_to_bear,0.2,0.9,,,0,156,156,0.5641025641025641,0.39195979899497485,0.5714285714285714,0.5591397849462365,0.5641025641025641,0.39195979899497485,0.5714285714285714,0.5591397849462365,0.0,0.0,0.0,0.0
bull_to_neutral,0.2,0.9,,0.0,0,156,156,0.5641025641025641,0.39195979899497485,0.5714285714285714,0.5591397849462365,0.5641025641025641,0.39195979899497485,0.5714285714285714,0.5591397849462365,0.0,0.0,0.0,0.0
bull_to_bear,0.2,0.9,,0.0,0,156,156,0.5641025641025641,0.39195979899497485,0.5714285714285714,0.5591397849462365,0.5641025641025641,0.39195979899497485,0.5714285714285714,0.5591397849462365,0.0,0.0,0.0,0.0
bull_to_neutral,0.2,0.9,,-0.05,0,156,156,0.5641025641025641,0.39195979899497485,0.5714285714285714,0.5591397849462365,0.5641025641025641,0.39195979899497485,0.5714285714285714,0.5591397849462365,0.0,0.0,0.0,0.0
bull_to_bear,0.2,0.9,,-0.05,0,156,156,0.5641025641025641,0.39195979899497485,0.5714285714285714,0.5591397849462365,0.5641025641025641,0.39195979899497485,0.5714285714285714,0.5591397849462365,0.0,0.0,0.0,0.0
bull_to_neutral,0.2,0.9,,-0.1,0,156,156,0.5641025641025641,0.39195979899497485,0.5714285714285714,0.5591397849462365,0.5641025641025641,0.39195979899497485,0.5714285714285714,0.5591397849462365,0.0,0.0,0.0,0.0
bull_to_bear,0.2,0.9,,-0.1,0,156,156,0.5641025641025641,0.39195979899497485,0.5714285714285714,0.5591397849462365,0.5641025641025641,0.39195979899497485,0.5714285714285714,0.5591397849462365,0.0,0.0,0.0,0.0
bull_to_neutral,0.2,0.9,0.0,,0,156,156,0.5641025641025641,0.39195979899497485,0.5714285714285714,0.5591397849462365,0.5641025641025641,0.39195979899497485,0.5714285714285714,0.5591397849462365,0.0,0.0,0.0,0.0
bull_to_bear,0.2,0.9,0.0,,0,156,156,0.5641025641025641,0.39195979899497485,0.5714285714285714,0.5591397849462365,0.5641025641025641,0.39195979899497485,0.5714285714285714,0.5591397849462365,0.0,0.0,0.0,0.0
bull_to_neutral,0.2,0.9,0.0,0.0,0,156,156,0.5641025641025641,0.39195979899497485,0.5714285714285714,0.5591397849462365,0.5641025641025641,0.39195979899497485,0.5714285714285714,0.5591397849462365,0.0,0.0,0.0,0.0
bull_to_bear,0.2,0.9,0.0,0.0,0,156,156,0.5641025641025641,0.39195979899497485,0.5714285714285714,0.5591397849462365,0.5641025641025641,0.39195979899497485,0.5714285714285714,0.5591397849462365,0.0,0.0,0.0,0.0
bull_to_neutral,0.2,0.9,0.0,-0.05,0,156,156,0.5641025641025641,0.39195979899497485,0.5714285714285714,0.5591397849462365,0.5641025641025641,0.39195979899497485,0.5714285714285714,0.5591397849462365,0.0,0.0,0.0,0.0
bull_to_bear,0.2,0.9,0.0,-0.05,0,156,156,0.5641025641025641,0.39195979899497485,0.5714285714285714,0.5591397849462365,0.5641025641025641,0.39195979899497485,0.5714285714285714,0.5591397849462365,0.0,0.0,0.0,0.0
bull_to_neutral,0.2,0.9,0.0,-0.1,0,156,156,0.5641025641025641,0.39195979899497485,0.5714285714285714,0.5591397849462365,0.5641025641025641,0.39195979899497485,0.5714285714285714,0.5591397849462365,0.0,0.0,0.0,0.0
bull_to_bear,0.2,0.9,0.0,-0.1,0,156,156,0.5641025641025641,0.39195979899497485,0.5714285714285714,0.5591397849462365,0.5641025641025641,0.39195979899497485,0.5714285714285714,0.5591397849462365,0.0,0.0,0.0,0.0
bull_to_neutral,0.2,0.9,5.0,,0,156,156,0.5641025641025641,0.39195979899497485,0.5714285714285714,0.5591397849462365,0.5641025641025641,0.39195979899497485,0.5714285714285714,0.5591397849462365,0.0,0.0,0.0,0.0
bull_to_bear,0.2,0.9,5.0,,0,156,156,0.5641025641025641,0.39195979899497485,0.5714285714285714,0.5591397849462365,0.5641025641025641,0.39195979899497485,0.5714285714285714,0.5591397849462365,0.0,0.0,0.0,0.0
bull_to_neutral,0.2,0.9,5.0,0.0,0,156,156,0.5641025641025641,0.39195979899497485,0.5714285714285714,0.5591397849462365,0.5641025641025641,0.39195979899497485,0.5714285714285714,0.5591397849462365,0.0,0.0,0.0,0.0
bull_to_bear,0.2,0.9,5.0,0.0,0,156,156,0.5641025641025641,0.39195979899497485,0.5714285714285714,0.5591397849462365,0.5641025641025641,0.39195979899497485,0.5714285714285714,0.5591397849462365,0.0,0.0,0.0,0.0
bull_to_neutral,0.2,0.9,5.0,-0.05,0,156,156,0.5641025641025641,0.39195979899497485,0.5714285714285714,0.5591397849462365,0.5641025641025641,0.39195979899497485,0.5714285714285714,0.5591397849462365,0.0,0.0,0.0,0.0
bull_to_bear,0.2,0.9,5.0,-0.05,0,156,156,0.5641025641025641,0.39195979899497485,0.5714285714285714,0.5591397849462365,0.5641025641025641,0.39195979899497485,0.5714285714285714,0.5591397849462365,0.0,0.0,0.0,0.0
bull_to_neutral,0.2,0.9,5.0,-0.1,0,156,156,0.5641025641025641,0.39195979899497485,0.5714285714285714,0.5591397849462365,0.5641025641025641,0.39195979899497485,0.5714285714285714,0.5591397849462365,0.0,0.0,0.0,0.0
bull_to_bear,0.2,0.9,5.0,-0.1,0,156,156,0.5641025641025641,0.39195979899497485,0.5714285714285714,0.5591397849462365,0.5641025641025641,0.39195979899497485,0.5714285714285714,0.5591397849462365,0.0,0.0,0.0,0.0
bull_to_neutral,0.2,0.9,10.0,,0,156,156,0.5641025641025641,0.39195979899497485,0.5714285714285714,0.5591397849462365,0.5641025641025641,0.39195979899497485,0.5714285714285714,0.5591397849462365,0.0,0.0,0.0,0.0
bull_to_bear,0.2,0.9,10.0,,0,156,156,0.5641025641025641,0.39195979899497485,0.5714285714285714,0.5591397849462365,0.5641025641025641,0.39195979899497485,0.5714285714285714,0.5591397849462365,0.0,0.0,0.0,0.0
bull_to_neutral,0.2,0.9,10.0,0.0,0,156,156,0.5641025641025641,0.39195979899497485,0.5714285714285714,0.5591397849462365,0.5641025641025641,0.39195979899497485,0.5714285714285714,0.5591397849462365,0.0,0.0,0.0,0.0
bull_to_bear,0.2,0.9,10.0,0.0,0,156,156,0.5641025641025641,0.39195979899497485,0.5714285714285714,0.5591397849462365,0.5641025641025641,0.39195979899497485,0.5714285714285714,0.5591397849462365,0.0,0.0,0.0,0.0
bull_to_neutral,0.2,0.9,10.0,-0.05,0,156,156,0.5641025641025641,0.39195979899497485,0.5714285714285714,0.5591397849462365,0.5641025641025641,0.39195979899497485,0.5714285714285714,0.5591397849462365,0.0,0.0,0.0,0.0
bull_to_bear,0.2,0.9,10.0,-0.05,0,156,156,0.5641025641025641,0.39195979899497485,0.5714285714285714,0.5591397849462365,0.5641025641025641,0.39195979899497485,0.5714285714285714,0.5591397849462365,0.0,0.0,0.0,0.0
bull_to_neutral,0.2,0.9,10.0,-0.1,0,156,156,0.5641025641025641,0.39195979899497485,0.5714285714285714,0.5591397849462365,0.5641025641025641,0.39195979899497485,0.5714285714285714,0.5591397849462365,0.0,0.0,0.0,0.0
bull_to_bear,0.2,0.9,10.0,-0.1,0,156,156,0.5641025641025641,0.39195979899497485,0.5714285714285714,0.5591397849462365,0.5641025641025641,0.39195979899497485,0.5714285714285714,0.5591397849462365,0.0,0.0,0.0,0.0
bull_to_neutral,0.2,0.9,15.0,,0,156,156,0.5641025641025641,0.39195979899497485,0.5714285714285714,0.5591397849462365,0.5641025641025641,0.39195979899497485,0.5714285714285714,0.5591397849462365,0.0,0.0,0.0,0.0
bull_to_bear,0.2,0.9,15.0,,0,156,156,0.5641025641025641,0.39195979899497485,0.5714285714285714,0.5591397849462365,0.5641025641025641,0.39195979899497485,0.5714285714285714,0.5591397849462365,0.0,0.0,0.0,0.0
bull_to_neutral,0.2,0.9,15.0,0.0,0,156,156,0.5641025641025641,0.39195979899497485,0.5714285714285714,0.5591397849462365,0.5641025641025641,0.39195979899497485,0.5714285714285714,0.5591397849462365,0.0,0.0,0.0,0.0
bull_to_bear,0.2,0.9,15.0,0.0,0,156,156,0.5641025641025641,0.39195979899497485,0.5714285714285714,0.5591397849462365,0.5641025641025641,0.39195979899497485,0.5714285714285714,0.5591397849462365,0.0,0.0,0.0,0.0
bull_to_neutral,0.2,0.9,15.0,-0.05,0,156,156,0.5641025641025641,0.39195979899497485,0.5714285714285714,0.5591397849462365,0.5641025641025641,0.39195979899497485,0.5714285714285714,0.5591397849462365,0.0,0.0,0.0,0.0
bull_to_bear,0.2,0.9,15.0,-0.05,0,156,156,0.5641025641025641,0.39195979899497485,0.5714285714285714,0.5591397849462365,0.5641025641025641,0.39195979899497485,0.5714285714285714,0.5591397849462365,0.0,0.0,0.0,0.0
bull_to_neutral,0.2,0.9,15.0,-0.1,0,156,156,0.5641025641025641,0.39195979899497485,0.5714285714285714,0.5591397849462365,0.5641025641025641,0.39195979899497485,0.5714285714285714,0.5591397849462365,0.0,0.0,0.0,0.0
bull_to_bear,0.2,0.9,15.0,-0.1,0,156,156,0.5641025641025641,0.39195979899497485,0.5714285714285714,0.5591397849462365,0.5641025641025641,0.39195979899497485,0.5714285714285714,0.5591397849462365,0.0,0.0,0.0,0.0
bull_to_neutral,0.22,1.0,,,6,150,156,0.5641025641025641,0.39195979899497485,0.5714285714285714,0.5591397849462365,0.5733333333333334,0.3768844221105528,0.5964912280701754,0.5591397849462365,0.009230769230769265,-0.015075376884422065,0.02506265664160401,0.0
bull_to_bear,0.22,1.0,,,6,156,156,0.5641025641025641,0.39195979899497485,0.5714285714285714,0.5591397849462365,0.5769230769230769,0.39195979899497485,0.5964912280701754,0.5656565656565656,0.012820512820512775,0.0,0.02506265664160401,0.006516780710329129
bull_to_neutral,0.22,1.0,,0.0,5,151,156,0.5641025641025641,0.39195979899497485,0.5714285714285714,0.5591397849462365,0.5695364238410596,0.3793969849246231,0.5862068965517241,0.5591397849462365,0.005433859738495528,-0.012562814070351758,0.014778325123152691,0.0
bull_to_bear,0.22,1.0,,0.0,5,156,156,0.5641025641025641,0.39195979899497485,0.5714285714285714,0.5591397849462365,0.5705128205128205,0.39195979899497485,0.5862068965517241,0.5612244897959183,0.0064102564102563875,0.0,0.014778325123152691,0.0020847048496818177
bull_to_neutral,0.22,1.0,,-0.05,4,152,156,0.5641025641025641,0.39195979899497485,0.5714285714285714,0.5591397849462365,0.5657894736842105,0.38190954773869346,0.576271186440678,0.5591397849462365,0.001686909581646412,-0.010050251256281395,0.004842615012106588,0.0
bull_to_bear,0.22,1.0,,-0.05,4,156,156,0.5641025641025641,0.39195979899497485,0.5714285714285714,0.5591397849462365,0.5641025641025641,0.39195979899497485,0.576271186440678,0.5567010309278351,0.0,0.0,0.004842615012106588,-0.0024387540184014345
bull_to_neutral,0.22,1.0,,-0.1,4,152,156,0.5641025641025641,0.39195979899497485,0.5714285714285714,0.5591397849462365,0.5657894736842105,0.38190954773869346,0.576271186440678,0.5591397849462365,0.001686909581646412,-0.010050251256281395,0.004842615012106588,0.0
bull_to_bear,0.22,1.0,,-0.1,4,156,156,0.5641025641025641,0.39195979899497485,0.5714285714285714,0.5591397849462365,0.5641025641025641,0.39195979899497485,0.576271186440678,0.5567010309278351,0.0,0.0,0.004842615012106588,-0.0024387540184014345
bull_to_neutral,0.22,1.0,0.0,,2,154,156,0.5641025641025641,0.39195979899497485,0.5714285714285714,0.5591397849462365,0.564935064935065,0.3869346733668342,0.5737704918032787,0.5591397849462365,0.0008325008325008598,-0.00502512562814067,0.0023419203747072626,0.0
bull_to_bear,0.22,1.0,0.0,,2,156,156,0.5641025641025641,0.39195979899497485,0.5714285714285714,0.5591397849462365,0.5641025641025641,0.39195979899497485,0.5737704918032787,0.5578947368421052,0.0,0.0,0.0023419203747072626,-0.0012450481041312855
bull_to_neutral,0.22,1.0,0.0,0.0,2,154,156,0.5641025641025641,0.39195979899497485,0.5714285714285714,0.5591397849462365,0.564935064935065,0.3869346733668342,0.5737704918032787,0.5591397849462365,0.0008325008325008598,-0.00502512562814067,0.0023419203747072626,0.0
bull_to_bear,0.22,1.0,0.0,0.0,2,156,156,0.5641025641025641,0.39195979899497485,0.5714285714285714,0.5591397849462365,0.5641025641025641,0.39195979899497485,0.5737704918032787,0.5578947368421052,0.0,0.0,0.0023419203747072626,-0.0012450481041312855
bull_to_neutral,0.22,1.0,0.0,-0.05,2,154,156,0.5641025641025641,0.39195979899497485,0.5714285714285714,0.5591397849462365,0.564935064935065,0.3869346733668342,0.5737704918032787,0.5591397849462365,0.0008325008325008598,-0.00502512562814067,0.0023419203747072626,0.0
bull_to_bear,0.22,1.0,0.0,-0.05,2,156,156,0.5641025641025641,0.39195979899497485,0.5714285714285714,0.5591397849462365,0.5641025641025641,0.39195979899497485,0.5737704918032787,0.5578947368421052,0.0,0.0,0.0023419203747072626,-0.0012450481041312855
bull_to_neutral,0.22,1.0,0.0,-0.1,2,154,156,0.5641025641025641,0.39195979899497485,0.5714285714285714,0.5591397849462365,0.564935064935065,0.3869346733668342,0.5737704918032787,0.5591397849462365,0.0008325008325008598,-0.00502512562814067,0.0023419203747072626,0.0
bull_to_bear,0.22,1.0,0.0,-0.1,2,156,156,0.5641025641025641,0.39195979899497485,0.5714285714285714,0.5591397849462365,0.5641025641025641,0.39195979899497485,0.5737704918032787,0.5578947368421052,0.0,0.0,0.0023419203747072626,-0.0012450481041312855
bull_to_neutral,0.22,1.0,5.0,,2,154,156,0.5641025641025641,0.39195979899497485,0.5714285714285714,0.5591397849462365,0.564935064935065,0.3869346733668342,0.5737704918032787,0.5591397849462365,0.0008325008325008598,-0.00502512562814067,0.0023419203747072626,0.0
bull_to_bear,0.22,1.0,5.0,,2,156,156,0.5641025641025641,0.39195979899497485,0.5714285714285714,0.5591397849462365,0.5641025641025641,0.39195979899497485,0.5737704918032787,0.5578947368421052,0.0,0.0,0.0023419203747072626,-0.0012450481041312855
bull_to_neutral,0.22,1.0,5.0,0.0,2,154,156,0.5641025641025641,0.39195979899497485,0.5714285714285714,0.5591397849462365,0.564935064935065,0.3869346733668342,0.5737704918032787,0.5591397849462365,0.0008325008325008598,-0.00502512562814067,0.0023419203747072626,0.0
bull_to_bear,0.22,1.0,5.0,0.0,2,156,156,0.5641025641025641,0.39195979899497485,0.5714285714285714,0.5591397849462365,0.5641025641025641,0.39195979899497485,0.5737704918032787,0.5578947368421052,0.0,0.0,0.0023419203747072626,-0.0012450481041312855
bull_to_neutral,0.22,1.0,5.0,-0.05,2,154,156,0.5641025641025641,0.39195979899497485,0.5714285714285714,0.5591397849462365,0.564935064935065,0.3869346733668342,0.5737704918032787,0.5591397849462365,0.0008325008325008598,-0.00502512562814067,0.0023419203747072626,0.0
bull_to_bear,0.22,1.0,5.0,-0.05,2,156,156,0.5641025641025641,0.39195979899497485,0.5714285714285714,0.5591397849462365,0.5641025641025641,0.39195979899497485,0.5737704918032787,0.5578947368421052,0.0,0.0,0.0023419203747072626,-0.0012450481041312855
bull_to_neutral,0.22,1.0,5.0,-0.1,2,154,156,0.5641025641025641,0.39195979899497485,0.5714285714285714,0.5591397849462365,0.564935064935065,0.3869346733668342,0.5737704918032787,0.5591397849462365,0.0008325008325008598,-0.00502512562814067,0.0023419203747072626,0.0
bull_to_bear,0.22,1.0,5.0,-0.1,2,156,156,0.5641025641025641,0.39195979899497485,0.5714285714285714,0.5591397849462365,0.5641025641025641,0.39195979899497485,0.5737704918032787,0.5578947368421052,0.0,0.0,0.0023419203747072626,-0.0012450481041312855
bull_to_neutral,0.22,1.0,10.0,,2,154,156,0.5641025641025641,0.39195979899497485,0.5714285714285714,0.5591397849462365,0.564935064935065,0.3869346733668342,0.5737704918032787,0.5591397849462365,0.0008325008325008598,-0.00502512562814067,0.0023419203747072626,0.0
bull_to_bear,0.22,1.0,10.0,,2,156,156,0.5641025641025641,0.39195979899497485,0.5714285714285714,0.5591397849462365,0.5641025641025641,0.39195979899497485,0.5737704918032787,0.5578947368421052,0.0,0.0,0.0023419203747072626,-0.0012450481041312855
bull_to_neutral,0.22,1.0,10.0,0.0,2,154,156,0.5641025641025641,0.39195979899497485,0.5714285714285714,0.5591397849462365,0.564935064935065,0.3869346733668342,0.5737704918032787,0.5591397849462365,0.0008325008325008598,-0.00502512562814067,0.0023419203747072626,0.0
bull_to_bear,0.22,1.0,10.0,0.0,2,156,156,0.5641025641025641,0.39195979899497485,0.5714285714285714,0.5591397849462365,0.5641025641025641,0.39195979899497485,0.5737704918032787,0.5578947368421052,0.0,0.0,0.0023419203747072626,-0.0012450481041312855
bull_to_neutral,0.22,1.0,10.0,-0.05,2,154,156,0.5641025641025641,0.39195979899497485,0.5714285714285714,0.5591397849462365,0.564935064935065,0.3869346733668342,0.5737704918032787,0.5591397849462365,0.0008325008325008598,-0.00502512562814067,0.0023419203747072626,0.0
bull_to_bear,0.22,1.0,10.0,-0.05,2,156,156,0.5641025641025641,0.39195979899497485,0.5714285714285714,0.5591397849462365,0.5641025641025641,0.39195979899497485,0.5737704918032787,0.5578947368421052,0.0,0.0,0.0023419203747072626,-0.0012450481041312855
bull_to_neutral,0.22,1.0,10.0,-0.1,2,154,156,0.5641025641025641,0.39195979899497485,0.5714285714285714,0.5591397849462365,0.564935064935065,0.3869346733668342,0.5737704918032787,0.5591397849462365,0.0008325008325008598,-0.00502512562814067,0.0023419203747072626,0.0
bull_to_bear,0.22,1.0,10.0,-0.1,2,156,156,0.5641025641025641,0.39195979899497485,0.5714285714285714,0.5591397849462365,0.5641025641025641,0.39195979899497485,0.5737704918032787,0.5578947368421052,0.0,0.0,0.0023419203747072626,-0.0012450481041312855
bull_to_neutral,0.22,1.0,15.0,,2,154,156,0.5641025641025641,0.39195979899497485,0.5714285714285714,0.5591397849462365,0.564935064935065,0.3869346733668342,0.5737704918032787,0.5591397849462365,0.0008325008325008598,-0.00502512562814067,0.0023419203747072626,0.0
bull_to_bear,0.22,1.0,15.0,,2,156,156,0.5641025641025641,0.39195979899497485,0.5714285714285714,0.5591397849462365,0.5641025641025641,0.39195979899497485,0.5737704918032787,0.5578947368421052,0.0,0.0,0.0023419203747072626,-0.0012450481041312855
bull_to_neutral,0.22,1.0,15.0,0.0,2,154,156,0.5641025641025641,0.39195979899497485,0.5714285714285714,0.5591397849462365,0.564935064935065,0.3869346733668342,0.5737704918032787,0.5591397849462365,0.0008325008325008598,-0.00502512562814067,0.0023419203747072626,0.0
bull_to_bear,0.22,1.0,15.0,0.0,2,156,156,0.5641025641025641,0.39195979899497485,0.5714285714285714,0.5591397849462365,0.5641025641025641,0.39195979899497485,0.5737704918032787,0.5578947368421052,0.0,0.0,0.0023419203747072626,-0.0012450481041312855
bull_to_neutral,0.22,1.0,15.0,-0.05,2,154,156,0.5641025641025641,0.39195979899497485,0.5714285714285714,0.5591397849462365,0.564935064935065,0.3869346733668342,0.5737704918032787,0.5591397849462365,0.0008325008325008598,-0.00502512562814067,0.0023419203747072626,0.0
bull_to_bear,0.22,1.0,15.0,-0.05,2,156,156,0.5641025641025641,0.39195979899497485,0.5714285714285714,0.5591397849462365,0.5641025641025641,0.39195979899497485,0.5737704918032787,0.5578947368421052,0.0,0.0,0.0023419203747072626,-0.0012450481041312855
bull_to_neutral,0.22,1.0,15.0,-0.1,2,154,156,0.5641025641025641,0.39195979899497485,0.5714285714285714,0.5591397849462365,0.564935064935065,0.3869346733668342,0.5737704918032787,0.5591397849462365,0.0008325008325008598,-0.00502512562814067,0.0023419203747072626,0.0
bull_to_bear,0.22,1.0,15.0,-0.1,2,156,156,0.5641025641025641,0.39195979899497485,0.5714285714285714,0.5591397849462365,0.5641025641025641,0.39195979899497485,0.5737704918032787,0.5578947368421052,0.0,0.0,0.0023419203747072626,-0.0012450481041312855
bull_to_neutral,0.22,0.99,,,0,156,156,0.5641025641025641,0.39195979899497485,0.5714285714285714,0.5591397849462365,0.5641025641025641,0.39195979899497485,0.5714285714285714,0.5591397849462365,0.0,0.0,0.0,0.0
bull_to_bear,0.22,0.99,,,0,156,156,0.5641025641025641,0.39195979899497485,0.5714285714285714,0.5591397849462365,0.5641025641025641,0.39195979899497485,0.5714285714285714,0.5591397849462365,0.0,0.0,0.0,0.0
bull_to_neutral,0.22,0.99,,0.0,0,156,156,0.5641025641025641,0.39195979899497485,0.5714285714285714,0.5591397849462365,0.5641025641025641,0.39195979899497485,0.5714285714285714,0.5591397849462365,0.0,0.0,0.0,0.0
bull_to_bear,0.22,0.99,,0.0,0,156,156,0.5641025641025641,0.39195979899497485,0.5714285714285714,0.5591397849462365,0.5641025641025641,0.39195979899497485,0.5714285714285714,0.5591397849462365,0.0,0.0,0.0,0.0
bull_to_neutral,0.22,0.99,,-0.05,0,156,156,0.5641025641025641,0.39195979899497485,0.5714285714285714,0.5591397849462365,0.5641025641025641,0.39195979899497485,0.5714285714285714,0.5591397849462365,0.0,0.0,0.0,0.0
bull_to_bear,0.22,0.99,,-0.05,0,156,156,0.5641025641025641,0.39195979899497485,0.5714285714285714,0.5591397849462365,0.5641025641025641,0.39195979899497485,0.5714285714285714,0.5591397849462365,0.0,0.0,0.0,0.0
bull_to_neutral,0.22,0.99,,-0.1,0,156,156,0.5641025641025641,0.39195979899497485,0.5714285714285714,0.5591397849462365,0.5641025641025641,0.39195979899497485,0.5714285714285714,0.5591397849462365,0.0,0.0,0.0,0.0
bull_to_bear,0.22,0.99,,-0.1,0,156,156,0.5641025641025641,0.39195979899497485,0.5714285714285714,0.5591397849462365,0.5641025641025641,0.39195979899497485,0.5714285714285714,0.5591397849462365,0.0,0.0,0.0,0.0
bull_to_neutral,0.22,0.99,0.0,,0,156,156,0.5641025641025641,0.39195979899497485,0.5714285714285714,0.5591397849462365,0.5641025641025641,0.39195979899497485,0.5714285714285714,0.5591397849462365,0.0,0.0,0.0,0.0
bull_to_bear,0.22,0.99,0.0,,0,156,156,0.5641025641025641,0.39195979899497485,0.5714285714285714,0.5591397849462365,0.5641025641025641,0.39195979899497485,0.5714285714285714,0.5591397849462365,0.0,0.0,0.0,0.0
bull_to_neutral,0.22,0.99,0.0,0.0,0,156,156,0.5641025641025641,0.39195979899497485,0.5714285714285714,0.5591397849462365,0.5641025641025641,0.39195979899497485,0.5714285714285714,0.5591397849462365,0.0,0.0,0.0,0.0
bull_to_bear,0.22,0.99,0.0,0.0,0,156,156,0.5641025641025641,0.39195979899497485,0.5714285714285714,0.5591397849462365,0.5641025641025641,0.39195979899497485,0.5714285714285714,0.5591397849462365,0.0,0.0,0.0,0.0
bull_to_neutral,0.22,0.99,0.0,-0.05,0,156,156,0.5641025641025641,0.39195979899497485,0.5714285714285714,0.5591397849462365,0.5641025641025641,0.39195979899497485,0.5714285714285714,0.5591397849462365,0.0,0.0,0.0,0.0
bull_to_bear,0.22,0.99,0.0,-0.05,0,156,156,0.5641025641025641,0.39195979899497485,0.5714285714285714,0.5591397849462365,0.5641025641025641,0.39195979899497485,0.5714285714285714,0.5591397849462365,0.0,0.0,0.0,0.0
bull_to_neutral,0.22,0.99,0.0,-0.1,0,156,156,0.5641025641025641,0.39195979899497485,0.5714285714285714,0.5591397849462365,0.5641025641025641,0.39195979899497485,0.5714285714285714,0.5591397849462365,0.0,0.0,0.0,0.0
bull_to_bear,0.22,0.99,0.0,-0.1,0,156,156,0.5641025641025641,0.39195979899497485,0.5714285714285714,0.5591397849462365,0.5641025641025641,0.39195979899497485,0.5714285714285714,0.5591397849462365,0.0,0.0,0.0,0.0
bull_to_neutral,0.22,0.99,5.0,,0,156,156,0.5641025641025641,0.39195979899497485,0.5714285714285714,0.5591397849462365,0.5641025641025641,0.39195979899497485,0.5714285714285714,0.5591397849462365,0.0,0.0,0.0,0.0
bull_to_bear,0.22,0.99,5.0,,0,156,156,0.5641025641025641,0.39195979899497485,0.5714285714285714,0.5591397849462365,0.5641025641025641,0.39195979899497485,0.5714285714285714,0.5591397849462365,0.0,0.0,0.0,0.0
bull_to_neutral,0.22,0.99,5.0,0.0,0,156,156,0.5641025641025641,0.39195979899497485,0.5714285714285714,0.5591397849462365,0.5641025641025641,0.39195979899497485,0.5714285714285714,0.5591397849462365,0.0,0.0,0.0,0.0
bull_to_bear,0.22,0.99,5.0,0.0,0,156,156,0.5641025641025641,0.39195979899497485,0.5714285714285714,0.5591397849462365,0.5641025641025641,0.39195979899497485,0.5714285714285714,0.5591397849462365,0.0,0.0,0.0,0.0
bull_to_neutral,0.22,0.99,5.0,-0.05,0,156,156,0.5641025641025641,0.39195979899497485,0.5714285714285714,0.5591397849462365,0.5641025641025641,0.39195979899497485,0.5714285714285714,0.5591397849462365,0.0,0.0,0.0,0.0
bull_to_bear,0.22,0.99,5.0,-0.05,0,156,156,0.5641025641025641,0.39195979899497485,0.5714285714285714,0.5591397849462365,0.5641025641025641,0.39195979899497485,0.5714285714285714,0.5591397849462365,0.0,0.0,0.0,0.0
bull_to_neutral,0.22,0.99,5.0,-0.1,0,156,156,0.5641025641025641,0.39195979899497485,0.5714285714285714,0.5591397849462365,0.5641025641025641,0.39195979899497485,0.5714285714285714,0.5591397849462365,0.0,0.0,0.0,0.0
bull_to_bear,0.22,0.99,5.0,-0.1,0,156,156,0.5641025641025641,0.39195979899497485,0.5714285714285714,0.5591397849462365,0.5641025641025641,0.39195979899497485,0.5714285714285714,0.5591397849462365,0.0,0.0,0.0,0.0
bull_to_neutral,0.22,0.99,10.0,,0,156,156,0.5641025641025641,0.39195979899497485,0.5714285714285714,0.5591397849462365,0.5641025641025641,0.39195979899497485,0.5714285714285714,0.5591397849462365,0.0,0.0,0.0,0.0
bull_to_bear,0.22,0.99,10.0,,0,156,156,0.5641025641025641,0.39195979899497485,0.5714285714285714,0.5591397849462365,0.5641025641025641,0.39195979899497485,0.5714285714285714,0.5591397849462365,0.0,0.0,0.0,0.0
bull_to_neutral,0.22,0.99,10.0,0.0,0,156,156,0.5641025641025641,0.39195979899497485,0.5714285714285714,0.5591397849462365,0.5641025641025641,0.39195979899497485,0.5714285714285714,0.5591397849462365,0.0,0.0,0.0,0.0
bull_to_bear,0.22,0.99,10.0,0.0,0,156,156,0.5641025641025641,0.39195979899497485,0.5714285714285714,0.5591397849462365,0.5641025641025641,0.39195979899497485,0.5714285714285714,0.5591397849462365,0.0,0.0,0.0,0.0
bull_to_neutral,0.22,0.99,10.0,-0.05,0,156,156,0.5641025641025641,0.39195979899497485,0.5714285714285714,0.5591397849462365,0.5641025641025641,0.39195979899497485,0.5714285714285714,0.5591397849462365,0.0,0.0,0.0,0.0
bull_to_bear,0.22,0.99,10.0,-0.05,0,156,156,0.5641025641025641,0.39195979899497485,0.5714285714285714,0.5591397849462365,0.5641025641025641,0.39195979899497485,0.5714285714285714,0.5591397849462365,0.0,0.0,0.0,0.0
bull_to_neutral,0.22,0.99,10.0,-0.1,0,156,156,0.5641025641025641,0.39195979899497485,0.5714285714285714,0.5591397849462365,0.5641025641025641,0.39195979899497485,0.5714285714285714,0.5591397849462365,0.0,0.0,0.0,0.0
bull_to_bear,0.22,0.99,10.0,-0.1,0,156,156,0.5641025641025641,0.39195979899497485,0.5714285714285714,0.5591397849462365,0.5641025641025641,0.39195979899497485,0.5714285714285714,0.5591397849462365,0.0,0.0,0.0,0.0
bull_to_neutral,0.22,0.99,15.0,,0,156,156,0.5641025641025641,0.39195979899497485,0.5714285714285714,0.5591397849462365,0.5641025641025641,0.39195979899497485,0.5714285714285714,0.5591397849462365,0.0,0.0,0.0,0.0
bull_to_bear,0.22,0.99,15.0,,0,156,156,0.5641025641025641,0.39195979899497485,0.5714285714285714,0.5591397849462365,0.5641025641025641,0.39195979899497485,0.5714285714285714,0.5591397849462365,0.0,0.0,0.0,0.0
bull_to_neutral,0.22,0.99,15.0,0.0,0,156,156,0.5641025641025641,0.39195979899497485,0.5714285714285714,0.5591397849462365,0.5641025641025641,0.39195979899497485,0.5714285714285714,0.5591397849462365,0.0,0.0,0.0,0.0
bull_to_bear,0.22,0.99,15.0,0.0,0,156,156,0.5641025641025641,0.39195979899497485,0.5714285714285714,0.5591397849462365,0.5641025641025641,0.39195979899497485,0.5714285714285714,0.5591397849462365,0.0,0.0,0.0,0.0
bull_to_neutral,0.22,0.99,15.0,-0.05,0,156,156,0.5641025641025641,0.39195979899497485,0.5714285714285714,0.5591397849462365,0.5641025641025641,0.39195979899497485,0.5714285714285714,0.5591397849462365,0.0,0.0,0.0,0.0
bull_to_bear,0.22,0.99,15.0,-0.05,0,156,156,0.5641025641025641,0.39195979899497485,0.5714285714285714,0.5591397849462365,0.5641025641025641,0.39195979899497485,0.5714285714285714,0.5591397849462365,0.0,0.0,0.0,0.0
bull_to_neutral,0.22,0.99,15.0,-0.1,0,156,156,0.5641025641025641,0.39195979899497485,0.5714285714285714,0.5591397849462365,0.5641025641025641,0.39195979899497485,0.5714285714285714,0.5591397849462365,0.0,0.0,0.0,0.0
bull_to_bear,0.22,0.99,15.0,-0.1,0,156,156,0.5641025641025641,0.39195979899497485,0.5714285714285714,0.5591397849462365,0.5641025641025641,0.39195979899497485,0.5714285714285714,0.5591397849462365,0.0,0.0,0.0,0.0
bull_to_neutral,0.22,0.98,,,0,156,156,0.5641025641025641,0.39195979899497485,0.5714285714285714,0.5591397849462365,0.5641025641025641,0.39195979899497485,0.5714285714285714,0.5591397849462365,0.0,0.0,0.0,0.0
bull_to_bear,0.22,0.98,,,0,156,156,0.5641025641025641,0.39195979899497485,0.5714285714285714,0.5591397849462365,0.5641025641025641,0.39195979899497485,0.5714285714285714,0.5591397849462365,0.0,0.0,0.0,0.0
bull_to_neutral,0.22,0.98,,0.0,0,156,156,0.5641025641025641,0.39195979899497485,0.5714285714285714,0.5591397849462365,0.5641025641025641,0.39195979899497485,0.5714285714285714,0.5591397849462365,0.0,0.0,0.0,0.0
bull_to_bear,0.22,0.98,,0.0,0,156,156,0.5641025641025641,0.39195979899497485,0.5714285714285714,0.5591397849462365,0.5641025641025641,0.39195979899497485,0.5714285714285714,0.5591397849462365,0.0,0.0,0.0,0.0
bull_to_neutral,0.22,0.98,,-0.05,0,156,156,0.5641025641025641,0.39195979899497485,0.5714285714285714,0.5591397849462365,0.5641025641025641,0.39195979899497485,0.5714285714285714,0.5591397849462365,0.0,0.0,0.0,0.0
bull_to_bear,0.22,0.98,,-0.05,0,156,156,0.5641025641025641,0.39195979899497485,0.5714285714285714,0.5591397849462365,0.5641025641025641,0.39195979899497485,0.5714285714285714,0.5591397849462365,0.0,0.0,0.0,0.0
bull_to_neutral,0.22,0.98,,-0.1,0,156,156,0.5641025641025641,0.39195979899497485,0.5714285714285714,0.5591397849462365,0.5641025641025641,0.39195979899497485,0.5714285714285714,0.5591397849462365,0.0,0.0,0.0,0.0
bull_to_bear,0.22,0.98,,-0.1,0,156,156,0.5641025641025641,0.39195979899497485,0.5714285714285714,0.5591397849462365,0.5641025641025641,0.39195979899497485,0.5714285714285714,0.5591397849462365,0.0,0.0,0.0,0.0
bull_to_neutral,0.22,0.98,0.0,,0,156,156,0.5641025641025641,0.39195979899497485,0.5714285714285714,0.5591397849462365,0.5641025641025641,0.39195979899497485,0.5714285714285714,0.5591397849462365,0.0,0.0,0.0,0.0
bull_to_bear,0.22,0.98,0.0,,0,156,156,0.5641025641025641,0.39195979899497485,0.5714285714285714,0.5591397849462365,0.5641025641025641,0.39195979899497485,0.5714285714285714,0.5591397849462365,0.0,0.0,0.0,0.0
bull_to_neutral,0.22,0.98,0.0,0.0,0,156,156,0.5641025641025641,0.39195979899497485,0.5714285714285714,0.5591397849462365,0.5641025641025641,0.39195979899497485,0.5714285714285714,0.5591397849462365,0.0,0.0,0.0,0.0
bull_to_bear,0.22,0.98,0.0,0.0,0,156,156,0.5641025641025641,0.39195979899497485,0.5714285714285714,0.5591397849462365,0.5641025641025641,0.39195979899497485,0.5714285714285714,0.5591397849462365,0.0,0.0,0.0,0.0
bull_to_neutral,0.22,0.98,0.0,-0.05,0,156,156,0.5641025641025641,0.39195979899497485,0.5714285714285714,0.5591397849462365,0.5641025641025641,0.39195979899497485,0.5714285714285714,0.5591397849462365,0.0,0.0,0.0,0.0
bull_to_bear,0.22,0.98,0.0,-0.05,0,156,156,0.5641025641025641,0.39195979899497485,0.5714285714285714,0.5591397849462365,0.5641025641025641,0.39195979899497485,0.5714285714285714,0.5591397849462365,0.0,0.0,0.0,0.0
bull_to_neutral,0.22,0.98,0.0,-0.1,0,156,156,0.5641025641025641,0.39195979899497485,0.5714285714285714,0.5591397849462365,0.5641025641025641,0.39195979899497485,0.5714285714285714,0.5591397849462365,0.0,0.0,0.0,0.0
bull_to_bear,0.22,0.98,0.0,-0.1,0,156,156,0.5641025641025641,0.39195979899497485,0.5714285714285714,0.5591397849462365,0.5641025641025641,0.39195979899497485,0.5714285714285714,0.5591397849462365,0.0,0.0,0.0,0.0
bull_to_neutral,0.22,0.98,5.0,,0,156,156,0.5641025641025641,0.39195979899497485,0.5714285714285714,0.5591397849462365,0.5641025641025641,0.39195979899497485,0.5714285714285714,0.5591397849462365,0.0,0.0,0.0,0.0
bull_to_bear,0.22,0.98,5.0,,0,156,156,0.5641025641025641,0.39195979899497485,0.5714285714285714,0.5591397849462365,0.5641025641025641,0.39195979899497485,0.5714285714285714,0.5591397849462365,0.0,0.0,0.0,0.0
bull_to_neutral,0.22,0.98,5.0,0.0,0,156,156,0.5641025641025641,0.39195979899497485,0.5714285714285714,0.5591397849462365,0.5641025641025641,0.39195979899497485,0.5714285714285714,0.5591397849462365,0.0,0.0,0.0,0.0
bull_to_bear,0.22,0.98,5.0,0.0,0,156,156,0.5641025641025641,0.39195979899497485,0.5714285714285714,0.5591397849462365,0.5641025641025641,0.39195979899497485,0.5714285714285714,0.5591397849462365,0.0,0.0,0.0,0.0
bull_to_neutral,0.22,0.98,5.0,-0.05,0,156,156,0.5641025641025641,0.39195979899497485,0.5714285714285714,0.5591397849462365,0.5641025641025641,0.39195979899497485,0.5714285714285714,0.5591397849462365,0.0,0.0,0.0,0.0
bull_to_bear,0.22,0.98,5.0,-0.05,0,156,156,0.5641025641025641,0.39195979899497485,0.5714285714285714,0.5591397849462365,0.5641025641025641,0.39195979899497485,0.5714285714285714,0.5591397849462365,0.0,0.0,0.0,0.0
bull_to_neutral,0.22,0.98,5.0,-0.1,0,156,156,0.5641025641025641,0.39195979899497485,0.5714285714285714,0.5591397849462365,0.5641025641025641,0.39195979899497485,0.5714285714285714,0.5591397849462365,0.0,0.0,0.0,0.0
bull_to_bear,0.22,0.98,5.0,-0.1,0,156,156,0.5641025641025641,0.39195979899497485,0.5714285714285714,0.5591397849462365,0.5641025641025641,0.39195979899497485,0.5714285714285714,0.5591397849462365,0.0,0.0,0.0,0.0
bull_to_neutral,0.22,0.98,10.0,,0,156,156,0.5641025641025641,0.39195979899497485,0.5714285714285714,0.5591397849462365,0.5641025641025641,0.39195979899497485,0.5714285714285714,0.5591397849462365,0.0,0.0,0.0,0.0
bull_to_bear,0.22,0.98,10.0,,0,156,156,0.5641025641025641,0.39195979899497485,0.5714285714285714,0.5591397849462365,0.5641025641025641,0.39195979899497485,0.5714285714285714,0.5591397849462365,0.0,0.0,0.0,0.0
bull_to_neutral,0.22,0.98,10.0,0.0,0,156,156,0.5641025641025641,0.39195979899497485,0.5714285714285714,0.5591397849462365,0.5641025641025641,0.39195979899497485,0.5714285714285714,0.5591397849462365,0.0,0.0,0.0,0.0
bull_to_bear,0.22,0.98,10.0,0.0,0,156,156,0.5641025641025641,0.39195979899497485,0.5714285714285714,0.5591397849462365,0.5641025641025641,0.39195979899497485,0.5714285714285714,0.5591397849462365,0.0,0.0,0.0,0.0
bull_to_neutral,0.22,0.98,10.0,-0.05,0,156,156,0.5641025641025641,0.39195979899497485,0.5714285714285714,0.5591397849462365,0.5641025641025641,0.39195979899497485,0.5714285714285714,0.5591397849462365,0.0,0.0,0.0,0.0
bull_to_bear,0.22,0.98,10.0,-0.05,0,156,156,0.5641025641025641,0.39195979899497485,0.5714285714285714,0.5591397849462365,0.5641025641025641,0.39195979899497485,0.5714285714285714,0.5591397849462365,0.0,0.0,0.0,0.0
bull_to_neutral,0.22,0.98,10.0,-0.1,0,156,156,0.5641025641025641,0.39195979899497485,0.5714285714285714,0.5591397849462365,0.5641025641025641,0.39195979899497485,0.5714285714285714,0.5591397849462365,0.0,0.0,0.0,0.0
bull_to_bear,0.22,0.98,10.0,-0.1,0,156,156,0.5641025641025641,0.39195979899497485,0.5714285714285714,0.5591397849462365,0.5641025641025641,0.39195979899497485,0.5714285714285714,0.5591397849462365,0.0,0.0,0.0,0.0
bull_to_neutral,0.22,0.98,15.0,,0,156,156,0.5641025641025641,0.39195979899497485,0.5714285714285714,0.5591397849462365,0.5641025641025641,0.39195979899497485,0.5714285714285714,0.5591397849462365,0.0,0.0,0.0,0.0
bull_to_bear,0.22,0.98,15.0,,0,156,156,0.5641025641025641,0.39195979899497485,0.5714285714285714,0.5591397849462365,0.5641025641025641,0.39195979899497485,0.5714285714285714,0.5591397849462365,0.0,0.0,0.0,0.0
bull_to_neutral,0.22,0.98,15.0,0.0,0,156,156,0.5641025641025641,0.39195979899497485,0.5714285714285714,0.5591397849462365,0.5641025641025641,0.39195979899497485,0.5714285714285714,0.5591397849462365,0.0,0.0,0.0,0.0
bull_to_bear,0.22,0.98,15.0,0.0,0,156,156,0.5641025641025641,0.39195979899497485,0.5714285714285714,0.5591397849462365,0.5641025641025641,0.39195979899497485,0.5714285714285714,0.5591397849462365,0.0,0.0,0.0,0.0
bull_to_neutral,0.22,0.98,15.0,-0.05,0,156,156,0.5641025641025641,0.39195979899497485,0.5714285714285714,0.5591397849462365,0.5641025641025641,0.39195979899497485,0.5714285714285714,0.5591397849462365,0.0,0.0,0.0,0.0
bull_to_bear,0.22,0.98,15.0,-0.05,0,156,156,0.5641025641025641,0.39195979899497485,0.5714285714285714,0.5591397849462365,0.5641025641025641,0.39195979899497485,0.5714285714285714,0.5591397849462365,0.0,0.0,0.0,0.0
bull_to_neutral,0.22,0.98,15.0,-0.1,0,156,156,0.5641025641025641,0.39195979899497485,0.5714285714285714,0.5591397849462365,0.5641025641025641,0.39195979899497485,0.5714285714285714,0.5591397849462365,0.0,0.0,0.0,0.0
bull_to_bear,0.22,0.98,15.0,-0.1,0,156,156,0.5641025641025641,0.39195979899497485,0.5714285714285714,0.5591397849462365,0.5641025641025641,0.39195979899497485,0.5714285714285714,0.5591397849462365,0.0,0.0,0.0,0.0
bull_to_neutral,0.22,0.97,,,0,156,156,0.5641025641025641,0.39195979899497485,0.5714285714285714,0.5591397849462365,0.5641025641025641,0.39195979899497485,0.5714285714285714,0.5591397849462365,0.0,0.0,0.0,0.0
bull_to_bear,0.22,0.97,,,0,156,156,0.5641025641025641,0.39195979899497485,0.5714285714285714,0.5591397849462365,0.5641025641025641,0.39195979899497485,0.5714285714285714,0.5591397849462365,0.0,0.0,0.0,0.0
bull_to_neutral,0.22,0.97,,0.0,0,156,156,0.5641025641025641,0.39195979899497485,0.5714285714285714,0.5591397849462365,0.5641025641025641,0.39195979899497485,0.5714285714285714,0.5591397849462365,0.0,0.0,0.0,0.0
bull_to_bear,0.22,0.97,,0.0,0,156,156,0.5641025641025641,0.39195979899497485,0.5714285714285714,0.5591397849462365,0.5641025641025641,0.39195979899497485,0.5714285714285714,0.5591397849462365,0.0,0.0,0.0,0.0
bull_to_neutral,0.22,0.97,,-0.05,0,156,156,0.5641025641025641,0.39195979899497485,0.5714285714285714,0.5591397849462365,0.5641025641025641,0.39195979899497485,0.5714285714285714,0.5591397849462365,0.0,0.0,0.0,0.0
bull_to_bear,0.22,0.97,,-0.05,0,156,156,0.5641025641025641,0.39195979899497485,0.5714285714285714,0.5591397849462365,0.5641025641025641,0.39195979899497485,0.5714285714285714,0.5591397849462365,0.0,0.0,0.0,0.0
bull_to_neutral,0.22,0.97,,-0.1,0,156,156,0.5641025641025641,0.39195979899497485,0.5714285714285714,0.5591397849462365,0.5641025641025641,0.39195979899497485,0.5714285714285714,0.5591397849462365,0.0,0.0,0.0,0.0
bull_to_bear,0.22,0.97,,-0.1,0,156,156,0.5641025641025641,0.39195979899497485,0.5714285714285714,0.5591397849462365,0.5641025641025641,0.39195979899497485,0.5714285714285714,0.5591397849462365,0.0,0.0,0.0,0.0
bull_to_neutral,0.22,0.97,0.0,,0,156,156,0.5641025641025641,0.39195979899497485,0.5714285714285714,0.5591397849462365,0.5641025641025641,0.39195979899497485,0.5714285714285714,0.5591397849462365,0.0,0.0,0.0,0.0
bull_to_bear,0.22,0.97,0.0,,0,156,156,0.5641025641025641,0.39195979899497485,0.5714285714285714,0.5591397849462365,0.5641025641025641,0.39195979899497485,0.5714285714285714,0.5591397849462365,0.0,0.0,0.0,0.0
bull_to_neutral,0.22,0.97,0.0,0.0,0,156,156,0.5641025641025641,0.39195979899497485,0.5714285714285714,0.5591397849462365,0.5641025641025641,0.39195979899497485,0.5714285714285714,0.5591397849462365,0.0,0.0,0.0,0.0
bull_to_bear,0.22,0.97,0.0,0.0,0,156,156,0.5641025641025641,0.39195979899497485,0.5714285714285714,0.5591397849462365,0.5641025641025641,0.39195979899497485,0.5714285714285714,0.5591397849462365,0.0,0.0,0.0,0.0
bull_to_neutral,0.22,0.97,0.0,-0.05,0,156,156,0.5641025641025641,0.39195979899497485,0.5714285714285714,0.5591397849462365,0.5641025641025641,0.39195979899497485,0.5714285714285714,0.5591397849462365,0.0,0.0,0.0,0.0
bull_to_bear,0.22,0.97,0.0,-0.05,0,156,156,0.5641025641025641,0.39195979899497485,0.5714285714285714,0.5591397849462365,0.5641025641025641,0.39195979899497485,0.5714285714285714,0.5591397849462365,0.0,0.0,0.0,0.0
bull_to_neutral,0.22,0.97,0.0,-0.1,0,156,156,0.5641025641025641,0.39195979899497485,0.5714285714285714,0.5591397849462365,0.5641025641025641,0.39195979899497485,0.5714285714285714,0.5591397849462365,0.0,0.0,0.0,0.0
bull_to_bear,0.22,0.97,0.0,-0.1,0,156,156,0.5641025641025641,0.39195979899497485,0.5714285714285714,0.5591397849462365,0.5641025641025641,0.39195979899497485,0.5714285714285714,0.5591397849462365,0.0,0.0,0.0,0.0
bull_to_neutral,0.22,0.97,5.0,,0,156,156,0.5641025641025641,0.39195979899497485,0.5714285714285714,0.5591397849462365,0.5641025641025641,0.39195979899497485,0.5714285714285714,0.5591397849462365,0.0,0.0,0.0,0.0
bull_to_bear,0.22,0.97,5.0,,0,156,156,0.5641025641025641,0.39195979899497485,0.5714285714285714,0.5591397849462365,0.5641025641025641,0.39195979899497485,0.5714285714285714,0.5591397849462365,0.0,0.0,0.0,0.0
bull_to_neutral,0.22,0.97,5.0,0.0,0,156,156,0.5641025641025641,0.39195979899497485,0.5714285714285714,0.5591397849462365,0.5641025641025641,0.39195979899497485,0.5714285714285714,0.5591397849462365,0.0,0.0,0.0,0.0
bull_to_bear,0.22,0.97,5.0,0.0,0,156,156,0.5641025641025641,0.39195979899497485,0.5714285714285714,0.5591397849462365,0.5641025641025641,0.39195979899497485,0.5714285714285714,0.5591397849462365,0.0,0.0,0.0,0.0
bull_to_neutral,0.22,0.97,5.0,-0.05,0,156,156,0.5641025641025641,0.39195979899497485,0.5714285714285714,0.5591397849462365,0.5641025641025641,0.39195979899497485,0.5714285714285714,0.5591397849462365,0.0,0.0,0.0,0.0
bull_to_bear,0.22,0.97,5.0,-0.05,0,156,156,0.5641025641025641,0.39195979899497485,0.5714285714285714,0.5591397849462365,0.5641025641025641,0.39195979899497485,0.5714285714285714,0.5591397849462365,0.0,0.0,0.0,0.0
bull_to_neutral,0.22,0.97,5.0,-0.1,0,156,156,0.5641025641025641,0.39195979899497485,0.5714285714285714,0.5591397849462365,0.5641025641025641,0.39195979899497485,0.5714285714285714,0.5591397849462365,0.0,0.0,0.0,0.0
bull_to_bear,0.22,0.97,5.0,-0.1,0,156,156,0.5641025641025641,0.39195979899497485,0.5714285714285714,0.5591397849462365,0.5641025641025641,0.39195979899497485,0.5714285714285714,0.5591397849462365,0.0,0.0,0.0,0.0
bull_to_neutral,0.22,0.97,10.0,,0,156,156,0.5641025641025641,0.39195979899497485,0.5714285714285714,0.5591397849462365,0.5641025641025641,0.39195979899497485,0.5714285714285714,0.5591397849462365,0.0,0.0,0.0,0.0
bull_to_bear,0.22,0.97,10.0,,0,156,156,0.5641025641025641,0.39195979899497485,0.5714285714285714,0.5591397849462365,0.5641025641025641,0.39195979899497485,0.5714285714285714,0.5591397849462365,0.0,0.0,0.0,0.0
bull_to_neutral,0.22,0.97,10.0,0.0,0,156,156,0.5641025641025641,0.39195979899497485,0.5714285714285714,0.5591397849462365,0.5641025641025641,0.39195979899497485,0.5714285714285714,0.5591397849462365,0.0,0.0,0.0,0.0
bull_to_bear,0.22,0.97,10.0,0.0,0,156,156,0.5641025641025641,0.39195979899497485,0.5714285714285714,0.5591397849462365,0.5641025641025641,0.39195979899497485,0.5714285714285714,0.5591397849462365,0.0,0.0,0.0,0.0
bull_to_neutral,0.22,0.97,10.0,-0.05,0,156,156,0.5641025641025641,0.39195979899497485,0.5714285714285714,0.5591397849462365,0.5641025641025641,0.39195979899497485,0.5714285714285714,0.5591397849462365,0.0,0.0,0.0,0.0
bull_to_bear,0.22,0.97,10.0,-0.05,0,156,156,0.5641025641025641,0.39195979899497485,0.5714285714285714,0.5591397849462365,0.5641025641025641,0.39195979899497485,0.5714285714285714,0.5591397849462365,0.0,0.0,0.0,0.0
bull_to_neutral,0.22,0.97,10.0,-0.1,0,156,156,0.5641025641025641,0.39195979899497485,0.5714285714285714,0.5591397849462365,0.5641025641025641,0.39195979899497485,0.5714285714285714,0.5591397849462365,0.0,0.0,0.0,0.0
bull_to_bear,0.22,0.97,10.0,-0.1,0,156,156,0.5641025641025641,0.39195979899497485,0.5714285714285714,0.5591397849462365,0.5641025641025641,0.39195979899497485,0.5714285714285714,0.5591397849462365,0.0,0.0,0.0,0.0
bull_to_neutral,0.22,0.97,15.0,,0,156,156,0.5641025641025641,0.39195979899497485,0.5714285714285714,0.5591397849462365,0.5641025641025641,0.39195979899497485,0.5714285714285714,0.5591397849462365,0.0,0.0,0.0,0.0
bull_to_bear,0.22,0.97,15.0,,0,156,156,0.5641025641025641,0.39195979899497485,0.5714285714285714,0.5591397849462365,0.5641025641025641,0.39195979899497485,0.5714285714285714,0.5591397849462365,0.0,0.0,0.0,0.0
bull_to_neutral,0.22,0.97,15.0,0.0,0,156,156,0.5641025641025641,0.39195979899497485,0.5714285714285714,0.5591397849462365,0.5641025641025641,0.39195979899497485,0.5714285714285714,0.5591397849462365,0.0,0.0,0.0,0.0
bull_to_bear,0.22,0.97,15.0,0.0,0,156,156,0.5641025641025641,0.39195979899497485,0.5714285714285714,0.5591397849462365,0.5641025641025641,0.39195979899497485,0.5714285714285714,0.5591397849462365,0.0,0.0,0.0,0.0
bull_to_neutral,0.22,0.97,15.0,-0.05,0,156,156,0.5641025641025641,0.39195979899497485,0.5714285714285714,0.5591397849462365,0.5641025641025641,0.39195979899497485,0.5714285714285714,0.5591397849462365,0.0,0.0,0.0,0.0
bull_to_bear,0.22,0.97,15.0,-0.05,0,156,156,0.5641025641025641,0.39195979899497485,0.5714285714285714,0.5591397849462365,0.5641025641025641,0.39195979899497485,0.5714285714285714,0.5591397849462365,0.0,0.0,0.0,0.0
bull_to_neutral,0.22,0.97,15.0,-0.1,0,156,156,0.5641025641025641,0.39195979899497485,0.5714285714285714,0.5591397849462365,0.5641025641025641,0.39195979899497485,0.5714285714285714,0.5591397849462365,0.0,0.0,0.0,0.0
bull_to_bear,0.22,0.97,15.0,-0.1,0,156,156,0.5641025641025641,0.39195979899497485,0.5714285714285714,0.5591397849462365,0.5641025641025641,0.39195979899497485,0.5714285714285714,0.5591397849462365,0.0,0.0,0.0,0.0
bull_to_neutral,0.22,0.95,,,0,156,156,0.5641025641025641,0.39195979899497485,0.5714285714285714,0.5591397849462365,0.5641025641025641,0.39195979899497485,0.5714285714285714,0.5591397849462365,0.0,0.0,0.0,0.0
bull_to_bear,0.22,0.95,,,0,156,156,0.5641025641025641,0.39195979899497485,0.5714285714285714,0.5591397849462365,0.5641025641025641,0.39195979899497485,0.5714285714285714,0.5591397849462365,0.0,0.0,0.0,0.0
bull_to_neutral,0.22,0.95,,0.0,0,156,156,0.5641025641025641,0.39195979899497485,0.5714285714285714,0.5591397849462365,0.5641025641025641,0.39195979899497485,0.5714285714285714,0.5591397849462365,0.0,0.0,0.0,0.0
bull_to_bear,0.22,0.95,,0.0,0,156,156,0.5641025641025641,0.39195979899497485,0.5714285714285714,0.5591397849462365,0.5641025641025641,0.39195979899497485,0.5714285714285714,0.5591397849462365,0.0,0.0,0.0,0.0
bull_to_neutral,0.22,0.95,,-0.05,0,156,156,0.5641025641025641,0.39195979899497485,0.5714285714285714,0.5591397849462365,0.5641025641025641,0.39195979899497485,0.5714285714285714,0.5591397849462365,0.0,0.0,0.0,0.0
bull_to_bear,0.22,0.95,,-0.05,0,156,156,0.5641025641025641,0.39195979899497485,0.5714285714285714,0.5591397849462365,0.5641025641025641,0.39195979899497485,0.5714285714285714,0.5591397849462365,0.0,0.0,0.0,0.0
bull_to_neutral,0.22,0.95,,-0.1,0,156,156,0.5641025641025641,0.39195979899497485,0.5714285714285714,0.5591397849462365,0.5641025641025641,0.39195979899497485,0.5714285714285714,0.5591397849462365,0.0,0.0,0.0,0.0
bull_to_bear,0.22,0.95,,-0.1,0,156,156,0.5641025641025641,0.39195979899497485,0.5714285714285714,0.5591397849462365,0.5641025641025641,0.39195979899497485,0.5714285714285714,0.5591397849462365,0.0,0.0,0.0,0.0
bull_to_neutral,0.22,0.95,0.0,,0,156,156,0.5641025641025641,0.39195979899497485,0.5714285714285714,0.5591397849462365,0.5641025641025641,0.39195979899497485,0.5714285714285714,0.5591397849462365,0.0,0.0,0.0,0.0
bull_to_bear,0.22,0.95,0.0,,0,156,156,0.5641025641025641,0.39195979899497485,0.5714285714285714,0.5591397849462365,0.5641025641025641,0.39195979899497485,0.5714285714285714,0.5591397849462365,0.0,0.0,0.0,0.0
bull_to_neutral,0.22,0.95,0.0,0.0,0,156,156,0.5641025641025641,0.39195979899497485,0.5714285714285714,0.5591397849462365,0.5641025641025641,0.39195979899497485,0.5714285714285714,0.5591397849462365,0.0,0.0,0.0,0.0
bull_to_bear,0.22,0.95,0.0,0.0,0,156,156,0.5641025641025641,0.39195979899497485,0.5714285714285714,0.5591397849462365,0.5641025641025641,0.39195979899497485,0.5714285714285714,0.5591397849462365,0.0,0.0,0.0,0.0
bull_to_neutral,0.22,0.95,0.0,-0.05,0,156,156,0.5641025641025641,0.39195979899497485,0.5714285714285714,0.5591397849462365,0.5641025641025641,0.39195979899497485,0.5714285714285714,0.5591397849462365,0.0,0.0,0.0,0.0
bull_to_bear,0.22,0.95,0.0,-0.05,0,156,156,0.5641025641025641,0.39195979899497485,0.5714285714285714,0.5591397849462365,0.5641025641025641,0.39195979899497485,0.5714285714285714,0.5591397849462365,0.0,0.0,0.0,0.0
bull_to_neutral,0.22,0.95,0.0,-0.1,0,156,156,0.5641025641025641,0.39195979899497485,0.5714285714285714,0.5591397849462365,0.5641025641025641,0.39195979899497485,0.5714285714285714,0.5591397849462365,0.0,0.0,0.0,0.0
bull_to_bear,0.22,0.95,0.0,-0.1,0,156,156,0.5641025641025641,0.39195979899497485,0.5714285714285714,0.5591397849462365,0.5641025641025641,0.39195979899497485,0.5714285714285714,0.5591397849462365,0.0,0.0,0.0,0.0
bull_to_neutral,0.22,0.95,5.0,,0,156,156,0.5641025641025641,0.39195979899497485,0.5714285714285714,0.5591397849462365,0.5641025641025641,0.39195979899497485,0.5714285714285714,0.5591397849462365,0.0,0.0,0.0,0.0
bull_to_bear,0.22,0.95,5.0,,0,156,156,0.5641025641025641,0.39195979899497485,0.5714285714285714,0.5591397849462365,0.5641025641025641,0.39195979899497485,0.5714285714285714,0.5591397849462365,0.0,0.0,0.0,0.0
bull_to_neutral,0.22,0.95,5.0,0.0,0,156,156,0.5641025641025641,0.39195979899497485,0.5714285714285714,0.5591397849462365,0.5641025641025641,0.39195979899497485,0.5714285714285714,0.5591397849462365,0.0,0.0,0.0,0.0
bull_to_bear,0.22,0.95,5.0,0.0,0,156,156,0.5641025641025641,0.39195979899497485,0.5714285714285714,0.5591397849462365,0.5641025641025641,0.39195979899497485,0.5714285714285714,0.5591397849462365,0.0,0.0,0.0,0.0
bull_to_neutral,0.22,0.95,5.0,-0.05,0,156,156,0.5641025641025641,0.39195979899497485,0.5714285714285714,0.5591397849462365,0.5641025641025641,0.39195979899497485,0.5714285714285714,0.5591397849462365,0.0,0.0,0.0,0.0
bull_to_bear,0.22,0.95,5.0,-0.05,0,156,156,0.5641025641025641,0.39195979899497485,0.5714285714285714,0.5591397849462365,0.5641025641025641,0.39195979899497485,0.5714285714285714,0.5591397849462365,0.0,0.0,0.0,0.0
bull_to_neutral,0.22,0.95,5.0,-0.1,0,156,156,0.5641025641025641,0.39195979899497485,0.5714285714285714,0.5591397849462365,0.5641025641025641,0.39195979899497485,0.5714285714285714,0.5591397849462365,0.0,0.0,0.0,0.0
bull_to_bear,0.22,0.95,5.0,-0.1,0,156,156,0.5641025641025641,0.39195979899497485,0.5714285714285714,0.5591397849462365,0.5641025641025641,0.39195979899497485,0.5714285714285714,0.5591397849462365,0.0,0.0,0.0,0.0
bull_to_neutral,0.22,0.95,10.0,,0,156,156,0.5641025641025641,0.39195979899497485,0.5714285714285714,0.5591397849462365,0.5641025641025641,0.39195979899497485,0.5714285714285714,0.5591397849462365,0.0,0.0,0.0,0.0
bull_to_bear,0.22,0.95,10.0,,0,156,156,0.5641025641025641,0.39195979899497485,0.5714285714285714,0.5591397849462365,0.5641025641025641,0.39195979899497485,0.5714285714285714,0.5591397849462365,0.0,0.0,0.0,0.0
bull_to_neutral,0.22,0.95,10.0,0.0,0,156,156,0.5641025641025641,0.39195979899497485,0.5714285714285714,0.5591397849462365,0.5641025641025641,0.39195979899497485,0.5714285714285714,0.5591397849462365,0.0,0.0,0.0,0.0
bull_to_bear,0.22,0.95,10.0,0.0,0,156,156,0.5641025641025641,0.39195979899497485,0.5714285714285714,0.5591397849462365,0.5641025641025641,0.39195979899497485,0.5714285714285714,0.5591397849462365,0.0,0.0,0.0,0.0
bull_to_neutral,0.22,0.95,10.0,-0.05,0,156,156,0.5641025641025641,0.39195979899497485,0.5714285714285714,0.5591397849462365,0.5641025641025641,0.39195979899497485,0.5714285714285714,0.5591397849462365,0.0,0.0,0.0,0.0
bull_to_bear,0.22,0.95,10.0,-0.05,0,156,156,0.5641025641025641,0.39195979899497485,0.5714285714285714,0.5591397849462365,0.5641025641025641,0.39195979899497485,0.5714285714285714,0.5591397849462365,0.0,0.0,0.0,0.0
bull_to_neutral,0.22,0.95,10.0,-0.1,0,156,156,0.5641025641025641,0.39195979899497485,0.5714285714285714,0.5591397849462365,0.5641025641025641,0.39195979899497485,0.5714285714285714,0.5591397849462365,0.0,0.0,0.0,0.0
bull_to_bear,0.22,0.95,10.0,-0.1,0,156,156,0.5641025641025641,0.39195979899497485,0.5714285714285714,0.5591397849462365,0.5641025641025641,0.39195979899497485,0.5714285714285714,0.5591397849462365,0.0,0.0,0.0,0.0
bull_to_neutral,0.22,0.95,15.0,,0,156,156,0.5641025641025641,0.39195979899497485,0.5714285714285714,0.5591397849462365,0.5641025641025641,0.39195979899497485,0.5714285714285714,0.5591397849462365,0.0,0.0,0.0,0.0
bull_to_bear,0.22,0.95,15.0,,0,156,156,0.5641025641025641,0.39195979899497485,0.5714285714285714,0.5591397849462365,0.5641025641025641,0.39195979899497485,0.5714285714285714,0.5591397849462365,0.0,0.0,0.0,0.0
bull_to_neutral,0.22,0.95,15.0,0.0,0,156,156,0.5641025641025641,0.39195979899497485,0.5714285714285714,0.5591397849462365,0.5641025641025641,0.39195979899497485,0.5714285714285714,0.5591397849462365,0.0,0.0,0.0,0.0
bull_to_bear,0.22,0.95,15.0,0.0,0,156,156,0.5641025641025641,0.39195979899497485,0.5714285714285714,0.5591397849462365,0.5641025641025641,0.39195979899497485,0.5714285714285714,0.5591397849462365,0.0,0.0,0.0,0.0
bull_to_neutral,0.22,0.95,15.0,-0.05,0,156,156,0.5641025641025641,0.39195979899497485,0.5714285714285714,0.5591397849462365,0.5641025641025641,0.39195979899497485,0.5714285714285714,0.5591397849462365,0.0,0.0,0.0,0.0
bull_to_bear,0.22,0.95,15.0,-0.05,0,156,156,0.5641025641025641,0.39195979899497485,0.5714285714285714,0.5591397849462365,0.5641025641025641,0.39195979899497485,0.5714285714285714,0.5591397849462365,0.0,0.0,0.0,0.0
bull_to_neutral,0.22,0.95,15.0,-0.1,0,156,156,0.5641025641025641,0.39195979899497485,0.5714285714285714,0.5591397849462365,0.5641025641025641,0.39195979899497485,0.5714285714285714,0.5591397849462365,0.0,0.0,0.0,0.0
bull_to_bear,0.22,0.95,15.0,-0.1,0,156,156,0.5641025641025641,0.39195979899497485,0.5714285714285714,0.5591397849462365,0.5641025641025641,0.39195979899497485,0.5714285714285714,0.5591397849462365,0.0,0.0,0.0,0.0
bull_to_neutral,0.22,0.93,,,0,156,156,0.5641025641025641,0.39195979899497485,0.5714285714285714,0.5591397849462365,0.5641025641025641,0.39195979899497485,0.5714285714285714,0.5591397849462365,0.0,0.0,0.0,0.0
bull_to_bear,0.22,0.93,,,0,156,156,0.5641025641025641,0.39195979899497485,0.5714285714285714,0.5591397849462365,0.5641025641025641,0.39195979899497485,0.5714285714285714,0.5591397849462365,0.0,0.0,0.0,0.0
bull_to_neutral,0.22,0.93,,0.0,0,156,156,0.5641025641025641,0.39195979899497485,0.5714285714285714,0.5591397849462365,0.5641025641025641,0.39195979899497485,0.5714285714285714,0.5591397849462365,0.0,0.0,0.0,0.0
bull_to_bear,0.22,0.93,,0.0,0,156,156,0.5641025641025641,0.39195979899497485,0.5714285714285714,0.5591397849462365,0.5641025641025641,0.39195979899497485,0.5714285714285714,0.5591397849462365,0.0,0.0,0.0,0.0
bull_to_neutral,0.22,0.93,,-0.05,0,156,156,0.5641025641025641,0.39195979899497485,0.5714285714285714,0.5591397849462365,0.5641025641025641,0.39195979899497485,0.5714285714285714,0.5591397849462365,0.0,0.0,0.0,0.0
bull_to_bear,0.22,0.93,,-0.05,0,156,156,0.5641025641025641,0.39195979899497485,0.5714285714285714,0.5591397849462365,0.5641025641025641,0.39195979899497485,0.5714285714285714,0.5591397849462365,0.0,0.0,0.0,0.0
bull_to_neutral,0.22,0.93,,-0.1,0,156,156,0.5641025641025641,0.39195979899497485,0.5714285714285714,0.5591397849462365,0.5641025641025641,0.39195979899497485,0.5714285714285714,0.5591397849462365,0.0,0.0,0.0,0.0
bull_to_bear,0.22,0.93,,-0.1,0,156,156,0.5641025641025641,0.39195979899497485,0.5714285714285714,0.5591397849462365,0.5641025641025641,0.39195979899497485,0.5714285714285714,0.5591397849462365,0.0,0.0,0.0,0.0
bull_to_neutral,0.22,0.93,0.0,,0,156,156,0.5641025641025641,0.39195979899497485,0.5714285714285714,0.5591397849462365,0.5641025641025641,0.39195979899497485,0.5714285714285714,0.5591397849462365,0.0,0.0,0.0,0.0
bull_to_bear,0.22,0.93,0.0,,0,156,156,0.5641025641025641,0.39195979899497485,0.5714285714285714,0.5591397849462365,0.5641025641025641,0.39195979899497485,0.5714285714285714,0.5591397849462365,0.0,0.0,0.0,0.0
bull_to_neutral,0.22,0.93,0.0,0.0,0,156,156,0.5641025641025641,0.39195979899497485,0.5714285714285714,0.5591397849462365,0.5641025641025641,0.39195979899497485,0.5714285714285714,0.5591397849462365,0.0,0.0,0.0,0.0
bull_to_bear,0.22,0.93,0.0,0.0,0,156,156,0.5641025641025641,0.39195979899497485,0.5714285714285714,0.5591397849462365,0.5641025641025641,0.39195979899497485,0.5714285714285714,0.5591397849462365,0.0,0.0,0.0,0.0
bull_to_neutral,0.22,0.93,0.0,-0.05,0,156,156,0.5641025641025641,0.39195979899497485,0.5714285714285714,0.5591397849462365,0.5641025641025641,0.39195979899497485,0.5714285714285714,0.5591397849462365,0.0,0.0,0.0,0.0
bull_to_bear,0.22,0.93,0.0,-0.05,0,156,156,0.5641025641025641,0.39195979899497485,0.5714285714285714,0.5591397849462365,0.5641025641025641,0.39195979899497485,0.5714285714285714,0.5591397849462365,0.0,0.0,0.0,0.0
bull_to_neutral,0.22,0.93,0.0,-0.1,0,156,156,0.5641025641025641,0.39195979899497485,0.5714285714285714,0.5591397849462365,0.5641025641025641,0.39195979899497485,0.5714285714285714,0.5591397849462365,0.0,0.0,0.0,0.0
bull_to_bear,0.22,0.93,0.0,-0.1,0,156,156,0.5641025641025641,0.39195979899497485,0.5714285714285714,0.5591397849462365,0.5641025641025641,0.39195979899497485,0.5714285714285714,0.5591397849462365,0.0,0.0,0.0,0.0
bull_to_neutral,0.22,0.93,5.0,,0,156,156,0.5641025641025641,0.39195979899497485,0.5714285714285714,0.5591397849462365,0.5641025641025641,0.39195979899497485,0.5714285714285714,0.5591397849462365,0.0,0.0,0.0,0.0
bull_to_bear,0.22,0.93,5.0,,0,156,156,0.5641025641025641,0.39195979899497485,0.5714285714285714,0.5591397849462365,0.5641025641025641,0.39195979899497485,0.5714285714285714,0.5591397849462365,0.0,0.0,0.0,0.0
bull_to_neutral,0.22,0.93,5.0,0.0,0,156,156,0.5641025641025641,0.39195979899497485,0.5714285714285714,0.5591397849462365,0.5641025641025641,0.39195979899497485,0.5714285714285714,0.5591397849462365,0.0,0.0,0.0,0.0
bull_to_bear,0.22,0.93,5.0,0.0,0,156,156,0.5641025641025641,0.39195979899497485,0.5714285714285714,0.5591397849462365,0.5641025641025641,0.39195979899497485,0.5714285714285714,0.5591397849462365,0.0,0.0,0.0,0.0
bull_to_neutral,0.22,0.93,5.0,-0.05,0,156,156,0.5641025641025641,0.39195979899497485,0.5714285714285714,0.5591397849462365,0.5641025641025641,0.39195979899497485,0.5714285714285714,0.5591397849462365,0.0,0.0,0.0,0.0
bull_to_bear,0.22,0.93,5.0,-0.05,0,156,156,0.5641025641025641,0.39195979899497485,0.5714285714285714,0.5591397849462365,0.5641025641025641,0.39195979899497485,0.5714285714285714,0.5591397849462365,0.0,0.0,0.0,0.0
bull_to_neutral,0.22,0.93,5.0,-0.1,0,156,156,0.5641025641025641,0.39195979899497485,0.5714285714285714,0.5591397849462365,0.5641025641025641,0.39195979899497485,0.5714285714285714,0.5591397849462365,0.0,0.0,0.0,0.0
bull_to_bear,0.22,0.93,5.0,-0.1,0,156,156,0.5641025641025641,0.39195979899497485,0.5714285714285714,0.5591397849462365,0.5641025641025641,0.39195979899497485,0.5714285714285714,0.5591397849462365,0.0,0.0,0.0,0.0
bull_to_neutral,0.22,0.93,10.0,,0,156,156,0.5641025641025641,0.39195979899497485,0.5714285714285714,0.5591397849462365,0.5641025641025641,0.39195979899497485,0.5714285714285714,0.5591397849462365,0.0,0.0,0.0,0.0
bull_to_bear,0.22,0.93,10.0,,0,156,156,0.5641025641025641,0.39195979899497485,0.5714285714285714,0.5591397849462365,0.5641025641025641,0.39195979899497485,0.5714285714285714,0.5591397849462365,0.0,0.0,0.0,0.0
bull_to_neutral,0.22,0.93,10.0,0.0,0,156,156,0.5641025641025641,0.39195979899497485,0.5714285714285714,0.5591397849462365,0.5641025641025641,0.39195979899497485,0.5714285714285714,0.5591397849462365,0.0,0.0,0.0,0.0
bull_to_bear,0.22,0.93,10.0,0.0,0,156,156,0.5641025641025641,0.39195979899497485,0.5714285714285714,0.5591397849462365,0.5641025641025641,0.39195979899497485,0.5714285714285714,0.5591397849462365,0.0,0.0,0.0,0.0
bull_to_neutral,0.22,0.93,10.0,-0.05,0,156,156,0.5641025641025641,0.39195979899497485,0.5714285714285714,0.5591397849462365,0.5641025641025641,0.39195979899497485,0.5714285714285714,0.5591397849462365,0.0,0.0,0.0,0.0
bull_to_bear,0.22,0.93,10.0,-0.05,0,156,156,0.5641025641025641,0.39195979899497485,0.5714285714285714,0.5591397849462365,0.5641025641025641,0.39195979899497485,0.5714285714285714,0.5591397849462365,0.0,0.0,0.0,0.0
bull_to_neutral,0.22,0.93,10.0,-0.1,0,156,156,0.5641025641025641,0.39195979899497485,0.5714285714285714,0.5591397849462365,0.5641025641025641,0.39195979899497485,0.5714285714285714,0.5591397849462365,0.0,0.0,0.0,0.0
bull_to_bear,0.22,0.93,10.0,-0.1,0,156,156,0.5641025641025641,0.39195979899497485,0.5714285714285714,0.5591397849462365,0.5641025641025641,0.39195979899497485,0.5714285714285714,0.5591397849462365,0.0,0.0,0.0,0.0
bull_to_neutral,0.22,0.93,15.0,,0,156,156,0.5641025641025641,0.39195979899497485,0.5714285714285714,0.5591397849462365,0.5641025641025641,0.39195979899497485,0.5714285714285714,0.5591397849462365,0.0,0.0,0.0,0.0
bull_to_bear,0.22,0.93,15.0,,0,156,156,0.5641025641025641,0.39195979899497485,0.5714285714285714,0.5591397849462365,0.5641025641025641,0.39195979899497485,0.5714285714285714,0.5591397849462365,0.0,0.0,0.0,0.0
bull_to_neutral,0.22,0.93,15.0,0.0,0,156,156,0.5641025641025641,0.39195979899497485,0.5714285714285714,0.5591397849462365,0.5641025641025641,0.39195979899497485,0.5714285714285714,0.5591397849462365,0.0,0.0,0.0,0.0
bull_to_bear,0.22,0.93,15.0,0.0,0,156,156,0.5641025641025641,0.39195979899497485,0.5714285714285714,0.5591397849462365,0.5641025641025641,0.39195979899497485,0.5714285714285714,0.5591397849462365,0.0,0.0,0.0,0.0
bull_to_neutral,0.22,0.93,15.0,-0.05,0,156,156,0.5641025641025641,0.39195979899497485,0.5714285714285714,0.5591397849462365,0.5641025641025641,0.39195979899497485,0.5714285714285714,0.5591397849462365,0.0,0.0,0.0,0.0
bull_to_bear,0.22,0.93,15.0,-0.05,0,156,156,0.5641025641025641,0.39195979899497485,0.5714285714285714,0.5591397849462365,0.5641025641025641,0.39195979899497485,0.5714285714285714,0.5591397849462365,0.0,0.0,0.0,0.0
bull_to_neutral,0.22,0.93,15.0,-0.1,0,156,156,0.5641025641025641,0.39195979899497485,0.5714285714285714,0.5591397849462365,0.5641025641025641,0.39195979899497485,0.5714285714285714,0.5591397849462365,0.0,0.0,0.0,0.0
bull_to_bear,0.22,0.93,15.0,-0.1,0,156,156,0.5641025641025641,0.39195979899497485,0.5714285714285714,0.5591397849462365,0.5641025641025641,0.39195979899497485,0.5714285714285714,0.5591397849462365,0.0,0.0,0.0,0.0
bull_to_neutral,0.22,0.9,,,0,156,156,0.5641025641025641,0.39195979899497485,0.5714285714285714,0.5591397849462365,0.5641025641025641,0.39195979899497485,0.5714285714285714,0.5591397849462365,0.0,0.0,0.0,0.0
bull_to_bear,0.22,0.9,,,0,156,156,0.5641025641025641,0.39195979899497485,0.5714285714285714,0.5591397849462365,0.5641025641025641,0.39195979899497485,0.5714285714285714,0.5591397849462365,0.0,0.0,0.0,0.0
bull_to_neutral,0.22,0.9,,0.0,0,156,156,0.5641025641025641,0.39195979899497485,0.5714285714285714,0.5591397849462365,0.5641025641025641,0.39195979899497485,0.5714285714285714,0.5591397849462365,0.0,0.0,0.0,0.0
bull_to_bear,0.22,0.9,,0.0,0,156,156,0.5641025641025641,0.39195979899497485,0.5714285714285714,0.5591397849462365,0.5641025641025641,0.39195979899497485,0.5714285714285714,0.5591397849462365,0.0,0.0,0.0,0.0
bull_to_neutral,0.22,0.9,,-0.05,0,156,156,0.5641025641025641,0.39195979899497485,0.5714285714285714,0.5591397849462365,0.5641025641025641,0.39195979899497485,0.5714285714285714,0.5591397849462365,0.0,0.0,0.0,0.0
bull_to_bear,0.22,0.9,,-0.05,0,156,156,0.5641025641025641,0.39195979899497485,0.5714285714285714,0.5591397849462365,0.5641025641025641,0.39195979899497485,0.5714285714285714,0.5591397849462365,0.0,0.0,0.0,0.0
bull_to_neutral,0.22,0.9,,-0.1,0,156,156,0.5641025641025641,0.39195979899497485,0.5714285714285714,0.5591397849462365,0.5641025641025641,0.39195979899497485,0.5714285714285714,0.5591397849462365,0.0,0.0,0.0,0.0
bull_to_bear,0.22,0.9,,-0.1,0,156,156,0.5641025641025641,0.39195979899497485,0.5714285714285714,0.5591397849462365,0.5641025641025641,0.39195979899497485,0.5714285714285714,0.5591397849462365,0.0,0.0,0.0,0.0
bull_to_neutral,0.22,0.9,0.0,,0,156,156,0.5641025641025641,0.39195979899497485,0.5714285714285714,0.5591397849462365,0.5641025641025641,0.39195979899497485,0.5714285714285714,0.5591397849462365,0.0,0.0,0.0,0.0
bull_to_bear,0.22,0.9,0.0,,0,156,156,0.5641025641025641,0.39195979899497485,0.5714285714285714,0.5591397849462365,0.5641025641025641,0.39195979899497485,0.5714285714285714,0.5591397849462365,0.0,0.0,0.0,0.0
bull_to_neutral,0.22,0.9,0.0,0.0,0,156,156,0.5641025641025641,0.39195979899497485,0.5714285714285714,0.5591397849462365,0.5641025641025641,0.39195979899497485,0.5714285714285714,0.5591397849462365,0.0,0.0,0.0,0.0
bull_to_bear,0.22,0.9,0.0,0.0,0,156,156,0.5641025641025641,0.39195979899497485,0.5714285714285714,0.5591397849462365,0.5641025641025641,0.39195979899497485,0.5714285714285714,0.5591397849462365,0.0,0.0,0.0,0.0
bull_to_neutral,0.22,0.9,0.0,-0.05,0,156,156,0.5641025641025641,0.39195979899497485,0.5714285714285714,0.5591397849462365,0.5641025641025641,0.39195979899497485,0.5714285714285714,0.5591397849462365,0.0,0.0,0.0,0.0
bull_to_bear,0.22,0.9,0.0,-0.05,0,156,156,0.5641025641025641,0.39195979899497485,0.5714285714285714,0.5591397849462365,0.5641025641025641,0.39195979899497485,0.5714285714285714,0.5591397849462365,0.0,0.0,0.0,0.0
bull_to_neutral,0.22,0.9,0.0,-0.1,0,156,156,0.5641025641025641,0.39195979899497485,0.5714285714285714,0.5591397849462365,0.5641025641025641,0.39195979899497485,0.5714285714285714,0.5591397849462365,0.0,0.0,0.0,0.0
bull_to_bear,0.22,0.9,0.0,-0.1,0,156,156,0.5641025641025641,0.39195979899497485,0.5714285714285714,0.5591397849462365,0.5641025641025641,0.39195979899497485,0.5714285714285714,0.5591397849462365,0.0,0.0,0.0,0.0
bull_to_neutral,0.22,0.9,5.0,,0,156,156,0.5641025641025641,0.39195979899497485,0.5714285714285714,0.5591397849462365,0.5641025641025641,0.39195979899497485,0.5714285714285714,0.5591397849462365,0.0,0.0,0.0,0.0
bull_to_bear,0.22,0.9,5.0,,0,156,156,0.5641025641025641,0.39195979899497485,0.5714285714285714,0.5591397849462365,0.5641025641025641,0.39195979899497485,0.5714285714285714,0.5591397849462365,0.0,0.0,0.0,0.0
bull_to_neutral,0.22,0.9,5.0,0.0,0,156,156,0.5641025641025641,0.39195979899497485,0.5714285714285714,0.5591397849462365,0.5641025641025641,0.39195979899497485,0.5714285714285714,0.5591397849462365,0.0,0.0,0.0,0.0
bull_to_bear,0.22,0.9,5.0,0.0,0,156,156,0.5641025641025641,0.39195979899497485,0.5714285714285714,0.5591397849462365,0.5641025641025641,0.39195979899497485,0.5714285714285714,0.5591397849462365,0.0,0.0,0.0,0.0
bull_to_neutral,0.22,0.9,5.0,-0.05,0,156,156,0.5641025641025641,0.39195979899497485,0.5714285714285714,0.5591397849462365,0.5641025641025641,0.39195979899497485,0.5714285714285714,0.5591397849462365,0.0,0.0,0.0,0.0
bull_to_bear,0.22,0.9,5.0,-0.05,0,156,156,0.5641025641025641,0.39195979899497485,0.5714285714285714,0.5591397849462365,0.5641025641025641,0.39195979899497485,0.5714285714285714,0.5591397849462365,0.0,0.0,0.0,0.0
bull_to_neutral,0.22,0.9,5.0,-0.1,0,156,156,0.5641025641025641,0.39195979899497485,0.5714285714285714,0.5591397849462365,0.5641025641025641,0.39195979899497485,0.5714285714285714,0.5591397849462365,0.0,0.0,0.0,0.0
bull_to_bear,0.22,0.9,5.0,-0.1,0,156,156,0.5641025641025641,0.39195979899497485,0.5714285714285714,0.5591397849462365,0.5641025641025641,0.39195979899497485,0.5714285714285714,0.5591397849462365,0.0,0.0,0.0,0.0
bull_to_neutral,0.22,0.9,10.0,,0,156,156,0.5641025641025641,0.39195979899497485,0.5714285714285714,0.5591397849462365,0.5641025641025641,0.39195979899497485,0.5714285714285714,0.5591397849462365,0.0,0.0,0.0,0.0
bull_to_bear,0.22,0.9,10.0,,0,156,156,0.5641025641025641,0.39195979899497485,0.5714285714285714,0.5591397849462365,0.5641025641025641,0.39195979899497485,0.5714285714285714,0.5591397849462365,0.0,0.0,0.0,0.0
bull_to_neutral,0.22,0.9,10.0,0.0,0,156,156,0.5641025641025641,0.39195979899497485,0.5714285714285714,0.5591397849462365,0.5641025641025641,0.39195979899497485,0.5714285714285714,0.5591397849462365,0.0,0.0,0.0,0.0
bull_to_bear,0.22,0.9,10.0,0.0,0,156,156,0.5641025641025641,0.39195979899497485,0.5714285714285714,0.5591397849462365,0.5641025641025641,0.39195979899497485,0.5714285714285714,0.5591397849462365,0.0,0.0,0.0,0.0
bull_to_neutral,0.22,0.9,10.0,-0.05,0,156,156,0.5641025641025641,0.39195979899497485,0.5714285714285714,0.5591397849462365,0.5641025641025641,0.39195979899497485,0.5714285714285714,0.5591397849462365,0.0,0.0,0.0,0.0
bull_to_bear,0.22,0.9,10.0,-0.05,0,156,156,0.5641025641025641,0.39195979899497485,0.5714285714285714,0.5591397849462365,0.5641025641025641,0.39195979899497485,0.5714285714285714,0.5591397849462365,0.0,0.0,0.0,0.0
bull_to_neutral,0.22,0.9,10.0,-0.1,0,156,156,0.5641025641025641,0.39195979899497485,0.5714285714285714,0.5591397849462365,0.5641025641025641,0.39195979899497485,0.5714285714285714,0.5591397849462365,0.0,0.0,0.0,0.0
bull_to_bear,0.22,0.9,10.0,-0.1,0,156,156,0.5641025641025641,0.39195979899497485,0.5714285714285714,0.5591397849462365,0.5641025641025641,0.39195979899497485,0.5714285714285714,0.5591397849462365,0.0,0.0,0.0,0.0
bull_to_neutral,0.22,0.9,15.0,,0,156,156,0.5641025641025641,0.39195979899497485,0.5714285714285714,0.5591397849462365,0.5641025641025641,0.39195979899497485,0.5714285714285714,0.5591397849462365,0.0,0.0,0.0,0.0
bull_to_bear,0.22,0.9,15.0,,0,156,156,0.5641025641025641,0.39195979899497485,0.5714285714285714,0.5591397849462365,0.5641025641025641,0.39195979899497485,0.5714285714285714,0.5591397849462365,0.0,0.0,0.0,0.0
bull_to_neutral,0.22,0.9,15.0,0.0,0,156,156,0.5641025641025641,0.39195979899497485,0.5714285714285714,0.5591397849462365,0.5641025641025641,0.39195979899497485,0.5714285714285714,0.5591397849462365,0.0,0.0,0.0,0.0
bull_to_bear,0.22,0.9,15.0,0.0,0,156,156,0.5641025641025641,0.39195979899497485,0.5714285714285714,0.5591397849462365,0.5641025641025641,0.39195979899497485,0.5714285714285714,0.5591397849462365,0.0,0.0,0.0,0.0
bull_to_neutral,0.22,0.9,15.0,-0.05,0,156,156,0.5641025641025641,0.39195979899497485,0.5714285714285714,0.5591397849462365,0.5641025641025641,0.39195979899497485,0.5714285714285714,0.5591397849462365,0.0,0.0,0.0,0.0
bull_to_bear,0.22,0.9,15.0,-0.05,0,156,156,0.5641025641025641,0.39195979899497485,0.5714285714285714,0.5591397849462365,0.5641025641025641,0.39195979899497485,0.5714285714285714,0.5591397849462365,0.0,0.0,0.0,0.0
bull_to_neutral,0.22,0.9,15.0,-0.1,0,156,156,0.5641025641025641,0.39195979899497485,0.5714285714285714,0.5591397849462365,0.5641025641025641,0.39195979899497485,0.5714285714285714,0.5591397849462365,0.0,0.0,0.0,0.0
bull_to_bear,0.22,0.9,15.0,-0.1,0,156,156,0.5641025641025641,0.39195979899497485,0.5714285714285714,0.5591397849462365,0.5641025641025641,0.39195979899497485,0.5714285714285714,0.5591397849462365,0.0,0.0,0.0,0.0
bull_to_neutral,0.25,1.0,,,6,150,156,0.5641025641025641,0.39195979899497485,0.5714285714285714,0.5591397849462365,0.5733333333333334,0.3768844221105528,0.5964912280701754,0.5591397849462365,0.009230769230769265,-0.015075376884422065,0.02506265664160401,0.0
bull_to_bear,0.25,1.0,,,6,156,156,0.5641025641025641,0.39195979899497485,0.5714285714285714,0.5591397849462365,0.5769230769230769,0.39195979899497485,0.5964912280701754,0.5656565656565656,0.012820512820512775,0.0,0.02506265664160401,0.006516780710329129
bull_to_neutral,0.25,1.0,,0.0,5,151,156,0.5641025641025641,0.39195979899497485,0.5714285714285714,0.5591397849462365,0.5695364238410596,0.3793969849246231,0.5862068965517241,0.5591397849462365,0.005433859738495528,-0.012562814070351758,0.014778325123152691,0.0
bull_to_bear,0.25,1.0,,0.0,5,156,156,0.5641025641025641,0.39195979899497485,0.5714285714285714,0.5591397849462365,0.5705128205128205,0.39195979899497485,0.5862068965517241,0.5612244897959183,0.0064102564102563875,0.0,0.014778325123152691,0.0020847048496818177
bull_to_neutral,0.25,1.0,,-0.05,4,152,156,0.5641025641025641,0.39195979899497485,0.5714285714285714,0.5591397849462365,0.5657894736842105,0.38190954773869346,0.576271186440678,0.5591397849462365,0.001686909581646412,-0.010050251256281395,0.004842615012106588,0.0
bull_to_bear,0.25,1.0,,-0.05,4,156,156,0.5641025641025641,0.39195979899497485,0.5714285714285714,0.5591397849462365,0.5641025641025641,0.39195979899497485,0.576271186440678,0.5567010309278351,0.0,0.0,0.004842615012106588,-0.0024387540184014345
bull_to_neutral,0.25,1.0,,-0.1,4,152,156,0.5641025641025641,0.39195979899497485,0.5714285714285714,0.5591397849462365,0.5657894736842105,0.38190954773869346,0.576271186440678,0.5591397849462365,0.001686909581646412,-0.010050251256281395,0.004842615012106588,0.0
bull_to_bear,0.25,1.0,,-0.1,4,156,156,0.5641025641025641,0.39195979899497485,0.5714285714285714,0.5591397849462365,0.5641025641025641,0.39195979899497485,0.576271186440678,0.5567010309278351,0.0,0.0,0.004842615012106588,-0.0024387540184014345
bull_to_neutral,0.25,1.0,0.0,,2,154,156,0.5641025641025641,0.39195979899497485,0.5714285714285714,0.5591397849462365,0.564935064935065,0.3869346733668342,0.5737704918032787,0.5591397849462365,0.0008325008325008598,-0.00502512562814067,0.0023419203747072626,0.0
bull_to_bear,0.25,1.0,0.0,,2,156,156,0.5641025641025641,0.39195979899497485,0.5714285714285714,0.5591397849462365,0.5641025641025641,0.39195979899497485,0.5737704918032787,0.5578947368421052,0.0,0.0,0.0023419203747072626,-0.0012450481041312855
bull_to_neutral,0.25,1.0,0.0,0.0,2,154,156,0.5641025641025641,0.39195979899497485,0.5714285714285714,0.5591397849462365,0.564935064935065,0.3869346733668342,0.5737704918032787,0.5591397849462365,0.0008325008325008598,-0.00502512562814067,0.0023419203747072626,0.0
bull_to_bear,0.25,1.0,0.0,0.0,2,156,156,0.5641025641025641,0.39195979899497485,0.5714285714285714,0.5591397849462365,0.5641025641025641,0.39195979899497485,0.5737704918032787,0.5578947368421052,0.0,0.0,0.0023419203747072626,-0.0012450481041312855
bull_to_neutral,0.25,1.0,0.0,-0.05,2,154,156,0.5641025641025641,0.39195979899497485,0.5714285714285714,0.5591397849462365,0.564935064935065,0.3869346733668342,0.5737704918032787,0.5591397849462365,0.0008325008325008598,-0.00502512562814067,0.0023419203747072626,0.0
bull_to_bear,0.25,1.0,0.0,-0.05,2,156,156,0.5641025641025641,0.39195979899497485,0.5714285714285714,0.5591397849462365,0.5641025641025641,0.39195979899497485,0.5737704918032787,0.5578947368421052,0.0,0.0,0.0023419203747072626,-0.0012450481041312855
bull_to_neutral,0.25,1.0,0.0,-0.1,2,154,156,0.5641025641025641,0.39195979899497485,0.5714285714285714,0.5591397849462365,0.564935064935065,0.3869346733668342,0.5737704918032787,0.5591397849462365,0.0008325008325008598,-0.00502512562814067,0.0023419203747072626,0.0
bull_to_bear,0.25,1.0,0.0,-0.1,2,156,156,0.5641025641025641,0.39195979899497485,0.5714285714285714,0.5591397849462365,0.5641025641025641,0.39195979899497485,0.5737704918032787,0.5578947368421052,0.0,0.0,0.0023419203747072626,-0.0012450481041312855
bull_to_neutral,0.25,1.0,5.0,,2,154,156,0.5641025641025641,0.39195979899497485,0.5714285714285714,0.5591397849462365,0.564935064935065,0.3869346733668342,0.5737704918032787,0.5591397849462365,0.0008325008325008598,-0.00502512562814067,0.0023419203747072626,0.0
bull_to_bear,0.25,1.0,5.0,,2,156,156,0.5641025641025641,0.39195979899497485,0.5714285714285714,0.5591397849462365,0.5641025641025641,0.39195979899497485,0.5737704918032787,0.5578947368421052,0.0,0.0,0.0023419203747072626,-0.0012450481041312855
bull_to_neutral,0.25,1.0,5.0,0.0,2,154,156,0.5641025641025641,0.39195979899497485,0.5714285714285714,0.5591397849462365,0.564935064935065,0.3869346733668342,0.5737704918032787,0.5591397849462365,0.0008325008325008598,-0.00502512562814067,0.0023419203747072626,0.0
bull_to_bear,0.25,1.0,5.0,0.0,2,156,156,0.5641025641025641,0.39195979899497485,0.5714285714285714,0.5591397849462365,0.5641025641025641,0.39195979899497485,0.5737704918032787,0.5578947368421052,0.0,0.0,0.0023419203747072626,-0.0012450481041312855
bull_to_neutral,0.25,1.0,5.0,-0.05,2,154,156,0.5641025641025641,0.39195979899497485,0.5714285714285714,0.5591397849462365,0.564935064935065,0.3869346733668342,0.5737704918032787,0.5591397849462365,0.0008325008325008598,-0.00502512562814067,0.0023419203747072626,0.0
bull_to_bear,0.25,1.0,5.0,-0.05,2,156,156,0.5641025641025641,0.39195979899497485,0.5714285714285714,0.5591397849462365,0.5641025641025641,0.39195979899497485,0.5737704918032787,0.5578947368421052,0.0,0.0,0.0023419203747072626,-0.0012450481041312855
bull_to_neutral,0.25,1.0,5.0,-0.1,2,154,156,0.5641025641025641,0.39195979899497485,0.5714285714285714,0.5591397849462365,0.564935064935065,0.3869346733668342,0.5737704918032787,0.5591397849462365,0.0008325008325008598,-0.00502512562814067,0.0023419203747072626,0.0
bull_to_bear,0.25,1.0,5.0,-0.1,2,156,156,0.5641025641025641,0.39195979899497485,0.5714285714285714,0.5591397849462365,0.5641025641025641,0.39195979899497485,0.5737704918032787,0.5578947368421052,0.0,0.0,0.0023419203747072626,-0.0012450481041312855
bull_to_neutral,0.25,1.0,10.0,,2,154,156,0.5641025641025641,0.39195979899497485,0.5714285714285714,0.5591397849462365,0.564935064935065,0.3869346733668342,0.5737704918032787,0.5591397849462365,0.0008325008325008598,-0.00502512562814067,0.0023419203747072626,0.0
bull_to_bear,0.25,1.0,10.0,,2,156,156,0.5641025641025641,0.39195979899497485,0.5714285714285714,0.5591397849462365,0.5641025641025641,0.39195979899497485,0.5737704918032787,0.5578947368421052,0.0,0.0,0.0023419203747072626,-0.0012450481041312855
bull_to_neutral,0.25,1.0,10.0,0.0,2,154,156,0.5641025641025641,0.39195979899497485,0.5714285714285714,0.5591397849462365,0.564935064935065,0.3869346733668342,0.5737704918032787,0.5591397849462365,0.0008325008325008598,-0.00502512562814067,0.0023419203747072626,0.0
bull_to_bear,0.25,1.0,10.0,0.0,2,156,156,0.5641025641025641,0.39195979899497485,0.5714285714285714,0.5591397849462365,0.5641025641025641,0.39195979899497485,0.5737704918032787,0.5578947368421052,0.0,0.0,0.0023419203747072626,-0.0012450481041312855
bull_to_neutral,0.25,1.0,10.0,-0.05,2,154,156,0.5641025641025641,0.39195979899497485,0.5714285714285714,0.5591397849462365,0.564935064935065,0.3869346733668342,0.5737704918032787,0.5591397849462365,0.0008325008325008598,-0.00502512562814067,0.0023419203747072626,0.0
bull_to_bear,0.25,1.0,10.0,-0.05,2,156,156,0.5641025641025641,0.39195979899497485,0.5714285714285714,0.5591397849462365,0.5641025641025641,0.39195979899497485,0.5737704918032787,0.5578947368421052,0.0,0.0,0.0023419203747072626,-0.0012450481041312855
bull_to_neutral,0.25,1.0,10.0,-0.1,2,154,156,0.5641025641025641,0.39195979899497485,0.5714285714285714,0.5591397849462365,0.564935064935065,0.3869346733668342,0.5737704918032787,0.5591397849462365,0.0008325008325008598,-0.00502512562814067,0.0023419203747072626,0.0
bull_to_bear,0.25,1.0,10.0,-0.1,2,156,156,0.5641025641025641,0.39195979899497485,0.5714285714285714,0.5591397849462365,0.5641025641025641,0.39195979899497485,0.5737704918032787,0.5578947368421052,0.0,0.0,0.0023419203747072626,-0.0012450481041312855
bull_to_neutral,0.25,1.0,15.0,,2,154,156,0.5641025641025641,0.39195979899497485,0.5714285714285714,0.5591397849462365,0.564935064935065,0.3869346733668342,0.5737704918032787,0.5591397849462365,0.0008325008325008598,-0.00502512562814067,0.0023419203747072626,0.0
bull_to_bear,0.25,1.0,15.0,,2,156,156,0.5641025641025641,0.39195979899497485,0.5714285714285714,0.5591397849462365,0.5641025641025641,0.39195979899497485,0.5737704918032787,0.5578947368421052,0.0,0.0,0.0023419203747072626,-0.0012450481041312855
bull_to_neutral,0.25,1.0,15.0,0.0,2,154,156,0.5641025641025641,0.39195979899497485,0.5714285714285714,0.5591397849462365,0.564935064935065,0.3869346733668342,0.5737704918032787,0.5591397849462365,0.0008325008325008598,-0.00502512562814067,0.0023419203747072626,0.0
bull_to_bear,0.25,1.0,15.0,0.0,2,156,156,0.5641025641025641,0.39195979899497485,0.5714285714285714,0.5591397849462365,0.5641025641025641,0.39195979899497485,0.5737704918032787,0.5578947368421052,0.0,0.0,0.0023419203747072626,-0.0012450481041312855
bull_to_neutral,0.25,1.0,15.0,-0.05,2,154,156,0.5641025641025641,0.39195979899497485,0.5714285714285714,0.5591397849462365,0.564935064935065,0.3869346733668342,0.5737704918032787,0.5591397849462365,0.0008325008325008598,-0.00502512562814067,0.0023419203747072626,0.0
bull_to_bear,0.25,1.0,15.0,-0.05,2,156,156,0.5641025641025641,0.39195979899497485,0.5714285714285714,0.5591397849462365,0.5641025641025641,0.39195979899497485,0.5737704918032787,0.5578947368421052,0.0,0.0,0.0023419203747072626,-0.0012450481041312855
bull_to_neutral,0.25,1.0,15.0,-0.1,2,154,156,0.5641025641025641,0.39195979899497485,0.5714285714285714,0.5591397849462365,0.564935064935065,0.3869346733668342,0.5737704918032787,0.5591397849462365,0.0008325008325008598,-0.00502512562814067,0.0023419203747072626,0.0
bull_to_bear,0.25,1.0,15.0,-0.1,2,156,156,0.5641025641025641,0.39195979899497485,0.5714285714285714,0.5591397849462365,0.5641025641025641,0.39195979899497485,0.5737704918032787,0.5578947368421052,0.0,0.0,0.0023419203747072626,-0.0012450481041312855
bull_to_neutral,0.25,0.99,,,0,156,156,0.5641025641025641,0.39195979899497485,0.5714285714285714,0.5591397849462365,0.5641025641025641,0.39195979899497485,0.5714285714285714,0.5591397849462365,0.0,0.0,0.0,0.0
bull_to_bear,0.25,0.99,,,0,156,156,0.5641025641025641,0.39195979899497485,0.5714285714285714,0.5591397849462365,0.5641025641025641,0.39195979899497485,0.5714285714285714,0.5591397849462365,0.0,0.0,0.0,0.0
bull_to_neutral,0.25,0.99,,0.0,0,156,156,0.5641025641025641,0.39195979899497485,0.5714285714285714,0.5591397849462365,0.5641025641025641,0.39195979899497485,0.5714285714285714,0.5591397849462365,0.0,0.0,0.0,0.0
bull_to_bear,0.25,0.99,,0.0,0,156,156,0.5641025641025641,0.39195979899497485,0.5714285714285714,0.5591397849462365,0.5641025641025641,0.39195979899497485,0.5714285714285714,0.5591397849462365,0.0,0.0,0.0,0.0
bull_to_neutral,0.25,0.99,,-0.05,0,156,156,0.5641025641025641,0.39195979899497485,0.5714285714285714,0.5591397849462365,0.5641025641025641,0.39195979899497485,0.5714285714285714,0.5591397849462365,0.0,0.0,0.0,0.0
bull_to_bear,0.25,0.99,,-0.05,0,156,156,0.5641025641025641,0.39195979899497485,0.5714285714285714,0.5591397849462365,0.5641025641025641,0.39195979899497485,0.5714285714285714,0.5591397849462365,0.0,0.0,0.0,0.0
bull_to_neutral,0.25,0.99,,-0.1,0,156,156,0.5641025641025641,0.39195979899497485,0.5714285714285714,0.5591397849462365,0.5641025641025641,0.39195979899497485,0.5714285714285714,0.5591397849462365,0.0,0.0,0.0,0.0
bull_to_bear,0.25,0.99,,-0.1,0,156,156,0.5641025641025641,0.39195979899497485,0.5714285714285714,0.5591397849462365,0.5641025641025641,0.39195979899497485,0.5714285714285714,0.5591397849462365,0.0,0.0,0.0,0.0
bull_to_neutral,0.25,0.99,0.0,,0,156,156,0.5641025641025641,0.39195979899497485,0.5714285714285714,0.5591397849462365,0.5641025641025641,0.39195979899497485,0.5714285714285714,0.5591397849462365,0.0,0.0,0.0,0.0
bull_to_bear,0.25,0.99,0.0,,0,156,156,0.5641025641025641,0.39195979899497485,0.5714285714285714,0.5591397849462365,0.5641025641025641,0.39195979899497485,0.5714285714285714,0.5591397849462365,0.0,0.0,0.0,0.0
bull_to_neutral,0.25,0.99,0.0,0.0,0,156,156,0.5641025641025641,0.39195979899497485,0.5714285714285714,0.5591397849462365,0.5641025641025641,0.39195979899497485,0.5714285714285714,0.5591397849462365,0.0,0.0,0.0,0.0
bull_to_bear,0.25,0.99,0.0,0.0,0,156,156,0.5641025641025641,0.39195979899497485,0.5714285714285714,0.5591397849462365,0.5641025641025641,0.39195979899497485,0.5714285714285714,0.5591397849462365,0.0,0.0,0.0,0.0
bull_to_neutral,0.25,0.99,0.0,-0.05,0,156,156,0.5641025641025641,0.39195979899497485,0.5714285714285714,0.5591397849462365,0.5641025641025641,0.39195979899497485,0.5714285714285714,0.5591397849462365,0.0,0.0,0.0,0.0
bull_to_bear,0.25,0.99,0.0,-0.05,0,156,156,0.5641025641025641,0.39195979899497485,0.5714285714285714,0.5591397849462365,0.5641025641025641,0.39195979899497485,0.5714285714285714,0.5591397849462365,0.0,0.0,0.0,0.0
bull_to_neutral,0.25,0.99,0.0,-0.1,0,156,156,0.5641025641025641,0.39195979899497485,0.5714285714285714,0.5591397849462365,0.5641025641025641,0.39195979899497485,0.5714285714285714,0.5591397849462365,0.0,0.0,0.0,0.0
bull_to_bear,0.25,0.99,0.0,-0.1,0,156,156,0.5641025641025641,0.39195979899497485,0.5714285714285714,0.5591397849462365,0.5641025641025641,0.39195979899497485,0.5714285714285714,0.5591397849462365,0.0,0.0,0.0,0.0
bull_to_neutral,0.25,0.99,5.0,,0,156,156,0.5641025641025641,0.39195979899497485,0.5714285714285714,0.5591397849462365,0.5641025641025641,0.39195979899497485,0.5714285714285714,0.5591397849462365,0.0,0.0,0.0,0.0
bull_to_bear,0.25,0.99,5.0,,0,156,156,0.5641025641025641,0.39195979899497485,0.5714285714285714,0.5591397849462365,0.5641025641025641,0.39195979899497485,0.5714285714285714,0.5591397849462365,0.0,0.0,0.0,0.0
bull_to_neutral,0.25,0.99,5.0,0.0,0,156,156,0.5641025641025641,0.39195979899497485,0.5714285714285714,0.5591397849462365,0.5641025641025641,0.39195979899497485,0.5714285714285714,0.5591397849462365,0.0,0.0,0.0,0.0
bull_to_bear,0.25,0.99,5.0,0.0,0,156,156,0.5641025641025641,0.39195979899497485,0.5714285714285714,0.5591397849462365,0.5641025641025641,0.39195979899497485,0.5714285714285714,0.5591397849462365,0.0,0.0,0.0,0.0
bull_to_neutral,0.25,0.99,5.0,-0.05,0,156,156,0.5641025641025641,0.39195979899497485,0.5714285714285714,0.5591397849462365,0.5641025641025641,0.39195979899497485,0.5714285714285714,0.5591397849462365,0.0,0.0,0.0,0.0
bull_to_bear,0.25,0.99,5.0,-0.05,0,156,156,0.5641025641025641,0.39195979899497485,0.5714285714285714,0.5591397849462365,0.5641025641025641,0.39195979899497485,0.5714285714285714,0.5591397849462365,0.0,0.0,0.0,0.0
bull_to_neutral,0.25,0.99,5.0,-0.1,0,156,156,0.5641025641025641,0.39195979899497485,0.5714285714285714,0.5591397849462365,0.5641025641025641,0.39195979899497485,0.5714285714285714,0.5591397849462365,0.0,0.0,0.0,0.0
bull_to_bear,0.25,0.99,5.0,-0.1,0,156,156,0.5641025641025641,0.39195979899497485,0.5714285714285714,0.5591397849462365,0.5641025641025641,0.39195979899497485,0.5714285714285714,0.5591397849462365,0.0,0.0,0.0,0.0
bull_to_neutral,0.25,0.99,10.0,,0,156,156,0.5641025641025641,0.39195979899497485,0.5714285714285714,0.5591397849462365,0.5641025641025641,0.39195979899497485,0.5714285714285714,0.5591397849462365,0.0,0.0,0.0,0.0
bull_to_bear,0.25,0.99,10.0,,0,156,156,0.5641025641025641,0.39195979899497485,0.5714285714285714,0.5591397849462365,0.5641025641025641,0.39195979899497485,0.5714285714285714,0.5591397849462365,0.0,0.0,0.0,0.0
bull_to_neutral,0.25,0.99,10.0,0.0,0,156,156,0.5641025641025641,0.39195979899497485,0.5714285714285714,0.5591397849462365,0.5641025641025641,0.39195979899497485,0.5714285714285714,0.5591397849462365,0.0,0.0,0.0,0.0
bull_to_bear,0.25,0.99,10.0,0.0,0,156,156,0.5641025641025641,0.39195979899497485,0.5714285714285714,0.5591397849462365,0.5641025641025641,0.39195979899497485,0.5714285714285714,0.5591397849462365,0.0,0.0,0.0,0.0
bull_to_neutral,0.25,0.99,10.0,-0.05,0,156,156,0.5641025641025641,0.39195979899497485,0.5714285714285714,0.5591397849462365,0.5641025641025641,0.39195979899497485,0.5714285714285714,0.5591397849462365,0.0,0.0,0.0,0.0
bull_to_bear,0.25,0.99,10.0,-0.05,0,156,156,0.5641025641025641,0.39195979899497485,0.5714285714285714,0.5591397849462365,0.5641025641025641,0.39195979899497485,0.5714285714285714,0.5591397849462365,0.0,0.0,0.0,0.0
bull_to_neutral,0.25,0.99,10.0,-0.1,0,156,156,0.5641025641025641,0.39195979899497485,0.5714285714285714,0.5591397849462365,0.5641025641025641,0.39195979899497485,0.5714285714285714,0.5591397849462365,0.0,0.0,0.0,0.0
bull_to_bear,0.25,0.99,10.0,-0.1,0,156,156,0.5641025641025641,0.39195979899497485,0.5714285714285714,0.5591397849462365,0.5641025641025641,0.39195979899497485,0.5714285714285714,0.5591397849462365,0.0,0.0,0.0,0.0
bull_to_neutral,0.25,0.99,15.0,,0,156,156,0.5641025641025641,0.39195979899497485,0.5714285714285714,0.5591397849462365,0.5641025641025641,0.39195979899497485,0.5714285714285714,0.5591397849462365,0.0,0.0,0.0,0.0
bull_to_bear,0.25,0.99,15.0,,0,156,156,0.5641025641025641,0.39195979899497485,0.5714285714285714,0.5591397849462365,0.5641025641025641,0.39195979899497485,0.5714285714285714,0.5591397849462365,0.0,0.0,0.0,0.0
bull_to_neutral,0.25,0.99,15.0,0.0,0,156,156,0.5641025641025641,0.39195979899497485,0.5714285714285714,0.5591397849462365,0.5641025641025641,0.39195979899497485,0.5714285714285714,0.5591397849462365,0.0,0.0,0.0,0.0
bull_to_bear,0.25,0.99,15.0,0.0,0,156,156,0.5641025641025641,0.39195979899497485,0.5714285714285714,0.5591397849462365,0.5641025641025641,0.39195979899497485,0.5714285714285714,0.5591397849462365,0.0,0.0,0.0,0.0
bull_to_neutral,0.25,0.99,15.0,-0.05,0,156,156,0.5641025641025641,0.39195979899497485,0.5714285714285714,0.5591397849462365,0.5641025641025641,0.39195979899497485,0.5714285714285714,0.5591397849462365,0.0,0.0,0.0,0.0
bull_to_bear,0.25,0.99,15.0,-0.05,0,156,156,0.5641025641025641,0.39195979899497485,0.5714285714285714,0.5591397849462365,0.5641025641025641,0.39195979899497485,0.5714285714285714,0.5591397849462365,0.0,0.0,0.0,0.0
bull_to_neutral,0.25,0.99,15.0,-0.1,0,156,156,0.5641025641025641,0.39195979899497485,0.5714285714285714,0.5591397849462365,0.5641025641025641,0.39195979899497485,0.5714285714285714,0.5591397849462365,0.0,0.0,0.0,0.0
bull_to_bear,0.25,0.99,15.0,-0.1,0,156,156,0.5641025641025641,0.39195979899497485,0.5714285714285714,0.5591397849462365,0.5641025641025641,0.39195979899497485,0.5714285714285714,0.5591397849462365,0.0,0.0,0.0,0.0
bull_to_neutral,0.25,0.98,,,0,156,156,0.5641025641025641,0.39195979899497485,0.5714285714285714,0.5591397849462365,0.5641025641025641,0.39195979899497485,0.5714285714285714,0.5591397849462365,0.0,0.0,0.0,0.0
bull_to_bear,0.25,0.98,,,0,156,156,0.5641025641025641,0.39195979899497485,0.5714285714285714,0.5591397849462365,0.5641025641025641,0.39195979899497485,0.5714285714285714,0.5591397849462365,0.0,0.0,0.0,0.0
bull_to_neutral,0.25,0.98,,0.0,0,156,156,0.5641025641025641,0.39195979899497485,0.5714285714285714,0.5591397849462365,0.5641025641025641,0.39195979899497485,0.5714285714285714,0.5591397849462365,0.0,0.0,0.0,0.0
bull_to_bear,0.25,0.98,,0.0,0,156,156,0.5641025641025641,0.39195979899497485,0.5714285714285714,0.5591397849462365,0.5641025641025641,0.39195979899497485,0.5714285714285714,0.5591397849462365,0.0,0.0,0.0,0.0
bull_to_neutral,0.25,0.98,,-0.05,0,156,156,0.5641025641025641,0.39195979899497485,0.5714285714285714,0.5591397849462365,0.5641025641025641,0.39195979899497485,0.5714285714285714,0.5591397849462365,0.0,0.0,0.0,0.0
bull_to_bear,0.25,0.98,,-0.05,0,156,156,0.5641025641025641,0.39195979899497485,0.5714285714285714,0.5591397849462365,0.5641025641025641,0.39195979899497485,0.5714285714285714,0.5591397849462365,0.0,0.0,0.0,0.0
bull_to_neutral,0.25,0.98,,-0.1,0,156,156,0.5641025641025641,0.39195979899497485,0.5714285714285714,0.5591397849462365,0.5641025641025641,0.39195979899497485,0.5714285714285714,0.5591397849462365,0.0,0.0,0.0,0.0
bull_to_bear,0.25,0.98,,-0.1,0,156,156,0.5641025641025641,0.39195979899497485,0.5714285714285714,0.5591397849462365,0.5641025641025641,0.39195979899497485,0.5714285714285714,0.5591397849462365,0.0,0.0,0.0,0.0
bull_to_neutral,0.25,0.98,0.0,,0,156,156,0.5641025641025641,0.39195979899497485,0.5714285714285714,0.5591397849462365,0.5641025641025641,0.39195979899497485,0.5714285714285714,0.5591397849462365,0.0,0.0,0.0,0.0
bull_to_bear,0.25,0.98,0.0,,0,156,156,0.5641025641025641,0.39195979899497485,0.5714285714285714,0.5591397849462365,0.5641025641025641,0.39195979899497485,0.5714285714285714,0.5591397849462365,0.0,0.0,0.0,0.0
bull_to_neutral,0.25,0.98,0.0,0.0,0,156,156,0.5641025641025641,0.39195979899497485,0.5714285714285714,0.5591397849462365,0.5641025641025641,0.39195979899497485,0.5714285714285714,0.5591397849462365,0.0,0.0,0.0,0.0
bull_to_bear,0.25,0.98,0.0,0.0,0,156,156,0.5641025641025641,0.39195979899497485,0.5714285714285714,0.5591397849462365,0.5641025641025641,0.39195979899497485,0.5714285714285714,0.5591397849462365,0.0,0.0,0.0,0.0
bull_to_neutral,0.25,0.98,0.0,-0.05,0,156,156,0.5641025641025641,0.39195979899497485,0.5714285714285714,0.5591397849462365,0.5641025641025641,0.39195979899497485,0.5714285714285714,0.5591397849462365,0.0,0.0,0.0,0.0
bull_to_bear,0.25,0.98,0.0,-0.05,0,156,156,0.5641025641025641,0.39195979899497485,0.5714285714285714,0.5591397849462365,0.5641025641025641,0.39195979899497485,0.5714285714285714,0.5591397849462365,0.0,0.0,0.0,0.0
bull_to_neutral,0.25,0.98,0.0,-0.1,0,156,156,0.5641025641025641,0.39195979899497485,0.5714285714285714,0.5591397849462365,0.5641025641025641,0.39195979899497485,0.5714285714285714,0.5591397849462365,0.0,0.0,0.0,0.0
bull_to_bear,0.25,0.98,0.0,-0.1,0,156,156,0.5641025641025641,0.39195979899497485,0.5714285714285714,0.5591397849462365,0.5641025641025641,0.39195979899497485,0.5714285714285714,0.5591397849462365,0.0,0.0,0.0,0.0
bull_to_neutral,0.25,0.98,5.0,,0,156,156,0.5641025641025641,0.39195979899497485,0.5714285714285714,0.5591397849462365,0.5641025641025641,0.39195979899497485,0.5714285714285714,0.5591397849462365,0.0,0.0,0.0,0.0
bull_to_bear,0.25,0.98,5.0,,0,156,156,0.5641025641025641,0.39195979899497485,0.5714285714285714,0.5591397849462365,0.5641025641025641,0.39195979899497485,0.5714285714285714,0.5591397849462365,0.0,0.0,0.0,0.0
bull_to_neutral,0.25,0.98,5.0,0.0,0,156,156,0.5641025641025641,0.39195979899497485,0.5714285714285714,0.5591397849462365,0.5641025641025641,0.39195979899497485,0.5714285714285714,0.5591397849462365,0.0,0.0,0.0,0.0
bull_to_bear,0.25,0.98,5.0,0.0,0,156,156,0.5641025641025641,0.39195979899497485,0.5714285714285714,0.5591397849462365,0.5641025641025641,0.39195979899497485,0.5714285714285714,0.5591397849462365,0.0,0.0,0.0,0.0
bull_to_neutral,0.25,0.98,5.0,-0.05,0,156,156,0.5641025641025641,0.39195979899497485,0.5714285714285714,0.5591397849462365,0.5641025641025641,0.39195979899497485,0.5714285714285714,0.5591397849462365,0.0,0.0,0.0,0.0
bull_to_bear,0.25,0.98,5.0,-0.05,0,156,156,0.5641025641025641,0.39195979899497485,0.5714285714285714,0.5591397849462365,0.5641025641025641,0.39195979899497485,0.5714285714285714,0.5591397849462365,0.0,0.0,0.0,0.0
bull_to_neutral,0.25,0.98,5.0,-0.1,0,156,156,0.5641025641025641,0.39195979899497485,0.5714285714285714,0.5591397849462365,0.5641025641025641,0.39195979899497485,0.5714285714285714,0.5591397849462365,0.0,0.0,0.0,0.0
bull_to_bear,0.25,0.98,5.0,-0.1,0,156,156,0.5641025641025641,0.39195979899497485,0.5714285714285714,0.5591397849462365,0.5641025641025641,0.39195979899497485,0.5714285714285714,0.5591397849462365,0.0,0.0,0.0,0.0
bull_to_neutral,0.25,0.98,10.0,,0,156,156,0.5641025641025641,0.39195979899497485,0.5714285714285714,0.5591397849462365,0.5641025641025641,0.39195979899497485,0.5714285714285714,0.5591397849462365,0.0,0.0,0.0,0.0
bull_to_bear,0.25,0.98,10.0,,0,156,156,0.5641025641025641,0.39195979899497485,0.5714285714285714,0.5591397849462365,0.5641025641025641,0.39195979899497485,0.5714285714285714,0.5591397849462365,0.0,0.0,0.0,0.0
bull_to_neutral,0.25,0.98,10.0,0.0,0,156,156,0.5641025641025641,0.39195979899497485,0.5714285714285714,0.5591397849462365,0.5641025641025641,0.39195979899497485,0.5714285714285714,0.5591397849462365,0.0,0.0,0.0,0.0
bull_to_bear,0.25,0.98,10.0,0.0,0,156,156,0.5641025641025641,0.39195979899497485,0.5714285714285714,0.5591397849462365,0.5641025641025641,0.39195979899497485,0.5714285714285714,0.5591397849462365,0.0,0.0,0.0,0.0
bull_to_neutral,0.25,0.98,10.0,-0.05,0,156,156,0.5641025641025641,0.39195979899497485,0.5714285714285714,0.5591397849462365,0.5641025641025641,0.39195979899497485,0.5714285714285714,0.5591397849462365,0.0,0.0,0.0,0.0
bull_to_bear,0.25,0.98,10.0,-0.05,0,156,156,0.5641025641025641,0.39195979899497485,0.5714285714285714,0.5591397849462365,0.5641025641025641,0.39195979899497485,0.5714285714285714,0.5591397849462365,0.0,0.0,0.0,0.0
bull_to_neutral,0.25,0.98,10.0,-0.1,0,156,156,0.5641025641025641,0.39195979899497485,0.5714285714285714,0.5591397849462365,0.5641025641025641,0.39195979899497485,0.5714285714285714,0.5591397849462365,0.0,0.0,0.0,0.0
bull_to_bear,0.25,0.98,10.0,-0.1,0,156,156,0.5641025641025641,0.39195979899497485,0.5714285714285714,0.5591397849462365,0.5641025641025641,0.39195979899497485,0.5714285714285714,0.5591397849462365,0.0,0.0,0.0,0.0
bull_to_neutral,0.25,0.98,15.0,,0,156,156,0.5641025641025641,0.39195979899497485,0.5714285714285714,0.5591397849462365,0.5641025641025641,0.39195979899497485,0.5714285714285714,0.5591397849462365,0.0,0.0,0.0,0.0
bull_to_bear,0.25,0.98,15.0,,0,156,156,0.5641025641025641,0.39195979899497485,0.5714285714285714,0.5591397849462365,0.5641025641025641,0.39195979899497485,0.5714285714285714,0.5591397849462365,0.0,0.0,0.0,0.0
bull_to_neutral,0.25,0.98,15.0,0.0,0,156,156,0.5641025641025641,0.39195979899497485,0.5714285714285714,0.5591397849462365,0.5641025641025641,0.39195979899497485,0.5714285714285714,0.5591397849462365,0.0,0.0,0.0,0.0
bull_to_bear,0.25,0.98,15.0,0.0,0,156,156,0.5641025641025641,0.39195979899497485,0.5714285714285714,0.5591397849462365,0.5641025641025641,0.39195979899497485,0.5714285714285714,0.5591397849462365,0.0,0.0,0.0,0.0
bull_to_neutral,0.25,0.98,15.0,-0.05,0,156,156,0.5641025641025641,0.39195979899497485,0.5714285714285714,0.5591397849462365,0.5641025641025641,0.39195979899497485,0.5714285714285714,0.5591397849462365,0.0,0.0,0.0,0.0
bull_to_bear,0.25,0.98,15.0,-0.05,0,156,156,0.5641025641025641,0.39195979899497485,0.5714285714285714,0.5591397849462365,0.5641025641025641,0.39195979899497485,0.5714285714285714,0.5591397849462365,0.0,0.0,0.0,0.0
bull_to_neutral,0.25,0.98,15.0,-0.1,0,156,156,0.5641025641025641,0.39195979899497485,0.5714285714285714,0.5591397849462365,0.5641025641025641,0.39195979899497485,0.5714285714285714,0.5591397849462365,0.0,0.0,0.0,0.0
bull_to_bear,0.25,0.98,15.0,-0.1,0,156,156,0.5641025641025641,0.39195979899497485,0.5714285714285714,0.5591397849462365,0.5641025641025641,0.39195979899497485,0.5714285714285714,0.5591397849462365,0.0,0.0,0.0,0.0
bull_to_neutral,0.25,0.97,,,0,156,156,0.5641025641025641,0.39195979899497485,0.5714285714285714,0.5591397849462365,0.5641025641025641,0.39195979899497485,0.5714285714285714,0.5591397849462365,0.0,0.0,0.0,0.0
bull_to_bear,0.25,0.97,,,0,156,156,0.5641025641025641,0.39195979899497485,0.5714285714285714,0.5591397849462365,0.5641025641025641,0.39195979899497485,0.5714285714285714,0.5591397849462365,0.0,0.0,0.0,0.0
bull_to_neutral,0.25,0.97,,0.0,0,156,156,0.5641025641025641,0.39195979899497485,0.5714285714285714,0.5591397849462365,0.5641025641025641,0.39195979899497485,0.5714285714285714,0.5591397849462365,0.0,0.0,0.0,0.0
bull_to_bear,0.25,0.97,,0.0,0,156,156,0.5641025641025641,0.39195979899497485,0.5714285714285714,0.5591397849462365,0.5641025641025641,0.39195979899497485,0.5714285714285714,0.5591397849462365,0.0,0.0,0.0,0.0
bull_to_neutral,0.25,0.97,,-0.05,0,156,156,0.5641025641025641,0.39195979899497485,0.5714285714285714,0.5591397849462365,0.5641025641025641,0.39195979899497485,0.5714285714285714,0.5591397849462365,0.0,0.0,0.0,0.0
bull_to_bear,0.25,0.97,,-0.05,0,156,156,0.5641025641025641,0.39195979899497485,0.5714285714285714,0.5591397849462365,0.5641025641025641,0.39195979899497485,0.5714285714285714,0.5591397849462365,0.0,0.0,0.0,0.0
bull_to_neutral,0.25,0.97,,-0.1,0,156,156,0.5641025641025641,0.39195979899497485,0.5714285714285714,0.5591397849462365,0.5641025641025641,0.39195979899497485,0.5714285714285714,0.5591397849462365,0.0,0.0,0.0,0.0
bull_to_bear,0.25,0.97,,-0.1,0,156,156,0.5641025641025641,0.39195979899497485,0.5714285714285714,0.5591397849462365,0.5641025641025641,0.39195979899497485,0.5714285714285714,0.5591397849462365,0.0,0.0,0.0,0.0
bull_to_neutral,0.25,0.97,0.0,,0,156,156,0.5641025641025641,0.39195979899497485,0.5714285714285714,0.5591397849462365,0.5641025641025641,0.39195979899497485,0.5714285714285714,0.5591397849462365,0.0,0.0,0.0,0.0
bull_to_bear,0.25,0.97,0.0,,0,156,156,0.5641025641025641,0.39195979899497485,0.5714285714285714,0.5591397849462365,0.5641025641025641,0.39195979899497485,0.5714285714285714,0.5591397849462365,0.0,0.0,0.0,0.0
bull_to_neutral,0.25,0.97,0.0,0.0,0,156,156,0.5641025641025641,0.39195979899497485,0.5714285714285714,0.5591397849462365,0.5641025641025641,0.39195979899497485,0.5714285714285714,0.5591397849462365,0.0,0.0,0.0,0.0
bull_to_bear,0.25,0.97,0.0,0.0,0,156,156,0.5641025641025641,0.39195979899497485,0.5714285714285714,0.5591397849462365,0.5641025641025641,0.39195979899497485,0.5714285714285714,0.5591397849462365,0.0,0.0,0.0,0.0
bull_to_neutral,0.25,0.97,0.0,-0.05,0,156,156,0.5641025641025641,0.39195979899497485,0.5714285714285714,0.5591397849462365,0.5641025641025641,0.39195979899497485,0.5714285714285714,0.5591397849462365,0.0,0.0,0.0,0.0
bull_to_bear,0.25,0.97,0.0,-0.05,0,156,156,0.5641025641025641,0.39195979899497485,0.5714285714285714,0.5591397849462365,0.5641025641025641,0.39195979899497485,0.5714285714285714,0.5591397849462365,0.0,0.0,0.0,0.0
bull_to_neutral,0.25,0.97,0.0,-0.1,0,156,156,0.5641025641025641,0.39195979899497485,0.5714285714285714,0.5591397849462365,0.5641025641025641,0.39195979899497485,0.5714285714285714,0.5591397849462365,0.0,0.0,0.0,0.0
bull_to_bear,0.25,0.97,0.0,-0.1,0,156,156,0.5641025641025641,0.39195979899497485,0.5714285714285714,0.5591397849462365,0.5641025641025641,0.39195979899497485,0.5714285714285714,0.5591397849462365,0.0,0.0,0.0,0.0
bull_to_neutral,0.25,0.97,5.0,,0,156,156,0.5641025641025641,0.39195979899497485,0.5714285714285714,0.5591397849462365,0.5641025641025641,0.39195979899497485,0.5714285714285714,0.5591397849462365,0.0,0.0,0.0,0.0
bull_to_bear,0.25,0.97,5.0,,0,156,156,0.5641025641025641,0.39195979899497485,0.5714285714285714,0.5591397849462365,0.5641025641025641,0.39195979899497485,0.5714285714285714,0.5591397849462365,0.0,0.0,0.0,0.0
bull_to_neutral,0.25,0.97,5.0,0.0,0,156,156,0.5641025641025641,0.39195979899497485,0.5714285714285714,0.5591397849462365,0.5641025641025641,0.39195979899497485,0.5714285714285714,0.5591397849462365,0.0,0.0,0.0,0.0
bull_to_bear,0.25,0.97,5.0,0.0,0,156,156,0.5641025641025641,0.39195979899497485,0.5714285714285714,0.5591397849462365,0.5641025641025641,0.39195979899497485,0.5714285714285714,0.5591397849462365,0.0,0.0,0.0,0.0
bull_to_neutral,0.25,0.97,5.0,-0.05,0,156,156,0.5641025641025641,0.39195979899497485,0.5714285714285714,0.5591397849462365,0.5641025641025641,0.39195979899497485,0.5714285714285714,0.5591397849462365,0.0,0.0,0.0,0.0
bull_to_bear,0.25,0.97,5.0,-0.05,0,156,156,0.5641025641025641,0.39195979899497485,0.5714285714285714,0.5591397849462365,0.5641025641025641,0.39195979899497485,0.5714285714285714,0.5591397849462365,0.0,0.0,0.0,0.0
bull_to_neutral,0.25,0.97,5.0,-0.1,0,156,156,0.5641025641025641,0.39195979899497485,0.5714285714285714,0.5591397849462365,0.5641025641025641,0.39195979899497485,0.5714285714285714,0.5591397849462365,0.0,0.0,0.0,0.0
bull_to_bear,0.25,0.97,5.0,-0.1,0,156,156,0.5641025641025641,0.39195979899497485,0.5714285714285714,0.5591397849462365,0.5641025641025641,0.39195979899497485,0.5714285714285714,0.5591397849462365,0.0,0.0,0.0,0.0
bull_to_neutral,0.25,0.97,10.0,,0,156,156,0.5641025641025641,0.39195979899497485,0.5714285714285714,0.5591397849462365,0.5641025641025641,0.39195979899497485,0.5714285714285714,0.5591397849462365,0.0,0.0,0.0,0.0
bull_to_bear,0.25,0.97,10.0,,0,156,156,0.5641025641025641,0.39195979899497485,0.5714285714285714,0.5591397849462365,0.5641025641025641,0.39195979899497485,0.5714285714285714,0.5591397849462365,0.0,0.0,0.0,0.0
bull_to_neutral,0.25,0.97,10.0,0.0,0,156,156,0.5641025641025641,0.39195979899497485,0.5714285714285714,0.5591397849462365,0.5641025641025641,0.39195979899497485,0.5714285714285714,0.5591397849462365,0.0,0.0,0.0,0.0
bull_to_bear,0.25,0.97,10.0,0.0,0,156,156,0.5641025641025641,0.39195979899497485,0.5714285714285714,0.5591397849462365,0.5641025641025641,0.39195979899497485,0.5714285714285714,0.5591397849462365,0.0,0.0,0.0,0.0
bull_to_neutral,0.25,0.97,10.0,-0.05,0,156,156,0.5641025641025641,0.39195979899497485,0.5714285714285714,0.5591397849462365,0.5641025641025641,0.39195979899497485,0.5714285714285714,0.5591397849462365,0.0,0.0,0.0,0.0
bull_to_bear,0.25,0.97,10.0,-0.05,0,156,156,0.5641025641025641,0.39195979899497485,0.5714285714285714,0.5591397849462365,0.5641025641025641,0.39195979899497485,0.5714285714285714,0.5591397849462365,0.0,0.0,0.0,0.0
bull_to_neutral,0.25,0.97,10.0,-0.1,0,156,156,0.5641025641025641,0.39195979899497485,0.5714285714285714,0.5591397849462365,0.5641025641025641,0.39195979899497485,0.5714285714285714,0.5591397849462365,0.0,0.0,0.0,0.0
bull_to_bear,0.25,0.97,10.0,-0.1,0,156,156,0.5641025641025641,0.39195979899497485,0.5714285714285714,0.5591397849462365,0.5641025641025641,0.39195979899497485,0.5714285714285714,0.5591397849462365,0.0,0.0,0.0,0.0
bull_to_neutral,0.25,0.97,15.0,,0,156,156,0.5641025641025641,0.39195979899497485,0.5714285714285714,0.5591397849462365,0.5641025641025641,0.39195979899497485,0.5714285714285714,0.5591397849462365,0.0,0.0,0.0,0.0
bull_to_bear,0.25,0.97,15.0,,0,156,156,0.5641025641025641,0.39195979899497485,0.5714285714285714,0.5591397849462365,0.5641025641025641,0.39195979899497485,0.5714285714285714,0.5591397849462365,0.0,0.0,0.0,0.0
bull_to_neutral,0.25,0.97,15.0,0.0,0,156,156,0.5641025641025641,0.39195979899497485,0.5714285714285714,0.5591397849462365,0.5641025641025641,0.39195979899497485,0.5714285714285714,0.5591397849462365,0.0,0.0,0.0,0.0
bull_to_bear,0.25,0.97,15.0,0.0,0,156,156,0.5641025641025641,0.39195979899497485,0.5714285714285714,0.5591397849462365,0.5641025641025641,0.39195979899497485,0.5714285714285714,0.5591397849462365,0.0,0.0,0.0,0.0
bull_to_neutral,0.25,0.97,15.0,-0.05,0,156,156,0.5641025641025641,0.39195979899497485,0.5714285714285714,0.5591397849462365,0.5641025641025641,0.39195979899497485,0.5714285714285714,0.5591397849462365,0.0,0.0,0.0,0.0
bull_to_bear,0.25,0.97,15.0,-0.05,0,156,156,0.5641025641025641,0.39195979899497485,0.5714285714285714,0.5591397849462365,0.5641025641025641,0.39195979899497485,0.5714285714285714,0.5591397849462365,0.0,0.0,0.0,0.0
bull_to_neutral,0.25,0.97,15.0,-0.1,0,156,156,0.5641025641025641,0.39195979899497485,0.5714285714285714,0.5591397849462365,0.5641025641025641,0.39195979899497485,0.5714285714285714,0.5591397849462365,0.0,0.0,0.0,0.0
bull_to_bear,0.25,0.97,15.0,-0.1,0,156,156,0.5641025641025641,0.39195979899497485,0.5714285714285714,0.5591397849462365,0.5641025641025641,0.39195979899497485,0.5714285714285714,0.5591397849462365,0.0,0.0,0.0,0.0
bull_to_neutral,0.25,0.95,,,0,156,156,0.5641025641025641,0.39195979899497485,0.5714285714285714,0.5591397849462365,0.5641025641025641,0.39195979899497485,0.5714285714285714,0.5591397849462365,0.0,0.0,0.0,0.0
bull_to_bear,0.25,0.95,,,0,156,156,0.5641025641025641,0.39195979899497485,0.5714285714285714,0.5591397849462365,0.5641025641025641,0.39195979899497485,0.5714285714285714,0.5591397849462365,0.0,0.0,0.0,0.0
bull_to_neutral,0.25,0.95,,0.0,0,156,156,0.5641025641025641,0.39195979899497485,0.5714285714285714,0.5591397849462365,0.5641025641025641,0.39195979899497485,0.5714285714285714,0.5591397849462365,0.0,0.0,0.0,0.0
bull_to_bear,0.25,0.95,,0.0,0,156,156,0.5641025641025641,0.39195979899497485,0.5714285714285714,0.5591397849462365,0.5641025641025641,0.39195979899497485,0.5714285714285714,0.5591397849462365,0.0,0.0,0.0,0.0
bull_to_neutral,0.25,0.95,,-0.05,0,156,156,0.5641025641025641,0.39195979899497485,0.5714285714285714,0.5591397849462365,0.5641025641025641,0.39195979899497485,0.5714285714285714,0.5591397849462365,0.0,0.0,0.0,0.0
bull_to_bear,0.25,0.95,,-0.05,0,156,156,0.5641025641025641,0.39195979899497485,0.5714285714285714,0.5591397849462365,0.5641025641025641,0.39195979899497485,0.5714285714285714,0.5591397849462365,0.0,0.0,0.0,0.0
bull_to_neutral,0.25,0.95,,-0.1,0,156,156,0.5641025641025641,0.39195979899497485,0.5714285714285714,0.5591397849462365,0.5641025641025641,0.39195979899497485,0.5714285714285714,0.5591397849462365,0.0,0.0,0.0,0.0
bull_to_bear,0.25,0.95,,-0.1,0,156,156,0.5641025641025641,0.39195979899497485,0.5714285714285714,0.5591397849462365,0.5641025641025641,0.39195979899497485,0.5714285714285714,0.5591397849462365,0.0,0.0,0.0,0.0
bull_to_neutral,0.25,0.95,0.0,,0,156,156,0.5641025641025641,0.39195979899497485,0.5714285714285714,0.5591397849462365,0.5641025641025641,0.39195979899497485,0.5714285714285714,0.5591397849462365,0.0,0.0,0.0,0.0
bull_to_bear,0.25,0.95,0.0,,0,156,156,0.5641025641025641,0.39195979899497485,0.5714285714285714,0.5591397849462365,0.5641025641025641,0.39195979899497485,0.5714285714285714,0.5591397849462365,0.0,0.0,0.0,0.0
bull_to_neutral,0.25,0.95,0.0,0.0,0,156,156,0.5641025641025641,0.39195979899497485,0.5714285714285714,0.5591397849462365,0.5641025641025641,0.39195979899497485,0.5714285714285714,0.5591397849462365,0.0,0.0,0.0,0.0
bull_to_bear,0.25,0.95,0.0,0.0,0,156,156,0.5641025641025641,0.39195979899497485,0.5714285714285714,0.5591397849462365,0.5641025641025641,0.39195979899497485,0.5714285714285714,0.5591397849462365,0.0,0.0,0.0,0.0
bull_to_neutral,0.25,0.95,0.0,-0.05,0,156,156,0.5641025641025641,0.39195979899497485,0.5714285714285714,0.5591397849462365,0.5641025641025641,0.39195979899497485,0.5714285714285714,0.5591397849462365,0.0,0.0,0.0,0.0
bull_to_bear,0.25,0.95,0.0,-0.05,0,156,156,0.5641025641025641,0.39195979899497485,0.5714285714285714,0.5591397849462365,0.5641025641025641,0.39195979899497485,0.5714285714285714,0.5591397849462365,0.0,0.0,0.0,0.0
bull_to_neutral,0.25,0.95,0.0,-0.1,0,156,156,0.5641025641025641,0.39195979899497485,0.5714285714285714,0.5591397849462365,0.5641025641025641,0.39195979899497485,0.5714285714285714,0.5591397849462365,0.0,0.0,0.0,0.0
bull_to_bear,0.25,0.95,0.0,-0.1,0,156,156,0.5641025641025641,0.39195979899497485,0.5714285714285714,0.5591397849462365,0.5641025641025641,0.39195979899497485,0.5714285714285714,0.5591397849462365,0.0,0.0,0.0,0.0
bull_to_neutral,0.25,0.95,5.0,,0,156,156,0.5641025641025641,0.39195979899497485,0.5714285714285714,0.5591397849462365,0.5641025641025641,0.39195979899497485,0.5714285714285714,0.5591397849462365,0.0,0.0,0.0,0.0
bull_to_bear,0.25,0.95,5.0,,0,156,156,0.5641025641025641,0.39195979899497485,0.5714285714285714,0.5591397849462365,0.5641025641025641,0.39195979899497485,0.5714285714285714,0.5591397849462365,0.0,0.0,0.0,0.0
bull_to_neutral,0.25,0.95,5.0,0.0,0,156,156,0.5641025641025641,0.39195979899497485,0.5714285714285714,0.5591397849462365,0.5641025641025641,0.39195979899497485,0.5714285714285714,0.5591397849462365,0.0,0.0,0.0,0.0
bull_to_bear,0.25,0.95,5.0,0.0,0,156,156,0.5641025641025641,0.39195979899497485,0.5714285714285714,0.5591397849462365,0.5641025641025641,0.39195979899497485,0.5714285714285714,0.5591397849462365,0.0,0.0,0.0,0.0
bull_to_neutral,0.25,0.95,5.0,-0.05,0,156,156,0.5641025641025641,0.39195979899497485,0.5714285714285714,0.5591397849462365,0.5641025641025641,0.39195979899497485,0.5714285714285714,0.5591397849462365,0.0,0.0,0.0,0.0
bull_to_bear,0.25,0.95,5.0,-0.05,0,156,156,0.5641025641025641,0.39195979899497485,0.5714285714285714,0.5591397849462365,0.5641025641025641,0.39195979899497485,0.5714285714285714,0.5591397849462365,0.0,0.0,0.0,0.0
bull_to_neutral,0.25,0.95,5.0,-0.1,0,156,156,0.5641025641025641,0.39195979899497485,0.5714285714285714,0.5591397849462365,0.5641025641025641,0.39195979899497485,0.5714285714285714,0.5591397849462365,0.0,0.0,0.0,0.0
bull_to_bear,0.25,0.95,5.0,-0.1,0,156,156,0.5641025641025641,0.39195979899497485,0.5714285714285714,0.5591397849462365,0.5641025641025641,0.39195979899497485,0.5714285714285714,0.5591397849462365,0.0,0.0,0.0,0.0
bull_to_neutral,0.25,0.95,10.0,,0,156,156,0.5641025641025641,0.39195979899497485,0.5714285714285714,0.5591397849462365,0.5641025641025641,0.39195979899497485,0.5714285714285714,0.5591397849462365,0.0,0.0,0.0,0.0
bull_to_bear,0.25,0.95,10.0,,0,156,156,0.5641025641025641,0.39195979899497485,0.5714285714285714,0.5591397849462365,0.5641025641025641,0.39195979899497485,0.5714285714285714,0.5591397849462365,0.0,0.0,0.0,0.0
bull_to_neutral,0.25,0.95,10.0,0.0,0,156,156,0.5641025641025641,0.39195979899497485,0.5714285714285714,0.5591397849462365,0.5641025641025641,0.39195979899497485,0.5714285714285714,0.5591397849462365,0.0,0.0,0.0,0.0
bull_to_bear,0.25,0.95,10.0,0.0,0,156,156,0.5641025641025641,0.39195979899497485,0.5714285714285714,0.5591397849462365,0.5641025641025641,0.39195979899497485,0.5714285714285714,0.5591397849462365,0.0,0.0,0.0,0.0
bull_to_neutral,0.25,0.95,10.0,-0.05,0,156,156,0.5641025641025641,0.39195979899497485,0.5714285714285714,0.5591397849462365,0.5641025641025641,0.39195979899497485,0.5714285714285714,0.5591397849462365,0.0,0.0,0.0,0.0
bull_to_bear,0.25,0.95,10.0,-0.05,0,156,156,0.5641025641025641,0.39195979899497485,0.5714285714285714,0.5591397849462365,0.5641025641025641,0.39195979899497485,0.5714285714285714,0.5591397849462365,0.0,0.0,0.0,0.0
bull_to_neutral,0.25,0.95,10.0,-0.1,0,156,156,0.5641025641025641,0.39195979899497485,0.5714285714285714,0.5591397849462365,0.5641025641025641,0.39195979899497485,0.5714285714285714,0.5591397849462365,0.0,0.0,0.0,0.0
bull_to_bear,0.25,0.95,10.0,-0.1,0,156,156,0.5641025641025641,0.39195979899497485,0.5714285714285714,0.5591397849462365,0.5641025641025641,0.39195979899497485,0.5714285714285714,0.5591397849462365,0.0,0.0,0.0,0.0
bull_to_neutral,0.25,0.95,15.0,,0,156,156,0.5641025641025641,0.39195979899497485,0.5714285714285714,0.5591397849462365,0.5641025641025641,0.39195979899497485,0.5714285714285714,0.5591397849462365,0.0,0.0,0.0,0.0
bull_to_bear,0.25,0.95,15.0,,0,156,156,0.5641025641025641,0.39195979899497485,0.5714285714285714,0.5591397849462365,0.5641025641025641,0.39195979899497485,0.5714285714285714,0.5591397849462365,0.0,0.0,0.0,0.0
bull_to_neutral,0.25,0.95,15.0,0.0,0,156,156,0.5641025641025641,0.39195979899497485,0.5714285714285714,0.5591397849462365,0.5641025641025641,0.39195979899497485,0.5714285714285714,0.5591397849462365,0.0,0.0,0.0,0.0
bull_to_bear,0.25,0.95,15.0,0.0,0,156,156,0.5641025641025641,0.39195979899497485,0.5714285714285714,0.5591397849462365,0.5641025641025641,0.39195979899497485,0.5714285714285714,0.5591397849462365,0.0,0.0,0.0,0.0
bull_to_neutral,0.25,0.95,15.0,-0.05,0,156,156,0.5641025641025641,0.39195979899497485,0.5714285714285714,0.5591397849462365,0.5641025641025641,0.39195979899497485,0.5714285714285714,0.5591397849462365,0.0,0.0,0.0,0.0
bull_to_bear,0.25,0.95,15.0,-0.05,0,156,156,0.5641025641025641,0.39195979899497485,0.5714285714285714,0.5591397849462365,0.5641025641025641,0.39195979899497485,0.5714285714285714,0.5591397849462365,0.0,0.0,0.0,0.0
bull_to_neutral,0.25,0.95,15.0,-0.1,0,156,156,0.5641025641025641,0.39195979899497485,0.5714285714285714,0.5591397849462365,0.5641025641025641,0.39195979899497485,0.5714285714285714,0.5591397849462365,0.0,0.0,0.0,0.0
bull_to_bear,0.25,0.95,15.0,-0.1,0,156,156,0.5641025641025641,0.39195979899497485,0.5714285714285714,0.5591397849462365,0.5641025641025641,0.39195979899497485,0.5714285714285714,0.5591397849462365,0.0,0.0,0.0,0.0
bull_to_neutral,0.25,0.93,,,0,156,156,0.5641025641025641,0.39195979899497485,0.5714285714285714,0.5591397849462365,0.5641025641025641,0.39195979899497485,0.5714285714285714,0.5591397849462365,0.0,0.0,0.0,0.0
bull_to_bear,0.25,0.93,,,0,156,156,0.5641025641025641,0.39195979899497485,0.5714285714285714,0.5591397849462365,0.5641025641025641,0.39195979899497485,0.5714285714285714,0.5591397849462365,0.0,0.0,0.0,0.0
bull_to_neutral,0.25,0.93,,0.0,0,156,156,0.5641025641025641,0.39195979899497485,0.5714285714285714,0.5591397849462365,0.5641025641025641,0.39195979899497485,0.5714285714285714,0.5591397849462365,0.0,0.0,0.0,0.0
bull_to_bear,0.25,0.93,,0.0,0,156,156,0.5641025641025641,0.39195979899497485,0.5714285714285714,0.5591397849462365,0.5641025641025641,0.39195979899497485,0.5714285714285714,0.5591397849462365,0.0,0.0,0.0,0.0
bull_to_neutral,0.25,0.93,,-0.05,0,156,156,0.5641025641025641,0.39195979899497485,0.5714285714285714,0.5591397849462365,0.5641025641025641,0.39195979899497485,0.5714285714285714,0.5591397849462365,0.0,0.0,0.0,0.0
bull_to_bear,0.25,0.93,,-0.05,0,156,156,0.5641025641025641,0.39195979899497485,0.5714285714285714,0.5591397849462365,0.5641025641025641,0.39195979899497485,0.5714285714285714,0.5591397849462365,0.0,0.0,0.0,0.0
bull_to_neutral,0.25,0.93,,-0.1,0,156,156,0.5641025641025641,0.39195979899497485,0.5714285714285714,0.5591397849462365,0.5641025641025641,0.39195979899497485,0.5714285714285714,0.5591397849462365,0.0,0.0,0.0,0.0
bull_to_bear,0.25,0.93,,-0.1,0,156,156,0.5641025641025641,0.39195979899497485,0.5714285714285714,0.5591397849462365,0.5641025641025641,0.39195979899497485,0.5714285714285714,0.5591397849462365,0.0,0.0,0.0,0.0
bull_to_neutral,0.25,0.93,0.0,,0,156,156,0.5641025641025641,0.39195979899497485,0.5714285714285714,0.5591397849462365,0.5641025641025641,0.39195979899497485,0.5714285714285714,0.5591397849462365,0.0,0.0,0.0,0.0
bull_to_bear,0.25,0.93,0.0,,0,156,156,0.5641025641025641,0.39195979899497485,0.5714285714285714,0.5591397849462365,0.5641025641025641,0.39195979899497485,0.5714285714285714,0.5591397849462365,0.0,0.0,0.0,0.0
bull_to_neutral,0.25,0.93,0.0,0.0,0,156,156,0.5641025641025641,0.39195979899497485,0.5714285714285714,0.5591397849462365,0.5641025641025641,0.39195979899497485,0.5714285714285714,0.5591397849462365,0.0,0.0,0.0,0.0
bull_to_bear,0.25,0.93,0.0,0.0,0,156,156,0.5641025641025641,0.39195979899497485,0.5714285714285714,0.5591397849462365,0.5641025641025641,0.39195979899497485,0.5714285714285714,0.5591397849462365,0.0,0.0,0.0,0.0
bull_to_neutral,0.25,0.93,0.0,-0.05,0,156,156,0.5641025641025641,0.39195979899497485,0.5714285714285714,0.5591397849462365,0.5641025641025641,0.39195979899497485,0.5714285714285714,0.5591397849462365,0.0,0.0,0.0,0.0
bull_to_bear,0.25,0.93,0.0,-0.05,0,156,156,0.5641025641025641,0.39195979899497485,0.5714285714285714,0.5591397849462365,0.5641025641025641,0.39195979899497485,0.5714285714285714,0.5591397849462365,0.0,0.0,0.0,0.0
bull_to_neutral,0.25,0.93,0.0,-0.1,0,156,156,0.5641025641025641,0.39195979899497485,0.5714285714285714,0.5591397849462365,0.5641025641025641,0.39195979899497485,0.5714285714285714,0.5591397849462365,0.0,0.0,0.0,0.0
bull_to_bear,0.25,0.93,0.0,-0.1,0,156,156,0.5641025641025641,0.39195979899497485,0.5714285714285714,0.5591397849462365,0.5641025641025641,0.39195979899497485,0.5714285714285714,0.5591397849462365,0.0,0.0,0.0,0.0
bull_to_neutral,0.25,0.93,5.0,,0,156,156,0.5641025641025641,0.39195979899497485,0.5714285714285714,0.5591397849462365,0.5641025641025641,0.39195979899497485,0.5714285714285714,0.5591397849462365,0.0,0.0,0.0,0.0
bull_to_bear,0.25,0.93,5.0,,0,156,156,0.5641025641025641,0.39195979899497485,0.5714285714285714,0.5591397849462365,0.5641025641025641,0.39195979899497485,0.5714285714285714,0.5591397849462365,0.0,0.0,0.0,0.0
bull_to_neutral,0.25,0.93,5.0,0.0,0,156,156,0.5641025641025641,0.39195979899497485,0.5714285714285714,0.5591397849462365,0.5641025641025641,0.39195979899497485,0.5714285714285714,0.5591397849462365,0.0,0.0,0.0,0.0
bull_to_bear,0.25,0.93,5.0,0.0,0,156,156,0.5641025641025641,0.39195979899497485,0.5714285714285714,0.5591397849462365,0.5641025641025641,0.39195979899497485,0.5714285714285714,0.5591397849462365,0.0,0.0,0.0,0.0
bull_to_neutral,0.25,0.93,5.0,-0.05,0,156,156,0.5641025641025641,0.39195979899497485,0.5714285714285714,0.5591397849462365,0.5641025641025641,0.39195979899497485,0.5714285714285714,0.5591397849462365,0.0,0.0,0.0,0.0
bull_to_bear,0.25,0.93,5.0,-0.05,0,156,156,0.5641025641025641,0.39195979899497485,0.5714285714285714,0.5591397849462365,0.5641025641025641,0.39195979899497485,0.5714285714285714,0.5591397849462365,0.0,0.0,0.0,0.0
bull_to_neutral,0.25,0.93,5.0,-0.1,0,156,156,0.5641025641025641,0.39195979899497485,0.5714285714285714,0.5591397849462365,0.5641025641025641,0.39195979899497485,0.5714285714285714,0.5591397849462365,0.0,0.0,0.0,0.0
bull_to_bear,0.25,0.93,5.0,-0.1,0,156,156,0.5641025641025641,0.39195979899497485,0.5714285714285714,0.5591397849462365,0.5641025641025641,0.39195979899497485,0.5714285714285714,0.5591397849462365,0.0,0.0,0.0,0.0
bull_to_neutral,0.25,0.93,10.0,,0,156,156,0.5641025641025641,0.39195979899497485,0.5714285714285714,0.5591397849462365,0.5641025641025641,0.39195979899497485,0.5714285714285714,0.5591397849462365,0.0,0.0,0.0,0.0
bull_to_bear,0.25,0.93,10.0,,0,156,156,0.5641025641025641,0.39195979899497485,0.5714285714285714,0.5591397849462365,0.5641025641025641,0.39195979899497485,0.5714285714285714,0.5591397849462365,0.0,0.0,0.0,0.0
bull_to_neutral,0.25,0.93,10.0,0.0,0,156,156,0.5641025641025641,0.39195979899497485,0.5714285714285714,0.5591397849462365,0.5641025641025641,0.39195979899497485,0.5714285714285714,0.5591397849462365,0.0,0.0,0.0,0.0
bull_to_bear,0.25,0.93,10.0,0.0,0,156,156,0.5641025641025641,0.39195979899497485,0.5714285714285714,0.5591397849462365,0.5641025641025641,0.39195979899497485,0.5714285714285714,0.5591397849462365,0.0,0.0,0.0,0.0
bull_to_neutral,0.25,0.93,10.0,-0.05,0,156,156,0.5641025641025641,0.39195979899497485,0.5714285714285714,0.5591397849462365,0.5641025641025641,0.39195979899497485,0.5714285714285714,0.5591397849462365,0.0,0.0,0.0,0.0
bull_to_bear,0.25,0.93,10.0,-0.05,0,156,156,0.5641025641025641,0.39195979899497485,0.5714285714285714,0.5591397849462365,0.5641025641025641,0.39195979899497485,0.5714285714285714,0.5591397849462365,0.0,0.0,0.0,0.0
bull_to_neutral,0.25,0.93,10.0,-0.1,0,156,156,0.5641025641025641,0.39195979899497485,0.5714285714285714,0.5591397849462365,0.5641025641025641,0.39195979899497485,0.5714285714285714,0.5591397849462365,0.0,0.0,0.0,0.0
bull_to_bear,0.25,0.93,10.0,-0.1,0,156,156,0.5641025641025641,0.39195979899497485,0.5714285714285714,0.5591397849462365,0.5641025641025641,0.39195979899497485,0.5714285714285714,0.5591397849462365,0.0,0.0,0.0,0.0
bull_to_neutral,0.25,0.93,15.0,,0,156,156,0.5641025641025641,0.39195979899497485,0.5714285714285714,0.5591397849462365,0.5641025641025641,0.39195979899497485,0.5714285714285714,0.5591397849462365,0.0,0.0,0.0,0.0
bull_to_bear,0.25,0.93,15.0,,0,156,156,0.5641025641025641,0.39195979899497485,0.5714285714285714,0.5591397849462365,0.5641025641025641,0.39195979899497485,0.5714285714285714,0.5591397849462365,0.0,0.0,0.0,0.0
bull_to_neutral,0.25,0.93,15.0,0.0,0,156,156,0.5641025641025641,0.39195979899497485,0.5714285714285714,0.5591397849462365,0.5641025641025641,0.39195979899497485,0.5714285714285714,0.5591397849462365,0.0,0.0,0.0,0.0
bull_to_bear,0.25,0.93,15.0,0.0,0,156,156,0.5641025641025641,0.39195979899497485,0.5714285714285714,0.5591397849462365,0.5641025641025641,0.39195979899497485,0.5714285714285714,0.5591397849462365,0.0,0.0,0.0,0.0
bull_to_neutral,0.25,0.93,15.0,-0.05,0,156,156,0.5641025641025641,0.39195979899497485,0.5714285714285714,0.5591397849462365,0.5641025641025641,0.39195979899497485,0.5714285714285714,0.5591397849462365,0.0,0.0,0.0,0.0
bull_to_bear,0.25,0.93,15.0,-0.05,0,156,156,0.5641025641025641,0.39195979899497485,0.5714285714285714,0.5591397849462365,0.5641025641025641,0.39195979899497485,0.5714285714285714,0.5591397849462365,0.0,0.0,0.0,0.0
bull_to_neutral,0.25,0.93,15.0,-0.1,0,156,156,0.5641025641025641,0.39195979899497485,0.5714285714285714,0.5591397849462365,0.5641025641025641,0.39195979899497485,0.5714285714285714,0.5591397849462365,0.0,0.0,0.0,0.0
bull_to_bear,0.25,0.93,15.0,-0.1,0,156,156,0.5641025641025641,0.39195979899497485,0.5714285714285714,0.5591397849462365,0.5641025641025641,0.39195979899497485,0.5714285714285714,0.5591397849462365,0.0,0.0,0.0,0.0
bull_to_neutral,0.25,0.9,,,0,156,156,0.5641025641025641,0.39195979899497485,0.5714285714285714,0.5591397849462365,0.5641025641025641,0.39195979899497485,0.5714285714285714,0.5591397849462365,0.0,0.0,0.0,0.0
bull_to_bear,0.25,0.9,,,0,156,156,0.5641025641025641,0.39195979899497485,0.5714285714285714,0.5591397849462365,0.5641025641025641,0.39195979899497485,0.5714285714285714,0.5591397849462365,0.0,0.0,0.0,0.0
bull_to_neutral,0.25,0.9,,0.0,0,156,156,0.5641025641025641,0.39195979899497485,0.5714285714285714,0.5591397849462365,0.5641025641025641,0.39195979899497485,0.5714285714285714,0.5591397849462365,0.0,0.0,0.0,0.0
bull_to_bear,0.25,0.9,,0.0,0,156,156,0.5641025641025641,0.39195979899497485,0.5714285714285714,0.5591397849462365,0.5641025641025641,0.39195979899497485,0.5714285714285714,0.5591397849462365,0.0,0.0,0.0,0.0
bull_to_neutral,0.25,0.9,,-0.05,0,156,156,0.5641025641025641,0.39195979899497485,0.5714285714285714,0.5591397849462365,0.5641025641025641,0.39195979899497485,0.5714285714285714,0.5591397849462365,0.0,0.0,0.0,0.0
bull_to_bear,0.25,0.9,,-0.05,0,156,156,0.5641025641025641,0.39195979899497485,0.5714285714285714,0.5591397849462365,0.5641025641025641,0.39195979899497485,0.5714285714285714,0.5591397849462365,0.0,0.0,0.0,0.0
bull_to_neutral,0.25,0.9,,-0.1,0,156,156,0.5641025641025641,0.39195979899497485,0.5714285714285714,0.5591397849462365,0.5641025641025641,0.39195979899497485,0.5714285714285714,0.5591397849462365,0.0,0.0,0.0,0.0
bull_to_bear,0.25,0.9,,-0.1,0,156,156,0.5641025641025641,0.39195979899497485,0.5714285714285714,0.5591397849462365,0.5641025641025641,0.39195979899497485,0.5714285714285714,0.5591397849462365,0.0,0.0,0.0,0.0
bull_to_neutral,0.25,0.9,0.0,,0,156,156,0.5641025641025641,0.39195979899497485,0.5714285714285714,0.5591397849462365,0.5641025641025641,0.39195979899497485,0.5714285714285714,0.5591397849462365,0.0,0.0,0.0,0.0
bull_to_bear,0.25,0.9,0.0,,0,156,156,0.5641025641025641,0.39195979899497485,0.5714285714285714,0.5591397849462365,0.5641025641025641,0.39195979899497485,0.5714285714285714,0.5591397849462365,0.0,0.0,0.0,0.0
bull_to_neutral,0.25,0.9,0.0,0.0,0,156,156,0.5641025641025641,0.39195979899497485,0.5714285714285714,0.5591397849462365,0.5641025641025641,0.39195979899497485,0.5714285714285714,0.5591397849462365,0.0,0.0,0.0,0.0
bull_to_bear,0.25,0.9,0.0,0.0,0,156,156,0.5641025641025641,0.39195979899497485,0.5714285714285714,0.5591397849462365,0.5641025641025641,0.39195979899497485,0.5714285714285714,0.5591397849462365,0.0,0.0,0.0,0.0
bull_to_neutral,0.25,0.9,0.0,-0.05,0,156,156,0.5641025641025641,0.39195979899497485,0.5714285714285714,0.5591397849462365,0.5641025641025641,0.39195979899497485,0.5714285714285714,0.5591397849462365,0.0,0.0,0.0,0.0
bull_to_bear,0.25,0.9,0.0,-0.05,0,156,156,0.5641025641025641,0.39195979899497485,0.5714285714285714,0.5591397849462365,0.5641025641025641,0.39195979899497485,0.5714285714285714,0.5591397849462365,0.0,0.0,0.0,0.0
bull_to_neutral,0.25,0.9,0.0,-0.1,0,156,156,0.5641025641025641,0.39195979899497485,0.5714285714285714,0.5591397849462365,0.5641025641025641,0.39195979899497485,0.5714285714285714,0.5591397849462365,0.0,0.0,0.0,0.0
bull_to_bear,0.25,0.9,0.0,-0.1,0,156,156,0.5641025641025641,0.39195979899497485,0.5714285714285714,0.5591397849462365,0.5641025641025641,0.39195979899497485,0.5714285714285714,0.5591397849462365,0.0,0.0,0.0,0.0
bull_to_neutral,0.25,0.9,5.0,,0,156,156,0.5641025641025641,0.39195979899497485,0.5714285714285714,0.5591397849462365,0.5641025641025641,0.39195979899497485,0.5714285714285714,0.5591397849462365,0.0,0.0,0.0,0.0
bull_to_bear,0.25,0.9,5.0,,0,156,156,0.5641025641025641,0.39195979899497485,0.5714285714285714,0.5591397849462365,0.5641025641025641,0.39195979899497485,0.5714285714285714,0.5591397849462365,0.0,0.0,0.0,0.0
bull_to_neutral,0.25,0.9,5.0,0.0,0,156,156,0.5641025641025641,0.39195979899497485,0.5714285714285714,0.5591397849462365,0.5641025641025641,0.39195979899497485,0.5714285714285714,0.5591397849462365,0.0,0.0,0.0,0.0
bull_to_bear,0.25,0.9,5.0,0.0,0,156,156,0.5641025641025641,0.39195979899497485,0.5714285714285714,0.5591397849462365,0.5641025641025641,0.39195979899497485,0.5714285714285714,0.5591397849462365,0.0,0.0,0.0,0.0
bull_to_neutral,0.25,0.9,5.0,-0.05,0,156,156,0.5641025641025641,0.39195979899497485,0.5714285714285714,0.5591397849462365,0.5641025641025641,0.39195979899497485,0.5714285714285714,0.5591397849462365,0.0,0.0,0.0,0.0
bull_to_bear,0.25,0.9,5.0,-0.05,0,156,156,0.5641025641025641,0.39195979899497485,0.5714285714285714,0.5591397849462365,0.5641025641025641,0.39195979899497485,0.5714285714285714,0.5591397849462365,0.0,0.0,0.0,0.0
bull_to_neutral,0.25,0.9,5.0,-0.1,0,156,156,0.5641025641025641,0.39195979899497485,0.5714285714285714,0.5591397849462365,0.5641025641025641,0.39195979899497485,0.5714285714285714,0.5591397849462365,0.0,0.0,0.0,0.0
bull_to_bear,0.25,0.9,5.0,-0.1,0,156,156,0.5641025641025641,0.39195979899497485,0.5714285714285714,0.5591397849462365,0.5641025641025641,0.39195979899497485,0.5714285714285714,0.5591397849462365,0.0,0.0,0.0,0.0
bull_to_neutral,0.25,0.9,10.0,,0,156,156,0.5641025641025641,0.39195979899497485,0.5714285714285714,0.5591397849462365,0.5641025641025641,0.39195979899497485,0.5714285714285714,0.5591397849462365,0.0,0.0,0.0,0.0
bull_to_bear,0.25,0.9,10.0,,0,156,156,0.5641025641025641,0.39195979899497485,0.5714285714285714,0.5591397849462365,0.5641025641025641,0.39195979899497485,0.5714285714285714,0.5591397849462365,0.0,0.0,0.0,0.0
bull_to_neutral,0.25,0.9,10.0,0.0,0,156,156,0.5641025641025641,0.39195979899497485,0.5714285714285714,0.5591397849462365,0.5641025641025641,0.39195979899497485,0.5714285714285714,0.5591397849462365,0.0,0.0,0.0,0.0
bull_to_bear,0.25,0.9,10.0,0.0,0,156,156,0.5641025641025641,0.39195979899497485,0.5714285714285714,0.5591397849462365,0.5641025641025641,0.39195979899497485,0.5714285714285714,0.5591397849462365,0.0,0.0,0.0,0.0
bull_to_neutral,0.25,0.9,10.0,-0.05,0,156,156,0.5641025641025641,0.39195979899497485,0.5714285714285714,0.5591397849462365,0.5641025641025641,0.39195979899497485,0.5714285714285714,0.5591397849462365,0.0,0.0,0.0,0.0
bull_to_bear,0.25,0.9,10.0,-0.05,0,156,156,0.5641025641025641,0.39195979899497485,0.5714285714285714,0.5591397849462365,0.5641025641025641,0.39195979899497485,0.5714285714285714,0.5591397849462365,0.0,0.0,0.0,0.0
bull_to_neutral,0.25,0.9,10.0,-0.1,0,156,156,0.5641025641025641,0.39195979899497485,0.5714285714285714,0.5591397849462365,0.5641025641025641,0.39195979899497485,0.5714285714285714,0.5591397849462365,0.0,0.0,0.0,0.0
bull_to_bear,0.25,0.9,10.0,-0.1,0,156,156,0.5641025641025641,0.39195979899497485,0.5714285714285714,0.5591397849462365,0.5641025641025641,0.39195979899497485,0.5714285714285714,0.5591397849462365,0.0,0.0,0.0,0.0
bull_to_neutral,0.25,0.9,15.0,,0,156,156,0.5641025641025641,0.39195979899497485,0.5714285714285714,0.5591397849462365,0.5641025641025641,0.39195979899497485,0.5714285714285714,0.5591397849462365,0.0,0.0,0.0,0.0
bull_to_bear,0.25,0.9,15.0,,0,156,156,0.5641025641025641,0.39195979899497485,0.5714285714285714,0.5591397849462365,0.5641025641025641,0.39195979899497485,0.5714285714285714,0.5591397849462365,0.0,0.0,0.0,0.0
bull_to_neutral,0.25,0.9,15.0,0.0,0,156,156,0.5641025641025641,0.39195979899497485,0.5714285714285714,0.5591397849462365,0.5641025641025641,0.39195979899497485,0.5714285714285714,0.5591397849462365,0.0,0.0,0.0,0.0
bull_to_bear,0.25,0.9,15.0,0.0,0,156,156,0.5641025641025641,0.39195979899497485,0.5714285714285714,0.5591397849462365,0.5641025641025641,0.39195979899497485,0.5714285714285714,0.5591397849462365,0.0,0.0,0.0,0.0
bull_to_neutral,0.25,0.9,15.0,-0.05,0,156,156,0.5641025641025641,0.39195979899497485,0.5714285714285714,0.5591397849462365,0.5641025641025641,0.39195979899497485,0.5714285714285714,0.5591397849462365,0.0,0.0,0.0,0.0
bull_to_bear,0.25,0.9,15.0,-0.05,0,156,156,0.5641025641025641,0.39195979899497485,0.5714285714285714,0.5591397849462365,0.5641025641025641,0.39195979899497485,0.5714285714285714,0.5591397849462365,0.0,0.0,0.0,0.0
bull_to_neutral,0.25,0.9,15.0,-0.1,0,156,156,0.5641025641025641,0.39195979899497485,0.5714285714285714,0.5591397849462365,0.5641025641025641,0.39195979899497485,0.5714285714285714,0.5591397849462365,0.0,0.0,0.0,0.0
bull_to_bear,0.25,0.9,15.0,-0.1,0,156,156,0.5641025641025641,0.39195979899497485,0.5714285714285714,0.5591397849462365,0.5641025641025641,0.39195979899497485,0.5714285714285714,0.5591397849462365,0.0,0.0,0.0,0.0
