variant,flip_score_threshold,alignment_threshold,compression_velocity_min,ratio_threshold,changed_rows_count,new_directional_called,baseline_directional_called,baseline_directional_accuracy,baseline_directional_coverage,baseline_bull_precision,baseline_bear_precision,new_directional_accuracy,new_directional_coverage,new_bull_precision,new_bear_precision,delta_directional_accuracy,delta_directional_coverage,delta_bull_precision,delta_bear_precision
bull_to_neutral,0.12,1.0,,,20,47,67,0.5074626865671642,0.39880952380952384,0.5405405405405406,0.4666666666666667,0.5106382978723404,0.27976190476190477,0.5882352941176471,0.4666666666666667,0.0031756113051761847,-0.11904761904761907,0.04769475357710651,0.0
bull_to_bear,0.12,1.0,,,20,67,67,0.5074626865671642,0.39880952380952384,0.5405405405405406,0.4666666666666667,0.5074626865671642,0.39880952380952384,0.5882352941176471,0.48,0.0,0.0,0.04769475357710651,0.013333333333333308
bull_to_neutral,0.12,1.0,,0.0,18,49,67,0.5074626865671642,0.39880952380952384,0.5405405405405406,0.4666666666666667,0.5102040816326531,0.2916666666666667,0.5789473684210527,0.4666666666666667,0.002741395065488872,-0.10714285714285715,0.038406827880512084,0.0
bull_to_bear,0.12,1.0,,0.0,18,67,67,0.5074626865671642,0.39880952380952384,0.5405405405405406,0.4666666666666667,0.5074626865671642,0.39880952380952384,0.5789473684210527,0.4791666666666667,0.0,0.0,0.038406827880512084,0.012500000000000011
bull_to_neutral,0.12,1.0,,-0.05,18,49,67,0.5074626865671642,0.39880952380952384,0.5405405405405406,0.4666666666666667,0.5102040816326531,0.2916666666666667,0.5789473684210527,0.4666666666666667,0.002741395065488872,-0.10714285714285715,0.038406827880512084,0.0
bull_to_bear,0.12,1.0,,-0.05,18,67,67,0.5074626865671642,0.39880952380952384,0.5405405405405406,0.4666666666666667,0.5074626865671642,0.39880952380952384,0.5789473684210527,0.4791666666666667,0.0,0.0,0.038406827880512084,0.012500000000000011
bull_to_neutral,0.12,1.0,,-0.1,18,49,67,0.5074626865671642,0.39880952380952384,0.5405405405405406,0.4666666666666667,0.5102040816326531,0.2916666666666667,0.5789473684210527,0.4666666666666667,0.002741395065488872,-0.10714285714285715,0.038406827880512084,0.0
bull_to_bear,0.12,1.0,,-0.1,18,67,67,0.5074626865671642,0.39880952380952384,0.5405405405405406,0.4666666666666667,0.5074626865671642,0.39880952380952384,0.5789473684210527,0.4791666666666667,0.0,0.0,0.038406827880512084,0.012500000000000011
bull_to_neutral,0.12,1.0,0.0,,15,52,67,0.5074626865671642,0.39880952380952384,0.5405405405405406,0.4666666666666667,0.5384615384615384,0.30952380952380953,0.6363636363636364,0.4666666666666667,0.030998851894374235,-0.0892857142857143,0.09582309582309578,0.0
bull_to_bear,0.12,1.0,0.0,,15,67,67,0.5074626865671642,0.39880952380952384,0.5405405405405406,0.4666666666666667,0.5522388059701493,0.39880952380952384,0.6363636363636364,0.5111111111111111,0.04477611940298509,0.0,0.09582309582309578,0.0444444444444444
bull_to_neutral,0.12,1.0,0.0,0.0,15,52,67,0.5074626865671642,0.39880952380952384,0.5405405405405406,0.4666666666666667,0.5384615384615384,0.30952380952380953,0.6363636363636364,0.4666666666666667,0.030998851894374235,-0.0892857142857143,0.09582309582309578,0.0
bull_to_bear,0.12,1.0,0.0,0.0,15,67,67,0.5074626865671642,0.39880952380952384,0.5405405405405406,0.4666666666666667,0.5522388059701493,0.39880952380952384,0.6363636363636364,0.5111111111111111,0.04477611940298509,0.0,0.09582309582309578,0.0444444444444444
bull_to_neutral,0.12,1.0,0.0,-0.05,15,52,67,0.5074626865671642,0.39880952380952384,0.5405405405405406,0.4666666666666667,0.5384615384615384,0.30952380952380953,0.6363636363636364,0.4666666666666667,0.030998851894374235,-0.0892857142857143,0.09582309582309578,0.0
bull_to_bear,0.12,1.0,0.0,-0.05,15,67,67,0.5074626865671642,0.39880952380952384,0.5405405405405406,0.4666666666666667,0.5522388059701493,0.39880952380952384,0.6363636363636364,0.5111111111111111,0.04477611940298509,0.0,0.09582309582309578,0.0444444444444444
bull_to_neutral,0.12,1.0,0.0,-0.1,15,52,67,0.5074626865671642,0.39880952380952384,0.5405405405405406,0.4666666666666667,0.5384615384615384,0.30952380952380953,0.6363636363636364,0.4666666666666667,0.030998851894374235,-0.0892857142857143,0.09582309582309578,0.0
bull_to_bear,0.12,1.0,0.0,-0.1,15,67,67,0.5074626865671642,0.39880952380952384,0.5405405405405406,0.4666666666666667,0.5522388059701493,0.39880952380952384,0.6363636363636364,0.5111111111111111,0.04477611940298509,0.0,0.09582309582309578,0.0444444444444444
bull_to_neutral,0.12,1.0,5.0,,12,55,67,0.5074626865671642,0.39880952380952384,0.5405405405405406,0.4666666666666667,0.5454545454545454,0.3273809523809524,0.64,0.4666666666666667,0.037991858887381214,-0.07142857142857145,0.09945945945945944,0.0
bull_to_bear,0.12,1.0,5.0,,12,67,67,0.5074626865671642,0.39880952380952384,0.5405405405405406,0.4666666666666667,0.5671641791044776,0.39880952380952384,0.64,0.5238095238095238,0.05970149253731338,0.0,0.09945945945945944,0.05714285714285716
bull_to_neutral,0.12,1.0,5.0,0.0,12,55,67,0.5074626865671642,0.39880952380952384,0.5405405405405406,0.4666666666666667,0.5454545454545454,0.3273809523809524,0.64,0.4666666666666667,0.037991858887381214,-0.07142857142857145,0.09945945945945944,0.0
bull_to_bear,0.12,1.0,5.0,0.0,12,67,67,0.5074626865671642,0.39880952380952384,0.5405405405405406,0.4666666666666667,0.5671641791044776,0.39880952380952384,0.64,0.5238095238095238,0.05970149253731338,0.0,0.09945945945945944,0.05714285714285716
bull_to_neutral,0.12,1.0,5.0,-0.05,12,55,67,0.5074626865671642,0.39880952380952384,0.5405405405405406,0.4666666666666667,0.5454545454545454,0.3273809523809524,0.64,0.4666666666666667,0.037991858887381214,-0.07142857142857145,0.09945945945945944,0.0
bull_to_bear,0.12,1.0,5.0,-0.05,12,67,67,0.5074626865671642,0.39880952380952384,0.5405405405405406,0.4666666666666667,0.5671641791044776,0.39880952380952384,0.64,0.5238095238095238,0.05970149253731338,0.0,0.09945945945945944,0.05714285714285716
bull_to_neutral,0.12,1.0,5.0,-0.1,12,55,67,0.5074626865671642,0.39880952380952384,0.5405405405405406,0.4666666666666667,0.5454545454545454,0.3273809523809524,0.64,0.4666666666666667,0.037991858887381214,-0.07142857142857145,0.09945945945945944,0.0
bull_to_bear,0.12,1.0,5.0,-0.1,12,67,67,0.5074626865671642,0.39880952380952384,0.5405405405405406,0.4666666666666667,0.5671641791044776,0.39880952380952384,0.64,0.5238095238095238,0.05970149253731338,0.0,0.09945945945945944,0.05714285714285716
bull_to_neutral,0.12,1.0,10.0,,10,57,67,0.5074626865671642,0.39880952380952384,0.5405405405405406,0.4666666666666667,0.543859649122807,0.3392857142857143,0.6296296296296297,0.4666666666666667,0.03639696255564284,-0.059523809523809534,0.08908908908908908,0.0
bull_to_bear,0.12,1.0,10.0,,10,67,67,0.5074626865671642,0.39880952380952384,0.5405405405405406,0.4666666666666667,0.5671641791044776,0.39880952380952384,0.6296296296296297,0.525,0.05970149253731338,0.0,0.08908908908908908,0.05833333333333335
bull_to_neutral,0.12,1.0,10.0,0.0,10,57,67,0.5074626865671642,0.39880952380952384,0.5405405405405406,0.4666666666666667,0.543859649122807,0.3392857142857143,0.6296296296296297,0.4666666666666667,0.03639696255564284,-0.059523809523809534,0.08908908908908908,0.0
bull_to_bear,0.12,1.0,10.0,0.0,10,67,67,0.5074626865671642,0.39880952380952384,0.5405405405405406,0.4666666666666667,0.5671641791044776,0.39880952380952384,0.6296296296296297,0.525,0.05970149253731338,0.0,0.08908908908908908,0.05833333333333335
bull_to_neutral,0.12,1.0,10.0,-0.05,10,57,67,0.5074626865671642,0.39880952380952384,0.5405405405405406,0.4666666666666667,0.543859649122807,0.3392857142857143,0.6296296296296297,0.4666666666666667,0.03639696255564284,-0.059523809523809534,0.08908908908908908,0.0
bull_to_bear,0.12,1.0,10.0,-0.05,10,67,67,0.5074626865671642,0.39880952380952384,0.5405405405405406,0.4666666666666667,0.5671641791044776,0.39880952380952384,0.6296296296296297,0.525,0.05970149253731338,0.0,0.08908908908908908,0.05833333333333335
bull_to_neutral,0.12,1.0,10.0,-0.1,10,57,67,0.5074626865671642,0.39880952380952384,0.5405405405405406,0.4666666666666667,0.543859649122807,0.3392857142857143,0.6296296296296297,0.4666666666666667,0.03639696255564284,-0.059523809523809534,0.08908908908908908,0.0
bull_to_bear,0.12,1.0,10.0,-0.1,10,67,67,0.5074626865671642,0.39880952380952384,0.5405405405405406,0.4666666666666667,0.5671641791044776,0.39880952380952384,0.6296296296296297,0.525,0.05970149253731338,0.0,0.08908908908908908,0.05833333333333335
bull_to_neutral,0.12,1.0,15.0,,9,58,67,0.5074626865671642,0.39880952380952384,0.5405405405405406,0.4666666666666667,0.5344827586206896,0.34523809523809523,0.6071428571428571,0.4666666666666667,0.027020072053525412,-0.0535714285714286,0.06660231660231652,0.0
bull_to_bear,0.12,1.0,15.0,,9,67,67,0.5074626865671642,0.39880952380952384,0.5405405405405406,0.4666666666666667,0.5522388059701493,0.39880952380952384,0.6071428571428571,0.5128205128205128,0.04477611940298509,0.0,0.06660231660231652,0.0461538461538461
bull_to_neutral,0.12,1.0,15.0,0.0,9,58,67,0.5074626865671642,0.39880952380952384,0.5405405405405406,0.4666666666666667,0.5344827586206896,0.34523809523809523,0.6071428571428571,0.4666666666666667,0.027020072053525412,-0.0535714285714286,0.06660231660231652,0.0
bull_to_bear,0.12,1.0,15.0,0.0,9,67,67,0.5074626865671642,0.39880952380952384,0.5405405405405406,0.4666666666666667,0.5522388059701493,0.39880952380952384,0.6071428571428571,0.5128205128205128,0.04477611940298509,0.0,0.06660231660231652,0.0461538461538461
bull_to_neutral,0.12,1.0,15.0,-0.05,9,58,67,0.5074626865671642,0.39880952380952384,0.5405405405405406,0.4666666666666667,0.5344827586206896,0.34523809523809523,0.6071428571428571,0.4666666666666667,0.027020072053525412,-0.0535714285714286,0.06660231660231652,0.0
bull_to_bear,0.12,1.0,15.0,-0.05,9,67,67,0.5074626865671642,0.39880952380952384,0.5405405405405406,0.4666666666666667,0.5522388059701493,0.39880952380952384,0.6071428571428571,0.5128205128205128,0.04477611940298509,0.0,0.06660231660231652,0.0461538461538461
bull_to_neutral,0.12,1.0,15.0,-0.1,9,58,67,0.5074626865671642,0.39880952380952384,0.5405405405405406,0.4666666666666667,0.5344827586206896,0.34523809523809523,0.6071428571428571,0.4666666666666667,0.027020072053525412,-0.0535714285714286,0.06660231660231652,0.0
bull_to_bear,0.12,1.0,15.0,-0.1,9,67,67,0.5074626865671642,0.39880952380952384,0.5405405405405406,0.4666666666666667,0.5522388059701493,0.39880952380952384,0.6071428571428571,0.5128205128205128,0.04477611940298509,0.0,0.06660231660231652,0.0461538461538461
bull_to_neutral,0.12,0.99,,,0,67,67,0.5074626865671642,0.39880952380952384,0.5405405405405406,0.4666666666666667,0.5074626865671642,0.39880952380952384,0.5405405405405406,0.4666666666666667,0.0,0.0,0.0,0.0
bull_to_bear,0.12,0.99,,,0,67,67,0.5074626865671642,0.39880952380952384,0.5405405405405406,0.4666666666666667,0.5074626865671642,0.39880952380952384,0.5405405405405406,0.4666666666666667,0.0,0.0,0.0,0.0
bull_to_neutral,0.12,0.99,,0.0,0,67,67,0.5074626865671642,0.39880952380952384,0.5405405405405406,0.4666666666666667,0.5074626865671642,0.39880952380952384,0.5405405405405406,0.4666666666666667,0.0,0.0,0.0,0.0
bull_to_bear,0.12,0.99,,0.0,0,67,67,0.5074626865671642,0.39880952380952384,0.5405405405405406,0.4666666666666667,0.5074626865671642,0.39880952380952384,0.5405405405405406,0.4666666666666667,0.0,0.0,0.0,0.0
bull_to_neutral,0.12,0.99,,-0.05,0,67,67,0.5074626865671642,0.39880952380952384,0.5405405405405406,0.4666666666666667,0.5074626865671642,0.39880952380952384,0.5405405405405406,0.4666666666666667,0.0,0.0,0.0,0.0
bull_to_bear,0.12,0.99,,-0.05,0,67,67,0.5074626865671642,0.39880952380952384,0.5405405405405406,0.4666666666666667,0.5074626865671642,0.39880952380952384,0.5405405405405406,0.4666666666666667,0.0,0.0,0.0,0.0
bull_to_neutral,0.12,0.99,,-0.1,0,67,67,0.5074626865671642,0.39880952380952384,0.5405405405405406,0.4666666666666667,0.5074626865671642,0.39880952380952384,0.5405405405405406,0.4666666666666667,0.0,0.0,0.0,0.0
bull_to_bear,0.12,0.99,,-0.1,0,67,67,0.5074626865671642,0.39880952380952384,0.5405405405405406,0.4666666666666667,0.5074626865671642,0.39880952380952384,0.5405405405405406,0.4666666666666667,0.0,0.0,0.0,0.0
bull_to_neutral,0.12,0.99,0.0,,0,67,67,0.5074626865671642,0.39880952380952384,0.5405405405405406,0.4666666666666667,0.5074626865671642,0.39880952380952384,0.5405405405405406,0.4666666666666667,0.0,0.0,0.0,0.0
bull_to_bear,0.12,0.99,0.0,,0,67,67,0.5074626865671642,0.39880952380952384,0.5405405405405406,0.4666666666666667,0.5074626865671642,0.39880952380952384,0.5405405405405406,0.4666666666666667,0.0,0.0,0.0,0.0
bull_to_neutral,0.12,0.99,0.0,0.0,0,67,67,0.5074626865671642,0.39880952380952384,0.5405405405405406,0.4666666666666667,0.5074626865671642,0.39880952380952384,0.5405405405405406,0.4666666666666667,0.0,0.0,0.0,0.0
bull_to_bear,0.12,0.99,0.0,0.0,0,67,67,0.5074626865671642,0.39880952380952384,0.5405405405405406,0.4666666666666667,0.5074626865671642,0.39880952380952384,0.5405405405405406,0.4666666666666667,0.0,0.0,0.0,0.0
bull_to_neutral,0.12,0.99,0.0,-0.05,0,67,67,0.5074626865671642,0.39880952380952384,0.5405405405405406,0.4666666666666667,0.5074626865671642,0.39880952380952384,0.5405405405405406,0.4666666666666667,0.0,0.0,0.0,0.0
bull_to_bear,0.12,0.99,0.0,-0.05,0,67,67,0.5074626865671642,0.39880952380952384,0.5405405405405406,0.4666666666666667,0.5074626865671642,0.39880952380952384,0.5405405405405406,0.4666666666666667,0.0,0.0,0.0,0.0
bull_to_neutral,0.12,0.99,0.0,-0.1,0,67,67,0.5074626865671642,0.39880952380952384,0.5405405405405406,0.4666666666666667,0.5074626865671642,0.39880952380952384,0.5405405405405406,0.4666666666666667,0.0,0.0,0.0,0.0
bull_to_bear,0.12,0.99,0.0,-0.1,0,67,67,0.5074626865671642,0.39880952380952384,0.5405405405405406,0.4666666666666667,0.5074626865671642,0.39880952380952384,0.5405405405405406,0.4666666666666667,0.0,0.0,0.0,0.0
bull_to_neutral,0.12,0.99,5.0,,0,67,67,0.5074626865671642,0.39880952380952384,0.5405405405405406,0.4666666666666667,0.5074626865671642,0.39880952380952384,0.5405405405405406,0.4666666666666667,0.0,0.0,0.0,0.0
bull_to_bear,0.12,0.99,5.0,,0,67,67,0.5074626865671642,0.39880952380952384,0.5405405405405406,0.4666666666666667,0.5074626865671642,0.39880952380952384,0.5405405405405406,0.4666666666666667,0.0,0.0,0.0,0.0
bull_to_neutral,0.12,0.99,5.0,0.0,0,67,67,0.5074626865671642,0.39880952380952384,0.5405405405405406,0.4666666666666667,0.5074626865671642,0.39880952380952384,0.5405405405405406,0.4666666666666667,0.0,0.0,0.0,0.0
bull_to_bear,0.12,0.99,5.0,0.0,0,67,67,0.5074626865671642,0.39880952380952384,0.5405405405405406,0.4666666666666667,0.5074626865671642,0.39880952380952384,0.5405405405405406,0.4666666666666667,0.0,0.0,0.0,0.0
bull_to_neutral,0.12,0.99,5.0,-0.05,0,67,67,0.5074626865671642,0.39880952380952384,0.5405405405405406,0.4666666666666667,0.5074626865671642,0.39880952380952384,0.5405405405405406,0.4666666666666667,0.0,0.0,0.0,0.0
bull_to_bear,0.12,0.99,5.0,-0.05,0,67,67,0.5074626865671642,0.39880952380952384,0.5405405405405406,0.4666666666666667,0.5074626865671642,0.39880952380952384,0.5405405405405406,0.4666666666666667,0.0,0.0,0.0,0.0
bull_to_neutral,0.12,0.99,5.0,-0.1,0,67,67,0.5074626865671642,0.39880952380952384,0.5405405405405406,0.4666666666666667,0.5074626865671642,0.39880952380952384,0.5405405405405406,0.4666666666666667,0.0,0.0,0.0,0.0
bull_to_bear,0.12,0.99,5.0,-0.1,0,67,67,0.5074626865671642,0.39880952380952384,0.5405405405405406,0.4666666666666667,0.5074626865671642,0.39880952380952384,0.5405405405405406,0.4666666666666667,0.0,0.0,0.0,0.0
bull_to_neutral,0.12,0.99,10.0,,0,67,67,0.5074626865671642,0.39880952380952384,0.5405405405405406,0.4666666666666667,0.5074626865671642,0.39880952380952384,0.5405405405405406,0.4666666666666667,0.0,0.0,0.0,0.0
bull_to_bear,0.12,0.99,10.0,,0,67,67,0.5074626865671642,0.39880952380952384,0.5405405405405406,0.4666666666666667,0.5074626865671642,0.39880952380952384,0.5405405405405406,0.4666666666666667,0.0,0.0,0.0,0.0
bull_to_neutral,0.12,0.99,10.0,0.0,0,67,67,0.5074626865671642,0.39880952380952384,0.5405405405405406,0.4666666666666667,0.5074626865671642,0.39880952380952384,0.5405405405405406,0.4666666666666667,0.0,0.0,0.0,0.0
bull_to_bear,0.12,0.99,10.0,0.0,0,67,67,0.5074626865671642,0.39880952380952384,0.5405405405405406,0.4666666666666667,0.5074626865671642,0.39880952380952384,0.5405405405405406,0.4666666666666667,0.0,0.0,0.0,0.0
bull_to_neutral,0.12,0.99,10.0,-0.05,0,67,67,0.5074626865671642,0.39880952380952384,0.5405405405405406,0.4666666666666667,0.5074626865671642,0.39880952380952384,0.5405405405405406,0.4666666666666667,0.0,0.0,0.0,0.0
bull_to_bear,0.12,0.99,10.0,-0.05,0,67,67,0.5074626865671642,0.39880952380952384,0.5405405405405406,0.4666666666666667,0.5074626865671642,0.39880952380952384,0.5405405405405406,0.4666666666666667,0.0,0.0,0.0,0.0
bull_to_neutral,0.12,0.99,10.0,-0.1,0,67,67,0.5074626865671642,0.39880952380952384,0.5405405405405406,0.4666666666666667,0.5074626865671642,0.39880952380952384,0.5405405405405406,0.4666666666666667,0.0,0.0,0.0,0.0
bull_to_bear,0.12,0.99,10.0,-0.1,0,67,67,0.5074626865671642,0.39880952380952384,0.5405405405405406,0.4666666666666667,0.5074626865671642,0.39880952380952384,0.5405405405405406,0.4666666666666667,0.0,0.0,0.0,0.0
bull_to_neutral,0.12,0.99,15.0,,0,67,67,0.5074626865671642,0.39880952380952384,0.5405405405405406,0.4666666666666667,0.5074626865671642,0.39880952380952384,0.5405405405405406,0.4666666666666667,0.0,0.0,0.0,0.0
bull_to_bear,0.12,0.99,15.0,,0,67,67,0.5074626865671642,0.39880952380952384,0.5405405405405406,0.4666666666666667,0.5074626865671642,0.39880952380952384,0.5405405405405406,0.4666666666666667,0.0,0.0,0.0,0.0
bull_to_neutral,0.12,0.99,15.0,0.0,0,67,67,0.5074626865671642,0.39880952380952384,0.5405405405405406,0.4666666666666667,0.5074626865671642,0.39880952380952384,0.5405405405405406,0.4666666666666667,0.0,0.0,0.0,0.0
bull_to_bear,0.12,0.99,15.0,0.0,0,67,67,0.5074626865671642,0.39880952380952384,0.5405405405405406,0.4666666666666667,0.5074626865671642,0.39880952380952384,0.5405405405405406,0.4666666666666667,0.0,0.0,0.0,0.0
bull_to_neutral,0.12,0.99,15.0,-0.05,0,67,67,0.5074626865671642,0.39880952380952384,0.5405405405405406,0.4666666666666667,0.5074626865671642,0.39880952380952384,0.5405405405405406,0.4666666666666667,0.0,0.0,0.0,0.0
bull_to_bear,0.12,0.99,15.0,-0.05,0,67,67,0.5074626865671642,0.39880952380952384,0.5405405405405406,0.4666666666666667,0.5074626865671642,0.39880952380952384,0.5405405405405406,0.4666666666666667,0.0,0.0,0.0,0.0
bull_to_neutral,0.12,0.99,15.0,-0.1,0,67,67,0.5074626865671642,0.39880952380952384,0.5405405405405406,0.4666666666666667,0.5074626865671642,0.39880952380952384,0.5405405405405406,0.4666666666666667,0.0,0.0,0.0,0.0
bull_to_bear,0.12,0.99,15.0,-0.1,0,67,67,0.5074626865671642,0.39880952380952384,0.5405405405405406,0.4666666666666667,0.5074626865671642,0.39880952380952384,0.5405405405405406,0.4666666666666667,0.0,0.0,0.0,0.0
bull_to_neutral,0.12,0.98,,,0,67,67,0.5074626865671642,0.39880952380952384,0.5405405405405406,0.4666666666666667,0.5074626865671642,0.39880952380952384,0.5405405405405406,0.4666666666666667,0.0,0.0,0.0,0.0
bull_to_bear,0.12,0.98,,,0,67,67,0.5074626865671642,0.39880952380952384,0.5405405405405406,0.4666666666666667,0.5074626865671642,0.39880952380952384,0.5405405405405406,0.4666666666666667,0.0,0.0,0.0,0.0
bull_to_neutral,0.12,0.98,,0.0,0,67,67,0.5074626865671642,0.39880952380952384,0.5405405405405406,0.4666666666666667,0.5074626865671642,0.39880952380952384,0.5405405405405406,0.4666666666666667,0.0,0.0,0.0,0.0
bull_to_bear,0.12,0.98,,0.0,0,67,67,0.5074626865671642,0.39880952380952384,0.5405405405405406,0.4666666666666667,0.5074626865671642,0.39880952380952384,0.5405405405405406,0.4666666666666667,0.0,0.0,0.0,0.0
bull_to_neutral,0.12,0.98,,-0.05,0,67,67,0.5074626865671642,0.39880952380952384,0.5405405405405406,0.4666666666666667,0.5074626865671642,0.39880952380952384,0.5405405405405406,0.4666666666666667,0.0,0.0,0.0,0.0
bull_to_bear,0.12,0.98,,-0.05,0,67,67,0.5074626865671642,0.39880952380952384,0.5405405405405406,0.4666666666666667,0.5074626865671642,0.39880952380952384,0.5405405405405406,0.4666666666666667,0.0,0.0,0.0,0.0
bull_to_neutral,0.12,0.98,,-0.1,0,67,67,0.5074626865671642,0.39880952380952384,0.5405405405405406,0.4666666666666667,0.5074626865671642,0.39880952380952384,0.5405405405405406,0.4666666666666667,0.0,0.0,0.0,0.0
bull_to_bear,0.12,0.98,,-0.1,0,67,67,0.5074626865671642,0.39880952380952384,0.5405405405405406,0.4666666666666667,0.5074626865671642,0.39880952380952384,0.5405405405405406,0.4666666666666667,0.0,0.0,0.0,0.0
bull_to_neutral,0.12,0.98,0.0,,0,67,67,0.5074626865671642,0.39880952380952384,0.5405405405405406,0.4666666666666667,0.5074626865671642,0.39880952380952384,0.5405405405405406,0.4666666666666667,0.0,0.0,0.0,0.0
bull_to_bear,0.12,0.98,0.0,,0,67,67,0.5074626865671642,0.39880952380952384,0.5405405405405406,0.4666666666666667,0.5074626865671642,0.39880952380952384,0.5405405405405406,0.4666666666666667,0.0,0.0,0.0,0.0
bull_to_neutral,0.12,0.98,0.0,0.0,0,67,67,0.5074626865671642,0.39880952380952384,0.5405405405405406,0.4666666666666667,0.5074626865671642,0.39880952380952384,0.5405405405405406,0.4666666666666667,0.0,0.0,0.0,0.0
bull_to_bear,0.12,0.98,0.0,0.0,0,67,67,0.5074626865671642,0.39880952380952384,0.5405405405405406,0.4666666666666667,0.5074626865671642,0.39880952380952384,0.5405405405405406,0.4666666666666667,0.0,0.0,0.0,0.0
bull_to_neutral,0.12,0.98,0.0,-0.05,0,67,67,0.5074626865671642,0.39880952380952384,0.5405405405405406,0.4666666666666667,0.5074626865671642,0.39880952380952384,0.5405405405405406,0.4666666666666667,0.0,0.0,0.0,0.0
bull_to_bear,0.12,0.98,0.0,-0.05,0,67,67,0.5074626865671642,0.39880952380952384,0.5405405405405406,0.4666666666666667,0.5074626865671642,0.39880952380952384,0.5405405405405406,0.4666666666666667,0.0,0.0,0.0,0.0
bull_to_neutral,0.12,0.98,0.0,-0.1,0,67,67,0.5074626865671642,0.39880952380952384,0.5405405405405406,0.4666666666666667,0.5074626865671642,0.39880952380952384,0.5405405405405406,0.4666666666666667,0.0,0.0,0.0,0.0
bull_to_bear,0.12,0.98,0.0,-0.1,0,67,67,0.5074626865671642,0.39880952380952384,0.5405405405405406,0.4666666666666667,0.5074626865671642,0.39880952380952384,0.5405405405405406,0.4666666666666667,0.0,0.0,0.0,0.0
bull_to_neutral,0.12,0.98,5.0,,0,67,67,0.5074626865671642,0.39880952380952384,0.5405405405405406,0.4666666666666667,0.5074626865671642,0.39880952380952384,0.5405405405405406,0.4666666666666667,0.0,0.0,0.0,0.0
bull_to_bear,0.12,0.98,5.0,,0,67,67,0.5074626865671642,0.39880952380952384,0.5405405405405406,0.4666666666666667,0.5074626865671642,0.39880952380952384,0.5405405405405406,0.4666666666666667,0.0,0.0,0.0,0.0
bull_to_neutral,0.12,0.98,5.0,0.0,0,67,67,0.5074626865671642,0.39880952380952384,0.5405405405405406,0.4666666666666667,0.5074626865671642,0.39880952380952384,0.5405405405405406,0.4666666666666667,0.0,0.0,0.0,0.0
bull_to_bear,0.12,0.98,5.0,0.0,0,67,67,0.5074626865671642,0.39880952380952384,0.5405405405405406,0.4666666666666667,0.5074626865671642,0.39880952380952384,0.5405405405405406,0.4666666666666667,0.0,0.0,0.0,0.0
bull_to_neutral,0.12,0.98,5.0,-0.05,0,67,67,0.5074626865671642,0.39880952380952384,0.5405405405405406,0.4666666666666667,0.5074626865671642,0.39880952380952384,0.5405405405405406,0.4666666666666667,0.0,0.0,0.0,0.0
bull_to_bear,0.12,0.98,5.0,-0.05,0,67,67,0.5074626865671642,0.39880952380952384,0.5405405405405406,0.4666666666666667,0.5074626865671642,0.39880952380952384,0.5405405405405406,0.4666666666666667,0.0,0.0,0.0,0.0
bull_to_neutral,0.12,0.98,5.0,-0.1,0,67,67,0.5074626865671642,0.39880952380952384,0.5405405405405406,0.4666666666666667,0.5074626865671642,0.39880952380952384,0.5405405405405406,0.4666666666666667,0.0,0.0,0.0,0.0
bull_to_bear,0.12,0.98,5.0,-0.1,0,67,67,0.5074626865671642,0.39880952380952384,0.5405405405405406,0.4666666666666667,0.5074626865671642,0.39880952380952384,0.5405405405405406,0.4666666666666667,0.0,0.0,0.0,0.0
bull_to_neutral,0.12,0.98,10.0,,0,67,67,0.5074626865671642,0.39880952380952384,0.5405405405405406,0.4666666666666667,0.5074626865671642,0.39880952380952384,0.5405405405405406,0.4666666666666667,0.0,0.0,0.0,0.0
bull_to_bear,0.12,0.98,10.0,,0,67,67,0.5074626865671642,0.39880952380952384,0.5405405405405406,0.4666666666666667,0.5074626865671642,0.39880952380952384,0.5405405405405406,0.4666666666666667,0.0,0.0,0.0,0.0
bull_to_neutral,0.12,0.98,10.0,0.0,0,67,67,0.5074626865671642,0.39880952380952384,0.5405405405405406,0.4666666666666667,0.5074626865671642,0.39880952380952384,0.5405405405405406,0.4666666666666667,0.0,0.0,0.0,0.0
bull_to_bear,0.12,0.98,10.0,0.0,0,67,67,0.5074626865671642,0.39880952380952384,0.5405405405405406,0.4666666666666667,0.5074626865671642,0.39880952380952384,0.5405405405405406,0.4666666666666667,0.0,0.0,0.0,0.0
bull_to_neutral,0.12,0.98,10.0,-0.05,0,67,67,0.5074626865671642,0.39880952380952384,0.5405405405405406,0.4666666666666667,0.5074626865671642,0.39880952380952384,0.5405405405405406,0.4666666666666667,0.0,0.0,0.0,0.0
bull_to_bear,0.12,0.98,10.0,-0.05,0,67,67,0.5074626865671642,0.39880952380952384,0.5405405405405406,0.4666666666666667,0.5074626865671642,0.39880952380952384,0.5405405405405406,0.4666666666666667,0.0,0.0,0.0,0.0
bull_to_neutral,0.12,0.98,10.0,-0.1,0,67,67,0.5074626865671642,0.39880952380952384,0.5405405405405406,0.4666666666666667,0.5074626865671642,0.39880952380952384,0.5405405405405406,0.4666666666666667,0.0,0.0,0.0,0.0
bull_to_bear,0.12,0.98,10.0,-0.1,0,67,67,0.5074626865671642,0.39880952380952384,0.5405405405405406,0.4666666666666667,0.5074626865671642,0.39880952380952384,0.5405405405405406,0.4666666666666667,0.0,0.0,0.0,0.0
bull_to_neutral,0.12,0.98,15.0,,0,67,67,0.5074626865671642,0.39880952380952384,0.5405405405405406,0.4666666666666667,0.5074626865671642,0.39880952380952384,0.5405405405405406,0.4666666666666667,0.0,0.0,0.0,0.0
bull_to_bear,0.12,0.98,15.0,,0,67,67,0.5074626865671642,0.39880952380952384,0.5405405405405406,0.4666666666666667,0.5074626865671642,0.39880952380952384,0.5405405405405406,0.4666666666666667,0.0,0.0,0.0,0.0
bull_to_neutral,0.12,0.98,15.0,0.0,0,67,67,0.5074626865671642,0.39880952380952384,0.5405405405405406,0.4666666666666667,0.5074626865671642,0.39880952380952384,0.5405405405405406,0.4666666666666667,0.0,0.0,0.0,0.0
bull_to_bear,0.12,0.98,15.0,0.0,0,67,67,0.5074626865671642,0.39880952380952384,0.5405405405405406,0.4666666666666667,0.5074626865671642,0.39880952380952384,0.5405405405405406,0.4666666666666667,0.0,0.0,0.0,0.0
bull_to_neutral,0.12,0.98,15.0,-0.05,0,67,67,0.5074626865671642,0.39880952380952384,0.5405405405405406,0.4666666666666667,0.5074626865671642,0.39880952380952384,0.5405405405405406,0.4666666666666667,0.0,0.0,0.0,0.0
bull_to_bear,0.12,0.98,15.0,-0.05,0,67,67,0.5074626865671642,0.39880952380952384,0.5405405405405406,0.4666666666666667,0.5074626865671642,0.39880952380952384,0.5405405405405406,0.4666666666666667,0.0,0.0,0.0,0.0
bull_to_neutral,0.12,0.98,15.0,-0.1,0,67,67,0.5074626865671642,0.39880952380952384,0.5405405405405406,0.4666666666666667,0.5074626865671642,0.39880952380952384,0.5405405405405406,0.4666666666666667,0.0,0.0,0.0,0.0
bull_to_bear,0.12,0.98,15.0,-0.1,0,67,67,0.5074626865671642,0.39880952380952384,0.5405405405405406,0.4666666666666667,0.5074626865671642,0.39880952380952384,0.5405405405405406,0.4666666666666667,0.0,0.0,0.0,0.0
bull_to_neutral,0.12,0.97,,,0,67,67,0.5074626865671642,0.39880952380952384,0.5405405405405406,0.4666666666666667,0.5074626865671642,0.39880952380952384,0.5405405405405406,0.4666666666666667,0.0,0.0,0.0,0.0
bull_to_bear,0.12,0.97,,,0,67,67,0.5074626865671642,0.39880952380952384,0.5405405405405406,0.4666666666666667,0.5074626865671642,0.39880952380952384,0.5405405405405406,0.4666666666666667,0.0,0.0,0.0,0.0
bull_to_neutral,0.12,0.97,,0.0,0,67,67,0.5074626865671642,0.39880952380952384,0.5405405405405406,0.4666666666666667,0.5074626865671642,0.39880952380952384,0.5405405405405406,0.4666666666666667,0.0,0.0,0.0,0.0
bull_to_bear,0.12,0.97,,0.0,0,67,67,0.5074626865671642,0.39880952380952384,0.5405405405405406,0.4666666666666667,0.5074626865671642,0.39880952380952384,0.5405405405405406,0.4666666666666667,0.0,0.0,0.0,0.0
bull_to_neutral,0.12,0.97,,-0.05,0,67,67,0.5074626865671642,0.39880952380952384,0.5405405405405406,0.4666666666666667,0.5074626865671642,0.39880952380952384,0.5405405405405406,0.4666666666666667,0.0,0.0,0.0,0.0
bull_to_bear,0.12,0.97,,-0.05,0,67,67,0.5074626865671642,0.39880952380952384,0.5405405405405406,0.4666666666666667,0.5074626865671642,0.39880952380952384,0.5405405405405406,0.4666666666666667,0.0,0.0,0.0,0.0
bull_to_neutral,0.12,0.97,,-0.1,0,67,67,0.5074626865671642,0.39880952380952384,0.5405405405405406,0.4666666666666667,0.5074626865671642,0.39880952380952384,0.5405405405405406,0.4666666666666667,0.0,0.0,0.0,0.0
bull_to_bear,0.12,0.97,,-0.1,0,67,67,0.5074626865671642,0.39880952380952384,0.5405405405405406,0.4666666666666667,0.5074626865671642,0.39880952380952384,0.5405405405405406,0.4666666666666667,0.0,0.0,0.0,0.0
bull_to_neutral,0.12,0.97,0.0,,0,67,67,0.5074626865671642,0.39880952380952384,0.5405405405405406,0.4666666666666667,0.5074626865671642,0.39880952380952384,0.5405405405405406,0.4666666666666667,0.0,0.0,0.0,0.0
bull_to_bear,0.12,0.97,0.0,,0,67,67,0.5074626865671642,0.39880952380952384,0.5405405405405406,0.4666666666666667,0.5074626865671642,0.39880952380952384,0.5405405405405406,0.4666666666666667,0.0,0.0,0.0,0.0
bull_to_neutral,0.12,0.97,0.0,0.0,0,67,67,0.5074626865671642,0.39880952380952384,0.5405405405405406,0.4666666666666667,0.5074626865671642,0.39880952380952384,0.5405405405405406,0.4666666666666667,0.0,0.0,0.0,0.0
bull_to_bear,0.12,0.97,0.0,0.0,0,67,67,0.5074626865671642,0.39880952380952384,0.5405405405405406,0.4666666666666667,0.5074626865671642,0.39880952380952384,0.5405405405405406,0.4666666666666667,0.0,0.0,0.0,0.0
bull_to_neutral,0.12,0.97,0.0,-0.05,0,67,67,0.5074626865671642,0.39880952380952384,0.5405405405405406,0.4666666666666667,0.5074626865671642,0.39880952380952384,0.5405405405405406,0.4666666666666667,0.0,0.0,0.0,0.0
bull_to_bear,0.12,0.97,0.0,-0.05,0,67,67,0.5074626865671642,0.39880952380952384,0.5405405405405406,0.4666666666666667,0.5074626865671642,0.39880952380952384,0.5405405405405406,0.4666666666666667,0.0,0.0,0.0,0.0
bull_to_neutral,0.12,0.97,0.0,-0.1,0,67,67,0.5074626865671642,0.39880952380952384,0.5405405405405406,0.4666666666666667,0.5074626865671642,0.39880952380952384,0.5405405405405406,0.4666666666666667,0.0,0.0,0.0,0.0
bull_to_bear,0.12,0.97,0.0,-0.1,0,67,67,0.5074626865671642,0.39880952380952384,0.5405405405405406,0.4666666666666667,0.5074626865671642,0.39880952380952384,0.5405405405405406,0.4666666666666667,0.0,0.0,0.0,0.0
bull_to_neutral,0.12,0.97,5.0,,0,67,67,0.5074626865671642,0.39880952380952384,0.5405405405405406,0.4666666666666667,0.5074626865671642,0.39880952380952384,0.5405405405405406,0.4666666666666667,0.0,0.0,0.0,0.0
bull_to_bear,0.12,0.97,5.0,,0,67,67,0.5074626865671642,0.39880952380952384,0.5405405405405406,0.4666666666666667,0.5074626865671642,0.39880952380952384,0.5405405405405406,0.4666666666666667,0.0,0.0,0.0,0.0
bull_to_neutral,0.12,0.97,5.0,0.0,0,67,67,0.5074626865671642,0.39880952380952384,0.5405405405405406,0.4666666666666667,0.5074626865671642,0.39880952380952384,0.5405405405405406,0.4666666666666667,0.0,0.0,0.0,0.0
bull_to_bear,0.12,0.97,5.0,0.0,0,67,67,0.5074626865671642,0.39880952380952384,0.5405405405405406,0.4666666666666667,0.5074626865671642,0.39880952380952384,0.5405405405405406,0.4666666666666667,0.0,0.0,0.0,0.0
bull_to_neutral,0.12,0.97,5.0,-0.05,0,67,67,0.5074626865671642,0.39880952380952384,0.5405405405405406,0.4666666666666667,0.5074626865671642,0.39880952380952384,0.5405405405405406,0.4666666666666667,0.0,0.0,0.0,0.0
bull_to_bear,0.12,0.97,5.0,-0.05,0,67,67,0.5074626865671642,0.39880952380952384,0.5405405405405406,0.4666666666666667,0.5074626865671642,0.39880952380952384,0.5405405405405406,0.4666666666666667,0.0,0.0,0.0,0.0
bull_to_neutral,0.12,0.97,5.0,-0.1,0,67,67,0.5074626865671642,0.39880952380952384,0.5405405405405406,0.4666666666666667,0.5074626865671642,0.39880952380952384,0.5405405405405406,0.4666666666666667,0.0,0.0,0.0,0.0
bull_to_bear,0.12,0.97,5.0,-0.1,0,67,67,0.5074626865671642,0.39880952380952384,0.5405405405405406,0.4666666666666667,0.5074626865671642,0.39880952380952384,0.5405405405405406,0.4666666666666667,0.0,0.0,0.0,0.0
bull_to_neutral,0.12,0.97,10.0,,0,67,67,0.5074626865671642,0.39880952380952384,0.5405405405405406,0.4666666666666667,0.5074626865671642,0.39880952380952384,0.5405405405405406,0.4666666666666667,0.0,0.0,0.0,0.0
bull_to_bear,0.12,0.97,10.0,,0,67,67,0.5074626865671642,0.39880952380952384,0.5405405405405406,0.4666666666666667,0.5074626865671642,0.39880952380952384,0.5405405405405406,0.4666666666666667,0.0,0.0,0.0,0.0
bull_to_neutral,0.12,0.97,10.0,0.0,0,67,67,0.5074626865671642,0.39880952380952384,0.5405405405405406,0.4666666666666667,0.5074626865671642,0.39880952380952384,0.5405405405405406,0.4666666666666667,0.0,0.0,0.0,0.0
bull_to_bear,0.12,0.97,10.0,0.0,0,67,67,0.5074626865671642,0.39880952380952384,0.5405405405405406,0.4666666666666667,0.5074626865671642,0.39880952380952384,0.5405405405405406,0.4666666666666667,0.0,0.0,0.0,0.0
bull_to_neutral,0.12,0.97,10.0,-0.05,0,67,67,0.5074626865671642,0.39880952380952384,0.5405405405405406,0.4666666666666667,0.5074626865671642,0.39880952380952384,0.5405405405405406,0.4666666666666667,0.0,0.0,0.0,0.0
bull_to_bear,0.12,0.97,10.0,-0.05,0,67,67,0.5074626865671642,0.39880952380952384,0.5405405405405406,0.4666666666666667,0.5074626865671642,0.39880952380952384,0.5405405405405406,0.4666666666666667,0.0,0.0,0.0,0.0
bull_to_neutral,0.12,0.97,10.0,-0.1,0,67,67,0.5074626865671642,0.39880952380952384,0.5405405405405406,0.4666666666666667,0.5074626865671642,0.39880952380952384,0.5405405405405406,0.4666666666666667,0.0,0.0,0.0,0.0
bull_to_bear,0.12,0.97,10.0,-0.1,0,67,67,0.5074626865671642,0.39880952380952384,0.5405405405405406,0.4666666666666667,0.5074626865671642,0.39880952380952384,0.5405405405405406,0.4666666666666667,0.0,0.0,0.0,0.0
bull_to_neutral,0.12,0.97,15.0,,0,67,67,0.5074626865671642,0.39880952380952384,0.5405405405405406,0.4666666666666667,0.5074626865671642,0.39880952380952384,0.5405405405405406,0.4666666666666667,0.0,0.0,0.0,0.0
bull_to_bear,0.12,0.97,15.0,,0,67,67,0.5074626865671642,0.39880952380952384,0.5405405405405406,0.4666666666666667,0.5074626865671642,0.39880952380952384,0.5405405405405406,0.4666666666666667,0.0,0.0,0.0,0.0
bull_to_neutral,0.12,0.97,15.0,0.0,0,67,67,0.5074626865671642,0.39880952380952384,0.5405405405405406,0.4666666666666667,0.5074626865671642,0.39880952380952384,0.5405405405405406,0.4666666666666667,0.0,0.0,0.0,0.0
bull_to_bear,0.12,0.97,15.0,0.0,0,67,67,0.5074626865671642,0.39880952380952384,0.5405405405405406,0.4666666666666667,0.5074626865671642,0.39880952380952384,0.5405405405405406,0.4666666666666667,0.0,0.0,0.0,0.0
bull_to_neutral,0.12,0.97,15.0,-0.05,0,67,67,0.5074626865671642,0.39880952380952384,0.5405405405405406,0.4666666666666667,0.5074626865671642,0.39880952380952384,0.5405405405405406,0.4666666666666667,0.0,0.0,0.0,0.0
bull_to_bear,0.12,0.97,15.0,-0.05,0,67,67,0.5074626865671642,0.39880952380952384,0.5405405405405406,0.4666666666666667,0.5074626865671642,0.39880952380952384,0.5405405405405406,0.4666666666666667,0.0,0.0,0.0,0.0
bull_to_neutral,0.12,0.97,15.0,-0.1,0,67,67,0.5074626865671642,0.39880952380952384,0.5405405405405406,0.4666666666666667,0.5074626865671642,0.39880952380952384,0.5405405405405406,0.4666666666666667,0.0,0.0,0.0,0.0
bull_to_bear,0.12,0.97,15.0,-0.1,0,67,67,0.5074626865671642,0.39880952380952384,0.5405405405405406,0.4666666666666667,0.5074626865671642,0.39880952380952384,0.5405405405405406,0.4666666666666667,0.0,0.0,0.0,0.0
bull_to_neutral,0.12,0.95,,,0,67,67,0.5074626865671642,0.39880952380952384,0.5405405405405406,0.4666666666666667,0.5074626865671642,0.39880952380952384,0.5405405405405406,0.4666666666666667,0.0,0.0,0.0,0.0
bull_to_bear,0.12,0.95,,,0,67,67,0.5074626865671642,0.39880952380952384,0.5405405405405406,0.4666666666666667,0.5074626865671642,0.39880952380952384,0.5405405405405406,0.4666666666666667,0.0,0.0,0.0,0.0
bull_to_neutral,0.12,0.95,,0.0,0,67,67,0.5074626865671642,0.39880952380952384,0.5405405405405406,0.4666666666666667,0.5074626865671642,0.39880952380952384,0.5405405405405406,0.4666666666666667,0.0,0.0,0.0,0.0
bull_to_bear,0.12,0.95,,0.0,0,67,67,0.5074626865671642,0.39880952380952384,0.5405405405405406,0.4666666666666667,0.5074626865671642,0.39880952380952384,0.5405405405405406,0.4666666666666667,0.0,0.0,0.0,0.0
bull_to_neutral,0.12,0.95,,-0.05,0,67,67,0.5074626865671642,0.39880952380952384,0.5405405405405406,0.4666666666666667,0.5074626865671642,0.39880952380952384,0.5405405405405406,0.4666666666666667,0.0,0.0,0.0,0.0
bull_to_bear,0.12,0.95,,-0.05,0,67,67,0.5074626865671642,0.39880952380952384,0.5405405405405406,0.4666666666666667,0.5074626865671642,0.39880952380952384,0.5405405405405406,0.4666666666666667,0.0,0.0,0.0,0.0
bull_to_neutral,0.12,0.95,,-0.1,0,67,67,0.5074626865671642,0.39880952380952384,0.5405405405405406,0.4666666666666667,0.5074626865671642,0.39880952380952384,0.5405405405405406,0.4666666666666667,0.0,0.0,0.0,0.0
bull_to_bear,0.12,0.95,,-0.1,0,67,67,0.5074626865671642,0.39880952380952384,0.5405405405405406,0.4666666666666667,0.5074626865671642,0.39880952380952384,0.5405405405405406,0.4666666666666667,0.0,0.0,0.0,0.0
bull_to_neutral,0.12,0.95,0.0,,0,67,67,0.5074626865671642,0.39880952380952384,0.5405405405405406,0.4666666666666667,0.5074626865671642,0.39880952380952384,0.5405405405405406,0.4666666666666667,0.0,0.0,0.0,0.0
bull_to_bear,0.12,0.95,0.0,,0,67,67,0.5074626865671642,0.39880952380952384,0.5405405405405406,0.4666666666666667,0.5074626865671642,0.39880952380952384,0.5405405405405406,0.4666666666666667,0.0,0.0,0.0,0.0
bull_to_neutral,0.12,0.95,0.0,0.0,0,67,67,0.5074626865671642,0.39880952380952384,0.5405405405405406,0.4666666666666667,0.5074626865671642,0.39880952380952384,0.5405405405405406,0.4666666666666667,0.0,0.0,0.0,0.0
bull_to_bear,0.12,0.95,0.0,0.0,0,67,67,0.5074626865671642,0.39880952380952384,0.5405405405405406,0.4666666666666667,0.5074626865671642,0.39880952380952384,0.5405405405405406,0.4666666666666667,0.0,0.0,0.0,0.0
bull_to_neutral,0.12,0.95,0.0,-0.05,0,67,67,0.5074626865671642,0.39880952380952384,0.5405405405405406,0.4666666666666667,0.5074626865671642,0.39880952380952384,0.5405405405405406,0.4666666666666667,0.0,0.0,0.0,0.0
bull_to_bear,0.12,0.95,0.0,-0.05,0,67,67,0.5074626865671642,0.39880952380952384,0.5405405405405406,0.4666666666666667,0.5074626865671642,0.39880952380952384,0.5405405405405406,0.4666666666666667,0.0,0.0,0.0,0.0
bull_to_neutral,0.12,0.95,0.0,-0.1,0,67,67,0.5074626865671642,0.39880952380952384,0.5405405405405406,0.4666666666666667,0.5074626865671642,0.39880952380952384,0.5405405405405406,0.4666666666666667,0.0,0.0,0.0,0.0
bull_to_bear,0.12,0.95,0.0,-0.1,0,67,67,0.5074626865671642,0.39880952380952384,0.5405405405405406,0.4666666666666667,0.5074626865671642,0.39880952380952384,0.5405405405405406,0.4666666666666667,0.0,0.0,0.0,0.0
bull_to_neutral,0.12,0.95,5.0,,0,67,67,0.5074626865671642,0.39880952380952384,0.5405405405405406,0.4666666666666667,0.5074626865671642,0.39880952380952384,0.5405405405405406,0.4666666666666667,0.0,0.0,0.0,0.0
bull_to_bear,0.12,0.95,5.0,,0,67,67,0.5074626865671642,0.39880952380952384,0.5405405405405406,0.4666666666666667,0.5074626865671642,0.39880952380952384,0.5405405405405406,0.4666666666666667,0.0,0.0,0.0,0.0
bull_to_neutral,0.12,0.95,5.0,0.0,0,67,67,0.5074626865671642,0.39880952380952384,0.5405405405405406,0.4666666666666667,0.5074626865671642,0.39880952380952384,0.5405405405405406,0.4666666666666667,0.0,0.0,0.0,0.0
bull_to_bear,0.12,0.95,5.0,0.0,0,67,67,0.5074626865671642,0.39880952380952384,0.5405405405405406,0.4666666666666667,0.5074626865671642,0.39880952380952384,0.5405405405405406,0.4666666666666667,0.0,0.0,0.0,0.0
bull_to_neutral,0.12,0.95,5.0,-0.05,0,67,67,0.5074626865671642,0.39880952380952384,0.5405405405405406,0.4666666666666667,0.5074626865671642,0.39880952380952384,0.5405405405405406,0.4666666666666667,0.0,0.0,0.0,0.0
bull_to_bear,0.12,0.95,5.0,-0.05,0,67,67,0.5074626865671642,0.39880952380952384,0.5405405405405406,0.4666666666666667,0.5074626865671642,0.39880952380952384,0.5405405405405406,0.4666666666666667,0.0,0.0,0.0,0.0
bull_to_neutral,0.12,0.95,5.0,-0.1,0,67,67,0.5074626865671642,0.39880952380952384,0.5405405405405406,0.4666666666666667,0.5074626865671642,0.39880952380952384,0.5405405405405406,0.4666666666666667,0.0,0.0,0.0,0.0
bull_to_bear,0.12,0.95,5.0,-0.1,0,67,67,0.5074626865671642,0.39880952380952384,0.5405405405405406,0.4666666666666667,0.5074626865671642,0.39880952380952384,0.5405405405405406,0.4666666666666667,0.0,0.0,0.0,0.0
bull_to_neutral,0.12,0.95,10.0,,0,67,67,0.5074626865671642,0.39880952380952384,0.5405405405405406,0.4666666666666667,0.5074626865671642,0.39880952380952384,0.5405405405405406,0.4666666666666667,0.0,0.0,0.0,0.0
bull_to_bear,0.12,0.95,10.0,,0,67,67,0.5074626865671642,0.39880952380952384,0.5405405405405406,0.4666666666666667,0.5074626865671642,0.39880952380952384,0.5405405405405406,0.4666666666666667,0.0,0.0,0.0,0.0
bull_to_neutral,0.12,0.95,10.0,0.0,0,67,67,0.5074626865671642,0.39880952380952384,0.5405405405405406,0.4666666666666667,0.5074626865671642,0.39880952380952384,0.5405405405405406,0.4666666666666667,0.0,0.0,0.0,0.0
bull_to_bear,0.12,0.95,10.0,0.0,0,67,67,0.5074626865671642,0.39880952380952384,0.5405405405405406,0.4666666666666667,0.5074626865671642,0.39880952380952384,0.5405405405405406,0.4666666666666667,0.0,0.0,0.0,0.0
bull_to_neutral,0.12,0.95,10.0,-0.05,0,67,67,0.5074626865671642,0.39880952380952384,0.5405405405405406,0.4666666666666667,0.5074626865671642,0.39880952380952384,0.5405405405405406,0.4666666666666667,0.0,0.0,0.0,0.0
bull_to_bear,0.12,0.95,10.0,-0.05,0,67,67,0.5074626865671642,0.39880952380952384,0.5405405405405406,0.4666666666666667,0.5074626865671642,0.39880952380952384,0.5405405405405406,0.4666666666666667,0.0,0.0,0.0,0.0
bull_to_neutral,0.12,0.95,10.0,-0.1,0,67,67,0.5074626865671642,0.39880952380952384,0.5405405405405406,0.4666666666666667,0.5074626865671642,0.39880952380952384,0.5405405405405406,0.4666666666666667,0.0,0.0,0.0,0.0
bull_to_bear,0.12,0.95,10.0,-0.1,0,67,67,0.5074626865671642,0.39880952380952384,0.5405405405405406,0.4666666666666667,0.5074626865671642,0.39880952380952384,0.5405405405405406,0.4666666666666667,0.0,0.0,0.0,0.0
bull_to_neutral,0.12,0.95,15.0,,0,67,67,0.5074626865671642,0.39880952380952384,0.5405405405405406,0.4666666666666667,0.5074626865671642,0.39880952380952384,0.5405405405405406,0.4666666666666667,0.0,0.0,0.0,0.0
bull_to_bear,0.12,0.95,15.0,,0,67,67,0.5074626865671642,0.39880952380952384,0.5405405405405406,0.4666666666666667,0.5074626865671642,0.39880952380952384,0.5405405405405406,0.4666666666666667,0.0,0.0,0.0,0.0
bull_to_neutral,0.12,0.95,15.0,0.0,0,67,67,0.5074626865671642,0.39880952380952384,0.5405405405405406,0.4666666666666667,0.5074626865671642,0.39880952380952384,0.5405405405405406,0.4666666666666667,0.0,0.0,0.0,0.0
bull_to_bear,0.12,0.95,15.0,0.0,0,67,67,0.5074626865671642,0.39880952380952384,0.5405405405405406,0.4666666666666667,0.5074626865671642,0.39880952380952384,0.5405405405405406,0.4666666666666667,0.0,0.0,0.0,0.0
bull_to_neutral,0.12,0.95,15.0,-0.05,0,67,67,0.5074626865671642,0.39880952380952384,0.5405405405405406,0.4666666666666667,0.5074626865671642,0.39880952380952384,0.5405405405405406,0.4666666666666667,0.0,0.0,0.0,0.0
bull_to_bear,0.12,0.95,15.0,-0.05,0,67,67,0.5074626865671642,0.39880952380952384,0.5405405405405406,0.4666666666666667,0.5074626865671642,0.39880952380952384,0.5405405405405406,0.4666666666666667,0.0,0.0,0.0,0.0
bull_to_neutral,0.12,0.95,15.0,-0.1,0,67,67,0.5074626865671642,0.39880952380952384,0.5405405405405406,0.4666666666666667,0.5074626865671642,0.39880952380952384,0.5405405405405406,0.4666666666666667,0.0,0.0,0.0,0.0
bull_to_bear,0.12,0.95,15.0,-0.1,0,67,67,0.5074626865671642,0.39880952380952384,0.5405405405405406,0.4666666666666667,0.5074626865671642,0.39880952380952384,0.5405405405405406,0.4666666666666667,0.0,0.0,0.0,0.0
bull_to_neutral,0.12,0.93,,,0,67,67,0.5074626865671642,0.39880952380952384,0.5405405405405406,0.4666666666666667,0.5074626865671642,0.39880952380952384,0.5405405405405406,0.4666666666666667,0.0,0.0,0.0,0.0
bull_to_bear,0.12,0.93,,,0,67,67,0.5074626865671642,0.39880952380952384,0.5405405405405406,0.4666666666666667,0.5074626865671642,0.39880952380952384,0.5405405405405406,0.4666666666666667,0.0,0.0,0.0,0.0
bull_to_neutral,0.12,0.93,,0.0,0,67,67,0.5074626865671642,0.39880952380952384,0.5405405405405406,0.4666666666666667,0.5074626865671642,0.39880952380952384,0.5405405405405406,0.4666666666666667,0.0,0.0,0.0,0.0
bull_to_bear,0.12,0.93,,0.0,0,67,67,0.5074626865671642,0.39880952380952384,0.5405405405405406,0.4666666666666667,0.5074626865671642,0.39880952380952384,0.5405405405405406,0.4666666666666667,0.0,0.0,0.0,0.0
bull_to_neutral,0.12,0.93,,-0.05,0,67,67,0.5074626865671642,0.39880952380952384,0.5405405405405406,0.4666666666666667,0.5074626865671642,0.39880952380952384,0.5405405405405406,0.4666666666666667,0.0,0.0,0.0,0.0
bull_to_bear,0.12,0.93,,-0.05,0,67,67,0.5074626865671642,0.39880952380952384,0.5405405405405406,0.4666666666666667,0.5074626865671642,0.39880952380952384,0.5405405405405406,0.4666666666666667,0.0,0.0,0.0,0.0
bull_to_neutral,0.12,0.93,,-0.1,0,67,67,0.5074626865671642,0.39880952380952384,0.5405405405405406,0.4666666666666667,0.5074626865671642,0.39880952380952384,0.5405405405405406,0.4666666666666667,0.0,0.0,0.0,0.0
bull_to_bear,0.12,0.93,,-0.1,0,67,67,0.5074626865671642,0.39880952380952384,0.5405405405405406,0.4666666666666667,0.5074626865671642,0.39880952380952384,0.5405405405405406,0.4666666666666667,0.0,0.0,0.0,0.0
bull_to_neutral,0.12,0.93,0.0,,0,67,67,0.5074626865671642,0.39880952380952384,0.5405405405405406,0.4666666666666667,0.5074626865671642,0.39880952380952384,0.5405405405405406,0.4666666666666667,0.0,0.0,0.0,0.0
bull_to_bear,0.12,0.93,0.0,,0,67,67,0.5074626865671642,0.39880952380952384,0.5405405405405406,0.4666666666666667,0.5074626865671642,0.39880952380952384,0.5405405405405406,0.4666666666666667,0.0,0.0,0.0,0.0
bull_to_neutral,0.12,0.93,0.0,0.0,0,67,67,0.5074626865671642,0.39880952380952384,0.5405405405405406,0.4666666666666667,0.5074626865671642,0.39880952380952384,0.5405405405405406,0.4666666666666667,0.0,0.0,0.0,0.0
bull_to_bear,0.12,0.93,0.0,0.0,0,67,67,0.5074626865671642,0.39880952380952384,0.5405405405405406,0.4666666666666667,0.5074626865671642,0.39880952380952384,0.5405405405405406,0.4666666666666667,0.0,0.0,0.0,0.0
bull_to_neutral,0.12,0.93,0.0,-0.05,0,67,67,0.5074626865671642,0.39880952380952384,0.5405405405405406,0.4666666666666667,0.5074626865671642,0.39880952380952384,0.5405405405405406,0.4666666666666667,0.0,0.0,0.0,0.0
bull_to_bear,0.12,0.93,0.0,-0.05,0,67,67,0.5074626865671642,0.39880952380952384,0.5405405405405406,0.4666666666666667,0.5074626865671642,0.39880952380952384,0.5405405405405406,0.4666666666666667,0.0,0.0,0.0,0.0
bull_to_neutral,0.12,0.93,0.0,-0.1,0,67,67,0.5074626865671642,0.39880952380952384,0.5405405405405406,0.4666666666666667,0.5074626865671642,0.39880952380952384,0.5405405405405406,0.4666666666666667,0.0,0.0,0.0,0.0
bull_to_bear,0.12,0.93,0.0,-0.1,0,67,67,0.5074626865671642,0.39880952380952384,0.5405405405405406,0.4666666666666667,0.5074626865671642,0.39880952380952384,0.5405405405405406,0.4666666666666667,0.0,0.0,0.0,0.0
bull_to_neutral,0.12,0.93,5.0,,0,67,67,0.5074626865671642,0.39880952380952384,0.5405405405405406,0.4666666666666667,0.5074626865671642,0.39880952380952384,0.5405405405405406,0.4666666666666667,0.0,0.0,0.0,0.0
bull_to_bear,0.12,0.93,5.0,,0,67,67,0.5074626865671642,0.39880952380952384,0.5405405405405406,0.4666666666666667,0.5074626865671642,0.39880952380952384,0.5405405405405406,0.4666666666666667,0.0,0.0,0.0,0.0
bull_to_neutral,0.12,0.93,5.0,0.0,0,67,67,0.5074626865671642,0.39880952380952384,0.5405405405405406,0.4666666666666667,0.5074626865671642,0.39880952380952384,0.5405405405405406,0.4666666666666667,0.0,0.0,0.0,0.0
bull_to_bear,0.12,0.93,5.0,0.0,0,67,67,0.5074626865671642,0.39880952380952384,0.5405405405405406,0.4666666666666667,0.5074626865671642,0.39880952380952384,0.5405405405405406,0.4666666666666667,0.0,0.0,0.0,0.0
bull_to_neutral,0.12,0.93,5.0,-0.05,0,67,67,0.5074626865671642,0.39880952380952384,0.5405405405405406,0.4666666666666667,0.5074626865671642,0.39880952380952384,0.5405405405405406,0.4666666666666667,0.0,0.0,0.0,0.0
bull_to_bear,0.12,0.93,5.0,-0.05,0,67,67,0.5074626865671642,0.39880952380952384,0.5405405405405406,0.4666666666666667,0.5074626865671642,0.39880952380952384,0.5405405405405406,0.4666666666666667,0.0,0.0,0.0,0.0
bull_to_neutral,0.12,0.93,5.0,-0.1,0,67,67,0.5074626865671642,0.39880952380952384,0.5405405405405406,0.4666666666666667,0.5074626865671642,0.39880952380952384,0.5405405405405406,0.4666666666666667,0.0,0.0,0.0,0.0
bull_to_bear,0.12,0.93,5.0,-0.1,0,67,67,0.5074626865671642,0.39880952380952384,0.5405405405405406,0.4666666666666667,0.5074626865671642,0.39880952380952384,0.5405405405405406,0.4666666666666667,0.0,0.0,0.0,0.0
bull_to_neutral,0.12,0.93,10.0,,0,67,67,0.5074626865671642,0.39880952380952384,0.5405405405405406,0.4666666666666667,0.5074626865671642,0.39880952380952384,0.5405405405405406,0.4666666666666667,0.0,0.0,0.0,0.0
bull_to_bear,0.12,0.93,10.0,,0,67,67,0.5074626865671642,0.39880952380952384,0.5405405405405406,0.4666666666666667,0.5074626865671642,0.39880952380952384,0.5405405405405406,0.4666666666666667,0.0,0.0,0.0,0.0
bull_to_neutral,0.12,0.93,10.0,0.0,0,67,67,0.5074626865671642,0.39880952380952384,0.5405405405405406,0.4666666666666667,0.5074626865671642,0.39880952380952384,0.5405405405405406,0.4666666666666667,0.0,0.0,0.0,0.0
bull_to_bear,0.12,0.93,10.0,0.0,0,67,67,0.5074626865671642,0.39880952380952384,0.5405405405405406,0.4666666666666667,0.5074626865671642,0.39880952380952384,0.5405405405405406,0.4666666666666667,0.0,0.0,0.0,0.0
bull_to_neutral,0.12,0.93,10.0,-0.05,0,67,67,0.5074626865671642,0.39880952380952384,0.5405405405405406,0.4666666666666667,0.5074626865671642,0.39880952380952384,0.5405405405405406,0.4666666666666667,0.0,0.0,0.0,0.0
bull_to_bear,0.12,0.93,10.0,-0.05,0,67,67,0.5074626865671642,0.39880952380952384,0.5405405405405406,0.4666666666666667,0.5074626865671642,0.39880952380952384,0.5405405405405406,0.4666666666666667,0.0,0.0,0.0,0.0
bull_to_neutral,0.12,0.93,10.0,-0.1,0,67,67,0.5074626865671642,0.39880952380952384,0.5405405405405406,0.4666666666666667,0.5074626865671642,0.39880952380952384,0.5405405405405406,0.4666666666666667,0.0,0.0,0.0,0.0
bull_to_bear,0.12,0.93,10.0,-0.1,0,67,67,0.5074626865671642,0.39880952380952384,0.5405405405405406,0.4666666666666667,0.5074626865671642,0.39880952380952384,0.5405405405405406,0.4666666666666667,0.0,0.0,0.0,0.0
bull_to_neutral,0.12,0.93,15.0,,0,67,67,0.5074626865671642,0.39880952380952384,0.5405405405405406,0.4666666666666667,0.5074626865671642,0.39880952380952384,0.5405405405405406,0.4666666666666667,0.0,0.0,0.0,0.0
bull_to_bear,0.12,0.93,15.0,,0,67,67,0.5074626865671642,0.39880952380952384,0.5405405405405406,0.4666666666666667,0.5074626865671642,0.39880952380952384,0.5405405405405406,0.4666666666666667,0.0,0.0,0.0,0.0
bull_to_neutral,0.12,0.93,15.0,0.0,0,67,67,0.5074626865671642,0.39880952380952384,0.5405405405405406,0.4666666666666667,0.5074626865671642,0.39880952380952384,0.5405405405405406,0.4666666666666667,0.0,0.0,0.0,0.0
bull_to_bear,0.12,0.93,15.0,0.0,0,67,67,0.5074626865671642,0.39880952380952384,0.5405405405405406,0.4666666666666667,0.5074626865671642,0.39880952380952384,0.5405405405405406,0.4666666666666667,0.0,0.0,0.0,0.0
bull_to_neutral,0.12,0.93,15.0,-0.05,0,67,67,0.5074626865671642,0.39880952380952384,0.5405405405405406,0.4666666666666667,0.5074626865671642,0.39880952380952384,0.5405405405405406,0.4666666666666667,0.0,0.0,0.0,0.0
bull_to_bear,0.12,0.93,15.0,-0.05,0,67,67,0.5074626865671642,0.39880952380952384,0.5405405405405406,0.4666666666666667,0.5074626865671642,0.39880952380952384,0.5405405405405406,0.4666666666666667,0.0,0.0,0.0,0.0
bull_to_neutral,0.12,0.93,15.0,-0.1,0,67,67,0.5074626865671642,0.39880952380952384,0.5405405405405406,0.4666666666666667,0.5074626865671642,0.39880952380952384,0.5405405405405406,0.4666666666666667,0.0,0.0,0.0,0.0
bull_to_bear,0.12,0.93,15.0,-0.1,0,67,67,0.5074626865671642,0.39880952380952384,0.5405405405405406,0.4666666666666667,0.5074626865671642,0.39880952380952384,0.5405405405405406,0.4666666666666667,0.0,0.0,0.0,0.0
bull_to_neutral,0.12,0.9,,,0,67,67,0.5074626865671642,0.39880952380952384,0.5405405405405406,0.4666666666666667,0.5074626865671642,0.39880952380952384,0.5405405405405406,0.4666666666666667,0.0,0.0,0.0,0.0
bull_to_bear,0.12,0.9,,,0,67,67,0.5074626865671642,0.39880952380952384,0.5405405405405406,0.4666666666666667,0.5074626865671642,0.39880952380952384,0.5405405405405406,0.4666666666666667,0.0,0.0,0.0,0.0
bull_to_neutral,0.12,0.9,,0.0,0,67,67,0.5074626865671642,0.39880952380952384,0.5405405405405406,0.4666666666666667,0.5074626865671642,0.39880952380952384,0.5405405405405406,0.4666666666666667,0.0,0.0,0.0,0.0
bull_to_bear,0.12,0.9,,0.0,0,67,67,0.5074626865671642,0.39880952380952384,0.5405405405405406,0.4666666666666667,0.5074626865671642,0.39880952380952384,0.5405405405405406,0.4666666666666667,0.0,0.0,0.0,0.0
bull_to_neutral,0.12,0.9,,-0.05,0,67,67,0.5074626865671642,0.39880952380952384,0.5405405405405406,0.4666666666666667,0.5074626865671642,0.39880952380952384,0.5405405405405406,0.4666666666666667,0.0,0.0,0.0,0.0
bull_to_bear,0.12,0.9,,-0.05,0,67,67,0.5074626865671642,0.39880952380952384,0.5405405405405406,0.4666666666666667,0.5074626865671642,0.39880952380952384,0.5405405405405406,0.4666666666666667,0.0,0.0,0.0,0.0
bull_to_neutral,0.12,0.9,,-0.1,0,67,67,0.5074626865671642,0.39880952380952384,0.5405405405405406,0.4666666666666667,0.5074626865671642,0.39880952380952384,0.5405405405405406,0.4666666666666667,0.0,0.0,0.0,0.0
bull_to_bear,0.12,0.9,,-0.1,0,67,67,0.5074626865671642,0.39880952380952384,0.5405405405405406,0.4666666666666667,0.5074626865671642,0.39880952380952384,0.5405405405405406,0.4666666666666667,0.0,0.0,0.0,0.0
bull_to_neutral,0.12,0.9,0.0,,0,67,67,0.5074626865671642,0.39880952380952384,0.5405405405405406,0.4666666666666667,0.5074626865671642,0.39880952380952384,0.5405405405405406,0.4666666666666667,0.0,0.0,0.0,0.0
bull_to_bear,0.12,0.9,0.0,,0,67,67,0.5074626865671642,0.39880952380952384,0.5405405405405406,0.4666666666666667,0.5074626865671642,0.39880952380952384,0.5405405405405406,0.4666666666666667,0.0,0.0,0.0,0.0
bull_to_neutral,0.12,0.9,0.0,0.0,0,67,67,0.5074626865671642,0.39880952380952384,0.5405405405405406,0.4666666666666667,0.5074626865671642,0.39880952380952384,0.5405405405405406,0.4666666666666667,0.0,0.0,0.0,0.0
bull_to_bear,0.12,0.9,0.0,0.0,0,67,67,0.5074626865671642,0.39880952380952384,0.5405405405405406,0.4666666666666667,0.5074626865671642,0.39880952380952384,0.5405405405405406,0.4666666666666667,0.0,0.0,0.0,0.0
bull_to_neutral,0.12,0.9,0.0,-0.05,0,67,67,0.5074626865671642,0.39880952380952384,0.5405405405405406,0.4666666666666667,0.5074626865671642,0.39880952380952384,0.5405405405405406,0.4666666666666667,0.0,0.0,0.0,0.0
bull_to_bear,0.12,0.9,0.0,-0.05,0,67,67,0.5074626865671642,0.39880952380952384,0.5405405405405406,0.4666666666666667,0.5074626865671642,0.39880952380952384,0.5405405405405406,0.4666666666666667,0.0,0.0,0.0,0.0
bull_to_neutral,0.12,0.9,0.0,-0.1,0,67,67,0.5074626865671642,0.39880952380952384,0.5405405405405406,0.4666666666666667,0.5074626865671642,0.39880952380952384,0.5405405405405406,0.4666666666666667,0.0,0.0,0.0,0.0
bull_to_bear,0.12,0.9,0.0,-0.1,0,67,67,0.5074626865671642,0.39880952380952384,0.5405405405405406,0.4666666666666667,0.5074626865671642,0.39880952380952384,0.5405405405405406,0.4666666666666667,0.0,0.0,0.0,0.0
bull_to_neutral,0.12,0.9,5.0,,0,67,67,0.5074626865671642,0.39880952380952384,0.5405405405405406,0.4666666666666667,0.5074626865671642,0.39880952380952384,0.5405405405405406,0.4666666666666667,0.0,0.0,0.0,0.0
bull_to_bear,0.12,0.9,5.0,,0,67,67,0.5074626865671642,0.39880952380952384,0.5405405405405406,0.4666666666666667,0.5074626865671642,0.39880952380952384,0.5405405405405406,0.4666666666666667,0.0,0.0,0.0,0.0
bull_to_neutral,0.12,0.9,5.0,0.0,0,67,67,0.5074626865671642,0.39880952380952384,0.5405405405405406,0.4666666666666667,0.5074626865671642,0.39880952380952384,0.5405405405405406,0.4666666666666667,0.0,0.0,0.0,0.0
bull_to_bear,0.12,0.9,5.0,0.0,0,67,67,0.5074626865671642,0.39880952380952384,0.5405405405405406,0.4666666666666667,0.5074626865671642,0.39880952380952384,0.5405405405405406,0.4666666666666667,0.0,0.0,0.0,0.0
bull_to_neutral,0.12,0.9,5.0,-0.05,0,67,67,0.5074626865671642,0.39880952380952384,0.5405405405405406,0.4666666666666667,0.5074626865671642,0.39880952380952384,0.5405405405405406,0.4666666666666667,0.0,0.0,0.0,0.0
bull_to_bear,0.12,0.9,5.0,-0.05,0,67,67,0.5074626865671642,0.39880952380952384,0.5405405405405406,0.4666666666666667,0.5074626865671642,0.39880952380952384,0.5405405405405406,0.4666666666666667,0.0,0.0,0.0,0.0
bull_to_neutral,0.12,0.9,5.0,-0.1,0,67,67,0.5074626865671642,0.39880952380952384,0.5405405405405406,0.4666666666666667,0.5074626865671642,0.39880952380952384,0.5405405405405406,0.4666666666666667,0.0,0.0,0.0,0.0
bull_to_bear,0.12,0.9,5.0,-0.1,0,67,67,0.5074626865671642,0.39880952380952384,0.5405405405405406,0.4666666666666667,0.5074626865671642,0.39880952380952384,0.5405405405405406,0.4666666666666667,0.0,0.0,0.0,0.0
bull_to_neutral,0.12,0.9,10.0,,0,67,67,0.5074626865671642,0.39880952380952384,0.5405405405405406,0.4666666666666667,0.5074626865671642,0.39880952380952384,0.5405405405405406,0.4666666666666667,0.0,0.0,0.0,0.0
bull_to_bear,0.12,0.9,10.0,,0,67,67,0.5074626865671642,0.39880952380952384,0.5405405405405406,0.4666666666666667,0.5074626865671642,0.39880952380952384,0.5405405405405406,0.4666666666666667,0.0,0.0,0.0,0.0
bull_to_neutral,0.12,0.9,10.0,0.0,0,67,67,0.5074626865671642,0.39880952380952384,0.5405405405405406,0.4666666666666667,0.5074626865671642,0.39880952380952384,0.5405405405405406,0.4666666666666667,0.0,0.0,0.0,0.0
bull_to_bear,0.12,0.9,10.0,0.0,0,67,67,0.5074626865671642,0.39880952380952384,0.5405405405405406,0.4666666666666667,0.5074626865671642,0.39880952380952384,0.5405405405405406,0.4666666666666667,0.0,0.0,0.0,0.0
bull_to_neutral,0.12,0.9,10.0,-0.05,0,67,67,0.5074626865671642,0.39880952380952384,0.5405405405405406,0.4666666666666667,0.5074626865671642,0.39880952380952384,0.5405405405405406,0.4666666666666667,0.0,0.0,0.0,0.0
bull_to_bear,0.12,0.9,10.0,-0.05,0,67,67,0.5074626865671642,0.39880952380952384,0.5405405405405406,0.4666666666666667,0.5074626865671642,0.39880952380952384,0.5405405405405406,0.4666666666666667,0.0,0.0,0.0,0.0
bull_to_neutral,0.12,0.9,10.0,-0.1,0,67,67,0.5074626865671642,0.39880952380952384,0.5405405405405406,0.4666666666666667,0.5074626865671642,0.39880952380952384,0.5405405405405406,0.4666666666666667,0.0,0.0,0.0,0.0
bull_to_bear,0.12,0.9,10.0,-0.1,0,67,67,0.5074626865671642,0.39880952380952384,0.5405405405405406,0.4666666666666667,0.5074626865671642,0.39880952380952384,0.5405405405405406,0.4666666666666667,0.0,0.0,0.0,0.0
bull_to_neutral,0.12,0.9,15.0,,0,67,67,0.5074626865671642,0.39880952380952384,0.5405405405405406,0.4666666666666667,0.5074626865671642,0.39880952380952384,0.5405405405405406,0.4666666666666667,0.0,0.0,0.0,0.0
bull_to_bear,0.12,0.9,15.0,,0,67,67,0.5074626865671642,0.39880952380952384,0.5405405405405406,0.4666666666666667,0.5074626865671642,0.39880952380952384,0.5405405405405406,0.4666666666666667,0.0,0.0,0.0,0.0
bull_to_neutral,0.12,0.9,15.0,0.0,0,67,67,0.5074626865671642,0.39880952380952384,0.5405405405405406,0.4666666666666667,0.5074626865671642,0.39880952380952384,0.5405405405405406,0.4666666666666667,0.0,0.0,0.0,0.0
bull_to_bear,0.12,0.9,15.0,0.0,0,67,67,0.5074626865671642,0.39880952380952384,0.5405405405405406,0.4666666666666667,0.5074626865671642,0.39880952380952384,0.5405405405405406,0.4666666666666667,0.0,0.0,0.0,0.0
bull_to_neutral,0.12,0.9,15.0,-0.05,0,67,67,0.5074626865671642,0.39880952380952384,0.5405405405405406,0.4666666666666667,0.5074626865671642,0.39880952380952384,0.5405405405405406,0.4666666666666667,0.0,0.0,0.0,0.0
bull_to_bear,0.12,0.9,15.0,-0.05,0,67,67,0.5074626865671642,0.39880952380952384,0.5405405405405406,0.4666666666666667,0.5074626865671642,0.39880952380952384,0.5405405405405406,0.4666666666666667,0.0,0.0,0.0,0.0
bull_to_neutral,0.12,0.9,15.0,-0.1,0,67,67,0.5074626865671642,0.39880952380952384,0.5405405405405406,0.4666666666666667,0.5074626865671642,0.39880952380952384,0.5405405405405406,0.4666666666666667,0.0,0.0,0.0,0.0
bull_to_bear,0.12,0.9,15.0,-0.1,0,67,67,0.5074626865671642,0.39880952380952384,0.5405405405405406,0.4666666666666667,0.5074626865671642,0.39880952380952384,0.5405405405405406,0.4666666666666667,0.0,0.0,0.0,0.0
bull_to_neutral,0.14,1.0,,,17,50,67,0.5074626865671642,0.39880952380952384,0.5405405405405406,0.4666666666666667,0.5,0.2976190476190476,0.55,0.4666666666666667,-0.007462686567164201,-0.10119047619047622,0.009459459459459474,0.0
bull_to_bear,0.14,1.0,,,17,67,67,0.5074626865671642,0.39880952380952384,0.5405405405405406,0.4666666666666667,0.4925373134328358,0.39880952380952384,0.55,0.46808510638297873,-0.014925373134328401,0.0,0.009459459459459474,0.0014184397163120588
bull_to_neutral,0.14,1.0,,0.0,15,52,67,0.5074626865671642,0.39880952380952384,0.5405405405405406,0.4666666666666667,0.5,0.30952380952380953,0.5454545454545454,0.4666666666666667,-0.007462686567164201,-0.0892857142857143,0.004914004914004844,0.0
bull_to_bear,0.14,1.0,,0.0,15,67,67,0.5074626865671642,0.39880952380952384,0.5405405405405406,0.4666666666666667,0.4925373134328358,0.39880952380952384,0.5454545454545454,0.4666666666666667,-0.014925373134328401,0.0,0.004914004914004844,0.0
bull_to_neutral,0.14,1.0,,-0.05,15,52,67,0.5074626865671642,0.39880952380952384,0.5405405405405406,0.4666666666666667,0.5,0.30952380952380953,0.5454545454545454,0.4666666666666667,-0.007462686567164201,-0.0892857142857143,0.004914004914004844,0.0
bull_to_bear,0.14,1.0,,-0.05,15,67,67,0.5074626865671642,0.39880952380952384,0.5405405405405406,0.4666666666666667,0.4925373134328358,0.39880952380952384,0.5454545454545454,0.4666666666666667,-0.014925373134328401,0.0,0.004914004914004844,0.0
bull_to_neutral,0.14,1.0,,-0.1,15,52,67,0.5074626865671642,0.39880952380952384,0.5405405405405406,0.4666666666666667,0.5,0.30952380952380953,0.5454545454545454,0.4666666666666667,-0.007462686567164201,-0.0892857142857143,0.004914004914004844,0.0
bull_to_bear,0.14,1.0,,-0.1,15,67,67,0.5074626865671642,0.39880952380952384,0.5405405405405406,0.4666666666666667,0.4925373134328358,0.39880952380952384,0.5454545454545454,0.4666666666666667,-0.014925373134328401,0.0,0.004914004914004844,0.0
bull_to_neutral,0.14,1.0,0.0,,12,55,67,0.5074626865671642,0.39880952380952384,0.5405405405405406,0.4666666666666667,0.5272727272727272,0.3273809523809524,0.6,0.4666666666666667,0.019810040705563026,-0.07142857142857145,0.05945945945945941,0.0
bull_to_bear,0.14,1.0,0.0,,12,67,67,0.5074626865671642,0.39880952380952384,0.5405405405405406,0.4666666666666667,0.5373134328358209,0.39880952380952384,0.6,0.5,0.02985074626865669,0.0,0.05945945945945941,0.033333333333333326
bull_to_neutral,0.14,1.0,0.0,0.0,12,55,67,0.5074626865671642,0.39880952380952384,0.5405405405405406,0.4666666666666667,0.5272727272727272,0.3273809523809524,0.6,0.4666666666666667,0.019810040705563026,-0.07142857142857145,0.05945945945945941,0.0
bull_to_bear,0.14,1.0,0.0,0.0,12,67,67,0.5074626865671642,0.39880952380952384,0.5405405405405406,0.4666666666666667,0.5373134328358209,0.39880952380952384,0.6,0.5,0.02985074626865669,0.0,0.05945945945945941,0.033333333333333326
bull_to_neutral,0.14,1.0,0.0,-0.05,12,55,67,0.5074626865671642,0.39880952380952384,0.5405405405405406,0.4666666666666667,0.5272727272727272,0.3273809523809524,0.6,0.4666666666666667,0.019810040705563026,-0.07142857142857145,0.05945945945945941,0.0
bull_to_bear,0.14,1.0,0.0,-0.05,12,67,67,0.5074626865671642,0.39880952380952384,0.5405405405405406,0.4666666666666667,0.5373134328358209,0.39880952380952384,0.6,0.5,0.02985074626865669,0.0,0.05945945945945941,0.033333333333333326
bull_to_neutral,0.14,1.0,0.0,-0.1,12,55,67,0.5074626865671642,0.39880952380952384,0.5405405405405406,0.4666666666666667,0.5272727272727272,0.3273809523809524,0.6,0.4666666666666667,0.019810040705563026,-0.07142857142857145,0.05945945945945941,0.0
bull_to_bear,0.14,1.0,0.0,-0.1,12,67,67,0.5074626865671642,0.39880952380952384,0.5405405405405406,0.4666666666666667,0.5373134328358209,0.39880952380952384,0.6,0.5,0.02985074626865669,0.0,0.05945945945945941,0.033333333333333326
bull_to_neutral,0.14,1.0,5.0,,10,57,67,0.5074626865671642,0.39880952380952384,0.5405405405405406,0.4666666666666667,0.543859649122807,0.3392857142857143,0.6296296296296297,0.4666666666666667,0.03639696255564284,-0.059523809523809534,0.08908908908908908,0.0
bull_to_bear,0.14,1.0,5.0,,10,67,67,0.5074626865671642,0.39880952380952384,0.5405405405405406,0.4666666666666667,0.5671641791044776,0.39880952380952384,0.6296296296296297,0.525,0.05970149253731338,0.0,0.08908908908908908,0.05833333333333335
bull_to_neutral,0.14,1.0,5.0,0.0,10,57,67,0.5074626865671642,0.39880952380952384,0.5405405405405406,0.4666666666666667,0.543859649122807,0.3392857142857143,0.6296296296296297,0.4666666666666667,0.03639696255564284,-0.059523809523809534,0.08908908908908908,0.0
bull_to_bear,0.14,1.0,5.0,0.0,10,67,67,0.5074626865671642,0.39880952380952384,0.5405405405405406,0.4666666666666667,0.5671641791044776,0.39880952380952384,0.6296296296296297,0.525,0.05970149253731338,0.0,0.08908908908908908,0.05833333333333335
bull_to_neutral,0.14,1.0,5.0,-0.05,10,57,67,0.5074626865671642,0.39880952380952384,0.5405405405405406,0.4666666666666667,0.543859649122807,0.3392857142857143,0.6296296296296297,0.4666666666666667,0.03639696255564284,-0.059523809523809534,0.08908908908908908,0.0
bull_to_bear,0.14,1.0,5.0,-0.05,10,67,67,0.5074626865671642,0.39880952380952384,0.5405405405405406,0.4666666666666667,0.5671641791044776,0.39880952380952384,0.6296296296296297,0.525,0.05970149253731338,0.0,0.08908908908908908,0.05833333333333335
bull_to_neutral,0.14,1.0,5.0,-0.1,10,57,67,0.5074626865671642,0.39880952380952384,0.5405405405405406,0.4666666666666667,0.543859649122807,0.3392857142857143,0.6296296296296297,0.4666666666666667,0.03639696255564284,-0.059523809523809534,0.08908908908908908,0.0
bull_to_bear,0.14,1.0,5.0,-0.1,10,67,67,0.5074626865671642,0.39880952380952384,0.5405405405405406,0.4666666666666667,0.5671641791044776,0.39880952380952384,0.6296296296296297,0.525,0.05970149253731338,0.0,0.08908908908908908,0.05833333333333335
bull_to_neutral,0.14,1.0,10.0,,9,58,67,0.5074626865671642,0.39880952380952384,0.5405405405405406,0.4666666666666667,0.5344827586206896,0.34523809523809523,0.6071428571428571,0.4666666666666667,0.027020072053525412,-0.0535714285714286,0.06660231660231652,0.0
bull_to_bear,0.14,1.0,10.0,,9,67,67,0.5074626865671642,0.39880952380952384,0.5405405405405406,0.4666666666666667,0.5522388059701493,0.39880952380952384,0.6071428571428571,0.5128205128205128,0.04477611940298509,0.0,0.06660231660231652,0.0461538461538461
bull_to_neutral,0.14,1.0,10.0,0.0,9,58,67,0.5074626865671642,0.39880952380952384,0.5405405405405406,0.4666666666666667,0.5344827586206896,0.34523809523809523,0.6071428571428571,0.4666666666666667,0.027020072053525412,-0.0535714285714286,0.06660231660231652,0.0
bull_to_bear,0.14,1.0,10.0,0.0,9,67,67,0.5074626865671642,0.39880952380952384,0.5405405405405406,0.4666666666666667,0.5522388059701493,0.39880952380952384,0.6071428571428571,0.5128205128205128,0.04477611940298509,0.0,0.06660231660231652,0.0461538461538461
bull_to_neutral,0.14,1.0,10.0,-0.05,9,58,67,0.5074626865671642,0.39880952380952384,0.5405405405405406,0.4666666666666667,0.5344827586206896,0.34523809523809523,0.6071428571428571,0.4666666666666667,0.027020072053525412,-0.0535714285714286,0.06660231660231652,0.0
bull_to_bear,0.14,1.0,10.0,-0.05,9,67,67,0.5074626865671642,0.39880952380952384,0.5405405405405406,0.4666666666666667,0.5522388059701493,0.39880952380952384,0.6071428571428571,0.5128205128205128,0.04477611940298509,0.0,0.06660231660231652,0.0461538461538461
bull_to_neutral,0.14,1.0,10.0,-0.1,9,58,67,0.5074626865671642,0.39880952380952384,0.5405405405405406,0.4666666666666667,0.5344827586206896,0.34523809523809523,0.6071428571428571,0.4666666666666667,0.027020072053525412,-0.0535714285714286,0.06660231660231652,0.0
bull_to_bear,0.14,1.0,10.0,-0.1,9,67,67,0.5074626865671642,0.39880952380952384,0.5405405405405406,0.4666666666666667,0.5522388059701493,0.39880952380952384,0.6071428571428571,0.5128205128205128,0.04477611940298509,0.0,0.06660231660231652,0.0461538461538461
bull_to_neutral,0.14,1.0,15.0,,8,59,67,0.5074626865671642,0.39880952380952384,0.5405405405405406,0.4666666666666667,0.5254237288135594,0.35119047619047616,0.5862068965517241,0.4666666666666667,0.017961042246395165,-0.04761904761904767,0.04566635601118352,0.0
bull_to_bear,0.14,1.0,15.0,,8,67,67,0.5074626865671642,0.39880952380952384,0.5405405405405406,0.4666666666666667,0.5373134328358209,0.39880952380952384,0.5862068965517241,0.5,0.02985074626865669,0.0,0.04566635601118352,0.033333333333333326
bull_to_neutral,0.14,1.0,15.0,0.0,8,59,67,0.5074626865671642,0.39880952380952384,0.5405405405405406,0.4666666666666667,0.5254237288135594,0.35119047619047616,0.5862068965517241,0.4666666666666667,0.017961042246395165,-0.04761904761904767,0.04566635601118352,0.0
bull_to_bear,0.14,1.0,15.0,0.0,8,67,67,0.5074626865671642,0.39880952380952384,0.5405405405405406,0.4666666666666667,0.5373134328358209,0.39880952380952384,0.5862068965517241,0.5,0.02985074626865669,0.0,0.04566635601118352,0.033333333333333326
bull_to_neutral,0.14,1.0,15.0,-0.05,8,59,67,0.5074626865671642,0.39880952380952384,0.5405405405405406,0.4666666666666667,0.5254237288135594,0.35119047619047616,0.5862068965517241,0.4666666666666667,0.017961042246395165,-0.04761904761904767,0.04566635601118352,0.0
bull_to_bear,0.14,1.0,15.0,-0.05,8,67,67,0.5074626865671642,0.39880952380952384,0.5405405405405406,0.4666666666666667,0.5373134328358209,0.39880952380952384,0.5862068965517241,0.5,0.02985074626865669,0.0,0.04566635601118352,0.033333333333333326
bull_to_neutral,0.14,1.0,15.0,-0.1,8,59,67,0.5074626865671642,0.39880952380952384,0.5405405405405406,0.4666666666666667,0.5254237288135594,0.35119047619047616,0.5862068965517241,0.4666666666666667,0.017961042246395165,-0.04761904761904767,0.04566635601118352,0.0
bull_to_bear,0.14,1.0,15.0,-0.1,8,67,67,0.5074626865671642,0.39880952380952384,0.5405405405405406,0.4666666666666667,0.5373134328358209,0.39880952380952384,0.5862068965517241,0.5,0.02985074626865669,0.0,0.04566635601118352,0.033333333333333326
bull_to_neutral,0.14,0.99,,,0,67,67,0.5074626865671642,0.39880952380952384,0.5405405405405406,0.4666666666666667,0.5074626865671642,0.39880952380952384,0.5405405405405406,0.4666666666666667,0.0,0.0,0.0,0.0
bull_to_bear,0.14,0.99,,,0,67,67,0.5074626865671642,0.39880952380952384,0.5405405405405406,0.4666666666666667,0.5074626865671642,0.39880952380952384,0.5405405405405406,0.4666666666666667,0.0,0.0,0.0,0.0
bull_to_neutral,0.14,0.99,,0.0,0,67,67,0.5074626865671642,0.39880952380952384,0.5405405405405406,0.4666666666666667,0.5074626865671642,0.39880952380952384,0.5405405405405406,0.4666666666666667,0.0,0.0,0.0,0.0
bull_to_bear,0.14,0.99,,0.0,0,67,67,0.5074626865671642,0.39880952380952384,0.5405405405405406,0.4666666666666667,0.5074626865671642,0.39880952380952384,0.5405405405405406,0.4666666666666667,0.0,0.0,0.0,0.0
bull_to_neutral,0.14,0.99,,-0.05,0,67,67,0.5074626865671642,0.39880952380952384,0.5405405405405406,0.4666666666666667,0.5074626865671642,0.39880952380952384,0.5405405405405406,0.4666666666666667,0.0,0.0,0.0,0.0
bull_to_bear,0.14,0.99,,-0.05,0,67,67,0.5074626865671642,0.39880952380952384,0.5405405405405406,0.4666666666666667,0.5074626865671642,0.39880952380952384,0.5405405405405406,0.4666666666666667,0.0,0.0,0.0,0.0
bull_to_neutral,0.14,0.99,,-0.1,0,67,67,0.5074626865671642,0.39880952380952384,0.5405405405405406,0.4666666666666667,0.5074626865671642,0.39880952380952384,0.5405405405405406,0.4666666666666667,0.0,0.0,0.0,0.0
bull_to_bear,0.14,0.99,,-0.1,0,67,67,0.5074626865671642,0.39880952380952384,0.5405405405405406,0.4666666666666667,0.5074626865671642,0.39880952380952384,0.5405405405405406,0.4666666666666667,0.0,0.0,0.0,0.0
bull_to_neutral,0.14,0.99,0.0,,0,67,67,0.5074626865671642,0.39880952380952384,0.5405405405405406,0.4666666666666667,0.5074626865671642,0.39880952380952384,0.5405405405405406,0.4666666666666667,0.0,0.0,0.0,0.0
bull_to_bear,0.14,0.99,0.0,,0,67,67,0.5074626865671642,0.39880952380952384,0.5405405405405406,0.4666666666666667,0.5074626865671642,0.39880952380952384,0.5405405405405406,0.4666666666666667,0.0,0.0,0.0,0.0
bull_to_neutral,0.14,0.99,0.0,0.0,0,67,67,0.5074626865671642,0.39880952380952384,0.5405405405405406,0.4666666666666667,0.5074626865671642,0.39880952380952384,0.5405405405405406,0.4666666666666667,0.0,0.0,0.0,0.0
bull_to_bear,0.14,0.99,0.0,0.0,0,67,67,0.5074626865671642,0.39880952380952384,0.5405405405405406,0.4666666666666667,0.5074626865671642,0.39880952380952384,0.5405405405405406,0.4666666666666667,0.0,0.0,0.0,0.0
bull_to_neutral,0.14,0.99,0.0,-0.05,0,67,67,0.5074626865671642,0.39880952380952384,0.5405405405405406,0.4666666666666667,0.5074626865671642,0.39880952380952384,0.5405405405405406,0.4666666666666667,0.0,0.0,0.0,0.0
bull_to_bear,0.14,0.99,0.0,-0.05,0,67,67,0.5074626865671642,0.39880952380952384,0.5405405405405406,0.4666666666666667,0.5074626865671642,0.39880952380952384,0.5405405405405406,0.4666666666666667,0.0,0.0,0.0,0.0
bull_to_neutral,0.14,0.99,0.0,-0.1,0,67,67,0.5074626865671642,0.39880952380952384,0.5405405405405406,0.4666666666666667,0.5074626865671642,0.39880952380952384,0.5405405405405406,0.4666666666666667,0.0,0.0,0.0,0.0
bull_to_bear,0.14,0.99,0.0,-0.1,0,67,67,0.5074626865671642,0.39880952380952384,0.5405405405405406,0.4666666666666667,0.5074626865671642,0.39880952380952384,0.5405405405405406,0.4666666666666667,0.0,0.0,0.0,0.0
bull_to_neutral,0.14,0.99,5.0,,0,67,67,0.5074626865671642,0.39880952380952384,0.5405405405405406,0.4666666666666667,0.5074626865671642,0.39880952380952384,0.5405405405405406,0.4666666666666667,0.0,0.0,0.0,0.0
bull_to_bear,0.14,0.99,5.0,,0,67,67,0.5074626865671642,0.39880952380952384,0.5405405405405406,0.4666666666666667,0.5074626865671642,0.39880952380952384,0.5405405405405406,0.4666666666666667,0.0,0.0,0.0,0.0
bull_to_neutral,0.14,0.99,5.0,0.0,0,67,67,0.5074626865671642,0.39880952380952384,0.5405405405405406,0.4666666666666667,0.5074626865671642,0.39880952380952384,0.5405405405405406,0.4666666666666667,0.0,0.0,0.0,0.0
bull_to_bear,0.14,0.99,5.0,0.0,0,67,67,0.5074626865671642,0.39880952380952384,0.5405405405405406,0.4666666666666667,0.5074626865671642,0.39880952380952384,0.5405405405405406,0.4666666666666667,0.0,0.0,0.0,0.0
bull_to_neutral,0.14,0.99,5.0,-0.05,0,67,67,0.5074626865671642,0.39880952380952384,0.5405405405405406,0.4666666666666667,0.5074626865671642,0.39880952380952384,0.5405405405405406,0.4666666666666667,0.0,0.0,0.0,0.0
bull_to_bear,0.14,0.99,5.0,-0.05,0,67,67,0.5074626865671642,0.39880952380952384,0.5405405405405406,0.4666666666666667,0.5074626865671642,0.39880952380952384,0.5405405405405406,0.4666666666666667,0.0,0.0,0.0,0.0
bull_to_neutral,0.14,0.99,5.0,-0.1,0,67,67,0.5074626865671642,0.39880952380952384,0.5405405405405406,0.4666666666666667,0.5074626865671642,0.39880952380952384,0.5405405405405406,0.4666666666666667,0.0,0.0,0.0,0.0
bull_to_bear,0.14,0.99,5.0,-0.1,0,67,67,0.5074626865671642,0.39880952380952384,0.5405405405405406,0.4666666666666667,0.5074626865671642,0.39880952380952384,0.5405405405405406,0.4666666666666667,0.0,0.0,0.0,0.0
bull_to_neutral,0.14,0.99,10.0,,0,67,67,0.5074626865671642,0.39880952380952384,0.5405405405405406,0.4666666666666667,0.5074626865671642,0.39880952380952384,0.5405405405405406,0.4666666666666667,0.0,0.0,0.0,0.0
bull_to_bear,0.14,0.99,10.0,,0,67,67,0.5074626865671642,0.39880952380952384,0.5405405405405406,0.4666666666666667,0.5074626865671642,0.39880952380952384,0.5405405405405406,0.4666666666666667,0.0,0.0,0.0,0.0
bull_to_neutral,0.14,0.99,10.0,0.0,0,67,67,0.5074626865671642,0.39880952380952384,0.5405405405405406,0.4666666666666667,0.5074626865671642,0.39880952380952384,0.5405405405405406,0.4666666666666667,0.0,0.0,0.0,0.0
bull_to_bear,0.14,0.99,10.0,0.0,0,67,67,0.5074626865671642,0.39880952380952384,0.5405405405405406,0.4666666666666667,0.5074626865671642,0.39880952380952384,0.5405405405405406,0.4666666666666667,0.0,0.0,0.0,0.0
bull_to_neutral,0.14,0.99,10.0,-0.05,0,67,67,0.5074626865671642,0.39880952380952384,0.5405405405405406,0.4666666666666667,0.5074626865671642,0.39880952380952384,0.5405405405405406,0.4666666666666667,0.0,0.0,0.0,0.0
bull_to_bear,0.14,0.99,10.0,-0.05,0,67,67,0.5074626865671642,0.39880952380952384,0.5405405405405406,0.4666666666666667,0.5074626865671642,0.39880952380952384,0.5405405405405406,0.4666666666666667,0.0,0.0,0.0,0.0
bull_to_neutral,0.14,0.99,10.0,-0.1,0,67,67,0.5074626865671642,0.39880952380952384,0.5405405405405406,0.4666666666666667,0.5074626865671642,0.39880952380952384,0.5405405405405406,0.4666666666666667,0.0,0.0,0.0,0.0
bull_to_bear,0.14,0.99,10.0,-0.1,0,67,67,0.5074626865671642,0.39880952380952384,0.5405405405405406,0.4666666666666667,0.5074626865671642,0.39880952380952384,0.5405405405405406,0.4666666666666667,0.0,0.0,0.0,0.0
bull_to_neutral,0.14,0.99,15.0,,0,67,67,0.5074626865671642,0.39880952380952384,0.5405405405405406,0.4666666666666667,0.5074626865671642,0.39880952380952384,0.5405405405405406,0.4666666666666667,0.0,0.0,0.0,0.0
bull_to_bear,0.14,0.99,15.0,,0,67,67,0.5074626865671642,0.39880952380952384,0.5405405405405406,0.4666666666666667,0.5074626865671642,0.39880952380952384,0.5405405405405406,0.4666666666666667,0.0,0.0,0.0,0.0
bull_to_neutral,0.14,0.99,15.0,0.0,0,67,67,0.5074626865671642,0.39880952380952384,0.5405405405405406,0.4666666666666667,0.5074626865671642,0.39880952380952384,0.5405405405405406,0.4666666666666667,0.0,0.0,0.0,0.0
bull_to_bear,0.14,0.99,15.0,0.0,0,67,67,0.5074626865671642,0.39880952380952384,0.5405405405405406,0.4666666666666667,0.5074626865671642,0.39880952380952384,0.5405405405405406,0.4666666666666667,0.0,0.0,0.0,0.0
bull_to_neutral,0.14,0.99,15.0,-0.05,0,67,67,0.5074626865671642,0.39880952380952384,0.5405405405405406,0.4666666666666667,0.5074626865671642,0.39880952380952384,0.5405405405405406,0.4666666666666667,0.0,0.0,0.0,0.0
bull_to_bear,0.14,0.99,15.0,-0.05,0,67,67,0.5074626865671642,0.39880952380952384,0.5405405405405406,0.4666666666666667,0.5074626865671642,0.39880952380952384,0.5405405405405406,0.4666666666666667,0.0,0.0,0.0,0.0
bull_to_neutral,0.14,0.99,15.0,-0.1,0,67,67,0.5074626865671642,0.39880952380952384,0.5405405405405406,0.4666666666666667,0.5074626865671642,0.39880952380952384,0.5405405405405406,0.4666666666666667,0.0,0.0,0.0,0.0
bull_to_bear,0.14,0.99,15.0,-0.1,0,67,67,0.5074626865671642,0.39880952380952384,0.5405405405405406,0.4666666666666667,0.5074626865671642,0.39880952380952384,0.5405405405405406,0.4666666666666667,0.0,0.0,0.0,0.0
bull_to_neutral,0.14,0.98,,,0,67,67,0.5074626865671642,0.39880952380952384,0.5405405405405406,0.4666666666666667,0.5074626865671642,0.39880952380952384,0.5405405405405406,0.4666666666666667,0.0,0.0,0.0,0.0
bull_to_bear,0.14,0.98,,,0,67,67,0.5074626865671642,0.39880952380952384,0.5405405405405406,0.4666666666666667,0.5074626865671642,0.39880952380952384,0.5405405405405406,0.4666666666666667,0.0,0.0,0.0,0.0
bull_to_neutral,0.14,0.98,,0.0,0,67,67,0.5074626865671642,0.39880952380952384,0.5405405405405406,0.4666666666666667,0.5074626865671642,0.39880952380952384,0.5405405405405406,0.4666666666666667,0.0,0.0,0.0,0.0
bull_to_bear,0.14,0.98,,0.0,0,67,67,0.5074626865671642,0.39880952380952384,0.5405405405405406,0.4666666666666667,0.5074626865671642,0.39880952380952384,0.5405405405405406,0.4666666666666667,0.0,0.0,0.0,0.0
bull_to_neutral,0.14,0.98,,-0.05,0,67,67,0.5074626865671642,0.39880952380952384,0.5405405405405406,0.4666666666666667,0.5074626865671642,0.39880952380952384,0.5405405405405406,0.4666666666666667,0.0,0.0,0.0,0.0
bull_to_bear,0.14,0.98,,-0.05,0,67,67,0.5074626865671642,0.39880952380952384,0.5405405405405406,0.4666666666666667,0.5074626865671642,0.39880952380952384,0.5405405405405406,0.4666666666666667,0.0,0.0,0.0,0.0
bull_to_neutral,0.14,0.98,,-0.1,0,67,67,0.5074626865671642,0.39880952380952384,0.5405405405405406,0.4666666666666667,0.5074626865671642,0.39880952380952384,0.5405405405405406,0.4666666666666667,0.0,0.0,0.0,0.0
bull_to_bear,0.14,0.98,,-0.1,0,67,67,0.5074626865671642,0.39880952380952384,0.5405405405405406,0.4666666666666667,0.5074626865671642,0.39880952380952384,0.5405405405405406,0.4666666666666667,0.0,0.0,0.0,0.0
bull_to_neutral,0.14,0.98,0.0,,0,67,67,0.5074626865671642,0.39880952380952384,0.5405405405405406,0.4666666666666667,0.5074626865671642,0.39880952380952384,0.5405405405405406,0.4666666666666667,0.0,0.0,0.0,0.0
bull_to_bear,0.14,0.98,0.0,,0,67,67,0.5074626865671642,0.39880952380952384,0.5405405405405406,0.4666666666666667,0.5074626865671642,0.39880952380952384,0.5405405405405406,0.4666666666666667,0.0,0.0,0.0,0.0
bull_to_neutral,0.14,0.98,0.0,0.0,0,67,67,0.5074626865671642,0.39880952380952384,0.5405405405405406,0.4666666666666667,0.5074626865671642,0.39880952380952384,0.5405405405405406,0.4666666666666667,0.0,0.0,0.0,0.0
bull_to_bear,0.14,0.98,0.0,0.0,0,67,67,0.5074626865671642,0.39880952380952384,0.5405405405405406,0.4666666666666667,0.5074626865671642,0.39880952380952384,0.5405405405405406,0.4666666666666667,0.0,0.0,0.0,0.0
bull_to_neutral,0.14,0.98,0.0,-0.05,0,67,67,0.5074626865671642,0.39880952380952384,0.5405405405405406,0.4666666666666667,0.5074626865671642,0.39880952380952384,0.5405405405405406,0.4666666666666667,0.0,0.0,0.0,0.0
bull_to_bear,0.14,0.98,0.0,-0.05,0,67,67,0.5074626865671642,0.39880952380952384,0.5405405405405406,0.4666666666666667,0.5074626865671642,0.39880952380952384,0.5405405405405406,0.4666666666666667,0.0,0.0,0.0,0.0
bull_to_neutral,0.14,0.98,0.0,-0.1,0,67,67,0.5074626865671642,0.39880952380952384,0.5405405405405406,0.4666666666666667,0.5074626865671642,0.39880952380952384,0.5405405405405406,0.4666666666666667,0.0,0.0,0.0,0.0
bull_to_bear,0.14,0.98,0.0,-0.1,0,67,67,0.5074626865671642,0.39880952380952384,0.5405405405405406,0.4666666666666667,0.5074626865671642,0.39880952380952384,0.5405405405405406,0.4666666666666667,0.0,0.0,0.0,0.0
bull_to_neutral,0.14,0.98,5.0,,0,67,67,0.5074626865671642,0.39880952380952384,0.5405405405405406,0.4666666666666667,0.5074626865671642,0.39880952380952384,0.5405405405405406,0.4666666666666667,0.0,0.0,0.0,0.0
bull_to_bear,0.14,0.98,5.0,,0,67,67,0.5074626865671642,0.39880952380952384,0.5405405405405406,0.4666666666666667,0.5074626865671642,0.39880952380952384,0.5405405405405406,0.4666666666666667,0.0,0.0,0.0,0.0
bull_to_neutral,0.14,0.98,5.0,0.0,0,67,67,0.5074626865671642,0.39880952380952384,0.5405405405405406,0.4666666666666667,0.5074626865671642,0.39880952380952384,0.5405405405405406,0.4666666666666667,0.0,0.0,0.0,0.0
bull_to_bear,0.14,0.98,5.0,0.0,0,67,67,0.5074626865671642,0.39880952380952384,0.5405405405405406,0.4666666666666667,0.5074626865671642,0.39880952380952384,0.5405405405405406,0.4666666666666667,0.0,0.0,0.0,0.0
bull_to_neutral,0.14,0.98,5.0,-0.05,0,67,67,0.5074626865671642,0.39880952380952384,0.5405405405405406,0.4666666666666667,0.5074626865671642,0.39880952380952384,0.5405405405405406,0.4666666666666667,0.0,0.0,0.0,0.0
bull_to_bear,0.14,0.98,5.0,-0.05,0,67,67,0.5074626865671642,0.39880952380952384,0.5405405405405406,0.4666666666666667,0.5074626865671642,0.39880952380952384,0.5405405405405406,0.4666666666666667,0.0,0.0,0.0,0.0
bull_to_neutral,0.14,0.98,5.0,-0.1,0,67,67,0.5074626865671642,0.39880952380952384,0.5405405405405406,0.4666666666666667,0.5074626865671642,0.39880952380952384,0.5405405405405406,0.4666666666666667,0.0,0.0,0.0,0.0
bull_to_bear,0.14,0.98,5.0,-0.1,0,67,67,0.5074626865671642,0.39880952380952384,0.5405405405405406,0.4666666666666667,0.5074626865671642,0.39880952380952384,0.5405405405405406,0.4666666666666667,0.0,0.0,0.0,0.0
bull_to_neutral,0.14,0.98,10.0,,0,67,67,0.5074626865671642,0.39880952380952384,0.5405405405405406,0.4666666666666667,0.5074626865671642,0.39880952380952384,0.5405405405405406,0.4666666666666667,0.0,0.0,0.0,0.0
bull_to_bear,0.14,0.98,10.0,,0,67,67,0.5074626865671642,0.39880952380952384,0.5405405405405406,0.4666666666666667,0.5074626865671642,0.39880952380952384,0.5405405405405406,0.4666666666666667,0.0,0.0,0.0,0.0
bull_to_neutral,0.14,0.98,10.0,0.0,0,67,67,0.5074626865671642,0.39880952380952384,0.5405405405405406,0.4666666666666667,0.5074626865671642,0.39880952380952384,0.5405405405405406,0.4666666666666667,0.0,0.0,0.0,0.0
bull_to_bear,0.14,0.98,10.0,0.0,0,67,67,0.5074626865671642,0.39880952380952384,0.5405405405405406,0.4666666666666667,0.5074626865671642,0.39880952380952384,0.5405405405405406,0.4666666666666667,0.0,0.0,0.0,0.0
bull_to_neutral,0.14,0.98,10.0,-0.05,0,67,67,0.5074626865671642,0.39880952380952384,0.5405405405405406,0.4666666666666667,0.5074626865671642,0.39880952380952384,0.5405405405405406,0.4666666666666667,0.0,0.0,0.0,0.0
bull_to_bear,0.14,0.98,10.0,-0.05,0,67,67,0.5074626865671642,0.39880952380952384,0.5405405405405406,0.4666666666666667,0.5074626865671642,0.39880952380952384,0.5405405405405406,0.4666666666666667,0.0,0.0,0.0,0.0
bull_to_neutral,0.14,0.98,10.0,-0.1,0,67,67,0.5074626865671642,0.39880952380952384,0.5405405405405406,0.4666666666666667,0.5074626865671642,0.39880952380952384,0.5405405405405406,0.4666666666666667,0.0,0.0,0.0,0.0
bull_to_bear,0.14,0.98,10.0,-0.1,0,67,67,0.5074626865671642,0.39880952380952384,0.5405405405405406,0.4666666666666667,0.5074626865671642,0.39880952380952384,0.5405405405405406,0.4666666666666667,0.0,0.0,0.0,0.0
bull_to_neutral,0.14,0.98,15.0,,0,67,67,0.5074626865671642,0.39880952380952384,0.5405405405405406,0.4666666666666667,0.5074626865671642,0.39880952380952384,0.5405405405405406,0.4666666666666667,0.0,0.0,0.0,0.0
bull_to_bear,0.14,0.98,15.0,,0,67,67,0.5074626865671642,0.39880952380952384,0.5405405405405406,0.4666666666666667,0.5074626865671642,0.39880952380952384,0.5405405405405406,0.4666666666666667,0.0,0.0,0.0,0.0
bull_to_neutral,0.14,0.98,15.0,0.0,0,67,67,0.5074626865671642,0.39880952380952384,0.5405405405405406,0.4666666666666667,0.5074626865671642,0.39880952380952384,0.5405405405405406,0.4666666666666667,0.0,0.0,0.0,0.0
bull_to_bear,0.14,0.98,15.0,0.0,0,67,67,0.5074626865671642,0.39880952380952384,0.5405405405405406,0.4666666666666667,0.5074626865671642,0.39880952380952384,0.5405405405405406,0.4666666666666667,0.0,0.0,0.0,0.0
bull_to_neutral,0.14,0.98,15.0,-0.05,0,67,67,0.5074626865671642,0.39880952380952384,0.5405405405405406,0.4666666666666667,0.5074626865671642,0.39880952380952384,0.5405405405405406,0.4666666666666667,0.0,0.0,0.0,0.0
bull_to_bear,0.14,0.98,15.0,-0.05,0,67,67,0.5074626865671642,0.39880952380952384,0.5405405405405406,0.4666666666666667,0.5074626865671642,0.39880952380952384,0.5405405405405406,0.4666666666666667,0.0,0.0,0.0,0.0
bull_to_neutral,0.14,0.98,15.0,-0.1,0,67,67,0.5074626865671642,0.39880952380952384,0.5405405405405406,0.4666666666666667,0.5074626865671642,0.39880952380952384,0.5405405405405406,0.4666666666666667,0.0,0.0,0.0,0.0
bull_to_bear,0.14,0.98,15.0,-0.1,0,67,67,0.5074626865671642,0.39880952380952384,0.5405405405405406,0.4666666666666667,0.5074626865671642,0.39880952380952384,0.5405405405405406,0.4666666666666667,0.0,0.0,0.0,0.0
bull_to_neutral,0.14,0.97,,,0,67,67,0.5074626865671642,0.39880952380952384,0.5405405405405406,0.4666666666666667,0.5074626865671642,0.39880952380952384,0.5405405405405406,0.4666666666666667,0.0,0.0,0.0,0.0
bull_to_bear,0.14,0.97,,,0,67,67,0.5074626865671642,0.39880952380952384,0.5405405405405406,0.4666666666666667,0.5074626865671642,0.39880952380952384,0.5405405405405406,0.4666666666666667,0.0,0.0,0.0,0.0
bull_to_neutral,0.14,0.97,,0.0,0,67,67,0.5074626865671642,0.39880952380952384,0.5405405405405406,0.4666666666666667,0.5074626865671642,0.39880952380952384,0.5405405405405406,0.4666666666666667,0.0,0.0,0.0,0.0
bull_to_bear,0.14,0.97,,0.0,0,67,67,0.5074626865671642,0.39880952380952384,0.5405405405405406,0.4666666666666667,0.5074626865671642,0.39880952380952384,0.5405405405405406,0.4666666666666667,0.0,0.0,0.0,0.0
bull_to_neutral,0.14,0.97,,-0.05,0,67,67,0.5074626865671642,0.39880952380952384,0.5405405405405406,0.4666666666666667,0.5074626865671642,0.39880952380952384,0.5405405405405406,0.4666666666666667,0.0,0.0,0.0,0.0
bull_to_bear,0.14,0.97,,-0.05,0,67,67,0.5074626865671642,0.39880952380952384,0.5405405405405406,0.4666666666666667,0.5074626865671642,0.39880952380952384,0.5405405405405406,0.4666666666666667,0.0,0.0,0.0,0.0
bull_to_neutral,0.14,0.97,,-0.1,0,67,67,0.5074626865671642,0.39880952380952384,0.5405405405405406,0.4666666666666667,0.5074626865671642,0.39880952380952384,0.5405405405405406,0.4666666666666667,0.0,0.0,0.0,0.0
bull_to_bear,0.14,0.97,,-0.1,0,67,67,0.5074626865671642,0.39880952380952384,0.5405405405405406,0.4666666666666667,0.5074626865671642,0.39880952380952384,0.5405405405405406,0.4666666666666667,0.0,0.0,0.0,0.0
bull_to_neutral,0.14,0.97,0.0,,0,67,67,0.5074626865671642,0.39880952380952384,0.5405405405405406,0.4666666666666667,0.5074626865671642,0.39880952380952384,0.5405405405405406,0.4666666666666667,0.0,0.0,0.0,0.0
bull_to_bear,0.14,0.97,0.0,,0,67,67,0.5074626865671642,0.39880952380952384,0.5405405405405406,0.4666666666666667,0.5074626865671642,0.39880952380952384,0.5405405405405406,0.4666666666666667,0.0,0.0,0.0,0.0
bull_to_neutral,0.14,0.97,0.0,0.0,0,67,67,0.5074626865671642,0.39880952380952384,0.5405405405405406,0.4666666666666667,0.5074626865671642,0.39880952380952384,0.5405405405405406,0.4666666666666667,0.0,0.0,0.0,0.0
bull_to_bear,0.14,0.97,0.0,0.0,0,67,67,0.5074626865671642,0.39880952380952384,0.5405405405405406,0.4666666666666667,0.5074626865671642,0.39880952380952384,0.5405405405405406,0.4666666666666667,0.0,0.0,0.0,0.0
bull_to_neutral,0.14,0.97,0.0,-0.05,0,67,67,0.5074626865671642,0.39880952380952384,0.5405405405405406,0.4666666666666667,0.5074626865671642,0.39880952380952384,0.5405405405405406,0.4666666666666667,0.0,0.0,0.0,0.0
bull_to_bear,0.14,0.97,0.0,-0.05,0,67,67,0.5074626865671642,0.39880952380952384,0.5405405405405406,0.4666666666666667,0.5074626865671642,0.39880952380952384,0.5405405405405406,0.4666666666666667,0.0,0.0,0.0,0.0
bull_to_neutral,0.14,0.97,0.0,-0.1,0,67,67,0.5074626865671642,0.39880952380952384,0.5405405405405406,0.4666666666666667,0.5074626865671642,0.39880952380952384,0.5405405405405406,0.4666666666666667,0.0,0.0,0.0,0.0
bull_to_bear,0.14,0.97,0.0,-0.1,0,67,67,0.5074626865671642,0.39880952380952384,0.5405405405405406,0.4666666666666667,0.5074626865671642,0.39880952380952384,0.5405405405405406,0.4666666666666667,0.0,0.0,0.0,0.0
bull_to_neutral,0.14,0.97,5.0,,0,67,67,0.5074626865671642,0.39880952380952384,0.5405405405405406,0.4666666666666667,0.5074626865671642,0.39880952380952384,0.5405405405405406,0.4666666666666667,0.0,0.0,0.0,0.0
bull_to_bear,0.14,0.97,5.0,,0,67,67,0.5074626865671642,0.39880952380952384,0.5405405405405406,0.4666666666666667,0.5074626865671642,0.39880952380952384,0.5405405405405406,0.4666666666666667,0.0,0.0,0.0,0.0
bull_to_neutral,0.14,0.97,5.0,0.0,0,67,67,0.5074626865671642,0.39880952380952384,0.5405405405405406,0.4666666666666667,0.5074626865671642,0.39880952380952384,0.5405405405405406,0.4666666666666667,0.0,0.0,0.0,0.0
bull_to_bear,0.14,0.97,5.0,0.0,0,67,67,0.5074626865671642,0.39880952380952384,0.5405405405405406,0.4666666666666667,0.5074626865671642,0.39880952380952384,0.5405405405405406,0.4666666666666667,0.0,0.0,0.0,0.0
bull_to_neutral,0.14,0.97,5.0,-0.05,0,67,67,0.5074626865671642,0.39880952380952384,0.5405405405405406,0.4666666666666667,0.5074626865671642,0.39880952380952384,0.5405405405405406,0.4666666666666667,0.0,0.0,0.0,0.0
bull_to_bear,0.14,0.97,5.0,-0.05,0,67,67,0.5074626865671642,0.39880952380952384,0.5405405405405406,0.4666666666666667,0.5074626865671642,0.39880952380952384,0.5405405405405406,0.4666666666666667,0.0,0.0,0.0,0.0
bull_to_neutral,0.14,0.97,5.0,-0.1,0,67,67,0.5074626865671642,0.39880952380952384,0.5405405405405406,0.4666666666666667,0.5074626865671642,0.39880952380952384,0.5405405405405406,0.4666666666666667,0.0,0.0,0.0,0.0
bull_to_bear,0.14,0.97,5.0,-0.1,0,67,67,0.5074626865671642,0.39880952380952384,0.5405405405405406,0.4666666666666667,0.5074626865671642,0.39880952380952384,0.5405405405405406,0.4666666666666667,0.0,0.0,0.0,0.0
bull_to_neutral,0.14,0.97,10.0,,0,67,67,0.5074626865671642,0.39880952380952384,0.5405405405405406,0.4666666666666667,0.5074626865671642,0.39880952380952384,0.5405405405405406,0.4666666666666667,0.0,0.0,0.0,0.0
bull_to_bear,0.14,0.97,10.0,,0,67,67,0.5074626865671642,0.39880952380952384,0.5405405405405406,0.4666666666666667,0.5074626865671642,0.39880952380952384,0.5405405405405406,0.4666666666666667,0.0,0.0,0.0,0.0
bull_to_neutral,0.14,0.97,10.0,0.0,0,67,67,0.5074626865671642,0.39880952380952384,0.5405405405405406,0.4666666666666667,0.5074626865671642,0.39880952380952384,0.5405405405405406,0.4666666666666667,0.0,0.0,0.0,0.0
bull_to_bear,0.14,0.97,10.0,0.0,0,67,67,0.5074626865671642,0.39880952380952384,0.5405405405405406,0.4666666666666667,0.5074626865671642,0.39880952380952384,0.5405405405405406,0.4666666666666667,0.0,0.0,0.0,0.0
bull_to_neutral,0.14,0.97,10.0,-0.05,0,67,67,0.5074626865671642,0.39880952380952384,0.5405405405405406,0.4666666666666667,0.5074626865671642,0.39880952380952384,0.5405405405405406,0.4666666666666667,0.0,0.0,0.0,0.0
bull_to_bear,0.14,0.97,10.0,-0.05,0,67,67,0.5074626865671642,0.39880952380952384,0.5405405405405406,0.4666666666666667,0.5074626865671642,0.39880952380952384,0.5405405405405406,0.4666666666666667,0.0,0.0,0.0,0.0
bull_to_neutral,0.14,0.97,10.0,-0.1,0,67,67,0.5074626865671642,0.39880952380952384,0.5405405405405406,0.4666666666666667,0.5074626865671642,0.39880952380952384,0.5405405405405406,0.4666666666666667,0.0,0.0,0.0,0.0
bull_to_bear,0.14,0.97,10.0,-0.1,0,67,67,0.5074626865671642,0.39880952380952384,0.5405405405405406,0.4666666666666667,0.5074626865671642,0.39880952380952384,0.5405405405405406,0.4666666666666667,0.0,0.0,0.0,0.0
bull_to_neutral,0.14,0.97,15.0,,0,67,67,0.5074626865671642,0.39880952380952384,0.5405405405405406,0.4666666666666667,0.5074626865671642,0.39880952380952384,0.5405405405405406,0.4666666666666667,0.0,0.0,0.0,0.0
bull_to_bear,0.14,0.97,15.0,,0,67,67,0.5074626865671642,0.39880952380952384,0.5405405405405406,0.4666666666666667,0.5074626865671642,0.39880952380952384,0.5405405405405406,0.4666666666666667,0.0,0.0,0.0,0.0
bull_to_neutral,0.14,0.97,15.0,0.0,0,67,67,0.5074626865671642,0.39880952380952384,0.5405405405405406,0.4666666666666667,0.5074626865671642,0.39880952380952384,0.5405405405405406,0.4666666666666667,0.0,0.0,0.0,0.0
bull_to_bear,0.14,0.97,15.0,0.0,0,67,67,0.5074626865671642,0.39880952380952384,0.5405405405405406,0.4666666666666667,0.5074626865671642,0.39880952380952384,0.5405405405405406,0.4666666666666667,0.0,0.0,0.0,0.0
bull_to_neutral,0.14,0.97,15.0,-0.05,0,67,67,0.5074626865671642,0.39880952380952384,0.5405405405405406,0.4666666666666667,0.5074626865671642,0.39880952380952384,0.5405405405405406,0.4666666666666667,0.0,0.0,0.0,0.0
bull_to_bear,0.14,0.97,15.0,-0.05,0,67,67,0.5074626865671642,0.39880952380952384,0.5405405405405406,0.4666666666666667,0.5074626865671642,0.39880952380952384,0.5405405405405406,0.4666666666666667,0.0,0.0,0.0,0.0
bull_to_neutral,0.14,0.97,15.0,-0.1,0,67,67,0.5074626865671642,0.39880952380952384,0.5405405405405406,0.4666666666666667,0.5074626865671642,0.39880952380952384,0.5405405405405406,0.4666666666666667,0.0,0.0,0.0,0.0
bull_to_bear,0.14,0.97,15.0,-0.1,0,67,67,0.5074626865671642,0.39880952380952384,0.5405405405405406,0.4666666666666667,0.5074626865671642,0.39880952380952384,0.5405405405405406,0.4666666666666667,0.0,0.0,0.0,0.0
bull_to_neutral,0.14,0.95,,,0,67,67,0.5074626865671642,0.39880952380952384,0.5405405405405406,0.4666666666666667,0.5074626865671642,0.39880952380952384,0.5405405405405406,0.4666666666666667,0.0,0.0,0.0,0.0
bull_to_bear,0.14,0.95,,,0,67,67,0.5074626865671642,0.39880952380952384,0.5405405405405406,0.4666666666666667,0.5074626865671642,0.39880952380952384,0.5405405405405406,0.4666666666666667,0.0,0.0,0.0,0.0
bull_to_neutral,0.14,0.95,,0.0,0,67,67,0.5074626865671642,0.39880952380952384,0.5405405405405406,0.4666666666666667,0.5074626865671642,0.39880952380952384,0.5405405405405406,0.4666666666666667,0.0,0.0,0.0,0.0
bull_to_bear,0.14,0.95,,0.0,0,67,67,0.5074626865671642,0.39880952380952384,0.5405405405405406,0.4666666666666667,0.5074626865671642,0.39880952380952384,0.5405405405405406,0.4666666666666667,0.0,0.0,0.0,0.0
bull_to_neutral,0.14,0.95,,-0.05,0,67,67,0.5074626865671642,0.39880952380952384,0.5405405405405406,0.4666666666666667,0.5074626865671642,0.39880952380952384,0.5405405405405406,0.4666666666666667,0.0,0.0,0.0,0.0
bull_to_bear,0.14,0.95,,-0.05,0,67,67,0.5074626865671642,0.39880952380952384,0.5405405405405406,0.4666666666666667,0.5074626865671642,0.39880952380952384,0.5405405405405406,0.4666666666666667,0.0,0.0,0.0,0.0
bull_to_neutral,0.14,0.95,,-0.1,0,67,67,0.5074626865671642,0.39880952380952384,0.5405405405405406,0.4666666666666667,0.5074626865671642,0.39880952380952384,0.5405405405405406,0.4666666666666667,0.0,0.0,0.0,0.0
bull_to_bear,0.14,0.95,,-0.1,0,67,67,0.5074626865671642,0.39880952380952384,0.5405405405405406,0.4666666666666667,0.5074626865671642,0.39880952380952384,0.5405405405405406,0.4666666666666667,0.0,0.0,0.0,0.0
bull_to_neutral,0.14,0.95,0.0,,0,67,67,0.5074626865671642,0.39880952380952384,0.5405405405405406,0.4666666666666667,0.5074626865671642,0.39880952380952384,0.5405405405405406,0.4666666666666667,0.0,0.0,0.0,0.0
bull_to_bear,0.14,0.95,0.0,,0,67,67,0.5074626865671642,0.39880952380952384,0.5405405405405406,0.4666666666666667,0.5074626865671642,0.39880952380952384,0.5405405405405406,0.4666666666666667,0.0,0.0,0.0,0.0
bull_to_neutral,0.14,0.95,0.0,0.0,0,67,67,0.5074626865671642,0.39880952380952384,0.5405405405405406,0.4666666666666667,0.5074626865671642,0.39880952380952384,0.5405405405405406,0.4666666666666667,0.0,0.0,0.0,0.0
bull_to_bear,0.14,0.95,0.0,0.0,0,67,67,0.5074626865671642,0.39880952380952384,0.5405405405405406,0.4666666666666667,0.5074626865671642,0.39880952380952384,0.5405405405405406,0.4666666666666667,0.0,0.0,0.0,0.0
bull_to_neutral,0.14,0.95,0.0,-0.05,0,67,67,0.5074626865671642,0.39880952380952384,0.5405405405405406,0.4666666666666667,0.5074626865671642,0.39880952380952384,0.5405405405405406,0.4666666666666667,0.0,0.0,0.0,0.0
bull_to_bear,0.14,0.95,0.0,-0.05,0,67,67,0.5074626865671642,0.39880952380952384,0.5405405405405406,0.4666666666666667,0.5074626865671642,0.39880952380952384,0.5405405405405406,0.4666666666666667,0.0,0.0,0.0,0.0
bull_to_neutral,0.14,0.95,0.0,-0.1,0,67,67,0.5074626865671642,0.39880952380952384,0.5405405405405406,0.4666666666666667,0.5074626865671642,0.39880952380952384,0.5405405405405406,0.4666666666666667,0.0,0.0,0.0,0.0
bull_to_bear,0.14,0.95,0.0,-0.1,0,67,67,0.5074626865671642,0.39880952380952384,0.5405405405405406,0.4666666666666667,0.5074626865671642,0.39880952380952384,0.5405405405405406,0.4666666666666667,0.0,0.0,0.0,0.0
bull_to_neutral,0.14,0.95,5.0,,0,67,67,0.5074626865671642,0.39880952380952384,0.5405405405405406,0.4666666666666667,0.5074626865671642,0.39880952380952384,0.5405405405405406,0.4666666666666667,0.0,0.0,0.0,0.0
bull_to_bear,0.14,0.95,5.0,,0,67,67,0.5074626865671642,0.39880952380952384,0.5405405405405406,0.4666666666666667,0.5074626865671642,0.39880952380952384,0.5405405405405406,0.4666666666666667,0.0,0.0,0.0,0.0
bull_to_neutral,0.14,0.95,5.0,0.0,0,67,67,0.5074626865671642,0.39880952380952384,0.5405405405405406,0.4666666666666667,0.5074626865671642,0.39880952380952384,0.5405405405405406,0.4666666666666667,0.0,0.0,0.0,0.0
bull_to_bear,0.14,0.95,5.0,0.0,0,67,67,0.5074626865671642,0.39880952380952384,0.5405405405405406,0.4666666666666667,0.5074626865671642,0.39880952380952384,0.5405405405405406,0.4666666666666667,0.0,0.0,0.0,0.0
bull_to_neutral,0.14,0.95,5.0,-0.05,0,67,67,0.5074626865671642,0.39880952380952384,0.5405405405405406,0.4666666666666667,0.5074626865671642,0.39880952380952384,0.5405405405405406,0.4666666666666667,0.0,0.0,0.0,0.0
bull_to_bear,0.14,0.95,5.0,-0.05,0,67,67,0.5074626865671642,0.39880952380952384,0.5405405405405406,0.4666666666666667,0.5074626865671642,0.39880952380952384,0.5405405405405406,0.4666666666666667,0.0,0.0,0.0,0.0
bull_to_neutral,0.14,0.95,5.0,-0.1,0,67,67,0.5074626865671642,0.39880952380952384,0.5405405405405406,0.4666666666666667,0.5074626865671642,0.39880952380952384,0.5405405405405406,0.4666666666666667,0.0,0.0,0.0,0.0
bull_to_bear,0.14,0.95,5.0,-0.1,0,67,67,0.5074626865671642,0.39880952380952384,0.5405405405405406,0.4666666666666667,0.5074626865671642,0.39880952380952384,0.5405405405405406,0.4666666666666667,0.0,0.0,0.0,0.0
bull_to_neutral,0.14,0.95,10.0,,0,67,67,0.5074626865671642,0.39880952380952384,0.5405405405405406,0.4666666666666667,0.5074626865671642,0.39880952380952384,0.5405405405405406,0.4666666666666667,0.0,0.0,0.0,0.0
bull_to_bear,0.14,0.95,10.0,,0,67,67,0.5074626865671642,0.39880952380952384,0.5405405405405406,0.4666666666666667,0.5074626865671642,0.39880952380952384,0.5405405405405406,0.4666666666666667,0.0,0.0,0.0,0.0
bull_to_neutral,0.14,0.95,10.0,0.0,0,67,67,0.5074626865671642,0.39880952380952384,0.5405405405405406,0.4666666666666667,0.5074626865671642,0.39880952380952384,0.5405405405405406,0.4666666666666667,0.0,0.0,0.0,0.0
bull_to_bear,0.14,0.95,10.0,0.0,0,67,67,0.5074626865671642,0.39880952380952384,0.5405405405405406,0.4666666666666667,0.5074626865671642,0.39880952380952384,0.5405405405405406,0.4666666666666667,0.0,0.0,0.0,0.0
bull_to_neutral,0.14,0.95,10.0,-0.05,0,67,67,0.5074626865671642,0.39880952380952384,0.5405405405405406,0.4666666666666667,0.5074626865671642,0.39880952380952384,0.5405405405405406,0.4666666666666667,0.0,0.0,0.0,0.0
bull_to_bear,0.14,0.95,10.0,-0.05,0,67,67,0.5074626865671642,0.39880952380952384,0.5405405405405406,0.4666666666666667,0.5074626865671642,0.39880952380952384,0.5405405405405406,0.4666666666666667,0.0,0.0,0.0,0.0
bull_to_neutral,0.14,0.95,10.0,-0.1,0,67,67,0.5074626865671642,0.39880952380952384,0.5405405405405406,0.4666666666666667,0.5074626865671642,0.39880952380952384,0.5405405405405406,0.4666666666666667,0.0,0.0,0.0,0.0
bull_to_bear,0.14,0.95,10.0,-0.1,0,67,67,0.5074626865671642,0.39880952380952384,0.5405405405405406,0.4666666666666667,0.5074626865671642,0.39880952380952384,0.5405405405405406,0.4666666666666667,0.0,0.0,0.0,0.0
bull_to_neutral,0.14,0.95,15.0,,0,67,67,0.5074626865671642,0.39880952380952384,0.5405405405405406,0.4666666666666667,0.5074626865671642,0.39880952380952384,0.5405405405405406,0.4666666666666667,0.0,0.0,0.0,0.0
bull_to_bear,0.14,0.95,15.0,,0,67,67,0.5074626865671642,0.39880952380952384,0.5405405405405406,0.4666666666666667,0.5074626865671642,0.39880952380952384,0.5405405405405406,0.4666666666666667,0.0,0.0,0.0,0.0
bull_to_neutral,0.14,0.95,15.0,0.0,0,67,67,0.5074626865671642,0.39880952380952384,0.5405405405405406,0.4666666666666667,0.5074626865671642,0.39880952380952384,0.5405405405405406,0.4666666666666667,0.0,0.0,0.0,0.0
bull_to_bear,0.14,0.95,15.0,0.0,0,67,67,0.5074626865671642,0.39880952380952384,0.5405405405405406,0.4666666666666667,0.5074626865671642,0.39880952380952384,0.5405405405405406,0.4666666666666667,0.0,0.0,0.0,0.0
bull_to_neutral,0.14,0.95,15.0,-0.05,0,67,67,0.5074626865671642,0.39880952380952384,0.5405405405405406,0.4666666666666667,0.5074626865671642,0.39880952380952384,0.5405405405405406,0.4666666666666667,0.0,0.0,0.0,0.0
bull_to_bear,0.14,0.95,15.0,-0.05,0,67,67,0.5074626865671642,0.39880952380952384,0.5405405405405406,0.4666666666666667,0.5074626865671642,0.39880952380952384,0.5405405405405406,0.4666666666666667,0.0,0.0,0.0,0.0
bull_to_neutral,0.14,0.95,15.0,-0.1,0,67,67,0.5074626865671642,0.39880952380952384,0.5405405405405406,0.4666666666666667,0.5074626865671642,0.39880952380952384,0.5405405405405406,0.4666666666666667,0.0,0.0,0.0,0.0
bull_to_bear,0.14,0.95,15.0,-0.1,0,67,67,0.5074626865671642,0.39880952380952384,0.5405405405405406,0.4666666666666667,0.5074626865671642,0.39880952380952384,0.5405405405405406,0.4666666666666667,0.0,0.0,0.0,0.0
bull_to_neutral,0.14,0.93,,,0,67,67,0.5074626865671642,0.39880952380952384,0.5405405405405406,0.4666666666666667,0.5074626865671642,0.39880952380952384,0.5405405405405406,0.4666666666666667,0.0,0.0,0.0,0.0
bull_to_bear,0.14,0.93,,,0,67,67,0.5074626865671642,0.39880952380952384,0.5405405405405406,0.4666666666666667,0.5074626865671642,0.39880952380952384,0.5405405405405406,0.4666666666666667,0.0,0.0,0.0,0.0
bull_to_neutral,0.14,0.93,,0.0,0,67,67,0.5074626865671642,0.39880952380952384,0.5405405405405406,0.4666666666666667,0.5074626865671642,0.39880952380952384,0.5405405405405406,0.4666666666666667,0.0,0.0,0.0,0.0
bull_to_bear,0.14,0.93,,0.0,0,67,67,0.5074626865671642,0.39880952380952384,0.5405405405405406,0.4666666666666667,0.5074626865671642,0.39880952380952384,0.5405405405405406,0.4666666666666667,0.0,0.0,0.0,0.0
bull_to_neutral,0.14,0.93,,-0.05,0,67,67,0.5074626865671642,0.39880952380952384,0.5405405405405406,0.4666666666666667,0.5074626865671642,0.39880952380952384,0.5405405405405406,0.4666666666666667,0.0,0.0,0.0,0.0
bull_to_bear,0.14,0.93,,-0.05,0,67,67,0.5074626865671642,0.39880952380952384,0.5405405405405406,0.4666666666666667,0.5074626865671642,0.39880952380952384,0.5405405405405406,0.4666666666666667,0.0,0.0,0.0,0.0
bull_to_neutral,0.14,0.93,,-0.1,0,67,67,0.5074626865671642,0.39880952380952384,0.5405405405405406,0.4666666666666667,0.5074626865671642,0.39880952380952384,0.5405405405405406,0.4666666666666667,0.0,0.0,0.0,0.0
bull_to_bear,0.14,0.93,,-0.1,0,67,67,0.5074626865671642,0.39880952380952384,0.5405405405405406,0.4666666666666667,0.5074626865671642,0.39880952380952384,0.5405405405405406,0.4666666666666667,0.0,0.0,0.0,0.0
bull_to_neutral,0.14,0.93,0.0,,0,67,67,0.5074626865671642,0.39880952380952384,0.5405405405405406,0.4666666666666667,0.5074626865671642,0.39880952380952384,0.5405405405405406,0.4666666666666667,0.0,0.0,0.0,0.0
bull_to_bear,0.14,0.93,0.0,,0,67,67,0.5074626865671642,0.39880952380952384,0.5405405405405406,0.4666666666666667,0.5074626865671642,0.39880952380952384,0.5405405405405406,0.4666666666666667,0.0,0.0,0.0,0.0
bull_to_neutral,0.14,0.93,0.0,0.0,0,67,67,0.5074626865671642,0.39880952380952384,0.5405405405405406,0.4666666666666667,0.5074626865671642,0.39880952380952384,0.5405405405405406,0.4666666666666667,0.0,0.0,0.0,0.0
bull_to_bear,0.14,0.93,0.0,0.0,0,67,67,0.5074626865671642,0.39880952380952384,0.5405405405405406,0.4666666666666667,0.5074626865671642,0.39880952380952384,0.5405405405405406,0.4666666666666667,0.0,0.0,0.0,0.0
bull_to_neutral,0.14,0.93,0.0,-0.05,0,67,67,0.5074626865671642,0.39880952380952384,0.5405405405405406,0.4666666666666667,0.5074626865671642,0.39880952380952384,0.5405405405405406,0.4666666666666667,0.0,0.0,0.0,0.0
bull_to_bear,0.14,0.93,0.0,-0.05,0,67,67,0.5074626865671642,0.39880952380952384,0.5405405405405406,0.4666666666666667,0.5074626865671642,0.39880952380952384,0.5405405405405406,0.4666666666666667,0.0,0.0,0.0,0.0
bull_to_neutral,0.14,0.93,0.0,-0.1,0,67,67,0.5074626865671642,0.39880952380952384,0.5405405405405406,0.4666666666666667,0.5074626865671642,0.39880952380952384,0.5405405405405406,0.4666666666666667,0.0,0.0,0.0,0.0
bull_to_bear,0.14,0.93,0.0,-0.1,0,67,67,0.5074626865671642,0.39880952380952384,0.5405405405405406,0.4666666666666667,0.5074626865671642,0.39880952380952384,0.5405405405405406,0.4666666666666667,0.0,0.0,0.0,0.0
bull_to_neutral,0.14,0.93,5.0,,0,67,67,0.5074626865671642,0.39880952380952384,0.5405405405405406,0.4666666666666667,0.5074626865671642,0.39880952380952384,0.5405405405405406,0.4666666666666667,0.0,0.0,0.0,0.0
bull_to_bear,0.14,0.93,5.0,,0,67,67,0.5074626865671642,0.39880952380952384,0.5405405405405406,0.4666666666666667,0.5074626865671642,0.39880952380952384,0.5405405405405406,0.4666666666666667,0.0,0.0,0.0,0.0
bull_to_neutral,0.14,0.93,5.0,0.0,0,67,67,0.5074626865671642,0.39880952380952384,0.5405405405405406,0.4666666666666667,0.5074626865671642,0.39880952380952384,0.5405405405405406,0.4666666666666667,0.0,0.0,0.0,0.0
bull_to_bear,0.14,0.93,5.0,0.0,0,67,67,0.5074626865671642,0.39880952380952384,0.5405405405405406,0.4666666666666667,0.5074626865671642,0.39880952380952384,0.5405405405405406,0.4666666666666667,0.0,0.0,0.0,0.0
bull_to_neutral,0.14,0.93,5.0,-0.05,0,67,67,0.5074626865671642,0.39880952380952384,0.5405405405405406,0.4666666666666667,0.5074626865671642,0.39880952380952384,0.5405405405405406,0.4666666666666667,0.0,0.0,0.0,0.0
bull_to_bear,0.14,0.93,5.0,-0.05,0,67,67,0.5074626865671642,0.39880952380952384,0.5405405405405406,0.4666666666666667,0.5074626865671642,0.39880952380952384,0.5405405405405406,0.4666666666666667,0.0,0.0,0.0,0.0
bull_to_neutral,0.14,0.93,5.0,-0.1,0,67,67,0.5074626865671642,0.39880952380952384,0.5405405405405406,0.4666666666666667,0.5074626865671642,0.39880952380952384,0.5405405405405406,0.4666666666666667,0.0,0.0,0.0,0.0
bull_to_bear,0.14,0.93,5.0,-0.1,0,67,67,0.5074626865671642,0.39880952380952384,0.5405405405405406,0.4666666666666667,0.5074626865671642,0.39880952380952384,0.5405405405405406,0.4666666666666667,0.0,0.0,0.0,0.0
bull_to_neutral,0.14,0.93,10.0,,0,67,67,0.5074626865671642,0.39880952380952384,0.5405405405405406,0.4666666666666667,0.5074626865671642,0.39880952380952384,0.5405405405405406,0.4666666666666667,0.0,0.0,0.0,0.0
bull_to_bear,0.14,0.93,10.0,,0,67,67,0.5074626865671642,0.39880952380952384,0.5405405405405406,0.4666666666666667,0.5074626865671642,0.39880952380952384,0.5405405405405406,0.4666666666666667,0.0,0.0,0.0,0.0
bull_to_neutral,0.14,0.93,10.0,0.0,0,67,67,0.5074626865671642,0.39880952380952384,0.5405405405405406,0.4666666666666667,0.5074626865671642,0.39880952380952384,0.5405405405405406,0.4666666666666667,0.0,0.0,0.0,0.0
bull_to_bear,0.14,0.93,10.0,0.0,0,67,67,0.5074626865671642,0.39880952380952384,0.5405405405405406,0.4666666666666667,0.5074626865671642,0.39880952380952384,0.5405405405405406,0.4666666666666667,0.0,0.0,0.0,0.0
bull_to_neutral,0.14,0.93,10.0,-0.05,0,67,67,0.5074626865671642,0.39880952380952384,0.5405405405405406,0.4666666666666667,0.5074626865671642,0.39880952380952384,0.5405405405405406,0.4666666666666667,0.0,0.0,0.0,0.0
bull_to_bear,0.14,0.93,10.0,-0.05,0,67,67,0.5074626865671642,0.39880952380952384,0.5405405405405406,0.4666666666666667,0.5074626865671642,0.39880952380952384,0.5405405405405406,0.4666666666666667,0.0,0.0,0.0,0.0
bull_to_neutral,0.14,0.93,10.0,-0.1,0,67,67,0.5074626865671642,0.39880952380952384,0.5405405405405406,0.4666666666666667,0.5074626865671642,0.39880952380952384,0.5405405405405406,0.4666666666666667,0.0,0.0,0.0,0.0
bull_to_bear,0.14,0.93,10.0,-0.1,0,67,67,0.5074626865671642,0.39880952380952384,0.5405405405405406,0.4666666666666667,0.5074626865671642,0.39880952380952384,0.5405405405405406,0.4666666666666667,0.0,0.0,0.0,0.0
bull_to_neutral,0.14,0.93,15.0,,0,67,67,0.5074626865671642,0.39880952380952384,0.5405405405405406,0.4666666666666667,0.5074626865671642,0.39880952380952384,0.5405405405405406,0.4666666666666667,0.0,0.0,0.0,0.0
bull_to_bear,0.14,0.93,15.0,,0,67,67,0.5074626865671642,0.39880952380952384,0.5405405405405406,0.4666666666666667,0.5074626865671642,0.39880952380952384,0.5405405405405406,0.4666666666666667,0.0,0.0,0.0,0.0
bull_to_neutral,0.14,0.93,15.0,0.0,0,67,67,0.5074626865671642,0.39880952380952384,0.5405405405405406,0.4666666666666667,0.5074626865671642,0.39880952380952384,0.5405405405405406,0.4666666666666667,0.0,0.0,0.0,0.0
bull_to_bear,0.14,0.93,15.0,0.0,0,67,67,0.5074626865671642,0.39880952380952384,0.5405405405405406,0.4666666666666667,0.5074626865671642,0.39880952380952384,0.5405405405405406,0.4666666666666667,0.0,0.0,0.0,0.0
bull_to_neutral,0.14,0.93,15.0,-0.05,0,67,67,0.5074626865671642,0.39880952380952384,0.5405405405405406,0.4666666666666667,0.5074626865671642,0.39880952380952384,0.5405405405405406,0.4666666666666667,0.0,0.0,0.0,0.0
bull_to_bear,0.14,0.93,15.0,-0.05,0,67,67,0.5074626865671642,0.39880952380952384,0.5405405405405406,0.4666666666666667,0.5074626865671642,0.39880952380952384,0.5405405405405406,0.4666666666666667,0.0,0.0,0.0,0.0
bull_to_neutral,0.14,0.93,15.0,-0.1,0,67,67,0.5074626865671642,0.39880952380952384,0.5405405405405406,0.4666666666666667,0.5074626865671642,0.39880952380952384,0.5405405405405406,0.4666666666666667,0.0,0.0,0.0,0.0
bull_to_bear,0.14,0.93,15.0,-0.1,0,67,67,0.5074626865671642,0.39880952380952384,0.5405405405405406,0.4666666666666667,0.5074626865671642,0.39880952380952384,0.5405405405405406,0.4666666666666667,0.0,0.0,0.0,0.0
bull_to_neutral,0.14,0.9,,,0,67,67,0.5074626865671642,0.39880952380952384,0.5405405405405406,0.4666666666666667,0.5074626865671642,0.39880952380952384,0.5405405405405406,0.4666666666666667,0.0,0.0,0.0,0.0
bull_to_bear,0.14,0.9,,,0,67,67,0.5074626865671642,0.39880952380952384,0.5405405405405406,0.4666666666666667,0.5074626865671642,0.39880952380952384,0.5405405405405406,0.4666666666666667,0.0,0.0,0.0,0.0
bull_to_neutral,0.14,0.9,,0.0,0,67,67,0.5074626865671642,0.39880952380952384,0.5405405405405406,0.4666666666666667,0.5074626865671642,0.39880952380952384,0.5405405405405406,0.4666666666666667,0.0,0.0,0.0,0.0
bull_to_bear,0.14,0.9,,0.0,0,67,67,0.5074626865671642,0.39880952380952384,0.5405405405405406,0.4666666666666667,0.5074626865671642,0.39880952380952384,0.5405405405405406,0.4666666666666667,0.0,0.0,0.0,0.0
bull_to_neutral,0.14,0.9,,-0.05,0,67,67,0.5074626865671642,0.39880952380952384,0.5405405405405406,0.4666666666666667,0.5074626865671642,0.39880952380952384,0.5405405405405406,0.4666666666666667,0.0,0.0,0.0,0.0
bull_to_bear,0.14,0.9,,-0.05,0,67,67,0.5074626865671642,0.39880952380952384,0.5405405405405406,0.4666666666666667,0.5074626865671642,0.39880952380952384,0.5405405405405406,0.4666666666666667,0.0,0.0,0.0,0.0
bull_to_neutral,0.14,0.9,,-0.1,0,67,67,0.5074626865671642,0.39880952380952384,0.5405405405405406,0.4666666666666667,0.5074626865671642,0.39880952380952384,0.5405405405405406,0.4666666666666667,0.0,0.0,0.0,0.0
bull_to_bear,0.14,0.9,,-0.1,0,67,67,0.5074626865671642,0.39880952380952384,0.5405405405405406,0.4666666666666667,0.5074626865671642,0.39880952380952384,0.5405405405405406,0.4666666666666667,0.0,0.0,0.0,0.0
bull_to_neutral,0.14,0.9,0.0,,0,67,67,0.5074626865671642,0.39880952380952384,0.5405405405405406,0.4666666666666667,0.5074626865671642,0.39880952380952384,0.5405405405405406,0.4666666666666667,0.0,0.0,0.0,0.0
bull_to_bear,0.14,0.9,0.0,,0,67,67,0.5074626865671642,0.39880952380952384,0.5405405405405406,0.4666666666666667,0.5074626865671642,0.39880952380952384,0.5405405405405406,0.4666666666666667,0.0,0.0,0.0,0.0
bull_to_neutral,0.14,0.9,0.0,0.0,0,67,67,0.5074626865671642,0.39880952380952384,0.5405405405405406,0.4666666666666667,0.5074626865671642,0.39880952380952384,0.5405405405405406,0.4666666666666667,0.0,0.0,0.0,0.0
bull_to_bear,0.14,0.9,0.0,0.0,0,67,67,0.5074626865671642,0.39880952380952384,0.5405405405405406,0.4666666666666667,0.5074626865671642,0.39880952380952384,0.5405405405405406,0.4666666666666667,0.0,0.0,0.0,0.0
bull_to_neutral,0.14,0.9,0.0,-0.05,0,67,67,0.5074626865671642,0.39880952380952384,0.5405405405405406,0.4666666666666667,0.5074626865671642,0.39880952380952384,0.5405405405405406,0.4666666666666667,0.0,0.0,0.0,0.0
bull_to_bear,0.14,0.9,0.0,-0.05,0,67,67,0.5074626865671642,0.39880952380952384,0.5405405405405406,0.4666666666666667,0.5074626865671642,0.39880952380952384,0.5405405405405406,0.4666666666666667,0.0,0.0,0.0,0.0
bull_to_neutral,0.14,0.9,0.0,-0.1,0,67,67,0.5074626865671642,0.39880952380952384,0.5405405405405406,0.4666666666666667,0.5074626865671642,0.39880952380952384,0.5405405405405406,0.4666666666666667,0.0,0.0,0.0,0.0
bull_to_bear,0.14,0.9,0.0,-0.1,0,67,67,0.5074626865671642,0.39880952380952384,0.5405405405405406,0.4666666666666667,0.5074626865671642,0.39880952380952384,0.5405405405405406,0.4666666666666667,0.0,0.0,0.0,0.0
bull_to_neutral,0.14,0.9,5.0,,0,67,67,0.5074626865671642,0.39880952380952384,0.5405405405405406,0.4666666666666667,0.5074626865671642,0.39880952380952384,0.5405405405405406,0.4666666666666667,0.0,0.0,0.0,0.0
bull_to_bear,0.14,0.9,5.0,,0,67,67,0.5074626865671642,0.39880952380952384,0.5405405405405406,0.4666666666666667,0.5074626865671642,0.39880952380952384,0.5405405405405406,0.4666666666666667,0.0,0.0,0.0,0.0
bull_to_neutral,0.14,0.9,5.0,0.0,0,67,67,0.5074626865671642,0.39880952380952384,0.5405405405405406,0.4666666666666667,0.5074626865671642,0.39880952380952384,0.5405405405405406,0.4666666666666667,0.0,0.0,0.0,0.0
bull_to_bear,0.14,0.9,5.0,0.0,0,67,67,0.5074626865671642,0.39880952380952384,0.5405405405405406,0.4666666666666667,0.5074626865671642,0.39880952380952384,0.5405405405405406,0.4666666666666667,0.0,0.0,0.0,0.0
bull_to_neutral,0.14,0.9,5.0,-0.05,0,67,67,0.5074626865671642,0.39880952380952384,0.5405405405405406,0.4666666666666667,0.5074626865671642,0.39880952380952384,0.5405405405405406,0.4666666666666667,0.0,0.0,0.0,0.0
bull_to_bear,0.14,0.9,5.0,-0.05,0,67,67,0.5074626865671642,0.39880952380952384,0.5405405405405406,0.4666666666666667,0.5074626865671642,0.39880952380952384,0.5405405405405406,0.4666666666666667,0.0,0.0,0.0,0.0
bull_to_neutral,0.14,0.9,5.0,-0.1,0,67,67,0.5074626865671642,0.39880952380952384,0.5405405405405406,0.4666666666666667,0.5074626865671642,0.39880952380952384,0.5405405405405406,0.4666666666666667,0.0,0.0,0.0,0.0
bull_to_bear,0.14,0.9,5.0,-0.1,0,67,67,0.5074626865671642,0.39880952380952384,0.5405405405405406,0.4666666666666667,0.5074626865671642,0.39880952380952384,0.5405405405405406,0.4666666666666667,0.0,0.0,0.0,0.0
bull_to_neutral,0.14,0.9,10.0,,0,67,67,0.5074626865671642,0.39880952380952384,0.5405405405405406,0.4666666666666667,0.5074626865671642,0.39880952380952384,0.5405405405405406,0.4666666666666667,0.0,0.0,0.0,0.0
bull_to_bear,0.14,0.9,10.0,,0,67,67,0.5074626865671642,0.39880952380952384,0.5405405405405406,0.4666666666666667,0.5074626865671642,0.39880952380952384,0.5405405405405406,0.4666666666666667,0.0,0.0,0.0,0.0
bull_to_neutral,0.14,0.9,10.0,0.0,0,67,67,0.5074626865671642,0.39880952380952384,0.5405405405405406,0.4666666666666667,0.5074626865671642,0.39880952380952384,0.5405405405405406,0.4666666666666667,0.0,0.0,0.0,0.0
bull_to_bear,0.14,0.9,10.0,0.0,0,67,67,0.5074626865671642,0.39880952380952384,0.5405405405405406,0.4666666666666667,0.5074626865671642,0.39880952380952384,0.5405405405405406,0.4666666666666667,0.0,0.0,0.0,0.0
bull_to_neutral,0.14,0.9,10.0,-0.05,0,67,67,0.5074626865671642,0.39880952380952384,0.5405405405405406,0.4666666666666667,0.5074626865671642,0.39880952380952384,0.5405405405405406,0.4666666666666667,0.0,0.0,0.0,0.0
bull_to_bear,0.14,0.9,10.0,-0.05,0,67,67,0.5074626865671642,0.39880952380952384,0.5405405405405406,0.4666666666666667,0.5074626865671642,0.39880952380952384,0.5405405405405406,0.4666666666666667,0.0,0.0,0.0,0.0
bull_to_neutral,0.14,0.9,10.0,-0.1,0,67,67,0.5074626865671642,0.39880952380952384,0.5405405405405406,0.4666666666666667,0.5074626865671642,0.39880952380952384,0.5405405405405406,0.4666666666666667,0.0,0.0,0.0,0.0
bull_to_bear,0.14,0.9,10.0,-0.1,0,67,67,0.5074626865671642,0.39880952380952384,0.5405405405405406,0.4666666666666667,0.5074626865671642,0.39880952380952384,0.5405405405405406,0.4666666666666667,0.0,0.0,0.0,0.0
bull_to_neutral,0.14,0.9,15.0,,0,67,67,0.5074626865671642,0.39880952380952384,0.5405405405405406,0.4666666666666667,0.5074626865671642,0.39880952380952384,0.5405405405405406,0.4666666666666667,0.0,0.0,0.0,0.0
bull_to_bear,0.14,0.9,15.0,,0,67,67,0.5074626865671642,0.39880952380952384,0.5405405405405406,0.4666666666666667,0.5074626865671642,0.39880952380952384,0.5405405405405406,0.4666666666666667,0.0,0.0,0.0,0.0
bull_to_neutral,0.14,0.9,15.0,0.0,0,67,67,0.5074626865671642,0.39880952380952384,0.5405405405405406,0.4666666666666667,0.5074626865671642,0.39880952380952384,0.5405405405405406,0.4666666666666667,0.0,0.0,0.0,0.0
bull_to_bear,0.14,0.9,15.0,0.0,0,67,67,0.5074626865671642,0.39880952380952384,0.5405405405405406,0.4666666666666667,0.5074626865671642,0.39880952380952384,0.5405405405405406,0.4666666666666667,0.0,0.0,0.0,0.0
bull_to_neutral,0.14,0.9,15.0,-0.05,0,67,67,0.5074626865671642,0.39880952380952384,0.5405405405405406,0.4666666666666667,0.5074626865671642,0.39880952380952384,0.5405405405405406,0.4666666666666667,0.0,0.0,0.0,0.0
bull_to_bear,0.14,0.9,15.0,-0.05,0,67,67,0.5074626865671642,0.39880952380952384,0.5405405405405406,0.4666666666666667,0.5074626865671642,0.39880952380952384,0.5405405405405406,0.4666666666666667,0.0,0.0,0.0,0.0
bull_to_neutral,0.14,0.9,15.0,-0.1,0,67,67,0.5074626865671642,0.39880952380952384,0.5405405405405406,0.4666666666666667,0.5074626865671642,0.39880952380952384,0.5405405405405406,0.4666666666666667,0.0,0.0,0.0,0.0
bull_to_bear,0.14,0.9,15.0,-0.1,0,67,67,0.5074626865671642,0.39880952380952384,0.5405405405405406,0.4666666666666667,0.5074626865671642,0.39880952380952384,0.5405405405405406,0.4666666666666667,0.0,0.0,0.0,0.0
bull_to_neutral,0.16,1.0,,,14,53,67,0.5074626865671642,0.39880952380952384,0.5405405405405406,0.4666666666666667,0.5283018867924528,0.31547619047619047,0.6086956521739131,0.4666666666666667,0.020839200225288623,-0.08333333333333337,0.06815511163337251,0.0
bull_to_bear,0.16,1.0,,,14,67,67,0.5074626865671642,0.39880952380952384,0.5405405405405406,0.4666666666666667,0.5373134328358209,0.39880952380952384,0.6086956521739131,0.5,0.02985074626865669,0.0,0.06815511163337251,0.033333333333333326
bull_to_neutral,0.16,1.0,,0.0,12,55,67,0.5074626865671642,0.39880952380952384,0.5405405405405406,0.4666666666666667,0.5272727272727272,0.3273809523809524,0.6,0.4666666666666667,0.019810040705563026,-0.07142857142857145,0.05945945945945941,0.0
bull_to_bear,0.16,1.0,,0.0,12,67,67,0.5074626865671642,0.39880952380952384,0.5405405405405406,0.4666666666666667,0.5373134328358209,0.39880952380952384,0.6,0.5,0.02985074626865669,0.0,0.05945945945945941,0.033333333333333326
bull_to_neutral,0.16,1.0,,-0.05,12,55,67,0.5074626865671642,0.39880952380952384,0.5405405405405406,0.4666666666666667,0.5272727272727272,0.3273809523809524,0.6,0.4666666666666667,0.019810040705563026,-0.07142857142857145,0.05945945945945941,0.0
bull_to_bear,0.16,1.0,,-0.05,12,67,67,0.5074626865671642,0.39880952380952384,0.5405405405405406,0.4666666666666667,0.5373134328358209,0.39880952380952384,0.6,0.5,0.02985074626865669,0.0,0.05945945945945941,0.033333333333333326
bull_to_neutral,0.16,1.0,,-0.1,12,55,67,0.5074626865671642,0.39880952380952384,0.5405405405405406,0.4666666666666667,0.5272727272727272,0.3273809523809524,0.6,0.4666666666666667,0.019810040705563026,-0.07142857142857145,0.05945945945945941,0.0
bull_to_bear,0.16,1.0,,-0.1,12,67,67,0.5074626865671642,0.39880952380952384,0.5405405405405406,0.4666666666666667,0.5373134328358209,0.39880952380952384,0.6,0.5,0.02985074626865669,0.0,0.05945945945945941,0.033333333333333326
bull_to_neutral,0.16,1.0,0.0,,9,58,67,0.5074626865671642,0.39880952380952384,0.5405405405405406,0.4666666666666667,0.5517241379310345,0.34523809523809523,0.6428571428571429,0.4666666666666667,0.044261451363870274,-0.0535714285714286,0.10231660231660233,0.0
bull_to_bear,0.16,1.0,0.0,,9,67,67,0.5074626865671642,0.39880952380952384,0.5405405405405406,0.4666666666666667,0.582089552238806,0.39880952380952384,0.6428571428571429,0.5384615384615384,0.07462686567164178,0.0,0.10231660231660233,0.07179487179487176
bull_to_neutral,0.16,1.0,0.0,0.0,9,58,67,0.5074626865671642,0.39880952380952384,0.5405405405405406,0.4666666666666667,0.5517241379310345,0.34523809523809523,0.6428571428571429,0.4666666666666667,0.044261451363870274,-0.0535714285714286,0.10231660231660233,0.0
bull_to_bear,0.16,1.0,0.0,0.0,9,67,67,0.5074626865671642,0.39880952380952384,0.5405405405405406,0.4666666666666667,0.582089552238806,0.39880952380952384,0.6428571428571429,0.5384615384615384,0.07462686567164178,0.0,0.10231660231660233,0.07179487179487176
bull_to_neutral,0.16,1.0,0.0,-0.05,9,58,67,0.5074626865671642,0.39880952380952384,0.5405405405405406,0.4666666666666667,0.5517241379310345,0.34523809523809523,0.6428571428571429,0.4666666666666667,0.044261451363870274,-0.0535714285714286,0.10231660231660233,0.0
bull_to_bear,0.16,1.0,0.0,-0.05,9,67,67,0.5074626865671642,0.39880952380952384,0.5405405405405406,0.4666666666666667,0.582089552238806,0.39880952380952384,0.6428571428571429,0.5384615384615384,0.07462686567164178,0.0,0.10231660231660233,0.07179487179487176
bull_to_neutral,0.16,1.0,0.0,-0.1,9,58,67,0.5074626865671642,0.39880952380952384,0.5405405405405406,0.4666666666666667,0.5517241379310345,0.34523809523809523,0.6428571428571429,0.4666666666666667,0.044261451363870274,-0.0535714285714286,0.10231660231660233,0.0
bull_to_bear,0.16,1.0,0.0,-0.1,9,67,67,0.5074626865671642,0.39880952380952384,0.5405405405405406,0.4666666666666667,0.582089552238806,0.39880952380952384,0.6428571428571429,0.5384615384615384,0.07462686567164178,0.0,0.10231660231660233,0.07179487179487176
bull_to_neutral,0.16,1.0,5.0,,9,58,67,0.5074626865671642,0.39880952380952384,0.5405405405405406,0.4666666666666667,0.5517241379310345,0.34523809523809523,0.6428571428571429,0.4666666666666667,0.044261451363870274,-0.0535714285714286,0.10231660231660233,0.0
bull_to_bear,0.16,1.0,5.0,,9,67,67,0.5074626865671642,0.39880952380952384,0.5405405405405406,0.4666666666666667,0.582089552238806,0.39880952380952384,0.6428571428571429,0.5384615384615384,0.07462686567164178,0.0,0.10231660231660233,0.07179487179487176
bull_to_neutral,0.16,1.0,5.0,0.0,9,58,67,0.5074626865671642,0.39880952380952384,0.5405405405405406,0.4666666666666667,0.5517241379310345,0.34523809523809523,0.6428571428571429,0.4666666666666667,0.044261451363870274,-0.0535714285714286,0.10231660231660233,0.0
bull_to_bear,0.16,1.0,5.0,0.0,9,67,67,0.5074626865671642,0.39880952380952384,0.5405405405405406,0.4666666666666667,0.582089552238806,0.39880952380952384,0.6428571428571429,0.5384615384615384,0.07462686567164178,0.0,0.10231660231660233,0.07179487179487176
bull_to_neutral,0.16,1.0,5.0,-0.05,9,58,67,0.5074626865671642,0.39880952380952384,0.5405405405405406,0.4666666666666667,0.5517241379310345,0.34523809523809523,0.6428571428571429,0.4666666666666667,0.044261451363870274,-0.0535714285714286,0.10231660231660233,0.0
bull_to_bear,0.16,1.0,5.0,-0.05,9,67,67,0.5074626865671642,0.39880952380952384,0.5405405405405406,0.4666666666666667,0.582089552238806,0.39880952380952384,0.6428571428571429,0.5384615384615384,0.07462686567164178,0.0,0.10231660231660233,0.07179487179487176
bull_to_neutral,0.16,1.0,5.0,-0.1,9,58,67,0.5074626865671642,0.39880952380952384,0.5405405405405406,0.4666666666666667,0.5517241379310345,0.34523809523809523,0.6428571428571429,0.4666666666666667,0.044261451363870274,-0.0535714285714286,0.10231660231660233,0.0
bull_to_bear,0.16,1.0,5.0,-0.1,9,67,67,0.5074626865671642,0.39880952380952384,0.5405405405405406,0.4666666666666667,0.582089552238806,0.39880952380952384,0.6428571428571429,0.5384615384615384,0.07462686567164178,0.0,0.10231660231660233,0.07179487179487176
bull_to_neutral,0.16,1.0,10.0,,8,59,67,0.5074626865671642,0.39880952380952384,0.5405405405405406,0.4666666666666667,0.5423728813559322,0.35119047619047616,0.6206896551724138,0.4666666666666667,0.034910194788768,-0.04761904761904767,0.08014911463187324,0.0
bull_to_bear,0.16,1.0,10.0,,8,67,67,0.5074626865671642,0.39880952380952384,0.5405405405405406,0.4666666666666667,0.5671641791044776,0.39880952380952384,0.6206896551724138,0.5263157894736842,0.05970149253731338,0.0,0.08014911463187324,0.05964912280701751
bull_to_neutral,0.16,1.0,10.0,0.0,8,59,67,0.5074626865671642,0.39880952380952384,0.5405405405405406,0.4666666666666667,0.5423728813559322,0.35119047619047616,0.6206896551724138,0.4666666666666667,0.034910194788768,-0.04761904761904767,0.08014911463187324,0.0
bull_to_bear,0.16,1.0,10.0,0.0,8,67,67,0.5074626865671642,0.39880952380952384,0.5405405405405406,0.4666666666666667,0.5671641791044776,0.39880952380952384,0.6206896551724138,0.5263157894736842,0.05970149253731338,0.0,0.08014911463187324,0.05964912280701751
bull_to_neutral,0.16,1.0,10.0,-0.05,8,59,67,0.5074626865671642,0.39880952380952384,0.5405405405405406,0.4666666666666667,0.5423728813559322,0.35119047619047616,0.6206896551724138,0.4666666666666667,0.034910194788768,-0.04761904761904767,0.08014911463187324,0.0
bull_to_bear,0.16,1.0,10.0,-0.05,8,67,67,0.5074626865671642,0.39880952380952384,0.5405405405405406,0.4666666666666667,0.5671641791044776,0.39880952380952384,0.6206896551724138,0.5263157894736842,0.05970149253731338,0.0,0.08014911463187324,0.05964912280701751
bull_to_neutral,0.16,1.0,10.0,-0.1,8,59,67,0.5074626865671642,0.39880952380952384,0.5405405405405406,0.4666666666666667,0.5423728813559322,0.35119047619047616,0.6206896551724138,0.4666666666666667,0.034910194788768,-0.04761904761904767,0.08014911463187324,0.0
bull_to_bear,0.16,1.0,10.0,-0.1,8,67,67,0.5074626865671642,0.39880952380952384,0.5405405405405406,0.4666666666666667,0.5671641791044776,0.39880952380952384,0.6206896551724138,0.5263157894736842,0.05970149253731338,0.0,0.08014911463187324,0.05964912280701751
bull_to_neutral,0.16,1.0,15.0,,7,60,67,0.5074626865671642,0.39880952380952384,0.5405405405405406,0.4666666666666667,0.5333333333333333,0.35714285714285715,0.6,0.4666666666666667,0.025870646766169125,-0.041666666666666685,0.05945945945945941,0.0
bull_to_bear,0.16,1.0,15.0,,7,67,67,0.5074626865671642,0.39880952380952384,0.5405405405405406,0.4666666666666667,0.5522388059701493,0.39880952380952384,0.6,0.5135135135135135,0.04477611940298509,0.0,0.05945945945945941,0.04684684684684681
bull_to_neutral,0.16,1.0,15.0,0.0,7,60,67,0.5074626865671642,0.39880952380952384,0.5405405405405406,0.4666666666666667,0.5333333333333333,0.35714285714285715,0.6,0.4666666666666667,0.025870646766169125,-0.041666666666666685,0.05945945945945941,0.0
bull_to_bear,0.16,1.0,15.0,0.0,7,67,67,0.5074626865671642,0.39880952380952384,0.5405405405405406,0.4666666666666667,0.5522388059701493,0.39880952380952384,0.6,0.5135135135135135,0.04477611940298509,0.0,0.05945945945945941,0.04684684684684681
bull_to_neutral,0.16,1.0,15.0,-0.05,7,60,67,0.5074626865671642,0.39880952380952384,0.5405405405405406,0.4666666666666667,0.5333333333333333,0.35714285714285715,0.6,0.4666666666666667,0.025870646766169125,-0.041666666666666685,0.05945945945945941,0.0
bull_to_bear,0.16,1.0,15.0,-0.05,7,67,67,0.5074626865671642,0.39880952380952384,0.5405405405405406,0.4666666666666667,0.5522388059701493,0.39880952380952384,0.6,0.5135135135135135,0.04477611940298509,0.0,0.05945945945945941,0.04684684684684681
bull_to_neutral,0.16,1.0,15.0,-0.1,7,60,67,0.5074626865671642,0.39880952380952384,0.5405405405405406,0.4666666666666667,0.5333333333333333,0.35714285714285715,0.6,0.4666666666666667,0.025870646766169125,-0.041666666666666685,0.05945945945945941,0.0
bull_to_bear,0.16,1.0,15.0,-0.1,7,67,67,0.5074626865671642,0.39880952380952384,0.5405405405405406,0.4666666666666667,0.5522388059701493,0.39880952380952384,0.6,0.5135135135135135,0.04477611940298509,0.0,0.05945945945945941,0.04684684684684681
bull_to_neutral,0.16,0.99,,,0,67,67,0.5074626865671642,0.39880952380952384,0.5405405405405406,0.4666666666666667,0.5074626865671642,0.39880952380952384,0.5405405405405406,0.4666666666666667,0.0,0.0,0.0,0.0
bull_to_bear,0.16,0.99,,,0,67,67,0.5074626865671642,0.39880952380952384,0.5405405405405406,0.4666666666666667,0.5074626865671642,0.39880952380952384,0.5405405405405406,0.4666666666666667,0.0,0.0,0.0,0.0
bull_to_neutral,0.16,0.99,,0.0,0,67,67,0.5074626865671642,0.39880952380952384,0.5405405405405406,0.4666666666666667,0.5074626865671642,0.39880952380952384,0.5405405405405406,0.4666666666666667,0.0,0.0,0.0,0.0
bull_to_bear,0.16,0.99,,0.0,0,67,67,0.5074626865671642,0.39880952380952384,0.5405405405405406,0.4666666666666667,0.5074626865671642,0.39880952380952384,0.5405405405405406,0.4666666666666667,0.0,0.0,0.0,0.0
bull_to_neutral,0.16,0.99,,-0.05,0,67,67,0.5074626865671642,0.39880952380952384,0.5405405405405406,0.4666666666666667,0.5074626865671642,0.39880952380952384,0.5405405405405406,0.4666666666666667,0.0,0.0,0.0,0.0
bull_to_bear,0.16,0.99,,-0.05,0,67,67,0.5074626865671642,0.39880952380952384,0.5405405405405406,0.4666666666666667,0.5074626865671642,0.39880952380952384,0.5405405405405406,0.4666666666666667,0.0,0.0,0.0,0.0
bull_to_neutral,0.16,0.99,,-0.1,0,67,67,0.5074626865671642,0.39880952380952384,0.5405405405405406,0.4666666666666667,0.5074626865671642,0.39880952380952384,0.5405405405405406,0.4666666666666667,0.0,0.0,0.0,0.0
bull_to_bear,0.16,0.99,,-0.1,0,67,67,0.5074626865671642,0.39880952380952384,0.5405405405405406,0.4666666666666667,0.5074626865671642,0.39880952380952384,0.5405405405405406,0.4666666666666667,0.0,0.0,0.0,0.0
bull_to_neutral,0.16,0.99,0.0,,0,67,67,0.5074626865671642,0.39880952380952384,0.5405405405405406,0.4666666666666667,0.5074626865671642,0.39880952380952384,0.5405405405405406,0.4666666666666667,0.0,0.0,0.0,0.0
bull_to_bear,0.16,0.99,0.0,,0,67,67,0.5074626865671642,0.39880952380952384,0.5405405405405406,0.4666666666666667,0.5074626865671642,0.39880952380952384,0.5405405405405406,0.4666666666666667,0.0,0.0,0.0,0.0
bull_to_neutral,0.16,0.99,0.0,0.0,0,67,67,0.5074626865671642,0.39880952380952384,0.5405405405405406,0.4666666666666667,0.5074626865671642,0.39880952380952384,0.5405405405405406,0.4666666666666667,0.0,0.0,0.0,0.0
bull_to_bear,0.16,0.99,0.0,0.0,0,67,67,0.5074626865671642,0.39880952380952384,0.5405405405405406,0.4666666666666667,0.5074626865671642,0.39880952380952384,0.5405405405405406,0.4666666666666667,0.0,0.0,0.0,0.0
bull_to_neutral,0.16,0.99,0.0,-0.05,0,67,67,0.5074626865671642,0.39880952380952384,0.5405405405405406,0.4666666666666667,0.5074626865671642,0.39880952380952384,0.5405405405405406,0.4666666666666667,0.0,0.0,0.0,0.0
bull_to_bear,0.16,0.99,0.0,-0.05,0,67,67,0.5074626865671642,0.39880952380952384,0.5405405405405406,0.4666666666666667,0.5074626865671642,0.39880952380952384,0.5405405405405406,0.4666666666666667,0.0,0.0,0.0,0.0
bull_to_neutral,0.16,0.99,0.0,-0.1,0,67,67,0.5074626865671642,0.39880952380952384,0.5405405405405406,0.4666666666666667,0.5074626865671642,0.39880952380952384,0.5405405405405406,0.4666666666666667,0.0,0.0,0.0,0.0
bull_to_bear,0.16,0.99,0.0,-0.1,0,67,67,0.5074626865671642,0.39880952380952384,0.5405405405405406,0.4666666666666667,0.5074626865671642,0.39880952380952384,0.5405405405405406,0.4666666666666667,0.0,0.0,0.0,0.0
bull_to_neutral,0.16,0.99,5.0,,0,67,67,0.5074626865671642,0.39880952380952384,0.5405405405405406,0.4666666666666667,0.5074626865671642,0.39880952380952384,0.5405405405405406,0.4666666666666667,0.0,0.0,0.0,0.0
bull_to_bear,0.16,0.99,5.0,,0,67,67,0.5074626865671642,0.39880952380952384,0.5405405405405406,0.4666666666666667,0.5074626865671642,0.39880952380952384,0.5405405405405406,0.4666666666666667,0.0,0.0,0.0,0.0
bull_to_neutral,0.16,0.99,5.0,0.0,0,67,67,0.5074626865671642,0.39880952380952384,0.5405405405405406,0.4666666666666667,0.5074626865671642,0.39880952380952384,0.5405405405405406,0.4666666666666667,0.0,0.0,0.0,0.0
bull_to_bear,0.16,0.99,5.0,0.0,0,67,67,0.5074626865671642,0.39880952380952384,0.5405405405405406,0.4666666666666667,0.5074626865671642,0.39880952380952384,0.5405405405405406,0.4666666666666667,0.0,0.0,0.0,0.0
bull_to_neutral,0.16,0.99,5.0,-0.05,0,67,67,0.5074626865671642,0.39880952380952384,0.5405405405405406,0.4666666666666667,0.5074626865671642,0.39880952380952384,0.5405405405405406,0.4666666666666667,0.0,0.0,0.0,0.0
bull_to_bear,0.16,0.99,5.0,-0.05,0,67,67,0.5074626865671642,0.39880952380952384,0.5405405405405406,0.4666666666666667,0.5074626865671642,0.39880952380952384,0.5405405405405406,0.4666666666666667,0.0,0.0,0.0,0.0
bull_to_neutral,0.16,0.99,5.0,-0.1,0,67,67,0.5074626865671642,0.39880952380952384,0.5405405405405406,0.4666666666666667,0.5074626865671642,0.39880952380952384,0.5405405405405406,0.4666666666666667,0.0,0.0,0.0,0.0
bull_to_bear,0.16,0.99,5.0,-0.1,0,67,67,0.5074626865671642,0.39880952380952384,0.5405405405405406,0.4666666666666667,0.5074626865671642,0.39880952380952384,0.5405405405405406,0.4666666666666667,0.0,0.0,0.0,0.0
bull_to_neutral,0.16,0.99,10.0,,0,67,67,0.5074626865671642,0.39880952380952384,0.5405405405405406,0.4666666666666667,0.5074626865671642,0.39880952380952384,0.5405405405405406,0.4666666666666667,0.0,0.0,0.0,0.0
bull_to_bear,0.16,0.99,10.0,,0,67,67,0.5074626865671642,0.39880952380952384,0.5405405405405406,0.4666666666666667,0.5074626865671642,0.39880952380952384,0.5405405405405406,0.4666666666666667,0.0,0.0,0.0,0.0
bull_to_neutral,0.16,0.99,10.0,0.0,0,67,67,0.5074626865671642,0.39880952380952384,0.5405405405405406,0.4666666666666667,0.5074626865671642,0.39880952380952384,0.5405405405405406,0.4666666666666667,0.0,0.0,0.0,0.0
bull_to_bear,0.16,0.99,10.0,0.0,0,67,67,0.5074626865671642,0.39880952380952384,0.5405405405405406,0.4666666666666667,0.5074626865671642,0.39880952380952384,0.5405405405405406,0.4666666666666667,0.0,0.0,0.0,0.0
bull_to_neutral,0.16,0.99,10.0,-0.05,0,67,67,0.5074626865671642,0.39880952380952384,0.5405405405405406,0.4666666666666667,0.5074626865671642,0.39880952380952384,0.5405405405405406,0.4666666666666667,0.0,0.0,0.0,0.0
bull_to_bear,0.16,0.99,10.0,-0.05,0,67,67,0.5074626865671642,0.39880952380952384,0.5405405405405406,0.4666666666666667,0.5074626865671642,0.39880952380952384,0.5405405405405406,0.4666666666666667,0.0,0.0,0.0,0.0
bull_to_neutral,0.16,0.99,10.0,-0.1,0,67,67,0.5074626865671642,0.39880952380952384,0.5405405405405406,0.4666666666666667,0.5074626865671642,0.39880952380952384,0.5405405405405406,0.4666666666666667,0.0,0.0,0.0,0.0
bull_to_bear,0.16,0.99,10.0,-0.1,0,67,67,0.5074626865671642,0.39880952380952384,0.5405405405405406,0.4666666666666667,0.5074626865671642,0.39880952380952384,0.5405405405405406,0.4666666666666667,0.0,0.0,0.0,0.0
bull_to_neutral,0.16,0.99,15.0,,0,67,67,0.5074626865671642,0.39880952380952384,0.5405405405405406,0.4666666666666667,0.5074626865671642,0.39880952380952384,0.5405405405405406,0.4666666666666667,0.0,0.0,0.0,0.0
bull_to_bear,0.16,0.99,15.0,,0,67,67,0.5074626865671642,0.39880952380952384,0.5405405405405406,0.4666666666666667,0.5074626865671642,0.39880952380952384,0.5405405405405406,0.4666666666666667,0.0,0.0,0.0,0.0
bull_to_neutral,0.16,0.99,15.0,0.0,0,67,67,0.5074626865671642,0.39880952380952384,0.5405405405405406,0.4666666666666667,0.5074626865671642,0.39880952380952384,0.5405405405405406,0.4666666666666667,0.0,0.0,0.0,0.0
bull_to_bear,0.16,0.99,15.0,0.0,0,67,67,0.5074626865671642,0.39880952380952384,0.5405405405405406,0.4666666666666667,0.5074626865671642,0.39880952380952384,0.5405405405405406,0.4666666666666667,0.0,0.0,0.0,0.0
bull_to_neutral,0.16,0.99,15.0,-0.05,0,67,67,0.5074626865671642,0.39880952380952384,0.5405405405405406,0.4666666666666667,0.5074626865671642,0.39880952380952384,0.5405405405405406,0.4666666666666667,0.0,0.0,0.0,0.0
bull_to_bear,0.16,0.99,15.0,-0.05,0,67,67,0.5074626865671642,0.39880952380952384,0.5405405405405406,0.4666666666666667,0.5074626865671642,0.39880952380952384,0.5405405405405406,0.4666666666666667,0.0,0.0,0.0,0.0
bull_to_neutral,0.16,0.99,15.0,-0.1,0,67,67,0.5074626865671642,0.39880952380952384,0.5405405405405406,0.4666666666666667,0.5074626865671642,0.39880952380952384,0.5405405405405406,0.4666666666666667,0.0,0.0,0.0,0.0
bull_to_bear,0.16,0.99,15.0,-0.1,0,67,67,0.5074626865671642,0.39880952380952384,0.5405405405405406,0.4666666666666667,0.5074626865671642,0.39880952380952384,0.5405405405405406,0.4666666666666667,0.0,0.0,0.0,0.0
bull_to_neutral,0.16,0.98,,,0,67,67,0.5074626865671642,0.39880952380952384,0.5405405405405406,0.4666666666666667,0.5074626865671642,0.39880952380952384,0.5405405405405406,0.4666666666666667,0.0,0.0,0.0,0.0
bull_to_bear,0.16,0.98,,,0,67,67,0.5074626865671642,0.39880952380952384,0.5405405405405406,0.4666666666666667,0.5074626865671642,0.39880952380952384,0.5405405405405406,0.4666666666666667,0.0,0.0,0.0,0.0
bull_to_neutral,0.16,0.98,,0.0,0,67,67,0.5074626865671642,0.39880952380952384,0.5405405405405406,0.4666666666666667,0.5074626865671642,0.39880952380952384,0.5405405405405406,0.4666666666666667,0.0,0.0,0.0,0.0
bull_to_bear,0.16,0.98,,0.0,0,67,67,0.5074626865671642,0.39880952380952384,0.5405405405405406,0.4666666666666667,0.5074626865671642,0.39880952380952384,0.5405405405405406,0.4666666666666667,0.0,0.0,0.0,0.0
bull_to_neutral,0.16,0.98,,-0.05,0,67,67,0.5074626865671642,0.39880952380952384,0.5405405405405406,0.4666666666666667,0.5074626865671642,0.39880952380952384,0.5405405405405406,0.4666666666666667,0.0,0.0,0.0,0.0
bull_to_bear,0.16,0.98,,-0.05,0,67,67,0.5074626865671642,0.39880952380952384,0.5405405405405406,0.4666666666666667,0.5074626865671642,0.39880952380952384,0.5405405405405406,0.4666666666666667,0.0,0.0,0.0,0.0
bull_to_neutral,0.16,0.98,,-0.1,0,67,67,0.5074626865671642,0.39880952380952384,0.5405405405405406,0.4666666666666667,0.5074626865671642,0.39880952380952384,0.5405405405405406,0.4666666666666667,0.0,0.0,0.0,0.0
bull_to_bear,0.16,0.98,,-0.1,0,67,67,0.5074626865671642,0.39880952380952384,0.5405405405405406,0.4666666666666667,0.5074626865671642,0.39880952380952384,0.5405405405405406,0.4666666666666667,0.0,0.0,0.0,0.0
bull_to_neutral,0.16,0.98,0.0,,0,67,67,0.5074626865671642,0.39880952380952384,0.5405405405405406,0.4666666666666667,0.5074626865671642,0.39880952380952384,0.5405405405405406,0.4666666666666667,0.0,0.0,0.0,0.0
bull_to_bear,0.16,0.98,0.0,,0,67,67,0.5074626865671642,0.39880952380952384,0.5405405405405406,0.4666666666666667,0.5074626865671642,0.39880952380952384,0.5405405405405406,0.4666666666666667,0.0,0.0,0.0,0.0
bull_to_neutral,0.16,0.98,0.0,0.0,0,67,67,0.5074626865671642,0.39880952380952384,0.5405405405405406,0.4666666666666667,0.5074626865671642,0.39880952380952384,0.5405405405405406,0.4666666666666667,0.0,0.0,0.0,0.0
bull_to_bear,0.16,0.98,0.0,0.0,0,67,67,0.5074626865671642,0.39880952380952384,0.5405405405405406,0.4666666666666667,0.5074626865671642,0.39880952380952384,0.5405405405405406,0.4666666666666667,0.0,0.0,0.0,0.0
bull_to_neutral,0.16,0.98,0.0,-0.05,0,67,67,0.5074626865671642,0.39880952380952384,0.5405405405405406,0.4666666666666667,0.5074626865671642,0.39880952380952384,0.5405405405405406,0.4666666666666667,0.0,0.0,0.0,0.0
bull_to_bear,0.16,0.98,0.0,-0.05,0,67,67,0.5074626865671642,0.39880952380952384,0.5405405405405406,0.4666666666666667,0.5074626865671642,0.39880952380952384,0.5405405405405406,0.4666666666666667,0.0,0.0,0.0,0.0
bull_to_neutral,0.16,0.98,0.0,-0.1,0,67,67,0.5074626865671642,0.39880952380952384,0.5405405405405406,0.4666666666666667,0.5074626865671642,0.39880952380952384,0.5405405405405406,0.4666666666666667,0.0,0.0,0.0,0.0
bull_to_bear,0.16,0.98,0.0,-0.1,0,67,67,0.5074626865671642,0.39880952380952384,0.5405405405405406,0.4666666666666667,0.5074626865671642,0.39880952380952384,0.5405405405405406,0.4666666666666667,0.0,0.0,0.0,0.0
bull_to_neutral,0.16,0.98,5.0,,0,67,67,0.5074626865671642,0.39880952380952384,0.5405405405405406,0.4666666666666667,0.5074626865671642,0.39880952380952384,0.5405405405405406,0.4666666666666667,0.0,0.0,0.0,0.0
bull_to_bear,0.16,0.98,5.0,,0,67,67,0.5074626865671642,0.39880952380952384,0.5405405405405406,0.4666666666666667,0.5074626865671642,0.39880952380952384,0.5405405405405406,0.4666666666666667,0.0,0.0,0.0,0.0
bull_to_neutral,0.16,0.98,5.0,0.0,0,67,67,0.5074626865671642,0.39880952380952384,0.5405405405405406,0.4666666666666667,0.5074626865671642,0.39880952380952384,0.5405405405405406,0.4666666666666667,0.0,0.0,0.0,0.0
bull_to_bear,0.16,0.98,5.0,0.0,0,67,67,0.5074626865671642,0.39880952380952384,0.5405405405405406,0.4666666666666667,0.5074626865671642,0.39880952380952384,0.5405405405405406,0.4666666666666667,0.0,0.0,0.0,0.0
bull_to_neutral,0.16,0.98,5.0,-0.05,0,67,67,0.5074626865671642,0.39880952380952384,0.5405405405405406,0.4666666666666667,0.5074626865671642,0.39880952380952384,0.5405405405405406,0.4666666666666667,0.0,0.0,0.0,0.0
bull_to_bear,0.16,0.98,5.0,-0.05,0,67,67,0.5074626865671642,0.39880952380952384,0.5405405405405406,0.4666666666666667,0.5074626865671642,0.39880952380952384,0.5405405405405406,0.4666666666666667,0.0,0.0,0.0,0.0
bull_to_neutral,0.16,0.98,5.0,-0.1,0,67,67,0.5074626865671642,0.39880952380952384,0.5405405405405406,0.4666666666666667,0.5074626865671642,0.39880952380952384,0.5405405405405406,0.4666666666666667,0.0,0.0,0.0,0.0
bull_to_bear,0.16,0.98,5.0,-0.1,0,67,67,0.5074626865671642,0.39880952380952384,0.5405405405405406,0.4666666666666667,0.5074626865671642,0.39880952380952384,0.5405405405405406,0.4666666666666667,0.0,0.0,0.0,0.0
bull_to_neutral,0.16,0.98,10.0,,0,67,67,0.5074626865671642,0.39880952380952384,0.5405405405405406,0.4666666666666667,0.5074626865671642,0.39880952380952384,0.5405405405405406,0.4666666666666667,0.0,0.0,0.0,0.0
bull_to_bear,0.16,0.98,10.0,,0,67,67,0.5074626865671642,0.39880952380952384,0.5405405405405406,0.4666666666666667,0.5074626865671642,0.39880952380952384,0.5405405405405406,0.4666666666666667,0.0,0.0,0.0,0.0
bull_to_neutral,0.16,0.98,10.0,0.0,0,67,67,0.5074626865671642,0.39880952380952384,0.5405405405405406,0.4666666666666667,0.5074626865671642,0.39880952380952384,0.5405405405405406,0.4666666666666667,0.0,0.0,0.0,0.0
bull_to_bear,0.16,0.98,10.0,0.0,0,67,67,0.5074626865671642,0.39880952380952384,0.5405405405405406,0.4666666666666667,0.5074626865671642,0.39880952380952384,0.5405405405405406,0.4666666666666667,0.0,0.0,0.0,0.0
bull_to_neutral,0.16,0.98,10.0,-0.05,0,67,67,0.5074626865671642,0.39880952380952384,0.5405405405405406,0.4666666666666667,0.5074626865671642,0.39880952380952384,0.5405405405405406,0.4666666666666667,0.0,0.0,0.0,0.0
bull_to_bear,0.16,0.98,10.0,-0.05,0,67,67,0.5074626865671642,0.39880952380952384,0.5405405405405406,0.4666666666666667,0.5074626865671642,0.39880952380952384,0.5405405405405406,0.4666666666666667,0.0,0.0,0.0,0.0
bull_to_neutral,0.16,0.98,10.0,-0.1,0,67,67,0.5074626865671642,0.39880952380952384,0.5405405405405406,0.4666666666666667,0.5074626865671642,0.39880952380952384,0.5405405405405406,0.4666666666666667,0.0,0.0,0.0,0.0
bull_to_bear,0.16,0.98,10.0,-0.1,0,67,67,0.5074626865671642,0.39880952380952384,0.5405405405405406,0.4666666666666667,0.5074626865671642,0.39880952380952384,0.5405405405405406,0.4666666666666667,0.0,0.0,0.0,0.0
bull_to_neutral,0.16,0.98,15.0,,0,67,67,0.5074626865671642,0.39880952380952384,0.5405405405405406,0.4666666666666667,0.5074626865671642,0.39880952380952384,0.5405405405405406,0.4666666666666667,0.0,0.0,0.0,0.0
bull_to_bear,0.16,0.98,15.0,,0,67,67,0.5074626865671642,0.39880952380952384,0.5405405405405406,0.4666666666666667,0.5074626865671642,0.39880952380952384,0.5405405405405406,0.4666666666666667,0.0,0.0,0.0,0.0
bull_to_neutral,0.16,0.98,15.0,0.0,0,67,67,0.5074626865671642,0.39880952380952384,0.5405405405405406,0.4666666666666667,0.5074626865671642,0.39880952380952384,0.5405405405405406,0.4666666666666667,0.0,0.0,0.0,0.0
bull_to_bear,0.16,0.98,15.0,0.0,0,67,67,0.5074626865671642,0.39880952380952384,0.5405405405405406,0.4666666666666667,0.5074626865671642,0.39880952380952384,0.5405405405405406,0.4666666666666667,0.0,0.0,0.0,0.0
bull_to_neutral,0.16,0.98,15.0,-0.05,0,67,67,0.5074626865671642,0.39880952380952384,0.5405405405405406,0.4666666666666667,0.5074626865671642,0.39880952380952384,0.5405405405405406,0.4666666666666667,0.0,0.0,0.0,0.0
bull_to_bear,0.16,0.98,15.0,-0.05,0,67,67,0.5074626865671642,0.39880952380952384,0.5405405405405406,0.4666666666666667,0.5074626865671642,0.39880952380952384,0.5405405405405406,0.4666666666666667,0.0,0.0,0.0,0.0
bull_to_neutral,0.16,0.98,15.0,-0.1,0,67,67,0.5074626865671642,0.39880952380952384,0.5405405405405406,0.4666666666666667,0.5074626865671642,0.39880952380952384,0.5405405405405406,0.4666666666666667,0.0,0.0,0.0,0.0
bull_to_bear,0.16,0.98,15.0,-0.1,0,67,67,0.5074626865671642,0.39880952380952384,0.5405405405405406,0.4666666666666667,0.5074626865671642,0.39880952380952384,0.5405405405405406,0.4666666666666667,0.0,0.0,0.0,0.0
bull_to_neutral,0.16,0.97,,,0,67,67,0.5074626865671642,0.39880952380952384,0.5405405405405406,0.4666666666666667,0.5074626865671642,0.39880952380952384,0.5405405405405406,0.4666666666666667,0.0,0.0,0.0,0.0
bull_to_bear,0.16,0.97,,,0,67,67,0.5074626865671642,0.39880952380952384,0.5405405405405406,0.4666666666666667,0.5074626865671642,0.39880952380952384,0.5405405405405406,0.4666666666666667,0.0,0.0,0.0,0.0
bull_to_neutral,0.16,0.97,,0.0,0,67,67,0.5074626865671642,0.39880952380952384,0.5405405405405406,0.4666666666666667,0.5074626865671642,0.39880952380952384,0.5405405405405406,0.4666666666666667,0.0,0.0,0.0,0.0
bull_to_bear,0.16,0.97,,0.0,0,67,67,0.5074626865671642,0.39880952380952384,0.5405405405405406,0.4666666666666667,0.5074626865671642,0.39880952380952384,0.5405405405405406,0.4666666666666667,0.0,0.0,0.0,0.0
bull_to_neutral,0.16,0.97,,-0.05,0,67,67,0.5074626865671642,0.39880952380952384,0.5405405405405406,0.4666666666666667,0.5074626865671642,0.39880952380952384,0.5405405405405406,0.4666666666666667,0.0,0.0,0.0,0.0
bull_to_bear,0.16,0.97,,-0.05,0,67,67,0.5074626865671642,0.39880952380952384,0.5405405405405406,0.4666666666666667,0.5074626865671642,0.39880952380952384,0.5405405405405406,0.4666666666666667,0.0,0.0,0.0,0.0
bull_to_neutral,0.16,0.97,,-0.1,0,67,67,0.5074626865671642,0.39880952380952384,0.5405405405405406,0.4666666666666667,0.5074626865671642,0.39880952380952384,0.5405405405405406,0.4666666666666667,0.0,0.0,0.0,0.0
bull_to_bear,0.16,0.97,,-0.1,0,67,67,0.5074626865671642,0.39880952380952384,0.5405405405405406,0.4666666666666667,0.5074626865671642,0.39880952380952384,0.5405405405405406,0.4666666666666667,0.0,0.0,0.0,0.0
bull_to_neutral,0.16,0.97,0.0,,0,67,67,0.5074626865671642,0.39880952380952384,0.5405405405405406,0.4666666666666667,0.5074626865671642,0.39880952380952384,0.5405405405405406,0.4666666666666667,0.0,0.0,0.0,0.0
bull_to_bear,0.16,0.97,0.0,,0,67,67,0.5074626865671642,0.39880952380952384,0.5405405405405406,0.4666666666666667,0.5074626865671642,0.39880952380952384,0.5405405405405406,0.4666666666666667,0.0,0.0,0.0,0.0
bull_to_neutral,0.16,0.97,0.0,0.0,0,67,67,0.5074626865671642,0.39880952380952384,0.5405405405405406,0.4666666666666667,0.5074626865671642,0.39880952380952384,0.5405405405405406,0.4666666666666667,0.0,0.0,0.0,0.0
bull_to_bear,0.16,0.97,0.0,0.0,0,67,67,0.5074626865671642,0.39880952380952384,0.5405405405405406,0.4666666666666667,0.5074626865671642,0.39880952380952384,0.5405405405405406,0.4666666666666667,0.0,0.0,0.0,0.0
bull_to_neutral,0.16,0.97,0.0,-0.05,0,67,67,0.5074626865671642,0.39880952380952384,0.5405405405405406,0.4666666666666667,0.5074626865671642,0.39880952380952384,0.5405405405405406,0.4666666666666667,0.0,0.0,0.0,0.0
bull_to_bear,0.16,0.97,0.0,-0.05,0,67,67,0.5074626865671642,0.39880952380952384,0.5405405405405406,0.4666666666666667,0.5074626865671642,0.39880952380952384,0.5405405405405406,0.4666666666666667,0.0,0.0,0.0,0.0
bull_to_neutral,0.16,0.97,0.0,-0.1,0,67,67,0.5074626865671642,0.39880952380952384,0.5405405405405406,0.4666666666666667,0.5074626865671642,0.39880952380952384,0.5405405405405406,0.4666666666666667,0.0,0.0,0.0,0.0
bull_to_bear,0.16,0.97,0.0,-0.1,0,67,67,0.5074626865671642,0.39880952380952384,0.5405405405405406,0.4666666666666667,0.5074626865671642,0.39880952380952384,0.5405405405405406,0.4666666666666667,0.0,0.0,0.0,0.0
bull_to_neutral,0.16,0.97,5.0,,0,67,67,0.5074626865671642,0.39880952380952384,0.5405405405405406,0.4666666666666667,0.5074626865671642,0.39880952380952384,0.5405405405405406,0.4666666666666667,0.0,0.0,0.0,0.0
bull_to_bear,0.16,0.97,5.0,,0,67,67,0.5074626865671642,0.39880952380952384,0.5405405405405406,0.4666666666666667,0.5074626865671642,0.39880952380952384,0.5405405405405406,0.4666666666666667,0.0,0.0,0.0,0.0
bull_to_neutral,0.16,0.97,5.0,0.0,0,67,67,0.5074626865671642,0.39880952380952384,0.5405405405405406,0.4666666666666667,0.5074626865671642,0.39880952380952384,0.5405405405405406,0.4666666666666667,0.0,0.0,0.0,0.0
bull_to_bear,0.16,0.97,5.0,0.0,0,67,67,0.5074626865671642,0.39880952380952384,0.5405405405405406,0.4666666666666667,0.5074626865671642,0.39880952380952384,0.5405405405405406,0.4666666666666667,0.0,0.0,0.0,0.0
bull_to_neutral,0.16,0.97,5.0,-0.05,0,67,67,0.5074626865671642,0.39880952380952384,0.5405405405405406,0.4666666666666667,0.5074626865671642,0.39880952380952384,0.5405405405405406,0.4666666666666667,0.0,0.0,0.0,0.0
bull_to_bear,0.16,0.97,5.0,-0.05,0,67,67,0.5074626865671642,0.39880952380952384,0.5405405405405406,0.4666666666666667,0.5074626865671642,0.39880952380952384,0.5405405405405406,0.4666666666666667,0.0,0.0,0.0,0.0
bull_to_neutral,0.16,0.97,5.0,-0.1,0,67,67,0.5074626865671642,0.39880952380952384,0.5405405405405406,0.4666666666666667,0.5074626865671642,0.39880952380952384,0.5405405405405406,0.4666666666666667,0.0,0.0,0.0,0.0
bull_to_bear,0.16,0.97,5.0,-0.1,0,67,67,0.5074626865671642,0.39880952380952384,0.5405405405405406,0.4666666666666667,0.5074626865671642,0.39880952380952384,0.5405405405405406,0.4666666666666667,0.0,0.0,0.0,0.0
bull_to_neutral,0.16,0.97,10.0,,0,67,67,0.5074626865671642,0.39880952380952384,0.5405405405405406,0.4666666666666667,0.5074626865671642,0.39880952380952384,0.5405405405405406,0.4666666666666667,0.0,0.0,0.0,0.0
bull_to_bear,0.16,0.97,10.0,,0,67,67,0.5074626865671642,0.39880952380952384,0.5405405405405406,0.4666666666666667,0.5074626865671642,0.39880952380952384,0.5405405405405406,0.4666666666666667,0.0,0.0,0.0,0.0
bull_to_neutral,0.16,0.97,10.0,0.0,0,67,67,0.5074626865671642,0.39880952380952384,0.5405405405405406,0.4666666666666667,0.5074626865671642,0.39880952380952384,0.5405405405405406,0.4666666666666667,0.0,0.0,0.0,0.0
bull_to_bear,0.16,0.97,10.0,0.0,0,67,67,0.5074626865671642,0.39880952380952384,0.5405405405405406,0.4666666666666667,0.5074626865671642,0.39880952380952384,0.5405405405405406,0.4666666666666667,0.0,0.0,0.0,0.0
bull_to_neutral,0.16,0.97,10.0,-0.05,0,67,67,0.5074626865671642,0.39880952380952384,0.5405405405405406,0.4666666666666667,0.5074626865671642,0.39880952380952384,0.5405405405405406,0.4666666666666667,0.0,0.0,0.0,0.0
bull_to_bear,0.16,0.97,10.0,-0.05,0,67,67,0.5074626865671642,0.39880952380952384,0.5405405405405406,0.4666666666666667,0.5074626865671642,0.39880952380952384,0.5405405405405406,0.4666666666666667,0.0,0.0,0.0,0.0
bull_to_neutral,0.16,0.97,10.0,-0.1,0,67,67,0.5074626865671642,0.39880952380952384,0.5405405405405406,0.4666666666666667,0.5074626865671642,0.39880952380952384,0.5405405405405406,0.4666666666666667,0.0,0.0,0.0,0.0
bull_to_bear,0.16,0.97,10.0,-0.1,0,67,67,0.5074626865671642,0.39880952380952384,0.5405405405405406,0.4666666666666667,0.5074626865671642,0.39880952380952384,0.5405405405405406,0.4666666666666667,0.0,0.0,0.0,0.0
bull_to_neutral,0.16,0.97,15.0,,0,67,67,0.5074626865671642,0.39880952380952384,0.5405405405405406,0.4666666666666667,0.5074626865671642,0.39880952380952384,0.5405405405405406,0.4666666666666667,0.0,0.0,0.0,0.0
bull_to_bear,0.16,0.97,15.0,,0,67,67,0.5074626865671642,0.39880952380952384,0.5405405405405406,0.4666666666666667,0.5074626865671642,0.39880952380952384,0.5405405405405406,0.4666666666666667,0.0,0.0,0.0,0.0
bull_to_neutral,0.16,0.97,15.0,0.0,0,67,67,0.5074626865671642,0.39880952380952384,0.5405405405405406,0.4666666666666667,0.5074626865671642,0.39880952380952384,0.5405405405405406,0.4666666666666667,0.0,0.0,0.0,0.0
bull_to_bear,0.16,0.97,15.0,0.0,0,67,67,0.5074626865671642,0.39880952380952384,0.5405405405405406,0.4666666666666667,0.5074626865671642,0.39880952380952384,0.5405405405405406,0.4666666666666667,0.0,0.0,0.0,0.0
bull_to_neutral,0.16,0.97,15.0,-0.05,0,67,67,0.5074626865671642,0.39880952380952384,0.5405405405405406,0.4666666666666667,0.5074626865671642,0.39880952380952384,0.5405405405405406,0.4666666666666667,0.0,0.0,0.0,0.0
bull_to_bear,0.16,0.97,15.0,-0.05,0,67,67,0.5074626865671642,0.39880952380952384,0.5405405405405406,0.4666666666666667,0.5074626865671642,0.39880952380952384,0.5405405405405406,0.4666666666666667,0.0,0.0,0.0,0.0
bull_to_neutral,0.16,0.97,15.0,-0.1,0,67,67,0.5074626865671642,0.39880952380952384,0.5405405405405406,0.4666666666666667,0.5074626865671642,0.39880952380952384,0.5405405405405406,0.4666666666666667,0.0,0.0,0.0,0.0
bull_to_bear,0.16,0.97,15.0,-0.1,0,67,67,0.5074626865671642,0.39880952380952384,0.5405405405405406,0.4666666666666667,0.5074626865671642,0.39880952380952384,0.5405405405405406,0.4666666666666667,0.0,0.0,0.0,0.0
bull_to_neutral,0.16,0.95,,,0,67,67,0.5074626865671642,0.39880952380952384,0.5405405405405406,0.4666666666666667,0.5074626865671642,0.39880952380952384,0.5405405405405406,0.4666666666666667,0.0,0.0,0.0,0.0
bull_to_bear,0.16,0.95,,,0,67,67,0.5074626865671642,0.39880952380952384,0.5405405405405406,0.4666666666666667,0.5074626865671642,0.39880952380952384,0.5405405405405406,0.4666666666666667,0.0,0.0,0.0,0.0
bull_to_neutral,0.16,0.95,,0.0,0,67,67,0.5074626865671642,0.39880952380952384,0.5405405405405406,0.4666666666666667,0.5074626865671642,0.39880952380952384,0.5405405405405406,0.4666666666666667,0.0,0.0,0.0,0.0
bull_to_bear,0.16,0.95,,0.0,0,67,67,0.5074626865671642,0.39880952380952384,0.5405405405405406,0.4666666666666667,0.5074626865671642,0.39880952380952384,0.5405405405405406,0.4666666666666667,0.0,0.0,0.0,0.0
bull_to_neutral,0.16,0.95,,-0.05,0,67,67,0.5074626865671642,0.39880952380952384,0.5405405405405406,0.4666666666666667,0.5074626865671642,0.39880952380952384,0.5405405405405406,0.4666666666666667,0.0,0.0,0.0,0.0
bull_to_bear,0.16,0.95,,-0.05,0,67,67,0.5074626865671642,0.39880952380952384,0.5405405405405406,0.4666666666666667,0.5074626865671642,0.39880952380952384,0.5405405405405406,0.4666666666666667,0.0,0.0,0.0,0.0
bull_to_neutral,0.16,0.95,,-0.1,0,67,67,0.5074626865671642,0.39880952380952384,0.5405405405405406,0.4666666666666667,0.5074626865671642,0.39880952380952384,0.5405405405405406,0.4666666666666667,0.0,0.0,0.0,0.0
bull_to_bear,0.16,0.95,,-0.1,0,67,67,0.5074626865671642,0.39880952380952384,0.5405405405405406,0.4666666666666667,0.5074626865671642,0.39880952380952384,0.5405405405405406,0.4666666666666667,0.0,0.0,0.0,0.0
bull_to_neutral,0.16,0.95,0.0,,0,67,67,0.5074626865671642,0.39880952380952384,0.5405405405405406,0.4666666666666667,0.5074626865671642,0.39880952380952384,0.5405405405405406,0.4666666666666667,0.0,0.0,0.0,0.0
bull_to_bear,0.16,0.95,0.0,,0,67,67,0.5074626865671642,0.39880952380952384,0.5405405405405406,0.4666666666666667,0.5074626865671642,0.39880952380952384,0.5405405405405406,0.4666666666666667,0.0,0.0,0.0,0.0
bull_to_neutral,0.16,0.95,0.0,0.0,0,67,67,0.5074626865671642,0.39880952380952384,0.5405405405405406,0.4666666666666667,0.5074626865671642,0.39880952380952384,0.5405405405405406,0.4666666666666667,0.0,0.0,0.0,0.0
bull_to_bear,0.16,0.95,0.0,0.0,0,67,67,0.5074626865671642,0.39880952380952384,0.5405405405405406,0.4666666666666667,0.5074626865671642,0.39880952380952384,0.5405405405405406,0.4666666666666667,0.0,0.0,0.0,0.0
bull_to_neutral,0.16,0.95,0.0,-0.05,0,67,67,0.5074626865671642,0.39880952380952384,0.5405405405405406,0.4666666666666667,0.5074626865671642,0.39880952380952384,0.5405405405405406,0.4666666666666667,0.0,0.0,0.0,0.0
bull_to_bear,0.16,0.95,0.0,-0.05,0,67,67,0.5074626865671642,0.39880952380952384,0.5405405405405406,0.4666666666666667,0.5074626865671642,0.39880952380952384,0.5405405405405406,0.4666666666666667,0.0,0.0,0.0,0.0
bull_to_neutral,0.16,0.95,0.0,-0.1,0,67,67,0.5074626865671642,0.39880952380952384,0.5405405405405406,0.4666666666666667,0.5074626865671642,0.39880952380952384,0.5405405405405406,0.4666666666666667,0.0,0.0,0.0,0.0
bull_to_bear,0.16,0.95,0.0,-0.1,0,67,67,0.5074626865671642,0.39880952380952384,0.5405405405405406,0.4666666666666667,0.5074626865671642,0.39880952380952384,0.5405405405405406,0.4666666666666667,0.0,0.0,0.0,0.0
bull_to_neutral,0.16,0.95,5.0,,0,67,67,0.5074626865671642,0.39880952380952384,0.5405405405405406,0.4666666666666667,0.5074626865671642,0.39880952380952384,0.5405405405405406,0.4666666666666667,0.0,0.0,0.0,0.0
bull_to_bear,0.16,0.95,5.0,,0,67,67,0.5074626865671642,0.39880952380952384,0.5405405405405406,0.4666666666666667,0.5074626865671642,0.39880952380952384,0.5405405405405406,0.4666666666666667,0.0,0.0,0.0,0.0
bull_to_neutral,0.16,0.95,5.0,0.0,0,67,67,0.5074626865671642,0.39880952380952384,0.5405405405405406,0.4666666666666667,0.5074626865671642,0.39880952380952384,0.5405405405405406,0.4666666666666667,0.0,0.0,0.0,0.0
bull_to_bear,0.16,0.95,5.0,0.0,0,67,67,0.5074626865671642,0.39880952380952384,0.5405405405405406,0.4666666666666667,0.5074626865671642,0.39880952380952384,0.5405405405405406,0.4666666666666667,0.0,0.0,0.0,0.0
bull_to_neutral,0.16,0.95,5.0,-0.05,0,67,67,0.5074626865671642,0.39880952380952384,0.5405405405405406,0.4666666666666667,0.5074626865671642,0.39880952380952384,0.5405405405405406,0.4666666666666667,0.0,0.0,0.0,0.0
bull_to_bear,0.16,0.95,5.0,-0.05,0,67,67,0.5074626865671642,0.39880952380952384,0.5405405405405406,0.4666666666666667,0.5074626865671642,0.39880952380952384,0.5405405405405406,0.4666666666666667,0.0,0.0,0.0,0.0
bull_to_neutral,0.16,0.95,5.0,-0.1,0,67,67,0.5074626865671642,0.39880952380952384,0.5405405405405406,0.4666666666666667,0.5074626865671642,0.39880952380952384,0.5405405405405406,0.4666666666666667,0.0,0.0,0.0,0.0
bull_to_bear,0.16,0.95,5.0,-0.1,0,67,67,0.5074626865671642,0.39880952380952384,0.5405405405405406,0.4666666666666667,0.5074626865671642,0.39880952380952384,0.5405405405405406,0.4666666666666667,0.0,0.0,0.0,0.0
bull_to_neutral,0.16,0.95,10.0,,0,67,67,0.5074626865671642,0.39880952380952384,0.5405405405405406,0.4666666666666667,0.5074626865671642,0.39880952380952384,0.5405405405405406,0.4666666666666667,0.0,0.0,0.0,0.0
bull_to_bear,0.16,0.95,10.0,,0,67,67,0.5074626865671642,0.39880952380952384,0.5405405405405406,0.4666666666666667,0.5074626865671642,0.39880952380952384,0.5405405405405406,0.4666666666666667,0.0,0.0,0.0,0.0
bull_to_neutral,0.16,0.95,10.0,0.0,0,67,67,0.5074626865671642,0.39880952380952384,0.5405405405405406,0.4666666666666667,0.5074626865671642,0.39880952380952384,0.5405405405405406,0.4666666666666667,0.0,0.0,0.0,0.0
bull_to_bear,0.16,0.95,10.0,0.0,0,67,67,0.5074626865671642,0.39880952380952384,0.5405405405405406,0.4666666666666667,0.5074626865671642,0.39880952380952384,0.5405405405405406,0.4666666666666667,0.0,0.0,0.0,0.0
bull_to_neutral,0.16,0.95,10.0,-0.05,0,67,67,0.5074626865671642,0.39880952380952384,0.5405405405405406,0.4666666666666667,0.5074626865671642,0.39880952380952384,0.5405405405405406,0.4666666666666667,0.0,0.0,0.0,0.0
bull_to_bear,0.16,0.95,10.0,-0.05,0,67,67,0.5074626865671642,0.39880952380952384,0.5405405405405406,0.4666666666666667,0.5074626865671642,0.39880952380952384,0.5405405405405406,0.4666666666666667,0.0,0.0,0.0,0.0
bull_to_neutral,0.16,0.95,10.0,-0.1,0,67,67,0.5074626865671642,0.39880952380952384,0.5405405405405406,0.4666666666666667,0.5074626865671642,0.39880952380952384,0.5405405405405406,0.4666666666666667,0.0,0.0,0.0,0.0
bull_to_bear,0.16,0.95,10.0,-0.1,0,67,67,0.5074626865671642,0.39880952380952384,0.5405405405405406,0.4666666666666667,0.5074626865671642,0.39880952380952384,0.5405405405405406,0.4666666666666667,0.0,0.0,0.0,0.0
bull_to_neutral,0.16,0.95,15.0,,0,67,67,0.5074626865671642,0.39880952380952384,0.5405405405405406,0.4666666666666667,0.5074626865671642,0.39880952380952384,0.5405405405405406,0.4666666666666667,0.0,0.0,0.0,0.0
bull_to_bear,0.16,0.95,15.0,,0,67,67,0.5074626865671642,0.39880952380952384,0.5405405405405406,0.4666666666666667,0.5074626865671642,0.39880952380952384,0.5405405405405406,0.4666666666666667,0.0,0.0,0.0,0.0
bull_to_neutral,0.16,0.95,15.0,0.0,0,67,67,0.5074626865671642,0.39880952380952384,0.5405405405405406,0.4666666666666667,0.5074626865671642,0.39880952380952384,0.5405405405405406,0.4666666666666667,0.0,0.0,0.0,0.0
bull_to_bear,0.16,0.95,15.0,0.0,0,67,67,0.5074626865671642,0.39880952380952384,0.5405405405405406,0.4666666666666667,0.5074626865671642,0.39880952380952384,0.5405405405405406,0.4666666666666667,0.0,0.0,0.0,0.0
bull_to_neutral,0.16,0.95,15.0,-0.05,0,67,67,0.5074626865671642,0.39880952380952384,0.5405405405405406,0.4666666666666667,0.5074626865671642,0.39880952380952384,0.5405405405405406,0.4666666666666667,0.0,0.0,0.0,0.0
bull_to_bear,0.16,0.95,15.0,-0.05,0,67,67,0.5074626865671642,0.39880952380952384,0.5405405405405406,0.4666666666666667,0.5074626865671642,0.39880952380952384,0.5405405405405406,0.4666666666666667,0.0,0.0,0.0,0.0
bull_to_neutral,0.16,0.95,15.0,-0.1,0,67,67,0.5074626865671642,0.39880952380952384,0.5405405405405406,0.4666666666666667,0.5074626865671642,0.39880952380952384,0.5405405405405406,0.4666666666666667,0.0,0.0,0.0,0.0
bull_to_bear,0.16,0.95,15.0,-0.1,0,67,67,0.5074626865671642,0.39880952380952384,0.5405405405405406,0.4666666666666667,0.5074626865671642,0.39880952380952384,0.5405405405405406,0.4666666666666667,0.0,0.0,0.0,0.0
bull_to_neutral,0.16,0.93,,,0,67,67,0.5074626865671642,0.39880952380952384,0.5405405405405406,0.4666666666666667,0.5074626865671642,0.39880952380952384,0.5405405405405406,0.4666666666666667,0.0,0.0,0.0,0.0
bull_to_bear,0.16,0.93,,,0,67,67,0.5074626865671642,0.39880952380952384,0.5405405405405406,0.4666666666666667,0.5074626865671642,0.39880952380952384,0.5405405405405406,0.4666666666666667,0.0,0.0,0.0,0.0
bull_to_neutral,0.16,0.93,,0.0,0,67,67,0.5074626865671642,0.39880952380952384,0.5405405405405406,0.4666666666666667,0.5074626865671642,0.39880952380952384,0.5405405405405406,0.4666666666666667,0.0,0.0,0.0,0.0
bull_to_bear,0.16,0.93,,0.0,0,67,67,0.5074626865671642,0.39880952380952384,0.5405405405405406,0.4666666666666667,0.5074626865671642,0.39880952380952384,0.5405405405405406,0.4666666666666667,0.0,0.0,0.0,0.0
bull_to_neutral,0.16,0.93,,-0.05,0,67,67,0.5074626865671642,0.39880952380952384,0.5405405405405406,0.4666666666666667,0.5074626865671642,0.39880952380952384,0.5405405405405406,0.4666666666666667,0.0,0.0,0.0,0.0
bull_to_bear,0.16,0.93,,-0.05,0,67,67,0.5074626865671642,0.39880952380952384,0.5405405405405406,0.4666666666666667,0.5074626865671642,0.39880952380952384,0.5405405405405406,0.4666666666666667,0.0,0.0,0.0,0.0
bull_to_neutral,0.16,0.93,,-0.1,0,67,67,0.5074626865671642,0.39880952380952384,0.5405405405405406,0.4666666666666667,0.5074626865671642,0.39880952380952384,0.5405405405405406,0.4666666666666667,0.0,0.0,0.0,0.0
bull_to_bear,0.16,0.93,,-0.1,0,67,67,0.5074626865671642,0.39880952380952384,0.5405405405405406,0.4666666666666667,0.5074626865671642,0.39880952380952384,0.5405405405405406,0.4666666666666667,0.0,0.0,0.0,0.0
bull_to_neutral,0.16,0.93,0.0,,0,67,67,0.5074626865671642,0.39880952380952384,0.5405405405405406,0.4666666666666667,0.5074626865671642,0.39880952380952384,0.5405405405405406,0.4666666666666667,0.0,0.0,0.0,0.0
bull_to_bear,0.16,0.93,0.0,,0,67,67,0.5074626865671642,0.39880952380952384,0.5405405405405406,0.4666666666666667,0.5074626865671642,0.39880952380952384,0.5405405405405406,0.4666666666666667,0.0,0.0,0.0,0.0
bull_to_neutral,0.16,0.93,0.0,0.0,0,67,67,0.5074626865671642,0.39880952380952384,0.5405405405405406,0.4666666666666667,0.5074626865671642,0.39880952380952384,0.5405405405405406,0.4666666666666667,0.0,0.0,0.0,0.0
bull_to_bear,0.16,0.93,0.0,0.0,0,67,67,0.5074626865671642,0.39880952380952384,0.5405405405405406,0.4666666666666667,0.5074626865671642,0.39880952380952384,0.5405405405405406,0.4666666666666667,0.0,0.0,0.0,0.0
bull_to_neutral,0.16,0.93,0.0,-0.05,0,67,67,0.5074626865671642,0.39880952380952384,0.5405405405405406,0.4666666666666667,0.5074626865671642,0.39880952380952384,0.5405405405405406,0.4666666666666667,0.0,0.0,0.0,0.0
bull_to_bear,0.16,0.93,0.0,-0.05,0,67,67,0.5074626865671642,0.39880952380952384,0.5405405405405406,0.4666666666666667,0.5074626865671642,0.39880952380952384,0.5405405405405406,0.4666666666666667,0.0,0.0,0.0,0.0
bull_to_neutral,0.16,0.93,0.0,-0.1,0,67,67,0.5074626865671642,0.39880952380952384,0.5405405405405406,0.4666666666666667,0.5074626865671642,0.39880952380952384,0.5405405405405406,0.4666666666666667,0.0,0.0,0.0,0.0
bull_to_bear,0.16,0.93,0.0,-0.1,0,67,67,0.5074626865671642,0.39880952380952384,0.5405405405405406,0.4666666666666667,0.5074626865671642,0.39880952380952384,0.5405405405405406,0.4666666666666667,0.0,0.0,0.0,0.0
bull_to_neutral,0.16,0.93,5.0,,0,67,67,0.5074626865671642,0.39880952380952384,0.5405405405405406,0.4666666666666667,0.5074626865671642,0.39880952380952384,0.5405405405405406,0.4666666666666667,0.0,0.0,0.0,0.0
bull_to_bear,0.16,0.93,5.0,,0,67,67,0.5074626865671642,0.39880952380952384,0.5405405405405406,0.4666666666666667,0.5074626865671642,0.39880952380952384,0.5405405405405406,0.4666666666666667,0.0,0.0,0.0,0.0
bull_to_neutral,0.16,0.93,5.0,0.0,0,67,67,0.5074626865671642,0.39880952380952384,0.5405405405405406,0.4666666666666667,0.5074626865671642,0.39880952380952384,0.5405405405405406,0.4666666666666667,0.0,0.0,0.0,0.0
bull_to_bear,0.16,0.93,5.0,0.0,0,67,67,0.5074626865671642,0.39880952380952384,0.5405405405405406,0.4666666666666667,0.5074626865671642,0.39880952380952384,0.5405405405405406,0.4666666666666667,0.0,0.0,0.0,0.0
bull_to_neutral,0.16,0.93,5.0,-0.05,0,67,67,0.5074626865671642,0.39880952380952384,0.5405405405405406,0.4666666666666667,0.5074626865671642,0.39880952380952384,0.5405405405405406,0.4666666666666667,0.0,0.0,0.0,0.0
bull_to_bear,0.16,0.93,5.0,-0.05,0,67,67,0.5074626865671642,0.39880952380952384,0.5405405405405406,0.4666666666666667,0.5074626865671642,0.39880952380952384,0.5405405405405406,0.4666666666666667,0.0,0.0,0.0,0.0
bull_to_neutral,0.16,0.93,5.0,-0.1,0,67,67,0.5074626865671642,0.39880952380952384,0.5405405405405406,0.4666666666666667,0.5074626865671642,0.39880952380952384,0.5405405405405406,0.4666666666666667,0.0,0.0,0.0,0.0
bull_to_bear,0.16,0.93,5.0,-0.1,0,67,67,0.5074626865671642,0.39880952380952384,0.5405405405405406,0.4666666666666667,0.5074626865671642,0.39880952380952384,0.5405405405405406,0.4666666666666667,0.0,0.0,0.0,0.0
bull_to_neutral,0.16,0.93,10.0,,0,67,67,0.5074626865671642,0.39880952380952384,0.5405405405405406,0.4666666666666667,0.5074626865671642,0.39880952380952384,0.5405405405405406,0.4666666666666667,0.0,0.0,0.0,0.0
bull_to_bear,0.16,0.93,10.0,,0,67,67,0.5074626865671642,0.39880952380952384,0.5405405405405406,0.4666666666666667,0.5074626865671642,0.39880952380952384,0.5405405405405406,0.4666666666666667,0.0,0.0,0.0,0.0
bull_to_neutral,0.16,0.93,10.0,0.0,0,67,67,0.5074626865671642,0.39880952380952384,0.5405405405405406,0.4666666666666667,0.5074626865671642,0.39880952380952384,0.5405405405405406,0.4666666666666667,0.0,0.0,0.0,0.0
bull_to_bear,0.16,0.93,10.0,0.0,0,67,67,0.5074626865671642,0.39880952380952384,0.5405405405405406,0.4666666666666667,0.5074626865671642,0.39880952380952384,0.5405405405405406,0.4666666666666667,0.0,0.0,0.0,0.0
bull_to_neutral,0.16,0.93,10.0,-0.05,0,67,67,0.5074626865671642,0.39880952380952384,0.5405405405405406,0.4666666666666667,0.5074626865671642,0.39880952380952384,0.5405405405405406,0.4666666666666667,0.0,0.0,0.0,0.0
bull_to_bear,0.16,0.93,10.0,-0.05,0,67,67,0.5074626865671642,0.39880952380952384,0.5405405405405406,0.4666666666666667,0.5074626865671642,0.39880952380952384,0.5405405405405406,0.4666666666666667,0.0,0.0,0.0,0.0
bull_to_neutral,0.16,0.93,10.0,-0.1,0,67,67,0.5074626865671642,0.39880952380952384,0.5405405405405406,0.4666666666666667,0.5074626865671642,0.39880952380952384,0.5405405405405406,0.4666666666666667,0.0,0.0,0.0,0.0
bull_to_bear,0.16,0.93,10.0,-0.1,0,67,67,0.5074626865671642,0.39880952380952384,0.5405405405405406,0.4666666666666667,0.5074626865671642,0.39880952380952384,0.5405405405405406,0.4666666666666667,0.0,0.0,0.0,0.0
bull_to_neutral,0.16,0.93,15.0,,0,67,67,0.5074626865671642,0.39880952380952384,0.5405405405405406,0.4666666666666667,0.5074626865671642,0.39880952380952384,0.5405405405405406,0.4666666666666667,0.0,0.0,0.0,0.0
bull_to_bear,0.16,0.93,15.0,,0,67,67,0.5074626865671642,0.39880952380952384,0.5405405405405406,0.4666666666666667,0.5074626865671642,0.39880952380952384,0.5405405405405406,0.4666666666666667,0.0,0.0,0.0,0.0
bull_to_neutral,0.16,0.93,15.0,0.0,0,67,67,0.5074626865671642,0.39880952380952384,0.5405405405405406,0.4666666666666667,0.5074626865671642,0.39880952380952384,0.5405405405405406,0.4666666666666667,0.0,0.0,0.0,0.0
bull_to_bear,0.16,0.93,15.0,0.0,0,67,67,0.5074626865671642,0.39880952380952384,0.5405405405405406,0.4666666666666667,0.5074626865671642,0.39880952380952384,0.5405405405405406,0.4666666666666667,0.0,0.0,0.0,0.0
bull_to_neutral,0.16,0.93,15.0,-0.05,0,67,67,0.5074626865671642,0.39880952380952384,0.5405405405405406,0.4666666666666667,0.5074626865671642,0.39880952380952384,0.5405405405405406,0.4666666666666667,0.0,0.0,0.0,0.0
bull_to_bear,0.16,0.93,15.0,-0.05,0,67,67,0.5074626865671642,0.39880952380952384,0.5405405405405406,0.4666666666666667,0.5074626865671642,0.39880952380952384,0.5405405405405406,0.4666666666666667,0.0,0.0,0.0,0.0
bull_to_neutral,0.16,0.93,15.0,-0.1,0,67,67,0.5074626865671642,0.39880952380952384,0.5405405405405406,0.4666666666666667,0.5074626865671642,0.39880952380952384,0.5405405405405406,0.4666666666666667,0.0,0.0,0.0,0.0
bull_to_bear,0.16,0.93,15.0,-0.1,0,67,67,0.5074626865671642,0.39880952380952384,0.5405405405405406,0.4666666666666667,0.5074626865671642,0.39880952380952384,0.5405405405405406,0.4666666666666667,0.0,0.0,0.0,0.0
bull_to_neutral,0.16,0.9,,,0,67,67,0.5074626865671642,0.39880952380952384,0.5405405405405406,0.4666666666666667,0.5074626865671642,0.39880952380952384,0.5405405405405406,0.4666666666666667,0.0,0.0,0.0,0.0
bull_to_bear,0.16,0.9,,,0,67,67,0.5074626865671642,0.39880952380952384,0.5405405405405406,0.4666666666666667,0.5074626865671642,0.39880952380952384,0.5405405405405406,0.4666666666666667,0.0,0.0,0.0,0.0
bull_to_neutral,0.16,0.9,,0.0,0,67,67,0.5074626865671642,0.39880952380952384,0.5405405405405406,0.4666666666666667,0.5074626865671642,0.39880952380952384,0.5405405405405406,0.4666666666666667,0.0,0.0,0.0,0.0
bull_to_bear,0.16,0.9,,0.0,0,67,67,0.5074626865671642,0.39880952380952384,0.5405405405405406,0.4666666666666667,0.5074626865671642,0.39880952380952384,0.5405405405405406,0.4666666666666667,0.0,0.0,0.0,0.0
bull_to_neutral,0.16,0.9,,-0.05,0,67,67,0.5074626865671642,0.39880952380952384,0.5405405405405406,0.4666666666666667,0.5074626865671642,0.39880952380952384,0.5405405405405406,0.4666666666666667,0.0,0.0,0.0,0.0
bull_to_bear,0.16,0.9,,-0.05,0,67,67,0.5074626865671642,0.39880952380952384,0.5405405405405406,0.4666666666666667,0.5074626865671642,0.39880952380952384,0.5405405405405406,0.4666666666666667,0.0,0.0,0.0,0.0
bull_to_neutral,0.16,0.9,,-0.1,0,67,67,0.5074626865671642,0.39880952380952384,0.5405405405405406,0.4666666666666667,0.5074626865671642,0.39880952380952384,0.5405405405405406,0.4666666666666667,0.0,0.0,0.0,0.0
bull_to_bear,0.16,0.9,,-0.1,0,67,67,0.5074626865671642,0.39880952380952384,0.5405405405405406,0.4666666666666667,0.5074626865671642,0.39880952380952384,0.5405405405405406,0.4666666666666667,0.0,0.0,0.0,0.0
bull_to_neutral,0.16,0.9,0.0,,0,67,67,0.5074626865671642,0.39880952380952384,0.5405405405405406,0.4666666666666667,0.5074626865671642,0.39880952380952384,0.5405405405405406,0.4666666666666667,0.0,0.0,0.0,0.0
bull_to_bear,0.16,0.9,0.0,,0,67,67,0.5074626865671642,0.39880952380952384,0.5405405405405406,0.4666666666666667,0.5074626865671642,0.39880952380952384,0.5405405405405406,0.4666666666666667,0.0,0.0,0.0,0.0
bull_to_neutral,0.16,0.9,0.0,0.0,0,67,67,0.5074626865671642,0.39880952380952384,0.5405405405405406,0.4666666666666667,0.5074626865671642,0.39880952380952384,0.5405405405405406,0.4666666666666667,0.0,0.0,0.0,0.0
bull_to_bear,0.16,0.9,0.0,0.0,0,67,67,0.5074626865671642,0.39880952380952384,0.5405405405405406,0.4666666666666667,0.5074626865671642,0.39880952380952384,0.5405405405405406,0.4666666666666667,0.0,0.0,0.0,0.0
bull_to_neutral,0.16,0.9,0.0,-0.05,0,67,67,0.5074626865671642,0.39880952380952384,0.5405405405405406,0.4666666666666667,0.5074626865671642,0.39880952380952384,0.5405405405405406,0.4666666666666667,0.0,0.0,0.0,0.0
bull_to_bear,0.16,0.9,0.0,-0.05,0,67,67,0.5074626865671642,0.39880952380952384,0.5405405405405406,0.4666666666666667,0.5074626865671642,0.39880952380952384,0.5405405405405406,0.4666666666666667,0.0,0.0,0.0,0.0
bull_to_neutral,0.16,0.9,0.0,-0.1,0,67,67,0.5074626865671642,0.39880952380952384,0.5405405405405406,0.4666666666666667,0.5074626865671642,0.39880952380952384,0.5405405405405406,0.4666666666666667,0.0,0.0,0.0,0.0
bull_to_bear,0.16,0.9,0.0,-0.1,0,67,67,0.5074626865671642,0.39880952380952384,0.5405405405405406,0.4666666666666667,0.5074626865671642,0.39880952380952384,0.5405405405405406,0.4666666666666667,0.0,0.0,0.0,0.0
bull_to_neutral,0.16,0.9,5.0,,0,67,67,0.5074626865671642,0.39880952380952384,0.5405405405405406,0.4666666666666667,0.5074626865671642,0.39880952380952384,0.5405405405405406,0.4666666666666667,0.0,0.0,0.0,0.0
bull_to_bear,0.16,0.9,5.0,,0,67,67,0.5074626865671642,0.39880952380952384,0.5405405405405406,0.4666666666666667,0.5074626865671642,0.39880952380952384,0.5405405405405406,0.4666666666666667,0.0,0.0,0.0,0.0
bull_to_neutral,0.16,0.9,5.0,0.0,0,67,67,0.5074626865671642,0.39880952380952384,0.5405405405405406,0.4666666666666667,0.5074626865671642,0.39880952380952384,0.5405405405405406,0.4666666666666667,0.0,0.0,0.0,0.0
bull_to_bear,0.16,0.9,5.0,0.0,0,67,67,0.5074626865671642,0.39880952380952384,0.5405405405405406,0.4666666666666667,0.5074626865671642,0.39880952380952384,0.5405405405405406,0.4666666666666667,0.0,0.0,0.0,0.0
bull_to_neutral,0.16,0.9,5.0,-0.05,0,67,67,0.5074626865671642,0.39880952380952384,0.5405405405405406,0.4666666666666667,0.5074626865671642,0.39880952380952384,0.5405405405405406,0.4666666666666667,0.0,0.0,0.0,0.0
bull_to_bear,0.16,0.9,5.0,-0.05,0,67,67,0.5074626865671642,0.39880952380952384,0.5405405405405406,0.4666666666666667,0.5074626865671642,0.39880952380952384,0.5405405405405406,0.4666666666666667,0.0,0.0,0.0,0.0
bull_to_neutral,0.16,0.9,5.0,-0.1,0,67,67,0.5074626865671642,0.39880952380952384,0.5405405405405406,0.4666666666666667,0.5074626865671642,0.39880952380952384,0.5405405405405406,0.4666666666666667,0.0,0.0,0.0,0.0
bull_to_bear,0.16,0.9,5.0,-0.1,0,67,67,0.5074626865671642,0.39880952380952384,0.5405405405405406,0.4666666666666667,0.5074626865671642,0.39880952380952384,0.5405405405405406,0.4666666666666667,0.0,0.0,0.0,0.0
bull_to_neutral,0.16,0.9,10.0,,0,67,67,0.5074626865671642,0.39880952380952384,0.5405405405405406,0.4666666666666667,0.5074626865671642,0.39880952380952384,0.5405405405405406,0.4666666666666667,0.0,0.0,0.0,0.0
bull_to_bear,0.16,0.9,10.0,,0,67,67,0.5074626865671642,0.39880952380952384,0.5405405405405406,0.4666666666666667,0.5074626865671642,0.39880952380952384,0.5405405405405406,0.4666666666666667,0.0,0.0,0.0,0.0
bull_to_neutral,0.16,0.9,10.0,0.0,0,67,67,0.5074626865671642,0.39880952380952384,0.5405405405405406,0.4666666666666667,0.5074626865671642,0.39880952380952384,0.5405405405405406,0.4666666666666667,0.0,0.0,0.0,0.0
bull_to_bear,0.16,0.9,10.0,0.0,0,67,67,0.5074626865671642,0.39880952380952384,0.5405405405405406,0.4666666666666667,0.5074626865671642,0.39880952380952384,0.5405405405405406,0.4666666666666667,0.0,0.0,0.0,0.0
bull_to_neutral,0.16,0.9,10.0,-0.05,0,67,67,0.5074626865671642,0.39880952380952384,0.5405405405405406,0.4666666666666667,0.5074626865671642,0.39880952380952384,0.5405405405405406,0.4666666666666667,0.0,0.0,0.0,0.0
bull_to_bear,0.16,0.9,10.0,-0.05,0,67,67,0.5074626865671642,0.39880952380952384,0.5405405405405406,0.4666666666666667,0.5074626865671642,0.39880952380952384,0.5405405405405406,0.4666666666666667,0.0,0.0,0.0,0.0
bull_to_neutral,0.16,0.9,10.0,-0.1,0,67,67,0.5074626865671642,0.39880952380952384,0.5405405405405406,0.4666666666666667,0.5074626865671642,0.39880952380952384,0.5405405405405406,0.4666666666666667,0.0,0.0,0.0,0.0
bull_to_bear,0.16,0.9,10.0,-0.1,0,67,67,0.5074626865671642,0.39880952380952384,0.5405405405405406,0.4666666666666667,0.5074626865671642,0.39880952380952384,0.5405405405405406,0.4666666666666667,0.0,0.0,0.0,0.0
bull_to_neutral,0.16,0.9,15.0,,0,67,67,0.5074626865671642,0.39880952380952384,0.5405405405405406,0.4666666666666667,0.5074626865671642,0.39880952380952384,0.5405405405405406,0.4666666666666667,0.0,0.0,0.0,0.0
bull_to_bear,0.16,0.9,15.0,,0,67,67,0.5074626865671642,0.39880952380952384,0.5405405405405406,0.4666666666666667,0.5074626865671642,0.39880952380952384,0.5405405405405406,0.4666666666666667,0.0,0.0,0.0,0.0
bull_to_neutral,0.16,0.9,15.0,0.0,0,67,67,0.5074626865671642,0.39880952380952384,0.5405405405405406,0.4666666666666667,0.5074626865671642,0.39880952380952384,0.5405405405405406,0.4666666666666667,0.0,0.0,0.0,0.0
bull_to_bear,0.16,0.9,15.0,0.0,0,67,67,0.5074626865671642,0.39880952380952384,0.5405405405405406,0.4666666666666667,0.5074626865671642,0.39880952380952384,0.5405405405405406,0.4666666666666667,0.0,0.0,0.0,0.0
bull_to_neutral,0.16,0.9,15.0,-0.05,0,67,67,0.5074626865671642,0.39880952380952384,0.5405405405405406,0.4666666666666667,0.5074626865671642,0.39880952380952384,0.5405405405405406,0.4666666666666667,0.0,0.0,0.0,0.0
bull_to_bear,0.16,0.9,15.0,-0.05,0,67,67,0.5074626865671642,0.39880952380952384,0.5405405405405406,0.4666666666666667,0.5074626865671642,0.39880952380952384,0.5405405405405406,0.4666666666666667,0.0,0.0,0.0,0.0
bull_to_neutral,0.16,0.9,15.0,-0.1,0,67,67,0.5074626865671642,0.39880952380952384,0.5405405405405406,0.4666666666666667,0.5074626865671642,0.39880952380952384,0.5405405405405406,0.4666666666666667,0.0,0.0,0.0,0.0
bull_to_bear,0.16,0.9,15.0,-0.1,0,67,67,0.5074626865671642,0.39880952380952384,0.5405405405405406,0.4666666666666667,0.5074626865671642,0.39880952380952384,0.5405405405405406,0.4666666666666667,0.0,0.0,0.0,0.0
bull_to_neutral,0.18,1.0,,,13,54,67,0.5074626865671642,0.39880952380952384,0.5405405405405406,0.4666666666666667,0.5370370370370371,0.32142857142857145,0.625,0.4666666666666667,0.02957435046987289,-0.07738095238095238,0.08445945945945943,0.0
bull_to_bear,0.18,1.0,,,13,67,67,0.5074626865671642,0.39880952380952384,0.5405405405405406,0.4666666666666667,0.5522388059701493,0.39880952380952384,0.625,0.5116279069767442,0.04477611940298509,0.0,0.08445945945945943,0.04496124031007753
bull_to_neutral,0.18,1.0,,0.0,11,56,67,0.5074626865671642,0.39880952380952384,0.5405405405405406,0.4666666666666667,0.5357142857142857,0.3333333333333333,0.6153846153846154,0.4666666666666667,0.028251599147121498,-0.06547619047619052,0.07484407484407485,0.0
bull_to_bear,0.18,1.0,,0.0,11,67,67,0.5074626865671642,0.39880952380952384,0.5405405405405406,0.4666666666666667,0.5522388059701493,0.39880952380952384,0.6153846153846154,0.5121951219512195,0.04477611940298509,0.0,0.07484407484407485,0.04552845528455285
bull_to_neutral,0.18,1.0,,-0.05,11,56,67,0.5074626865671642,0.39880952380952384,0.5405405405405406,0.4666666666666667,0.5357142857142857,0.3333333333333333,0.6153846153846154,0.4666666666666667,0.028251599147121498,-0.06547619047619052,0.07484407484407485,0.0
bull_to_bear,0.18,1.0,,-0.05,11,67,67,0.5074626865671642,0.39880952380952384,0.5405405405405406,0.4666666666666667,0.5522388059701493,0.39880952380952384,0.6153846153846154,0.5121951219512195,0.04477611940298509,0.0,0.07484407484407485,0.04552845528455285
bull_to_neutral,0.18,1.0,,-0.1,11,56,67,0.5074626865671642,0.39880952380952384,0.5405405405405406,0.4666666666666667,0.5357142857142857,0.3333333333333333,0.6153846153846154,0.4666666666666667,0.028251599147121498,-0.06547619047619052,0.07484407484407485,0.0
bull_to_bear,0.18,1.0,,-0.1,11,67,67,0.5074626865671642,0.39880952380952384,0.5405405405405406,0.4666666666666667,0.5522388059701493,0.39880952380952384,0.6153846153846154,0.5121951219512195,0.04477611940298509,0.0,0.07484407484407485,0.04552845528455285
bull_to_neutral,0.18,1.0,0.0,,8,59,67,0.5074626865671642,0.39880952380952384,0.5405405405405406,0.4666666666666667,0.559322033898305,0.35119047619047616,0.6551724137931034,0.4666666666666667,0.05185934733114084,-0.04761904761904767,0.11463187325256285,0.0
bull_to_bear,0.18,1.0,0.0,,8,67,67,0.5074626865671642,0.39880952380952384,0.5405405405405406,0.4666666666666667,0.5970149253731343,0.39880952380952384,0.6551724137931034,0.5526315789473685,0.08955223880597007,0.0,0.11463187325256285,0.0859649122807018
bull_to_neutral,0.18,1.0,0.0,0.0,8,59,67,0.5074626865671642,0.39880952380952384,0.5405405405405406,0.4666666666666667,0.559322033898305,0.35119047619047616,0.6551724137931034,0.4666666666666667,0.05185934733114084,-0.04761904761904767,0.11463187325256285,0.0
bull_to_bear,0.18,1.0,0.0,0.0,8,67,67,0.5074626865671642,0.39880952380952384,0.5405405405405406,0.4666666666666667,0.5970149253731343,0.39880952380952384,0.6551724137931034,0.5526315789473685,0.08955223880597007,0.0,0.11463187325256285,0.0859649122807018
bull_to_neutral,0.18,1.0,0.0,-0.05,8,59,67,0.5074626865671642,0.39880952380952384,0.5405405405405406,0.4666666666666667,0.559322033898305,0.35119047619047616,0.6551724137931034,0.4666666666666667,0.05185934733114084,-0.04761904761904767,0.11463187325256285,0.0
bull_to_bear,0.18,1.0,0.0,-0.05,8,67,67,0.5074626865671642,0.39880952380952384,0.5405405405405406,0.4666666666666667,0.5970149253731343,0.39880952380952384,0.6551724137931034,0.5526315789473685,0.08955223880597007,0.0,0.11463187325256285,0.0859649122807018
bull_to_neutral,0.18,1.0,0.0,-0.1,8,59,67,0.5074626865671642,0.39880952380952384,0.5405405405405406,0.4666666666666667,0.559322033898305,0.35119047619047616,0.6551724137931034,0.4666666666666667,0.05185934733114084,-0.04761904761904767,0.11463187325256285,0.0
bull_to_bear,0.18,1.0,0.0,-0.1,8,67,67,0.5074626865671642,0.39880952380952384,0.5405405405405406,0.4666666666666667,0.5970149253731343,0.39880952380952384,0.6551724137931034,0.5526315789473685,0.08955223880597007,0.0,0.11463187325256285,0.0859649122807018
bull_to_neutral,0.18,1.0,5.0,,8,59,67,0.5074626865671642,0.39880952380952384,0.5405405405405406,0.4666666666666667,0.559322033898305,0.35119047619047616,0.6551724137931034,0.4666666666666667,0.05185934733114084,-0.04761904761904767,0.11463187325256285,0.0
bull_to_bear,0.18,1.0,5.0,,8,67,67,0.5074626865671642,0.39880952380952384,0.5405405405405406,0.4666666666666667,0.5970149253731343,0.39880952380952384,0.6551724137931034,0.5526315789473685,0.08955223880597007,0.0,0.11463187325256285,0.0859649122807018
bull_to_neutral,0.18,1.0,5.0,0.0,8,59,67,0.5074626865671642,0.39880952380952384,0.5405405405405406,0.4666666666666667,0.559322033898305,0.35119047619047616,0.6551724137931034,0.4666666666666667,0.05185934733114084,-0.04761904761904767,0.11463187325256285,0.0
bull_to_bear,0.18,1.0,5.0,0.0,8,67,67,0.5074626865671642,0.39880952380952384,0.5405405405405406,0.4666666666666667,0.5970149253731343,0.39880952380952384,0.6551724137931034,0.5526315789473685,0.08955223880597007,0.0,0.11463187325256285,0.0859649122807018
bull_to_neutral,0.18,1.0,5.0,-0.05,8,59,67,0.5074626865671642,0.39880952380952384,0.5405405405405406,0.4666666666666667,0.559322033898305,0.35119047619047616,0.6551724137931034,0.4666666666666667,0.05185934733114084,-0.04761904761904767,0.11463187325256285,0.0
bull_to_bear,0.18,1.0,5.0,-0.05,8,67,67,0.5074626865671642,0.39880952380952384,0.5405405405405406,0.4666666666666667,0.5970149253731343,0.39880952380952384,0.6551724137931034,0.5526315789473685,0.08955223880597007,0.0,0.11463187325256285,0.0859649122807018
bull_to_neutral,0.18,1.0,5.0,-0.1,8,59,67,0.5074626865671642,0.39880952380952384,0.5405405405405406,0.4666666666666667,0.559322033898305,0.35119047619047616,0.6551724137931034,0.4666666666666667,0.05185934733114084,-0.04761904761904767,0.11463187325256285,0.0
bull_to_bear,0.18,1.0,5.0,-0.1,8,67,67,0.5074626865671642,0.39880952380952384,0.5405405405405406,0.4666666666666667,0.5970149253731343,0.39880952380952384,0.6551724137931034,0.5526315789473685,0.08955223880597007,0.0,0.11463187325256285,0.0859649122807018
bull_to_neutral,0.18,1.0,10.0,,7,60,67,0.5074626865671642,0.39880952380952384,0.5405405405405406,0.4666666666666667,0.55,0.35714285714285715,0.6333333333333333,0.4666666666666667,0.042537313432835844,-0.041666666666666685,0.09279279279279273,0.0
bull_to_bear,0.18,1.0,10.0,,7,67,67,0.5074626865671642,0.39880952380952384,0.5405405405405406,0.4666666666666667,0.582089552238806,0.39880952380952384,0.6333333333333333,0.5405405405405406,0.07462686567164178,0.0,0.09279279279279273,0.0738738738738739
bull_to_neutral,0.18,1.0,10.0,0.0,7,60,67,0.5074626865671642,0.39880952380952384,0.5405405405405406,0.4666666666666667,0.55,0.35714285714285715,0.6333333333333333,0.4666666666666667,0.042537313432835844,-0.041666666666666685,0.09279279279279273,0.0
bull_to_bear,0.18,1.0,10.0,0.0,7,67,67,0.5074626865671642,0.39880952380952384,0.5405405405405406,0.4666666666666667,0.582089552238806,0.39880952380952384,0.6333333333333333,0.5405405405405406,0.07462686567164178,0.0,0.09279279279279273,0.0738738738738739
bull_to_neutral,0.18,1.0,10.0,-0.05,7,60,67,0.5074626865671642,0.39880952380952384,0.5405405405405406,0.4666666666666667,0.55,0.35714285714285715,0.6333333333333333,0.4666666666666667,0.042537313432835844,-0.041666666666666685,0.09279279279279273,0.0
bull_to_bear,0.18,1.0,10.0,-0.05,7,67,67,0.5074626865671642,0.39880952380952384,0.5405405405405406,0.4666666666666667,0.582089552238806,0.39880952380952384,0.6333333333333333,0.5405405405405406,0.07462686567164178,0.0,0.09279279279279273,0.0738738738738739
bull_to_neutral,0.18,1.0,10.0,-0.1,7,60,67,0.5074626865671642,0.39880952380952384,0.5405405405405406,0.4666666666666667,0.55,0.35714285714285715,0.6333333333333333,0.4666666666666667,0.042537313432835844,-0.041666666666666685,0.09279279279279273,0.0
bull_to_bear,0.18,1.0,10.0,-0.1,7,67,67,0.5074626865671642,0.39880952380952384,0.5405405405405406,0.4666666666666667,0.582089552238806,0.39880952380952384,0.6333333333333333,0.5405405405405406,0.07462686567164178,0.0,0.09279279279279273,0.0738738738738739
bull_to_neutral,0.18,1.0,15.0,,6,61,67,0.5074626865671642,0.39880952380952384,0.5405405405405406,0.4666666666666667,0.5409836065573771,0.3630952380952381,0.6129032258064516,0.4666666666666667,0.033520919990212894,-0.035714285714285754,0.07236268526591105,0.0
bull_to_bear,0.18,1.0,15.0,,6,67,67,0.5074626865671642,0.39880952380952384,0.5405405405405406,0.4666666666666667,0.5671641791044776,0.39880952380952384,0.6129032258064516,0.5277777777777778,0.05970149253731338,0.0,0.07236268526591105,0.061111111111111116
bull_to_neutral,0.18,1.0,15.0,0.0,6,61,67,0.5074626865671642,0.39880952380952384,0.5405405405405406,0.4666666666666667,0.5409836065573771,0.3630952380952381,0.6129032258064516,0.4666666666666667,0.033520919990212894,-0.035714285714285754,0.07236268526591105,0.0
bull_to_bear,0.18,1.0,15.0,0.0,6,67,67,0.5074626865671642,0.39880952380952384,0.5405405405405406,0.4666666666666667,0.5671641791044776,0.39880952380952384,0.6129032258064516,0.5277777777777778,0.05970149253731338,0.0,0.07236268526591105,0.061111111111111116
bull_to_neutral,0.18,1.0,15.0,-0.05,6,61,67,0.5074626865671642,0.39880952380952384,0.5405405405405406,0.4666666666666667,0.5409836065573771,0.3630952380952381,0.6129032258064516,0.4666666666666667,0.033520919990212894,-0.035714285714285754,0.07236268526591105,0.0
bull_to_bear,0.18,1.0,15.0,-0.05,6,67,67,0.5074626865671642,0.39880952380952384,0.5405405405405406,0.4666666666666667,0.5671641791044776,0.39880952380952384,0.6129032258064516,0.5277777777777778,0.05970149253731338,0.0,0.07236268526591105,0.061111111111111116
bull_to_neutral,0.18,1.0,15.0,-0.1,6,61,67,0.5074626865671642,0.39880952380952384,0.5405405405405406,0.4666666666666667,0.5409836065573771,0.3630952380952381,0.6129032258064516,0.4666666666666667,0.033520919990212894,-0.035714285714285754,0.07236268526591105,0.0
bull_to_bear,0.18,1.0,15.0,-0.1,6,67,67,0.5074626865671642,0.39880952380952384,0.5405405405405406,0.4666666666666667,0.5671641791044776,0.39880952380952384,0.6129032258064516,0.5277777777777778,0.05970149253731338,0.0,0.07236268526591105,0.061111111111111116
bull_to_neutral,0.18,0.99,,,0,67,67,0.5074626865671642,0.39880952380952384,0.5405405405405406,0.4666666666666667,0.5074626865671642,0.39880952380952384,0.5405405405405406,0.4666666666666667,0.0,0.0,0.0,0.0
bull_to_bear,0.18,0.99,,,0,67,67,0.5074626865671642,0.39880952380952384,0.5405405405405406,0.4666666666666667,0.5074626865671642,0.39880952380952384,0.5405405405405406,0.4666666666666667,0.0,0.0,0.0,0.0
bull_to_neutral,0.18,0.99,,0.0,0,67,67,0.5074626865671642,0.39880952380952384,0.5405405405405406,0.4666666666666667,0.5074626865671642,0.39880952380952384,0.5405405405405406,0.4666666666666667,0.0,0.0,0.0,0.0
bull_to_bear,0.18,0.99,,0.0,0,67,67,0.5074626865671642,0.39880952380952384,0.5405405405405406,0.4666666666666667,0.5074626865671642,0.39880952380952384,0.5405405405405406,0.4666666666666667,0.0,0.0,0.0,0.0
bull_to_neutral,0.18,0.99,,-0.05,0,67,67,0.5074626865671642,0.39880952380952384,0.5405405405405406,0.4666666666666667,0.5074626865671642,0.39880952380952384,0.5405405405405406,0.4666666666666667,0.0,0.0,0.0,0.0
bull_to_bear,0.18,0.99,,-0.05,0,67,67,0.5074626865671642,0.39880952380952384,0.5405405405405406,0.4666666666666667,0.5074626865671642,0.39880952380952384,0.5405405405405406,0.4666666666666667,0.0,0.0,0.0,0.0
bull_to_neutral,0.18,0.99,,-0.1,0,67,67,0.5074626865671642,0.39880952380952384,0.5405405405405406,0.4666666666666667,0.5074626865671642,0.39880952380952384,0.5405405405405406,0.4666666666666667,0.0,0.0,0.0,0.0
bull_to_bear,0.18,0.99,,-0.1,0,67,67,0.5074626865671642,0.39880952380952384,0.5405405405405406,0.4666666666666667,0.5074626865671642,0.39880952380952384,0.5405405405405406,0.4666666666666667,0.0,0.0,0.0,0.0
bull_to_neutral,0.18,0.99,0.0,,0,67,67,0.5074626865671642,0.39880952380952384,0.5405405405405406,0.4666666666666667,0.5074626865671642,0.39880952380952384,0.5405405405405406,0.4666666666666667,0.0,0.0,0.0,0.0
bull_to_bear,0.18,0.99,0.0,,0,67,67,0.5074626865671642,0.39880952380952384,0.5405405405405406,0.4666666666666667,0.5074626865671642,0.39880952380952384,0.5405405405405406,0.4666666666666667,0.0,0.0,0.0,0.0
bull_to_neutral,0.18,0.99,0.0,0.0,0,67,67,0.5074626865671642,0.39880952380952384,0.5405405405405406,0.4666666666666667,0.5074626865671642,0.39880952380952384,0.5405405405405406,0.4666666666666667,0.0,0.0,0.0,0.0
bull_to_bear,0.18,0.99,0.0,0.0,0,67,67,0.5074626865671642,0.39880952380952384,0.5405405405405406,0.4666666666666667,0.5074626865671642,0.39880952380952384,0.5405405405405406,0.4666666666666667,0.0,0.0,0.0,0.0
bull_to_neutral,0.18,0.99,0.0,-0.05,0,67,67,0.5074626865671642,0.39880952380952384,0.5405405405405406,0.4666666666666667,0.5074626865671642,0.39880952380952384,0.5405405405405406,0.4666666666666667,0.0,0.0,0.0,0.0
bull_to_bear,0.18,0.99,0.0,-0.05,0,67,67,0.5074626865671642,0.39880952380952384,0.5405405405405406,0.4666666666666667,0.5074626865671642,0.39880952380952384,0.5405405405405406,0.4666666666666667,0.0,0.0,0.0,0.0
bull_to_neutral,0.18,0.99,0.0,-0.1,0,67,67,0.5074626865671642,0.39880952380952384,0.5405405405405406,0.4666666666666667,0.5074626865671642,0.39880952380952384,0.5405405405405406,0.4666666666666667,0.0,0.0,0.0,0.0
bull_to_bear,0.18,0.99,0.0,-0.1,0,67,67,0.5074626865671642,0.39880952380952384,0.5405405405405406,0.4666666666666667,0.5074626865671642,0.39880952380952384,0.5405405405405406,0.4666666666666667,0.0,0.0,0.0,0.0
bull_to_neutral,0.18,0.99,5.0,,0,67,67,0.5074626865671642,0.39880952380952384,0.5405405405405406,0.4666666666666667,0.5074626865671642,0.39880952380952384,0.5405405405405406,0.4666666666666667,0.0,0.0,0.0,0.0
bull_to_bear,0.18,0.99,5.0,,0,67,67,0.5074626865671642,0.39880952380952384,0.5405405405405406,0.4666666666666667,0.5074626865671642,0.39880952380952384,0.5405405405405406,0.4666666666666667,0.0,0.0,0.0,0.0
bull_to_neutral,0.18,0.99,5.0,0.0,0,67,67,0.5074626865671642,0.39880952380952384,0.5405405405405406,0.4666666666666667,0.5074626865671642,0.39880952380952384,0.5405405405405406,0.4666666666666667,0.0,0.0,0.0,0.0
bull_to_bear,0.18,0.99,5.0,0.0,0,67,67,0.5074626865671642,0.39880952380952384,0.5405405405405406,0.4666666666666667,0.5074626865671642,0.39880952380952384,0.5405405405405406,0.4666666666666667,0.0,0.0,0.0,0.0
bull_to_neutral,0.18,0.99,5.0,-0.05,0,67,67,0.5074626865671642,0.39880952380952384,0.5405405405405406,0.4666666666666667,0.5074626865671642,0.39880952380952384,0.5405405405405406,0.4666666666666667,0.0,0.0,0.0,0.0
bull_to_bear,0.18,0.99,5.0,-0.05,0,67,67,0.5074626865671642,0.39880952380952384,0.5405405405405406,0.4666666666666667,0.5074626865671642,0.39880952380952384,0.5405405405405406,0.4666666666666667,0.0,0.0,0.0,0.0
bull_to_neutral,0.18,0.99,5.0,-0.1,0,67,67,0.5074626865671642,0.39880952380952384,0.5405405405405406,0.4666666666666667,0.5074626865671642,0.39880952380952384,0.5405405405405406,0.4666666666666667,0.0,0.0,0.0,0.0
bull_to_bear,0.18,0.99,5.0,-0.1,0,67,67,0.5074626865671642,0.39880952380952384,0.5405405405405406,0.4666666666666667,0.5074626865671642,0.39880952380952384,0.5405405405405406,0.4666666666666667,0.0,0.0,0.0,0.0
bull_to_neutral,0.18,0.99,10.0,,0,67,67,0.5074626865671642,0.39880952380952384,0.5405405405405406,0.4666666666666667,0.5074626865671642,0.39880952380952384,0.5405405405405406,0.4666666666666667,0.0,0.0,0.0,0.0
bull_to_bear,0.18,0.99,10.0,,0,67,67,0.5074626865671642,0.39880952380952384,0.5405405405405406,0.4666666666666667,0.5074626865671642,0.39880952380952384,0.5405405405405406,0.4666666666666667,0.0,0.0,0.0,0.0
bull_to_neutral,0.18,0.99,10.0,0.0,0,67,67,0.5074626865671642,0.39880952380952384,0.5405405405405406,0.4666666666666667,0.5074626865671642,0.39880952380952384,0.5405405405405406,0.4666666666666667,0.0,0.0,0.0,0.0
bull_to_bear,0.18,0.99,10.0,0.0,0,67,67,0.5074626865671642,0.39880952380952384,0.5405405405405406,0.4666666666666667,0.5074626865671642,0.39880952380952384,0.5405405405405406,0.4666666666666667,0.0,0.0,0.0,0.0
bull_to_neutral,0.18,0.99,10.0,-0.05,0,67,67,0.5074626865671642,0.39880952380952384,0.5405405405405406,0.4666666666666667,0.5074626865671642,0.39880952380952384,0.5405405405405406,0.4666666666666667,0.0,0.0,0.0,0.0
bull_to_bear,0.18,0.99,10.0,-0.05,0,67,67,0.5074626865671642,0.39880952380952384,0.5405405405405406,0.4666666666666667,0.5074626865671642,0.39880952380952384,0.5405405405405406,0.4666666666666667,0.0,0.0,0.0,0.0
bull_to_neutral,0.18,0.99,10.0,-0.1,0,67,67,0.5074626865671642,0.39880952380952384,0.5405405405405406,0.4666666666666667,0.5074626865671642,0.39880952380952384,0.5405405405405406,0.4666666666666667,0.0,0.0,0.0,0.0
bull_to_bear,0.18,0.99,10.0,-0.1,0,67,67,0.5074626865671642,0.39880952380952384,0.5405405405405406,0.4666666666666667,0.5074626865671642,0.39880952380952384,0.5405405405405406,0.4666666666666667,0.0,0.0,0.0,0.0
bull_to_neutral,0.18,0.99,15.0,,0,67,67,0.5074626865671642,0.39880952380952384,0.5405405405405406,0.4666666666666667,0.5074626865671642,0.39880952380952384,0.5405405405405406,0.4666666666666667,0.0,0.0,0.0,0.0
bull_to_bear,0.18,0.99,15.0,,0,67,67,0.5074626865671642,0.39880952380952384,0.5405405405405406,0.4666666666666667,0.5074626865671642,0.39880952380952384,0.5405405405405406,0.4666666666666667,0.0,0.0,0.0,0.0
bull_to_neutral,0.18,0.99,15.0,0.0,0,67,67,0.5074626865671642,0.39880952380952384,0.5405405405405406,0.4666666666666667,0.5074626865671642,0.39880952380952384,0.5405405405405406,0.4666666666666667,0.0,0.0,0.0,0.0
bull_to_bear,0.18,0.99,15.0,0.0,0,67,67,0.5074626865671642,0.39880952380952384,0.5405405405405406,0.4666666666666667,0.5074626865671642,0.39880952380952384,0.5405405405405406,0.4666666666666667,0.0,0.0,0.0,0.0
bull_to_neutral,0.18,0.99,15.0,-0.05,0,67,67,0.5074626865671642,0.39880952380952384,0.5405405405405406,0.4666666666666667,0.5074626865671642,0.39880952380952384,0.5405405405405406,0.4666666666666667,0.0,0.0,0.0,0.0
bull_to_bear,0.18,0.99,15.0,-0.05,0,67,67,0.5074626865671642,0.39880952380952384,0.5405405405405406,0.4666666666666667,0.5074626865671642,0.39880952380952384,0.5405405405405406,0.4666666666666667,0.0,0.0,0.0,0.0
bull_to_neutral,0.18,0.99,15.0,-0.1,0,67,67,0.5074626865671642,0.39880952380952384,0.5405405405405406,0.4666666666666667,0.5074626865671642,0.39880952380952384,0.5405405405405406,0.4666666666666667,0.0,0.0,0.0,0.0
bull_to_bear,0.18,0.99,15.0,-0.1,0,67,67,0.5074626865671642,0.39880952380952384,0.5405405405405406,0.4666666666666667,0.5074626865671642,0.39880952380952384,0.5405405405405406,0.4666666666666667,0.0,0.0,0.0,0.0
bull_to_neutral,0.18,0.98,,,0,67,67,0.5074626865671642,0.39880952380952384,0.5405405405405406,0.4666666666666667,0.5074626865671642,0.39880952380952384,0.5405405405405406,0.4666666666666667,0.0,0.0,0.0,0.0
bull_to_bear,0.18,0.98,,,0,67,67,0.5074626865671642,0.39880952380952384,0.5405405405405406,0.4666666666666667,0.5074626865671642,0.39880952380952384,0.5405405405405406,0.4666666666666667,0.0,0.0,0.0,0.0
bull_to_neutral,0.18,0.98,,0.0,0,67,67,0.5074626865671642,0.39880952380952384,0.5405405405405406,0.4666666666666667,0.5074626865671642,0.39880952380952384,0.5405405405405406,0.4666666666666667,0.0,0.0,0.0,0.0
bull_to_bear,0.18,0.98,,0.0,0,67,67,0.5074626865671642,0.39880952380952384,0.5405405405405406,0.4666666666666667,0.5074626865671642,0.39880952380952384,0.5405405405405406,0.4666666666666667,0.0,0.0,0.0,0.0
bull_to_neutral,0.18,0.98,,-0.05,0,67,67,0.5074626865671642,0.39880952380952384,0.5405405405405406,0.4666666666666667,0.5074626865671642,0.39880952380952384,0.5405405405405406,0.4666666666666667,0.0,0.0,0.0,0.0
bull_to_bear,0.18,0.98,,-0.05,0,67,67,0.5074626865671642,0.39880952380952384,0.5405405405405406,0.4666666666666667,0.5074626865671642,0.39880952380952384,0.5405405405405406,0.4666666666666667,0.0,0.0,0.0,0.0
bull_to_neutral,0.18,0.98,,-0.1,0,67,67,0.5074626865671642,0.39880952380952384,0.5405405405405406,0.4666666666666667,0.5074626865671642,0.39880952380952384,0.5405405405405406,0.4666666666666667,0.0,0.0,0.0,0.0
bull_to_bear,0.18,0.98,,-0.1,0,67,67,0.5074626865671642,0.39880952380952384,0.5405405405405406,0.4666666666666667,0.5074626865671642,0.39880952380952384,0.5405405405405406,0.4666666666666667,0.0,0.0,0.0,0.0
bull_to_neutral,0.18,0.98,0.0,,0,67,67,0.5074626865671642,0.39880952380952384,0.5405405405405406,0.4666666666666667,0.5074626865671642,0.39880952380952384,0.5405405405405406,0.4666666666666667,0.0,0.0,0.0,0.0
bull_to_bear,0.18,0.98,0.0,,0,67,67,0.5074626865671642,0.39880952380952384,0.5405405405405406,0.4666666666666667,0.5074626865671642,0.39880952380952384,0.5405405405405406,0.4666666666666667,0.0,0.0,0.0,0.0
bull_to_neutral,0.18,0.98,0.0,0.0,0,67,67,0.5074626865671642,0.39880952380952384,0.5405405405405406,0.4666666666666667,0.5074626865671642,0.39880952380952384,0.5405405405405406,0.4666666666666667,0.0,0.0,0.0,0.0
bull_to_bear,0.18,0.98,0.0,0.0,0,67,67,0.5074626865671642,0.39880952380952384,0.5405405405405406,0.4666666666666667,0.5074626865671642,0.39880952380952384,0.5405405405405406,0.4666666666666667,0.0,0.0,0.0,0.0
bull_to_neutral,0.18,0.98,0.0,-0.05,0,67,67,0.5074626865671642,0.39880952380952384,0.5405405405405406,0.4666666666666667,0.5074626865671642,0.39880952380952384,0.5405405405405406,0.4666666666666667,0.0,0.0,0.0,0.0
bull_to_bear,0.18,0.98,0.0,-0.05,0,67,67,0.5074626865671642,0.39880952380952384,0.5405405405405406,0.4666666666666667,0.5074626865671642,0.39880952380952384,0.5405405405405406,0.4666666666666667,0.0,0.0,0.0,0.0
bull_to_neutral,0.18,0.98,0.0,-0.1,0,67,67,0.5074626865671642,0.39880952380952384,0.5405405405405406,0.4666666666666667,0.5074626865671642,0.39880952380952384,0.5405405405405406,0.4666666666666667,0.0,0.0,0.0,0.0
bull_to_bear,0.18,0.98,0.0,-0.1,0,67,67,0.5074626865671642,0.39880952380952384,0.5405405405405406,0.4666666666666667,0.5074626865671642,0.39880952380952384,0.5405405405405406,0.4666666666666667,0.0,0.0,0.0,0.0
bull_to_neutral,0.18,0.98,5.0,,0,67,67,0.5074626865671642,0.39880952380952384,0.5405405405405406,0.4666666666666667,0.5074626865671642,0.39880952380952384,0.5405405405405406,0.4666666666666667,0.0,0.0,0.0,0.0
bull_to_bear,0.18,0.98,5.0,,0,67,67,0.5074626865671642,0.39880952380952384,0.5405405405405406,0.4666666666666667,0.5074626865671642,0.39880952380952384,0.5405405405405406,0.4666666666666667,0.0,0.0,0.0,0.0
bull_to_neutral,0.18,0.98,5.0,0.0,0,67,67,0.5074626865671642,0.39880952380952384,0.5405405405405406,0.4666666666666667,0.5074626865671642,0.39880952380952384,0.5405405405405406,0.4666666666666667,0.0,0.0,0.0,0.0
bull_to_bear,0.18,0.98,5.0,0.0,0,67,67,0.5074626865671642,0.39880952380952384,0.5405405405405406,0.4666666666666667,0.5074626865671642,0.39880952380952384,0.5405405405405406,0.4666666666666667,0.0,0.0,0.0,0.0
bull_to_neutral,0.18,0.98,5.0,-0.05,0,67,67,0.5074626865671642,0.39880952380952384,0.5405405405405406,0.4666666666666667,0.5074626865671642,0.39880952380952384,0.5405405405405406,0.4666666666666667,0.0,0.0,0.0,0.0
bull_to_bear,0.18,0.98,5.0,-0.05,0,67,67,0.5074626865671642,0.39880952380952384,0.5405405405405406,0.4666666666666667,0.5074626865671642,0.39880952380952384,0.5405405405405406,0.4666666666666667,0.0,0.0,0.0,0.0
bull_to_neutral,0.18,0.98,5.0,-0.1,0,67,67,0.5074626865671642,0.39880952380952384,0.5405405405405406,0.4666666666666667,0.5074626865671642,0.39880952380952384,0.5405405405405406,0.4666666666666667,0.0,0.0,0.0,0.0
bull_to_bear,0.18,0.98,5.0,-0.1,0,67,67,0.5074626865671642,0.39880952380952384,0.5405405405405406,0.4666666666666667,0.5074626865671642,0.39880952380952384,0.5405405405405406,0.4666666666666667,0.0,0.0,0.0,0.0
bull_to_neutral,0.18,0.98,10.0,,0,67,67,0.5074626865671642,0.39880952380952384,0.5405405405405406,0.4666666666666667,0.5074626865671642,0.39880952380952384,0.5405405405405406,0.4666666666666667,0.0,0.0,0.0,0.0
bull_to_bear,0.18,0.98,10.0,,0,67,67,0.5074626865671642,0.39880952380952384,0.5405405405405406,0.4666666666666667,0.5074626865671642,0.39880952380952384,0.5405405405405406,0.4666666666666667,0.0,0.0,0.0,0.0
bull_to_neutral,0.18,0.98,10.0,0.0,0,67,67,0.5074626865671642,0.39880952380952384,0.5405405405405406,0.4666666666666667,0.5074626865671642,0.39880952380952384,0.5405405405405406,0.4666666666666667,0.0,0.0,0.0,0.0
bull_to_bear,0.18,0.98,10.0,0.0,0,67,67,0.5074626865671642,0.39880952380952384,0.5405405405405406,0.4666666666666667,0.5074626865671642,0.39880952380952384,0.5405405405405406,0.4666666666666667,0.0,0.0,0.0,0.0
bull_to_neutral,0.18,0.98,10.0,-0.05,0,67,67,0.5074626865671642,0.39880952380952384,0.5405405405405406,0.4666666666666667,0.5074626865671642,0.39880952380952384,0.5405405405405406,0.4666666666666667,0.0,0.0,0.0,0.0
bull_to_bear,0.18,0.98,10.0,-0.05,0,67,67,0.5074626865671642,0.39880952380952384,0.5405405405405406,0.4666666666666667,0.5074626865671642,0.39880952380952384,0.5405405405405406,0.4666666666666667,0.0,0.0,0.0,0.0
bull_to_neutral,0.18,0.98,10.0,-0.1,0,67,67,0.5074626865671642,0.39880952380952384,0.5405405405405406,0.4666666666666667,0.5074626865671642,0.39880952380952384,0.5405405405405406,0.4666666666666667,0.0,0.0,0.0,0.0
bull_to_bear,0.18,0.98,10.0,-0.1,0,67,67,0.5074626865671642,0.39880952380952384,0.5405405405405406,0.4666666666666667,0.5074626865671642,0.39880952380952384,0.5405405405405406,0.4666666666666667,0.0,0.0,0.0,0.0
bull_to_neutral,0.18,0.98,15.0,,0,67,67,0.5074626865671642,0.39880952380952384,0.5405405405405406,0.4666666666666667,0.5074626865671642,0.39880952380952384,0.5405405405405406,0.4666666666666667,0.0,0.0,0.0,0.0
bull_to_bear,0.18,0.98,15.0,,0,67,67,0.5074626865671642,0.39880952380952384,0.5405405405405406,0.4666666666666667,0.5074626865671642,0.39880952380952384,0.5405405405405406,0.4666666666666667,0.0,0.0,0.0,0.0
bull_to_neutral,0.18,0.98,15.0,0.0,0,67,67,0.5074626865671642,0.39880952380952384,0.5405405405405406,0.4666666666666667,0.5074626865671642,0.39880952380952384,0.5405405405405406,0.4666666666666667,0.0,0.0,0.0,0.0
bull_to_bear,0.18,0.98,15.0,0.0,0,67,67,0.5074626865671642,0.39880952380952384,0.5405405405405406,0.4666666666666667,0.5074626865671642,0.39880952380952384,0.5405405405405406,0.4666666666666667,0.0,0.0,0.0,0.0
bull_to_neutral,0.18,0.98,15.0,-0.05,0,67,67,0.5074626865671642,0.39880952380952384,0.5405405405405406,0.4666666666666667,0.5074626865671642,0.39880952380952384,0.5405405405405406,0.4666666666666667,0.0,0.0,0.0,0.0
bull_to_bear,0.18,0.98,15.0,-0.05,0,67,67,0.5074626865671642,0.39880952380952384,0.5405405405405406,0.4666666666666667,0.5074626865671642,0.39880952380952384,0.5405405405405406,0.4666666666666667,0.0,0.0,0.0,0.0
bull_to_neutral,0.18,0.98,15.0,-0.1,0,67,67,0.5074626865671642,0.39880952380952384,0.5405405405405406,0.4666666666666667,0.5074626865671642,0.39880952380952384,0.5405405405405406,0.4666666666666667,0.0,0.0,0.0,0.0
bull_to_bear,0.18,0.98,15.0,-0.1,0,67,67,0.5074626865671642,0.39880952380952384,0.5405405405405406,0.4666666666666667,0.5074626865671642,0.39880952380952384,0.5405405405405406,0.4666666666666667,0.0,0.0,0.0,0.0
bull_to_neutral,0.18,0.97,,,0,67,67,0.5074626865671642,0.39880952380952384,0.5405405405405406,0.4666666666666667,0.5074626865671642,0.39880952380952384,0.5405405405405406,0.4666666666666667,0.0,0.0,0.0,0.0
bull_to_bear,0.18,0.97,,,0,67,67,0.5074626865671642,0.39880952380952384,0.5405405405405406,0.4666666666666667,0.5074626865671642,0.39880952380952384,0.5405405405405406,0.4666666666666667,0.0,0.0,0.0,0.0
bull_to_neutral,0.18,0.97,,0.0,0,67,67,0.5074626865671642,0.39880952380952384,0.5405405405405406,0.4666666666666667,0.5074626865671642,0.39880952380952384,0.5405405405405406,0.4666666666666667,0.0,0.0,0.0,0.0
bull_to_bear,0.18,0.97,,0.0,0,67,67,0.5074626865671642,0.39880952380952384,0.5405405405405406,0.4666666666666667,0.5074626865671642,0.39880952380952384,0.5405405405405406,0.4666666666666667,0.0,0.0,0.0,0.0
bull_to_neutral,0.18,0.97,,-0.05,0,67,67,0.5074626865671642,0.39880952380952384,0.5405405405405406,0.4666666666666667,0.5074626865671642,0.39880952380952384,0.5405405405405406,0.4666666666666667,0.0,0.0,0.0,0.0
bull_to_bear,0.18,0.97,,-0.05,0,67,67,0.5074626865671642,0.39880952380952384,0.5405405405405406,0.4666666666666667,0.5074626865671642,0.39880952380952384,0.5405405405405406,0.4666666666666667,0.0,0.0,0.0,0.0
bull_to_neutral,0.18,0.97,,-0.1,0,67,67,0.5074626865671642,0.39880952380952384,0.5405405405405406,0.4666666666666667,0.5074626865671642,0.39880952380952384,0.5405405405405406,0.4666666666666667,0.0,0.0,0.0,0.0
bull_to_bear,0.18,0.97,,-0.1,0,67,67,0.5074626865671642,0.39880952380952384,0.5405405405405406,0.4666666666666667,0.5074626865671642,0.39880952380952384,0.5405405405405406,0.4666666666666667,0.0,0.0,0.0,0.0
bull_to_neutral,0.18,0.97,0.0,,0,67,67,0.5074626865671642,0.39880952380952384,0.5405405405405406,0.4666666666666667,0.5074626865671642,0.39880952380952384,0.5405405405405406,0.4666666666666667,0.0,0.0,0.0,0.0
bull_to_bear,0.18,0.97,0.0,,0,67,67,0.5074626865671642,0.39880952380952384,0.5405405405405406,0.4666666666666667,0.5074626865671642,0.39880952380952384,0.5405405405405406,0.4666666666666667,0.0,0.0,0.0,0.0
bull_to_neutral,0.18,0.97,0.0,0.0,0,67,67,0.5074626865671642,0.39880952380952384,0.5405405405405406,0.4666666666666667,0.5074626865671642,0.39880952380952384,0.5405405405405406,0.4666666666666667,0.0,0.0,0.0,0.0
bull_to_bear,0.18,0.97,0.0,0.0,0,67,67,0.5074626865671642,0.39880952380952384,0.5405405405405406,0.4666666666666667,0.5074626865671642,0.39880952380952384,0.5405405405405406,0.4666666666666667,0.0,0.0,0.0,0.0
bull_to_neutral,0.18,0.97,0.0,-0.05,0,67,67,0.5074626865671642,0.39880952380952384,0.5405405405405406,0.4666666666666667,0.5074626865671642,0.39880952380952384,0.5405405405405406,0.4666666666666667,0.0,0.0,0.0,0.0
bull_to_bear,0.18,0.97,0.0,-0.05,0,67,67,0.5074626865671642,0.39880952380952384,0.5405405405405406,0.4666666666666667,0.5074626865671642,0.39880952380952384,0.5405405405405406,0.4666666666666667,0.0,0.0,0.0,0.0
bull_to_neutral,0.18,0.97,0.0,-0.1,0,67,67,0.5074626865671642,0.39880952380952384,0.5405405405405406,0.4666666666666667,0.5074626865671642,0.39880952380952384,0.5405405405405406,0.4666666666666667,0.0,0.0,0.0,0.0
bull_to_bear,0.18,0.97,0.0,-0.1,0,67,67,0.5074626865671642,0.39880952380952384,0.5405405405405406,0.4666666666666667,0.5074626865671642,0.39880952380952384,0.5405405405405406,0.4666666666666667,0.0,0.0,0.0,0.0
bull_to_neutral,0.18,0.97,5.0,,0,67,67,0.5074626865671642,0.39880952380952384,0.5405405405405406,0.4666666666666667,0.5074626865671642,0.39880952380952384,0.5405405405405406,0.4666666666666667,0.0,0.0,0.0,0.0
bull_to_bear,0.18,0.97,5.0,,0,67,67,0.5074626865671642,0.39880952380952384,0.5405405405405406,0.4666666666666667,0.5074626865671642,0.39880952380952384,0.5405405405405406,0.4666666666666667,0.0,0.0,0.0,0.0
bull_to_neutral,0.18,0.97,5.0,0.0,0,67,67,0.5074626865671642,0.39880952380952384,0.5405405405405406,0.4666666666666667,0.5074626865671642,0.39880952380952384,0.5405405405405406,0.4666666666666667,0.0,0.0,0.0,0.0
bull_to_bear,0.18,0.97,5.0,0.0,0,67,67,0.5074626865671642,0.39880952380952384,0.5405405405405406,0.4666666666666667,0.5074626865671642,0.39880952380952384,0.5405405405405406,0.4666666666666667,0.0,0.0,0.0,0.0
bull_to_neutral,0.18,0.97,5.0,-0.05,0,67,67,0.5074626865671642,0.39880952380952384,0.5405405405405406,0.4666666666666667,0.5074626865671642,0.39880952380952384,0.5405405405405406,0.4666666666666667,0.0,0.0,0.0,0.0
bull_to_bear,0.18,0.97,5.0,-0.05,0,67,67,0.5074626865671642,0.39880952380952384,0.5405405405405406,0.4666666666666667,0.5074626865671642,0.39880952380952384,0.5405405405405406,0.4666666666666667,0.0,0.0,0.0,0.0
bull_to_neutral,0.18,0.97,5.0,-0.1,0,67,67,0.5074626865671642,0.39880952380952384,0.5405405405405406,0.4666666666666667,0.5074626865671642,0.39880952380952384,0.5405405405405406,0.4666666666666667,0.0,0.0,0.0,0.0
bull_to_bear,0.18,0.97,5.0,-0.1,0,67,67,0.5074626865671642,0.39880952380952384,0.5405405405405406,0.4666666666666667,0.5074626865671642,0.39880952380952384,0.5405405405405406,0.4666666666666667,0.0,0.0,0.0,0.0
bull_to_neutral,0.18,0.97,10.0,,0,67,67,0.5074626865671642,0.39880952380952384,0.5405405405405406,0.4666666666666667,0.5074626865671642,0.39880952380952384,0.5405405405405406,0.4666666666666667,0.0,0.0,0.0,0.0
bull_to_bear,0.18,0.97,10.0,,0,67,67,0.5074626865671642,0.39880952380952384,0.5405405405405406,0.4666666666666667,0.5074626865671642,0.39880952380952384,0.5405405405405406,0.4666666666666667,0.0,0.0,0.0,0.0
bull_to_neutral,0.18,0.97,10.0,0.0,0,67,67,0.5074626865671642,0.39880952380952384,0.5405405405405406,0.4666666666666667,0.5074626865671642,0.39880952380952384,0.5405405405405406,0.4666666666666667,0.0,0.0,0.0,0.0
bull_to_bear,0.18,0.97,10.0,0.0,0,67,67,0.5074626865671642,0.39880952380952384,0.5405405405405406,0.4666666666666667,0.5074626865671642,0.39880952380952384,0.5405405405405406,0.4666666666666667,0.0,0.0,0.0,0.0
bull_to_neutral,0.18,0.97,10.0,-0.05,0,67,67,0.5074626865671642,0.39880952380952384,0.5405405405405406,0.4666666666666667,0.5074626865671642,0.39880952380952384,0.5405405405405406,0.4666666666666667,0.0,0.0,0.0,0.0
bull_to_bear,0.18,0.97,10.0,-0.05,0,67,67,0.5074626865671642,0.39880952380952384,0.5405405405405406,0.4666666666666667,0.5074626865671642,0.39880952380952384,0.5405405405405406,0.4666666666666667,0.0,0.0,0.0,0.0
bull_to_neutral,0.18,0.97,10.0,-0.1,0,67,67,0.5074626865671642,0.39880952380952384,0.5405405405405406,0.4666666666666667,0.5074626865671642,0.39880952380952384,0.5405405405405406,0.4666666666666667,0.0,0.0,0.0,0.0
bull_to_bear,0.18,0.97,10.0,-0.1,0,67,67,0.5074626865671642,0.39880952380952384,0.5405405405405406,0.4666666666666667,0.5074626865671642,0.39880952380952384,0.5405405405405406,0.4666666666666667,0.0,0.0,0.0,0.0
bull_to_neutral,0.18,0.97,15.0,,0,67,67,0.5074626865671642,0.39880952380952384,0.5405405405405406,0.4666666666666667,0.5074626865671642,0.39880952380952384,0.5405405405405406,0.4666666666666667,0.0,0.0,0.0,0.0
bull_to_bear,0.18,0.97,15.0,,0,67,67,0.5074626865671642,0.39880952380952384,0.5405405405405406,0.4666666666666667,0.5074626865671642,0.39880952380952384,0.5405405405405406,0.4666666666666667,0.0,0.0,0.0,0.0
bull_to_neutral,0.18,0.97,15.0,0.0,0,67,67,0.5074626865671642,0.39880952380952384,0.5405405405405406,0.4666666666666667,0.5074626865671642,0.39880952380952384,0.5405405405405406,0.4666666666666667,0.0,0.0,0.0,0.0
bull_to_bear,0.18,0.97,15.0,0.0,0,67,67,0.5074626865671642,0.39880952380952384,0.5405405405405406,0.4666666666666667,0.5074626865671642,0.39880952380952384,0.5405405405405406,0.4666666666666667,0.0,0.0,0.0,0.0
bull_to_neutral,0.18,0.97,15.0,-0.05,0,67,67,0.5074626865671642,0.39880952380952384,0.5405405405405406,0.4666666666666667,0.5074626865671642,0.39880952380952384,0.5405405405405406,0.4666666666666667,0.0,0.0,0.0,0.0
bull_to_bear,0.18,0.97,15.0,-0.05,0,67,67,0.5074626865671642,0.39880952380952384,0.5405405405405406,0.4666666666666667,0.5074626865671642,0.39880952380952384,0.5405405405405406,0.4666666666666667,0.0,0.0,0.0,0.0
bull_to_neutral,0.18,0.97,15.0,-0.1,0,67,67,0.5074626865671642,0.39880952380952384,0.5405405405405406,0.4666666666666667,0.5074626865671642,0.39880952380952384,0.5405405405405406,0.4666666666666667,0.0,0.0,0.0,0.0
bull_to_bear,0.18,0.97,15.0,-0.1,0,67,67,0.5074626865671642,0.39880952380952384,0.5405405405405406,0.4666666666666667,0.5074626865671642,0.39880952380952384,0.5405405405405406,0.4666666666666667,0.0,0.0,0.0,0.0
bull_to_neutral,0.18,0.95,,,0,67,67,0.5074626865671642,0.39880952380952384,0.5405405405405406,0.4666666666666667,0.5074626865671642,0.39880952380952384,0.5405405405405406,0.4666666666666667,0.0,0.0,0.0,0.0
bull_to_bear,0.18,0.95,,,0,67,67,0.5074626865671642,0.39880952380952384,0.5405405405405406,0.4666666666666667,0.5074626865671642,0.39880952380952384,0.5405405405405406,0.4666666666666667,0.0,0.0,0.0,0.0
bull_to_neutral,0.18,0.95,,0.0,0,67,67,0.5074626865671642,0.39880952380952384,0.5405405405405406,0.4666666666666667,0.5074626865671642,0.39880952380952384,0.5405405405405406,0.4666666666666667,0.0,0.0,0.0,0.0
bull_to_bear,0.18,0.95,,0.0,0,67,67,0.5074626865671642,0.39880952380952384,0.5405405405405406,0.4666666666666667,0.5074626865671642,0.39880952380952384,0.5405405405405406,0.4666666666666667,0.0,0.0,0.0,0.0
bull_to_neutral,0.18,0.95,,-0.05,0,67,67,0.5074626865671642,0.39880952380952384,0.5405405405405406,0.4666666666666667,0.5074626865671642,0.39880952380952384,0.5405405405405406,0.4666666666666667,0.0,0.0,0.0,0.0
bull_to_bear,0.18,0.95,,-0.05,0,67,67,0.5074626865671642,0.39880952380952384,0.5405405405405406,0.4666666666666667,0.5074626865671642,0.39880952380952384,0.5405405405405406,0.4666666666666667,0.0,0.0,0.0,0.0
bull_to_neutral,0.18,0.95,,-0.1,0,67,67,0.5074626865671642,0.39880952380952384,0.5405405405405406,0.4666666666666667,0.5074626865671642,0.39880952380952384,0.5405405405405406,0.4666666666666667,0.0,0.0,0.0,0.0
bull_to_bear,0.18,0.95,,-0.1,0,67,67,0.5074626865671642,0.39880952380952384,0.5405405405405406,0.4666666666666667,0.5074626865671642,0.39880952380952384,0.5405405405405406,0.4666666666666667,0.0,0.0,0.0,0.0
bull_to_neutral,0.18,0.95,0.0,,0,67,67,0.5074626865671642,0.39880952380952384,0.5405405405405406,0.4666666666666667,0.5074626865671642,0.39880952380952384,0.5405405405405406,0.4666666666666667,0.0,0.0,0.0,0.0
bull_to_bear,0.18,0.95,0.0,,0,67,67,0.5074626865671642,0.39880952380952384,0.5405405405405406,0.4666666666666667,0.5074626865671642,0.39880952380952384,0.5405405405405406,0.4666666666666667,0.0,0.0,0.0,0.0
bull_to_neutral,0.18,0.95,0.0,0.0,0,67,67,0.5074626865671642,0.39880952380952384,0.5405405405405406,0.4666666666666667,0.5074626865671642,0.39880952380952384,0.5405405405405406,0.4666666666666667,0.0,0.0,0.0,0.0
bull_to_bear,0.18,0.95,0.0,0.0,0,67,67,0.5074626865671642,0.39880952380952384,0.5405405405405406,0.4666666666666667,0.5074626865671642,0.39880952380952384,0.5405405405405406,0.4666666666666667,0.0,0.0,0.0,0.0
bull_to_neutral,0.18,0.95,0.0,-0.05,0,67,67,0.5074626865671642,0.39880952380952384,0.5405405405405406,0.4666666666666667,0.5074626865671642,0.39880952380952384,0.5405405405405406,0.4666666666666667,0.0,0.0,0.0,0.0
bull_to_bear,0.18,0.95,0.0,-0.05,0,67,67,0.5074626865671642,0.39880952380952384,0.5405405405405406,0.4666666666666667,0.5074626865671642,0.39880952380952384,0.5405405405405406,0.4666666666666667,0.0,0.0,0.0,0.0
bull_to_neutral,0.18,0.95,0.0,-0.1,0,67,67,0.5074626865671642,0.39880952380952384,0.5405405405405406,0.4666666666666667,0.5074626865671642,0.39880952380952384,0.5405405405405406,0.4666666666666667,0.0,0.0,0.0,0.0
bull_to_bear,0.18,0.95,0.0,-0.1,0,67,67,0.5074626865671642,0.39880952380952384,0.5405405405405406,0.4666666666666667,0.5074626865671642,0.39880952380952384,0.5405405405405406,0.4666666666666667,0.0,0.0,0.0,0.0
bull_to_neutral,0.18,0.95,5.0,,0,67,67,0.5074626865671642,0.39880952380952384,0.5405405405405406,0.4666666666666667,0.5074626865671642,0.39880952380952384,0.5405405405405406,0.4666666666666667,0.0,0.0,0.0,0.0
bull_to_bear,0.18,0.95,5.0,,0,67,67,0.5074626865671642,0.39880952380952384,0.5405405405405406,0.4666666666666667,0.5074626865671642,0.39880952380952384,0.5405405405405406,0.4666666666666667,0.0,0.0,0.0,0.0
bull_to_neutral,0.18,0.95,5.0,0.0,0,67,67,0.5074626865671642,0.39880952380952384,0.5405405405405406,0.4666666666666667,0.5074626865671642,0.39880952380952384,0.5405405405405406,0.4666666666666667,0.0,0.0,0.0,0.0
bull_to_bear,0.18,0.95,5.0,0.0,0,67,67,0.5074626865671642,0.39880952380952384,0.5405405405405406,0.4666666666666667,0.5074626865671642,0.39880952380952384,0.5405405405405406,0.4666666666666667,0.0,0.0,0.0,0.0
bull_to_neutral,0.18,0.95,5.0,-0.05,0,67,67,0.5074626865671642,0.39880952380952384,0.5405405405405406,0.4666666666666667,0.5074626865671642,0.39880952380952384,0.5405405405405406,0.4666666666666667,0.0,0.0,0.0,0.0
bull_to_bear,0.18,0.95,5.0,-0.05,0,67,67,0.5074626865671642,0.39880952380952384,0.5405405405405406,0.4666666666666667,0.5074626865671642,0.39880952380952384,0.5405405405405406,0.4666666666666667,0.0,0.0,0.0,0.0
bull_to_neutral,0.18,0.95,5.0,-0.1,0,67,67,0.5074626865671642,0.39880952380952384,0.5405405405405406,0.4666666666666667,0.5074626865671642,0.39880952380952384,0.5405405405405406,0.4666666666666667,0.0,0.0,0.0,0.0
bull_to_bear,0.18,0.95,5.0,-0.1,0,67,67,0.5074626865671642,0.39880952380952384,0.5405405405405406,0.4666666666666667,0.5074626865671642,0.39880952380952384,0.5405405405405406,0.4666666666666667,0.0,0.0,0.0,0.0
bull_to_neutral,0.18,0.95,10.0,,0,67,67,0.5074626865671642,0.39880952380952384,0.5405405405405406,0.4666666666666667,0.5074626865671642,0.39880952380952384,0.5405405405405406,0.4666666666666667,0.0,0.0,0.0,0.0
bull_to_bear,0.18,0.95,10.0,,0,67,67,0.5074626865671642,0.39880952380952384,0.5405405405405406,0.4666666666666667,0.5074626865671642,0.39880952380952384,0.5405405405405406,0.4666666666666667,0.0,0.0,0.0,0.0
bull_to_neutral,0.18,0.95,10.0,0.0,0,67,67,0.5074626865671642,0.39880952380952384,0.5405405405405406,0.4666666666666667,0.5074626865671642,0.39880952380952384,0.5405405405405406,0.4666666666666667,0.0,0.0,0.0,0.0
bull_to_bear,0.18,0.95,10.0,0.0,0,67,67,0.5074626865671642,0.39880952380952384,0.5405405405405406,0.4666666666666667,0.5074626865671642,0.39880952380952384,0.5405405405405406,0.4666666666666667,0.0,0.0,0.0,0.0
bull_to_neutral,0.18,0.95,10.0,-0.05,0,67,67,0.5074626865671642,0.39880952380952384,0.5405405405405406,0.4666666666666667,0.5074626865671642,0.39880952380952384,0.5405405405405406,0.4666666666666667,0.0,0.0,0.0,0.0
bull_to_bear,0.18,0.95,10.0,-0.05,0,67,67,0.5074626865671642,0.39880952380952384,0.5405405405405406,0.4666666666666667,0.5074626865671642,0.39880952380952384,0.5405405405405406,0.4666666666666667,0.0,0.0,0.0,0.0
bull_to_neutral,0.18,0.95,10.0,-0.1,0,67,67,0.5074626865671642,0.39880952380952384,0.5405405405405406,0.4666666666666667,0.5074626865671642,0.39880952380952384,0.5405405405405406,0.4666666666666667,0.0,0.0,0.0,0.0
bull_to_bear,0.18,0.95,10.0,-0.1,0,67,67,0.5074626865671642,0.39880952380952384,0.5405405405405406,0.4666666666666667,0.5074626865671642,0.39880952380952384,0.5405405405405406,0.4666666666666667,0.0,0.0,0.0,0.0
bull_to_neutral,0.18,0.95,15.0,,0,67,67,0.5074626865671642,0.39880952380952384,0.5405405405405406,0.4666666666666667,0.5074626865671642,0.39880952380952384,0.5405405405405406,0.4666666666666667,0.0,0.0,0.0,0.0
bull_to_bear,0.18,0.95,15.0,,0,67,67,0.5074626865671642,0.39880952380952384,0.5405405405405406,0.4666666666666667,0.5074626865671642,0.39880952380952384,0.5405405405405406,0.4666666666666667,0.0,0.0,0.0,0.0
bull_to_neutral,0.18,0.95,15.0,0.0,0,67,67,0.5074626865671642,0.39880952380952384,0.5405405405405406,0.4666666666666667,0.5074626865671642,0.39880952380952384,0.5405405405405406,0.4666666666666667,0.0,0.0,0.0,0.0
bull_to_bear,0.18,0.95,15.0,0.0,0,67,67,0.5074626865671642,0.39880952380952384,0.5405405405405406,0.4666666666666667,0.5074626865671642,0.39880952380952384,0.5405405405405406,0.4666666666666667,0.0,0.0,0.0,0.0
bull_to_neutral,0.18,0.95,15.0,-0.05,0,67,67,0.5074626865671642,0.39880952380952384,0.5405405405405406,0.4666666666666667,0.5074626865671642,0.39880952380952384,0.5405405405405406,0.4666666666666667,0.0,0.0,0.0,0.0
bull_to_bear,0.18,0.95,15.0,-0.05,0,67,67,0.5074626865671642,0.39880952380952384,0.5405405405405406,0.4666666666666667,0.5074626865671642,0.39880952380952384,0.5405405405405406,0.4666666666666667,0.0,0.0,0.0,0.0
bull_to_neutral,0.18,0.95,15.0,-0.1,0,67,67,0.5074626865671642,0.39880952380952384,0.5405405405405406,0.4666666666666667,0.5074626865671642,0.39880952380952384,0.5405405405405406,0.4666666666666667,0.0,0.0,0.0,0.0
bull_to_bear,0.18,0.95,15.0,-0.1,0,67,67,0.5074626865671642,0.39880952380952384,0.5405405405405406,0.4666666666666667,0.5074626865671642,0.39880952380952384,0.5405405405405406,0.4666666666666667,0.0,0.0,0.0,0.0
bull_to_neutral,0.18,0.93,,,0,67,67,0.5074626865671642,0.39880952380952384,0.5405405405405406,0.4666666666666667,0.5074626865671642,0.39880952380952384,0.5405405405405406,0.4666666666666667,0.0,0.0,0.0,0.0
bull_to_bear,0.18,0.93,,,0,67,67,0.5074626865671642,0.39880952380952384,0.5405405405405406,0.4666666666666667,0.5074626865671642,0.39880952380952384,0.5405405405405406,0.4666666666666667,0.0,0.0,0.0,0.0
bull_to_neutral,0.18,0.93,,0.0,0,67,67,0.5074626865671642,0.39880952380952384,0.5405405405405406,0.4666666666666667,0.5074626865671642,0.39880952380952384,0.5405405405405406,0.4666666666666667,0.0,0.0,0.0,0.0
bull_to_bear,0.18,0.93,,0.0,0,67,67,0.5074626865671642,0.39880952380952384,0.5405405405405406,0.4666666666666667,0.5074626865671642,0.39880952380952384,0.5405405405405406,0.4666666666666667,0.0,0.0,0.0,0.0
bull_to_neutral,0.18,0.93,,-0.05,0,67,67,0.5074626865671642,0.39880952380952384,0.5405405405405406,0.4666666666666667,0.5074626865671642,0.39880952380952384,0.5405405405405406,0.4666666666666667,0.0,0.0,0.0,0.0
bull_to_bear,0.18,0.93,,-0.05,0,67,67,0.5074626865671642,0.39880952380952384,0.5405405405405406,0.4666666666666667,0.5074626865671642,0.39880952380952384,0.5405405405405406,0.4666666666666667,0.0,0.0,0.0,0.0
bull_to_neutral,0.18,0.93,,-0.1,0,67,67,0.5074626865671642,0.39880952380952384,0.5405405405405406,0.4666666666666667,0.5074626865671642,0.39880952380952384,0.5405405405405406,0.4666666666666667,0.0,0.0,0.0,0.0
bull_to_bear,0.18,0.93,,-0.1,0,67,67,0.5074626865671642,0.39880952380952384,0.5405405405405406,0.4666666666666667,0.5074626865671642,0.39880952380952384,0.5405405405405406,0.4666666666666667,0.0,0.0,0.0,0.0
bull_to_neutral,0.18,0.93,0.0,,0,67,67,0.5074626865671642,0.39880952380952384,0.5405405405405406,0.4666666666666667,0.5074626865671642,0.39880952380952384,0.5405405405405406,0.4666666666666667,0.0,0.0,0.0,0.0
bull_to_bear,0.18,0.93,0.0,,0,67,67,0.5074626865671642,0.39880952380952384,0.5405405405405406,0.4666666666666667,0.5074626865671642,0.39880952380952384,0.5405405405405406,0.4666666666666667,0.0,0.0,0.0,0.0
bull_to_neutral,0.18,0.93,0.0,0.0,0,67,67,0.5074626865671642,0.39880952380952384,0.5405405405405406,0.4666666666666667,0.5074626865671642,0.39880952380952384,0.5405405405405406,0.4666666666666667,0.0,0.0,0.0,0.0
bull_to_bear,0.18,0.93,0.0,0.0,0,67,67,0.5074626865671642,0.39880952380952384,0.5405405405405406,0.4666666666666667,0.5074626865671642,0.39880952380952384,0.5405405405405406,0.4666666666666667,0.0,0.0,0.0,0.0
bull_to_neutral,0.18,0.93,0.0,-0.05,0,67,67,0.5074626865671642,0.39880952380952384,0.5405405405405406,0.4666666666666667,0.5074626865671642,0.39880952380952384,0.5405405405405406,0.4666666666666667,0.0,0.0,0.0,0.0
bull_to_bear,0.18,0.93,0.0,-0.05,0,67,67,0.5074626865671642,0.39880952380952384,0.5405405405405406,0.4666666666666667,0.5074626865671642,0.39880952380952384,0.5405405405405406,0.4666666666666667,0.0,0.0,0.0,0.0
bull_to_neutral,0.18,0.93,0.0,-0.1,0,67,67,0.5074626865671642,0.39880952380952384,0.5405405405405406,0.4666666666666667,0.5074626865671642,0.39880952380952384,0.5405405405405406,0.4666666666666667,0.0,0.0,0.0,0.0
bull_to_bear,0.18,0.93,0.0,-0.1,0,67,67,0.5074626865671642,0.39880952380952384,0.5405405405405406,0.4666666666666667,0.5074626865671642,0.39880952380952384,0.5405405405405406,0.4666666666666667,0.0,0.0,0.0,0.0
bull_to_neutral,0.18,0.93,5.0,,0,67,67,0.5074626865671642,0.39880952380952384,0.5405405405405406,0.4666666666666667,0.5074626865671642,0.39880952380952384,0.5405405405405406,0.4666666666666667,0.0,0.0,0.0,0.0
bull_to_bear,0.18,0.93,5.0,,0,67,67,0.5074626865671642,0.39880952380952384,0.5405405405405406,0.4666666666666667,0.5074626865671642,0.39880952380952384,0.5405405405405406,0.4666666666666667,0.0,0.0,0.0,0.0
bull_to_neutral,0.18,0.93,5.0,0.0,0,67,67,0.5074626865671642,0.39880952380952384,0.5405405405405406,0.4666666666666667,0.5074626865671642,0.39880952380952384,0.5405405405405406,0.4666666666666667,0.0,0.0,0.0,0.0
bull_to_bear,0.18,0.93,5.0,0.0,0,67,67,0.5074626865671642,0.39880952380952384,0.5405405405405406,0.4666666666666667,0.5074626865671642,0.39880952380952384,0.5405405405405406,0.4666666666666667,0.0,0.0,0.0,0.0
bull_to_neutral,0.18,0.93,5.0,-0.05,0,67,67,0.5074626865671642,0.39880952380952384,0.5405405405405406,0.4666666666666667,0.5074626865671642,0.39880952380952384,0.5405405405405406,0.4666666666666667,0.0,0.0,0.0,0.0
bull_to_bear,0.18,0.93,5.0,-0.05,0,67,67,0.5074626865671642,0.39880952380952384,0.5405405405405406,0.4666666666666667,0.5074626865671642,0.39880952380952384,0.5405405405405406,0.4666666666666667,0.0,0.0,0.0,0.0
bull_to_neutral,0.18,0.93,5.0,-0.1,0,67,67,0.5074626865671642,0.39880952380952384,0.5405405405405406,0.4666666666666667,0.5074626865671642,0.39880952380952384,0.5405405405405406,0.4666666666666667,0.0,0.0,0.0,0.0
bull_to_bear,0.18,0.93,5.0,-0.1,0,67,67,0.5074626865671642,0.39880952380952384,0.5405405405405406,0.4666666666666667,0.5074626865671642,0.39880952380952384,0.5405405405405406,0.4666666666666667,0.0,0.0,0.0,0.0
bull_to_neutral,0.18,0.93,10.0,,0,67,67,0.5074626865671642,0.39880952380952384,0.5405405405405406,0.4666666666666667,0.5074626865671642,0.39880952380952384,0.5405405405405406,0.4666666666666667,0.0,0.0,0.0,0.0
bull_to_bear,0.18,0.93,10.0,,0,67,67,0.5074626865671642,0.39880952380952384,0.5405405405405406,0.4666666666666667,0.5074626865671642,0.39880952380952384,0.5405405405405406,0.4666666666666667,0.0,0.0,0.0,0.0
bull_to_neutral,0.18,0.93,10.0,0.0,0,67,67,0.5074626865671642,0.39880952380952384,0.5405405405405406,0.4666666666666667,0.5074626865671642,0.39880952380952384,0.5405405405405406,0.4666666666666667,0.0,0.0,0.0,0.0
bull_to_bear,0.18,0.93,10.0,0.0,0,67,67,0.5074626865671642,0.39880952380952384,0.5405405405405406,0.4666666666666667,0.5074626865671642,0.39880952380952384,0.5405405405405406,0.4666666666666667,0.0,0.0,0.0,0.0
bull_to_neutral,0.18,0.93,10.0,-0.05,0,67,67,0.5074626865671642,0.39880952380952384,0.5405405405405406,0.4666666666666667,0.5074626865671642,0.39880952380952384,0.5405405405405406,0.4666666666666667,0.0,0.0,0.0,0.0
bull_to_bear,0.18,0.93,10.0,-0.05,0,67,67,0.5074626865671642,0.39880952380952384,0.5405405405405406,0.4666666666666667,0.5074626865671642,0.39880952380952384,0.5405405405405406,0.4666666666666667,0.0,0.0,0.0,0.0
bull_to_neutral,0.18,0.93,10.0,-0.1,0,67,67,0.5074626865671642,0.39880952380952384,0.5405405405405406,0.4666666666666667,0.5074626865671642,0.39880952380952384,0.5405405405405406,0.4666666666666667,0.0,0.0,0.0,0.0
bull_to_bear,0.18,0.93,10.0,-0.1,0,67,67,0.5074626865671642,0.39880952380952384,0.5405405405405406,0.4666666666666667,0.5074626865671642,0.39880952380952384,0.5405405405405406,0.4666666666666667,0.0,0.0,0.0,0.0
bull_to_neutral,0.18,0.93,15.0,,0,67,67,0.5074626865671642,0.39880952380952384,0.5405405405405406,0.4666666666666667,0.5074626865671642,0.39880952380952384,0.5405405405405406,0.4666666666666667,0.0,0.0,0.0,0.0
bull_to_bear,0.18,0.93,15.0,,0,67,67,0.5074626865671642,0.39880952380952384,0.5405405405405406,0.4666666666666667,0.5074626865671642,0.39880952380952384,0.5405405405405406,0.4666666666666667,0.0,0.0,0.0,0.0
bull_to_neutral,0.18,0.93,15.0,0.0,0,67,67,0.5074626865671642,0.39880952380952384,0.5405405405405406,0.4666666666666667,0.5074626865671642,0.39880952380952384,0.5405405405405406,0.4666666666666667,0.0,0.0,0.0,0.0
bull_to_bear,0.18,0.93,15.0,0.0,0,67,67,0.5074626865671642,0.39880952380952384,0.5405405405405406,0.4666666666666667,0.5074626865671642,0.39880952380952384,0.5405405405405406,0.4666666666666667,0.0,0.0,0.0,0.0
bull_to_neutral,0.18,0.93,15.0,-0.05,0,67,67,0.5074626865671642,0.39880952380952384,0.5405405405405406,0.4666666666666667,0.5074626865671642,0.39880952380952384,0.5405405405405406,0.4666666666666667,0.0,0.0,0.0,0.0
bull_to_bear,0.18,0.93,15.0,-0.05,0,67,67,0.5074626865671642,0.39880952380952384,0.5405405405405406,0.4666666666666667,0.5074626865671642,0.39880952380952384,0.5405405405405406,0.4666666666666667,0.0,0.0,0.0,0.0
bull_to_neutral,0.18,0.93,15.0,-0.1,0,67,67,0.5074626865671642,0.39880952380952384,0.5405405405405406,0.4666666666666667,0.5074626865671642,0.39880952380952384,0.5405405405405406,0.4666666666666667,0.0,0.0,0.0,0.0
bull_to_bear,0.18,0.93,15.0,-0.1,0,67,67,0.5074626865671642,0.39880952380952384,0.5405405405405406,0.4666666666666667,0.5074626865671642,0.39880952380952384,0.5405405405405406,0.4666666666666667,0.0,0.0,0.0,0.0
bull_to_neutral,0.18,0.9,,,0,67,67,0.5074626865671642,0.39880952380952384,0.5405405405405406,0.4666666666666667,0.5074626865671642,0.39880952380952384,0.5405405405405406,0.4666666666666667,0.0,0.0,0.0,0.0
bull_to_bear,0.18,0.9,,,0,67,67,0.5074626865671642,0.39880952380952384,0.5405405405405406,0.4666666666666667,0.5074626865671642,0.39880952380952384,0.5405405405405406,0.4666666666666667,0.0,0.0,0.0,0.0
bull_to_neutral,0.18,0.9,,0.0,0,67,67,0.5074626865671642,0.39880952380952384,0.5405405405405406,0.4666666666666667,0.5074626865671642,0.39880952380952384,0.5405405405405406,0.4666666666666667,0.0,0.0,0.0,0.0
bull_to_bear,0.18,0.9,,0.0,0,67,67,0.5074626865671642,0.39880952380952384,0.5405405405405406,0.4666666666666667,0.5074626865671642,0.39880952380952384,0.5405405405405406,0.4666666666666667,0.0,0.0,0.0,0.0
bull_to_neutral,0.18,0.9,,-0.05,0,67,67,0.5074626865671642,0.39880952380952384,0.5405405405405406,0.4666666666666667,0.5074626865671642,0.39880952380952384,0.5405405405405406,0.4666666666666667,0.0,0.0,0.0,0.0
bull_to_bear,0.18,0.9,,-0.05,0,67,67,0.5074626865671642,0.39880952380952384,0.5405405405405406,0.4666666666666667,0.5074626865671642,0.39880952380952384,0.5405405405405406,0.4666666666666667,0.0,0.0,0.0,0.0
bull_to_neutral,0.18,0.9,,-0.1,0,67,67,0.5074626865671642,0.39880952380952384,0.5405405405405406,0.4666666666666667,0.5074626865671642,0.39880952380952384,0.5405405405405406,0.4666666666666667,0.0,0.0,0.0,0.0
bull_to_bear,0.18,0.9,,-0.1,0,67,67,0.5074626865671642,0.39880952380952384,0.5405405405405406,0.4666666666666667,0.5074626865671642,0.39880952380952384,0.5405405405405406,0.4666666666666667,0.0,0.0,0.0,0.0
bull_to_neutral,0.18,0.9,0.0,,0,67,67,0.5074626865671642,0.39880952380952384,0.5405405405405406,0.4666666666666667,0.5074626865671642,0.39880952380952384,0.5405405405405406,0.4666666666666667,0.0,0.0,0.0,0.0
bull_to_bear,0.18,0.9,0.0,,0,67,67,0.5074626865671642,0.39880952380952384,0.5405405405405406,0.4666666666666667,0.5074626865671642,0.39880952380952384,0.5405405405405406,0.4666666666666667,0.0,0.0,0.0,0.0
bull_to_neutral,0.18,0.9,0.0,0.0,0,67,67,0.5074626865671642,0.39880952380952384,0.5405405405405406,0.4666666666666667,0.5074626865671642,0.39880952380952384,0.5405405405405406,0.4666666666666667,0.0,0.0,0.0,0.0
bull_to_bear,0.18,0.9,0.0,0.0,0,67,67,0.5074626865671642,0.39880952380952384,0.5405405405405406,0.4666666666666667,0.5074626865671642,0.39880952380952384,0.5405405405405406,0.4666666666666667,0.0,0.0,0.0,0.0
bull_to_neutral,0.18,0.9,0.0,-0.05,0,67,67,0.5074626865671642,0.39880952380952384,0.5405405405405406,0.4666666666666667,0.5074626865671642,0.39880952380952384,0.5405405405405406,0.4666666666666667,0.0,0.0,0.0,0.0
bull_to_bear,0.18,0.9,0.0,-0.05,0,67,67,0.5074626865671642,0.39880952380952384,0.5405405405405406,0.4666666666666667,0.5074626865671642,0.39880952380952384,0.5405405405405406,0.4666666666666667,0.0,0.0,0.0,0.0
bull_to_neutral,0.18,0.9,0.0,-0.1,0,67,67,0.5074626865671642,0.39880952380952384,0.5405405405405406,0.4666666666666667,0.5074626865671642,0.39880952380952384,0.5405405405405406,0.4666666666666667,0.0,0.0,0.0,0.0
bull_to_bear,0.18,0.9,0.0,-0.1,0,67,67,0.5074626865671642,0.39880952380952384,0.5405405405405406,0.4666666666666667,0.5074626865671642,0.39880952380952384,0.5405405405405406,0.4666666666666667,0.0,0.0,0.0,0.0
bull_to_neutral,0.18,0.9,5.0,,0,67,67,0.5074626865671642,0.39880952380952384,0.5405405405405406,0.4666666666666667,0.5074626865671642,0.39880952380952384,0.5405405405405406,0.4666666666666667,0.0,0.0,0.0,0.0
bull_to_bear,0.18,0.9,5.0,,0,67,67,0.5074626865671642,0.39880952380952384,0.5405405405405406,0.4666666666666667,0.5074626865671642,0.39880952380952384,0.5405405405405406,0.4666666666666667,0.0,0.0,0.0,0.0
bull_to_neutral,0.18,0.9,5.0,0.0,0,67,67,0.5074626865671642,0.39880952380952384,0.5405405405405406,0.4666666666666667,0.5074626865671642,0.39880952380952384,0.5405405405405406,0.4666666666666667,0.0,0.0,0.0,0.0
bull_to_bear,0.18,0.9,5.0,0.0,0,67,67,0.5074626865671642,0.39880952380952384,0.5405405405405406,0.4666666666666667,0.5074626865671642,0.39880952380952384,0.5405405405405406,0.4666666666666667,0.0,0.0,0.0,0.0
bull_to_neutral,0.18,0.9,5.0,-0.05,0,67,67,0.5074626865671642,0.39880952380952384,0.5405405405405406,0.4666666666666667,0.5074626865671642,0.39880952380952384,0.5405405405405406,0.4666666666666667,0.0,0.0,0.0,0.0
bull_to_bear,0.18,0.9,5.0,-0.05,0,67,67,0.5074626865671642,0.39880952380952384,0.5405405405405406,0.4666666666666667,0.5074626865671642,0.39880952380952384,0.5405405405405406,0.4666666666666667,0.0,0.0,0.0,0.0
bull_to_neutral,0.18,0.9,5.0,-0.1,0,67,67,0.5074626865671642,0.39880952380952384,0.5405405405405406,0.4666666666666667,0.5074626865671642,0.39880952380952384,0.5405405405405406,0.4666666666666667,0.0,0.0,0.0,0.0
bull_to_bear,0.18,0.9,5.0,-0.1,0,67,67,0.5074626865671642,0.39880952380952384,0.5405405405405406,0.4666666666666667,0.5074626865671642,0.39880952380952384,0.5405405405405406,0.4666666666666667,0.0,0.0,0.0,0.0
bull_to_neutral,0.18,0.9,10.0,,0,67,67,0.5074626865671642,0.39880952380952384,0.5405405405405406,0.4666666666666667,0.5074626865671642,0.39880952380952384,0.5405405405405406,0.4666666666666667,0.0,0.0,0.0,0.0
bull_to_bear,0.18,0.9,10.0,,0,67,67,0.5074626865671642,0.39880952380952384,0.5405405405405406,0.4666666666666667,0.5074626865671642,0.39880952380952384,0.5405405405405406,0.4666666666666667,0.0,0.0,0.0,0.0
bull_to_neutral,0.18,0.9,10.0,0.0,0,67,67,0.5074626865671642,0.39880952380952384,0.5405405405405406,0.4666666666666667,0.5074626865671642,0.39880952380952384,0.5405405405405406,0.4666666666666667,0.0,0.0,0.0,0.0
bull_to_bear,0.18,0.9,10.0,0.0,0,67,67,0.5074626865671642,0.39880952380952384,0.5405405405405406,0.4666666666666667,0.5074626865671642,0.39880952380952384,0.5405405405405406,0.4666666666666667,0.0,0.0,0.0,0.0
bull_to_neutral,0.18,0.9,10.0,-0.05,0,67,67,0.5074626865671642,0.39880952380952384,0.5405405405405406,0.4666666666666667,0.5074626865671642,0.39880952380952384,0.5405405405405406,0.4666666666666667,0.0,0.0,0.0,0.0
bull_to_bear,0.18,0.9,10.0,-0.05,0,67,67,0.5074626865671642,0.39880952380952384,0.5405405405405406,0.4666666666666667,0.5074626865671642,0.39880952380952384,0.5405405405405406,0.4666666666666667,0.0,0.0,0.0,0.0
bull_to_neutral,0.18,0.9,10.0,-0.1,0,67,67,0.5074626865671642,0.39880952380952384,0.5405405405405406,0.4666666666666667,0.5074626865671642,0.39880952380952384,0.5405405405405406,0.4666666666666667,0.0,0.0,0.0,0.0
bull_to_bear,0.18,0.9,10.0,-0.1,0,67,67,0.5074626865671642,0.39880952380952384,0.5405405405405406,0.4666666666666667,0.5074626865671642,0.39880952380952384,0.5405405405405406,0.4666666666666667,0.0,0.0,0.0,0.0
bull_to_neutral,0.18,0.9,15.0,,0,67,67,0.5074626865671642,0.39880952380952384,0.5405405405405406,0.4666666666666667,0.5074626865671642,0.39880952380952384,0.5405405405405406,0.4666666666666667,0.0,0.0,0.0,0.0
bull_to_bear,0.18,0.9,15.0,,0,67,67,0.5074626865671642,0.39880952380952384,0.5405405405405406,0.4666666666666667,0.5074626865671642,0.39880952380952384,0.5405405405405406,0.4666666666666667,0.0,0.0,0.0,0.0
bull_to_neutral,0.18,0.9,15.0,0.0,0,67,67,0.5074626865671642,0.39880952380952384,0.5405405405405406,0.4666666666666667,0.5074626865671642,0.39880952380952384,0.5405405405405406,0.4666666666666667,0.0,0.0,0.0,0.0
bull_to_bear,0.18,0.9,15.0,0.0,0,67,67,0.5074626865671642,0.39880952380952384,0.5405405405405406,0.4666666666666667,0.5074626865671642,0.39880952380952384,0.5405405405405406,0.4666666666666667,0.0,0.0,0.0,0.0
bull_to_neutral,0.18,0.9,15.0,-0.05,0,67,67,0.5074626865671642,0.39880952380952384,0.5405405405405406,0.4666666666666667,0.5074626865671642,0.39880952380952384,0.5405405405405406,0.4666666666666667,0.0,0.0,0.0,0.0
bull_to_bear,0.18,0.9,15.0,-0.05,0,67,67,0.5074626865671642,0.39880952380952384,0.5405405405405406,0.4666666666666667,0.5074626865671642,0.39880952380952384,0.5405405405405406,0.4666666666666667,0.0,0.0,0.0,0.0
bull_to_neutral,0.18,0.9,15.0,-0.1,0,67,67,0.5074626865671642,0.39880952380952384,0.5405405405405406,0.4666666666666667,0.5074626865671642,0.39880952380952384,0.5405405405405406,0.4666666666666667,0.0,0.0,0.0,0.0
bull_to_bear,0.18,0.9,15.0,-0.1,0,67,67,0.5074626865671642,0.39880952380952384,0.5405405405405406,0.4666666666666667,0.5074626865671642,0.39880952380952384,0.5405405405405406,0.4666666666666667,0.0,0.0,0.0,0.0
bull_to_neutral,0.2,1.0,,,12,55,67,0.5074626865671642,0.39880952380952384,0.5405405405405406,0.4666666666666667,0.5272727272727272,0.3273809523809524,0.6,0.4666666666666667,0.019810040705563026,-0.07142857142857145,0.05945945945945941,0.0
bull_to_bear,0.2,1.0,,,12,67,67,0.5074626865671642,0.39880952380952384,0.5405405405405406,0.4666666666666667,0.5373134328358209,0.39880952380952384,0.6,0.5,0.02985074626865669,0.0,0.05945945945945941,0.033333333333333326
bull_to_neutral,0.2,1.0,,0.0,10,57,67,0.5074626865671642,0.39880952380952384,0.5405405405405406,0.4666666666666667,0.5263157894736842,0.3392857142857143,0.5925925925925926,0.4666666666666667,0.01885310290651998,-0.059523809523809534,0.05205205205205199,0.0
bull_to_bear,0.2,1.0,,0.0,10,67,67,0.5074626865671642,0.39880952380952384,0.5405405405405406,0.4666666666666667,0.5373134328358209,0.39880952380952384,0.5925925925925926,0.5,0.02985074626865669,0.0,0.05205205205205199,0.033333333333333326
bull_to_neutral,0.2,1.0,,-0.05,10,57,67,0.5074626865671642,0.39880952380952384,0.5405405405405406,0.4666666666666667,0.5263157894736842,0.3392857142857143,0.5925925925925926,0.4666666666666667,0.01885310290651998,-0.059523809523809534,0.05205205205205199,0.0
bull_to_bear,0.2,1.0,,-0.05,10,67,67,0.5074626865671642,0.39880952380952384,0.5405405405405406,0.4666666666666667,0.5373134328358209,0.39880952380952384,0.5925925925925926,0.5,0.02985074626865669,0.0,0.05205205205205199,0.033333333333333326
bull_to_neutral,0.2,1.0,,-0.1,10,57,67,0.5074626865671642,0.39880952380952384,0.5405405405405406,0.4666666666666667,0.5263157894736842,0.3392857142857143,0.5925925925925926,0.4666666666666667,0.01885310290651998,-0.059523809523809534,0.05205205205205199,0.0
bull_to_bear,0.2,1.0,,-0.1,10,67,67,0.5074626865671642,0.39880952380952384,0.5405405405405406,0.4666666666666667,0.5373134328358209,0.39880952380952384,0.5925925925925926,0.5,0.02985074626865669,0.0,0.05205205205205199,0.033333333333333326
bull_to_neutral,0.2,1.0,0.0,,7,60,67,0.5074626865671642,0.39880952380952384,0.5405405405405406,0.4666666666666667,0.55,0.35714285714285715,0.6333333333333333,0.4666666666666667,0.042537313432835844,-0.041666666666666685,0.09279279279279273,0.0
bull_to_bear,0.2,1.0,0.0,,7,67,67,0.5074626865671642,0.39880952380952384,0.5405405405405406,0.4666666666666667,0.582089552238806,0.39880952380952384,0.6333333333333333,0.5405405405405406,0.07462686567164178,0.0,0.09279279279279273,0.0738738738738739
bull_to_neutral,0.2,1.0,0.0,0.0,7,60,67,0.5074626865671642,0.39880952380952384,0.5405405405405406,0.4666666666666667,0.55,0.35714285714285715,0.6333333333333333,0.4666666666666667,0.042537313432835844,-0.041666666666666685,0.09279279279279273,0.0
bull_to_bear,0.2,1.0,0.0,0.0,7,67,67,0.5074626865671642,0.39880952380952384,0.5405405405405406,0.4666666666666667,0.582089552238806,0.39880952380952384,0.6333333333333333,0.5405405405405406,0.07462686567164178,0.0,0.09279279279279273,0.0738738738738739
bull_to_neutral,0.2,1.0,0.0,-0.05,7,60,67,0.5074626865671642,0.39880952380952384,0.5405405405405406,0.4666666666666667,0.55,0.35714285714285715,0.6333333333333333,0.4666666666666667,0.042537313432835844,-0.041666666666666685,0.09279279279279273,0.0
bull_to_bear,0.2,1.0,0.0,-0.05,7,67,67,0.5074626865671642,0.39880952380952384,0.5405405405405406,0.4666666666666667,0.582089552238806,0.39880952380952384,0.6333333333333333,0.5405405405405406,0.07462686567164178,0.0,0.09279279279279273,0.0738738738738739
bull_to_neutral,0.2,1.0,0.0,-0.1,7,60,67,0.5074626865671642,0.39880952380952384,0.5405405405405406,0.4666666666666667,0.55,0.35714285714285715,0.6333333333333333,0.4666666666666667,0.042537313432835844,-0.041666666666666685,0.09279279279279273,0.0
bull_to_bear,0.2,1.0,0.0,-0.1,7,67,67,0.5074626865671642,0.39880952380952384,0.5405405405405406,0.4666666666666667,0.582089552238806,0.39880952380952384,0.6333333333333333,0.5405405405405406,0.07462686567164178,0.0,0.09279279279279273,0.0738738738738739
bull_to_neutral,0.2,1.0,5.0,,7,60,67,0.5074626865671642,0.39880952380952384,0.5405405405405406,0.4666666666666667,0.55,0.35714285714285715,0.6333333333333333,0.4666666666666667,0.042537313432835844,-0.041666666666666685,0.09279279279279273,0.0
bull_to_bear,0.2,1.0,5.0,,7,67,67,0.5074626865671642,0.39880952380952384,0.5405405405405406,0.4666666666666667,0.582089552238806,0.39880952380952384,0.6333333333333333,0.5405405405405406,0.07462686567164178,0.0,0.09279279279279273,0.0738738738738739
bull_to_neutral,0.2,1.0,5.0,0.0,7,60,67,0.5074626865671642,0.39880952380952384,0.5405405405405406,0.4666666666666667,0.55,0.35714285714285715,0.6333333333333333,0.4666666666666667,0.042537313432835844,-0.041666666666666685,0.09279279279279273,0.0
bull_to_bear,0.2,1.0,5.0,0.0,7,67,67,0.5074626865671642,0.39880952380952384,0.5405405405405406,0.4666666666666667,0.582089552238806,0.39880952380952384,0.6333333333333333,0.5405405405405406,0.07462686567164178,0.0,0.09279279279279273,0.0738738738738739
bull_to_neutral,0.2,1.0,5.0,-0.05,7,60,67,0.5074626865671642,0.39880952380952384,0.5405405405405406,0.4666666666666667,0.55,0.35714285714285715,0.6333333333333333,0.4666666666666667,0.042537313432835844,-0.041666666666666685,0.09279279279279273,0.0
bull_to_bear,0.2,1.0,5.0,-0.05,7,67,67,0.5074626865671642,0.39880952380952384,0.5405405405405406,0.4666666666666667,0.582089552238806,0.39880952380952384,0.6333333333333333,0.5405405405405406,0.07462686567164178,0.0,0.09279279279279273,0.0738738738738739
bull_to_neutral,0.2,1.0,5.0,-0.1,7,60,67,0.5074626865671642,0.39880952380952384,0.5405405405405406,0.4666666666666667,0.55,0.35714285714285715,0.6333333333333333,0.4666666666666667,0.042537313432835844,-0.041666666666666685,0.09279279279279273,0.0
bull_to_bear,0.2,1.0,5.0,-0.1,7,67,67,0.5074626865671642,0.39880952380952384,0.5405405405405406,0.4666666666666667,0.582089552238806,0.39880952380952384,0.6333333333333333,0.5405405405405406,0.07462686567164178,0.0,0.09279279279279273,0.0738738738738739
bull_to_neutral,0.2,1.0,10.0,,6,61,67,0.5074626865671642,0.39880952380952384,0.5405405405405406,0.4666666666666667,0.5409836065573771,0.3630952380952381,0.6129032258064516,0.4666666666666667,0.033520919990212894,-0.035714285714285754,0.07236268526591105,0.0
bull_to_bear,0.2,1.0,10.0,,6,67,67,0.5074626865671642,0.39880952380952384,0.5405405405405406,0.4666666666666667,0.5671641791044776,0.39880952380952384,0.6129032258064516,0.5277777777777778,0.05970149253731338,0.0,0.07236268526591105,0.061111111111111116
bull_to_neutral,0.2,1.0,10.0,0.0,6,61,67,0.5074626865671642,0.39880952380952384,0.5405405405405406,0.4666666666666667,0.5409836065573771,0.3630952380952381,0.6129032258064516,0.4666666666666667,0.033520919990212894,-0.035714285714285754,0.07236268526591105,0.0
bull_to_bear,0.2,1.0,10.0,0.0,6,67,67,0.5074626865671642,0.39880952380952384,0.5405405405405406,0.4666666666666667,0.5671641791044776,0.39880952380952384,0.6129032258064516,0.5277777777777778,0.05970149253731338,0.0,0.07236268526591105,0.061111111111111116
bull_to_neutral,0.2,1.0,10.0,-0.05,6,61,67,0.5074626865671642,0.39880952380952384,0.5405405405405406,0.4666666666666667,0.5409836065573771,0.3630952380952381,0.6129032258064516,0.4666666666666667,0.033520919990212894,-0.035714285714285754,0.07236268526591105,0.0
bull_to_bear,0.2,1.0,10.0,-0.05,6,67,67,0.5074626865671642,0.39880952380952384,0.5405405405405406,0.4666666666666667,0.5671641791044776,0.39880952380952384,0.6129032258064516,0.5277777777777778,0.05970149253731338,0.0,0.07236268526591105,0.061111111111111116
bull_to_neutral,0.2,1.0,10.0,-0.1,6,61,67,0.5074626865671642,0.39880952380952384,0.5405405405405406,0.4666666666666667,0.5409836065573771,0.3630952380952381,0.6129032258064516,0.4666666666666667,0.033520919990212894,-0.035714285714285754,0.07236268526591105,0.0
bull_to_bear,0.2,1.0,10.0,-0.1,6,67,67,0.5074626865671642,0.39880952380952384,0.5405405405405406,0.4666666666666667,0.5671641791044776,0.39880952380952384,0.6129032258064516,0.5277777777777778,0.05970149253731338,0.0,0.07236268526591105,0.061111111111111116
bull_to_neutral,0.2,1.0,15.0,,5,62,67,0.5074626865671642,0.39880952380952384,0.5405405405405406,0.4666666666666667,0.532258064516129,0.36904761904761907,0.59375,0.4666666666666667,0.024795377948964803,-0.029761904761904767,0.05320945945945943,0.0
bull_to_bear,0.2,1.0,15.0,,5,67,67,0.5074626865671642,0.39880952380952384,0.5405405405405406,0.4666666666666667,0.5522388059701493,0.39880952380952384,0.59375,0.5142857142857142,0.04477611940298509,0.0,0.05320945945945943,0.04761904761904756
bull_to_neutral,0.2,1.0,15.0,0.0,5,62,67,0.5074626865671642,0.39880952380952384,0.5405405405405406,0.4666666666666667,0.532258064516129,0.36904761904761907,0.59375,0.4666666666666667,0.024795377948964803,-0.029761904761904767,0.05320945945945943,0.0
bull_to_bear,0.2,1.0,15.0,0.0,5,67,67,0.5074626865671642,0.39880952380952384,0.5405405405405406,0.4666666666666667,0.5522388059701493,0.39880952380952384,0.59375,0.5142857142857142,0.04477611940298509,0.0,0.05320945945945943,0.04761904761904756
bull_to_neutral,0.2,1.0,15.0,-0.05,5,62,67,0.5074626865671642,0.39880952380952384,0.5405405405405406,0.4666666666666667,0.532258064516129,0.36904761904761907,0.59375,0.4666666666666667,0.024795377948964803,-0.029761904761904767,0.05320945945945943,0.0
bull_to_bear,0.2,1.0,15.0,-0.05,5,67,67,0.5074626865671642,0.39880952380952384,0.5405405405405406,0.4666666666666667,0.5522388059701493,0.39880952380952384,0.59375,0.5142857142857142,0.04477611940298509,0.0,0.05320945945945943,0.04761904761904756
bull_to_neutral,0.2,1.0,15.0,-0.1,5,62,67,0.5074626865671642,0.39880952380952384,0.5405405405405406,0.4666666666666667,0.532258064516129,0.36904761904761907,0.59375,0.4666666666666667,0.024795377948964803,-0.029761904761904767,0.05320945945945943,0.0
bull_to_bear,0.2,1.0,15.0,-0.1,5,67,67,0.5074626865671642,0.39880952380952384,0.5405405405405406,0.4666666666666667,0.5522388059701493,0.39880952380952384,0.59375,0.5142857142857142,0.04477611940298509,0.0,0.05320945945945943,0.04761904761904756
bull_to_neutral,0.2,0.99,,,0,67,67,0.5074626865671642,0.39880952380952384,0.5405405405405406,0.4666666666666667,0.5074626865671642,0.39880952380952384,0.5405405405405406,0.4666666666666667,0.0,0.0,0.0,0.0
bull_to_bear,0.2,0.99,,,0,67,67,0.5074626865671642,0.39880952380952384,0.5405405405405406,0.4666666666666667,0.5074626865671642,0.39880952380952384,0.5405405405405406,0.4666666666666667,0.0,0.0,0.0,0.0
bull_to_neutral,0.2,0.99,,0.0,0,67,67,0.5074626865671642,0.39880952380952384,0.5405405405405406,0.4666666666666667,0.5074626865671642,0.39880952380952384,0.5405405405405406,0.4666666666666667,0.0,0.0,0.0,0.0
bull_to_bear,0.2,0.99,,0.0,0,67,67,0.5074626865671642,0.39880952380952384,0.5405405405405406,0.4666666666666667,0.5074626865671642,0.39880952380952384,0.5405405405405406,0.4666666666666667,0.0,0.0,0.0,0.0
bull_to_neutral,0.2,0.99,,-0.05,0,67,67,0.5074626865671642,0.39880952380952384,0.5405405405405406,0.4666666666666667,0.5074626865671642,0.39880952380952384,0.5405405405405406,0.4666666666666667,0.0,0.0,0.0,0.0
bull_to_bear,0.2,0.99,,-0.05,0,67,67,0.5074626865671642,0.39880952380952384,0.5405405405405406,0.4666666666666667,0.5074626865671642,0.39880952380952384,0.5405405405405406,0.4666666666666667,0.0,0.0,0.0,0.0
bull_to_neutral,0.2,0.99,,-0.1,0,67,67,0.5074626865671642,0.39880952380952384,0.5405405405405406,0.4666666666666667,0.5074626865671642,0.39880952380952384,0.5405405405405406,0.4666666666666667,0.0,0.0,0.0,0.0
bull_to_bear,0.2,0.99,,-0.1,0,67,67,0.5074626865671642,0.39880952380952384,0.5405405405405406,0.4666666666666667,0.5074626865671642,0.39880952380952384,0.5405405405405406,0.4666666666666667,0.0,0.0,0.0,0.0
bull_to_neutral,0.2,0.99,0.0,,0,67,67,0.5074626865671642,0.39880952380952384,0.5405405405405406,0.4666666666666667,0.5074626865671642,0.39880952380952384,0.5405405405405406,0.4666666666666667,0.0,0.0,0.0,0.0
bull_to_bear,0.2,0.99,0.0,,0,67,67,0.5074626865671642,0.39880952380952384,0.5405405405405406,0.4666666666666667,0.5074626865671642,0.39880952380952384,0.5405405405405406,0.4666666666666667,0.0,0.0,0.0,0.0
bull_to_neutral,0.2,0.99,0.0,0.0,0,67,67,0.5074626865671642,0.39880952380952384,0.5405405405405406,0.4666666666666667,0.5074626865671642,0.39880952380952384,0.5405405405405406,0.4666666666666667,0.0,0.0,0.0,0.0
bull_to_bear,0.2,0.99,0.0,0.0,0,67,67,0.5074626865671642,0.39880952380952384,0.5405405405405406,0.4666666666666667,0.5074626865671642,0.39880952380952384,0.5405405405405406,0.4666666666666667,0.0,0.0,0.0,0.0
bull_to_neutral,0.2,0.99,0.0,-0.05,0,67,67,0.5074626865671642,0.39880952380952384,0.5405405405405406,0.4666666666666667,0.5074626865671642,0.39880952380952384,0.5405405405405406,0.4666666666666667,0.0,0.0,0.0,0.0
bull_to_bear,0.2,0.99,0.0,-0.05,0,67,67,0.5074626865671642,0.39880952380952384,0.5405405405405406,0.4666666666666667,0.5074626865671642,0.39880952380952384,0.5405405405405406,0.4666666666666667,0.0,0.0,0.0,0.0
bull_to_neutral,0.2,0.99,0.0,-0.1,0,67,67,0.5074626865671642,0.39880952380952384,0.5405405405405406,0.4666666666666667,0.5074626865671642,0.39880952380952384,0.5405405405405406,0.4666666666666667,0.0,0.0,0.0,0.0
bull_to_bear,0.2,0.99,0.0,-0.1,0,67,67,0.5074626865671642,0.39880952380952384,0.5405405405405406,0.4666666666666667,0.5074626865671642,0.39880952380952384,0.5405405405405406,0.4666666666666667,0.0,0.0,0.0,0.0
bull_to_neutral,0.2,0.99,5.0,,0,67,67,0.5074626865671642,0.39880952380952384,0.5405405405405406,0.4666666666666667,0.5074626865671642,0.39880952380952384,0.5405405405405406,0.4666666666666667,0.0,0.0,0.0,0.0
bull_to_bear,0.2,0.99,5.0,,0,67,67,0.5074626865671642,0.39880952380952384,0.5405405405405406,0.4666666666666667,0.5074626865671642,0.39880952380952384,0.5405405405405406,0.4666666666666667,0.0,0.0,0.0,0.0
bull_to_neutral,0.2,0.99,5.0,0.0,0,67,67,0.5074626865671642,0.39880952380952384,0.5405405405405406,0.4666666666666667,0.5074626865671642,0.39880952380952384,0.5405405405405406,0.4666666666666667,0.0,0.0,0.0,0.0
bull_to_bear,0.2,0.99,5.0,0.0,0,67,67,0.5074626865671642,0.39880952380952384,0.5405405405405406,0.4666666666666667,0.5074626865671642,0.39880952380952384,0.5405405405405406,0.4666666666666667,0.0,0.0,0.0,0.0
bull_to_neutral,0.2,0.99,5.0,-0.05,0,67,67,0.5074626865671642,0.39880952380952384,0.5405405405405406,0.4666666666666667,0.5074626865671642,0.39880952380952384,0.5405405405405406,0.4666666666666667,0.0,0.0,0.0,0.0
bull_to_bear,0.2,0.99,5.0,-0.05,0,67,67,0.5074626865671642,0.39880952380952384,0.5405405405405406,0.4666666666666667,0.5074626865671642,0.39880952380952384,0.5405405405405406,0.4666666666666667,0.0,0.0,0.0,0.0
bull_to_neutral,0.2,0.99,5.0,-0.1,0,67,67,0.5074626865671642,0.39880952380952384,0.5405405405405406,0.4666666666666667,0.5074626865671642,0.39880952380952384,0.5405405405405406,0.4666666666666667,0.0,0.0,0.0,0.0
bull_to_bear,0.2,0.99,5.0,-0.1,0,67,67,0.5074626865671642,0.39880952380952384,0.5405405405405406,0.4666666666666667,0.5074626865671642,0.39880952380952384,0.5405405405405406,0.4666666666666667,0.0,0.0,0.0,0.0
bull_to_neutral,0.2,0.99,10.0,,0,67,67,0.5074626865671642,0.39880952380952384,0.5405405405405406,0.4666666666666667,0.5074626865671642,0.39880952380952384,0.5405405405405406,0.4666666666666667,0.0,0.0,0.0,0.0
bull_to_bear,0.2,0.99,10.0,,0,67,67,0.5074626865671642,0.39880952380952384,0.5405405405405406,0.4666666666666667,0.5074626865671642,0.39880952380952384,0.5405405405405406,0.4666666666666667,0.0,0.0,0.0,0.0
bull_to_neutral,0.2,0.99,10.0,0.0,0,67,67,0.5074626865671642,0.39880952380952384,0.5405405405405406,0.4666666666666667,0.5074626865671642,0.39880952380952384,0.5405405405405406,0.4666666666666667,0.0,0.0,0.0,0.0
bull_to_bear,0.2,0.99,10.0,0.0,0,67,67,0.5074626865671642,0.39880952380952384,0.5405405405405406,0.4666666666666667,0.5074626865671642,0.39880952380952384,0.5405405405405406,0.4666666666666667,0.0,0.0,0.0,0.0
bull_to_neutral,0.2,0.99,10.0,-0.05,0,67,67,0.5074626865671642,0.39880952380952384,0.5405405405405406,0.4666666666666667,0.5074626865671642,0.39880952380952384,0.5405405405405406,0.4666666666666667,0.0,0.0,0.0,0.0
bull_to_bear,0.2,0.99,10.0,-0.05,0,67,67,0.5074626865671642,0.39880952380952384,0.5405405405405406,0.4666666666666667,0.5074626865671642,0.39880952380952384,0.5405405405405406,0.4666666666666667,0.0,0.0,0.0,0.0
bull_to_neutral,0.2,0.99,10.0,-0.1,0,67,67,0.5074626865671642,0.39880952380952384,0.5405405405405406,0.4666666666666667,0.5074626865671642,0.39880952380952384,0.5405405405405406,0.4666666666666667,0.0,0.0,0.0,0.0
bull_to_bear,0.2,0.99,10.0,-0.1,0,67,67,0.5074626865671642,0.39880952380952384,0.5405405405405406,0.4666666666666667,0.5074626865671642,0.39880952380952384,0.5405405405405406,0.4666666666666667,0.0,0.0,0.0,0.0
bull_to_neutral,0.2,0.99,15.0,,0,67,67,0.5074626865671642,0.39880952380952384,0.5405405405405406,0.4666666666666667,0.5074626865671642,0.39880952380952384,0.5405405405405406,0.4666666666666667,0.0,0.0,0.0,0.0
bull_to_bear,0.2,0.99,15.0,,0,67,67,0.5074626865671642,0.39880952380952384,0.5405405405405406,0.4666666666666667,0.5074626865671642,0.39880952380952384,0.5405405405405406,0.4666666666666667,0.0,0.0,0.0,0.0
bull_to_neutral,0.2,0.99,15.0,0.0,0,67,67,0.5074626865671642,0.39880952380952384,0.5405405405405406,0.4666666666666667,0.5074626865671642,0.39880952380952384,0.5405405405405406,0.4666666666666667,0.0,0.0,0.0,0.0
bull_to_bear,0.2,0.99,15.0,0.0,0,67,67,0.5074626865671642,0.39880952380952384,0.5405405405405406,0.4666666666666667,0.5074626865671642,0.39880952380952384,0.5405405405405406,0.4666666666666667,0.0,0.0,0.0,0.0
bull_to_neutral,0.2,0.99,15.0,-0.05,0,67,67,0.5074626865671642,0.39880952380952384,0.5405405405405406,0.4666666666666667,0.5074626865671642,0.39880952380952384,0.5405405405405406,0.4666666666666667,0.0,0.0,0.0,0.0
bull_to_bear,0.2,0.99,15.0,-0.05,0,67,67,0.5074626865671642,0.39880952380952384,0.5405405405405406,0.4666666666666667,0.5074626865671642,0.39880952380952384,0.5405405405405406,0.4666666666666667,0.0,0.0,0.0,0.0
bull_to_neutral,0.2,0.99,15.0,-0.1,0,67,67,0.5074626865671642,0.39880952380952384,0.5405405405405406,0.4666666666666667,0.5074626865671642,0.39880952380952384,0.5405405405405406,0.4666666666666667,0.0,0.0,0.0,0.0
bull_to_bear,0.2,0.99,15.0,-0.1,0,67,67,0.5074626865671642,0.39880952380952384,0.5405405405405406,0.4666666666666667,0.5074626865671642,0.39880952380952384,0.5405405405405406,0.4666666666666667,0.0,0.0,0.0,0.0
bull_to_neutral,0.2,0.98,,,0,67,67,0.5074626865671642,0.39880952380952384,0.5405405405405406,0.4666666666666667,0.5074626865671642,0.39880952380952384,0.5405405405405406,0.4666666666666667,0.0,0.0,0.0,0.0
bull_to_bear,0.2,0.98,,,0,67,67,0.5074626865671642,0.39880952380952384,0.5405405405405406,0.4666666666666667,0.5074626865671642,0.39880952380952384,0.5405405405405406,0.4666666666666667,0.0,0.0,0.0,0.0
bull_to_neutral,0.2,0.98,,0.0,0,67,67,0.5074626865671642,0.39880952380952384,0.5405405405405406,0.4666666666666667,0.5074626865671642,0.39880952380952384,0.5405405405405406,0.4666666666666667,0.0,0.0,0.0,0.0
bull_to_bear,0.2,0.98,,0.0,0,67,67,0.5074626865671642,0.39880952380952384,0.5405405405405406,0.4666666666666667,0.5074626865671642,0.39880952380952384,0.5405405405405406,0.4666666666666667,0.0,0.0,0.0,0.0
bull_to_neutral,0.2,0.98,,-0.05,0,67,67,0.5074626865671642,0.39880952380952384,0.5405405405405406,0.4666666666666667,0.5074626865671642,0.39880952380952384,0.5405405405405406,0.4666666666666667,0.0,0.0,0.0,0.0
bull_to_bear,0.2,0.98,,-0.05,0,67,67,0.5074626865671642,0.39880952380952384,0.5405405405405406,0.4666666666666667,0.5074626865671642,0.39880952380952384,0.5405405405405406,0.4666666666666667,0.0,0.0,0.0,0.0
bull_to_neutral,0.2,0.98,,-0.1,0,67,67,0.5074626865671642,0.39880952380952384,0.5405405405405406,0.4666666666666667,0.5074626865671642,0.39880952380952384,0.5405405405405406,0.4666666666666667,0.0,0.0,0.0,0.0
bull_to_bear,0.2,0.98,,-0.1,0,67,67,0.5074626865671642,0.39880952380952384,0.5405405405405406,0.4666666666666667,0.5074626865671642,0.39880952380952384,0.5405405405405406,0.4666666666666667,0.0,0.0,0.0,0.0
bull_to_neutral,0.2,0.98,0.0,,0,67,67,0.5074626865671642,0.39880952380952384,0.5405405405405406,0.4666666666666667,0.5074626865671642,0.39880952380952384,0.5405405405405406,0.4666666666666667,0.0,0.0,0.0,0.0
bull_to_bear,0.2,0.98,0.0,,0,67,67,0.5074626865671642,0.39880952380952384,0.5405405405405406,0.4666666666666667,0.5074626865671642,0.39880952380952384,0.5405405405405406,0.4666666666666667,0.0,0.0,0.0,0.0
bull_to_neutral,0.2,0.98,0.0,0.0,0,67,67,0.5074626865671642,0.39880952380952384,0.5405405405405406,0.4666666666666667,0.5074626865671642,0.39880952380952384,0.5405405405405406,0.4666666666666667,0.0,0.0,0.0,0.0
bull_to_bear,0.2,0.98,0.0,0.0,0,67,67,0.5074626865671642,0.39880952380952384,0.5405405405405406,0.4666666666666667,0.5074626865671642,0.39880952380952384,0.5405405405405406,0.4666666666666667,0.0,0.0,0.0,0.0
bull_to_neutral,0.2,0.98,0.0,-0.05,0,67,67,0.5074626865671642,0.39880952380952384,0.5405405405405406,0.4666666666666667,0.5074626865671642,0.39880952380952384,0.5405405405405406,0.4666666666666667,0.0,0.0,0.0,0.0
bull_to_bear,0.2,0.98,0.0,-0.05,0,67,67,0.5074626865671642,0.39880952380952384,0.5405405405405406,0.4666666666666667,0.5074626865671642,0.39880952380952384,0.5405405405405406,0.4666666666666667,0.0,0.0,0.0,0.0
bull_to_neutral,0.2,0.98,0.0,-0.1,0,67,67,0.5074626865671642,0.39880952380952384,0.5405405405405406,0.4666666666666667,0.5074626865671642,0.39880952380952384,0.5405405405405406,0.4666666666666667,0.0,0.0,0.0,0.0
bull_to_bear,0.2,0.98,0.0,-0.1,0,67,67,0.5074626865671642,0.39880952380952384,0.5405405405405406,0.4666666666666667,0.5074626865671642,0.39880952380952384,0.5405405405405406,0.4666666666666667,0.0,0.0,0.0,0.0
bull_to_neutral,0.2,0.98,5.0,,0,67,67,0.5074626865671642,0.39880952380952384,0.5405405405405406,0.4666666666666667,0.5074626865671642,0.39880952380952384,0.5405405405405406,0.4666666666666667,0.0,0.0,0.0,0.0
bull_to_bear,0.2,0.98,5.0,,0,67,67,0.5074626865671642,0.39880952380952384,0.5405405405405406,0.4666666666666667,0.5074626865671642,0.39880952380952384,0.5405405405405406,0.4666666666666667,0.0,0.0,0.0,0.0
bull_to_neutral,0.2,0.98,5.0,0.0,0,67,67,0.5074626865671642,0.39880952380952384,0.5405405405405406,0.4666666666666667,0.5074626865671642,0.39880952380952384,0.5405405405405406,0.4666666666666667,0.0,0.0,0.0,0.0
bull_to_bear,0.2,0.98,5.0,0.0,0,67,67,0.5074626865671642,0.39880952380952384,0.5405405405405406,0.4666666666666667,0.5074626865671642,0.39880952380952384,0.5405405405405406,0.4666666666666667,0.0,0.0,0.0,0.0
bull_to_neutral,0.2,0.98,5.0,-0.05,0,67,67,0.5074626865671642,0.39880952380952384,0.5405405405405406,0.4666666666666667,0.5074626865671642,0.39880952380952384,0.5405405405405406,0.4666666666666667,0.0,0.0,0.0,0.0
bull_to_bear,0.2,0.98,5.0,-0.05,0,67,67,0.5074626865671642,0.39880952380952384,0.5405405405405406,0.4666666666666667,0.5074626865671642,0.39880952380952384,0.5405405405405406,0.4666666666666667,0.0,0.0,0.0,0.0
bull_to_neutral,0.2,0.98,5.0,-0.1,0,67,67,0.5074626865671642,0.39880952380952384,0.5405405405405406,0.4666666666666667,0.5074626865671642,0.39880952380952384,0.5405405405405406,0.4666666666666667,0.0,0.0,0.0,0.0
bull_to_bear,0.2,0.98,5.0,-0.1,0,67,67,0.5074626865671642,0.39880952380952384,0.5405405405405406,0.4666666666666667,0.5074626865671642,0.39880952380952384,0.5405405405405406,0.4666666666666667,0.0,0.0,0.0,0.0
bull_to_neutral,0.2,0.98,10.0,,0,67,67,0.5074626865671642,0.39880952380952384,0.5405405405405406,0.4666666666666667,0.5074626865671642,0.39880952380952384,0.5405405405405406,0.4666666666666667,0.0,0.0,0.0,0.0
bull_to_bear,0.2,0.98,10.0,,0,67,67,0.5074626865671642,0.39880952380952384,0.5405405405405406,0.4666666666666667,0.5074626865671642,0.39880952380952384,0.5405405405405406,0.4666666666666667,0.0,0.0,0.0,0.0
bull_to_neutral,0.2,0.98,10.0,0.0,0,67,67,0.5074626865671642,0.39880952380952384,0.5405405405405406,0.4666666666666667,0.5074626865671642,0.39880952380952384,0.5405405405405406,0.4666666666666667,0.0,0.0,0.0,0.0
bull_to_bear,0.2,0.98,10.0,0.0,0,67,67,0.5074626865671642,0.39880952380952384,0.5405405405405406,0.4666666666666667,0.5074626865671642,0.39880952380952384,0.5405405405405406,0.4666666666666667,0.0,0.0,0.0,0.0
bull_to_neutral,0.2,0.98,10.0,-0.05,0,67,67,0.5074626865671642,0.39880952380952384,0.5405405405405406,0.4666666666666667,0.5074626865671642,0.39880952380952384,0.5405405405405406,0.4666666666666667,0.0,0.0,0.0,0.0
bull_to_bear,0.2,0.98,10.0,-0.05,0,67,67,0.5074626865671642,0.39880952380952384,0.5405405405405406,0.4666666666666667,0.5074626865671642,0.39880952380952384,0.5405405405405406,0.4666666666666667,0.0,0.0,0.0,0.0
bull_to_neutral,0.2,0.98,10.0,-0.1,0,67,67,0.5074626865671642,0.39880952380952384,0.5405405405405406,0.4666666666666667,0.5074626865671642,0.39880952380952384,0.5405405405405406,0.4666666666666667,0.0,0.0,0.0,0.0
bull_to_bear,0.2,0.98,10.0,-0.1,0,67,67,0.5074626865671642,0.39880952380952384,0.5405405405405406,0.4666666666666667,0.5074626865671642,0.39880952380952384,0.5405405405405406,0.4666666666666667,0.0,0.0,0.0,0.0
bull_to_neutral,0.2,0.98,15.0,,0,67,67,0.5074626865671642,0.39880952380952384,0.5405405405405406,0.4666666666666667,0.5074626865671642,0.39880952380952384,0.5405405405405406,0.4666666666666667,0.0,0.0,0.0,0.0
bull_to_bear,0.2,0.98,15.0,,0,67,67,0.5074626865671642,0.39880952380952384,0.5405405405405406,0.4666666666666667,0.5074626865671642,0.39880952380952384,0.5405405405405406,0.4666666666666667,0.0,0.0,0.0,0.0
bull_to_neutral,0.2,0.98,15.0,0.0,0,67,67,0.5074626865671642,0.39880952380952384,0.5405405405405406,0.4666666666666667,0.5074626865671642,0.39880952380952384,0.5405405405405406,0.4666666666666667,0.0,0.0,0.0,0.0
bull_to_bear,0.2,0.98,15.0,0.0,0,67,67,0.5074626865671642,0.39880952380952384,0.5405405405405406,0.4666666666666667,0.5074626865671642,0.39880952380952384,0.5405405405405406,0.4666666666666667,0.0,0.0,0.0,0.0
bull_to_neutral,0.2,0.98,15.0,-0.05,0,67,67,0.5074626865671642,0.39880952380952384,0.5405405405405406,0.4666666666666667,0.5074626865671642,0.39880952380952384,0.5405405405405406,0.4666666666666667,0.0,0.0,0.0,0.0
bull_to_bear,0.2,0.98,15.0,-0.05,0,67,67,0.5074626865671642,0.39880952380952384,0.5405405405405406,0.4666666666666667,0.5074626865671642,0.39880952380952384,0.5405405405405406,0.4666666666666667,0.0,0.0,0.0,0.0
bull_to_neutral,0.2,0.98,15.0,-0.1,0,67,67,0.5074626865671642,0.39880952380952384,0.5405405405405406,0.4666666666666667,0.5074626865671642,0.39880952380952384,0.5405405405405406,0.4666666666666667,0.0,0.0,0.0,0.0
bull_to_bear,0.2,0.98,15.0,-0.1,0,67,67,0.5074626865671642,0.39880952380952384,0.5405405405405406,0.4666666666666667,0.5074626865671642,0.39880952380952384,0.5405405405405406,0.4666666666666667,0.0,0.0,0.0,0.0
bull_to_neutral,0.2,0.97,,,0,67,67,0.5074626865671642,0.39880952380952384,0.5405405405405406,0.4666666666666667,0.5074626865671642,0.39880952380952384,0.5405405405405406,0.4666666666666667,0.0,0.0,0.0,0.0
bull_to_bear,0.2,0.97,,,0,67,67,0.5074626865671642,0.39880952380952384,0.5405405405405406,0.4666666666666667,0.5074626865671642,0.39880952380952384,0.5405405405405406,0.4666666666666667,0.0,0.0,0.0,0.0
bull_to_neutral,0.2,0.97,,0.0,0,67,67,0.5074626865671642,0.39880952380952384,0.5405405405405406,0.4666666666666667,0.5074626865671642,0.39880952380952384,0.5405405405405406,0.4666666666666667,0.0,0.0,0.0,0.0
bull_to_bear,0.2,0.97,,0.0,0,67,67,0.5074626865671642,0.39880952380952384,0.5405405405405406,0.4666666666666667,0.5074626865671642,0.39880952380952384,0.5405405405405406,0.4666666666666667,0.0,0.0,0.0,0.0
bull_to_neutral,0.2,0.97,,-0.05,0,67,67,0.5074626865671642,0.39880952380952384,0.5405405405405406,0.4666666666666667,0.5074626865671642,0.39880952380952384,0.5405405405405406,0.4666666666666667,0.0,0.0,0.0,0.0
bull_to_bear,0.2,0.97,,-0.05,0,67,67,0.5074626865671642,0.39880952380952384,0.5405405405405406,0.4666666666666667,0.5074626865671642,0.39880952380952384,0.5405405405405406,0.4666666666666667,0.0,0.0,0.0,0.0
bull_to_neutral,0.2,0.97,,-0.1,0,67,67,0.5074626865671642,0.39880952380952384,0.5405405405405406,0.4666666666666667,0.5074626865671642,0.39880952380952384,0.5405405405405406,0.4666666666666667,0.0,0.0,0.0,0.0
bull_to_bear,0.2,0.97,,-0.1,0,67,67,0.5074626865671642,0.39880952380952384,0.5405405405405406,0.4666666666666667,0.5074626865671642,0.39880952380952384,0.5405405405405406,0.4666666666666667,0.0,0.0,0.0,0.0
bull_to_neutral,0.2,0.97,0.0,,0,67,67,0.5074626865671642,0.39880952380952384,0.5405405405405406,0.4666666666666667,0.5074626865671642,0.39880952380952384,0.5405405405405406,0.4666666666666667,0.0,0.0,0.0,0.0
bull_to_bear,0.2,0.97,0.0,,0,67,67,0.5074626865671642,0.39880952380952384,0.5405405405405406,0.4666666666666667,0.5074626865671642,0.39880952380952384,0.5405405405405406,0.4666666666666667,0.0,0.0,0.0,0.0
bull_to_neutral,0.2,0.97,0.0,0.0,0,67,67,0.5074626865671642,0.39880952380952384,0.5405405405405406,0.4666666666666667,0.5074626865671642,0.39880952380952384,0.5405405405405406,0.4666666666666667,0.0,0.0,0.0,0.0
bull_to_bear,0.2,0.97,0.0,0.0,0,67,67,0.5074626865671642,0.39880952380952384,0.5405405405405406,0.4666666666666667,0.5074626865671642,0.39880952380952384,0.5405405405405406,0.4666666666666667,0.0,0.0,0.0,0.0
bull_to_neutral,0.2,0.97,0.0,-0.05,0,67,67,0.5074626865671642,0.39880952380952384,0.5405405405405406,0.4666666666666667,0.5074626865671642,0.39880952380952384,0.5405405405405406,0.4666666666666667,0.0,0.0,0.0,0.0
bull_to_bear,0.2,0.97,0.0,-0.05,0,67,67,0.5074626865671642,0.39880952380952384,0.5405405405405406,0.4666666666666667,0.5074626865671642,0.39880952380952384,0.5405405405405406,0.4666666666666667,0.0,0.0,0.0,0.0
bull_to_neutral,0.2,0.97,0.0,-0.1,0,67,67,0.5074626865671642,0.39880952380952384,0.5405405405405406,0.4666666666666667,0.5074626865671642,0.39880952380952384,0.5405405405405406,0.4666666666666667,0.0,0.0,0.0,0.0
bull_to_bear,0.2,0.97,0.0,-0.1,0,67,67,0.5074626865671642,0.39880952380952384,0.5405405405405406,0.4666666666666667,0.5074626865671642,0.39880952380952384,0.5405405405405406,0.4666666666666667,0.0,0.0,0.0,0.0
bull_to_neutral,0.2,0.97,5.0,,0,67,67,0.5074626865671642,0.39880952380952384,0.5405405405405406,0.4666666666666667,0.5074626865671642,0.39880952380952384,0.5405405405405406,0.4666666666666667,0.0,0.0,0.0,0.0
bull_to_bear,0.2,0.97,5.0,,0,67,67,0.5074626865671642,0.39880952380952384,0.5405405405405406,0.4666666666666667,0.5074626865671642,0.39880952380952384,0.5405405405405406,0.4666666666666667,0.0,0.0,0.0,0.0
bull_to_neutral,0.2,0.97,5.0,0.0,0,67,67,0.5074626865671642,0.39880952380952384,0.5405405405405406,0.4666666666666667,0.5074626865671642,0.39880952380952384,0.5405405405405406,0.4666666666666667,0.0,0.0,0.0,0.0
bull_to_bear,0.2,0.97,5.0,0.0,0,67,67,0.5074626865671642,0.39880952380952384,0.5405405405405406,0.4666666666666667,0.5074626865671642,0.39880952380952384,0.5405405405405406,0.4666666666666667,0.0,0.0,0.0,0.0
bull_to_neutral,0.2,0.97,5.0,-0.05,0,67,67,0.5074626865671642,0.39880952380952384,0.5405405405405406,0.4666666666666667,0.5074626865671642,0.39880952380952384,0.5405405405405406,0.4666666666666667,0.0,0.0,0.0,0.0
bull_to_bear,0.2,0.97,5.0,-0.05,0,67,67,0.5074626865671642,0.39880952380952384,0.5405405405405406,0.4666666666666667,0.5074626865671642,0.39880952380952384,0.5405405405405406,0.4666666666666667,0.0,0.0,0.0,0.0
bull_to_neutral,0.2,0.97,5.0,-0.1,0,67,67,0.5074626865671642,0.39880952380952384,0.5405405405405406,0.4666666666666667,0.5074626865671642,0.39880952380952384,0.5405405405405406,0.4666666666666667,0.0,0.0,0.0,0.0
bull_to_bear,0.2,0.97,5.0,-0.1,0,67,67,0.5074626865671642,0.39880952380952384,0.5405405405405406,0.4666666666666667,0.5074626865671642,0.39880952380952384,0.5405405405405406,0.4666666666666667,0.0,0.0,0.0,0.0
bull_to_neutral,0.2,0.97,10.0,,0,67,67,0.5074626865671642,0.39880952380952384,0.5405405405405406,0.4666666666666667,0.5074626865671642,0.39880952380952384,0.5405405405405406,0.4666666666666667,0.0,0.0,0.0,0.0
bull_to_bear,0.2,0.97,10.0,,0,67,67,0.5074626865671642,0.39880952380952384,0.5405405405405406,0.4666666666666667,0.5074626865671642,0.39880952380952384,0.5405405405405406,0.4666666666666667,0.0,0.0,0.0,0.0
bull_to_neutral,0.2,0.97,10.0,0.0,0,67,67,0.5074626865671642,0.39880952380952384,0.5405405405405406,0.4666666666666667,0.5074626865671642,0.39880952380952384,0.5405405405405406,0.4666666666666667,0.0,0.0,0.0,0.0
bull_to_bear,0.2,0.97,10.0,0.0,0,67,67,0.5074626865671642,0.39880952380952384,0.5405405405405406,0.4666666666666667,0.5074626865671642,0.39880952380952384,0.5405405405405406,0.4666666666666667,0.0,0.0,0.0,0.0
bull_to_neutral,0.2,0.97,10.0,-0.05,0,67,67,0.5074626865671642,0.39880952380952384,0.5405405405405406,0.4666666666666667,0.5074626865671642,0.39880952380952384,0.5405405405405406,0.4666666666666667,0.0,0.0,0.0,0.0
bull_to_bear,0.2,0.97,10.0,-0.05,0,67,67,0.5074626865671642,0.39880952380952384,0.5405405405405406,0.4666666666666667,0.5074626865671642,0.39880952380952384,0.5405405405405406,0.4666666666666667,0.0,0.0,0.0,0.0
bull_to_neutral,0.2,0.97,10.0,-0.1,0,67,67,0.5074626865671642,0.39880952380952384,0.5405405405405406,0.4666666666666667,0.5074626865671642,0.39880952380952384,0.5405405405405406,0.4666666666666667,0.0,0.0,0.0,0.0
bull_to_bear,0.2,0.97,10.0,-0.1,0,67,67,0.5074626865671642,0.39880952380952384,0.5405405405405406,0.4666666666666667,0.5074626865671642,0.39880952380952384,0.5405405405405406,0.4666666666666667,0.0,0.0,0.0,0.0
bull_to_neutral,0.2,0.97,15.0,,0,67,67,0.5074626865671642,0.39880952380952384,0.5405405405405406,0.4666666666666667,0.5074626865671642,0.39880952380952384,0.5405405405405406,0.4666666666666667,0.0,0.0,0.0,0.0
bull_to_bear,0.2,0.97,15.0,,0,67,67,0.5074626865671642,0.39880952380952384,0.5405405405405406,0.4666666666666667,0.5074626865671642,0.39880952380952384,0.5405405405405406,0.4666666666666667,0.0,0.0,0.0,0.0
bull_to_neutral,0.2,0.97,15.0,0.0,0,67,67,0.5074626865671642,0.39880952380952384,0.5405405405405406,0.4666666666666667,0.5074626865671642,0.39880952380952384,0.5405405405405406,0.4666666666666667,0.0,0.0,0.0,0.0
bull_to_bear,0.2,0.97,15.0,0.0,0,67,67,0.5074626865671642,0.39880952380952384,0.5405405405405406,0.4666666666666667,0.5074626865671642,0.39880952380952384,0.5405405405405406,0.4666666666666667,0.0,0.0,0.0,0.0
bull_to_neutral,0.2,0.97,15.0,-0.05,0,67,67,0.5074626865671642,0.39880952380952384,0.5405405405405406,0.4666666666666667,0.5074626865671642,0.39880952380952384,0.5405405405405406,0.4666666666666667,0.0,0.0,0.0,0.0
bull_to_bear,0.2,0.97,15.0,-0.05,0,67,67,0.5074626865671642,0.39880952380952384,0.5405405405405406,0.4666666666666667,0.5074626865671642,0.39880952380952384,0.5405405405405406,0.4666666666666667,0.0,0.0,0.0,0.0
bull_to_neutral,0.2,0.97,15.0,-0.1,0,67,67,0.5074626865671642,0.39880952380952384,0.5405405405405406,0.4666666666666667,0.5074626865671642,0.39880952380952384,0.5405405405405406,0.4666666666666667,0.0,0.0,0.0,0.0
bull_to_bear,0.2,0.97,15.0,-0.1,0,67,67,0.5074626865671642,0.39880952380952384,0.5405405405405406,0.4666666666666667,0.5074626865671642,0.39880952380952384,0.5405405405405406,0.4666666666666667,0.0,0.0,0.0,0.0
bull_to_neutral,0.2,0.95,,,0,67,67,0.5074626865671642,0.39880952380952384,0.5405405405405406,0.4666666666666667,0.5074626865671642,0.39880952380952384,0.5405405405405406,0.4666666666666667,0.0,0.0,0.0,0.0
bull_to_bear,0.2,0.95,,,0,67,67,0.5074626865671642,0.39880952380952384,0.5405405405405406,0.4666666666666667,0.5074626865671642,0.39880952380952384,0.5405405405405406,0.4666666666666667,0.0,0.0,0.0,0.0
bull_to_neutral,0.2,0.95,,0.0,0,67,67,0.5074626865671642,0.39880952380952384,0.5405405405405406,0.4666666666666667,0.5074626865671642,0.39880952380952384,0.5405405405405406,0.4666666666666667,0.0,0.0,0.0,0.0
bull_to_bear,0.2,0.95,,0.0,0,67,67,0.5074626865671642,0.39880952380952384,0.5405405405405406,0.4666666666666667,0.5074626865671642,0.39880952380952384,0.5405405405405406,0.4666666666666667,0.0,0.0,0.0,0.0
bull_to_neutral,0.2,0.95,,-0.05,0,67,67,0.5074626865671642,0.39880952380952384,0.5405405405405406,0.4666666666666667,0.5074626865671642,0.39880952380952384,0.5405405405405406,0.4666666666666667,0.0,0.0,0.0,0.0
bull_to_bear,0.2,0.95,,-0.05,0,67,67,0.5074626865671642,0.39880952380952384,0.5405405405405406,0.4666666666666667,0.5074626865671642,0.39880952380952384,0.5405405405405406,0.4666666666666667,0.0,0.0,0.0,0.0
bull_to_neutral,0.2,0.95,,-0.1,0,67,67,0.5074626865671642,0.39880952380952384,0.5405405405405406,0.4666666666666667,0.5074626865671642,0.39880952380952384,0.5405405405405406,0.4666666666666667,0.0,0.0,0.0,0.0
bull_to_bear,0.2,0.95,,-0.1,0,67,67,0.5074626865671642,0.39880952380952384,0.5405405405405406,0.4666666666666667,0.5074626865671642,0.39880952380952384,0.5405405405405406,0.4666666666666667,0.0,0.0,0.0,0.0
bull_to_neutral,0.2,0.95,0.0,,0,67,67,0.5074626865671642,0.39880952380952384,0.5405405405405406,0.4666666666666667,0.5074626865671642,0.39880952380952384,0.5405405405405406,0.4666666666666667,0.0,0.0,0.0,0.0
bull_to_bear,0.2,0.95,0.0,,0,67,67,0.5074626865671642,0.39880952380952384,0.5405405405405406,0.4666666666666667,0.5074626865671642,0.39880952380952384,0.5405405405405406,0.4666666666666667,0.0,0.0,0.0,0.0
bull_to_neutral,0.2,0.95,0.0,0.0,0,67,67,0.5074626865671642,0.39880952380952384,0.5405405405405406,0.4666666666666667,0.5074626865671642,0.39880952380952384,0.5405405405405406,0.4666666666666667,0.0,0.0,0.0,0.0
bull_to_bear,0.2,0.95,0.0,0.0,0,67,67,0.5074626865671642,0.39880952380952384,0.5405405405405406,0.4666666666666667,0.5074626865671642,0.39880952380952384,0.5405405405405406,0.4666666666666667,0.0,0.0,0.0,0.0
bull_to_neutral,0.2,0.95,0.0,-0.05,0,67,67,0.5074626865671642,0.39880952380952384,0.5405405405405406,0.4666666666666667,0.5074626865671642,0.39880952380952384,0.5405405405405406,0.4666666666666667,0.0,0.0,0.0,0.0
bull_to_bear,0.2,0.95,0.0,-0.05,0,67,67,0.5074626865671642,0.39880952380952384,0.5405405405405406,0.4666666666666667,0.5074626865671642,0.39880952380952384,0.5405405405405406,0.4666666666666667,0.0,0.0,0.0,0.0
bull_to_neutral,0.2,0.95,0.0,-0.1,0,67,67,0.5074626865671642,0.39880952380952384,0.5405405405405406,0.4666666666666667,0.5074626865671642,0.39880952380952384,0.5405405405405406,0.4666666666666667,0.0,0.0,0.0,0.0
bull_to_bear,0.2,0.95,0.0,-0.1,0,67,67,0.5074626865671642,0.39880952380952384,0.5405405405405406,0.4666666666666667,0.5074626865671642,0.39880952380952384,0.5405405405405406,0.4666666666666667,0.0,0.0,0.0,0.0
bull_to_neutral,0.2,0.95,5.0,,0,67,67,0.5074626865671642,0.39880952380952384,0.5405405405405406,0.4666666666666667,0.5074626865671642,0.39880952380952384,0.5405405405405406,0.4666666666666667,0.0,0.0,0.0,0.0
bull_to_bear,0.2,0.95,5.0,,0,67,67,0.5074626865671642,0.39880952380952384,0.5405405405405406,0.4666666666666667,0.5074626865671642,0.39880952380952384,0.5405405405405406,0.4666666666666667,0.0,0.0,0.0,0.0
bull_to_neutral,0.2,0.95,5.0,0.0,0,67,67,0.5074626865671642,0.39880952380952384,0.5405405405405406,0.4666666666666667,0.5074626865671642,0.39880952380952384,0.5405405405405406,0.4666666666666667,0.0,0.0,0.0,0.0
bull_to_bear,0.2,0.95,5.0,0.0,0,67,67,0.5074626865671642,0.39880952380952384,0.5405405405405406,0.4666666666666667,0.5074626865671642,0.39880952380952384,0.5405405405405406,0.4666666666666667,0.0,0.0,0.0,0.0
bull_to_neutral,0.2,0.95,5.0,-0.05,0,67,67,0.5074626865671642,0.39880952380952384,0.5405405405405406,0.4666666666666667,0.5074626865671642,0.39880952380952384,0.5405405405405406,0.4666666666666667,0.0,0.0,0.0,0.0
bull_to_bear,0.2,0.95,5.0,-0.05,0,67,67,0.5074626865671642,0.39880952380952384,0.5405405405405406,0.4666666666666667,0.5074626865671642,0.39880952380952384,0.5405405405405406,0.4666666666666667,0.0,0.0,0.0,0.0
bull_to_neutral,0.2,0.95,5.0,-0.1,0,67,67,0.5074626865671642,0.39880952380952384,0.5405405405405406,0.4666666666666667,0.5074626865671642,0.39880952380952384,0.5405405405405406,0.4666666666666667,0.0,0.0,0.0,0.0
bull_to_bear,0.2,0.95,5.0,-0.1,0,67,67,0.5074626865671642,0.39880952380952384,0.5405405405405406,0.4666666666666667,0.5074626865671642,0.39880952380952384,0.5405405405405406,0.4666666666666667,0.0,0.0,0.0,0.0
bull_to_neutral,0.2,0.95,10.0,,0,67,67,0.5074626865671642,0.39880952380952384,0.5405405405405406,0.4666666666666667,0.5074626865671642,0.39880952380952384,0.5405405405405406,0.4666666666666667,0.0,0.0,0.0,0.0
bull_to_bear,0.2,0.95,10.0,,0,67,67,0.5074626865671642,0.39880952380952384,0.5405405405405406,0.4666666666666667,0.5074626865671642,0.39880952380952384,0.5405405405405406,0.4666666666666667,0.0,0.0,0.0,0.0
bull_to_neutral,0.2,0.95,10.0,0.0,0,67,67,0.5074626865671642,0.39880952380952384,0.5405405405405406,0.4666666666666667,0.5074626865671642,0.39880952380952384,0.5405405405405406,0.4666666666666667,0.0,0.0,0.0,0.0
bull_to_bear,0.2,0.95,10.0,0.0,0,67,67,0.5074626865671642,0.39880952380952384,0.5405405405405406,0.4666666666666667,0.5074626865671642,0.39880952380952384,0.5405405405405406,0.4666666666666667,0.0,0.0,0.0,0.0
bull_to_neutral,0.2,0.95,10.0,-0.05,0,67,67,0.5074626865671642,0.39880952380952384,0.5405405405405406,0.4666666666666667,0.5074626865671642,0.39880952380952384,0.5405405405405406,0.4666666666666667,0.0,0.0,0.0,0.0
bull_to_bear,0.2,0.95,10.0,-0.05,0,67,67,0.5074626865671642,0.39880952380952384,0.5405405405405406,0.4666666666666667,0.5074626865671642,0.39880952380952384,0.5405405405405406,0.4666666666666667,0.0,0.0,0.0,0.0
bull_to_neutral,0.2,0.95,10.0,-0.1,0,67,67,0.5074626865671642,0.39880952380952384,0.5405405405405406,0.4666666666666667,0.5074626865671642,0.39880952380952384,0.5405405405405406,0.4666666666666667,0.0,0.0,0.0,0.0
bull_to_bear,0.2,0.95,10.0,-0.1,0,67,67,0.5074626865671642,0.39880952380952384,0.5405405405405406,0.4666666666666667,0.5074626865671642,0.39880952380952384,0.5405405405405406,0.4666666666666667,0.0,0.0,0.0,0.0
bull_to_neutral,0.2,0.95,15.0,,0,67,67,0.5074626865671642,0.39880952380952384,0.5405405405405406,0.4666666666666667,0.5074626865671642,0.39880952380952384,0.5405405405405406,0.4666666666666667,0.0,0.0,0.0,0.0
bull_to_bear,0.2,0.95,15.0,,0,67,67,0.5074626865671642,0.39880952380952384,0.5405405405405406,0.4666666666666667,0.5074626865671642,0.39880952380952384,0.5405405405405406,0.4666666666666667,0.0,0.0,0.0,0.0
bull_to_neutral,0.2,0.95,15.0,0.0,0,67,67,0.5074626865671642,0.39880952380952384,0.5405405405405406,0.4666666666666667,0.5074626865671642,0.39880952380952384,0.5405405405405406,0.4666666666666667,0.0,0.0,0.0,0.0
bull_to_bear,0.2,0.95,15.0,0.0,0,67,67,0.5074626865671642,0.39880952380952384,0.5405405405405406,0.4666666666666667,0.5074626865671642,0.39880952380952384,0.5405405405405406,0.4666666666666667,0.0,0.0,0.0,0.0
bull_to_neutral,0.2,0.95,15.0,-0.05,0,67,67,0.5074626865671642,0.39880952380952384,0.5405405405405406,0.4666666666666667,0.5074626865671642,0.39880952380952384,0.5405405405405406,0.4666666666666667,0.0,0.0,0.0,0.0
bull_to_bear,0.2,0.95,15.0,-0.05,0,67,67,0.5074626865671642,0.39880952380952384,0.5405405405405406,0.4666666666666667,0.5074626865671642,0.39880952380952384,0.5405405405405406,0.4666666666666667,0.0,0.0,0.0,0.0
bull_to_neutral,0.2,0.95,15.0,-0.1,0,67,67,0.5074626865671642,0.39880952380952384,0.5405405405405406,0.4666666666666667,0.5074626865671642,0.39880952380952384,0.5405405405405406,0.4666666666666667,0.0,0.0,0.0,0.0
bull_to_bear,0.2,0.95,15.0,-0.1,0,67,67,0.5074626865671642,0.39880952380952384,0.5405405405405406,0.4666666666666667,0.5074626865671642,0.39880952380952384,0.5405405405405406,0.4666666666666667,0.0,0.0,0.0,0.0
bull_to_neutral,0.2,0.93,,,0,67,67,0.5074626865671642,0.39880952380952384,0.5405405405405406,0.4666666666666667,0.5074626865671642,0.39880952380952384,0.5405405405405406,0.4666666666666667,0.0,0.0,0.0,0.0
bull_to_bear,0.2,0.93,,,0,67,67,0.5074626865671642,0.39880952380952384,0.5405405405405406,0.4666666666666667,0.5074626865671642,0.39880952380952384,0.5405405405405406,0.4666666666666667,0.0,0.0,0.0,0.0
bull_to_neutral,0.2,0.93,,0.0,0,67,67,0.5074626865671642,0.39880952380952384,0.5405405405405406,0.4666666666666667,0.5074626865671642,0.39880952380952384,0.5405405405405406,0.4666666666666667,0.0,0.0,0.0,0.0
bull_to_bear,0.2,0.93,,0.0,0,67,67,0.5074626865671642,0.39880952380952384,0.5405405405405406,0.4666666666666667,0.5074626865671642,0.39880952380952384,0.5405405405405406,0.4666666666666667,0.0,0.0,0.0,0.0
bull_to_neutral,0.2,0.93,,-0.05,0,67,67,0.5074626865671642,0.39880952380952384,0.5405405405405406,0.4666666666666667,0.5074626865671642,0.39880952380952384,0.5405405405405406,0.4666666666666667,0.0,0.0,0.0,0.0
bull_to_bear,0.2,0.93,,-0.05,0,67,67,0.5074626865671642,0.39880952380952384,0.5405405405405406,0.4666666666666667,0.5074626865671642,0.39880952380952384,0.5405405405405406,0.4666666666666667,0.0,0.0,0.0,0.0
bull_to_neutral,0.2,0.93,,-0.1,0,67,67,0.5074626865671642,0.39880952380952384,0.5405405405405406,0.4666666666666667,0.5074626865671642,0.39880952380952384,0.5405405405405406,0.4666666666666667,0.0,0.0,0.0,0.0
bull_to_bear,0.2,0.93,,-0.1,0,67,67,0.5074626865671642,0.39880952380952384,0.5405405405405406,0.4666666666666667,0.5074626865671642,0.39880952380952384,0.5405405405405406,0.4666666666666667,0.0,0.0,0.0,0.0
bull_to_neutral,0.2,0.93,0.0,,0,67,67,0.5074626865671642,0.39880952380952384,0.5405405405405406,0.4666666666666667,0.5074626865671642,0.39880952380952384,0.5405405405405406,0.4666666666666667,0.0,0.0,0.0,0.0
bull_to_bear,0.2,0.93,0.0,,0,67,67,0.5074626865671642,0.39880952380952384,0.5405405405405406,0.4666666666666667,0.5074626865671642,0.39880952380952384,0.5405405405405406,0.4666666666666667,0.0,0.0,0.0,0.0
bull_to_neutral,0.2,0.93,0.0,0.0,0,67,67,0.5074626865671642,0.39880952380952384,0.5405405405405406,0.4666666666666667,0.5074626865671642,0.39880952380952384,0.5405405405405406,0.4666666666666667,0.0,0.0,0.0,0.0
bull_to_bear,0.2,0.93,0.0,0.0,0,67,67,0.5074626865671642,0.39880952380952384,0.5405405405405406,0.4666666666666667,0.5074626865671642,0.39880952380952384,0.5405405405405406,0.4666666666666667,0.0,0.0,0.0,0.0
bull_to_neutral,0.2,0.93,0.0,-0.05,0,67,67,0.5074626865671642,0.39880952380952384,0.5405405405405406,0.4666666666666667,0.5074626865671642,0.39880952380952384,0.5405405405405406,0.4666666666666667,0.0,0.0,0.0,0.0
bull_to_bear,0.2,0.93,0.0,-0.05,0,67,67,0.5074626865671642,0.39880952380952384,0.5405405405405406,0.4666666666666667,0.5074626865671642,0.39880952380952384,0.5405405405405406,0.4666666666666667,0.0,0.0,0.0,0.0
bull_to_neutral,0.2,0.93,0.0,-0.1,0,67,67,0.5074626865671642,0.39880952380952384,0.5405405405405406,0.4666666666666667,0.5074626865671642,0.39880952380952384,0.5405405405405406,0.4666666666666667,0.0,0.0,0.0,0.0
bull_to_bear,0.2,0.93,0.0,-0.1,0,67,67,0.5074626865671642,0.39880952380952384,0.5405405405405406,0.4666666666666667,0.5074626865671642,0.39880952380952384,0.5405405405405406,0.4666666666666667,0.0,0.0,0.0,0.0
bull_to_neutral,0.2,0.93,5.0,,0,67,67,0.5074626865671642,0.39880952380952384,0.5405405405405406,0.4666666666666667,0.5074626865671642,0.39880952380952384,0.5405405405405406,0.4666666666666667,0.0,0.0,0.0,0.0
bull_to_bear,0.2,0.93,5.0,,0,67,67,0.5074626865671642,0.39880952380952384,0.5405405405405406,0.4666666666666667,0.5074626865671642,0.39880952380952384,0.5405405405405406,0.4666666666666667,0.0,0.0,0.0,0.0
bull_to_neutral,0.2,0.93,5.0,0.0,0,67,67,0.5074626865671642,0.39880952380952384,0.5405405405405406,0.4666666666666667,0.5074626865671642,0.39880952380952384,0.5405405405405406,0.4666666666666667,0.0,0.0,0.0,0.0
bull_to_bear,0.2,0.93,5.0,0.0,0,67,67,0.5074626865671642,0.39880952380952384,0.5405405405405406,0.4666666666666667,0.5074626865671642,0.39880952380952384,0.5405405405405406,0.4666666666666667,0.0,0.0,0.0,0.0
bull_to_neutral,0.2,0.93,5.0,-0.05,0,67,67,0.5074626865671642,0.39880952380952384,0.5405405405405406,0.4666666666666667,0.5074626865671642,0.39880952380952384,0.5405405405405406,0.4666666666666667,0.0,0.0,0.0,0.0
bull_to_bear,0.2,0.93,5.0,-0.05,0,67,67,0.5074626865671642,0.39880952380952384,0.5405405405405406,0.4666666666666667,0.5074626865671642,0.39880952380952384,0.5405405405405406,0.4666666666666667,0.0,0.0,0.0,0.0
bull_to_neutral,0.2,0.93,5.0,-0.1,0,67,67,0.5074626865671642,0.39880952380952384,0.5405405405405406,0.4666666666666667,0.5074626865671642,0.39880952380952384,0.5405405405405406,0.4666666666666667,0.0,0.0,0.0,0.0
bull_to_bear,0.2,0.93,5.0,-0.1,0,67,67,0.5074626865671642,0.39880952380952384,0.5405405405405406,0.4666666666666667,0.5074626865671642,0.39880952380952384,0.5405405405405406,0.4666666666666667,0.0,0.0,0.0,0.0
bull_to_neutral,0.2,0.93,10.0,,0,67,67,0.5074626865671642,0.39880952380952384,0.5405405405405406,0.4666666666666667,0.5074626865671642,0.39880952380952384,0.5405405405405406,0.4666666666666667,0.0,0.0,0.0,0.0
bull_to_bear,0.2,0.93,10.0,,0,67,67,0.5074626865671642,0.39880952380952384,0.5405405405405406,0.4666666666666667,0.5074626865671642,0.39880952380952384,0.5405405405405406,0.4666666666666667,0.0,0.0,0.0,0.0
bull_to_neutral,0.2,0.93,10.0,0.0,0,67,67,0.5074626865671642,0.39880952380952384,0.5405405405405406,0.4666666666666667,0.5074626865671642,0.39880952380952384,0.5405405405405406,0.4666666666666667,0.0,0.0,0.0,0.0
bull_to_bear,0.2,0.93,10.0,0.0,0,67,67,0.5074626865671642,0.39880952380952384,0.5405405405405406,0.4666666666666667,0.5074626865671642,0.39880952380952384,0.5405405405405406,0.4666666666666667,0.0,0.0,0.0,0.0
bull_to_neutral,0.2,0.93,10.0,-0.05,0,67,67,0.5074626865671642,0.39880952380952384,0.5405405405405406,0.4666666666666667,0.5074626865671642,0.39880952380952384,0.5405405405405406,0.4666666666666667,0.0,0.0,0.0,0.0
bull_to_bear,0.2,0.93,10.0,-0.05,0,67,67,0.5074626865671642,0.39880952380952384,0.5405405405405406,0.4666666666666667,0.5074626865671642,0.39880952380952384,0.5405405405405406,0.4666666666666667,0.0,0.0,0.0,0.0
bull_to_neutral,0.2,0.93,10.0,-0.1,0,67,67,0.5074626865671642,0.39880952380952384,0.5405405405405406,0.4666666666666667,0.5074626865671642,0.39880952380952384,0.5405405405405406,0.4666666666666667,0.0,0.0,0.0,0.0
bull_to_bear,0.2,0.93,10.0,-0.1,0,67,67,0.5074626865671642,0.39880952380952384,0.5405405405405406,0.4666666666666667,0.5074626865671642,0.39880952380952384,0.5405405405405406,0.4666666666666667,0.0,0.0,0.0,0.0
bull_to_neutral,0.2,0.93,15.0,,0,67,67,0.5074626865671642,0.39880952380952384,0.5405405405405406,0.4666666666666667,0.5074626865671642,0.39880952380952384,0.5405405405405406,0.4666666666666667,0.0,0.0,0.0,0.0
bull_to_bear,0.2,0.93,15.0,,0,67,67,0.5074626865671642,0.39880952380952384,0.5405405405405406,0.4666666666666667,0.5074626865671642,0.39880952380952384,0.5405405405405406,0.4666666666666667,0.0,0.0,0.0,0.0
bull_to_neutral,0.2,0.93,15.0,0.0,0,67,67,0.5074626865671642,0.39880952380952384,0.5405405405405406,0.4666666666666667,0.5074626865671642,0.39880952380952384,0.5405405405405406,0.4666666666666667,0.0,0.0,0.0,0.0
bull_to_bear,0.2,0.93,15.0,0.0,0,67,67,0.5074626865671642,0.39880952380952384,0.5405405405405406,0.4666666666666667,0.5074626865671642,0.39880952380952384,0.5405405405405406,0.4666666666666667,0.0,0.0,0.0,0.0
bull_to_neutral,0.2,0.93,15.0,-0.05,0,67,67,0.5074626865671642,0.39880952380952384,0.5405405405405406,0.4666666666666667,0.5074626865671642,0.39880952380952384,0.5405405405405406,0.4666666666666667,0.0,0.0,0.0,0.0
bull_to_bear,0.2,0.93,15.0,-0.05,0,67,67,0.5074626865671642,0.39880952380952384,0.5405405405405406,0.4666666666666667,0.5074626865671642,0.39880952380952384,0.5405405405405406,0.4666666666666667,0.0,0.0,0.0,0.0
bull_to_neutral,0.2,0.93,15.0,-0.1,0,67,67,0.5074626865671642,0.39880952380952384,0.5405405405405406,0.4666666666666667,0.5074626865671642,0.39880952380952384,0.5405405405405406,0.4666666666666667,0.0,0.0,0.0,0.0
bull_to_bear,0.2,0.93,15.0,-0.1,0,67,67,0.5074626865671642,0.39880952380952384,0.5405405405405406,0.4666666666666667,0.5074626865671642,0.39880952380952384,0.5405405405405406,0.4666666666666667,0.0,0.0,0.0,0.0
bull_to_neutral,0.2,0.9,,,0,67,67,0.5074626865671642,0.39880952380952384,0.5405405405405406,0.4666666666666667,0.5074626865671642,0.39880952380952384,0.5405405405405406,0.4666666666666667,0.0,0.0,0.0,0.0
bull_to_bear,0.2,0.9,,,0,67,67,0.5074626865671642,0.39880952380952384,0.5405405405405406,0.4666666666666667,0.5074626865671642,0.39880952380952384,0.5405405405405406,0.4666666666666667,0.0,0.0,0.0,0.0
bull_to_neutral,0.2,0.9,,0.0,0,67,67,0.5074626865671642,0.39880952380952384,0.5405405405405406,0.4666666666666667,0.5074626865671642,0.39880952380952384,0.5405405405405406,0.4666666666666667,0.0,0.0,0.0,0.0
bull_to_bear,0.2,0.9,,0.0,0,67,67,0.5074626865671642,0.39880952380952384,0.5405405405405406,0.4666666666666667,0.5074626865671642,0.39880952380952384,0.5405405405405406,0.4666666666666667,0.0,0.0,0.0,0.0
bull_to_neutral,0.2,0.9,,-0.05,0,67,67,0.5074626865671642,0.39880952380952384,0.5405405405405406,0.4666666666666667,0.5074626865671642,0.39880952380952384,0.5405405405405406,0.4666666666666667,0.0,0.0,0.0,0.0
bull_to_bear,0.2,0.9,,-0.05,0,67,67,0.5074626865671642,0.39880952380952384,0.5405405405405406,0.4666666666666667,0.5074626865671642,0.39880952380952384,0.5405405405405406,0.4666666666666667,0.0,0.0,0.0,0.0
bull_to_neutral,0.2,0.9,,-0.1,0,67,67,0.5074626865671642,0.39880952380952384,0.5405405405405406,0.4666666666666667,0.5074626865671642,0.39880952380952384,0.5405405405405406,0.4666666666666667,0.0,0.0,0.0,0.0
bull_to_bear,0.2,0.9,,-0.1,0,67,67,0.5074626865671642,0.39880952380952384,0.5405405405405406,0.4666666666666667,0.5074626865671642,0.39880952380952384,0.5405405405405406,0.4666666666666667,0.0,0.0,0.0,0.0
bull_to_neutral,0.2,0.9,0.0,,0,67,67,0.5074626865671642,0.39880952380952384,0.5405405405405406,0.4666666666666667,0.5074626865671642,0.39880952380952384,0.5405405405405406,0.4666666666666667,0.0,0.0,0.0,0.0
bull_to_bear,0.2,0.9,0.0,,0,67,67,0.5074626865671642,0.39880952380952384,0.5405405405405406,0.4666666666666667,0.5074626865671642,0.39880952380952384,0.5405405405405406,0.4666666666666667,0.0,0.0,0.0,0.0
bull_to_neutral,0.2,0.9,0.0,0.0,0,67,67,0.5074626865671642,0.39880952380952384,0.5405405405405406,0.4666666666666667,0.5074626865671642,0.39880952380952384,0.5405405405405406,0.4666666666666667,0.0,0.0,0.0,0.0
bull_to_bear,0.2,0.9,0.0,0.0,0,67,67,0.5074626865671642,0.39880952380952384,0.5405405405405406,0.4666666666666667,0.5074626865671642,0.39880952380952384,0.5405405405405406,0.4666666666666667,0.0,0.0,0.0,0.0
bull_to_neutral,0.2,0.9,0.0,-0.05,0,67,67,0.5074626865671642,0.39880952380952384,0.5405405405405406,0.4666666666666667,0.5074626865671642,0.39880952380952384,0.5405405405405406,0.4666666666666667,0.0,0.0,0.0,0.0
bull_to_bear,0.2,0.9,0.0,-0.05,0,67,67,0.5074626865671642,0.39880952380952384,0.5405405405405406,0.4666666666666667,0.5074626865671642,0.39880952380952384,0.5405405405405406,0.4666666666666667,0.0,0.0,0.0,0.0
bull_to_neutral,0.2,0.9,0.0,-0.1,0,67,67,0.5074626865671642,0.39880952380952384,0.5405405405405406,0.4666666666666667,0.5074626865671642,0.39880952380952384,0.5405405405405406,0.4666666666666667,0.0,0.0,0.0,0.0
bull_to_bear,0.2,0.9,0.0,-0.1,0,67,67,0.5074626865671642,0.39880952380952384,0.5405405405405406,0.4666666666666667,0.5074626865671642,0.39880952380952384,0.5405405405405406,0.4666666666666667,0.0,0.0,0.0,0.0
bull_to_neutral,0.2,0.9,5.0,,0,67,67,0.5074626865671642,0.39880952380952384,0.5405405405405406,0.4666666666666667,0.5074626865671642,0.39880952380952384,0.5405405405405406,0.4666666666666667,0.0,0.0,0.0,0.0
bull_to_bear,0.2,0.9,5.0,,0,67,67,0.5074626865671642,0.39880952380952384,0.5405405405405406,0.4666666666666667,0.5074626865671642,0.39880952380952384,0.5405405405405406,0.4666666666666667,0.0,0.0,0.0,0.0
bull_to_neutral,0.2,0.9,5.0,0.0,0,67,67,0.5074626865671642,0.39880952380952384,0.5405405405405406,0.4666666666666667,0.5074626865671642,0.39880952380952384,0.5405405405405406,0.4666666666666667,0.0,0.0,0.0,0.0
bull_to_bear,0.2,0.9,5.0,0.0,0,67,67,0.5074626865671642,0.39880952380952384,0.5405405405405406,0.4666666666666667,0.5074626865671642,0.39880952380952384,0.5405405405405406,0.4666666666666667,0.0,0.0,0.0,0.0
bull_to_neutral,0.2,0.9,5.0,-0.05,0,67,67,0.5074626865671642,0.39880952380952384,0.5405405405405406,0.4666666666666667,0.5074626865671642,0.39880952380952384,0.5405405405405406,0.4666666666666667,0.0,0.0,0.0,0.0
bull_to_bear,0.2,0.9,5.0,-0.05,0,67,67,0.5074626865671642,0.39880952380952384,0.5405405405405406,0.4666666666666667,0.5074626865671642,0.39880952380952384,0.5405405405405406,0.4666666666666667,0.0,0.0,0.0,0.0
bull_to_neutral,0.2,0.9,5.0,-0.1,0,67,67,0.5074626865671642,0.39880952380952384,0.5405405405405406,0.4666666666666667,0.5074626865671642,0.39880952380952384,0.5405405405405406,0.4666666666666667,0.0,0.0,0.0,0.0
bull_to_bear,0.2,0.9,5.0,-0.1,0,67,67,0.5074626865671642,0.39880952380952384,0.5405405405405406,0.4666666666666667,0.5074626865671642,0.39880952380952384,0.5405405405405406,0.4666666666666667,0.0,0.0,0.0,0.0
bull_to_neutral,0.2,0.9,10.0,,0,67,67,0.5074626865671642,0.39880952380952384,0.5405405405405406,0.4666666666666667,0.5074626865671642,0.39880952380952384,0.5405405405405406,0.4666666666666667,0.0,0.0,0.0,0.0
bull_to_bear,0.2,0.9,10.0,,0,67,67,0.5074626865671642,0.39880952380952384,0.5405405405405406,0.4666666666666667,0.5074626865671642,0.39880952380952384,0.5405405405405406,0.4666666666666667,0.0,0.0,0.0,0.0
bull_to_neutral,0.2,0.9,10.0,0.0,0,67,67,0.5074626865671642,0.39880952380952384,0.5405405405405406,0.4666666666666667,0.5074626865671642,0.39880952380952384,0.5405405405405406,0.4666666666666667,0.0,0.0,0.0,0.0
bull_to_bear,0.2,0.9,10.0,0.0,0,67,67,0.5074626865671642,0.39880952380952384,0.5405405405405406,0.4666666666666667,0.5074626865671642,0.39880952380952384,0.5405405405405406,0.4666666666666667,0.0,0.0,0.0,0.0
bull_to_neutral,0.2,0.9,10.0,-0.05,0,67,67,0.5074626865671642,0.39880952380952384,0.5405405405405406,0.4666666666666667,0.5074626865671642,0.39880952380952384,0.5405405405405406,0.4666666666666667,0.0,0.0,0.0,0.0
bull_to_bear,0.2,0.9,10.0,-0.05,0,67,67,0.5074626865671642,0.39880952380952384,0.5405405405405406,0.4666666666666667,0.5074626865671642,0.39880952380952384,0.5405405405405406,0.4666666666666667,0.0,0.0,0.0,0.0
bull_to_neutral,0.2,0.9,10.0,-0.1,0,67,67,0.5074626865671642,0.39880952380952384,0.5405405405405406,0.4666666666666667,0.5074626865671642,0.39880952380952384,0.5405405405405406,0.4666666666666667,0.0,0.0,0.0,0.0
bull_to_bear,0.2,0.9,10.0,-0.1,0,67,67,0.5074626865671642,0.39880952380952384,0.5405405405405406,0.4666666666666667,0.5074626865671642,0.39880952380952384,0.5405405405405406,0.4666666666666667,0.0,0.0,0.0,0.0
bull_to_neutral,0.2,0.9,15.0,,0,67,67,0.5074626865671642,0.39880952380952384,0.5405405405405406,0.4666666666666667,0.5074626865671642,0.39880952380952384,0.5405405405405406,0.4666666666666667,0.0,0.0,0.0,0.0
bull_to_bear,0.2,0.9,15.0,,0,67,67,0.5074626865671642,0.39880952380952384,0.5405405405405406,0.4666666666666667,0.5074626865671642,0.39880952380952384,0.5405405405405406,0.4666666666666667,0.0,0.0,0.0,0.0
bull_to_neutral,0.2,0.9,15.0,0.0,0,67,67,0.5074626865671642,0.39880952380952384,0.5405405405405406,0.4666666666666667,0.5074626865671642,0.39880952380952384,0.5405405405405406,0.4666666666666667,0.0,0.0,0.0,0.0
bull_to_bear,0.2,0.9,15.0,0.0,0,67,67,0.5074626865671642,0.39880952380952384,0.5405405405405406,0.4666666666666667,0.5074626865671642,0.39880952380952384,0.5405405405405406,0.4666666666666667,0.0,0.0,0.0,0.0
bull_to_neutral,0.2,0.9,15.0,-0.05,0,67,67,0.5074626865671642,0.39880952380952384,0.5405405405405406,0.4666666666666667,0.5074626865671642,0.39880952380952384,0.5405405405405406,0.4666666666666667,0.0,0.0,0.0,0.0
bull_to_bear,0.2,0.9,15.0,-0.05,0,67,67,0.5074626865671642,0.39880952380952384,0.5405405405405406,0.4666666666666667,0.5074626865671642,0.39880952380952384,0.5405405405405406,0.4666666666666667,0.0,0.0,0.0,0.0
bull_to_neutral,0.2,0.9,15.0,-0.1,0,67,67,0.5074626865671642,0.39880952380952384,0.5405405405405406,0.4666666666666667,0.5074626865671642,0.39880952380952384,0.5405405405405406,0.4666666666666667,0.0,0.0,0.0,0.0
bull_to_bear,0.2,0.9,15.0,-0.1,0,67,67,0.5074626865671642,0.39880952380952384,0.5405405405405406,0.4666666666666667,0.5074626865671642,0.39880952380952384,0.5405405405405406,0.4666666666666667,0.0,0.0,0.0,0.0
bull_to_neutral,0.22,1.0,,,9,58,67,0.5074626865671642,0.39880952380952384,0.5405405405405406,0.4666666666666667,0.5172413793103449,0.34523809523809523,0.5714285714285714,0.4666666666666667,0.009778692743180661,-0.0535714285714286,0.030888030888030826,0.0
bull_to_bear,0.22,1.0,,,9,67,67,0.5074626865671642,0.39880952380952384,0.5405405405405406,0.4666666666666667,0.5223880597014925,0.39880952380952384,0.5714285714285714,0.48717948717948717,0.01492537313432829,0.0,0.030888030888030826,0.020512820512820495
bull_to_neutral,0.22,1.0,,0.0,7,60,67,0.5074626865671642,0.39880952380952384,0.5405405405405406,0.4666666666666667,0.5166666666666667,0.35714285714285715,0.5666666666666667,0.4666666666666667,0.009203980099502518,-0.041666666666666685,0.02612612612612608,0.0
bull_to_bear,0.22,1.0,,0.0,7,67,67,0.5074626865671642,0.39880952380952384,0.5405405405405406,0.4666666666666667,0.5223880597014925,0.39880952380952384,0.5666666666666667,0.4864864864864865,0.01492537313432829,0.0,0.02612612612612608,0.01981981981981984
bull_to_neutral,0.22,1.0,,-0.05,7,60,67,0.5074626865671642,0.39880952380952384,0.5405405405405406,0.4666666666666667,0.5166666666666667,0.35714285714285715,0.5666666666666667,0.4666666666666667,0.009203980099502518,-0.041666666666666685,0.02612612612612608,0.0
bull_to_bear,0.22,1.0,,-0.05,7,67,67,0.5074626865671642,0.39880952380952384,0.5405405405405406,0.4666666666666667,0.5223880597014925,0.39880952380952384,0.5666666666666667,0.4864864864864865,0.01492537313432829,0.0,0.02612612612612608,0.01981981981981984
bull_to_neutral,0.22,1.0,,-0.1,7,60,67,0.5074626865671642,0.39880952380952384,0.5405405405405406,0.4666666666666667,0.5166666666666667,0.35714285714285715,0.5666666666666667,0.4666666666666667,0.009203980099502518,-0.041666666666666685,0.02612612612612608,0.0
bull_to_bear,0.22,1.0,,-0.1,7,67,67,0.5074626865671642,0.39880952380952384,0.5405405405405406,0.4666666666666667,0.5223880597014925,0.39880952380952384,0.5666666666666667,0.4864864864864865,0.01492537313432829,0.0,0.02612612612612608,0.01981981981981984
bull_to_neutral,0.22,1.0,0.0,,4,63,67,0.5074626865671642,0.39880952380952384,0.5405405405405406,0.4666666666666667,0.5396825396825397,0.375,0.6060606060606061,0.4666666666666667,0.03221985311537545,-0.023809523809523836,0.0655200655200655,0.0
bull_to_bear,0.22,1.0,0.0,,4,67,67,0.5074626865671642,0.39880952380952384,0.5405405405405406,0.4666666666666667,0.5671641791044776,0.39880952380952384,0.6060606060606061,0.5294117647058824,0.05970149253731338,0.0,0.0655200655200655,0.06274509803921569
bull_to_neutral,0.22,1.0,0.0,0.0,4,63,67,0.5074626865671642,0.39880952380952384,0.5405405405405406,0.4666666666666667,0.5396825396825397,0.375,0.6060606060606061,0.4666666666666667,0.03221985311537545,-0.023809523809523836,0.0655200655200655,0.0
bull_to_bear,0.22,1.0,0.0,0.0,4,67,67,0.5074626865671642,0.39880952380952384,0.5405405405405406,0.4666666666666667,0.5671641791044776,0.39880952380952384,0.6060606060606061,0.5294117647058824,0.05970149253731338,0.0,0.0655200655200655,0.06274509803921569
bull_to_neutral,0.22,1.0,0.0,-0.05,4,63,67,0.5074626865671642,0.39880952380952384,0.5405405405405406,0.4666666666666667,0.5396825396825397,0.375,0.6060606060606061,0.4666666666666667,0.03221985311537545,-0.023809523809523836,0.0655200655200655,0.0
bull_to_bear,0.22,1.0,0.0,-0.05,4,67,67,0.5074626865671642,0.39880952380952384,0.5405405405405406,0.4666666666666667,0.5671641791044776,0.39880952380952384,0.6060606060606061,0.5294117647058824,0.05970149253731338,0.0,0.0655200655200655,0.06274509803921569
bull_to_neutral,0.22,1.0,0.0,-0.1,4,63,67,0.5074626865671642,0.39880952380952384,0.5405405405405406,0.4666666666666667,0.5396825396825397,0.375,0.6060606060606061,0.4666666666666667,0.03221985311537545,-0.023809523809523836,0.0655200655200655,0.0
bull_to_bear,0.22,1.0,0.0,-0.1,4,67,67,0.5074626865671642,0.39880952380952384,0.5405405405405406,0.4666666666666667,0.5671641791044776,0.39880952380952384,0.6060606060606061,0.5294117647058824,0.05970149253731338,0.0,0.0655200655200655,0.06274509803921569
bull_to_neutral,0.22,1.0,5.0,,4,63,67,0.5074626865671642,0.39880952380952384,0.5405405405405406,0.4666666666666667,0.5396825396825397,0.375,0.6060606060606061,0.4666666666666667,0.03221985311537545,-0.023809523809523836,0.0655200655200655,0.0
bull_to_bear,0.22,1.0,5.0,,4,67,67,0.5074626865671642,0.39880952380952384,0.5405405405405406,0.4666666666666667,0.5671641791044776,0.39880952380952384,0.6060606060606061,0.5294117647058824,0.05970149253731338,0.0,0.0655200655200655,0.06274509803921569
bull_to_neutral,0.22,1.0,5.0,0.0,4,63,67,0.5074626865671642,0.39880952380952384,0.5405405405405406,0.4666666666666667,0.5396825396825397,0.375,0.6060606060606061,0.4666666666666667,0.03221985311537545,-0.023809523809523836,0.0655200655200655,0.0
bull_to_bear,0.22,1.0,5.0,0.0,4,67,67,0.5074626865671642,0.39880952380952384,0.5405405405405406,0.4666666666666667,0.5671641791044776,0.39880952380952384,0.6060606060606061,0.5294117647058824,0.05970149253731338,0.0,0.0655200655200655,0.06274509803921569
bull_to_neutral,0.22,1.0,5.0,-0.05,4,63,67,0.5074626865671642,0.39880952380952384,0.5405405405405406,0.4666666666666667,0.5396825396825397,0.375,0.6060606060606061,0.4666666666666667,0.03221985311537545,-0.023809523809523836,0.0655200655200655,0.0
bull_to_bear,0.22,1.0,5.0,-0.05,4,67,67,0.5074626865671642,0.39880952380952384,0.5405405405405406,0.4666666666666667,0.5671641791044776,0.39880952380952384,0.6060606060606061,0.5294117647058824,0.05970149253731338,0.0,0.0655200655200655,0.06274509803921569
bull_to_neutral,0.22,1.0,5.0,-0.1,4,63,67,0.5074626865671642,0.39880952380952384,0.5405405405405406,0.4666666666666667,0.5396825396825397,0.375,0.6060606060606061,0.4666666666666667,0.03221985311537545,-0.023809523809523836,0.0655200655200655,0.0
bull_to_bear,0.22,1.0,5.0,-0.1,4,67,67,0.5074626865671642,0.39880952380952384,0.5405405405405406,0.4666666666666667,0.5671641791044776,0.39880952380952384,0.6060606060606061,0.5294117647058824,0.05970149253731338,0.0,0.0655200655200655,0.06274509803921569
bull_to_neutral,0.22,1.0,10.0,,3,64,67,0.5074626865671642,0.39880952380952384,0.5405405405405406,0.4666666666666667,0.53125,0.38095238095238093,0.5882352941176471,0.4666666666666667,0.0237873134328358,-0.017857142857142905,0.04769475357710651,0.0
bull_to_bear,0.22,1.0,10.0,,3,67,67,0.5074626865671642,0.39880952380952384,0.5405405405405406,0.4666666666666667,0.5522388059701493,0.39880952380952384,0.5882352941176471,0.5151515151515151,0.04477611940298509,0.0,0.04769475357710651,0.048484848484848464
bull_to_neutral,0.22,1.0,10.0,0.0,3,64,67,0.5074626865671642,0.39880952380952384,0.5405405405405406,0.4666666666666667,0.53125,0.38095238095238093,0.5882352941176471,0.4666666666666667,0.0237873134328358,-0.017857142857142905,0.04769475357710651,0.0
bull_to_bear,0.22,1.0,10.0,0.0,3,67,67,0.5074626865671642,0.39880952380952384,0.5405405405405406,0.4666666666666667,0.5522388059701493,0.39880952380952384,0.5882352941176471,0.5151515151515151,0.04477611940298509,0.0,0.04769475357710651,0.048484848484848464
bull_to_neutral,0.22,1.0,10.0,-0.05,3,64,67,0.5074626865671642,0.39880952380952384,0.5405405405405406,0.4666666666666667,0.53125,0.38095238095238093,0.5882352941176471,0.4666666666666667,0.0237873134328358,-0.017857142857142905,0.04769475357710651,0.0
bull_to_bear,0.22,1.0,10.0,-0.05,3,67,67,0.5074626865671642,0.39880952380952384,0.5405405405405406,0.4666666666666667,0.5522388059701493,0.39880952380952384,0.5882352941176471,0.5151515151515151,0.04477611940298509,0.0,0.04769475357710651,0.048484848484848464
bull_to_neutral,0.22,1.0,10.0,-0.1,3,64,67,0.5074626865671642,0.39880952380952384,0.5405405405405406,0.4666666666666667,0.53125,0.38095238095238093,0.5882352941176471,0.4666666666666667,0.0237873134328358,-0.017857142857142905,0.04769475357710651,0.0
bull_to_bear,0.22,1.0,10.0,-0.1,3,67,67,0.5074626865671642,0.39880952380952384,0.5405405405405406,0.4666666666666667,0.5522388059701493,0.39880952380952384,0.5882352941176471,0.5151515151515151,0.04477611940298509,0.0,0.04769475357710651,0.048484848484848464
bull_to_neutral,0.22,1.0,15.0,,2,65,67,0.5074626865671642,0.39880952380952384,0.5405405405405406,0.4666666666666667,0.5230769230769231,0.3869047619047619,0.5714285714285714,0.4666666666666667,0.015614236509758905,-0.011904761904761918,0.030888030888030826,0.0
bull_to_bear,0.22,1.0,15.0,,2,67,67,0.5074626865671642,0.39880952380952384,0.5405405405405406,0.4666666666666667,0.5373134328358209,0.39880952380952384,0.5714285714285714,0.5,0.02985074626865669,0.0,0.030888030888030826,0.033333333333333326
bull_to_neutral,0.22,1.0,15.0,0.0,2,65,67,0.5074626865671642,0.39880952380952384,0.5405405405405406,0.4666666666666667,0.5230769230769231,0.3869047619047619,0.5714285714285714,0.4666666666666667,0.015614236509758905,-0.011904761904761918,0.030888030888030826,0.0
bull_to_bear,0.22,1.0,15.0,0.0,2,67,67,0.5074626865671642,0.39880952380952384,0.5405405405405406,0.4666666666666667,0.5373134328358209,0.39880952380952384,0.5714285714285714,0.5,0.02985074626865669,0.0,0.030888030888030826,0.033333333333333326
bull_to_neutral,0.22,1.0,15.0,-0.05,2,65,67,0.5074626865671642,0.39880952380952384,0.5405405405405406,0.4666666666666667,0.5230769230769231,0.3869047619047619,0.5714285714285714,0.4666666666666667,0.015614236509758905,-0.011904761904761918,0.030888030888030826,0.0
bull_to_bear,0.22,1.0,15.0,-0.05,2,67,67,0.5074626865671642,0.39880952380952384,0.5405405405405406,0.4666666666666667,0.5373134328358209,0.39880952380952384,0.5714285714285714,0.5,0.02985074626865669,0.0,0.030888030888030826,0.033333333333333326
bull_to_neutral,0.22,1.0,15.0,-0.1,2,65,67,0.5074626865671642,0.39880952380952384,0.5405405405405406,0.4666666666666667,0.5230769230769231,0.3869047619047619,0.5714285714285714,0.4666666666666667,0.015614236509758905,-0.011904761904761918,0.030888030888030826,0.0
bull_to_bear,0.22,1.0,15.0,-0.1,2,67,67,0.5074626865671642,0.39880952380952384,0.5405405405405406,0.4666666666666667,0.5373134328358209,0.39880952380952384,0.5714285714285714,0.5,0.02985074626865669,0.0,0.030888030888030826,0.033333333333333326
bull_to_neutral,0.22,0.99,,,0,67,67,0.5074626865671642,0.39880952380952384,0.5405405405405406,0.4666666666666667,0.5074626865671642,0.39880952380952384,0.5405405405405406,0.4666666666666667,0.0,0.0,0.0,0.0
bull_to_bear,0.22,0.99,,,0,67,67,0.5074626865671642,0.39880952380952384,0.5405405405405406,0.4666666666666667,0.5074626865671642,0.39880952380952384,0.5405405405405406,0.4666666666666667,0.0,0.0,0.0,0.0
bull_to_neutral,0.22,0.99,,0.0,0,67,67,0.5074626865671642,0.39880952380952384,0.5405405405405406,0.4666666666666667,0.5074626865671642,0.39880952380952384,0.5405405405405406,0.4666666666666667,0.0,0.0,0.0,0.0
bull_to_bear,0.22,0.99,,0.0,0,67,67,0.5074626865671642,0.39880952380952384,0.5405405405405406,0.4666666666666667,0.5074626865671642,0.39880952380952384,0.5405405405405406,0.4666666666666667,0.0,0.0,0.0,0.0
bull_to_neutral,0.22,0.99,,-0.05,0,67,67,0.5074626865671642,0.39880952380952384,0.5405405405405406,0.4666666666666667,0.5074626865671642,0.39880952380952384,0.5405405405405406,0.4666666666666667,0.0,0.0,0.0,0.0
bull_to_bear,0.22,0.99,,-0.05,0,67,67,0.5074626865671642,0.39880952380952384,0.5405405405405406,0.4666666666666667,0.5074626865671642,0.39880952380952384,0.5405405405405406,0.4666666666666667,0.0,0.0,0.0,0.0
bull_to_neutral,0.22,0.99,,-0.1,0,67,67,0.5074626865671642,0.39880952380952384,0.5405405405405406,0.4666666666666667,0.5074626865671642,0.39880952380952384,0.5405405405405406,0.4666666666666667,0.0,0.0,0.0,0.0
bull_to_bear,0.22,0.99,,-0.1,0,67,67,0.5074626865671642,0.39880952380952384,0.5405405405405406,0.4666666666666667,0.5074626865671642,0.39880952380952384,0.5405405405405406,0.4666666666666667,0.0,0.0,0.0,0.0
bull_to_neutral,0.22,0.99,0.0,,0,67,67,0.5074626865671642,0.39880952380952384,0.5405405405405406,0.4666666666666667,0.5074626865671642,0.39880952380952384,0.5405405405405406,0.4666666666666667,0.0,0.0,0.0,0.0
bull_to_bear,0.22,0.99,0.0,,0,67,67,0.5074626865671642,0.39880952380952384,0.5405405405405406,0.4666666666666667,0.5074626865671642,0.39880952380952384,0.5405405405405406,0.4666666666666667,0.0,0.0,0.0,0.0
bull_to_neutral,0.22,0.99,0.0,0.0,0,67,67,0.5074626865671642,0.39880952380952384,0.5405405405405406,0.4666666666666667,0.5074626865671642,0.39880952380952384,0.5405405405405406,0.4666666666666667,0.0,0.0,0.0,0.0
bull_to_bear,0.22,0.99,0.0,0.0,0,67,67,0.5074626865671642,0.39880952380952384,0.5405405405405406,0.4666666666666667,0.5074626865671642,0.39880952380952384,0.5405405405405406,0.4666666666666667,0.0,0.0,0.0,0.0
bull_to_neutral,0.22,0.99,0.0,-0.05,0,67,67,0.5074626865671642,0.39880952380952384,0.5405405405405406,0.4666666666666667,0.5074626865671642,0.39880952380952384,0.5405405405405406,0.4666666666666667,0.0,0.0,0.0,0.0
bull_to_bear,0.22,0.99,0.0,-0.05,0,67,67,0.5074626865671642,0.39880952380952384,0.5405405405405406,0.4666666666666667,0.5074626865671642,0.39880952380952384,0.5405405405405406,0.4666666666666667,0.0,0.0,0.0,0.0
bull_to_neutral,0.22,0.99,0.0,-0.1,0,67,67,0.5074626865671642,0.39880952380952384,0.5405405405405406,0.4666666666666667,0.5074626865671642,0.39880952380952384,0.5405405405405406,0.4666666666666667,0.0,0.0,0.0,0.0
bull_to_bear,0.22,0.99,0.0,-0.1,0,67,67,0.5074626865671642,0.39880952380952384,0.5405405405405406,0.4666666666666667,0.5074626865671642,0.39880952380952384,0.5405405405405406,0.4666666666666667,0.0,0.0,0.0,0.0
bull_to_neutral,0.22,0.99,5.0,,0,67,67,0.5074626865671642,0.39880952380952384,0.5405405405405406,0.4666666666666667,0.5074626865671642,0.39880952380952384,0.5405405405405406,0.4666666666666667,0.0,0.0,0.0,0.0
bull_to_bear,0.22,0.99,5.0,,0,67,67,0.5074626865671642,0.39880952380952384,0.5405405405405406,0.4666666666666667,0.5074626865671642,0.39880952380952384,0.5405405405405406,0.4666666666666667,0.0,0.0,0.0,0.0
bull_to_neutral,0.22,0.99,5.0,0.0,0,67,67,0.5074626865671642,0.39880952380952384,0.5405405405405406,0.4666666666666667,0.5074626865671642,0.39880952380952384,0.5405405405405406,0.4666666666666667,0.0,0.0,0.0,0.0
bull_to_bear,0.22,0.99,5.0,0.0,0,67,67,0.5074626865671642,0.39880952380952384,0.5405405405405406,0.4666666666666667,0.5074626865671642,0.39880952380952384,0.5405405405405406,0.4666666666666667,0.0,0.0,0.0,0.0
bull_to_neutral,0.22,0.99,5.0,-0.05,0,67,67,0.5074626865671642,0.39880952380952384,0.5405405405405406,0.4666666666666667,0.5074626865671642,0.39880952380952384,0.5405405405405406,0.4666666666666667,0.0,0.0,0.0,0.0
bull_to_bear,0.22,0.99,5.0,-0.05,0,67,67,0.5074626865671642,0.39880952380952384,0.5405405405405406,0.4666666666666667,0.5074626865671642,0.39880952380952384,0.5405405405405406,0.4666666666666667,0.0,0.0,0.0,0.0
bull_to_neutral,0.22,0.99,5.0,-0.1,0,67,67,0.5074626865671642,0.39880952380952384,0.5405405405405406,0.4666666666666667,0.5074626865671642,0.39880952380952384,0.5405405405405406,0.4666666666666667,0.0,0.0,0.0,0.0
bull_to_bear,0.22,0.99,5.0,-0.1,0,67,67,0.5074626865671642,0.39880952380952384,0.5405405405405406,0.4666666666666667,0.5074626865671642,0.39880952380952384,0.5405405405405406,0.4666666666666667,0.0,0.0,0.0,0.0
bull_to_neutral,0.22,0.99,10.0,,0,67,67,0.5074626865671642,0.39880952380952384,0.5405405405405406,0.4666666666666667,0.5074626865671642,0.39880952380952384,0.5405405405405406,0.4666666666666667,0.0,0.0,0.0,0.0
bull_to_bear,0.22,0.99,10.0,,0,67,67,0.5074626865671642,0.39880952380952384,0.5405405405405406,0.4666666666666667,0.5074626865671642,0.39880952380952384,0.5405405405405406,0.4666666666666667,0.0,0.0,0.0,0.0
bull_to_neutral,0.22,0.99,10.0,0.0,0,67,67,0.5074626865671642,0.39880952380952384,0.5405405405405406,0.4666666666666667,0.5074626865671642,0.39880952380952384,0.5405405405405406,0.4666666666666667,0.0,0.0,0.0,0.0
bull_to_bear,0.22,0.99,10.0,0.0,0,67,67,0.5074626865671642,0.39880952380952384,0.5405405405405406,0.4666666666666667,0.5074626865671642,0.39880952380952384,0.5405405405405406,0.4666666666666667,0.0,0.0,0.0,0.0
bull_to_neutral,0.22,0.99,10.0,-0.05,0,67,67,0.5074626865671642,0.39880952380952384,0.5405405405405406,0.4666666666666667,0.5074626865671642,0.39880952380952384,0.5405405405405406,0.4666666666666667,0.0,0.0,0.0,0.0
bull_to_bear,0.22,0.99,10.0,-0.05,0,67,67,0.5074626865671642,0.39880952380952384,0.5405405405405406,0.4666666666666667,0.5074626865671642,0.39880952380952384,0.5405405405405406,0.4666666666666667,0.0,0.0,0.0,0.0
bull_to_neutral,0.22,0.99,10.0,-0.1,0,67,67,0.5074626865671642,0.39880952380952384,0.5405405405405406,0.4666666666666667,0.5074626865671642,0.39880952380952384,0.5405405405405406,0.4666666666666667,0.0,0.0,0.0,0.0
bull_to_bear,0.22,0.99,10.0,-0.1,0,67,67,0.5074626865671642,0.39880952380952384,0.5405405405405406,0.4666666666666667,0.5074626865671642,0.39880952380952384,0.5405405405405406,0.4666666666666667,0.0,0.0,0.0,0.0
bull_to_neutral,0.22,0.99,15.0,,0,67,67,0.5074626865671642,0.39880952380952384,0.5405405405405406,0.4666666666666667,0.5074626865671642,0.39880952380952384,0.5405405405405406,0.4666666666666667,0.0,0.0,0.0,0.0
bull_to_bear,0.22,0.99,15.0,,0,67,67,0.5074626865671642,0.39880952380952384,0.5405405405405406,0.4666666666666667,0.5074626865671642,0.39880952380952384,0.5405405405405406,0.4666666666666667,0.0,0.0,0.0,0.0
bull_to_neutral,0.22,0.99,15.0,0.0,0,67,67,0.5074626865671642,0.39880952380952384,0.5405405405405406,0.4666666666666667,0.5074626865671642,0.39880952380952384,0.5405405405405406,0.4666666666666667,0.0,0.0,0.0,0.0
bull_to_bear,0.22,0.99,15.0,0.0,0,67,67,0.5074626865671642,0.39880952380952384,0.5405405405405406,0.4666666666666667,0.5074626865671642,0.39880952380952384,0.5405405405405406,0.4666666666666667,0.0,0.0,0.0,0.0
bull_to_neutral,0.22,0.99,15.0,-0.05,0,67,67,0.5074626865671642,0.39880952380952384,0.5405405405405406,0.4666666666666667,0.5074626865671642,0.39880952380952384,0.5405405405405406,0.4666666666666667,0.0,0.0,0.0,0.0
bull_to_bear,0.22,0.99,15.0,-0.05,0,67,67,0.5074626865671642,0.39880952380952384,0.5405405405405406,0.4666666666666667,0.5074626865671642,0.39880952380952384,0.5405405405405406,0.4666666666666667,0.0,0.0,0.0,0.0
bull_to_neutral,0.22,0.99,15.0,-0.1,0,67,67,0.5074626865671642,0.39880952380952384,0.5405405405405406,0.4666666666666667,0.5074626865671642,0.39880952380952384,0.5405405405405406,0.4666666666666667,0.0,0.0,0.0,0.0
bull_to_bear,0.22,0.99,15.0,-0.1,0,67,67,0.5074626865671642,0.39880952380952384,0.5405405405405406,0.4666666666666667,0.5074626865671642,0.39880952380952384,0.5405405405405406,0.4666666666666667,0.0,0.0,0.0,0.0
bull_to_neutral,0.22,0.98,,,0,67,67,0.5074626865671642,0.39880952380952384,0.5405405405405406,0.4666666666666667,0.5074626865671642,0.39880952380952384,0.5405405405405406,0.4666666666666667,0.0,0.0,0.0,0.0
bull_to_bear,0.22,0.98,,,0,67,67,0.5074626865671642,0.39880952380952384,0.5405405405405406,0.4666666666666667,0.5074626865671642,0.39880952380952384,0.5405405405405406,0.4666666666666667,0.0,0.0,0.0,0.0
bull_to_neutral,0.22,0.98,,0.0,0,67,67,0.5074626865671642,0.39880952380952384,0.5405405405405406,0.4666666666666667,0.5074626865671642,0.39880952380952384,0.5405405405405406,0.4666666666666667,0.0,0.0,0.0,0.0
bull_to_bear,0.22,0.98,,0.0,0,67,67,0.5074626865671642,0.39880952380952384,0.5405405405405406,0.4666666666666667,0.5074626865671642,0.39880952380952384,0.5405405405405406,0.4666666666666667,0.0,0.0,0.0,0.0
bull_to_neutral,0.22,0.98,,-0.05,0,67,67,0.5074626865671642,0.39880952380952384,0.5405405405405406,0.4666666666666667,0.5074626865671642,0.39880952380952384,0.5405405405405406,0.4666666666666667,0.0,0.0,0.0,0.0
bull_to_bear,0.22,0.98,,-0.05,0,67,67,0.5074626865671642,0.39880952380952384,0.5405405405405406,0.4666666666666667,0.5074626865671642,0.39880952380952384,0.5405405405405406,0.4666666666666667,0.0,0.0,0.0,0.0
bull_to_neutral,0.22,0.98,,-0.1,0,67,67,0.5074626865671642,0.39880952380952384,0.5405405405405406,0.4666666666666667,0.5074626865671642,0.39880952380952384,0.5405405405405406,0.4666666666666667,0.0,0.0,0.0,0.0
bull_to_bear,0.22,0.98,,-0.1,0,67,67,0.5074626865671642,0.39880952380952384,0.5405405405405406,0.4666666666666667,0.5074626865671642,0.39880952380952384,0.5405405405405406,0.4666666666666667,0.0,0.0,0.0,0.0
bull_to_neutral,0.22,0.98,0.0,,0,67,67,0.5074626865671642,0.39880952380952384,0.5405405405405406,0.4666666666666667,0.5074626865671642,0.39880952380952384,0.5405405405405406,0.4666666666666667,0.0,0.0,0.0,0.0
bull_to_bear,0.22,0.98,0.0,,0,67,67,0.5074626865671642,0.39880952380952384,0.5405405405405406,0.4666666666666667,0.5074626865671642,0.39880952380952384,0.5405405405405406,0.4666666666666667,0.0,0.0,0.0,0.0
bull_to_neutral,0.22,0.98,0.0,0.0,0,67,67,0.5074626865671642,0.39880952380952384,0.5405405405405406,0.4666666666666667,0.5074626865671642,0.39880952380952384,0.5405405405405406,0.4666666666666667,0.0,0.0,0.0,0.0
bull_to_bear,0.22,0.98,0.0,0.0,0,67,67,0.5074626865671642,0.39880952380952384,0.5405405405405406,0.4666666666666667,0.5074626865671642,0.39880952380952384,0.5405405405405406,0.4666666666666667,0.0,0.0,0.0,0.0
bull_to_neutral,0.22,0.98,0.0,-0.05,0,67,67,0.5074626865671642,0.39880952380952384,0.5405405405405406,0.4666666666666667,0.5074626865671642,0.39880952380952384,0.5405405405405406,0.4666666666666667,0.0,0.0,0.0,0.0
bull_to_bear,0.22,0.98,0.0,-0.05,0,67,67,0.5074626865671642,0.39880952380952384,0.5405405405405406,0.4666666666666667,0.5074626865671642,0.39880952380952384,0.5405405405405406,0.4666666666666667,0.0,0.0,0.0,0.0
bull_to_neutral,0.22,0.98,0.0,-0.1,0,67,67,0.5074626865671642,0.39880952380952384,0.5405405405405406,0.4666666666666667,0.5074626865671642,0.39880952380952384,0.5405405405405406,0.4666666666666667,0.0,0.0,0.0,0.0
bull_to_bear,0.22,0.98,0.0,-0.1,0,67,67,0.5074626865671642,0.39880952380952384,0.5405405405405406,0.4666666666666667,0.5074626865671642,0.39880952380952384,0.5405405405405406,0.4666666666666667,0.0,0.0,0.0,0.0
bull_to_neutral,0.22,0.98,5.0,,0,67,67,0.5074626865671642,0.39880952380952384,0.5405405405405406,0.4666666666666667,0.5074626865671642,0.39880952380952384,0.5405405405405406,0.4666666666666667,0.0,0.0,0.0,0.0
bull_to_bear,0.22,0.98,5.0,,0,67,67,0.5074626865671642,0.39880952380952384,0.5405405405405406,0.4666666666666667,0.5074626865671642,0.39880952380952384,0.5405405405405406,0.4666666666666667,0.0,0.0,0.0,0.0
bull_to_neutral,0.22,0.98,5.0,0.0,0,67,67,0.5074626865671642,0.39880952380952384,0.5405405405405406,0.4666666666666667,0.5074626865671642,0.39880952380952384,0.5405405405405406,0.4666666666666667,0.0,0.0,0.0,0.0
bull_to_bear,0.22,0.98,5.0,0.0,0,67,67,0.5074626865671642,0.39880952380952384,0.5405405405405406,0.4666666666666667,0.5074626865671642,0.39880952380952384,0.5405405405405406,0.4666666666666667,0.0,0.0,0.0,0.0
bull_to_neutral,0.22,0.98,5.0,-0.05,0,67,67,0.5074626865671642,0.39880952380952384,0.5405405405405406,0.4666666666666667,0.5074626865671642,0.39880952380952384,0.5405405405405406,0.4666666666666667,0.0,0.0,0.0,0.0
bull_to_bear,0.22,0.98,5.0,-0.05,0,67,67,0.5074626865671642,0.39880952380952384,0.5405405405405406,0.4666666666666667,0.5074626865671642,0.39880952380952384,0.5405405405405406,0.4666666666666667,0.0,0.0,0.0,0.0
bull_to_neutral,0.22,0.98,5.0,-0.1,0,67,67,0.5074626865671642,0.39880952380952384,0.5405405405405406,0.4666666666666667,0.5074626865671642,0.39880952380952384,0.5405405405405406,0.4666666666666667,0.0,0.0,0.0,0.0
bull_to_bear,0.22,0.98,5.0,-0.1,0,67,67,0.5074626865671642,0.39880952380952384,0.5405405405405406,0.4666666666666667,0.5074626865671642,0.39880952380952384,0.5405405405405406,0.4666666666666667,0.0,0.0,0.0,0.0
bull_to_neutral,0.22,0.98,10.0,,0,67,67,0.5074626865671642,0.39880952380952384,0.5405405405405406,0.4666666666666667,0.5074626865671642,0.39880952380952384,0.5405405405405406,0.4666666666666667,0.0,0.0,0.0,0.0
bull_to_bear,0.22,0.98,10.0,,0,67,67,0.5074626865671642,0.39880952380952384,0.5405405405405406,0.4666666666666667,0.5074626865671642,0.39880952380952384,0.5405405405405406,0.4666666666666667,0.0,0.0,0.0,0.0
bull_to_neutral,0.22,0.98,10.0,0.0,0,67,67,0.5074626865671642,0.39880952380952384,0.5405405405405406,0.4666666666666667,0.5074626865671642,0.39880952380952384,0.5405405405405406,0.4666666666666667,0.0,0.0,0.0,0.0
bull_to_bear,0.22,0.98,10.0,0.0,0,67,67,0.5074626865671642,0.39880952380952384,0.5405405405405406,0.4666666666666667,0.5074626865671642,0.39880952380952384,0.5405405405405406,0.4666666666666667,0.0,0.0,0.0,0.0
bull_to_neutral,0.22,0.98,10.0,-0.05,0,67,67,0.5074626865671642,0.39880952380952384,0.5405405405405406,0.4666666666666667,0.5074626865671642,0.39880952380952384,0.5405405405405406,0.4666666666666667,0.0,0.0,0.0,0.0
bull_to_bear,0.22,0.98,10.0,-0.05,0,67,67,0.5074626865671642,0.39880952380952384,0.5405405405405406,0.4666666666666667,0.5074626865671642,0.39880952380952384,0.5405405405405406,0.4666666666666667,0.0,0.0,0.0,0.0
bull_to_neutral,0.22,0.98,10.0,-0.1,0,67,67,0.5074626865671642,0.39880952380952384,0.5405405405405406,0.4666666666666667,0.5074626865671642,0.39880952380952384,0.5405405405405406,0.4666666666666667,0.0,0.0,0.0,0.0
bull_to_bear,0.22,0.98,10.0,-0.1,0,67,67,0.5074626865671642,0.39880952380952384,0.5405405405405406,0.4666666666666667,0.5074626865671642,0.39880952380952384,0.5405405405405406,0.4666666666666667,0.0,0.0,0.0,0.0
bull_to_neutral,0.22,0.98,15.0,,0,67,67,0.5074626865671642,0.39880952380952384,0.5405405405405406,0.4666666666666667,0.5074626865671642,0.39880952380952384,0.5405405405405406,0.4666666666666667,0.0,0.0,0.0,0.0
bull_to_bear,0.22,0.98,15.0,,0,67,67,0.5074626865671642,0.39880952380952384,0.5405405405405406,0.4666666666666667,0.5074626865671642,0.39880952380952384,0.5405405405405406,0.4666666666666667,0.0,0.0,0.0,0.0
bull_to_neutral,0.22,0.98,15.0,0.0,0,67,67,0.5074626865671642,0.39880952380952384,0.5405405405405406,0.4666666666666667,0.5074626865671642,0.39880952380952384,0.5405405405405406,0.4666666666666667,0.0,0.0,0.0,0.0
bull_to_bear,0.22,0.98,15.0,0.0,0,67,67,0.5074626865671642,0.39880952380952384,0.5405405405405406,0.4666666666666667,0.5074626865671642,0.39880952380952384,0.5405405405405406,0.4666666666666667,0.0,0.0,0.0,0.0
bull_to_neutral,0.22,0.98,15.0,-0.05,0,67,67,0.5074626865671642,0.39880952380952384,0.5405405405405406,0.4666666666666667,0.5074626865671642,0.39880952380952384,0.5405405405405406,0.4666666666666667,0.0,0.0,0.0,0.0
bull_to_bear,0.22,0.98,15.0,-0.05,0,67,67,0.5074626865671642,0.39880952380952384,0.5405405405405406,0.4666666666666667,0.5074626865671642,0.39880952380952384,0.5405405405405406,0.4666666666666667,0.0,0.0,0.0,0.0
bull_to_neutral,0.22,0.98,15.0,-0.1,0,67,67,0.5074626865671642,0.39880952380952384,0.5405405405405406,0.4666666666666667,0.5074626865671642,0.39880952380952384,0.5405405405405406,0.4666666666666667,0.0,0.0,0.0,0.0
bull_to_bear,0.22,0.98,15.0,-0.1,0,67,67,0.5074626865671642,0.39880952380952384,0.5405405405405406,0.4666666666666667,0.5074626865671642,0.39880952380952384,0.5405405405405406,0.4666666666666667,0.0,0.0,0.0,0.0
bull_to_neutral,0.22,0.97,,,0,67,67,0.5074626865671642,0.39880952380952384,0.5405405405405406,0.4666666666666667,0.5074626865671642,0.39880952380952384,0.5405405405405406,0.4666666666666667,0.0,0.0,0.0,0.0
bull_to_bear,0.22,0.97,,,0,67,67,0.5074626865671642,0.39880952380952384,0.5405405405405406,0.4666666666666667,0.5074626865671642,0.39880952380952384,0.5405405405405406,0.4666666666666667,0.0,0.0,0.0,0.0
bull_to_neutral,0.22,0.97,,0.0,0,67,67,0.5074626865671642,0.39880952380952384,0.5405405405405406,0.4666666666666667,0.5074626865671642,0.39880952380952384,0.5405405405405406,0.4666666666666667,0.0,0.0,0.0,0.0
bull_to_bear,0.22,0.97,,0.0,0,67,67,0.5074626865671642,0.39880952380952384,0.5405405405405406,0.4666666666666667,0.5074626865671642,0.39880952380952384,0.5405405405405406,0.4666666666666667,0.0,0.0,0.0,0.0
bull_to_neutral,0.22,0.97,,-0.05,0,67,67,0.5074626865671642,0.39880952380952384,0.5405405405405406,0.4666666666666667,0.5074626865671642,0.39880952380952384,0.5405405405405406,0.4666666666666667,0.0,0.0,0.0,0.0
bull_to_bear,0.22,0.97,,-0.05,0,67,67,0.5074626865671642,0.39880952380952384,0.5405405405405406,0.4666666666666667,0.5074626865671642,0.39880952380952384,0.5405405405405406,0.4666666666666667,0.0,0.0,0.0,0.0
bull_to_neutral,0.22,0.97,,-0.1,0,67,67,0.5074626865671642,0.39880952380952384,0.5405405405405406,0.4666666666666667,0.5074626865671642,0.39880952380952384,0.5405405405405406,0.4666666666666667,0.0,0.0,0.0,0.0
bull_to_bear,0.22,0.97,,-0.1,0,67,67,0.5074626865671642,0.39880952380952384,0.5405405405405406,0.4666666666666667,0.5074626865671642,0.39880952380952384,0.5405405405405406,0.4666666666666667,0.0,0.0,0.0,0.0
bull_to_neutral,0.22,0.97,0.0,,0,67,67,0.5074626865671642,0.39880952380952384,0.5405405405405406,0.4666666666666667,0.5074626865671642,0.39880952380952384,0.5405405405405406,0.4666666666666667,0.0,0.0,0.0,0.0
bull_to_bear,0.22,0.97,0.0,,0,67,67,0.5074626865671642,0.39880952380952384,0.5405405405405406,0.4666666666666667,0.5074626865671642,0.39880952380952384,0.5405405405405406,0.4666666666666667,0.0,0.0,0.0,0.0
bull_to_neutral,0.22,0.97,0.0,0.0,0,67,67,0.5074626865671642,0.39880952380952384,0.5405405405405406,0.4666666666666667,0.5074626865671642,0.39880952380952384,0.5405405405405406,0.4666666666666667,0.0,0.0,0.0,0.0
bull_to_bear,0.22,0.97,0.0,0.0,0,67,67,0.5074626865671642,0.39880952380952384,0.5405405405405406,0.4666666666666667,0.5074626865671642,0.39880952380952384,0.5405405405405406,0.4666666666666667,0.0,0.0,0.0,0.0
bull_to_neutral,0.22,0.97,0.0,-0.05,0,67,67,0.5074626865671642,0.39880952380952384,0.5405405405405406,0.4666666666666667,0.5074626865671642,0.39880952380952384,0.5405405405405406,0.4666666666666667,0.0,0.0,0.0,0.0
bull_to_bear,0.22,0.97,0.0,-0.05,0,67,67,0.5074626865671642,0.39880952380952384,0.5405405405405406,0.4666666666666667,0.5074626865671642,0.39880952380952384,0.5405405405405406,0.4666666666666667,0.0,0.0,0.0,0.0
bull_to_neutral,0.22,0.97,0.0,-0.1,0,67,67,0.5074626865671642,0.39880952380952384,0.5405405405405406,0.4666666666666667,0.5074626865671642,0.39880952380952384,0.5405405405405406,0.4666666666666667,0.0,0.0,0.0,0.0
bull_to_bear,0.22,0.97,0.0,-0.1,0,67,67,0.5074626865671642,0.39880952380952384,0.5405405405405406,0.4666666666666667,0.5074626865671642,0.39880952380952384,0.5405405405405406,0.4666666666666667,0.0,0.0,0.0,0.0
bull_to_neutral,0.22,0.97,5.0,,0,67,67,0.5074626865671642,0.39880952380952384,0.5405405405405406,0.4666666666666667,0.5074626865671642,0.39880952380952384,0.5405405405405406,0.4666666666666667,0.0,0.0,0.0,0.0
bull_to_bear,0.22,0.97,5.0,,0,67,67,0.5074626865671642,0.39880952380952384,0.5405405405405406,0.4666666666666667,0.5074626865671642,0.39880952380952384,0.5405405405405406,0.4666666666666667,0.0,0.0,0.0,0.0
bull_to_neutral,0.22,0.97,5.0,0.0,0,67,67,0.5074626865671642,0.39880952380952384,0.5405405405405406,0.4666666666666667,0.5074626865671642,0.39880952380952384,0.5405405405405406,0.4666666666666667,0.0,0.0,0.0,0.0
bull_to_bear,0.22,0.97,5.0,0.0,0,67,67,0.5074626865671642,0.39880952380952384,0.5405405405405406,0.4666666666666667,0.5074626865671642,0.39880952380952384,0.5405405405405406,0.4666666666666667,0.0,0.0,0.0,0.0
bull_to_neutral,0.22,0.97,5.0,-0.05,0,67,67,0.5074626865671642,0.39880952380952384,0.5405405405405406,0.4666666666666667,0.5074626865671642,0.39880952380952384,0.5405405405405406,0.4666666666666667,0.0,0.0,0.0,0.0
bull_to_bear,0.22,0.97,5.0,-0.05,0,67,67,0.5074626865671642,0.39880952380952384,0.5405405405405406,0.4666666666666667,0.5074626865671642,0.39880952380952384,0.5405405405405406,0.4666666666666667,0.0,0.0,0.0,0.0
bull_to_neutral,0.22,0.97,5.0,-0.1,0,67,67,0.5074626865671642,0.39880952380952384,0.5405405405405406,0.4666666666666667,0.5074626865671642,0.39880952380952384,0.5405405405405406,0.4666666666666667,0.0,0.0,0.0,0.0
bull_to_bear,0.22,0.97,5.0,-0.1,0,67,67,0.5074626865671642,0.39880952380952384,0.5405405405405406,0.4666666666666667,0.5074626865671642,0.39880952380952384,0.5405405405405406,0.4666666666666667,0.0,0.0,0.0,0.0
bull_to_neutral,0.22,0.97,10.0,,0,67,67,0.5074626865671642,0.39880952380952384,0.5405405405405406,0.4666666666666667,0.5074626865671642,0.39880952380952384,0.5405405405405406,0.4666666666666667,0.0,0.0,0.0,0.0
bull_to_bear,0.22,0.97,10.0,,0,67,67,0.5074626865671642,0.39880952380952384,0.5405405405405406,0.4666666666666667,0.5074626865671642,0.39880952380952384,0.5405405405405406,0.4666666666666667,0.0,0.0,0.0,0.0
bull_to_neutral,0.22,0.97,10.0,0.0,0,67,67,0.5074626865671642,0.39880952380952384,0.5405405405405406,0.4666666666666667,0.5074626865671642,0.39880952380952384,0.5405405405405406,0.4666666666666667,0.0,0.0,0.0,0.0
bull_to_bear,0.22,0.97,10.0,0.0,0,67,67,0.5074626865671642,0.39880952380952384,0.5405405405405406,0.4666666666666667,0.5074626865671642,0.39880952380952384,0.5405405405405406,0.4666666666666667,0.0,0.0,0.0,0.0
bull_to_neutral,0.22,0.97,10.0,-0.05,0,67,67,0.5074626865671642,0.39880952380952384,0.5405405405405406,0.4666666666666667,0.5074626865671642,0.39880952380952384,0.5405405405405406,0.4666666666666667,0.0,0.0,0.0,0.0
bull_to_bear,0.22,0.97,10.0,-0.05,0,67,67,0.5074626865671642,0.39880952380952384,0.5405405405405406,0.4666666666666667,0.5074626865671642,0.39880952380952384,0.5405405405405406,0.4666666666666667,0.0,0.0,0.0,0.0
bull_to_neutral,0.22,0.97,10.0,-0.1,0,67,67,0.5074626865671642,0.39880952380952384,0.5405405405405406,0.4666666666666667,0.5074626865671642,0.39880952380952384,0.5405405405405406,0.4666666666666667,0.0,0.0,0.0,0.0
bull_to_bear,0.22,0.97,10.0,-0.1,0,67,67,0.5074626865671642,0.39880952380952384,0.5405405405405406,0.4666666666666667,0.5074626865671642,0.39880952380952384,0.5405405405405406,0.4666666666666667,0.0,0.0,0.0,0.0
bull_to_neutral,0.22,0.97,15.0,,0,67,67,0.5074626865671642,0.39880952380952384,0.5405405405405406,0.4666666666666667,0.5074626865671642,0.39880952380952384,0.5405405405405406,0.4666666666666667,0.0,0.0,0.0,0.0
bull_to_bear,0.22,0.97,15.0,,0,67,67,0.5074626865671642,0.39880952380952384,0.5405405405405406,0.4666666666666667,0.5074626865671642,0.39880952380952384,0.5405405405405406,0.4666666666666667,0.0,0.0,0.0,0.0
bull_to_neutral,0.22,0.97,15.0,0.0,0,67,67,0.5074626865671642,0.39880952380952384,0.5405405405405406,0.4666666666666667,0.5074626865671642,0.39880952380952384,0.5405405405405406,0.4666666666666667,0.0,0.0,0.0,0.0
bull_to_bear,0.22,0.97,15.0,0.0,0,67,67,0.5074626865671642,0.39880952380952384,0.5405405405405406,0.4666666666666667,0.5074626865671642,0.39880952380952384,0.5405405405405406,0.4666666666666667,0.0,0.0,0.0,0.0
bull_to_neutral,0.22,0.97,15.0,-0.05,0,67,67,0.5074626865671642,0.39880952380952384,0.5405405405405406,0.4666666666666667,0.5074626865671642,0.39880952380952384,0.5405405405405406,0.4666666666666667,0.0,0.0,0.0,0.0
bull_to_bear,0.22,0.97,15.0,-0.05,0,67,67,0.5074626865671642,0.39880952380952384,0.5405405405405406,0.4666666666666667,0.5074626865671642,0.39880952380952384,0.5405405405405406,0.4666666666666667,0.0,0.0,0.0,0.0
bull_to_neutral,0.22,0.97,15.0,-0.1,0,67,67,0.5074626865671642,0.39880952380952384,0.5405405405405406,0.4666666666666667,0.5074626865671642,0.39880952380952384,0.5405405405405406,0.4666666666666667,0.0,0.0,0.0,0.0
bull_to_bear,0.22,0.97,15.0,-0.1,0,67,67,0.5074626865671642,0.39880952380952384,0.5405405405405406,0.4666666666666667,0.5074626865671642,0.39880952380952384,0.5405405405405406,0.4666666666666667,0.0,0.0,0.0,0.0
bull_to_neutral,0.22,0.95,,,0,67,67,0.5074626865671642,0.39880952380952384,0.5405405405405406,0.4666666666666667,0.5074626865671642,0.39880952380952384,0.5405405405405406,0.4666666666666667,0.0,0.0,0.0,0.0
bull_to_bear,0.22,0.95,,,0,67,67,0.5074626865671642,0.39880952380952384,0.5405405405405406,0.4666666666666667,0.5074626865671642,0.39880952380952384,0.5405405405405406,0.4666666666666667,0.0,0.0,0.0,0.0
bull_to_neutral,0.22,0.95,,0.0,0,67,67,0.5074626865671642,0.39880952380952384,0.5405405405405406,0.4666666666666667,0.5074626865671642,0.39880952380952384,0.5405405405405406,0.4666666666666667,0.0,0.0,0.0,0.0
bull_to_bear,0.22,0.95,,0.0,0,67,67,0.5074626865671642,0.39880952380952384,0.5405405405405406,0.4666666666666667,0.5074626865671642,0.39880952380952384,0.5405405405405406,0.4666666666666667,0.0,0.0,0.0,0.0
bull_to_neutral,0.22,0.95,,-0.05,0,67,67,0.5074626865671642,0.39880952380952384,0.5405405405405406,0.4666666666666667,0.5074626865671642,0.39880952380952384,0.5405405405405406,0.4666666666666667,0.0,0.0,0.0,0.0
bull_to_bear,0.22,0.95,,-0.05,0,67,67,0.5074626865671642,0.39880952380952384,0.5405405405405406,0.4666666666666667,0.5074626865671642,0.39880952380952384,0.5405405405405406,0.4666666666666667,0.0,0.0,0.0,0.0
bull_to_neutral,0.22,0.95,,-0.1,0,67,67,0.5074626865671642,0.39880952380952384,0.5405405405405406,0.4666666666666667,0.5074626865671642,0.39880952380952384,0.5405405405405406,0.4666666666666667,0.0,0.0,0.0,0.0
bull_to_bear,0.22,0.95,,-0.1,0,67,67,0.5074626865671642,0.39880952380952384,0.5405405405405406,0.4666666666666667,0.5074626865671642,0.39880952380952384,0.5405405405405406,0.4666666666666667,0.0,0.0,0.0,0.0
bull_to_neutral,0.22,0.95,0.0,,0,67,67,0.5074626865671642,0.39880952380952384,0.5405405405405406,0.4666666666666667,0.5074626865671642,0.39880952380952384,0.5405405405405406,0.4666666666666667,0.0,0.0,0.0,0.0
bull_to_bear,0.22,0.95,0.0,,0,67,67,0.5074626865671642,0.39880952380952384,0.5405405405405406,0.4666666666666667,0.5074626865671642,0.39880952380952384,0.5405405405405406,0.4666666666666667,0.0,0.0,0.0,0.0
bull_to_neutral,0.22,0.95,0.0,0.0,0,67,67,0.5074626865671642,0.39880952380952384,0.5405405405405406,0.4666666666666667,0.5074626865671642,0.39880952380952384,0.5405405405405406,0.4666666666666667,0.0,0.0,0.0,0.0
bull_to_bear,0.22,0.95,0.0,0.0,0,67,67,0.5074626865671642,0.39880952380952384,0.5405405405405406,0.4666666666666667,0.5074626865671642,0.39880952380952384,0.5405405405405406,0.4666666666666667,0.0,0.0,0.0,0.0
bull_to_neutral,0.22,0.95,0.0,-0.05,0,67,67,0.5074626865671642,0.39880952380952384,0.5405405405405406,0.4666666666666667,0.5074626865671642,0.39880952380952384,0.5405405405405406,0.4666666666666667,0.0,0.0,0.0,0.0
bull_to_bear,0.22,0.95,0.0,-0.05,0,67,67,0.5074626865671642,0.39880952380952384,0.5405405405405406,0.4666666666666667,0.5074626865671642,0.39880952380952384,0.5405405405405406,0.4666666666666667,0.0,0.0,0.0,0.0
bull_to_neutral,0.22,0.95,0.0,-0.1,0,67,67,0.5074626865671642,0.39880952380952384,0.5405405405405406,0.4666666666666667,0.5074626865671642,0.39880952380952384,0.5405405405405406,0.4666666666666667,0.0,0.0,0.0,0.0
bull_to_bear,0.22,0.95,0.0,-0.1,0,67,67,0.5074626865671642,0.39880952380952384,0.5405405405405406,0.4666666666666667,0.5074626865671642,0.39880952380952384,0.5405405405405406,0.4666666666666667,0.0,0.0,0.0,0.0
bull_to_neutral,0.22,0.95,5.0,,0,67,67,0.5074626865671642,0.39880952380952384,0.5405405405405406,0.4666666666666667,0.5074626865671642,0.39880952380952384,0.5405405405405406,0.4666666666666667,0.0,0.0,0.0,0.0
bull_to_bear,0.22,0.95,5.0,,0,67,67,0.5074626865671642,0.39880952380952384,0.5405405405405406,0.4666666666666667,0.5074626865671642,0.39880952380952384,0.5405405405405406,0.4666666666666667,0.0,0.0,0.0,0.0
bull_to_neutral,0.22,0.95,5.0,0.0,0,67,67,0.5074626865671642,0.39880952380952384,0.5405405405405406,0.4666666666666667,0.5074626865671642,0.39880952380952384,0.5405405405405406,0.4666666666666667,0.0,0.0,0.0,0.0
bull_to_bear,0.22,0.95,5.0,0.0,0,67,67,0.5074626865671642,0.39880952380952384,0.5405405405405406,0.4666666666666667,0.5074626865671642,0.39880952380952384,0.5405405405405406,0.4666666666666667,0.0,0.0,0.0,0.0
bull_to_neutral,0.22,0.95,5.0,-0.05,0,67,67,0.5074626865671642,0.39880952380952384,0.5405405405405406,0.4666666666666667,0.5074626865671642,0.39880952380952384,0.5405405405405406,0.4666666666666667,0.0,0.0,0.0,0.0
bull_to_bear,0.22,0.95,5.0,-0.05,0,67,67,0.5074626865671642,0.39880952380952384,0.5405405405405406,0.4666666666666667,0.5074626865671642,0.39880952380952384,0.5405405405405406,0.4666666666666667,0.0,0.0,0.0,0.0
bull_to_neutral,0.22,0.95,5.0,-0.1,0,67,67,0.5074626865671642,0.39880952380952384,0.5405405405405406,0.4666666666666667,0.5074626865671642,0.39880952380952384,0.5405405405405406,0.4666666666666667,0.0,0.0,0.0,0.0
bull_to_bear,0.22,0.95,5.0,-0.1,0,67,67,0.5074626865671642,0.39880952380952384,0.5405405405405406,0.4666666666666667,0.5074626865671642,0.39880952380952384,0.5405405405405406,0.4666666666666667,0.0,0.0,0.0,0.0
bull_to_neutral,0.22,0.95,10.0,,0,67,67,0.5074626865671642,0.39880952380952384,0.5405405405405406,0.4666666666666667,0.5074626865671642,0.39880952380952384,0.5405405405405406,0.4666666666666667,0.0,0.0,0.0,0.0
bull_to_bear,0.22,0.95,10.0,,0,67,67,0.5074626865671642,0.39880952380952384,0.5405405405405406,0.4666666666666667,0.5074626865671642,0.39880952380952384,0.5405405405405406,0.4666666666666667,0.0,0.0,0.0,0.0
bull_to_neutral,0.22,0.95,10.0,0.0,0,67,67,0.5074626865671642,0.39880952380952384,0.5405405405405406,0.4666666666666667,0.5074626865671642,0.39880952380952384,0.5405405405405406,0.4666666666666667,0.0,0.0,0.0,0.0
bull_to_bear,0.22,0.95,10.0,0.0,0,67,67,0.5074626865671642,0.39880952380952384,0.5405405405405406,0.4666666666666667,0.5074626865671642,0.39880952380952384,0.5405405405405406,0.4666666666666667,0.0,0.0,0.0,0.0
bull_to_neutral,0.22,0.95,10.0,-0.05,0,67,67,0.5074626865671642,0.39880952380952384,0.5405405405405406,0.4666666666666667,0.5074626865671642,0.39880952380952384,0.5405405405405406,0.4666666666666667,0.0,0.0,0.0,0.0
bull_to_bear,0.22,0.95,10.0,-0.05,0,67,67,0.5074626865671642,0.39880952380952384,0.5405405405405406,0.4666666666666667,0.5074626865671642,0.39880952380952384,0.5405405405405406,0.4666666666666667,0.0,0.0,0.0,0.0
bull_to_neutral,0.22,0.95,10.0,-0.1,0,67,67,0.5074626865671642,0.39880952380952384,0.5405405405405406,0.4666666666666667,0.5074626865671642,0.39880952380952384,0.5405405405405406,0.4666666666666667,0.0,0.0,0.0,0.0
bull_to_bear,0.22,0.95,10.0,-0.1,0,67,67,0.5074626865671642,0.39880952380952384,0.5405405405405406,0.4666666666666667,0.5074626865671642,0.39880952380952384,0.5405405405405406,0.4666666666666667,0.0,0.0,0.0,0.0
bull_to_neutral,0.22,0.95,15.0,,0,67,67,0.5074626865671642,0.39880952380952384,0.5405405405405406,0.4666666666666667,0.5074626865671642,0.39880952380952384,0.5405405405405406,0.4666666666666667,0.0,0.0,0.0,0.0
bull_to_bear,0.22,0.95,15.0,,0,67,67,0.5074626865671642,0.39880952380952384,0.5405405405405406,0.4666666666666667,0.5074626865671642,0.39880952380952384,0.5405405405405406,0.4666666666666667,0.0,0.0,0.0,0.0
bull_to_neutral,0.22,0.95,15.0,0.0,0,67,67,0.5074626865671642,0.39880952380952384,0.5405405405405406,0.4666666666666667,0.5074626865671642,0.39880952380952384,0.5405405405405406,0.4666666666666667,0.0,0.0,0.0,0.0
bull_to_bear,0.22,0.95,15.0,0.0,0,67,67,0.5074626865671642,0.39880952380952384,0.5405405405405406,0.4666666666666667,0.5074626865671642,0.39880952380952384,0.5405405405405406,0.4666666666666667,0.0,0.0,0.0,0.0
bull_to_neutral,0.22,0.95,15.0,-0.05,0,67,67,0.5074626865671642,0.39880952380952384,0.5405405405405406,0.4666666666666667,0.5074626865671642,0.39880952380952384,0.5405405405405406,0.4666666666666667,0.0,0.0,0.0,0.0
bull_to_bear,0.22,0.95,15.0,-0.05,0,67,67,0.5074626865671642,0.39880952380952384,0.5405405405405406,0.4666666666666667,0.5074626865671642,0.39880952380952384,0.5405405405405406,0.4666666666666667,0.0,0.0,0.0,0.0
bull_to_neutral,0.22,0.95,15.0,-0.1,0,67,67,0.5074626865671642,0.39880952380952384,0.5405405405405406,0.4666666666666667,0.5074626865671642,0.39880952380952384,0.5405405405405406,0.4666666666666667,0.0,0.0,0.0,0.0
bull_to_bear,0.22,0.95,15.0,-0.1,0,67,67,0.5074626865671642,0.39880952380952384,0.5405405405405406,0.4666666666666667,0.5074626865671642,0.39880952380952384,0.5405405405405406,0.4666666666666667,0.0,0.0,0.0,0.0
bull_to_neutral,0.22,0.93,,,0,67,67,0.5074626865671642,0.39880952380952384,0.5405405405405406,0.4666666666666667,0.5074626865671642,0.39880952380952384,0.5405405405405406,0.4666666666666667,0.0,0.0,0.0,0.0
bull_to_bear,0.22,0.93,,,0,67,67,0.5074626865671642,0.39880952380952384,0.5405405405405406,0.4666666666666667,0.5074626865671642,0.39880952380952384,0.5405405405405406,0.4666666666666667,0.0,0.0,0.0,0.0
bull_to_neutral,0.22,0.93,,0.0,0,67,67,0.5074626865671642,0.39880952380952384,0.5405405405405406,0.4666666666666667,0.5074626865671642,0.39880952380952384,0.5405405405405406,0.4666666666666667,0.0,0.0,0.0,0.0
bull_to_bear,0.22,0.93,,0.0,0,67,67,0.5074626865671642,0.39880952380952384,0.5405405405405406,0.4666666666666667,0.5074626865671642,0.39880952380952384,0.5405405405405406,0.4666666666666667,0.0,0.0,0.0,0.0
bull_to_neutral,0.22,0.93,,-0.05,0,67,67,0.5074626865671642,0.39880952380952384,0.5405405405405406,0.4666666666666667,0.5074626865671642,0.39880952380952384,0.5405405405405406,0.4666666666666667,0.0,0.0,0.0,0.0
bull_to_bear,0.22,0.93,,-0.05,0,67,67,0.5074626865671642,0.39880952380952384,0.5405405405405406,0.4666666666666667,0.5074626865671642,0.39880952380952384,0.5405405405405406,0.4666666666666667,0.0,0.0,0.0,0.0
bull_to_neutral,0.22,0.93,,-0.1,0,67,67,0.5074626865671642,0.39880952380952384,0.5405405405405406,0.4666666666666667,0.5074626865671642,0.39880952380952384,0.5405405405405406,0.4666666666666667,0.0,0.0,0.0,0.0
bull_to_bear,0.22,0.93,,-0.1,0,67,67,0.5074626865671642,0.39880952380952384,0.5405405405405406,0.4666666666666667,0.5074626865671642,0.39880952380952384,0.5405405405405406,0.4666666666666667,0.0,0.0,0.0,0.0
bull_to_neutral,0.22,0.93,0.0,,0,67,67,0.5074626865671642,0.39880952380952384,0.5405405405405406,0.4666666666666667,0.5074626865671642,0.39880952380952384,0.5405405405405406,0.4666666666666667,0.0,0.0,0.0,0.0
bull_to_bear,0.22,0.93,0.0,,0,67,67,0.5074626865671642,0.39880952380952384,0.5405405405405406,0.4666666666666667,0.5074626865671642,0.39880952380952384,0.5405405405405406,0.4666666666666667,0.0,0.0,0.0,0.0
bull_to_neutral,0.22,0.93,0.0,0.0,0,67,67,0.5074626865671642,0.39880952380952384,0.5405405405405406,0.4666666666666667,0.5074626865671642,0.39880952380952384,0.5405405405405406,0.4666666666666667,0.0,0.0,0.0,0.0
bull_to_bear,0.22,0.93,0.0,0.0,0,67,67,0.5074626865671642,0.39880952380952384,0.5405405405405406,0.4666666666666667,0.5074626865671642,0.39880952380952384,0.5405405405405406,0.4666666666666667,0.0,0.0,0.0,0.0
bull_to_neutral,0.22,0.93,0.0,-0.05,0,67,67,0.5074626865671642,0.39880952380952384,0.5405405405405406,0.4666666666666667,0.5074626865671642,0.39880952380952384,0.5405405405405406,0.4666666666666667,0.0,0.0,0.0,0.0
bull_to_bear,0.22,0.93,0.0,-0.05,0,67,67,0.5074626865671642,0.39880952380952384,0.5405405405405406,0.4666666666666667,0.5074626865671642,0.39880952380952384,0.5405405405405406,0.4666666666666667,0.0,0.0,0.0,0.0
bull_to_neutral,0.22,0.93,0.0,-0.1,0,67,67,0.5074626865671642,0.39880952380952384,0.5405405405405406,0.4666666666666667,0.5074626865671642,0.39880952380952384,0.5405405405405406,0.4666666666666667,0.0,0.0,0.0,0.0
bull_to_bear,0.22,0.93,0.0,-0.1,0,67,67,0.5074626865671642,0.39880952380952384,0.5405405405405406,0.4666666666666667,0.5074626865671642,0.39880952380952384,0.5405405405405406,0.4666666666666667,0.0,0.0,0.0,0.0
bull_to_neutral,0.22,0.93,5.0,,0,67,67,0.5074626865671642,0.39880952380952384,0.5405405405405406,0.4666666666666667,0.5074626865671642,0.39880952380952384,0.5405405405405406,0.4666666666666667,0.0,0.0,0.0,0.0
bull_to_bear,0.22,0.93,5.0,,0,67,67,0.5074626865671642,0.39880952380952384,0.5405405405405406,0.4666666666666667,0.5074626865671642,0.39880952380952384,0.5405405405405406,0.4666666666666667,0.0,0.0,0.0,0.0
bull_to_neutral,0.22,0.93,5.0,0.0,0,67,67,0.5074626865671642,0.39880952380952384,0.5405405405405406,0.4666666666666667,0.5074626865671642,0.39880952380952384,0.5405405405405406,0.4666666666666667,0.0,0.0,0.0,0.0
bull_to_bear,0.22,0.93,5.0,0.0,0,67,67,0.5074626865671642,0.39880952380952384,0.5405405405405406,0.4666666666666667,0.5074626865671642,0.39880952380952384,0.5405405405405406,0.4666666666666667,0.0,0.0,0.0,0.0
bull_to_neutral,0.22,0.93,5.0,-0.05,0,67,67,0.5074626865671642,0.39880952380952384,0.5405405405405406,0.4666666666666667,0.5074626865671642,0.39880952380952384,0.5405405405405406,0.4666666666666667,0.0,0.0,0.0,0.0
bull_to_bear,0.22,0.93,5.0,-0.05,0,67,67,0.5074626865671642,0.39880952380952384,0.5405405405405406,0.4666666666666667,0.5074626865671642,0.39880952380952384,0.5405405405405406,0.4666666666666667,0.0,0.0,0.0,0.0
bull_to_neutral,0.22,0.93,5.0,-0.1,0,67,67,0.5074626865671642,0.39880952380952384,0.5405405405405406,0.4666666666666667,0.5074626865671642,0.39880952380952384,0.5405405405405406,0.4666666666666667,0.0,0.0,0.0,0.0
bull_to_bear,0.22,0.93,5.0,-0.1,0,67,67,0.5074626865671642,0.39880952380952384,0.5405405405405406,0.4666666666666667,0.5074626865671642,0.39880952380952384,0.5405405405405406,0.4666666666666667,0.0,0.0,0.0,0.0
bull_to_neutral,0.22,0.93,10.0,,0,67,67,0.5074626865671642,0.39880952380952384,0.5405405405405406,0.4666666666666667,0.5074626865671642,0.39880952380952384,0.5405405405405406,0.4666666666666667,0.0,0.0,0.0,0.0
bull_to_bear,0.22,0.93,10.0,,0,67,67,0.5074626865671642,0.39880952380952384,0.5405405405405406,0.4666666666666667,0.5074626865671642,0.39880952380952384,0.5405405405405406,0.4666666666666667,0.0,0.0,0.0,0.0
bull_to_neutral,0.22,0.93,10.0,0.0,0,67,67,0.5074626865671642,0.39880952380952384,0.5405405405405406,0.4666666666666667,0.5074626865671642,0.39880952380952384,0.5405405405405406,0.4666666666666667,0.0,0.0,0.0,0.0
bull_to_bear,0.22,0.93,10.0,0.0,0,67,67,0.5074626865671642,0.39880952380952384,0.5405405405405406,0.4666666666666667,0.5074626865671642,0.39880952380952384,0.5405405405405406,0.4666666666666667,0.0,0.0,0.0,0.0
bull_to_neutral,0.22,0.93,10.0,-0.05,0,67,67,0.5074626865671642,0.39880952380952384,0.5405405405405406,0.4666666666666667,0.5074626865671642,0.39880952380952384,0.5405405405405406,0.4666666666666667,0.0,0.0,0.0,0.0
bull_to_bear,0.22,0.93,10.0,-0.05,0,67,67,0.5074626865671642,0.39880952380952384,0.5405405405405406,0.4666666666666667,0.5074626865671642,0.39880952380952384,0.5405405405405406,0.4666666666666667,0.0,0.0,0.0,0.0
bull_to_neutral,0.22,0.93,10.0,-0.1,0,67,67,0.5074626865671642,0.39880952380952384,0.5405405405405406,0.4666666666666667,0.5074626865671642,0.39880952380952384,0.5405405405405406,0.4666666666666667,0.0,0.0,0.0,0.0
bull_to_bear,0.22,0.93,10.0,-0.1,0,67,67,0.5074626865671642,0.39880952380952384,0.5405405405405406,0.4666666666666667,0.5074626865671642,0.39880952380952384,0.5405405405405406,0.4666666666666667,0.0,0.0,0.0,0.0
bull_to_neutral,0.22,0.93,15.0,,0,67,67,0.5074626865671642,0.39880952380952384,0.5405405405405406,0.4666666666666667,0.5074626865671642,0.39880952380952384,0.5405405405405406,0.4666666666666667,0.0,0.0,0.0,0.0
bull_to_bear,0.22,0.93,15.0,,0,67,67,0.5074626865671642,0.39880952380952384,0.5405405405405406,0.4666666666666667,0.5074626865671642,0.39880952380952384,0.5405405405405406,0.4666666666666667,0.0,0.0,0.0,0.0
bull_to_neutral,0.22,0.93,15.0,0.0,0,67,67,0.5074626865671642,0.39880952380952384,0.5405405405405406,0.4666666666666667,0.5074626865671642,0.39880952380952384,0.5405405405405406,0.4666666666666667,0.0,0.0,0.0,0.0
bull_to_bear,0.22,0.93,15.0,0.0,0,67,67,0.5074626865671642,0.39880952380952384,0.5405405405405406,0.4666666666666667,0.5074626865671642,0.39880952380952384,0.5405405405405406,0.4666666666666667,0.0,0.0,0.0,0.0
bull_to_neutral,0.22,0.93,15.0,-0.05,0,67,67,0.5074626865671642,0.39880952380952384,0.5405405405405406,0.4666666666666667,0.5074626865671642,0.39880952380952384,0.5405405405405406,0.4666666666666667,0.0,0.0,0.0,0.0
bull_to_bear,0.22,0.93,15.0,-0.05,0,67,67,0.5074626865671642,0.39880952380952384,0.5405405405405406,0.4666666666666667,0.5074626865671642,0.39880952380952384,0.5405405405405406,0.4666666666666667,0.0,0.0,0.0,0.0
bull_to_neutral,0.22,0.93,15.0,-0.1,0,67,67,0.5074626865671642,0.39880952380952384,0.5405405405405406,0.4666666666666667,0.5074626865671642,0.39880952380952384,0.5405405405405406,0.4666666666666667,0.0,0.0,0.0,0.0
bull_to_bear,0.22,0.93,15.0,-0.1,0,67,67,0.5074626865671642,0.39880952380952384,0.5405405405405406,0.4666666666666667,0.5074626865671642,0.39880952380952384,0.5405405405405406,0.4666666666666667,0.0,0.0,0.0,0.0
bull_to_neutral,0.22,0.9,,,0,67,67,0.5074626865671642,0.39880952380952384,0.5405405405405406,0.4666666666666667,0.5074626865671642,0.39880952380952384,0.5405405405405406,0.4666666666666667,0.0,0.0,0.0,0.0
bull_to_bear,0.22,0.9,,,0,67,67,0.5074626865671642,0.39880952380952384,0.5405405405405406,0.4666666666666667,0.5074626865671642,0.39880952380952384,0.5405405405405406,0.4666666666666667,0.0,0.0,0.0,0.0
bull_to_neutral,0.22,0.9,,0.0,0,67,67,0.5074626865671642,0.39880952380952384,0.5405405405405406,0.4666666666666667,0.5074626865671642,0.39880952380952384,0.5405405405405406,0.4666666666666667,0.0,0.0,0.0,0.0
bull_to_bear,0.22,0.9,,0.0,0,67,67,0.5074626865671642,0.39880952380952384,0.5405405405405406,0.4666666666666667,0.5074626865671642,0.39880952380952384,0.5405405405405406,0.4666666666666667,0.0,0.0,0.0,0.0
bull_to_neutral,0.22,0.9,,-0.05,0,67,67,0.5074626865671642,0.39880952380952384,0.5405405405405406,0.4666666666666667,0.5074626865671642,0.39880952380952384,0.5405405405405406,0.4666666666666667,0.0,0.0,0.0,0.0
bull_to_bear,0.22,0.9,,-0.05,0,67,67,0.5074626865671642,0.39880952380952384,0.5405405405405406,0.4666666666666667,0.5074626865671642,0.39880952380952384,0.5405405405405406,0.4666666666666667,0.0,0.0,0.0,0.0
bull_to_neutral,0.22,0.9,,-0.1,0,67,67,0.5074626865671642,0.39880952380952384,0.5405405405405406,0.4666666666666667,0.5074626865671642,0.39880952380952384,0.5405405405405406,0.4666666666666667,0.0,0.0,0.0,0.0
bull_to_bear,0.22,0.9,,-0.1,0,67,67,0.5074626865671642,0.39880952380952384,0.5405405405405406,0.4666666666666667,0.5074626865671642,0.39880952380952384,0.5405405405405406,0.4666666666666667,0.0,0.0,0.0,0.0
bull_to_neutral,0.22,0.9,0.0,,0,67,67,0.5074626865671642,0.39880952380952384,0.5405405405405406,0.4666666666666667,0.5074626865671642,0.39880952380952384,0.5405405405405406,0.4666666666666667,0.0,0.0,0.0,0.0
bull_to_bear,0.22,0.9,0.0,,0,67,67,0.5074626865671642,0.39880952380952384,0.5405405405405406,0.4666666666666667,0.5074626865671642,0.39880952380952384,0.5405405405405406,0.4666666666666667,0.0,0.0,0.0,0.0
bull_to_neutral,0.22,0.9,0.0,0.0,0,67,67,0.5074626865671642,0.39880952380952384,0.5405405405405406,0.4666666666666667,0.5074626865671642,0.39880952380952384,0.5405405405405406,0.4666666666666667,0.0,0.0,0.0,0.0
bull_to_bear,0.22,0.9,0.0,0.0,0,67,67,0.5074626865671642,0.39880952380952384,0.5405405405405406,0.4666666666666667,0.5074626865671642,0.39880952380952384,0.5405405405405406,0.4666666666666667,0.0,0.0,0.0,0.0
bull_to_neutral,0.22,0.9,0.0,-0.05,0,67,67,0.5074626865671642,0.39880952380952384,0.5405405405405406,0.4666666666666667,0.5074626865671642,0.39880952380952384,0.5405405405405406,0.4666666666666667,0.0,0.0,0.0,0.0
bull_to_bear,0.22,0.9,0.0,-0.05,0,67,67,0.5074626865671642,0.39880952380952384,0.5405405405405406,0.4666666666666667,0.5074626865671642,0.39880952380952384,0.5405405405405406,0.4666666666666667,0.0,0.0,0.0,0.0
bull_to_neutral,0.22,0.9,0.0,-0.1,0,67,67,0.5074626865671642,0.39880952380952384,0.5405405405405406,0.4666666666666667,0.5074626865671642,0.39880952380952384,0.5405405405405406,0.4666666666666667,0.0,0.0,0.0,0.0
bull_to_bear,0.22,0.9,0.0,-0.1,0,67,67,0.5074626865671642,0.39880952380952384,0.5405405405405406,0.4666666666666667,0.5074626865671642,0.39880952380952384,0.5405405405405406,0.4666666666666667,0.0,0.0,0.0,0.0
bull_to_neutral,0.22,0.9,5.0,,0,67,67,0.5074626865671642,0.39880952380952384,0.5405405405405406,0.4666666666666667,0.5074626865671642,0.39880952380952384,0.5405405405405406,0.4666666666666667,0.0,0.0,0.0,0.0
bull_to_bear,0.22,0.9,5.0,,0,67,67,0.5074626865671642,0.39880952380952384,0.5405405405405406,0.4666666666666667,0.5074626865671642,0.39880952380952384,0.5405405405405406,0.4666666666666667,0.0,0.0,0.0,0.0
bull_to_neutral,0.22,0.9,5.0,0.0,0,67,67,0.5074626865671642,0.39880952380952384,0.5405405405405406,0.4666666666666667,0.5074626865671642,0.39880952380952384,0.5405405405405406,0.4666666666666667,0.0,0.0,0.0,0.0
bull_to_bear,0.22,0.9,5.0,0.0,0,67,67,0.5074626865671642,0.39880952380952384,0.5405405405405406,0.4666666666666667,0.5074626865671642,0.39880952380952384,0.5405405405405406,0.4666666666666667,0.0,0.0,0.0,0.0
bull_to_neutral,0.22,0.9,5.0,-0.05,0,67,67,0.5074626865671642,0.39880952380952384,0.5405405405405406,0.4666666666666667,0.5074626865671642,0.39880952380952384,0.5405405405405406,0.4666666666666667,0.0,0.0,0.0,0.0
bull_to_bear,0.22,0.9,5.0,-0.05,0,67,67,0.5074626865671642,0.39880952380952384,0.5405405405405406,0.4666666666666667,0.5074626865671642,0.39880952380952384,0.5405405405405406,0.4666666666666667,0.0,0.0,0.0,0.0
bull_to_neutral,0.22,0.9,5.0,-0.1,0,67,67,0.5074626865671642,0.39880952380952384,0.5405405405405406,0.4666666666666667,0.5074626865671642,0.39880952380952384,0.5405405405405406,0.4666666666666667,0.0,0.0,0.0,0.0
bull_to_bear,0.22,0.9,5.0,-0.1,0,67,67,0.5074626865671642,0.39880952380952384,0.5405405405405406,0.4666666666666667,0.5074626865671642,0.39880952380952384,0.5405405405405406,0.4666666666666667,0.0,0.0,0.0,0.0
bull_to_neutral,0.22,0.9,10.0,,0,67,67,0.5074626865671642,0.39880952380952384,0.5405405405405406,0.4666666666666667,0.5074626865671642,0.39880952380952384,0.5405405405405406,0.4666666666666667,0.0,0.0,0.0,0.0
bull_to_bear,0.22,0.9,10.0,,0,67,67,0.5074626865671642,0.39880952380952384,0.5405405405405406,0.4666666666666667,0.5074626865671642,0.39880952380952384,0.5405405405405406,0.4666666666666667,0.0,0.0,0.0,0.0
bull_to_neutral,0.22,0.9,10.0,0.0,0,67,67,0.5074626865671642,0.39880952380952384,0.5405405405405406,0.4666666666666667,0.5074626865671642,0.39880952380952384,0.5405405405405406,0.4666666666666667,0.0,0.0,0.0,0.0
bull_to_bear,0.22,0.9,10.0,0.0,0,67,67,0.5074626865671642,0.39880952380952384,0.5405405405405406,0.4666666666666667,0.5074626865671642,0.39880952380952384,0.5405405405405406,0.4666666666666667,0.0,0.0,0.0,0.0
bull_to_neutral,0.22,0.9,10.0,-0.05,0,67,67,0.5074626865671642,0.39880952380952384,0.5405405405405406,0.4666666666666667,0.5074626865671642,0.39880952380952384,0.5405405405405406,0.4666666666666667,0.0,0.0,0.0,0.0
bull_to_bear,0.22,0.9,10.0,-0.05,0,67,67,0.5074626865671642,0.39880952380952384,0.5405405405405406,0.4666666666666667,0.5074626865671642,0.39880952380952384,0.5405405405405406,0.4666666666666667,0.0,0.0,0.0,0.0
bull_to_neutral,0.22,0.9,10.0,-0.1,0,67,67,0.5074626865671642,0.39880952380952384,0.5405405405405406,0.4666666666666667,0.5074626865671642,0.39880952380952384,0.5405405405405406,0.4666666666666667,0.0,0.0,0.0,0.0
bull_to_bear,0.22,0.9,10.0,-0.1,0,67,67,0.5074626865671642,0.39880952380952384,0.5405405405405406,0.4666666666666667,0.5074626865671642,0.39880952380952384,0.5405405405405406,0.4666666666666667,0.0,0.0,0.0,0.0
bull_to_neutral,0.22,0.9,15.0,,0,67,67,0.5074626865671642,0.39880952380952384,0.5405405405405406,0.4666666666666667,0.5074626865671642,0.39880952380952384,0.5405405405405406,0.4666666666666667,0.0,0.0,0.0,0.0
bull_to_bear,0.22,0.9,15.0,,0,67,67,0.5074626865671642,0.39880952380952384,0.5405405405405406,0.4666666666666667,0.5074626865671642,0.39880952380952384,0.5405405405405406,0.4666666666666667,0.0,0.0,0.0,0.0
bull_to_neutral,0.22,0.9,15.0,0.0,0,67,67,0.5074626865671642,0.39880952380952384,0.5405405405405406,0.4666666666666667,0.5074626865671642,0.39880952380952384,0.5405405405405406,0.4666666666666667,0.0,0.0,0.0,0.0
bull_to_bear,0.22,0.9,15.0,0.0,0,67,67,0.5074626865671642,0.39880952380952384,0.5405405405405406,0.4666666666666667,0.5074626865671642,0.39880952380952384,0.5405405405405406,0.4666666666666667,0.0,0.0,0.0,0.0
bull_to_neutral,0.22,0.9,15.0,-0.05,0,67,67,0.5074626865671642,0.39880952380952384,0.5405405405405406,0.4666666666666667,0.5074626865671642,0.39880952380952384,0.5405405405405406,0.4666666666666667,0.0,0.0,0.0,0.0
bull_to_bear,0.22,0.9,15.0,-0.05,0,67,67,0.5074626865671642,0.39880952380952384,0.5405405405405406,0.4666666666666667,0.5074626865671642,0.39880952380952384,0.5405405405405406,0.4666666666666667,0.0,0.0,0.0,0.0
bull_to_neutral,0.22,0.9,15.0,-0.1,0,67,67,0.5074626865671642,0.39880952380952384,0.5405405405405406,0.4666666666666667,0.5074626865671642,0.39880952380952384,0.5405405405405406,0.4666666666666667,0.0,0.0,0.0,0.0
bull_to_bear,0.22,0.9,15.0,-0.1,0,67,67,0.5074626865671642,0.39880952380952384,0.5405405405405406,0.4666666666666667,0.5074626865671642,0.39880952380952384,0.5405405405405406,0.4666666666666667,0.0,0.0,0.0,0.0
bull_to_neutral,0.25,1.0,,,5,62,67,0.5074626865671642,0.39880952380952384,0.5405405405405406,0.4666666666666667,0.5161290322580645,0.36904761904761907,0.5625,0.4666666666666667,0.008666345690900301,-0.029761904761904767,0.02195945945945943,0.0
bull_to_bear,0.25,1.0,,,5,67,67,0.5074626865671642,0.39880952380952384,0.5405405405405406,0.4666666666666667,0.5223880597014925,0.39880952380952384,0.5625,0.4857142857142857,0.01492537313432829,0.0,0.02195945945945943,0.019047619047619035
bull_to_neutral,0.25,1.0,,0.0,3,64,67,0.5074626865671642,0.39880952380952384,0.5405405405405406,0.4666666666666667,0.515625,0.38095238095238093,0.5588235294117647,0.4666666666666667,0.0081623134328358,-0.017857142857142905,0.01828298887122415,0.0
bull_to_bear,0.25,1.0,,0.0,3,67,67,0.5074626865671642,0.39880952380952384,0.5405405405405406,0.4666666666666667,0.5223880597014925,0.39880952380952384,0.5588235294117647,0.48484848484848486,0.01492537313432829,0.0,0.01828298887122415,0.018181818181818188
bull_to_neutral,0.25,1.0,,-0.05,3,64,67,0.5074626865671642,0.39880952380952384,0.5405405405405406,0.4666666666666667,0.515625,0.38095238095238093,0.5588235294117647,0.4666666666666667,0.0081623134328358,-0.017857142857142905,0.01828298887122415,0.0
bull_to_bear,0.25,1.0,,-0.05,3,67,67,0.5074626865671642,0.39880952380952384,0.5405405405405406,0.4666666666666667,0.5223880597014925,0.39880952380952384,0.5588235294117647,0.48484848484848486,0.01492537313432829,0.0,0.01828298887122415,0.018181818181818188
bull_to_neutral,0.25,1.0,,-0.1,3,64,67,0.5074626865671642,0.39880952380952384,0.5405405405405406,0.4666666666666667,0.515625,0.38095238095238093,0.5588235294117647,0.4666666666666667,0.0081623134328358,-0.017857142857142905,0.01828298887122415,0.0
bull_to_bear,0.25,1.0,,-0.1,3,67,67,0.5074626865671642,0.39880952380952384,0.5405405405405406,0.4666666666666667,0.5223880597014925,0.39880952380952384,0.5588235294117647,0.48484848484848486,0.01492537313432829,0.0,0.01828298887122415,0.018181818181818188
bull_to_neutral,0.25,1.0,0.0,,2,65,67,0.5074626865671642,0.39880952380952384,0.5405405405405406,0.4666666666666667,0.5230769230769231,0.3869047619047619,0.5714285714285714,0.4666666666666667,0.015614236509758905,-0.011904761904761918,0.030888030888030826,0.0
bull_to_bear,0.25,1.0,0.0,,2,67,67,0.5074626865671642,0.39880952380952384,0.5405405405405406,0.4666666666666667,0.5373134328358209,0.39880952380952384,0.5714285714285714,0.5,0.02985074626865669,0.0,0.030888030888030826,0.033333333333333326
bull_to_neutral,0.25,1.0,0.0,0.0,2,65,67,0.5074626865671642,0.39880952380952384,0.5405405405405406,0.4666666666666667,0.5230769230769231,0.3869047619047619,0.5714285714285714,0.4666666666666667,0.015614236509758905,-0.011904761904761918,0.030888030888030826,0.0
bull_to_bear,0.25,1.0,0.0,0.0,2,67,67,0.5074626865671642,0.39880952380952384,0.5405405405405406,0.4666666666666667,0.5373134328358209,0.39880952380952384,0.5714285714285714,0.5,0.02985074626865669,0.0,0.030888030888030826,0.033333333333333326
bull_to_neutral,0.25,1.0,0.0,-0.05,2,65,67,0.5074626865671642,0.39880952380952384,0.5405405405405406,0.4666666666666667,0.5230769230769231,0.3869047619047619,0.5714285714285714,0.4666666666666667,0.015614236509758905,-0.011904761904761918,0.030888030888030826,0.0
bull_to_bear,0.25,1.0,0.0,-0.05,2,67,67,0.5074626865671642,0.39880952380952384,0.5405405405405406,0.4666666666666667,0.5373134328358209,0.39880952380952384,0.5714285714285714,0.5,0.02985074626865669,0.0,0.030888030888030826,0.033333333333333326
bull_to_neutral,0.25,1.0,0.0,-0.1,2,65,67,0.5074626865671642,0.39880952380952384,0.5405405405405406,0.4666666666666667,0.5230769230769231,0.3869047619047619,0.5714285714285714,0.4666666666666667,0.015614236509758905,-0.011904761904761918,0.030888030888030826,0.0
bull_to_bear,0.25,1.0,0.0,-0.1,2,67,67,0.5074626865671642,0.39880952380952384,0.5405405405405406,0.4666666666666667,0.5373134328358209,0.39880952380952384,0.5714285714285714,0.5,0.02985074626865669,0.0,0.030888030888030826,0.033333333333333326
bull_to_neutral,0.25,1.0,5.0,,2,65,67,0.5074626865671642,0.39880952380952384,0.5405405405405406,0.4666666666666667,0.5230769230769231,0.3869047619047619,0.5714285714285714,0.4666666666666667,0.015614236509758905,-0.011904761904761918,0.030888030888030826,0.0
bull_to_bear,0.25,1.0,5.0,,2,67,67,0.5074626865671642,0.39880952380952384,0.5405405405405406,0.4666666666666667,0.5373134328358209,0.39880952380952384,0.5714285714285714,0.5,0.02985074626865669,0.0,0.030888030888030826,0.033333333333333326
bull_to_neutral,0.25,1.0,5.0,0.0,2,65,67,0.5074626865671642,0.39880952380952384,0.5405405405405406,0.4666666666666667,0.5230769230769231,0.3869047619047619,0.5714285714285714,0.4666666666666667,0.015614236509758905,-0.011904761904761918,0.030888030888030826,0.0
bull_to_bear,0.25,1.0,5.0,0.0,2,67,67,0.5074626865671642,0.39880952380952384,0.5405405405405406,0.4666666666666667,0.5373134328358209,0.39880952380952384,0.5714285714285714,0.5,0.02985074626865669,0.0,0.030888030888030826,0.033333333333333326
bull_to_neutral,0.25,1.0,5.0,-0.05,2,65,67,0.5074626865671642,0.39880952380952384,0.5405405405405406,0.4666666666666667,0.5230769230769231,0.3869047619047619,0.5714285714285714,0.4666666666666667,0.015614236509758905,-0.011904761904761918,0.030888030888030826,0.0
bull_to_bear,0.25,1.0,5.0,-0.05,2,67,67,0.5074626865671642,0.39880952380952384,0.5405405405405406,0.4666666666666667,0.5373134328358209,0.39880952380952384,0.5714285714285714,0.5,0.02985074626865669,0.0,0.030888030888030826,0.033333333333333326
bull_to_neutral,0.25,1.0,5.0,-0.1,2,65,67,0.5074626865671642,0.39880952380952384,0.5405405405405406,0.4666666666666667,0.5230769230769231,0.3869047619047619,0.5714285714285714,0.4666666666666667,0.015614236509758905,-0.011904761904761918,0.030888030888030826,0.0
bull_to_bear,0.25,1.0,5.0,-0.1,2,67,67,0.5074626865671642,0.39880952380952384,0.5405405405405406,0.4666666666666667,0.5373134328358209,0.39880952380952384,0.5714285714285714,0.5,0.02985074626865669,0.0,0.030888030888030826,0.033333333333333326
bull_to_neutral,0.25,1.0,10.0,,2,65,67,0.5074626865671642,0.39880952380952384,0.5405405405405406,0.4666666666666667,0.5230769230769231,0.3869047619047619,0.5714285714285714,0.4666666666666667,0.015614236509758905,-0.011904761904761918,0.030888030888030826,0.0
bull_to_bear,0.25,1.0,10.0,,2,67,67,0.5074626865671642,0.39880952380952384,0.5405405405405406,0.4666666666666667,0.5373134328358209,0.39880952380952384,0.5714285714285714,0.5,0.02985074626865669,0.0,0.030888030888030826,0.033333333333333326
bull_to_neutral,0.25,1.0,10.0,0.0,2,65,67,0.5074626865671642,0.39880952380952384,0.5405405405405406,0.4666666666666667,0.5230769230769231,0.3869047619047619,0.5714285714285714,0.4666666666666667,0.015614236509758905,-0.011904761904761918,0.030888030888030826,0.0
bull_to_bear,0.25,1.0,10.0,0.0,2,67,67,0.5074626865671642,0.39880952380952384,0.5405405405405406,0.4666666666666667,0.5373134328358209,0.39880952380952384,0.5714285714285714,0.5,0.02985074626865669,0.0,0.030888030888030826,0.033333333333333326
bull_to_neutral,0.25,1.0,10.0,-0.05,2,65,67,0.5074626865671642,0.39880952380952384,0.5405405405405406,0.4666666666666667,0.5230769230769231,0.3869047619047619,0.5714285714285714,0.4666666666666667,0.015614236509758905,-0.011904761904761918,0.030888030888030826,0.0
bull_to_bear,0.25,1.0,10.0,-0.05,2,67,67,0.5074626865671642,0.39880952380952384,0.5405405405405406,0.4666666666666667,0.5373134328358209,0.39880952380952384,0.5714285714285714,0.5,0.02985074626865669,0.0,0.030888030888030826,0.033333333333333326
bull_to_neutral,0.25,1.0,10.0,-0.1,2,65,67,0.5074626865671642,0.39880952380952384,0.5405405405405406,0.4666666666666667,0.5230769230769231,0.3869047619047619,0.5714285714285714,0.4666666666666667,0.015614236509758905,-0.011904761904761918,0.030888030888030826,0.0
bull_to_bear,0.25,1.0,10.0,-0.1,2,67,67,0.5074626865671642,0.39880952380952384,0.5405405405405406,0.4666666666666667,0.5373134328358209,0.39880952380952384,0.5714285714285714,0.5,0.02985074626865669,0.0,0.030888030888030826,0.033333333333333326
bull_to_neutral,0.25,1.0,15.0,,2,65,67,0.5074626865671642,0.39880952380952384,0.5405405405405406,0.4666666666666667,0.5230769230769231,0.3869047619047619,0.5714285714285714,0.4666666666666667,0.015614236509758905,-0.011904761904761918,0.030888030888030826,0.0
bull_to_bear,0.25,1.0,15.0,,2,67,67,0.5074626865671642,0.39880952380952384,0.5405405405405406,0.4666666666666667,0.5373134328358209,0.39880952380952384,0.5714285714285714,0.5,0.02985074626865669,0.0,0.030888030888030826,0.033333333333333326
bull_to_neutral,0.25,1.0,15.0,0.0,2,65,67,0.5074626865671642,0.39880952380952384,0.5405405405405406,0.4666666666666667,0.5230769230769231,0.3869047619047619,0.5714285714285714,0.4666666666666667,0.015614236509758905,-0.011904761904761918,0.030888030888030826,0.0
bull_to_bear,0.25,1.0,15.0,0.0,2,67,67,0.5074626865671642,0.39880952380952384,0.5405405405405406,0.4666666666666667,0.5373134328358209,0.39880952380952384,0.5714285714285714,0.5,0.02985074626865669,0.0,0.030888030888030826,0.033333333333333326
bull_to_neutral,0.25,1.0,15.0,-0.05,2,65,67,0.5074626865671642,0.39880952380952384,0.5405405405405406,0.4666666666666667,0.5230769230769231,0.3869047619047619,0.5714285714285714,0.4666666666666667,0.015614236509758905,-0.011904761904761918,0.030888030888030826,0.0
bull_to_bear,0.25,1.0,15.0,-0.05,2,67,67,0.5074626865671642,0.39880952380952384,0.5405405405405406,0.4666666666666667,0.5373134328358209,0.39880952380952384,0.5714285714285714,0.5,0.02985074626865669,0.0,0.030888030888030826,0.033333333333333326
bull_to_neutral,0.25,1.0,15.0,-0.1,2,65,67,0.5074626865671642,0.39880952380952384,0.5405405405405406,0.4666666666666667,0.5230769230769231,0.3869047619047619,0.5714285714285714,0.4666666666666667,0.015614236509758905,-0.011904761904761918,0.030888030888030826,0.0
bull_to_bear,0.25,1.0,15.0,-0.1,2,67,67,0.5074626865671642,0.39880952380952384,0.5405405405405406,0.4666666666666667,0.5373134328358209,0.39880952380952384,0.5714285714285714,0.5,0.02985074626865669,0.0,0.030888030888030826,0.033333333333333326
bull_to_neutral,0.25,0.99,,,0,67,67,0.5074626865671642,0.39880952380952384,0.5405405405405406,0.4666666666666667,0.5074626865671642,0.39880952380952384,0.5405405405405406,0.4666666666666667,0.0,0.0,0.0,0.0
bull_to_bear,0.25,0.99,,,0,67,67,0.5074626865671642,0.39880952380952384,0.5405405405405406,0.4666666666666667,0.5074626865671642,0.39880952380952384,0.5405405405405406,0.4666666666666667,0.0,0.0,0.0,0.0
bull_to_neutral,0.25,0.99,,0.0,0,67,67,0.5074626865671642,0.39880952380952384,0.5405405405405406,0.4666666666666667,0.5074626865671642,0.39880952380952384,0.5405405405405406,0.4666666666666667,0.0,0.0,0.0,0.0
bull_to_bear,0.25,0.99,,0.0,0,67,67,0.5074626865671642,0.39880952380952384,0.5405405405405406,0.4666666666666667,0.5074626865671642,0.39880952380952384,0.5405405405405406,0.4666666666666667,0.0,0.0,0.0,0.0
bull_to_neutral,0.25,0.99,,-0.05,0,67,67,0.5074626865671642,0.39880952380952384,0.5405405405405406,0.4666666666666667,0.5074626865671642,0.39880952380952384,0.5405405405405406,0.4666666666666667,0.0,0.0,0.0,0.0
bull_to_bear,0.25,0.99,,-0.05,0,67,67,0.5074626865671642,0.39880952380952384,0.5405405405405406,0.4666666666666667,0.5074626865671642,0.39880952380952384,0.5405405405405406,0.4666666666666667,0.0,0.0,0.0,0.0
bull_to_neutral,0.25,0.99,,-0.1,0,67,67,0.5074626865671642,0.39880952380952384,0.5405405405405406,0.4666666666666667,0.5074626865671642,0.39880952380952384,0.5405405405405406,0.4666666666666667,0.0,0.0,0.0,0.0
bull_to_bear,0.25,0.99,,-0.1,0,67,67,0.5074626865671642,0.39880952380952384,0.5405405405405406,0.4666666666666667,0.5074626865671642,0.39880952380952384,0.5405405405405406,0.4666666666666667,0.0,0.0,0.0,0.0
bull_to_neutral,0.25,0.99,0.0,,0,67,67,0.5074626865671642,0.39880952380952384,0.5405405405405406,0.4666666666666667,0.5074626865671642,0.39880952380952384,0.5405405405405406,0.4666666666666667,0.0,0.0,0.0,0.0
bull_to_bear,0.25,0.99,0.0,,0,67,67,0.5074626865671642,0.39880952380952384,0.5405405405405406,0.4666666666666667,0.5074626865671642,0.39880952380952384,0.5405405405405406,0.4666666666666667,0.0,0.0,0.0,0.0
bull_to_neutral,0.25,0.99,0.0,0.0,0,67,67,0.5074626865671642,0.39880952380952384,0.5405405405405406,0.4666666666666667,0.5074626865671642,0.39880952380952384,0.5405405405405406,0.4666666666666667,0.0,0.0,0.0,0.0
bull_to_bear,0.25,0.99,0.0,0.0,0,67,67,0.5074626865671642,0.39880952380952384,0.5405405405405406,0.4666666666666667,0.5074626865671642,0.39880952380952384,0.5405405405405406,0.4666666666666667,0.0,0.0,0.0,0.0
bull_to_neutral,0.25,0.99,0.0,-0.05,0,67,67,0.5074626865671642,0.39880952380952384,0.5405405405405406,0.4666666666666667,0.5074626865671642,0.39880952380952384,0.5405405405405406,0.4666666666666667,0.0,0.0,0.0,0.0
bull_to_bear,0.25,0.99,0.0,-0.05,0,67,67,0.5074626865671642,0.39880952380952384,0.5405405405405406,0.4666666666666667,0.5074626865671642,0.39880952380952384,0.5405405405405406,0.4666666666666667,0.0,0.0,0.0,0.0
bull_to_neutral,0.25,0.99,0.0,-0.1,0,67,67,0.5074626865671642,0.39880952380952384,0.5405405405405406,0.4666666666666667,0.5074626865671642,0.39880952380952384,0.5405405405405406,0.4666666666666667,0.0,0.0,0.0,0.0
bull_to_bear,0.25,0.99,0.0,-0.1,0,67,67,0.5074626865671642,0.39880952380952384,0.5405405405405406,0.4666666666666667,0.5074626865671642,0.39880952380952384,0.5405405405405406,0.4666666666666667,0.0,0.0,0.0,0.0
bull_to_neutral,0.25,0.99,5.0,,0,67,67,0.5074626865671642,0.39880952380952384,0.5405405405405406,0.4666666666666667,0.5074626865671642,0.39880952380952384,0.5405405405405406,0.4666666666666667,0.0,0.0,0.0,0.0
bull_to_bear,0.25,0.99,5.0,,0,67,67,0.5074626865671642,0.39880952380952384,0.5405405405405406,0.4666666666666667,0.5074626865671642,0.39880952380952384,0.5405405405405406,0.4666666666666667,0.0,0.0,0.0,0.0
bull_to_neutral,0.25,0.99,5.0,0.0,0,67,67,0.5074626865671642,0.39880952380952384,0.5405405405405406,0.4666666666666667,0.5074626865671642,0.39880952380952384,0.5405405405405406,0.4666666666666667,0.0,0.0,0.0,0.0
bull_to_bear,0.25,0.99,5.0,0.0,0,67,67,0.5074626865671642,0.39880952380952384,0.5405405405405406,0.4666666666666667,0.5074626865671642,0.39880952380952384,0.5405405405405406,0.4666666666666667,0.0,0.0,0.0,0.0
bull_to_neutral,0.25,0.99,5.0,-0.05,0,67,67,0.5074626865671642,0.39880952380952384,0.5405405405405406,0.4666666666666667,0.5074626865671642,0.39880952380952384,0.5405405405405406,0.4666666666666667,0.0,0.0,0.0,0.0
bull_to_bear,0.25,0.99,5.0,-0.05,0,67,67,0.5074626865671642,0.39880952380952384,0.5405405405405406,0.4666666666666667,0.5074626865671642,0.39880952380952384,0.5405405405405406,0.4666666666666667,0.0,0.0,0.0,0.0
bull_to_neutral,0.25,0.99,5.0,-0.1,0,67,67,0.5074626865671642,0.39880952380952384,0.5405405405405406,0.4666666666666667,0.5074626865671642,0.39880952380952384,0.5405405405405406,0.4666666666666667,0.0,0.0,0.0,0.0
bull_to_bear,0.25,0.99,5.0,-0.1,0,67,67,0.5074626865671642,0.39880952380952384,0.5405405405405406,0.4666666666666667,0.5074626865671642,0.39880952380952384,0.5405405405405406,0.4666666666666667,0.0,0.0,0.0,0.0
bull_to_neutral,0.25,0.99,10.0,,0,67,67,0.5074626865671642,0.39880952380952384,0.5405405405405406,0.4666666666666667,0.5074626865671642,0.39880952380952384,0.5405405405405406,0.4666666666666667,0.0,0.0,0.0,0.0
bull_to_bear,0.25,0.99,10.0,,0,67,67,0.5074626865671642,0.39880952380952384,0.5405405405405406,0.4666666666666667,0.5074626865671642,0.39880952380952384,0.5405405405405406,0.4666666666666667,0.0,0.0,0.0,0.0
bull_to_neutral,0.25,0.99,10.0,0.0,0,67,67,0.5074626865671642,0.39880952380952384,0.5405405405405406,0.4666666666666667,0.5074626865671642,0.39880952380952384,0.5405405405405406,0.4666666666666667,0.0,0.0,0.0,0.0
bull_to_bear,0.25,0.99,10.0,0.0,0,67,67,0.5074626865671642,0.39880952380952384,0.5405405405405406,0.4666666666666667,0.5074626865671642,0.39880952380952384,0.5405405405405406,0.4666666666666667,0.0,0.0,0.0,0.0
bull_to_neutral,0.25,0.99,10.0,-0.05,0,67,67,0.5074626865671642,0.39880952380952384,0.5405405405405406,0.4666666666666667,0.5074626865671642,0.39880952380952384,0.5405405405405406,0.4666666666666667,0.0,0.0,0.0,0.0
bull_to_bear,0.25,0.99,10.0,-0.05,0,67,67,0.5074626865671642,0.39880952380952384,0.5405405405405406,0.4666666666666667,0.5074626865671642,0.39880952380952384,0.5405405405405406,0.4666666666666667,0.0,0.0,0.0,0.0
bull_to_neutral,0.25,0.99,10.0,-0.1,0,67,67,0.5074626865671642,0.39880952380952384,0.5405405405405406,0.4666666666666667,0.5074626865671642,0.39880952380952384,0.5405405405405406,0.4666666666666667,0.0,0.0,0.0,0.0
bull_to_bear,0.25,0.99,10.0,-0.1,0,67,67,0.5074626865671642,0.39880952380952384,0.5405405405405406,0.4666666666666667,0.5074626865671642,0.39880952380952384,0.5405405405405406,0.4666666666666667,0.0,0.0,0.0,0.0
bull_to_neutral,0.25,0.99,15.0,,0,67,67,0.5074626865671642,0.39880952380952384,0.5405405405405406,0.4666666666666667,0.5074626865671642,0.39880952380952384,0.5405405405405406,0.4666666666666667,0.0,0.0,0.0,0.0
bull_to_bear,0.25,0.99,15.0,,0,67,67,0.5074626865671642,0.39880952380952384,0.5405405405405406,0.4666666666666667,0.5074626865671642,0.39880952380952384,0.5405405405405406,0.4666666666666667,0.0,0.0,0.0,0.0
bull_to_neutral,0.25,0.99,15.0,0.0,0,67,67,0.5074626865671642,0.39880952380952384,0.5405405405405406,0.4666666666666667,0.5074626865671642,0.39880952380952384,0.5405405405405406,0.4666666666666667,0.0,0.0,0.0,0.0
bull_to_bear,0.25,0.99,15.0,0.0,0,67,67,0.5074626865671642,0.39880952380952384,0.5405405405405406,0.4666666666666667,0.5074626865671642,0.39880952380952384,0.5405405405405406,0.4666666666666667,0.0,0.0,0.0,0.0
bull_to_neutral,0.25,0.99,15.0,-0.05,0,67,67,0.5074626865671642,0.39880952380952384,0.5405405405405406,0.4666666666666667,0.5074626865671642,0.39880952380952384,0.5405405405405406,0.4666666666666667,0.0,0.0,0.0,0.0
bull_to_bear,0.25,0.99,15.0,-0.05,0,67,67,0.5074626865671642,0.39880952380952384,0.5405405405405406,0.4666666666666667,0.5074626865671642,0.39880952380952384,0.5405405405405406,0.4666666666666667,0.0,0.0,0.0,0.0
bull_to_neutral,0.25,0.99,15.0,-0.1,0,67,67,0.5074626865671642,0.39880952380952384,0.5405405405405406,0.4666666666666667,0.5074626865671642,0.39880952380952384,0.5405405405405406,0.4666666666666667,0.0,0.0,0.0,0.0
bull_to_bear,0.25,0.99,15.0,-0.1,0,67,67,0.5074626865671642,0.39880952380952384,0.5405405405405406,0.4666666666666667,0.5074626865671642,0.39880952380952384,0.5405405405405406,0.4666666666666667,0.0,0.0,0.0,0.0
bull_to_neutral,0.25,0.98,,,0,67,67,0.5074626865671642,0.39880952380952384,0.5405405405405406,0.4666666666666667,0.5074626865671642,0.39880952380952384,0.5405405405405406,0.4666666666666667,0.0,0.0,0.0,0.0
bull_to_bear,0.25,0.98,,,0,67,67,0.5074626865671642,0.39880952380952384,0.5405405405405406,0.4666666666666667,0.5074626865671642,0.39880952380952384,0.5405405405405406,0.4666666666666667,0.0,0.0,0.0,0.0
bull_to_neutral,0.25,0.98,,0.0,0,67,67,0.5074626865671642,0.39880952380952384,0.5405405405405406,0.4666666666666667,0.5074626865671642,0.39880952380952384,0.5405405405405406,0.4666666666666667,0.0,0.0,0.0,0.0
bull_to_bear,0.25,0.98,,0.0,0,67,67,0.5074626865671642,0.39880952380952384,0.5405405405405406,0.4666666666666667,0.5074626865671642,0.39880952380952384,0.5405405405405406,0.4666666666666667,0.0,0.0,0.0,0.0
bull_to_neutral,0.25,0.98,,-0.05,0,67,67,0.5074626865671642,0.39880952380952384,0.5405405405405406,0.4666666666666667,0.5074626865671642,0.39880952380952384,0.5405405405405406,0.4666666666666667,0.0,0.0,0.0,0.0
bull_to_bear,0.25,0.98,,-0.05,0,67,67,0.5074626865671642,0.39880952380952384,0.5405405405405406,0.4666666666666667,0.5074626865671642,0.39880952380952384,0.5405405405405406,0.4666666666666667,0.0,0.0,0.0,0.0
bull_to_neutral,0.25,0.98,,-0.1,0,67,67,0.5074626865671642,0.39880952380952384,0.5405405405405406,0.4666666666666667,0.5074626865671642,0.39880952380952384,0.5405405405405406,0.4666666666666667,0.0,0.0,0.0,0.0
bull_to_bear,0.25,0.98,,-0.1,0,67,67,0.5074626865671642,0.39880952380952384,0.5405405405405406,0.4666666666666667,0.5074626865671642,0.39880952380952384,0.5405405405405406,0.4666666666666667,0.0,0.0,0.0,0.0
bull_to_neutral,0.25,0.98,0.0,,0,67,67,0.5074626865671642,0.39880952380952384,0.5405405405405406,0.4666666666666667,0.5074626865671642,0.39880952380952384,0.5405405405405406,0.4666666666666667,0.0,0.0,0.0,0.0
bull_to_bear,0.25,0.98,0.0,,0,67,67,0.5074626865671642,0.39880952380952384,0.5405405405405406,0.4666666666666667,0.5074626865671642,0.39880952380952384,0.5405405405405406,0.4666666666666667,0.0,0.0,0.0,0.0
bull_to_neutral,0.25,0.98,0.0,0.0,0,67,67,0.5074626865671642,0.39880952380952384,0.5405405405405406,0.4666666666666667,0.5074626865671642,0.39880952380952384,0.5405405405405406,0.4666666666666667,0.0,0.0,0.0,0.0
bull_to_bear,0.25,0.98,0.0,0.0,0,67,67,0.5074626865671642,0.39880952380952384,0.5405405405405406,0.4666666666666667,0.5074626865671642,0.39880952380952384,0.5405405405405406,0.4666666666666667,0.0,0.0,0.0,0.0
bull_to_neutral,0.25,0.98,0.0,-0.05,0,67,67,0.5074626865671642,0.39880952380952384,0.5405405405405406,0.4666666666666667,0.5074626865671642,0.39880952380952384,0.5405405405405406,0.4666666666666667,0.0,0.0,0.0,0.0
bull_to_bear,0.25,0.98,0.0,-0.05,0,67,67,0.5074626865671642,0.39880952380952384,0.5405405405405406,0.4666666666666667,0.5074626865671642,0.39880952380952384,0.5405405405405406,0.4666666666666667,0.0,0.0,0.0,0.0
bull_to_neutral,0.25,0.98,0.0,-0.1,0,67,67,0.5074626865671642,0.39880952380952384,0.5405405405405406,0.4666666666666667,0.5074626865671642,0.39880952380952384,0.5405405405405406,0.4666666666666667,0.0,0.0,0.0,0.0
bull_to_bear,0.25,0.98,0.0,-0.1,0,67,67,0.5074626865671642,0.39880952380952384,0.5405405405405406,0.4666666666666667,0.5074626865671642,0.39880952380952384,0.5405405405405406,0.4666666666666667,0.0,0.0,0.0,0.0
bull_to_neutral,0.25,0.98,5.0,,0,67,67,0.5074626865671642,0.39880952380952384,0.5405405405405406,0.4666666666666667,0.5074626865671642,0.39880952380952384,0.5405405405405406,0.4666666666666667,0.0,0.0,0.0,0.0
bull_to_bear,0.25,0.98,5.0,,0,67,67,0.5074626865671642,0.39880952380952384,0.5405405405405406,0.4666666666666667,0.5074626865671642,0.39880952380952384,0.5405405405405406,0.4666666666666667,0.0,0.0,0.0,0.0
bull_to_neutral,0.25,0.98,5.0,0.0,0,67,67,0.5074626865671642,0.39880952380952384,0.5405405405405406,0.4666666666666667,0.5074626865671642,0.39880952380952384,0.5405405405405406,0.4666666666666667,0.0,0.0,0.0,0.0
bull_to_bear,0.25,0.98,5.0,0.0,0,67,67,0.5074626865671642,0.39880952380952384,0.5405405405405406,0.4666666666666667,0.5074626865671642,0.39880952380952384,0.5405405405405406,0.4666666666666667,0.0,0.0,0.0,0.0
bull_to_neutral,0.25,0.98,5.0,-0.05,0,67,67,0.5074626865671642,0.39880952380952384,0.5405405405405406,0.4666666666666667,0.5074626865671642,0.39880952380952384,0.5405405405405406,0.4666666666666667,0.0,0.0,0.0,0.0
bull_to_bear,0.25,0.98,5.0,-0.05,0,67,67,0.5074626865671642,0.39880952380952384,0.5405405405405406,0.4666666666666667,0.5074626865671642,0.39880952380952384,0.5405405405405406,0.4666666666666667,0.0,0.0,0.0,0.0
bull_to_neutral,0.25,0.98,5.0,-0.1,0,67,67,0.5074626865671642,0.39880952380952384,0.5405405405405406,0.4666666666666667,0.5074626865671642,0.39880952380952384,0.5405405405405406,0.4666666666666667,0.0,0.0,0.0,0.0
bull_to_bear,0.25,0.98,5.0,-0.1,0,67,67,0.5074626865671642,0.39880952380952384,0.5405405405405406,0.4666666666666667,0.5074626865671642,0.39880952380952384,0.5405405405405406,0.4666666666666667,0.0,0.0,0.0,0.0
bull_to_neutral,0.25,0.98,10.0,,0,67,67,0.5074626865671642,0.39880952380952384,0.5405405405405406,0.4666666666666667,0.5074626865671642,0.39880952380952384,0.5405405405405406,0.4666666666666667,0.0,0.0,0.0,0.0
bull_to_bear,0.25,0.98,10.0,,0,67,67,0.5074626865671642,0.39880952380952384,0.5405405405405406,0.4666666666666667,0.5074626865671642,0.39880952380952384,0.5405405405405406,0.4666666666666667,0.0,0.0,0.0,0.0
bull_to_neutral,0.25,0.98,10.0,0.0,0,67,67,0.5074626865671642,0.39880952380952384,0.5405405405405406,0.4666666666666667,0.5074626865671642,0.39880952380952384,0.5405405405405406,0.4666666666666667,0.0,0.0,0.0,0.0
bull_to_bear,0.25,0.98,10.0,0.0,0,67,67,0.5074626865671642,0.39880952380952384,0.5405405405405406,0.4666666666666667,0.5074626865671642,0.39880952380952384,0.5405405405405406,0.4666666666666667,0.0,0.0,0.0,0.0
bull_to_neutral,0.25,0.98,10.0,-0.05,0,67,67,0.5074626865671642,0.39880952380952384,0.5405405405405406,0.4666666666666667,0.5074626865671642,0.39880952380952384,0.5405405405405406,0.4666666666666667,0.0,0.0,0.0,0.0
bull_to_bear,0.25,0.98,10.0,-0.05,0,67,67,0.5074626865671642,0.39880952380952384,0.5405405405405406,0.4666666666666667,0.5074626865671642,0.39880952380952384,0.5405405405405406,0.4666666666666667,0.0,0.0,0.0,0.0
bull_to_neutral,0.25,0.98,10.0,-0.1,0,67,67,0.5074626865671642,0.39880952380952384,0.5405405405405406,0.4666666666666667,0.5074626865671642,0.39880952380952384,0.5405405405405406,0.4666666666666667,0.0,0.0,0.0,0.0
bull_to_bear,0.25,0.98,10.0,-0.1,0,67,67,0.5074626865671642,0.39880952380952384,0.5405405405405406,0.4666666666666667,0.5074626865671642,0.39880952380952384,0.5405405405405406,0.4666666666666667,0.0,0.0,0.0,0.0
bull_to_neutral,0.25,0.98,15.0,,0,67,67,0.5074626865671642,0.39880952380952384,0.5405405405405406,0.4666666666666667,0.5074626865671642,0.39880952380952384,0.5405405405405406,0.4666666666666667,0.0,0.0,0.0,0.0
bull_to_bear,0.25,0.98,15.0,,0,67,67,0.5074626865671642,0.39880952380952384,0.5405405405405406,0.4666666666666667,0.5074626865671642,0.39880952380952384,0.5405405405405406,0.4666666666666667,0.0,0.0,0.0,0.0
bull_to_neutral,0.25,0.98,15.0,0.0,0,67,67,0.5074626865671642,0.39880952380952384,0.5405405405405406,0.4666666666666667,0.5074626865671642,0.39880952380952384,0.5405405405405406,0.4666666666666667,0.0,0.0,0.0,0.0
bull_to_bear,0.25,0.98,15.0,0.0,0,67,67,0.5074626865671642,0.39880952380952384,0.5405405405405406,0.4666666666666667,0.5074626865671642,0.39880952380952384,0.5405405405405406,0.4666666666666667,0.0,0.0,0.0,0.0
bull_to_neutral,0.25,0.98,15.0,-0.05,0,67,67,0.5074626865671642,0.39880952380952384,0.5405405405405406,0.4666666666666667,0.5074626865671642,0.39880952380952384,0.5405405405405406,0.4666666666666667,0.0,0.0,0.0,0.0
bull_to_bear,0.25,0.98,15.0,-0.05,0,67,67,0.5074626865671642,0.39880952380952384,0.5405405405405406,0.4666666666666667,0.5074626865671642,0.39880952380952384,0.5405405405405406,0.4666666666666667,0.0,0.0,0.0,0.0
bull_to_neutral,0.25,0.98,15.0,-0.1,0,67,67,0.5074626865671642,0.39880952380952384,0.5405405405405406,0.4666666666666667,0.5074626865671642,0.39880952380952384,0.5405405405405406,0.4666666666666667,0.0,0.0,0.0,0.0
bull_to_bear,0.25,0.98,15.0,-0.1,0,67,67,0.5074626865671642,0.39880952380952384,0.5405405405405406,0.4666666666666667,0.5074626865671642,0.39880952380952384,0.5405405405405406,0.4666666666666667,0.0,0.0,0.0,0.0
bull_to_neutral,0.25,0.97,,,0,67,67,0.5074626865671642,0.39880952380952384,0.5405405405405406,0.4666666666666667,0.5074626865671642,0.39880952380952384,0.5405405405405406,0.4666666666666667,0.0,0.0,0.0,0.0
bull_to_bear,0.25,0.97,,,0,67,67,0.5074626865671642,0.39880952380952384,0.5405405405405406,0.4666666666666667,0.5074626865671642,0.39880952380952384,0.5405405405405406,0.4666666666666667,0.0,0.0,0.0,0.0
bull_to_neutral,0.25,0.97,,0.0,0,67,67,0.5074626865671642,0.39880952380952384,0.5405405405405406,0.4666666666666667,0.5074626865671642,0.39880952380952384,0.5405405405405406,0.4666666666666667,0.0,0.0,0.0,0.0
bull_to_bear,0.25,0.97,,0.0,0,67,67,0.5074626865671642,0.39880952380952384,0.5405405405405406,0.4666666666666667,0.5074626865671642,0.39880952380952384,0.5405405405405406,0.4666666666666667,0.0,0.0,0.0,0.0
bull_to_neutral,0.25,0.97,,-0.05,0,67,67,0.5074626865671642,0.39880952380952384,0.5405405405405406,0.4666666666666667,0.5074626865671642,0.39880952380952384,0.5405405405405406,0.4666666666666667,0.0,0.0,0.0,0.0
bull_to_bear,0.25,0.97,,-0.05,0,67,67,0.5074626865671642,0.39880952380952384,0.5405405405405406,0.4666666666666667,0.5074626865671642,0.39880952380952384,0.5405405405405406,0.4666666666666667,0.0,0.0,0.0,0.0
bull_to_neutral,0.25,0.97,,-0.1,0,67,67,0.5074626865671642,0.39880952380952384,0.5405405405405406,0.4666666666666667,0.5074626865671642,0.39880952380952384,0.5405405405405406,0.4666666666666667,0.0,0.0,0.0,0.0
bull_to_bear,0.25,0.97,,-0.1,0,67,67,0.5074626865671642,0.39880952380952384,0.5405405405405406,0.4666666666666667,0.5074626865671642,0.39880952380952384,0.5405405405405406,0.4666666666666667,0.0,0.0,0.0,0.0
bull_to_neutral,0.25,0.97,0.0,,0,67,67,0.5074626865671642,0.39880952380952384,0.5405405405405406,0.4666666666666667,0.5074626865671642,0.39880952380952384,0.5405405405405406,0.4666666666666667,0.0,0.0,0.0,0.0
bull_to_bear,0.25,0.97,0.0,,0,67,67,0.5074626865671642,0.39880952380952384,0.5405405405405406,0.4666666666666667,0.5074626865671642,0.39880952380952384,0.5405405405405406,0.4666666666666667,0.0,0.0,0.0,0.0
bull_to_neutral,0.25,0.97,0.0,0.0,0,67,67,0.5074626865671642,0.39880952380952384,0.5405405405405406,0.4666666666666667,0.5074626865671642,0.39880952380952384,0.5405405405405406,0.4666666666666667,0.0,0.0,0.0,0.0
bull_to_bear,0.25,0.97,0.0,0.0,0,67,67,0.5074626865671642,0.39880952380952384,0.5405405405405406,0.4666666666666667,0.5074626865671642,0.39880952380952384,0.5405405405405406,0.4666666666666667,0.0,0.0,0.0,0.0
bull_to_neutral,0.25,0.97,0.0,-0.05,0,67,67,0.5074626865671642,0.39880952380952384,0.5405405405405406,0.4666666666666667,0.5074626865671642,0.39880952380952384,0.5405405405405406,0.4666666666666667,0.0,0.0,0.0,0.0
bull_to_bear,0.25,0.97,0.0,-0.05,0,67,67,0.5074626865671642,0.39880952380952384,0.5405405405405406,0.4666666666666667,0.5074626865671642,0.39880952380952384,0.5405405405405406,0.4666666666666667,0.0,0.0,0.0,0.0
bull_to_neutral,0.25,0.97,0.0,-0.1,0,67,67,0.5074626865671642,0.39880952380952384,0.5405405405405406,0.4666666666666667,0.5074626865671642,0.39880952380952384,0.5405405405405406,0.4666666666666667,0.0,0.0,0.0,0.0
bull_to_bear,0.25,0.97,0.0,-0.1,0,67,67,0.5074626865671642,0.39880952380952384,0.5405405405405406,0.4666666666666667,0.5074626865671642,0.39880952380952384,0.5405405405405406,0.4666666666666667,0.0,0.0,0.0,0.0
bull_to_neutral,0.25,0.97,5.0,,0,67,67,0.5074626865671642,0.39880952380952384,0.5405405405405406,0.4666666666666667,0.5074626865671642,0.39880952380952384,0.5405405405405406,0.4666666666666667,0.0,0.0,0.0,0.0
bull_to_bear,0.25,0.97,5.0,,0,67,67,0.5074626865671642,0.39880952380952384,0.5405405405405406,0.4666666666666667,0.5074626865671642,0.39880952380952384,0.5405405405405406,0.4666666666666667,0.0,0.0,0.0,0.0
bull_to_neutral,0.25,0.97,5.0,0.0,0,67,67,0.5074626865671642,0.39880952380952384,0.5405405405405406,0.4666666666666667,0.5074626865671642,0.39880952380952384,0.5405405405405406,0.4666666666666667,0.0,0.0,0.0,0.0
bull_to_bear,0.25,0.97,5.0,0.0,0,67,67,0.5074626865671642,0.39880952380952384,0.5405405405405406,0.4666666666666667,0.5074626865671642,0.39880952380952384,0.5405405405405406,0.4666666666666667,0.0,0.0,0.0,0.0
bull_to_neutral,0.25,0.97,5.0,-0.05,0,67,67,0.5074626865671642,0.39880952380952384,0.5405405405405406,0.4666666666666667,0.5074626865671642,0.39880952380952384,0.5405405405405406,0.4666666666666667,0.0,0.0,0.0,0.0
bull_to_bear,0.25,0.97,5.0,-0.05,0,67,67,0.5074626865671642,0.39880952380952384,0.5405405405405406,0.4666666666666667,0.5074626865671642,0.39880952380952384,0.5405405405405406,0.4666666666666667,0.0,0.0,0.0,0.0
bull_to_neutral,0.25,0.97,5.0,-0.1,0,67,67,0.5074626865671642,0.39880952380952384,0.5405405405405406,0.4666666666666667,0.5074626865671642,0.39880952380952384,0.5405405405405406,0.4666666666666667,0.0,0.0,0.0,0.0
bull_to_bear,0.25,0.97,5.0,-0.1,0,67,67,0.5074626865671642,0.39880952380952384,0.5405405405405406,0.4666666666666667,0.5074626865671642,0.39880952380952384,0.5405405405405406,0.4666666666666667,0.0,0.0,0.0,0.0
bull_to_neutral,0.25,0.97,10.0,,0,67,67,0.5074626865671642,0.39880952380952384,0.5405405405405406,0.4666666666666667,0.5074626865671642,0.39880952380952384,0.5405405405405406,0.4666666666666667,0.0,0.0,0.0,0.0
bull_to_bear,0.25,0.97,10.0,,0,67,67,0.5074626865671642,0.39880952380952384,0.5405405405405406,0.4666666666666667,0.5074626865671642,0.39880952380952384,0.5405405405405406,0.4666666666666667,0.0,0.0,0.0,0.0
bull_to_neutral,0.25,0.97,10.0,0.0,0,67,67,0.5074626865671642,0.39880952380952384,0.5405405405405406,0.4666666666666667,0.5074626865671642,0.39880952380952384,0.5405405405405406,0.4666666666666667,0.0,0.0,0.0,0.0
bull_to_bear,0.25,0.97,10.0,0.0,0,67,67,0.5074626865671642,0.39880952380952384,0.5405405405405406,0.4666666666666667,0.5074626865671642,0.39880952380952384,0.5405405405405406,0.4666666666666667,0.0,0.0,0.0,0.0
bull_to_neutral,0.25,0.97,10.0,-0.05,0,67,67,0.5074626865671642,0.39880952380952384,0.5405405405405406,0.4666666666666667,0.5074626865671642,0.39880952380952384,0.5405405405405406,0.4666666666666667,0.0,0.0,0.0,0.0
bull_to_bear,0.25,0.97,10.0,-0.05,0,67,67,0.5074626865671642,0.39880952380952384,0.5405405405405406,0.4666666666666667,0.5074626865671642,0.39880952380952384,0.5405405405405406,0.4666666666666667,0.0,0.0,0.0,0.0
bull_to_neutral,0.25,0.97,10.0,-0.1,0,67,67,0.5074626865671642,0.39880952380952384,0.5405405405405406,0.4666666666666667,0.5074626865671642,0.39880952380952384,0.5405405405405406,0.4666666666666667,0.0,0.0,0.0,0.0
bull_to_bear,0.25,0.97,10.0,-0.1,0,67,67,0.5074626865671642,0.39880952380952384,0.5405405405405406,0.4666666666666667,0.5074626865671642,0.39880952380952384,0.5405405405405406,0.4666666666666667,0.0,0.0,0.0,0.0
bull_to_neutral,0.25,0.97,15.0,,0,67,67,0.5074626865671642,0.39880952380952384,0.5405405405405406,0.4666666666666667,0.5074626865671642,0.39880952380952384,0.5405405405405406,0.4666666666666667,0.0,0.0,0.0,0.0
bull_to_bear,0.25,0.97,15.0,,0,67,67,0.5074626865671642,0.39880952380952384,0.5405405405405406,0.4666666666666667,0.5074626865671642,0.39880952380952384,0.5405405405405406,0.4666666666666667,0.0,0.0,0.0,0.0
bull_to_neutral,0.25,0.97,15.0,0.0,0,67,67,0.5074626865671642,0.39880952380952384,0.5405405405405406,0.4666666666666667,0.5074626865671642,0.39880952380952384,0.5405405405405406,0.4666666666666667,0.0,0.0,0.0,0.0
bull_to_bear,0.25,0.97,15.0,0.0,0,67,67,0.5074626865671642,0.39880952380952384,0.5405405405405406,0.4666666666666667,0.5074626865671642,0.39880952380952384,0.5405405405405406,0.4666666666666667,0.0,0.0,0.0,0.0
bull_to_neutral,0.25,0.97,15.0,-0.05,0,67,67,0.5074626865671642,0.39880952380952384,0.5405405405405406,0.4666666666666667,0.5074626865671642,0.39880952380952384,0.5405405405405406,0.4666666666666667,0.0,0.0,0.0,0.0
bull_to_bear,0.25,0.97,15.0,-0.05,0,67,67,0.5074626865671642,0.39880952380952384,0.5405405405405406,0.4666666666666667,0.5074626865671642,0.39880952380952384,0.5405405405405406,0.4666666666666667,0.0,0.0,0.0,0.0
bull_to_neutral,0.25,0.97,15.0,-0.1,0,67,67,0.5074626865671642,0.39880952380952384,0.5405405405405406,0.4666666666666667,0.5074626865671642,0.39880952380952384,0.5405405405405406,0.4666666666666667,0.0,0.0,0.0,0.0
bull_to_bear,0.25,0.97,15.0,-0.1,0,67,67,0.5074626865671642,0.39880952380952384,0.5405405405405406,0.4666666666666667,0.5074626865671642,0.39880952380952384,0.5405405405405406,0.4666666666666667,0.0,0.0,0.0,0.0
bull_to_neutral,0.25,0.95,,,0,67,67,0.5074626865671642,0.39880952380952384,0.5405405405405406,0.4666666666666667,0.5074626865671642,0.39880952380952384,0.5405405405405406,0.4666666666666667,0.0,0.0,0.0,0.0
bull_to_bear,0.25,0.95,,,0,67,67,0.5074626865671642,0.39880952380952384,0.5405405405405406,0.4666666666666667,0.5074626865671642,0.39880952380952384,0.5405405405405406,0.4666666666666667,0.0,0.0,0.0,0.0
bull_to_neutral,0.25,0.95,,0.0,0,67,67,0.5074626865671642,0.39880952380952384,0.5405405405405406,0.4666666666666667,0.5074626865671642,0.39880952380952384,0.5405405405405406,0.4666666666666667,0.0,0.0,0.0,0.0
bull_to_bear,0.25,0.95,,0.0,0,67,67,0.5074626865671642,0.39880952380952384,0.5405405405405406,0.4666666666666667,0.5074626865671642,0.39880952380952384,0.5405405405405406,0.4666666666666667,0.0,0.0,0.0,0.0
bull_to_neutral,0.25,0.95,,-0.05,0,67,67,0.5074626865671642,0.39880952380952384,0.5405405405405406,0.4666666666666667,0.5074626865671642,0.39880952380952384,0.5405405405405406,0.4666666666666667,0.0,0.0,0.0,0.0
bull_to_bear,0.25,0.95,,-0.05,0,67,67,0.5074626865671642,0.39880952380952384,0.5405405405405406,0.4666666666666667,0.5074626865671642,0.39880952380952384,0.5405405405405406,0.4666666666666667,0.0,0.0,0.0,0.0
bull_to_neutral,0.25,0.95,,-0.1,0,67,67,0.5074626865671642,0.39880952380952384,0.5405405405405406,0.4666666666666667,0.5074626865671642,0.39880952380952384,0.5405405405405406,0.4666666666666667,0.0,0.0,0.0,0.0
bull_to_bear,0.25,0.95,,-0.1,0,67,67,0.5074626865671642,0.39880952380952384,0.5405405405405406,0.4666666666666667,0.5074626865671642,0.39880952380952384,0.5405405405405406,0.4666666666666667,0.0,0.0,0.0,0.0
bull_to_neutral,0.25,0.95,0.0,,0,67,67,0.5074626865671642,0.39880952380952384,0.5405405405405406,0.4666666666666667,0.5074626865671642,0.39880952380952384,0.5405405405405406,0.4666666666666667,0.0,0.0,0.0,0.0
bull_to_bear,0.25,0.95,0.0,,0,67,67,0.5074626865671642,0.39880952380952384,0.5405405405405406,0.4666666666666667,0.5074626865671642,0.39880952380952384,0.5405405405405406,0.4666666666666667,0.0,0.0,0.0,0.0
bull_to_neutral,0.25,0.95,0.0,0.0,0,67,67,0.5074626865671642,0.39880952380952384,0.5405405405405406,0.4666666666666667,0.5074626865671642,0.39880952380952384,0.5405405405405406,0.4666666666666667,0.0,0.0,0.0,0.0
bull_to_bear,0.25,0.95,0.0,0.0,0,67,67,0.5074626865671642,0.39880952380952384,0.5405405405405406,0.4666666666666667,0.5074626865671642,0.39880952380952384,0.5405405405405406,0.4666666666666667,0.0,0.0,0.0,0.0
bull_to_neutral,0.25,0.95,0.0,-0.05,0,67,67,0.5074626865671642,0.39880952380952384,0.5405405405405406,0.4666666666666667,0.5074626865671642,0.39880952380952384,0.5405405405405406,0.4666666666666667,0.0,0.0,0.0,0.0
bull_to_bear,0.25,0.95,0.0,-0.05,0,67,67,0.5074626865671642,0.39880952380952384,0.5405405405405406,0.4666666666666667,0.5074626865671642,0.39880952380952384,0.5405405405405406,0.4666666666666667,0.0,0.0,0.0,0.0
bull_to_neutral,0.25,0.95,0.0,-0.1,0,67,67,0.5074626865671642,0.39880952380952384,0.5405405405405406,0.4666666666666667,0.5074626865671642,0.39880952380952384,0.5405405405405406,0.4666666666666667,0.0,0.0,0.0,0.0
bull_to_bear,0.25,0.95,0.0,-0.1,0,67,67,0.5074626865671642,0.39880952380952384,0.5405405405405406,0.4666666666666667,0.5074626865671642,0.39880952380952384,0.5405405405405406,0.4666666666666667,0.0,0.0,0.0,0.0
bull_to_neutral,0.25,0.95,5.0,,0,67,67,0.5074626865671642,0.39880952380952384,0.5405405405405406,0.4666666666666667,0.5074626865671642,0.39880952380952384,0.5405405405405406,0.4666666666666667,0.0,0.0,0.0,0.0
bull_to_bear,0.25,0.95,5.0,,0,67,67,0.5074626865671642,0.39880952380952384,0.5405405405405406,0.4666666666666667,0.5074626865671642,0.39880952380952384,0.5405405405405406,0.4666666666666667,0.0,0.0,0.0,0.0
bull_to_neutral,0.25,0.95,5.0,0.0,0,67,67,0.5074626865671642,0.39880952380952384,0.5405405405405406,0.4666666666666667,0.5074626865671642,0.39880952380952384,0.5405405405405406,0.4666666666666667,0.0,0.0,0.0,0.0
bull_to_bear,0.25,0.95,5.0,0.0,0,67,67,0.5074626865671642,0.39880952380952384,0.5405405405405406,0.4666666666666667,0.5074626865671642,0.39880952380952384,0.5405405405405406,0.4666666666666667,0.0,0.0,0.0,0.0
bull_to_neutral,0.25,0.95,5.0,-0.05,0,67,67,0.5074626865671642,0.39880952380952384,0.5405405405405406,0.4666666666666667,0.5074626865671642,0.39880952380952384,0.5405405405405406,0.4666666666666667,0.0,0.0,0.0,0.0
bull_to_bear,0.25,0.95,5.0,-0.05,0,67,67,0.5074626865671642,0.39880952380952384,0.5405405405405406,0.4666666666666667,0.5074626865671642,0.39880952380952384,0.5405405405405406,0.4666666666666667,0.0,0.0,0.0,0.0
bull_to_neutral,0.25,0.95,5.0,-0.1,0,67,67,0.5074626865671642,0.39880952380952384,0.5405405405405406,0.4666666666666667,0.5074626865671642,0.39880952380952384,0.5405405405405406,0.4666666666666667,0.0,0.0,0.0,0.0
bull_to_bear,0.25,0.95,5.0,-0.1,0,67,67,0.5074626865671642,0.39880952380952384,0.5405405405405406,0.4666666666666667,0.5074626865671642,0.39880952380952384,0.5405405405405406,0.4666666666666667,0.0,0.0,0.0,0.0
bull_to_neutral,0.25,0.95,10.0,,0,67,67,0.5074626865671642,0.39880952380952384,0.5405405405405406,0.4666666666666667,0.5074626865671642,0.39880952380952384,0.5405405405405406,0.4666666666666667,0.0,0.0,0.0,0.0
bull_to_bear,0.25,0.95,10.0,,0,67,67,0.5074626865671642,0.39880952380952384,0.5405405405405406,0.4666666666666667,0.5074626865671642,0.39880952380952384,0.5405405405405406,0.4666666666666667,0.0,0.0,0.0,0.0
bull_to_neutral,0.25,0.95,10.0,0.0,0,67,67,0.5074626865671642,0.39880952380952384,0.5405405405405406,0.4666666666666667,0.5074626865671642,0.39880952380952384,0.5405405405405406,0.4666666666666667,0.0,0.0,0.0,0.0
bull_to_bear,0.25,0.95,10.0,0.0,0,67,67,0.5074626865671642,0.39880952380952384,0.5405405405405406,0.4666666666666667,0.5074626865671642,0.39880952380952384,0.5405405405405406,0.4666666666666667,0.0,0.0,0.0,0.0
bull_to_neutral,0.25,0.95,10.0,-0.05,0,67,67,0.5074626865671642,0.39880952380952384,0.5405405405405406,0.4666666666666667,0.5074626865671642,0.39880952380952384,0.5405405405405406,0.4666666666666667,0.0,0.0,0.0,0.0
bull_to_bear,0.25,0.95,10.0,-0.05,0,67,67,0.5074626865671642,0.39880952380952384,0.5405405405405406,0.4666666666666667,0.5074626865671642,0.39880952380952384,0.5405405405405406,0.4666666666666667,0.0,0.0,0.0,0.0
bull_to_neutral,0.25,0.95,10.0,-0.1,0,67,67,0.5074626865671642,0.39880952380952384,0.5405405405405406,0.4666666666666667,0.5074626865671642,0.39880952380952384,0.5405405405405406,0.4666666666666667,0.0,0.0,0.0,0.0
bull_to_bear,0.25,0.95,10.0,-0.1,0,67,67,0.5074626865671642,0.39880952380952384,0.5405405405405406,0.4666666666666667,0.5074626865671642,0.39880952380952384,0.5405405405405406,0.4666666666666667,0.0,0.0,0.0,0.0
bull_to_neutral,0.25,0.95,15.0,,0,67,67,0.5074626865671642,0.39880952380952384,0.5405405405405406,0.4666666666666667,0.5074626865671642,0.39880952380952384,0.5405405405405406,0.4666666666666667,0.0,0.0,0.0,0.0
bull_to_bear,0.25,0.95,15.0,,0,67,67,0.5074626865671642,0.39880952380952384,0.5405405405405406,0.4666666666666667,0.5074626865671642,0.39880952380952384,0.5405405405405406,0.4666666666666667,0.0,0.0,0.0,0.0
bull_to_neutral,0.25,0.95,15.0,0.0,0,67,67,0.5074626865671642,0.39880952380952384,0.5405405405405406,0.4666666666666667,0.5074626865671642,0.39880952380952384,0.5405405405405406,0.4666666666666667,0.0,0.0,0.0,0.0
bull_to_bear,0.25,0.95,15.0,0.0,0,67,67,0.5074626865671642,0.39880952380952384,0.5405405405405406,0.4666666666666667,0.5074626865671642,0.39880952380952384,0.5405405405405406,0.4666666666666667,0.0,0.0,0.0,0.0
bull_to_neutral,0.25,0.95,15.0,-0.05,0,67,67,0.5074626865671642,0.39880952380952384,0.5405405405405406,0.4666666666666667,0.5074626865671642,0.39880952380952384,0.5405405405405406,0.4666666666666667,0.0,0.0,0.0,0.0
bull_to_bear,0.25,0.95,15.0,-0.05,0,67,67,0.5074626865671642,0.39880952380952384,0.5405405405405406,0.4666666666666667,0.5074626865671642,0.39880952380952384,0.5405405405405406,0.4666666666666667,0.0,0.0,0.0,0.0
bull_to_neutral,0.25,0.95,15.0,-0.1,0,67,67,0.5074626865671642,0.39880952380952384,0.5405405405405406,0.4666666666666667,0.5074626865671642,0.39880952380952384,0.5405405405405406,0.4666666666666667,0.0,0.0,0.0,0.0
bull_to_bear,0.25,0.95,15.0,-0.1,0,67,67,0.5074626865671642,0.39880952380952384,0.5405405405405406,0.4666666666666667,0.5074626865671642,0.39880952380952384,0.5405405405405406,0.4666666666666667,0.0,0.0,0.0,0.0
bull_to_neutral,0.25,0.93,,,0,67,67,0.5074626865671642,0.39880952380952384,0.5405405405405406,0.4666666666666667,0.5074626865671642,0.39880952380952384,0.5405405405405406,0.4666666666666667,0.0,0.0,0.0,0.0
bull_to_bear,0.25,0.93,,,0,67,67,0.5074626865671642,0.39880952380952384,0.5405405405405406,0.4666666666666667,0.5074626865671642,0.39880952380952384,0.5405405405405406,0.4666666666666667,0.0,0.0,0.0,0.0
bull_to_neutral,0.25,0.93,,0.0,0,67,67,0.5074626865671642,0.39880952380952384,0.5405405405405406,0.4666666666666667,0.5074626865671642,0.39880952380952384,0.5405405405405406,0.4666666666666667,0.0,0.0,0.0,0.0
bull_to_bear,0.25,0.93,,0.0,0,67,67,0.5074626865671642,0.39880952380952384,0.5405405405405406,0.4666666666666667,0.5074626865671642,0.39880952380952384,0.5405405405405406,0.4666666666666667,0.0,0.0,0.0,0.0
bull_to_neutral,0.25,0.93,,-0.05,0,67,67,0.5074626865671642,0.39880952380952384,0.5405405405405406,0.4666666666666667,0.5074626865671642,0.39880952380952384,0.5405405405405406,0.4666666666666667,0.0,0.0,0.0,0.0
bull_to_bear,0.25,0.93,,-0.05,0,67,67,0.5074626865671642,0.39880952380952384,0.5405405405405406,0.4666666666666667,0.5074626865671642,0.39880952380952384,0.5405405405405406,0.4666666666666667,0.0,0.0,0.0,0.0
bull_to_neutral,0.25,0.93,,-0.1,0,67,67,0.5074626865671642,0.39880952380952384,0.5405405405405406,0.4666666666666667,0.5074626865671642,0.39880952380952384,0.5405405405405406,0.4666666666666667,0.0,0.0,0.0,0.0
bull_to_bear,0.25,0.93,,-0.1,0,67,67,0.5074626865671642,0.39880952380952384,0.5405405405405406,0.4666666666666667,0.5074626865671642,0.39880952380952384,0.5405405405405406,0.4666666666666667,0.0,0.0,0.0,0.0
bull_to_neutral,0.25,0.93,0.0,,0,67,67,0.5074626865671642,0.39880952380952384,0.5405405405405406,0.4666666666666667,0.5074626865671642,0.39880952380952384,0.5405405405405406,0.4666666666666667,0.0,0.0,0.0,0.0
bull_to_bear,0.25,0.93,0.0,,0,67,67,0.5074626865671642,0.39880952380952384,0.5405405405405406,0.4666666666666667,0.5074626865671642,0.39880952380952384,0.5405405405405406,0.4666666666666667,0.0,0.0,0.0,0.0
bull_to_neutral,0.25,0.93,0.0,0.0,0,67,67,0.5074626865671642,0.39880952380952384,0.5405405405405406,0.4666666666666667,0.5074626865671642,0.39880952380952384,0.5405405405405406,0.4666666666666667,0.0,0.0,0.0,0.0
bull_to_bear,0.25,0.93,0.0,0.0,0,67,67,0.5074626865671642,0.39880952380952384,0.5405405405405406,0.4666666666666667,0.5074626865671642,0.39880952380952384,0.5405405405405406,0.4666666666666667,0.0,0.0,0.0,0.0
bull_to_neutral,0.25,0.93,0.0,-0.05,0,67,67,0.5074626865671642,0.39880952380952384,0.5405405405405406,0.4666666666666667,0.5074626865671642,0.39880952380952384,0.5405405405405406,0.4666666666666667,0.0,0.0,0.0,0.0
bull_to_bear,0.25,0.93,0.0,-0.05,0,67,67,0.5074626865671642,0.39880952380952384,0.5405405405405406,0.4666666666666667,0.5074626865671642,0.39880952380952384,0.5405405405405406,0.4666666666666667,0.0,0.0,0.0,0.0
bull_to_neutral,0.25,0.93,0.0,-0.1,0,67,67,0.5074626865671642,0.39880952380952384,0.5405405405405406,0.4666666666666667,0.5074626865671642,0.39880952380952384,0.5405405405405406,0.4666666666666667,0.0,0.0,0.0,0.0
bull_to_bear,0.25,0.93,0.0,-0.1,0,67,67,0.5074626865671642,0.39880952380952384,0.5405405405405406,0.4666666666666667,0.5074626865671642,0.39880952380952384,0.5405405405405406,0.4666666666666667,0.0,0.0,0.0,0.0
bull_to_neutral,0.25,0.93,5.0,,0,67,67,0.5074626865671642,0.39880952380952384,0.5405405405405406,0.4666666666666667,0.5074626865671642,0.39880952380952384,0.5405405405405406,0.4666666666666667,0.0,0.0,0.0,0.0
bull_to_bear,0.25,0.93,5.0,,0,67,67,0.5074626865671642,0.39880952380952384,0.5405405405405406,0.4666666666666667,0.5074626865671642,0.39880952380952384,0.5405405405405406,0.4666666666666667,0.0,0.0,0.0,0.0
bull_to_neutral,0.25,0.93,5.0,0.0,0,67,67,0.5074626865671642,0.39880952380952384,0.5405405405405406,0.4666666666666667,0.5074626865671642,0.39880952380952384,0.5405405405405406,0.4666666666666667,0.0,0.0,0.0,0.0
bull_to_bear,0.25,0.93,5.0,0.0,0,67,67,0.5074626865671642,0.39880952380952384,0.5405405405405406,0.4666666666666667,0.5074626865671642,0.39880952380952384,0.5405405405405406,0.4666666666666667,0.0,0.0,0.0,0.0
bull_to_neutral,0.25,0.93,5.0,-0.05,0,67,67,0.5074626865671642,0.39880952380952384,0.5405405405405406,0.4666666666666667,0.5074626865671642,0.39880952380952384,0.5405405405405406,0.4666666666666667,0.0,0.0,0.0,0.0
bull_to_bear,0.25,0.93,5.0,-0.05,0,67,67,0.5074626865671642,0.39880952380952384,0.5405405405405406,0.4666666666666667,0.5074626865671642,0.39880952380952384,0.5405405405405406,0.4666666666666667,0.0,0.0,0.0,0.0
bull_to_neutral,0.25,0.93,5.0,-0.1,0,67,67,0.5074626865671642,0.39880952380952384,0.5405405405405406,0.4666666666666667,0.5074626865671642,0.39880952380952384,0.5405405405405406,0.4666666666666667,0.0,0.0,0.0,0.0
bull_to_bear,0.25,0.93,5.0,-0.1,0,67,67,0.5074626865671642,0.39880952380952384,0.5405405405405406,0.4666666666666667,0.5074626865671642,0.39880952380952384,0.5405405405405406,0.4666666666666667,0.0,0.0,0.0,0.0
bull_to_neutral,0.25,0.93,10.0,,0,67,67,0.5074626865671642,0.39880952380952384,0.5405405405405406,0.4666666666666667,0.5074626865671642,0.39880952380952384,0.5405405405405406,0.4666666666666667,0.0,0.0,0.0,0.0
bull_to_bear,0.25,0.93,10.0,,0,67,67,0.5074626865671642,0.39880952380952384,0.5405405405405406,0.4666666666666667,0.5074626865671642,0.39880952380952384,0.5405405405405406,0.4666666666666667,0.0,0.0,0.0,0.0
bull_to_neutral,0.25,0.93,10.0,0.0,0,67,67,0.5074626865671642,0.39880952380952384,0.5405405405405406,0.4666666666666667,0.5074626865671642,0.39880952380952384,0.5405405405405406,0.4666666666666667,0.0,0.0,0.0,0.0
bull_to_bear,0.25,0.93,10.0,0.0,0,67,67,0.5074626865671642,0.39880952380952384,0.5405405405405406,0.4666666666666667,0.5074626865671642,0.39880952380952384,0.5405405405405406,0.4666666666666667,0.0,0.0,0.0,0.0
bull_to_neutral,0.25,0.93,10.0,-0.05,0,67,67,0.5074626865671642,0.39880952380952384,0.5405405405405406,0.4666666666666667,0.5074626865671642,0.39880952380952384,0.5405405405405406,0.4666666666666667,0.0,0.0,0.0,0.0
bull_to_bear,0.25,0.93,10.0,-0.05,0,67,67,0.5074626865671642,0.39880952380952384,0.5405405405405406,0.4666666666666667,0.5074626865671642,0.39880952380952384,0.5405405405405406,0.4666666666666667,0.0,0.0,0.0,0.0
bull_to_neutral,0.25,0.93,10.0,-0.1,0,67,67,0.5074626865671642,0.39880952380952384,0.5405405405405406,0.4666666666666667,0.5074626865671642,0.39880952380952384,0.5405405405405406,0.4666666666666667,0.0,0.0,0.0,0.0
bull_to_bear,0.25,0.93,10.0,-0.1,0,67,67,0.5074626865671642,0.39880952380952384,0.5405405405405406,0.4666666666666667,0.5074626865671642,0.39880952380952384,0.5405405405405406,0.4666666666666667,0.0,0.0,0.0,0.0
bull_to_neutral,0.25,0.93,15.0,,0,67,67,0.5074626865671642,0.39880952380952384,0.5405405405405406,0.4666666666666667,0.5074626865671642,0.39880952380952384,0.5405405405405406,0.4666666666666667,0.0,0.0,0.0,0.0
bull_to_bear,0.25,0.93,15.0,,0,67,67,0.5074626865671642,0.39880952380952384,0.5405405405405406,0.4666666666666667,0.5074626865671642,0.39880952380952384,0.5405405405405406,0.4666666666666667,0.0,0.0,0.0,0.0
bull_to_neutral,0.25,0.93,15.0,0.0,0,67,67,0.5074626865671642,0.39880952380952384,0.5405405405405406,0.4666666666666667,0.5074626865671642,0.39880952380952384,0.5405405405405406,0.4666666666666667,0.0,0.0,0.0,0.0
bull_to_bear,0.25,0.93,15.0,0.0,0,67,67,0.5074626865671642,0.39880952380952384,0.5405405405405406,0.4666666666666667,0.5074626865671642,0.39880952380952384,0.5405405405405406,0.4666666666666667,0.0,0.0,0.0,0.0
bull_to_neutral,0.25,0.93,15.0,-0.05,0,67,67,0.5074626865671642,0.39880952380952384,0.5405405405405406,0.4666666666666667,0.5074626865671642,0.39880952380952384,0.5405405405405406,0.4666666666666667,0.0,0.0,0.0,0.0
bull_to_bear,0.25,0.93,15.0,-0.05,0,67,67,0.5074626865671642,0.39880952380952384,0.5405405405405406,0.4666666666666667,0.5074626865671642,0.39880952380952384,0.5405405405405406,0.4666666666666667,0.0,0.0,0.0,0.0
bull_to_neutral,0.25,0.93,15.0,-0.1,0,67,67,0.5074626865671642,0.39880952380952384,0.5405405405405406,0.4666666666666667,0.5074626865671642,0.39880952380952384,0.5405405405405406,0.4666666666666667,0.0,0.0,0.0,0.0
bull_to_bear,0.25,0.93,15.0,-0.1,0,67,67,0.5074626865671642,0.39880952380952384,0.5405405405405406,0.4666666666666667,0.5074626865671642,0.39880952380952384,0.5405405405405406,0.4666666666666667,0.0,0.0,0.0,0.0
bull_to_neutral,0.25,0.9,,,0,67,67,0.5074626865671642,0.39880952380952384,0.5405405405405406,0.4666666666666667,0.5074626865671642,0.39880952380952384,0.5405405405405406,0.4666666666666667,0.0,0.0,0.0,0.0
bull_to_bear,0.25,0.9,,,0,67,67,0.5074626865671642,0.39880952380952384,0.5405405405405406,0.4666666666666667,0.5074626865671642,0.39880952380952384,0.5405405405405406,0.4666666666666667,0.0,0.0,0.0,0.0
bull_to_neutral,0.25,0.9,,0.0,0,67,67,0.5074626865671642,0.39880952380952384,0.5405405405405406,0.4666666666666667,0.5074626865671642,0.39880952380952384,0.5405405405405406,0.4666666666666667,0.0,0.0,0.0,0.0
bull_to_bear,0.25,0.9,,0.0,0,67,67,0.5074626865671642,0.39880952380952384,0.5405405405405406,0.4666666666666667,0.5074626865671642,0.39880952380952384,0.5405405405405406,0.4666666666666667,0.0,0.0,0.0,0.0
bull_to_neutral,0.25,0.9,,-0.05,0,67,67,0.5074626865671642,0.39880952380952384,0.5405405405405406,0.4666666666666667,0.5074626865671642,0.39880952380952384,0.5405405405405406,0.4666666666666667,0.0,0.0,0.0,0.0
bull_to_bear,0.25,0.9,,-0.05,0,67,67,0.5074626865671642,0.39880952380952384,0.5405405405405406,0.4666666666666667,0.5074626865671642,0.39880952380952384,0.5405405405405406,0.4666666666666667,0.0,0.0,0.0,0.0
bull_to_neutral,0.25,0.9,,-0.1,0,67,67,0.5074626865671642,0.39880952380952384,0.5405405405405406,0.4666666666666667,0.5074626865671642,0.39880952380952384,0.5405405405405406,0.4666666666666667,0.0,0.0,0.0,0.0
bull_to_bear,0.25,0.9,,-0.1,0,67,67,0.5074626865671642,0.39880952380952384,0.5405405405405406,0.4666666666666667,0.5074626865671642,0.39880952380952384,0.5405405405405406,0.4666666666666667,0.0,0.0,0.0,0.0
bull_to_neutral,0.25,0.9,0.0,,0,67,67,0.5074626865671642,0.39880952380952384,0.5405405405405406,0.4666666666666667,0.5074626865671642,0.39880952380952384,0.5405405405405406,0.4666666666666667,0.0,0.0,0.0,0.0
bull_to_bear,0.25,0.9,0.0,,0,67,67,0.5074626865671642,0.39880952380952384,0.5405405405405406,0.4666666666666667,0.5074626865671642,0.39880952380952384,0.5405405405405406,0.4666666666666667,0.0,0.0,0.0,0.0
bull_to_neutral,0.25,0.9,0.0,0.0,0,67,67,0.5074626865671642,0.39880952380952384,0.5405405405405406,0.4666666666666667,0.5074626865671642,0.39880952380952384,0.5405405405405406,0.4666666666666667,0.0,0.0,0.0,0.0
bull_to_bear,0.25,0.9,0.0,0.0,0,67,67,0.5074626865671642,0.39880952380952384,0.5405405405405406,0.4666666666666667,0.5074626865671642,0.39880952380952384,0.5405405405405406,0.4666666666666667,0.0,0.0,0.0,0.0
bull_to_neutral,0.25,0.9,0.0,-0.05,0,67,67,0.5074626865671642,0.39880952380952384,0.5405405405405406,0.4666666666666667,0.5074626865671642,0.39880952380952384,0.5405405405405406,0.4666666666666667,0.0,0.0,0.0,0.0
bull_to_bear,0.25,0.9,0.0,-0.05,0,67,67,0.5074626865671642,0.39880952380952384,0.5405405405405406,0.4666666666666667,0.5074626865671642,0.39880952380952384,0.5405405405405406,0.4666666666666667,0.0,0.0,0.0,0.0
bull_to_neutral,0.25,0.9,0.0,-0.1,0,67,67,0.5074626865671642,0.39880952380952384,0.5405405405405406,0.4666666666666667,0.5074626865671642,0.39880952380952384,0.5405405405405406,0.4666666666666667,0.0,0.0,0.0,0.0
bull_to_bear,0.25,0.9,0.0,-0.1,0,67,67,0.5074626865671642,0.39880952380952384,0.5405405405405406,0.4666666666666667,0.5074626865671642,0.39880952380952384,0.5405405405405406,0.4666666666666667,0.0,0.0,0.0,0.0
bull_to_neutral,0.25,0.9,5.0,,0,67,67,0.5074626865671642,0.39880952380952384,0.5405405405405406,0.4666666666666667,0.5074626865671642,0.39880952380952384,0.5405405405405406,0.4666666666666667,0.0,0.0,0.0,0.0
bull_to_bear,0.25,0.9,5.0,,0,67,67,0.5074626865671642,0.39880952380952384,0.5405405405405406,0.4666666666666667,0.5074626865671642,0.39880952380952384,0.5405405405405406,0.4666666666666667,0.0,0.0,0.0,0.0
bull_to_neutral,0.25,0.9,5.0,0.0,0,67,67,0.5074626865671642,0.39880952380952384,0.5405405405405406,0.4666666666666667,0.5074626865671642,0.39880952380952384,0.5405405405405406,0.4666666666666667,0.0,0.0,0.0,0.0
bull_to_bear,0.25,0.9,5.0,0.0,0,67,67,0.5074626865671642,0.39880952380952384,0.5405405405405406,0.4666666666666667,0.5074626865671642,0.39880952380952384,0.5405405405405406,0.4666666666666667,0.0,0.0,0.0,0.0
bull_to_neutral,0.25,0.9,5.0,-0.05,0,67,67,0.5074626865671642,0.39880952380952384,0.5405405405405406,0.4666666666666667,0.5074626865671642,0.39880952380952384,0.5405405405405406,0.4666666666666667,0.0,0.0,0.0,0.0
bull_to_bear,0.25,0.9,5.0,-0.05,0,67,67,0.5074626865671642,0.39880952380952384,0.5405405405405406,0.4666666666666667,0.5074626865671642,0.39880952380952384,0.5405405405405406,0.4666666666666667,0.0,0.0,0.0,0.0
bull_to_neutral,0.25,0.9,5.0,-0.1,0,67,67,0.5074626865671642,0.39880952380952384,0.5405405405405406,0.4666666666666667,0.5074626865671642,0.39880952380952384,0.5405405405405406,0.4666666666666667,0.0,0.0,0.0,0.0
bull_to_bear,0.25,0.9,5.0,-0.1,0,67,67,0.5074626865671642,0.39880952380952384,0.5405405405405406,0.4666666666666667,0.5074626865671642,0.39880952380952384,0.5405405405405406,0.4666666666666667,0.0,0.0,0.0,0.0
bull_to_neutral,0.25,0.9,10.0,,0,67,67,0.5074626865671642,0.39880952380952384,0.5405405405405406,0.4666666666666667,0.5074626865671642,0.39880952380952384,0.5405405405405406,0.4666666666666667,0.0,0.0,0.0,0.0
bull_to_bear,0.25,0.9,10.0,,0,67,67,0.5074626865671642,0.39880952380952384,0.5405405405405406,0.4666666666666667,0.5074626865671642,0.39880952380952384,0.5405405405405406,0.4666666666666667,0.0,0.0,0.0,0.0
bull_to_neutral,0.25,0.9,10.0,0.0,0,67,67,0.5074626865671642,0.39880952380952384,0.5405405405405406,0.4666666666666667,0.5074626865671642,0.39880952380952384,0.5405405405405406,0.4666666666666667,0.0,0.0,0.0,0.0
bull_to_bear,0.25,0.9,10.0,0.0,0,67,67,0.5074626865671642,0.39880952380952384,0.5405405405405406,0.4666666666666667,0.5074626865671642,0.39880952380952384,0.5405405405405406,0.4666666666666667,0.0,0.0,0.0,0.0
bull_to_neutral,0.25,0.9,10.0,-0.05,0,67,67,0.5074626865671642,0.39880952380952384,0.5405405405405406,0.4666666666666667,0.5074626865671642,0.39880952380952384,0.5405405405405406,0.4666666666666667,0.0,0.0,0.0,0.0
bull_to_bear,0.25,0.9,10.0,-0.05,0,67,67,0.5074626865671642,0.39880952380952384,0.5405405405405406,0.4666666666666667,0.5074626865671642,0.39880952380952384,0.5405405405405406,0.4666666666666667,0.0,0.0,0.0,0.0
bull_to_neutral,0.25,0.9,10.0,-0.1,0,67,67,0.5074626865671642,0.39880952380952384,0.5405405405405406,0.4666666666666667,0.5074626865671642,0.39880952380952384,0.5405405405405406,0.4666666666666667,0.0,0.0,0.0,0.0
bull_to_bear,0.25,0.9,10.0,-0.1,0,67,67,0.5074626865671642,0.39880952380952384,0.5405405405405406,0.4666666666666667,0.5074626865671642,0.39880952380952384,0.5405405405405406,0.4666666666666667,0.0,0.0,0.0,0.0
bull_to_neutral,0.25,0.9,15.0,,0,67,67,0.5074626865671642,0.39880952380952384,0.5405405405405406,0.4666666666666667,0.5074626865671642,0.39880952380952384,0.5405405405405406,0.4666666666666667,0.0,0.0,0.0,0.0
bull_to_bear,0.25,0.9,15.0,,0,67,67,0.5074626865671642,0.39880952380952384,0.5405405405405406,0.4666666666666667,0.5074626865671642,0.39880952380952384,0.5405405405405406,0.4666666666666667,0.0,0.0,0.0,0.0
bull_to_neutral,0.25,0.9,15.0,0.0,0,67,67,0.5074626865671642,0.39880952380952384,0.5405405405405406,0.4666666666666667,0.5074626865671642,0.39880952380952384,0.5405405405405406,0.4666666666666667,0.0,0.0,0.0,0.0
bull_to_bear,0.25,0.9,15.0,0.0,0,67,67,0.5074626865671642,0.39880952380952384,0.5405405405405406,0.4666666666666667,0.5074626865671642,0.39880952380952384,0.5405405405405406,0.4666666666666667,0.0,0.0,0.0,0.0
bull_to_neutral,0.25,0.9,15.0,-0.05,0,67,67,0.5074626865671642,0.39880952380952384,0.5405405405405406,0.4666666666666667,0.5074626865671642,0.39880952380952384,0.5405405405405406,0.4666666666666667,0.0,0.0,0.0,0.0
bull_to_bear,0.25,0.9,15.0,-0.05,0,67,67,0.5074626865671642,0.39880952380952384,0.5405405405405406,0.4666666666666667,0.5074626865671642,0.39880952380952384,0.5405405405405406,0.4666666666666667,0.0,0.0,0.0,0.0
bull_to_neutral,0.25,0.9,15.0,-0.1,0,67,67,0.5074626865671642,0.39880952380952384,0.5405405405405406,0.4666666666666667,0.5074626865671642,0.39880952380952384,0.5405405405405406,0.4666666666666667,0.0,0.0,0.0,0.0
bull_to_bear,0.25,0.9,15.0,-0.1,0,67,67,0.5074626865671642,0.39880952380952384,0.5405405405405406,0.4666666666666667,0.5074626865671642,0.39880952380952384,0.5405405405405406,0.4666666666666667,0.0,0.0,0.0,0.0
