variant,flip_score_threshold,alignment_threshold,compression_velocity_min,ratio_threshold,changed_rows_count,new_directional_called,baseline_directional_called,baseline_directional_accuracy,baseline_directional_coverage,baseline_bull_precision,baseline_bear_precision,new_directional_accuracy,new_directional_coverage,new_bull_precision,new_bear_precision,delta_directional_accuracy,delta_directional_coverage,delta_bull_precision,delta_bear_precision
bull_to_neutral,0.12,1.0,,,14,67,81,0.5925925925925926,0.3894230769230769,0.6388888888888888,0.5555555555555556,0.5522388059701493,0.32211538461538464,0.5454545454545454,0.5555555555555556,-0.040353786622443266,-0.06730769230769229,-0.09343434343434343,0.0
bull_to_bear,0.12,1.0,,,14,81,81,0.5925925925925926,0.3894230769230769,0.6388888888888888,0.5555555555555556,0.49382716049382713,0.3894230769230769,0.5454545454545454,0.4745762711864407,-0.09876543209876543,0.0,-0.09343434343434343,-0.08097928436911489
bull_to_neutral,0.12,1.0,,0.0,12,69,81,0.5925925925925926,0.3894230769230769,0.6388888888888888,0.5555555555555556,0.5507246376811594,0.3317307692307692,0.5416666666666666,0.5555555555555556,-0.041867954911433136,-0.05769230769230771,-0.09722222222222221,0.0
bull_to_bear,0.12,1.0,,0.0,12,81,81,0.5925925925925926,0.3894230769230769,0.6388888888888888,0.5555555555555556,0.49382716049382713,0.3894230769230769,0.5416666666666666,0.47368421052631576,-0.09876543209876543,0.0,-0.09722222222222221,-0.08187134502923982
bull_to_neutral,0.12,1.0,,-0.05,12,69,81,0.5925925925925926,0.3894230769230769,0.6388888888888888,0.5555555555555556,0.5507246376811594,0.3317307692307692,0.5416666666666666,0.5555555555555556,-0.041867954911433136,-0.05769230769230771,-0.09722222222222221,0.0
bull_to_bear,0.12,1.0,,-0.05,12,81,81,0.5925925925925926,0.3894230769230769,0.6388888888888888,0.5555555555555556,0.49382716049382713,0.3894230769230769,0.5416666666666666,0.47368421052631576,-0.09876543209876543,0.0,-0.09722222222222221,-0.08187134502923982
bull_to_neutral,0.12,1.0,,-0.1,12,69,81,0.5925925925925926,0.3894230769230769,0.6388888888888888,0.5555555555555556,0.5507246376811594,0.3317307692307692,0.5416666666666666,0.5555555555555556,-0.041867954911433136,-0.05769230769230771,-0.09722222222222221,0.0
bull_to_bear,0.12,1.0,,-0.1,12,81,81,0.5925925925925926,0.3894230769230769,0.6388888888888888,0.5555555555555556,0.49382716049382713,0.3894230769230769,0.5416666666666666,0.47368421052631576,-0.09876543209876543,0.0,-0.09722222222222221,-0.08187134502923982
bull_to_neutral,0.12,1.0,0.0,,8,73,81,0.5925925925925926,0.3894230769230769,0.6388888888888888,0.5555555555555556,0.5753424657534246,0.35096153846153844,0.6071428571428571,0.5555555555555556,-0.017250126839167934,-0.03846153846153849,-0.031746031746031744,0.0
bull_to_bear,0.12,1.0,0.0,,8,81,81,0.5925925925925926,0.3894230769230769,0.6388888888888888,0.5555555555555556,0.5432098765432098,0.3894230769230769,0.6071428571428571,0.5094339622641509,-0.04938271604938271,0.0,-0.031746031746031744,-0.04612159329140464
bull_to_neutral,0.12,1.0,0.0,0.0,8,73,81,0.5925925925925926,0.3894230769230769,0.6388888888888888,0.5555555555555556,0.5753424657534246,0.35096153846153844,0.6071428571428571,0.5555555555555556,-0.017250126839167934,-0.03846153846153849,-0.031746031746031744,0.0
bull_to_bear,0.12,1.0,0.0,0.0,8,81,81,0.5925925925925926,0.3894230769230769,0.6388888888888888,0.5555555555555556,0.5432098765432098,0.3894230769230769,0.6071428571428571,0.5094339622641509,-0.04938271604938271,0.0,-0.031746031746031744,-0.04612159329140464
bull_to_neutral,0.12,1.0,0.0,-0.05,8,73,81,0.5925925925925926,0.3894230769230769,0.6388888888888888,0.5555555555555556,0.5753424657534246,0.35096153846153844,0.6071428571428571,0.5555555555555556,-0.017250126839167934,-0.03846153846153849,-0.031746031746031744,0.0
bull_to_bear,0.12,1.0,0.0,-0.05,8,81,81,0.5925925925925926,0.3894230769230769,0.6388888888888888,0.5555555555555556,0.5432098765432098,0.3894230769230769,0.6071428571428571,0.5094339622641509,-0.04938271604938271,0.0,-0.031746031746031744,-0.04612159329140464
bull_to_neutral,0.12,1.0,0.0,-0.1,8,73,81,0.5925925925925926,0.3894230769230769,0.6388888888888888,0.5555555555555556,0.5753424657534246,0.35096153846153844,0.6071428571428571,0.5555555555555556,-0.017250126839167934,-0.03846153846153849,-0.031746031746031744,0.0
bull_to_bear,0.12,1.0,0.0,-0.1,8,81,81,0.5925925925925926,0.3894230769230769,0.6388888888888888,0.5555555555555556,0.5432098765432098,0.3894230769230769,0.6071428571428571,0.5094339622641509,-0.04938271604938271,0.0,-0.031746031746031744,-0.04612159329140464
bull_to_neutral,0.12,1.0,5.0,,5,76,81,0.5925925925925926,0.3894230769230769,0.6388888888888888,0.5555555555555556,0.5789473684210527,0.36538461538461536,0.6129032258064516,0.5555555555555556,-0.013645224171539905,-0.024038461538461564,-0.025985663082437216,0.0
bull_to_bear,0.12,1.0,5.0,,5,81,81,0.5925925925925926,0.3894230769230769,0.6388888888888888,0.5555555555555556,0.5555555555555556,0.3894230769230769,0.6129032258064516,0.52,-0.03703703703703698,0.0,-0.025985663082437216,-0.03555555555555556
bull_to_neutral,0.12,1.0,5.0,0.0,5,76,81,0.5925925925925926,0.3894230769230769,0.6388888888888888,0.5555555555555556,0.5789473684210527,0.36538461538461536,0.6129032258064516,0.5555555555555556,-0.013645224171539905,-0.024038461538461564,-0.025985663082437216,0.0
bull_to_bear,0.12,1.0,5.0,0.0,5,81,81,0.5925925925925926,0.3894230769230769,0.6388888888888888,0.5555555555555556,0.5555555555555556,0.3894230769230769,0.6129032258064516,0.52,-0.03703703703703698,0.0,-0.025985663082437216,-0.03555555555555556
bull_to_neutral,0.12,1.0,5.0,-0.05,5,76,81,0.5925925925925926,0.3894230769230769,0.6388888888888888,0.5555555555555556,0.5789473684210527,0.36538461538461536,0.6129032258064516,0.5555555555555556,-0.013645224171539905,-0.024038461538461564,-0.025985663082437216,0.0
bull_to_bear,0.12,1.0,5.0,-0.05,5,81,81,0.5925925925925926,0.3894230769230769,0.6388888888888888,0.5555555555555556,0.5555555555555556,0.3894230769230769,0.6129032258064516,0.52,-0.03703703703703698,0.0,-0.025985663082437216,-0.03555555555555556
bull_to_neutral,0.12,1.0,5.0,-0.1,5,76,81,0.5925925925925926,0.3894230769230769,0.6388888888888888,0.5555555555555556,0.5789473684210527,0.36538461538461536,0.6129032258064516,0.5555555555555556,-0.013645224171539905,-0.024038461538461564,-0.025985663082437216,0.0
bull_to_bear,0.12,1.0,5.0,-0.1,5,81,81,0.5925925925925926,0.3894230769230769,0.6388888888888888,0.5555555555555556,0.5555555555555556,0.3894230769230769,0.6129032258064516,0.52,-0.03703703703703698,0.0,-0.025985663082437216,-0.03555555555555556
bull_to_neutral,0.12,1.0,10.0,,3,78,81,0.5925925925925926,0.3894230769230769,0.6388888888888888,0.5555555555555556,0.5897435897435898,0.375,0.6363636363636364,0.5555555555555556,-0.002849002849002802,-0.014423076923076927,-0.002525252525252486,0.0
bull_to_bear,0.12,1.0,10.0,,3,81,81,0.5925925925925926,0.3894230769230769,0.6388888888888888,0.5555555555555556,0.5802469135802469,0.3894230769230769,0.6363636363636364,0.5416666666666666,-0.012345679012345623,0.0,-0.002525252525252486,-0.01388888888888895
bull_to_neutral,0.12,1.0,10.0,0.0,3,78,81,0.5925925925925926,0.3894230769230769,0.6388888888888888,0.5555555555555556,0.5897435897435898,0.375,0.6363636363636364,0.5555555555555556,-0.002849002849002802,-0.014423076923076927,-0.002525252525252486,0.0
bull_to_bear,0.12,1.0,10.0,0.0,3,81,81,0.5925925925925926,0.3894230769230769,0.6388888888888888,0.5555555555555556,0.5802469135802469,0.3894230769230769,0.6363636363636364,0.5416666666666666,-0.012345679012345623,0.0,-0.002525252525252486,-0.01388888888888895
bull_to_neutral,0.12,1.0,10.0,-0.05,3,78,81,0.5925925925925926,0.3894230769230769,0.6388888888888888,0.5555555555555556,0.5897435897435898,0.375,0.6363636363636364,0.5555555555555556,-0.002849002849002802,-0.014423076923076927,-0.002525252525252486,0.0
bull_to_bear,0.12,1.0,10.0,-0.05,3,81,81,0.5925925925925926,0.3894230769230769,0.6388888888888888,0.5555555555555556,0.5802469135802469,0.3894230769230769,0.6363636363636364,0.5416666666666666,-0.012345679012345623,0.0,-0.002525252525252486,-0.01388888888888895
bull_to_neutral,0.12,1.0,10.0,-0.1,3,78,81,0.5925925925925926,0.3894230769230769,0.6388888888888888,0.5555555555555556,0.5897435897435898,0.375,0.6363636363636364,0.5555555555555556,-0.002849002849002802,-0.014423076923076927,-0.002525252525252486,0.0
bull_to_bear,0.12,1.0,10.0,-0.1,3,81,81,0.5925925925925926,0.3894230769230769,0.6388888888888888,0.5555555555555556,0.5802469135802469,0.3894230769230769,0.6363636363636364,0.5416666666666666,-0.012345679012345623,0.0,-0.002525252525252486,-0.01388888888888895
bull_to_neutral,0.12,1.0,15.0,,3,78,81,0.5925925925925926,0.3894230769230769,0.6388888888888888,0.5555555555555556,0.5897435897435898,0.375,0.6363636363636364,0.5555555555555556,-0.002849002849002802,-0.014423076923076927,-0.002525252525252486,0.0
bull_to_bear,0.12,1.0,15.0,,3,81,81,0.5925925925925926,0.3894230769230769,0.6388888888888888,0.5555555555555556,0.5802469135802469,0.3894230769230769,0.6363636363636364,0.5416666666666666,-0.012345679012345623,0.0,-0.002525252525252486,-0.01388888888888895
bull_to_neutral,0.12,1.0,15.0,0.0,3,78,81,0.5925925925925926,0.3894230769230769,0.6388888888888888,0.5555555555555556,0.5897435897435898,0.375,0.6363636363636364,0.5555555555555556,-0.002849002849002802,-0.014423076923076927,-0.002525252525252486,0.0
bull_to_bear,0.12,1.0,15.0,0.0,3,81,81,0.5925925925925926,0.3894230769230769,0.6388888888888888,0.5555555555555556,0.5802469135802469,0.3894230769230769,0.6363636363636364,0.5416666666666666,-0.012345679012345623,0.0,-0.002525252525252486,-0.01388888888888895
bull_to_neutral,0.12,1.0,15.0,-0.05,3,78,81,0.5925925925925926,0.3894230769230769,0.6388888888888888,0.5555555555555556,0.5897435897435898,0.375,0.6363636363636364,0.5555555555555556,-0.002849002849002802,-0.014423076923076927,-0.002525252525252486,0.0
bull_to_bear,0.12,1.0,15.0,-0.05,3,81,81,0.5925925925925926,0.3894230769230769,0.6388888888888888,0.5555555555555556,0.5802469135802469,0.3894230769230769,0.6363636363636364,0.5416666666666666,-0.012345679012345623,0.0,-0.002525252525252486,-0.01388888888888895
bull_to_neutral,0.12,1.0,15.0,-0.1,3,78,81,0.5925925925925926,0.3894230769230769,0.6388888888888888,0.5555555555555556,0.5897435897435898,0.375,0.6363636363636364,0.5555555555555556,-0.002849002849002802,-0.014423076923076927,-0.002525252525252486,0.0
bull_to_bear,0.12,1.0,15.0,-0.1,3,81,81,0.5925925925925926,0.3894230769230769,0.6388888888888888,0.5555555555555556,0.5802469135802469,0.3894230769230769,0.6363636363636364,0.5416666666666666,-0.012345679012345623,0.0,-0.002525252525252486,-0.01388888888888895
bull_to_neutral,0.12,0.99,,,0,81,81,0.5925925925925926,0.3894230769230769,0.6388888888888888,0.5555555555555556,0.5925925925925926,0.3894230769230769,0.6388888888888888,0.5555555555555556,0.0,0.0,0.0,0.0
bull_to_bear,0.12,0.99,,,0,81,81,0.5925925925925926,0.3894230769230769,0.6388888888888888,0.5555555555555556,0.5925925925925926,0.3894230769230769,0.6388888888888888,0.5555555555555556,0.0,0.0,0.0,0.0
bull_to_neutral,0.12,0.99,,0.0,0,81,81,0.5925925925925926,0.3894230769230769,0.6388888888888888,0.5555555555555556,0.5925925925925926,0.3894230769230769,0.6388888888888888,0.5555555555555556,0.0,0.0,0.0,0.0
bull_to_bear,0.12,0.99,,0.0,0,81,81,0.5925925925925926,0.3894230769230769,0.6388888888888888,0.5555555555555556,0.5925925925925926,0.3894230769230769,0.6388888888888888,0.5555555555555556,0.0,0.0,0.0,0.0
bull_to_neutral,0.12,0.99,,-0.05,0,81,81,0.5925925925925926,0.3894230769230769,0.6388888888888888,0.5555555555555556,0.5925925925925926,0.3894230769230769,0.6388888888888888,0.5555555555555556,0.0,0.0,0.0,0.0
bull_to_bear,0.12,0.99,,-0.05,0,81,81,0.5925925925925926,0.3894230769230769,0.6388888888888888,0.5555555555555556,0.5925925925925926,0.3894230769230769,0.6388888888888888,0.5555555555555556,0.0,0.0,0.0,0.0
bull_to_neutral,0.12,0.99,,-0.1,0,81,81,0.5925925925925926,0.3894230769230769,0.6388888888888888,0.5555555555555556,0.5925925925925926,0.3894230769230769,0.6388888888888888,0.5555555555555556,0.0,0.0,0.0,0.0
bull_to_bear,0.12,0.99,,-0.1,0,81,81,0.5925925925925926,0.3894230769230769,0.6388888888888888,0.5555555555555556,0.5925925925925926,0.3894230769230769,0.6388888888888888,0.5555555555555556,0.0,0.0,0.0,0.0
bull_to_neutral,0.12,0.99,0.0,,0,81,81,0.5925925925925926,0.3894230769230769,0.6388888888888888,0.5555555555555556,0.5925925925925926,0.3894230769230769,0.6388888888888888,0.5555555555555556,0.0,0.0,0.0,0.0
bull_to_bear,0.12,0.99,0.0,,0,81,81,0.5925925925925926,0.3894230769230769,0.6388888888888888,0.5555555555555556,0.5925925925925926,0.3894230769230769,0.6388888888888888,0.5555555555555556,0.0,0.0,0.0,0.0
bull_to_neutral,0.12,0.99,0.0,0.0,0,81,81,0.5925925925925926,0.3894230769230769,0.6388888888888888,0.5555555555555556,0.5925925925925926,0.3894230769230769,0.6388888888888888,0.5555555555555556,0.0,0.0,0.0,0.0
bull_to_bear,0.12,0.99,0.0,0.0,0,81,81,0.5925925925925926,0.3894230769230769,0.6388888888888888,0.5555555555555556,0.5925925925925926,0.3894230769230769,0.6388888888888888,0.5555555555555556,0.0,0.0,0.0,0.0
bull_to_neutral,0.12,0.99,0.0,-0.05,0,81,81,0.5925925925925926,0.3894230769230769,0.6388888888888888,0.5555555555555556,0.5925925925925926,0.3894230769230769,0.6388888888888888,0.5555555555555556,0.0,0.0,0.0,0.0
bull_to_bear,0.12,0.99,0.0,-0.05,0,81,81,0.5925925925925926,0.3894230769230769,0.6388888888888888,0.5555555555555556,0.5925925925925926,0.3894230769230769,0.6388888888888888,0.5555555555555556,0.0,0.0,0.0,0.0
bull_to_neutral,0.12,0.99,0.0,-0.1,0,81,81,0.5925925925925926,0.3894230769230769,0.6388888888888888,0.5555555555555556,0.5925925925925926,0.3894230769230769,0.6388888888888888,0.5555555555555556,0.0,0.0,0.0,0.0
bull_to_bear,0.12,0.99,0.0,-0.1,0,81,81,0.5925925925925926,0.3894230769230769,0.6388888888888888,0.5555555555555556,0.5925925925925926,0.3894230769230769,0.6388888888888888,0.5555555555555556,0.0,0.0,0.0,0.0
bull_to_neutral,0.12,0.99,5.0,,0,81,81,0.5925925925925926,0.3894230769230769,0.6388888888888888,0.5555555555555556,0.5925925925925926,0.3894230769230769,0.6388888888888888,0.5555555555555556,0.0,0.0,0.0,0.0
bull_to_bear,0.12,0.99,5.0,,0,81,81,0.5925925925925926,0.3894230769230769,0.6388888888888888,0.5555555555555556,0.5925925925925926,0.3894230769230769,0.6388888888888888,0.5555555555555556,0.0,0.0,0.0,0.0
bull_to_neutral,0.12,0.99,5.0,0.0,0,81,81,0.5925925925925926,0.3894230769230769,0.6388888888888888,0.5555555555555556,0.5925925925925926,0.3894230769230769,0.6388888888888888,0.5555555555555556,0.0,0.0,0.0,0.0
bull_to_bear,0.12,0.99,5.0,0.0,0,81,81,0.5925925925925926,0.3894230769230769,0.6388888888888888,0.5555555555555556,0.5925925925925926,0.3894230769230769,0.6388888888888888,0.5555555555555556,0.0,0.0,0.0,0.0
bull_to_neutral,0.12,0.99,5.0,-0.05,0,81,81,0.5925925925925926,0.3894230769230769,0.6388888888888888,0.5555555555555556,0.5925925925925926,0.3894230769230769,0.6388888888888888,0.5555555555555556,0.0,0.0,0.0,0.0
bull_to_bear,0.12,0.99,5.0,-0.05,0,81,81,0.5925925925925926,0.3894230769230769,0.6388888888888888,0.5555555555555556,0.5925925925925926,0.3894230769230769,0.6388888888888888,0.5555555555555556,0.0,0.0,0.0,0.0
bull_to_neutral,0.12,0.99,5.0,-0.1,0,81,81,0.5925925925925926,0.3894230769230769,0.6388888888888888,0.5555555555555556,0.5925925925925926,0.3894230769230769,0.6388888888888888,0.5555555555555556,0.0,0.0,0.0,0.0
bull_to_bear,0.12,0.99,5.0,-0.1,0,81,81,0.5925925925925926,0.3894230769230769,0.6388888888888888,0.5555555555555556,0.5925925925925926,0.3894230769230769,0.6388888888888888,0.5555555555555556,0.0,0.0,0.0,0.0
bull_to_neutral,0.12,0.99,10.0,,0,81,81,0.5925925925925926,0.3894230769230769,0.6388888888888888,0.5555555555555556,0.5925925925925926,0.3894230769230769,0.6388888888888888,0.5555555555555556,0.0,0.0,0.0,0.0
bull_to_bear,0.12,0.99,10.0,,0,81,81,0.5925925925925926,0.3894230769230769,0.6388888888888888,0.5555555555555556,0.5925925925925926,0.3894230769230769,0.6388888888888888,0.5555555555555556,0.0,0.0,0.0,0.0
bull_to_neutral,0.12,0.99,10.0,0.0,0,81,81,0.5925925925925926,0.3894230769230769,0.6388888888888888,0.5555555555555556,0.5925925925925926,0.3894230769230769,0.6388888888888888,0.5555555555555556,0.0,0.0,0.0,0.0
bull_to_bear,0.12,0.99,10.0,0.0,0,81,81,0.5925925925925926,0.3894230769230769,0.6388888888888888,0.5555555555555556,0.5925925925925926,0.3894230769230769,0.6388888888888888,0.5555555555555556,0.0,0.0,0.0,0.0
bull_to_neutral,0.12,0.99,10.0,-0.05,0,81,81,0.5925925925925926,0.3894230769230769,0.6388888888888888,0.5555555555555556,0.5925925925925926,0.3894230769230769,0.6388888888888888,0.5555555555555556,0.0,0.0,0.0,0.0
bull_to_bear,0.12,0.99,10.0,-0.05,0,81,81,0.5925925925925926,0.3894230769230769,0.6388888888888888,0.5555555555555556,0.5925925925925926,0.3894230769230769,0.6388888888888888,0.5555555555555556,0.0,0.0,0.0,0.0
bull_to_neutral,0.12,0.99,10.0,-0.1,0,81,81,0.5925925925925926,0.3894230769230769,0.6388888888888888,0.5555555555555556,0.5925925925925926,0.3894230769230769,0.6388888888888888,0.5555555555555556,0.0,0.0,0.0,0.0
bull_to_bear,0.12,0.99,10.0,-0.1,0,81,81,0.5925925925925926,0.3894230769230769,0.6388888888888888,0.5555555555555556,0.5925925925925926,0.3894230769230769,0.6388888888888888,0.5555555555555556,0.0,0.0,0.0,0.0
bull_to_neutral,0.12,0.99,15.0,,0,81,81,0.5925925925925926,0.3894230769230769,0.6388888888888888,0.5555555555555556,0.5925925925925926,0.3894230769230769,0.6388888888888888,0.5555555555555556,0.0,0.0,0.0,0.0
bull_to_bear,0.12,0.99,15.0,,0,81,81,0.5925925925925926,0.3894230769230769,0.6388888888888888,0.5555555555555556,0.5925925925925926,0.3894230769230769,0.6388888888888888,0.5555555555555556,0.0,0.0,0.0,0.0
bull_to_neutral,0.12,0.99,15.0,0.0,0,81,81,0.5925925925925926,0.3894230769230769,0.6388888888888888,0.5555555555555556,0.5925925925925926,0.3894230769230769,0.6388888888888888,0.5555555555555556,0.0,0.0,0.0,0.0
bull_to_bear,0.12,0.99,15.0,0.0,0,81,81,0.5925925925925926,0.3894230769230769,0.6388888888888888,0.5555555555555556,0.5925925925925926,0.3894230769230769,0.6388888888888888,0.5555555555555556,0.0,0.0,0.0,0.0
bull_to_neutral,0.12,0.99,15.0,-0.05,0,81,81,0.5925925925925926,0.3894230769230769,0.6388888888888888,0.5555555555555556,0.5925925925925926,0.3894230769230769,0.6388888888888888,0.5555555555555556,0.0,0.0,0.0,0.0
bull_to_bear,0.12,0.99,15.0,-0.05,0,81,81,0.5925925925925926,0.3894230769230769,0.6388888888888888,0.5555555555555556,0.5925925925925926,0.3894230769230769,0.6388888888888888,0.5555555555555556,0.0,0.0,0.0,0.0
bull_to_neutral,0.12,0.99,15.0,-0.1,0,81,81,0.5925925925925926,0.3894230769230769,0.6388888888888888,0.5555555555555556,0.5925925925925926,0.3894230769230769,0.6388888888888888,0.5555555555555556,0.0,0.0,0.0,0.0
bull_to_bear,0.12,0.99,15.0,-0.1,0,81,81,0.5925925925925926,0.3894230769230769,0.6388888888888888,0.5555555555555556,0.5925925925925926,0.3894230769230769,0.6388888888888888,0.5555555555555556,0.0,0.0,0.0,0.0
bull_to_neutral,0.12,0.98,,,0,81,81,0.5925925925925926,0.3894230769230769,0.6388888888888888,0.5555555555555556,0.5925925925925926,0.3894230769230769,0.6388888888888888,0.5555555555555556,0.0,0.0,0.0,0.0
bull_to_bear,0.12,0.98,,,0,81,81,0.5925925925925926,0.3894230769230769,0.6388888888888888,0.5555555555555556,0.5925925925925926,0.3894230769230769,0.6388888888888888,0.5555555555555556,0.0,0.0,0.0,0.0
bull_to_neutral,0.12,0.98,,0.0,0,81,81,0.5925925925925926,0.3894230769230769,0.6388888888888888,0.5555555555555556,0.5925925925925926,0.3894230769230769,0.6388888888888888,0.5555555555555556,0.0,0.0,0.0,0.0
bull_to_bear,0.12,0.98,,0.0,0,81,81,0.5925925925925926,0.3894230769230769,0.6388888888888888,0.5555555555555556,0.5925925925925926,0.3894230769230769,0.6388888888888888,0.5555555555555556,0.0,0.0,0.0,0.0
bull_to_neutral,0.12,0.98,,-0.05,0,81,81,0.5925925925925926,0.3894230769230769,0.6388888888888888,0.5555555555555556,0.5925925925925926,0.3894230769230769,0.6388888888888888,0.5555555555555556,0.0,0.0,0.0,0.0
bull_to_bear,0.12,0.98,,-0.05,0,81,81,0.5925925925925926,0.3894230769230769,0.6388888888888888,0.5555555555555556,0.5925925925925926,0.3894230769230769,0.6388888888888888,0.5555555555555556,0.0,0.0,0.0,0.0
bull_to_neutral,0.12,0.98,,-0.1,0,81,81,0.5925925925925926,0.3894230769230769,0.6388888888888888,0.5555555555555556,0.5925925925925926,0.3894230769230769,0.6388888888888888,0.5555555555555556,0.0,0.0,0.0,0.0
bull_to_bear,0.12,0.98,,-0.1,0,81,81,0.5925925925925926,0.3894230769230769,0.6388888888888888,0.5555555555555556,0.5925925925925926,0.3894230769230769,0.6388888888888888,0.5555555555555556,0.0,0.0,0.0,0.0
bull_to_neutral,0.12,0.98,0.0,,0,81,81,0.5925925925925926,0.3894230769230769,0.6388888888888888,0.5555555555555556,0.5925925925925926,0.3894230769230769,0.6388888888888888,0.5555555555555556,0.0,0.0,0.0,0.0
bull_to_bear,0.12,0.98,0.0,,0,81,81,0.5925925925925926,0.3894230769230769,0.6388888888888888,0.5555555555555556,0.5925925925925926,0.3894230769230769,0.6388888888888888,0.5555555555555556,0.0,0.0,0.0,0.0
bull_to_neutral,0.12,0.98,0.0,0.0,0,81,81,0.5925925925925926,0.3894230769230769,0.6388888888888888,0.5555555555555556,0.5925925925925926,0.3894230769230769,0.6388888888888888,0.5555555555555556,0.0,0.0,0.0,0.0
bull_to_bear,0.12,0.98,0.0,0.0,0,81,81,0.5925925925925926,0.3894230769230769,0.6388888888888888,0.5555555555555556,0.5925925925925926,0.3894230769230769,0.6388888888888888,0.5555555555555556,0.0,0.0,0.0,0.0
bull_to_neutral,0.12,0.98,0.0,-0.05,0,81,81,0.5925925925925926,0.3894230769230769,0.6388888888888888,0.5555555555555556,0.5925925925925926,0.3894230769230769,0.6388888888888888,0.5555555555555556,0.0,0.0,0.0,0.0
bull_to_bear,0.12,0.98,0.0,-0.05,0,81,81,0.5925925925925926,0.3894230769230769,0.6388888888888888,0.5555555555555556,0.5925925925925926,0.3894230769230769,0.6388888888888888,0.5555555555555556,0.0,0.0,0.0,0.0
bull_to_neutral,0.12,0.98,0.0,-0.1,0,81,81,0.5925925925925926,0.3894230769230769,0.6388888888888888,0.5555555555555556,0.5925925925925926,0.3894230769230769,0.6388888888888888,0.5555555555555556,0.0,0.0,0.0,0.0
bull_to_bear,0.12,0.98,0.0,-0.1,0,81,81,0.5925925925925926,0.3894230769230769,0.6388888888888888,0.5555555555555556,0.5925925925925926,0.3894230769230769,0.6388888888888888,0.5555555555555556,0.0,0.0,0.0,0.0
bull_to_neutral,0.12,0.98,5.0,,0,81,81,0.5925925925925926,0.3894230769230769,0.6388888888888888,0.5555555555555556,0.5925925925925926,0.3894230769230769,0.6388888888888888,0.5555555555555556,0.0,0.0,0.0,0.0
bull_to_bear,0.12,0.98,5.0,,0,81,81,0.5925925925925926,0.3894230769230769,0.6388888888888888,0.5555555555555556,0.5925925925925926,0.3894230769230769,0.6388888888888888,0.5555555555555556,0.0,0.0,0.0,0.0
bull_to_neutral,0.12,0.98,5.0,0.0,0,81,81,0.5925925925925926,0.3894230769230769,0.6388888888888888,0.5555555555555556,0.5925925925925926,0.3894230769230769,0.6388888888888888,0.5555555555555556,0.0,0.0,0.0,0.0
bull_to_bear,0.12,0.98,5.0,0.0,0,81,81,0.5925925925925926,0.3894230769230769,0.6388888888888888,0.5555555555555556,0.5925925925925926,0.3894230769230769,0.6388888888888888,0.5555555555555556,0.0,0.0,0.0,0.0
bull_to_neutral,0.12,0.98,5.0,-0.05,0,81,81,0.5925925925925926,0.3894230769230769,0.6388888888888888,0.5555555555555556,0.5925925925925926,0.3894230769230769,0.6388888888888888,0.5555555555555556,0.0,0.0,0.0,0.0
bull_to_bear,0.12,0.98,5.0,-0.05,0,81,81,0.5925925925925926,0.3894230769230769,0.6388888888888888,0.5555555555555556,0.5925925925925926,0.3894230769230769,0.6388888888888888,0.5555555555555556,0.0,0.0,0.0,0.0
bull_to_neutral,0.12,0.98,5.0,-0.1,0,81,81,0.5925925925925926,0.3894230769230769,0.6388888888888888,0.5555555555555556,0.5925925925925926,0.3894230769230769,0.6388888888888888,0.5555555555555556,0.0,0.0,0.0,0.0
bull_to_bear,0.12,0.98,5.0,-0.1,0,81,81,0.5925925925925926,0.3894230769230769,0.6388888888888888,0.5555555555555556,0.5925925925925926,0.3894230769230769,0.6388888888888888,0.5555555555555556,0.0,0.0,0.0,0.0
bull_to_neutral,0.12,0.98,10.0,,0,81,81,0.5925925925925926,0.3894230769230769,0.6388888888888888,0.5555555555555556,0.5925925925925926,0.3894230769230769,0.6388888888888888,0.5555555555555556,0.0,0.0,0.0,0.0
bull_to_bear,0.12,0.98,10.0,,0,81,81,0.5925925925925926,0.3894230769230769,0.6388888888888888,0.5555555555555556,0.5925925925925926,0.3894230769230769,0.6388888888888888,0.5555555555555556,0.0,0.0,0.0,0.0
bull_to_neutral,0.12,0.98,10.0,0.0,0,81,81,0.5925925925925926,0.3894230769230769,0.6388888888888888,0.5555555555555556,0.5925925925925926,0.3894230769230769,0.6388888888888888,0.5555555555555556,0.0,0.0,0.0,0.0
bull_to_bear,0.12,0.98,10.0,0.0,0,81,81,0.5925925925925926,0.3894230769230769,0.6388888888888888,0.5555555555555556,0.5925925925925926,0.3894230769230769,0.6388888888888888,0.5555555555555556,0.0,0.0,0.0,0.0
bull_to_neutral,0.12,0.98,10.0,-0.05,0,81,81,0.5925925925925926,0.3894230769230769,0.6388888888888888,0.5555555555555556,0.5925925925925926,0.3894230769230769,0.6388888888888888,0.5555555555555556,0.0,0.0,0.0,0.0
bull_to_bear,0.12,0.98,10.0,-0.05,0,81,81,0.5925925925925926,0.3894230769230769,0.6388888888888888,0.5555555555555556,0.5925925925925926,0.3894230769230769,0.6388888888888888,0.5555555555555556,0.0,0.0,0.0,0.0
bull_to_neutral,0.12,0.98,10.0,-0.1,0,81,81,0.5925925925925926,0.3894230769230769,0.6388888888888888,0.5555555555555556,0.5925925925925926,0.3894230769230769,0.6388888888888888,0.5555555555555556,0.0,0.0,0.0,0.0
bull_to_bear,0.12,0.98,10.0,-0.1,0,81,81,0.5925925925925926,0.3894230769230769,0.6388888888888888,0.5555555555555556,0.5925925925925926,0.3894230769230769,0.6388888888888888,0.5555555555555556,0.0,0.0,0.0,0.0
bull_to_neutral,0.12,0.98,15.0,,0,81,81,0.5925925925925926,0.3894230769230769,0.6388888888888888,0.5555555555555556,0.5925925925925926,0.3894230769230769,0.6388888888888888,0.5555555555555556,0.0,0.0,0.0,0.0
bull_to_bear,0.12,0.98,15.0,,0,81,81,0.5925925925925926,0.3894230769230769,0.6388888888888888,0.5555555555555556,0.5925925925925926,0.3894230769230769,0.6388888888888888,0.5555555555555556,0.0,0.0,0.0,0.0
bull_to_neutral,0.12,0.98,15.0,0.0,0,81,81,0.5925925925925926,0.3894230769230769,0.6388888888888888,0.5555555555555556,0.5925925925925926,0.3894230769230769,0.6388888888888888,0.5555555555555556,0.0,0.0,0.0,0.0
bull_to_bear,0.12,0.98,15.0,0.0,0,81,81,0.5925925925925926,0.3894230769230769,0.6388888888888888,0.5555555555555556,0.5925925925925926,0.3894230769230769,0.6388888888888888,0.5555555555555556,0.0,0.0,0.0,0.0
bull_to_neutral,0.12,0.98,15.0,-0.05,0,81,81,0.5925925925925926,0.3894230769230769,0.6388888888888888,0.5555555555555556,0.5925925925925926,0.3894230769230769,0.6388888888888888,0.5555555555555556,0.0,0.0,0.0,0.0
bull_to_bear,0.12,0.98,15.0,-0.05,0,81,81,0.5925925925925926,0.3894230769230769,0.6388888888888888,0.5555555555555556,0.5925925925925926,0.3894230769230769,0.6388888888888888,0.5555555555555556,0.0,0.0,0.0,0.0
bull_to_neutral,0.12,0.98,15.0,-0.1,0,81,81,0.5925925925925926,0.3894230769230769,0.6388888888888888,0.5555555555555556,0.5925925925925926,0.3894230769230769,0.6388888888888888,0.5555555555555556,0.0,0.0,0.0,0.0
bull_to_bear,0.12,0.98,15.0,-0.1,0,81,81,0.5925925925925926,0.3894230769230769,0.6388888888888888,0.5555555555555556,0.5925925925925926,0.3894230769230769,0.6388888888888888,0.5555555555555556,0.0,0.0,0.0,0.0
bull_to_neutral,0.12,0.97,,,0,81,81,0.5925925925925926,0.3894230769230769,0.6388888888888888,0.5555555555555556,0.5925925925925926,0.3894230769230769,0.6388888888888888,0.5555555555555556,0.0,0.0,0.0,0.0
bull_to_bear,0.12,0.97,,,0,81,81,0.5925925925925926,0.3894230769230769,0.6388888888888888,0.5555555555555556,0.5925925925925926,0.3894230769230769,0.6388888888888888,0.5555555555555556,0.0,0.0,0.0,0.0
bull_to_neutral,0.12,0.97,,0.0,0,81,81,0.5925925925925926,0.3894230769230769,0.6388888888888888,0.5555555555555556,0.5925925925925926,0.3894230769230769,0.6388888888888888,0.5555555555555556,0.0,0.0,0.0,0.0
bull_to_bear,0.12,0.97,,0.0,0,81,81,0.5925925925925926,0.3894230769230769,0.6388888888888888,0.5555555555555556,0.5925925925925926,0.3894230769230769,0.6388888888888888,0.5555555555555556,0.0,0.0,0.0,0.0
bull_to_neutral,0.12,0.97,,-0.05,0,81,81,0.5925925925925926,0.3894230769230769,0.6388888888888888,0.5555555555555556,0.5925925925925926,0.3894230769230769,0.6388888888888888,0.5555555555555556,0.0,0.0,0.0,0.0
bull_to_bear,0.12,0.97,,-0.05,0,81,81,0.5925925925925926,0.3894230769230769,0.6388888888888888,0.5555555555555556,0.5925925925925926,0.3894230769230769,0.6388888888888888,0.5555555555555556,0.0,0.0,0.0,0.0
bull_to_neutral,0.12,0.97,,-0.1,0,81,81,0.5925925925925926,0.3894230769230769,0.6388888888888888,0.5555555555555556,0.5925925925925926,0.3894230769230769,0.6388888888888888,0.5555555555555556,0.0,0.0,0.0,0.0
bull_to_bear,0.12,0.97,,-0.1,0,81,81,0.5925925925925926,0.3894230769230769,0.6388888888888888,0.5555555555555556,0.5925925925925926,0.3894230769230769,0.6388888888888888,0.5555555555555556,0.0,0.0,0.0,0.0
bull_to_neutral,0.12,0.97,0.0,,0,81,81,0.5925925925925926,0.3894230769230769,0.6388888888888888,0.5555555555555556,0.5925925925925926,0.3894230769230769,0.6388888888888888,0.5555555555555556,0.0,0.0,0.0,0.0
bull_to_bear,0.12,0.97,0.0,,0,81,81,0.5925925925925926,0.3894230769230769,0.6388888888888888,0.5555555555555556,0.5925925925925926,0.3894230769230769,0.6388888888888888,0.5555555555555556,0.0,0.0,0.0,0.0
bull_to_neutral,0.12,0.97,0.0,0.0,0,81,81,0.5925925925925926,0.3894230769230769,0.6388888888888888,0.5555555555555556,0.5925925925925926,0.3894230769230769,0.6388888888888888,0.5555555555555556,0.0,0.0,0.0,0.0
bull_to_bear,0.12,0.97,0.0,0.0,0,81,81,0.5925925925925926,0.3894230769230769,0.6388888888888888,0.5555555555555556,0.5925925925925926,0.3894230769230769,0.6388888888888888,0.5555555555555556,0.0,0.0,0.0,0.0
bull_to_neutral,0.12,0.97,0.0,-0.05,0,81,81,0.5925925925925926,0.3894230769230769,0.6388888888888888,0.5555555555555556,0.5925925925925926,0.3894230769230769,0.6388888888888888,0.5555555555555556,0.0,0.0,0.0,0.0
bull_to_bear,0.12,0.97,0.0,-0.05,0,81,81,0.5925925925925926,0.3894230769230769,0.6388888888888888,0.5555555555555556,0.5925925925925926,0.3894230769230769,0.6388888888888888,0.5555555555555556,0.0,0.0,0.0,0.0
bull_to_neutral,0.12,0.97,0.0,-0.1,0,81,81,0.5925925925925926,0.3894230769230769,0.6388888888888888,0.5555555555555556,0.5925925925925926,0.3894230769230769,0.6388888888888888,0.5555555555555556,0.0,0.0,0.0,0.0
bull_to_bear,0.12,0.97,0.0,-0.1,0,81,81,0.5925925925925926,0.3894230769230769,0.6388888888888888,0.5555555555555556,0.5925925925925926,0.3894230769230769,0.6388888888888888,0.5555555555555556,0.0,0.0,0.0,0.0
bull_to_neutral,0.12,0.97,5.0,,0,81,81,0.5925925925925926,0.3894230769230769,0.6388888888888888,0.5555555555555556,0.5925925925925926,0.3894230769230769,0.6388888888888888,0.5555555555555556,0.0,0.0,0.0,0.0
bull_to_bear,0.12,0.97,5.0,,0,81,81,0.5925925925925926,0.3894230769230769,0.6388888888888888,0.5555555555555556,0.5925925925925926,0.3894230769230769,0.6388888888888888,0.5555555555555556,0.0,0.0,0.0,0.0
bull_to_neutral,0.12,0.97,5.0,0.0,0,81,81,0.5925925925925926,0.3894230769230769,0.6388888888888888,0.5555555555555556,0.5925925925925926,0.3894230769230769,0.6388888888888888,0.5555555555555556,0.0,0.0,0.0,0.0
bull_to_bear,0.12,0.97,5.0,0.0,0,81,81,0.5925925925925926,0.3894230769230769,0.6388888888888888,0.5555555555555556,0.5925925925925926,0.3894230769230769,0.6388888888888888,0.5555555555555556,0.0,0.0,0.0,0.0
bull_to_neutral,0.12,0.97,5.0,-0.05,0,81,81,0.5925925925925926,0.3894230769230769,0.6388888888888888,0.5555555555555556,0.5925925925925926,0.3894230769230769,0.6388888888888888,0.5555555555555556,0.0,0.0,0.0,0.0
bull_to_bear,0.12,0.97,5.0,-0.05,0,81,81,0.5925925925925926,0.3894230769230769,0.6388888888888888,0.5555555555555556,0.5925925925925926,0.3894230769230769,0.6388888888888888,0.5555555555555556,0.0,0.0,0.0,0.0
bull_to_neutral,0.12,0.97,5.0,-0.1,0,81,81,0.5925925925925926,0.3894230769230769,0.6388888888888888,0.5555555555555556,0.5925925925925926,0.3894230769230769,0.6388888888888888,0.5555555555555556,0.0,0.0,0.0,0.0
bull_to_bear,0.12,0.97,5.0,-0.1,0,81,81,0.5925925925925926,0.3894230769230769,0.6388888888888888,0.5555555555555556,0.5925925925925926,0.3894230769230769,0.6388888888888888,0.5555555555555556,0.0,0.0,0.0,0.0
bull_to_neutral,0.12,0.97,10.0,,0,81,81,0.5925925925925926,0.3894230769230769,0.6388888888888888,0.5555555555555556,0.5925925925925926,0.3894230769230769,0.6388888888888888,0.5555555555555556,0.0,0.0,0.0,0.0
bull_to_bear,0.12,0.97,10.0,,0,81,81,0.5925925925925926,0.3894230769230769,0.6388888888888888,0.5555555555555556,0.5925925925925926,0.3894230769230769,0.6388888888888888,0.5555555555555556,0.0,0.0,0.0,0.0
bull_to_neutral,0.12,0.97,10.0,0.0,0,81,81,0.5925925925925926,0.3894230769230769,0.6388888888888888,0.5555555555555556,0.5925925925925926,0.3894230769230769,0.6388888888888888,0.5555555555555556,0.0,0.0,0.0,0.0
bull_to_bear,0.12,0.97,10.0,0.0,0,81,81,0.5925925925925926,0.3894230769230769,0.6388888888888888,0.5555555555555556,0.5925925925925926,0.3894230769230769,0.6388888888888888,0.5555555555555556,0.0,0.0,0.0,0.0
bull_to_neutral,0.12,0.97,10.0,-0.05,0,81,81,0.5925925925925926,0.3894230769230769,0.6388888888888888,0.5555555555555556,0.5925925925925926,0.3894230769230769,0.6388888888888888,0.5555555555555556,0.0,0.0,0.0,0.0
bull_to_bear,0.12,0.97,10.0,-0.05,0,81,81,0.5925925925925926,0.3894230769230769,0.6388888888888888,0.5555555555555556,0.5925925925925926,0.3894230769230769,0.6388888888888888,0.5555555555555556,0.0,0.0,0.0,0.0
bull_to_neutral,0.12,0.97,10.0,-0.1,0,81,81,0.5925925925925926,0.3894230769230769,0.6388888888888888,0.5555555555555556,0.5925925925925926,0.3894230769230769,0.6388888888888888,0.5555555555555556,0.0,0.0,0.0,0.0
bull_to_bear,0.12,0.97,10.0,-0.1,0,81,81,0.5925925925925926,0.3894230769230769,0.6388888888888888,0.5555555555555556,0.5925925925925926,0.3894230769230769,0.6388888888888888,0.5555555555555556,0.0,0.0,0.0,0.0
bull_to_neutral,0.12,0.97,15.0,,0,81,81,0.5925925925925926,0.3894230769230769,0.6388888888888888,0.5555555555555556,0.5925925925925926,0.3894230769230769,0.6388888888888888,0.5555555555555556,0.0,0.0,0.0,0.0
bull_to_bear,0.12,0.97,15.0,,0,81,81,0.5925925925925926,0.3894230769230769,0.6388888888888888,0.5555555555555556,0.5925925925925926,0.3894230769230769,0.6388888888888888,0.5555555555555556,0.0,0.0,0.0,0.0
bull_to_neutral,0.12,0.97,15.0,0.0,0,81,81,0.5925925925925926,0.3894230769230769,0.6388888888888888,0.5555555555555556,0.5925925925925926,0.3894230769230769,0.6388888888888888,0.5555555555555556,0.0,0.0,0.0,0.0
bull_to_bear,0.12,0.97,15.0,0.0,0,81,81,0.5925925925925926,0.3894230769230769,0.6388888888888888,0.5555555555555556,0.5925925925925926,0.3894230769230769,0.6388888888888888,0.5555555555555556,0.0,0.0,0.0,0.0
bull_to_neutral,0.12,0.97,15.0,-0.05,0,81,81,0.5925925925925926,0.3894230769230769,0.6388888888888888,0.5555555555555556,0.5925925925925926,0.3894230769230769,0.6388888888888888,0.5555555555555556,0.0,0.0,0.0,0.0
bull_to_bear,0.12,0.97,15.0,-0.05,0,81,81,0.5925925925925926,0.3894230769230769,0.6388888888888888,0.5555555555555556,0.5925925925925926,0.3894230769230769,0.6388888888888888,0.5555555555555556,0.0,0.0,0.0,0.0
bull_to_neutral,0.12,0.97,15.0,-0.1,0,81,81,0.5925925925925926,0.3894230769230769,0.6388888888888888,0.5555555555555556,0.5925925925925926,0.3894230769230769,0.6388888888888888,0.5555555555555556,0.0,0.0,0.0,0.0
bull_to_bear,0.12,0.97,15.0,-0.1,0,81,81,0.5925925925925926,0.3894230769230769,0.6388888888888888,0.5555555555555556,0.5925925925925926,0.3894230769230769,0.6388888888888888,0.5555555555555556,0.0,0.0,0.0,0.0
bull_to_neutral,0.12,0.95,,,0,81,81,0.5925925925925926,0.3894230769230769,0.6388888888888888,0.5555555555555556,0.5925925925925926,0.3894230769230769,0.6388888888888888,0.5555555555555556,0.0,0.0,0.0,0.0
bull_to_bear,0.12,0.95,,,0,81,81,0.5925925925925926,0.3894230769230769,0.6388888888888888,0.5555555555555556,0.5925925925925926,0.3894230769230769,0.6388888888888888,0.5555555555555556,0.0,0.0,0.0,0.0
bull_to_neutral,0.12,0.95,,0.0,0,81,81,0.5925925925925926,0.3894230769230769,0.6388888888888888,0.5555555555555556,0.5925925925925926,0.3894230769230769,0.6388888888888888,0.5555555555555556,0.0,0.0,0.0,0.0
bull_to_bear,0.12,0.95,,0.0,0,81,81,0.5925925925925926,0.3894230769230769,0.6388888888888888,0.5555555555555556,0.5925925925925926,0.3894230769230769,0.6388888888888888,0.5555555555555556,0.0,0.0,0.0,0.0
bull_to_neutral,0.12,0.95,,-0.05,0,81,81,0.5925925925925926,0.3894230769230769,0.6388888888888888,0.5555555555555556,0.5925925925925926,0.3894230769230769,0.6388888888888888,0.5555555555555556,0.0,0.0,0.0,0.0
bull_to_bear,0.12,0.95,,-0.05,0,81,81,0.5925925925925926,0.3894230769230769,0.6388888888888888,0.5555555555555556,0.5925925925925926,0.3894230769230769,0.6388888888888888,0.5555555555555556,0.0,0.0,0.0,0.0
bull_to_neutral,0.12,0.95,,-0.1,0,81,81,0.5925925925925926,0.3894230769230769,0.6388888888888888,0.5555555555555556,0.5925925925925926,0.3894230769230769,0.6388888888888888,0.5555555555555556,0.0,0.0,0.0,0.0
bull_to_bear,0.12,0.95,,-0.1,0,81,81,0.5925925925925926,0.3894230769230769,0.6388888888888888,0.5555555555555556,0.5925925925925926,0.3894230769230769,0.6388888888888888,0.5555555555555556,0.0,0.0,0.0,0.0
bull_to_neutral,0.12,0.95,0.0,,0,81,81,0.5925925925925926,0.3894230769230769,0.6388888888888888,0.5555555555555556,0.5925925925925926,0.3894230769230769,0.6388888888888888,0.5555555555555556,0.0,0.0,0.0,0.0
bull_to_bear,0.12,0.95,0.0,,0,81,81,0.5925925925925926,0.3894230769230769,0.6388888888888888,0.5555555555555556,0.5925925925925926,0.3894230769230769,0.6388888888888888,0.5555555555555556,0.0,0.0,0.0,0.0
bull_to_neutral,0.12,0.95,0.0,0.0,0,81,81,0.5925925925925926,0.3894230769230769,0.6388888888888888,0.5555555555555556,0.5925925925925926,0.3894230769230769,0.6388888888888888,0.5555555555555556,0.0,0.0,0.0,0.0
bull_to_bear,0.12,0.95,0.0,0.0,0,81,81,0.5925925925925926,0.3894230769230769,0.6388888888888888,0.5555555555555556,0.5925925925925926,0.3894230769230769,0.6388888888888888,0.5555555555555556,0.0,0.0,0.0,0.0
bull_to_neutral,0.12,0.95,0.0,-0.05,0,81,81,0.5925925925925926,0.3894230769230769,0.6388888888888888,0.5555555555555556,0.5925925925925926,0.3894230769230769,0.6388888888888888,0.5555555555555556,0.0,0.0,0.0,0.0
bull_to_bear,0.12,0.95,0.0,-0.05,0,81,81,0.5925925925925926,0.3894230769230769,0.6388888888888888,0.5555555555555556,0.5925925925925926,0.3894230769230769,0.6388888888888888,0.5555555555555556,0.0,0.0,0.0,0.0
bull_to_neutral,0.12,0.95,0.0,-0.1,0,81,81,0.5925925925925926,0.3894230769230769,0.6388888888888888,0.5555555555555556,0.5925925925925926,0.3894230769230769,0.6388888888888888,0.5555555555555556,0.0,0.0,0.0,0.0
bull_to_bear,0.12,0.95,0.0,-0.1,0,81,81,0.5925925925925926,0.3894230769230769,0.6388888888888888,0.5555555555555556,0.5925925925925926,0.3894230769230769,0.6388888888888888,0.5555555555555556,0.0,0.0,0.0,0.0
bull_to_neutral,0.12,0.95,5.0,,0,81,81,0.5925925925925926,0.3894230769230769,0.6388888888888888,0.5555555555555556,0.5925925925925926,0.3894230769230769,0.6388888888888888,0.5555555555555556,0.0,0.0,0.0,0.0
bull_to_bear,0.12,0.95,5.0,,0,81,81,0.5925925925925926,0.3894230769230769,0.6388888888888888,0.5555555555555556,0.5925925925925926,0.3894230769230769,0.6388888888888888,0.5555555555555556,0.0,0.0,0.0,0.0
bull_to_neutral,0.12,0.95,5.0,0.0,0,81,81,0.5925925925925926,0.3894230769230769,0.6388888888888888,0.5555555555555556,0.5925925925925926,0.3894230769230769,0.6388888888888888,0.5555555555555556,0.0,0.0,0.0,0.0
bull_to_bear,0.12,0.95,5.0,0.0,0,81,81,0.5925925925925926,0.3894230769230769,0.6388888888888888,0.5555555555555556,0.5925925925925926,0.3894230769230769,0.6388888888888888,0.5555555555555556,0.0,0.0,0.0,0.0
bull_to_neutral,0.12,0.95,5.0,-0.05,0,81,81,0.5925925925925926,0.3894230769230769,0.6388888888888888,0.5555555555555556,0.5925925925925926,0.3894230769230769,0.6388888888888888,0.5555555555555556,0.0,0.0,0.0,0.0
bull_to_bear,0.12,0.95,5.0,-0.05,0,81,81,0.5925925925925926,0.3894230769230769,0.6388888888888888,0.5555555555555556,0.5925925925925926,0.3894230769230769,0.6388888888888888,0.5555555555555556,0.0,0.0,0.0,0.0
bull_to_neutral,0.12,0.95,5.0,-0.1,0,81,81,0.5925925925925926,0.3894230769230769,0.6388888888888888,0.5555555555555556,0.5925925925925926,0.3894230769230769,0.6388888888888888,0.5555555555555556,0.0,0.0,0.0,0.0
bull_to_bear,0.12,0.95,5.0,-0.1,0,81,81,0.5925925925925926,0.3894230769230769,0.6388888888888888,0.5555555555555556,0.5925925925925926,0.3894230769230769,0.6388888888888888,0.5555555555555556,0.0,0.0,0.0,0.0
bull_to_neutral,0.12,0.95,10.0,,0,81,81,0.5925925925925926,0.3894230769230769,0.6388888888888888,0.5555555555555556,0.5925925925925926,0.3894230769230769,0.6388888888888888,0.5555555555555556,0.0,0.0,0.0,0.0
bull_to_bear,0.12,0.95,10.0,,0,81,81,0.5925925925925926,0.3894230769230769,0.6388888888888888,0.5555555555555556,0.5925925925925926,0.3894230769230769,0.6388888888888888,0.5555555555555556,0.0,0.0,0.0,0.0
bull_to_neutral,0.12,0.95,10.0,0.0,0,81,81,0.5925925925925926,0.3894230769230769,0.6388888888888888,0.5555555555555556,0.5925925925925926,0.3894230769230769,0.6388888888888888,0.5555555555555556,0.0,0.0,0.0,0.0
bull_to_bear,0.12,0.95,10.0,0.0,0,81,81,0.5925925925925926,0.3894230769230769,0.6388888888888888,0.5555555555555556,0.5925925925925926,0.3894230769230769,0.6388888888888888,0.5555555555555556,0.0,0.0,0.0,0.0
bull_to_neutral,0.12,0.95,10.0,-0.05,0,81,81,0.5925925925925926,0.3894230769230769,0.6388888888888888,0.5555555555555556,0.5925925925925926,0.3894230769230769,0.6388888888888888,0.5555555555555556,0.0,0.0,0.0,0.0
bull_to_bear,0.12,0.95,10.0,-0.05,0,81,81,0.5925925925925926,0.3894230769230769,0.6388888888888888,0.5555555555555556,0.5925925925925926,0.3894230769230769,0.6388888888888888,0.5555555555555556,0.0,0.0,0.0,0.0
bull_to_neutral,0.12,0.95,10.0,-0.1,0,81,81,0.5925925925925926,0.3894230769230769,0.6388888888888888,0.5555555555555556,0.5925925925925926,0.3894230769230769,0.6388888888888888,0.5555555555555556,0.0,0.0,0.0,0.0
bull_to_bear,0.12,0.95,10.0,-0.1,0,81,81,0.5925925925925926,0.3894230769230769,0.6388888888888888,0.5555555555555556,0.5925925925925926,0.3894230769230769,0.6388888888888888,0.5555555555555556,0.0,0.0,0.0,0.0
bull_to_neutral,0.12,0.95,15.0,,0,81,81,0.5925925925925926,0.3894230769230769,0.6388888888888888,0.5555555555555556,0.5925925925925926,0.3894230769230769,0.6388888888888888,0.5555555555555556,0.0,0.0,0.0,0.0
bull_to_bear,0.12,0.95,15.0,,0,81,81,0.5925925925925926,0.3894230769230769,0.6388888888888888,0.5555555555555556,0.5925925925925926,0.3894230769230769,0.6388888888888888,0.5555555555555556,0.0,0.0,0.0,0.0
bull_to_neutral,0.12,0.95,15.0,0.0,0,81,81,0.5925925925925926,0.3894230769230769,0.6388888888888888,0.5555555555555556,0.5925925925925926,0.3894230769230769,0.6388888888888888,0.5555555555555556,0.0,0.0,0.0,0.0
bull_to_bear,0.12,0.95,15.0,0.0,0,81,81,0.5925925925925926,0.3894230769230769,0.6388888888888888,0.5555555555555556,0.5925925925925926,0.3894230769230769,0.6388888888888888,0.5555555555555556,0.0,0.0,0.0,0.0
bull_to_neutral,0.12,0.95,15.0,-0.05,0,81,81,0.5925925925925926,0.3894230769230769,0.6388888888888888,0.5555555555555556,0.5925925925925926,0.3894230769230769,0.6388888888888888,0.5555555555555556,0.0,0.0,0.0,0.0
bull_to_bear,0.12,0.95,15.0,-0.05,0,81,81,0.5925925925925926,0.3894230769230769,0.6388888888888888,0.5555555555555556,0.5925925925925926,0.3894230769230769,0.6388888888888888,0.5555555555555556,0.0,0.0,0.0,0.0
bull_to_neutral,0.12,0.95,15.0,-0.1,0,81,81,0.5925925925925926,0.3894230769230769,0.6388888888888888,0.5555555555555556,0.5925925925925926,0.3894230769230769,0.6388888888888888,0.5555555555555556,0.0,0.0,0.0,0.0
bull_to_bear,0.12,0.95,15.0,-0.1,0,81,81,0.5925925925925926,0.3894230769230769,0.6388888888888888,0.5555555555555556,0.5925925925925926,0.3894230769230769,0.6388888888888888,0.5555555555555556,0.0,0.0,0.0,0.0
bull_to_neutral,0.12,0.93,,,0,81,81,0.5925925925925926,0.3894230769230769,0.6388888888888888,0.5555555555555556,0.5925925925925926,0.3894230769230769,0.6388888888888888,0.5555555555555556,0.0,0.0,0.0,0.0
bull_to_bear,0.12,0.93,,,0,81,81,0.5925925925925926,0.3894230769230769,0.6388888888888888,0.5555555555555556,0.5925925925925926,0.3894230769230769,0.6388888888888888,0.5555555555555556,0.0,0.0,0.0,0.0
bull_to_neutral,0.12,0.93,,0.0,0,81,81,0.5925925925925926,0.3894230769230769,0.6388888888888888,0.5555555555555556,0.5925925925925926,0.3894230769230769,0.6388888888888888,0.5555555555555556,0.0,0.0,0.0,0.0
bull_to_bear,0.12,0.93,,0.0,0,81,81,0.5925925925925926,0.3894230769230769,0.6388888888888888,0.5555555555555556,0.5925925925925926,0.3894230769230769,0.6388888888888888,0.5555555555555556,0.0,0.0,0.0,0.0
bull_to_neutral,0.12,0.93,,-0.05,0,81,81,0.5925925925925926,0.3894230769230769,0.6388888888888888,0.5555555555555556,0.5925925925925926,0.3894230769230769,0.6388888888888888,0.5555555555555556,0.0,0.0,0.0,0.0
bull_to_bear,0.12,0.93,,-0.05,0,81,81,0.5925925925925926,0.3894230769230769,0.6388888888888888,0.5555555555555556,0.5925925925925926,0.3894230769230769,0.6388888888888888,0.5555555555555556,0.0,0.0,0.0,0.0
bull_to_neutral,0.12,0.93,,-0.1,0,81,81,0.5925925925925926,0.3894230769230769,0.6388888888888888,0.5555555555555556,0.5925925925925926,0.3894230769230769,0.6388888888888888,0.5555555555555556,0.0,0.0,0.0,0.0
bull_to_bear,0.12,0.93,,-0.1,0,81,81,0.5925925925925926,0.3894230769230769,0.6388888888888888,0.5555555555555556,0.5925925925925926,0.3894230769230769,0.6388888888888888,0.5555555555555556,0.0,0.0,0.0,0.0
bull_to_neutral,0.12,0.93,0.0,,0,81,81,0.5925925925925926,0.3894230769230769,0.6388888888888888,0.5555555555555556,0.5925925925925926,0.3894230769230769,0.6388888888888888,0.5555555555555556,0.0,0.0,0.0,0.0
bull_to_bear,0.12,0.93,0.0,,0,81,81,0.5925925925925926,0.3894230769230769,0.6388888888888888,0.5555555555555556,0.5925925925925926,0.3894230769230769,0.6388888888888888,0.5555555555555556,0.0,0.0,0.0,0.0
bull_to_neutral,0.12,0.93,0.0,0.0,0,81,81,0.5925925925925926,0.3894230769230769,0.6388888888888888,0.5555555555555556,0.5925925925925926,0.3894230769230769,0.6388888888888888,0.5555555555555556,0.0,0.0,0.0,0.0
bull_to_bear,0.12,0.93,0.0,0.0,0,81,81,0.5925925925925926,0.3894230769230769,0.6388888888888888,0.5555555555555556,0.5925925925925926,0.3894230769230769,0.6388888888888888,0.5555555555555556,0.0,0.0,0.0,0.0
bull_to_neutral,0.12,0.93,0.0,-0.05,0,81,81,0.5925925925925926,0.3894230769230769,0.6388888888888888,0.5555555555555556,0.5925925925925926,0.3894230769230769,0.6388888888888888,0.5555555555555556,0.0,0.0,0.0,0.0
bull_to_bear,0.12,0.93,0.0,-0.05,0,81,81,0.5925925925925926,0.3894230769230769,0.6388888888888888,0.5555555555555556,0.5925925925925926,0.3894230769230769,0.6388888888888888,0.5555555555555556,0.0,0.0,0.0,0.0
bull_to_neutral,0.12,0.93,0.0,-0.1,0,81,81,0.5925925925925926,0.3894230769230769,0.6388888888888888,0.5555555555555556,0.5925925925925926,0.3894230769230769,0.6388888888888888,0.5555555555555556,0.0,0.0,0.0,0.0
bull_to_bear,0.12,0.93,0.0,-0.1,0,81,81,0.5925925925925926,0.3894230769230769,0.6388888888888888,0.5555555555555556,0.5925925925925926,0.3894230769230769,0.6388888888888888,0.5555555555555556,0.0,0.0,0.0,0.0
bull_to_neutral,0.12,0.93,5.0,,0,81,81,0.5925925925925926,0.3894230769230769,0.6388888888888888,0.5555555555555556,0.5925925925925926,0.3894230769230769,0.6388888888888888,0.5555555555555556,0.0,0.0,0.0,0.0
bull_to_bear,0.12,0.93,5.0,,0,81,81,0.5925925925925926,0.3894230769230769,0.6388888888888888,0.5555555555555556,0.5925925925925926,0.3894230769230769,0.6388888888888888,0.5555555555555556,0.0,0.0,0.0,0.0
bull_to_neutral,0.12,0.93,5.0,0.0,0,81,81,0.5925925925925926,0.3894230769230769,0.6388888888888888,0.5555555555555556,0.5925925925925926,0.3894230769230769,0.6388888888888888,0.5555555555555556,0.0,0.0,0.0,0.0
bull_to_bear,0.12,0.93,5.0,0.0,0,81,81,0.5925925925925926,0.3894230769230769,0.6388888888888888,0.5555555555555556,0.5925925925925926,0.3894230769230769,0.6388888888888888,0.5555555555555556,0.0,0.0,0.0,0.0
bull_to_neutral,0.12,0.93,5.0,-0.05,0,81,81,0.5925925925925926,0.3894230769230769,0.6388888888888888,0.5555555555555556,0.5925925925925926,0.3894230769230769,0.6388888888888888,0.5555555555555556,0.0,0.0,0.0,0.0
bull_to_bear,0.12,0.93,5.0,-0.05,0,81,81,0.5925925925925926,0.3894230769230769,0.6388888888888888,0.5555555555555556,0.5925925925925926,0.3894230769230769,0.6388888888888888,0.5555555555555556,0.0,0.0,0.0,0.0
bull_to_neutral,0.12,0.93,5.0,-0.1,0,81,81,0.5925925925925926,0.3894230769230769,0.6388888888888888,0.5555555555555556,0.5925925925925926,0.3894230769230769,0.6388888888888888,0.5555555555555556,0.0,0.0,0.0,0.0
bull_to_bear,0.12,0.93,5.0,-0.1,0,81,81,0.5925925925925926,0.3894230769230769,0.6388888888888888,0.5555555555555556,0.5925925925925926,0.3894230769230769,0.6388888888888888,0.5555555555555556,0.0,0.0,0.0,0.0
bull_to_neutral,0.12,0.93,10.0,,0,81,81,0.5925925925925926,0.3894230769230769,0.6388888888888888,0.5555555555555556,0.5925925925925926,0.3894230769230769,0.6388888888888888,0.5555555555555556,0.0,0.0,0.0,0.0
bull_to_bear,0.12,0.93,10.0,,0,81,81,0.5925925925925926,0.3894230769230769,0.6388888888888888,0.5555555555555556,0.5925925925925926,0.3894230769230769,0.6388888888888888,0.5555555555555556,0.0,0.0,0.0,0.0
bull_to_neutral,0.12,0.93,10.0,0.0,0,81,81,0.5925925925925926,0.3894230769230769,0.6388888888888888,0.5555555555555556,0.5925925925925926,0.3894230769230769,0.6388888888888888,0.5555555555555556,0.0,0.0,0.0,0.0
bull_to_bear,0.12,0.93,10.0,0.0,0,81,81,0.5925925925925926,0.3894230769230769,0.6388888888888888,0.5555555555555556,0.5925925925925926,0.3894230769230769,0.6388888888888888,0.5555555555555556,0.0,0.0,0.0,0.0
bull_to_neutral,0.12,0.93,10.0,-0.05,0,81,81,0.5925925925925926,0.3894230769230769,0.6388888888888888,0.5555555555555556,0.5925925925925926,0.3894230769230769,0.6388888888888888,0.5555555555555556,0.0,0.0,0.0,0.0
bull_to_bear,0.12,0.93,10.0,-0.05,0,81,81,0.5925925925925926,0.3894230769230769,0.6388888888888888,0.5555555555555556,0.5925925925925926,0.3894230769230769,0.6388888888888888,0.5555555555555556,0.0,0.0,0.0,0.0
bull_to_neutral,0.12,0.93,10.0,-0.1,0,81,81,0.5925925925925926,0.3894230769230769,0.6388888888888888,0.5555555555555556,0.5925925925925926,0.3894230769230769,0.6388888888888888,0.5555555555555556,0.0,0.0,0.0,0.0
bull_to_bear,0.12,0.93,10.0,-0.1,0,81,81,0.5925925925925926,0.3894230769230769,0.6388888888888888,0.5555555555555556,0.5925925925925926,0.3894230769230769,0.6388888888888888,0.5555555555555556,0.0,0.0,0.0,0.0
bull_to_neutral,0.12,0.93,15.0,,0,81,81,0.5925925925925926,0.3894230769230769,0.6388888888888888,0.5555555555555556,0.5925925925925926,0.3894230769230769,0.6388888888888888,0.5555555555555556,0.0,0.0,0.0,0.0
bull_to_bear,0.12,0.93,15.0,,0,81,81,0.5925925925925926,0.3894230769230769,0.6388888888888888,0.5555555555555556,0.5925925925925926,0.3894230769230769,0.6388888888888888,0.5555555555555556,0.0,0.0,0.0,0.0
bull_to_neutral,0.12,0.93,15.0,0.0,0,81,81,0.5925925925925926,0.3894230769230769,0.6388888888888888,0.5555555555555556,0.5925925925925926,0.3894230769230769,0.6388888888888888,0.5555555555555556,0.0,0.0,0.0,0.0
bull_to_bear,0.12,0.93,15.0,0.0,0,81,81,0.5925925925925926,0.3894230769230769,0.6388888888888888,0.5555555555555556,0.5925925925925926,0.3894230769230769,0.6388888888888888,0.5555555555555556,0.0,0.0,0.0,0.0
bull_to_neutral,0.12,0.93,15.0,-0.05,0,81,81,0.5925925925925926,0.3894230769230769,0.6388888888888888,0.5555555555555556,0.5925925925925926,0.3894230769230769,0.6388888888888888,0.5555555555555556,0.0,0.0,0.0,0.0
bull_to_bear,0.12,0.93,15.0,-0.05,0,81,81,0.5925925925925926,0.3894230769230769,0.6388888888888888,0.5555555555555556,0.5925925925925926,0.3894230769230769,0.6388888888888888,0.5555555555555556,0.0,0.0,0.0,0.0
bull_to_neutral,0.12,0.93,15.0,-0.1,0,81,81,0.5925925925925926,0.3894230769230769,0.6388888888888888,0.5555555555555556,0.5925925925925926,0.3894230769230769,0.6388888888888888,0.5555555555555556,0.0,0.0,0.0,0.0
bull_to_bear,0.12,0.93,15.0,-0.1,0,81,81,0.5925925925925926,0.3894230769230769,0.6388888888888888,0.5555555555555556,0.5925925925925926,0.3894230769230769,0.6388888888888888,0.5555555555555556,0.0,0.0,0.0,0.0
bull_to_neutral,0.12,0.9,,,0,81,81,0.5925925925925926,0.3894230769230769,0.6388888888888888,0.5555555555555556,0.5925925925925926,0.3894230769230769,0.6388888888888888,0.5555555555555556,0.0,0.0,0.0,0.0
bull_to_bear,0.12,0.9,,,0,81,81,0.5925925925925926,0.3894230769230769,0.6388888888888888,0.5555555555555556,0.5925925925925926,0.3894230769230769,0.6388888888888888,0.5555555555555556,0.0,0.0,0.0,0.0
bull_to_neutral,0.12,0.9,,0.0,0,81,81,0.5925925925925926,0.3894230769230769,0.6388888888888888,0.5555555555555556,0.5925925925925926,0.3894230769230769,0.6388888888888888,0.5555555555555556,0.0,0.0,0.0,0.0
bull_to_bear,0.12,0.9,,0.0,0,81,81,0.5925925925925926,0.3894230769230769,0.6388888888888888,0.5555555555555556,0.5925925925925926,0.3894230769230769,0.6388888888888888,0.5555555555555556,0.0,0.0,0.0,0.0
bull_to_neutral,0.12,0.9,,-0.05,0,81,81,0.5925925925925926,0.3894230769230769,0.6388888888888888,0.5555555555555556,0.5925925925925926,0.3894230769230769,0.6388888888888888,0.5555555555555556,0.0,0.0,0.0,0.0
bull_to_bear,0.12,0.9,,-0.05,0,81,81,0.5925925925925926,0.3894230769230769,0.6388888888888888,0.5555555555555556,0.5925925925925926,0.3894230769230769,0.6388888888888888,0.5555555555555556,0.0,0.0,0.0,0.0
bull_to_neutral,0.12,0.9,,-0.1,0,81,81,0.5925925925925926,0.3894230769230769,0.6388888888888888,0.5555555555555556,0.5925925925925926,0.3894230769230769,0.6388888888888888,0.5555555555555556,0.0,0.0,0.0,0.0
bull_to_bear,0.12,0.9,,-0.1,0,81,81,0.5925925925925926,0.3894230769230769,0.6388888888888888,0.5555555555555556,0.5925925925925926,0.3894230769230769,0.6388888888888888,0.5555555555555556,0.0,0.0,0.0,0.0
bull_to_neutral,0.12,0.9,0.0,,0,81,81,0.5925925925925926,0.3894230769230769,0.6388888888888888,0.5555555555555556,0.5925925925925926,0.3894230769230769,0.6388888888888888,0.5555555555555556,0.0,0.0,0.0,0.0
bull_to_bear,0.12,0.9,0.0,,0,81,81,0.5925925925925926,0.3894230769230769,0.6388888888888888,0.5555555555555556,0.5925925925925926,0.3894230769230769,0.6388888888888888,0.5555555555555556,0.0,0.0,0.0,0.0
bull_to_neutral,0.12,0.9,0.0,0.0,0,81,81,0.5925925925925926,0.3894230769230769,0.6388888888888888,0.5555555555555556,0.5925925925925926,0.3894230769230769,0.6388888888888888,0.5555555555555556,0.0,0.0,0.0,0.0
bull_to_bear,0.12,0.9,0.0,0.0,0,81,81,0.5925925925925926,0.3894230769230769,0.6388888888888888,0.5555555555555556,0.5925925925925926,0.3894230769230769,0.6388888888888888,0.5555555555555556,0.0,0.0,0.0,0.0
bull_to_neutral,0.12,0.9,0.0,-0.05,0,81,81,0.5925925925925926,0.3894230769230769,0.6388888888888888,0.5555555555555556,0.5925925925925926,0.3894230769230769,0.6388888888888888,0.5555555555555556,0.0,0.0,0.0,0.0
bull_to_bear,0.12,0.9,0.0,-0.05,0,81,81,0.5925925925925926,0.3894230769230769,0.6388888888888888,0.5555555555555556,0.5925925925925926,0.3894230769230769,0.6388888888888888,0.5555555555555556,0.0,0.0,0.0,0.0
bull_to_neutral,0.12,0.9,0.0,-0.1,0,81,81,0.5925925925925926,0.3894230769230769,0.6388888888888888,0.5555555555555556,0.5925925925925926,0.3894230769230769,0.6388888888888888,0.5555555555555556,0.0,0.0,0.0,0.0
bull_to_bear,0.12,0.9,0.0,-0.1,0,81,81,0.5925925925925926,0.3894230769230769,0.6388888888888888,0.5555555555555556,0.5925925925925926,0.3894230769230769,0.6388888888888888,0.5555555555555556,0.0,0.0,0.0,0.0
bull_to_neutral,0.12,0.9,5.0,,0,81,81,0.5925925925925926,0.3894230769230769,0.6388888888888888,0.5555555555555556,0.5925925925925926,0.3894230769230769,0.6388888888888888,0.5555555555555556,0.0,0.0,0.0,0.0
bull_to_bear,0.12,0.9,5.0,,0,81,81,0.5925925925925926,0.3894230769230769,0.6388888888888888,0.5555555555555556,0.5925925925925926,0.3894230769230769,0.6388888888888888,0.5555555555555556,0.0,0.0,0.0,0.0
bull_to_neutral,0.12,0.9,5.0,0.0,0,81,81,0.5925925925925926,0.3894230769230769,0.6388888888888888,0.5555555555555556,0.5925925925925926,0.3894230769230769,0.6388888888888888,0.5555555555555556,0.0,0.0,0.0,0.0
bull_to_bear,0.12,0.9,5.0,0.0,0,81,81,0.5925925925925926,0.3894230769230769,0.6388888888888888,0.5555555555555556,0.5925925925925926,0.3894230769230769,0.6388888888888888,0.5555555555555556,0.0,0.0,0.0,0.0
bull_to_neutral,0.12,0.9,5.0,-0.05,0,81,81,0.5925925925925926,0.3894230769230769,0.6388888888888888,0.5555555555555556,0.5925925925925926,0.3894230769230769,0.6388888888888888,0.5555555555555556,0.0,0.0,0.0,0.0
bull_to_bear,0.12,0.9,5.0,-0.05,0,81,81,0.5925925925925926,0.3894230769230769,0.6388888888888888,0.5555555555555556,0.5925925925925926,0.3894230769230769,0.6388888888888888,0.5555555555555556,0.0,0.0,0.0,0.0
bull_to_neutral,0.12,0.9,5.0,-0.1,0,81,81,0.5925925925925926,0.3894230769230769,0.6388888888888888,0.5555555555555556,0.5925925925925926,0.3894230769230769,0.6388888888888888,0.5555555555555556,0.0,0.0,0.0,0.0
bull_to_bear,0.12,0.9,5.0,-0.1,0,81,81,0.5925925925925926,0.3894230769230769,0.6388888888888888,0.5555555555555556,0.5925925925925926,0.3894230769230769,0.6388888888888888,0.5555555555555556,0.0,0.0,0.0,0.0
bull_to_neutral,0.12,0.9,10.0,,0,81,81,0.5925925925925926,0.3894230769230769,0.6388888888888888,0.5555555555555556,0.5925925925925926,0.3894230769230769,0.6388888888888888,0.5555555555555556,0.0,0.0,0.0,0.0
bull_to_bear,0.12,0.9,10.0,,0,81,81,0.5925925925925926,0.3894230769230769,0.6388888888888888,0.5555555555555556,0.5925925925925926,0.3894230769230769,0.6388888888888888,0.5555555555555556,0.0,0.0,0.0,0.0
bull_to_neutral,0.12,0.9,10.0,0.0,0,81,81,0.5925925925925926,0.3894230769230769,0.6388888888888888,0.5555555555555556,0.5925925925925926,0.3894230769230769,0.6388888888888888,0.5555555555555556,0.0,0.0,0.0,0.0
bull_to_bear,0.12,0.9,10.0,0.0,0,81,81,0.5925925925925926,0.3894230769230769,0.6388888888888888,0.5555555555555556,0.5925925925925926,0.3894230769230769,0.6388888888888888,0.5555555555555556,0.0,0.0,0.0,0.0
bull_to_neutral,0.12,0.9,10.0,-0.05,0,81,81,0.5925925925925926,0.3894230769230769,0.6388888888888888,0.5555555555555556,0.5925925925925926,0.3894230769230769,0.6388888888888888,0.5555555555555556,0.0,0.0,0.0,0.0
bull_to_bear,0.12,0.9,10.0,-0.05,0,81,81,0.5925925925925926,0.3894230769230769,0.6388888888888888,0.5555555555555556,0.5925925925925926,0.3894230769230769,0.6388888888888888,0.5555555555555556,0.0,0.0,0.0,0.0
bull_to_neutral,0.12,0.9,10.0,-0.1,0,81,81,0.5925925925925926,0.3894230769230769,0.6388888888888888,0.5555555555555556,0.5925925925925926,0.3894230769230769,0.6388888888888888,0.5555555555555556,0.0,0.0,0.0,0.0
bull_to_bear,0.12,0.9,10.0,-0.1,0,81,81,0.5925925925925926,0.3894230769230769,0.6388888888888888,0.5555555555555556,0.5925925925925926,0.3894230769230769,0.6388888888888888,0.5555555555555556,0.0,0.0,0.0,0.0
bull_to_neutral,0.12,0.9,15.0,,0,81,81,0.5925925925925926,0.3894230769230769,0.6388888888888888,0.5555555555555556,0.5925925925925926,0.3894230769230769,0.6388888888888888,0.5555555555555556,0.0,0.0,0.0,0.0
bull_to_bear,0.12,0.9,15.0,,0,81,81,0.5925925925925926,0.3894230769230769,0.6388888888888888,0.5555555555555556,0.5925925925925926,0.3894230769230769,0.6388888888888888,0.5555555555555556,0.0,0.0,0.0,0.0
bull_to_neutral,0.12,0.9,15.0,0.0,0,81,81,0.5925925925925926,0.3894230769230769,0.6388888888888888,0.5555555555555556,0.5925925925925926,0.3894230769230769,0.6388888888888888,0.5555555555555556,0.0,0.0,0.0,0.0
bull_to_bear,0.12,0.9,15.0,0.0,0,81,81,0.5925925925925926,0.3894230769230769,0.6388888888888888,0.5555555555555556,0.5925925925925926,0.3894230769230769,0.6388888888888888,0.5555555555555556,0.0,0.0,0.0,0.0
bull_to_neutral,0.12,0.9,15.0,-0.05,0,81,81,0.5925925925925926,0.3894230769230769,0.6388888888888888,0.5555555555555556,0.5925925925925926,0.3894230769230769,0.6388888888888888,0.5555555555555556,0.0,0.0,0.0,0.0
bull_to_bear,0.12,0.9,15.0,-0.05,0,81,81,0.5925925925925926,0.3894230769230769,0.6388888888888888,0.5555555555555556,0.5925925925925926,0.3894230769230769,0.6388888888888888,0.5555555555555556,0.0,0.0,0.0,0.0
bull_to_neutral,0.12,0.9,15.0,-0.1,0,81,81,0.5925925925925926,0.3894230769230769,0.6388888888888888,0.5555555555555556,0.5925925925925926,0.3894230769230769,0.6388888888888888,0.5555555555555556,0.0,0.0,0.0,0.0
bull_to_bear,0.12,0.9,15.0,-0.1,0,81,81,0.5925925925925926,0.3894230769230769,0.6388888888888888,0.5555555555555556,0.5925925925925926,0.3894230769230769,0.6388888888888888,0.5555555555555556,0.0,0.0,0.0,0.0
bull_to_neutral,0.14,1.0,,,11,70,81,0.5925925925925926,0.3894230769230769,0.6388888888888888,0.5555555555555556,0.5428571428571428,0.33653846153846156,0.52,0.5555555555555556,-0.049735449735449744,-0.05288461538461536,-0.11888888888888882,0.0
bull_to_bear,0.14,1.0,,,11,81,81,0.5925925925925926,0.3894230769230769,0.6388888888888888,0.5555555555555556,0.48148148148148145,0.3894230769230769,0.52,0.4642857142857143,-0.1111111111111111,0.0,-0.11888888888888882,-0.09126984126984128
bull_to_neutral,0.14,1.0,,0.0,9,72,81,0.5925925925925926,0.3894230769230769,0.6388888888888888,0.5555555555555556,0.5416666666666666,0.34615384615384615,0.5185185185185185,0.5555555555555556,-0.05092592592592593,-0.04326923076923078,-0.12037037037037035,0.0
bull_to_bear,0.14,1.0,,0.0,9,81,81,0.5925925925925926,0.3894230769230769,0.6388888888888888,0.5555555555555556,0.48148148148148145,0.3894230769230769,0.5185185185185185,0.46296296296296297,-0.1111111111111111,0.0,-0.12037037037037035,-0.09259259259259262
bull_to_neutral,0.14,1.0,,-0.05,9,72,81,0.5925925925925926,0.3894230769230769,0.6388888888888888,0.5555555555555556,0.5416666666666666,0.34615384615384615,0.5185185185185185,0.5555555555555556,-0.05092592592592593,-0.04326923076923078,-0.12037037037037035,0.0
bull_to_bear,0.14,1.0,,-0.05,9,81,81,0.5925925925925926,0.3894230769230769,0.6388888888888888,0.5555555555555556,0.48148148148148145,0.3894230769230769,0.5185185185185185,0.46296296296296297,-0.1111111111111111,0.0,-0.12037037037037035,-0.09259259259259262
bull_to_neutral,0.14,1.0,,-0.1,9,72,81,0.5925925925925926,0.3894230769230769,0.6388888888888888,0.5555555555555556,0.5416666666666666,0.34615384615384615,0.5185185185185185,0.5555555555555556,-0.05092592592592593,-0.04326923076923078,-0.12037037037037035,0.0
bull_to_bear,0.14,1.0,,-0.1,9,81,81,0.5925925925925926,0.3894230769230769,0.6388888888888888,0.5555555555555556,0.48148148148148145,0.3894230769230769,0.5185185185185185,0.46296296296296297,-0.1111111111111111,0.0,-0.12037037037037035,-0.09259259259259262
bull_to_neutral,0.14,1.0,0.0,,5,76,81,0.5925925925925926,0.3894230769230769,0.6388888888888888,0.5555555555555556,0.5657894736842105,0.36538461538461536,0.5806451612903226,0.5555555555555556,-0.02680311890838205,-0.024038461538461564,-0.05824372759856622,0.0
bull_to_bear,0.14,1.0,0.0,,5,81,81,0.5925925925925926,0.3894230769230769,0.6388888888888888,0.5555555555555556,0.5308641975308642,0.3894230769230769,0.5806451612903226,0.5,-0.061728395061728336,0.0,-0.05824372759856622,-0.05555555555555558
bull_to_neutral,0.14,1.0,0.0,0.0,5,76,81,0.5925925925925926,0.3894230769230769,0.6388888888888888,0.5555555555555556,0.5657894736842105,0.36538461538461536,0.5806451612903226,0.5555555555555556,-0.02680311890838205,-0.024038461538461564,-0.05824372759856622,0.0
bull_to_bear,0.14,1.0,0.0,0.0,5,81,81,0.5925925925925926,0.3894230769230769,0.6388888888888888,0.5555555555555556,0.5308641975308642,0.3894230769230769,0.5806451612903226,0.5,-0.061728395061728336,0.0,-0.05824372759856622,-0.05555555555555558
bull_to_neutral,0.14,1.0,0.0,-0.05,5,76,81,0.5925925925925926,0.3894230769230769,0.6388888888888888,0.5555555555555556,0.5657894736842105,0.36538461538461536,0.5806451612903226,0.5555555555555556,-0.02680311890838205,-0.024038461538461564,-0.05824372759856622,0.0
bull_to_bear,0.14,1.0,0.0,-0.05,5,81,81,0.5925925925925926,0.3894230769230769,0.6388888888888888,0.5555555555555556,0.5308641975308642,0.3894230769230769,0.5806451612903226,0.5,-0.061728395061728336,0.0,-0.05824372759856622,-0.05555555555555558
bull_to_neutral,0.14,1.0,0.0,-0.1,5,76,81,0.5925925925925926,0.3894230769230769,0.6388888888888888,0.5555555555555556,0.5657894736842105,0.36538461538461536,0.5806451612903226,0.5555555555555556,-0.02680311890838205,-0.024038461538461564,-0.05824372759856622,0.0
bull_to_bear,0.14,1.0,0.0,-0.1,5,81,81,0.5925925925925926,0.3894230769230769,0.6388888888888888,0.5555555555555556,0.5308641975308642,0.3894230769230769,0.5806451612903226,0.5,-0.061728395061728336,0.0,-0.05824372759856622,-0.05555555555555558
bull_to_neutral,0.14,1.0,5.0,,3,78,81,0.5925925925925926,0.3894230769230769,0.6388888888888888,0.5555555555555556,0.5769230769230769,0.375,0.6060606060606061,0.5555555555555556,-0.015669515669515688,-0.014423076923076927,-0.03282828282828276,0.0
bull_to_bear,0.14,1.0,5.0,,3,81,81,0.5925925925925926,0.3894230769230769,0.6388888888888888,0.5555555555555556,0.5555555555555556,0.3894230769230769,0.6060606060606061,0.5208333333333334,-0.03703703703703698,0.0,-0.03282828282828276,-0.03472222222222221
bull_to_neutral,0.14,1.0,5.0,0.0,3,78,81,0.5925925925925926,0.3894230769230769,0.6388888888888888,0.5555555555555556,0.5769230769230769,0.375,0.6060606060606061,0.5555555555555556,-0.015669515669515688,-0.014423076923076927,-0.03282828282828276,0.0
bull_to_bear,0.14,1.0,5.0,0.0,3,81,81,0.5925925925925926,0.3894230769230769,0.6388888888888888,0.5555555555555556,0.5555555555555556,0.3894230769230769,0.6060606060606061,0.5208333333333334,-0.03703703703703698,0.0,-0.03282828282828276,-0.03472222222222221
bull_to_neutral,0.14,1.0,5.0,-0.05,3,78,81,0.5925925925925926,0.3894230769230769,0.6388888888888888,0.5555555555555556,0.5769230769230769,0.375,0.6060606060606061,0.5555555555555556,-0.015669515669515688,-0.014423076923076927,-0.03282828282828276,0.0
bull_to_bear,0.14,1.0,5.0,-0.05,3,81,81,0.5925925925925926,0.3894230769230769,0.6388888888888888,0.5555555555555556,0.5555555555555556,0.3894230769230769,0.6060606060606061,0.5208333333333334,-0.03703703703703698,0.0,-0.03282828282828276,-0.03472222222222221
bull_to_neutral,0.14,1.0,5.0,-0.1,3,78,81,0.5925925925925926,0.3894230769230769,0.6388888888888888,0.5555555555555556,0.5769230769230769,0.375,0.6060606060606061,0.5555555555555556,-0.015669515669515688,-0.014423076923076927,-0.03282828282828276,0.0
bull_to_bear,0.14,1.0,5.0,-0.1,3,81,81,0.5925925925925926,0.3894230769230769,0.6388888888888888,0.5555555555555556,0.5555555555555556,0.3894230769230769,0.6060606060606061,0.5208333333333334,-0.03703703703703698,0.0,-0.03282828282828276,-0.03472222222222221
bull_to_neutral,0.14,1.0,10.0,,2,79,81,0.5925925925925926,0.3894230769230769,0.6388888888888888,0.5555555555555556,0.5822784810126582,0.3798076923076923,0.6176470588235294,0.5555555555555556,-0.010314111579934337,-0.009615384615384637,-0.0212418300653594,0.0
bull_to_bear,0.14,1.0,10.0,,2,81,81,0.5925925925925926,0.3894230769230769,0.6388888888888888,0.5555555555555556,0.5679012345679012,0.3894230769230769,0.6176470588235294,0.5319148936170213,-0.024691358024691357,0.0,-0.0212418300653594,-0.023640661938534313
bull_to_neutral,0.14,1.0,10.0,0.0,2,79,81,0.5925925925925926,0.3894230769230769,0.6388888888888888,0.5555555555555556,0.5822784810126582,0.3798076923076923,0.6176470588235294,0.5555555555555556,-0.010314111579934337,-0.009615384615384637,-0.0212418300653594,0.0
bull_to_bear,0.14,1.0,10.0,0.0,2,81,81,0.5925925925925926,0.3894230769230769,0.6388888888888888,0.5555555555555556,0.5679012345679012,0.3894230769230769,0.6176470588235294,0.5319148936170213,-0.024691358024691357,0.0,-0.0212418300653594,-0.023640661938534313
bull_to_neutral,0.14,1.0,10.0,-0.05,2,79,81,0.5925925925925926,0.3894230769230769,0.6388888888888888,0.5555555555555556,0.5822784810126582,0.3798076923076923,0.6176470588235294,0.5555555555555556,-0.010314111579934337,-0.009615384615384637,-0.0212418300653594,0.0
bull_to_bear,0.14,1.0,10.0,-0.05,2,81,81,0.5925925925925926,0.3894230769230769,0.6388888888888888,0.5555555555555556,0.5679012345679012,0.3894230769230769,0.6176470588235294,0.5319148936170213,-0.024691358024691357,0.0,-0.0212418300653594,-0.023640661938534313
bull_to_neutral,0.14,1.0,10.0,-0.1,2,79,81,0.5925925925925926,0.3894230769230769,0.6388888888888888,0.5555555555555556,0.5822784810126582,0.3798076923076923,0.6176470588235294,0.5555555555555556,-0.010314111579934337,-0.009615384615384637,-0.0212418300653594,0.0
bull_to_bear,0.14,1.0,10.0,-0.1,2,81,81,0.5925925925925926,0.3894230769230769,0.6388888888888888,0.5555555555555556,0.5679012345679012,0.3894230769230769,0.6176470588235294,0.5319148936170213,-0.024691358024691357,0.0,-0.0212418300653594,-0.023640661938534313
bull_to_neutral,0.14,1.0,15.0,,2,79,81,0.5925925925925926,0.3894230769230769,0.6388888888888888,0.5555555555555556,0.5822784810126582,0.3798076923076923,0.6176470588235294,0.5555555555555556,-0.010314111579934337,-0.009615384615384637,-0.0212418300653594,0.0
bull_to_bear,0.14,1.0,15.0,,2,81,81,0.5925925925925926,0.3894230769230769,0.6388888888888888,0.5555555555555556,0.5679012345679012,0.3894230769230769,0.6176470588235294,0.5319148936170213,-0.024691358024691357,0.0,-0.0212418300653594,-0.023640661938534313
bull_to_neutral,0.14,1.0,15.0,0.0,2,79,81,0.5925925925925926,0.3894230769230769,0.6388888888888888,0.5555555555555556,0.5822784810126582,0.3798076923076923,0.6176470588235294,0.5555555555555556,-0.010314111579934337,-0.009615384615384637,-0.0212418300653594,0.0
bull_to_bear,0.14,1.0,15.0,0.0,2,81,81,0.5925925925925926,0.3894230769230769,0.6388888888888888,0.5555555555555556,0.5679012345679012,0.3894230769230769,0.6176470588235294,0.5319148936170213,-0.024691358024691357,0.0,-0.0212418300653594,-0.023640661938534313
bull_to_neutral,0.14,1.0,15.0,-0.05,2,79,81,0.5925925925925926,0.3894230769230769,0.6388888888888888,0.5555555555555556,0.5822784810126582,0.3798076923076923,0.6176470588235294,0.5555555555555556,-0.010314111579934337,-0.009615384615384637,-0.0212418300653594,0.0
bull_to_bear,0.14,1.0,15.0,-0.05,2,81,81,0.5925925925925926,0.3894230769230769,0.6388888888888888,0.5555555555555556,0.5679012345679012,0.3894230769230769,0.6176470588235294,0.5319148936170213,-0.024691358024691357,0.0,-0.0212418300653594,-0.023640661938534313
bull_to_neutral,0.14,1.0,15.0,-0.1,2,79,81,0.5925925925925926,0.3894230769230769,0.6388888888888888,0.5555555555555556,0.5822784810126582,0.3798076923076923,0.6176470588235294,0.5555555555555556,-0.010314111579934337,-0.009615384615384637,-0.0212418300653594,0.0
bull_to_bear,0.14,1.0,15.0,-0.1,2,81,81,0.5925925925925926,0.3894230769230769,0.6388888888888888,0.5555555555555556,0.5679012345679012,0.3894230769230769,0.6176470588235294,0.5319148936170213,-0.024691358024691357,0.0,-0.0212418300653594,-0.023640661938534313
bull_to_neutral,0.14,0.99,,,0,81,81,0.5925925925925926,0.3894230769230769,0.6388888888888888,0.5555555555555556,0.5925925925925926,0.3894230769230769,0.6388888888888888,0.5555555555555556,0.0,0.0,0.0,0.0
bull_to_bear,0.14,0.99,,,0,81,81,0.5925925925925926,0.3894230769230769,0.6388888888888888,0.5555555555555556,0.5925925925925926,0.3894230769230769,0.6388888888888888,0.5555555555555556,0.0,0.0,0.0,0.0
bull_to_neutral,0.14,0.99,,0.0,0,81,81,0.5925925925925926,0.3894230769230769,0.6388888888888888,0.5555555555555556,0.5925925925925926,0.3894230769230769,0.6388888888888888,0.5555555555555556,0.0,0.0,0.0,0.0
bull_to_bear,0.14,0.99,,0.0,0,81,81,0.5925925925925926,0.3894230769230769,0.6388888888888888,0.5555555555555556,0.5925925925925926,0.3894230769230769,0.6388888888888888,0.5555555555555556,0.0,0.0,0.0,0.0
bull_to_neutral,0.14,0.99,,-0.05,0,81,81,0.5925925925925926,0.3894230769230769,0.6388888888888888,0.5555555555555556,0.5925925925925926,0.3894230769230769,0.6388888888888888,0.5555555555555556,0.0,0.0,0.0,0.0
bull_to_bear,0.14,0.99,,-0.05,0,81,81,0.5925925925925926,0.3894230769230769,0.6388888888888888,0.5555555555555556,0.5925925925925926,0.3894230769230769,0.6388888888888888,0.5555555555555556,0.0,0.0,0.0,0.0
bull_to_neutral,0.14,0.99,,-0.1,0,81,81,0.5925925925925926,0.3894230769230769,0.6388888888888888,0.5555555555555556,0.5925925925925926,0.3894230769230769,0.6388888888888888,0.5555555555555556,0.0,0.0,0.0,0.0
bull_to_bear,0.14,0.99,,-0.1,0,81,81,0.5925925925925926,0.3894230769230769,0.6388888888888888,0.5555555555555556,0.5925925925925926,0.3894230769230769,0.6388888888888888,0.5555555555555556,0.0,0.0,0.0,0.0
bull_to_neutral,0.14,0.99,0.0,,0,81,81,0.5925925925925926,0.3894230769230769,0.6388888888888888,0.5555555555555556,0.5925925925925926,0.3894230769230769,0.6388888888888888,0.5555555555555556,0.0,0.0,0.0,0.0
bull_to_bear,0.14,0.99,0.0,,0,81,81,0.5925925925925926,0.3894230769230769,0.6388888888888888,0.5555555555555556,0.5925925925925926,0.3894230769230769,0.6388888888888888,0.5555555555555556,0.0,0.0,0.0,0.0
bull_to_neutral,0.14,0.99,0.0,0.0,0,81,81,0.5925925925925926,0.3894230769230769,0.6388888888888888,0.5555555555555556,0.5925925925925926,0.3894230769230769,0.6388888888888888,0.5555555555555556,0.0,0.0,0.0,0.0
bull_to_bear,0.14,0.99,0.0,0.0,0,81,81,0.5925925925925926,0.3894230769230769,0.6388888888888888,0.5555555555555556,0.5925925925925926,0.3894230769230769,0.6388888888888888,0.5555555555555556,0.0,0.0,0.0,0.0
bull_to_neutral,0.14,0.99,0.0,-0.05,0,81,81,0.5925925925925926,0.3894230769230769,0.6388888888888888,0.5555555555555556,0.5925925925925926,0.3894230769230769,0.6388888888888888,0.5555555555555556,0.0,0.0,0.0,0.0
bull_to_bear,0.14,0.99,0.0,-0.05,0,81,81,0.5925925925925926,0.3894230769230769,0.6388888888888888,0.5555555555555556,0.5925925925925926,0.3894230769230769,0.6388888888888888,0.5555555555555556,0.0,0.0,0.0,0.0
bull_to_neutral,0.14,0.99,0.0,-0.1,0,81,81,0.5925925925925926,0.3894230769230769,0.6388888888888888,0.5555555555555556,0.5925925925925926,0.3894230769230769,0.6388888888888888,0.5555555555555556,0.0,0.0,0.0,0.0
bull_to_bear,0.14,0.99,0.0,-0.1,0,81,81,0.5925925925925926,0.3894230769230769,0.6388888888888888,0.5555555555555556,0.5925925925925926,0.3894230769230769,0.6388888888888888,0.5555555555555556,0.0,0.0,0.0,0.0
bull_to_neutral,0.14,0.99,5.0,,0,81,81,0.5925925925925926,0.3894230769230769,0.6388888888888888,0.5555555555555556,0.5925925925925926,0.3894230769230769,0.6388888888888888,0.5555555555555556,0.0,0.0,0.0,0.0
bull_to_bear,0.14,0.99,5.0,,0,81,81,0.5925925925925926,0.3894230769230769,0.6388888888888888,0.5555555555555556,0.5925925925925926,0.3894230769230769,0.6388888888888888,0.5555555555555556,0.0,0.0,0.0,0.0
bull_to_neutral,0.14,0.99,5.0,0.0,0,81,81,0.5925925925925926,0.3894230769230769,0.6388888888888888,0.5555555555555556,0.5925925925925926,0.3894230769230769,0.6388888888888888,0.5555555555555556,0.0,0.0,0.0,0.0
bull_to_bear,0.14,0.99,5.0,0.0,0,81,81,0.5925925925925926,0.3894230769230769,0.6388888888888888,0.5555555555555556,0.5925925925925926,0.3894230769230769,0.6388888888888888,0.5555555555555556,0.0,0.0,0.0,0.0
bull_to_neutral,0.14,0.99,5.0,-0.05,0,81,81,0.5925925925925926,0.3894230769230769,0.6388888888888888,0.5555555555555556,0.5925925925925926,0.3894230769230769,0.6388888888888888,0.5555555555555556,0.0,0.0,0.0,0.0
bull_to_bear,0.14,0.99,5.0,-0.05,0,81,81,0.5925925925925926,0.3894230769230769,0.6388888888888888,0.5555555555555556,0.5925925925925926,0.3894230769230769,0.6388888888888888,0.5555555555555556,0.0,0.0,0.0,0.0
bull_to_neutral,0.14,0.99,5.0,-0.1,0,81,81,0.5925925925925926,0.3894230769230769,0.6388888888888888,0.5555555555555556,0.5925925925925926,0.3894230769230769,0.6388888888888888,0.5555555555555556,0.0,0.0,0.0,0.0
bull_to_bear,0.14,0.99,5.0,-0.1,0,81,81,0.5925925925925926,0.3894230769230769,0.6388888888888888,0.5555555555555556,0.5925925925925926,0.3894230769230769,0.6388888888888888,0.5555555555555556,0.0,0.0,0.0,0.0
bull_to_neutral,0.14,0.99,10.0,,0,81,81,0.5925925925925926,0.3894230769230769,0.6388888888888888,0.5555555555555556,0.5925925925925926,0.3894230769230769,0.6388888888888888,0.5555555555555556,0.0,0.0,0.0,0.0
bull_to_bear,0.14,0.99,10.0,,0,81,81,0.5925925925925926,0.3894230769230769,0.6388888888888888,0.5555555555555556,0.5925925925925926,0.3894230769230769,0.6388888888888888,0.5555555555555556,0.0,0.0,0.0,0.0
bull_to_neutral,0.14,0.99,10.0,0.0,0,81,81,0.5925925925925926,0.3894230769230769,0.6388888888888888,0.5555555555555556,0.5925925925925926,0.3894230769230769,0.6388888888888888,0.5555555555555556,0.0,0.0,0.0,0.0
bull_to_bear,0.14,0.99,10.0,0.0,0,81,81,0.5925925925925926,0.3894230769230769,0.6388888888888888,0.5555555555555556,0.5925925925925926,0.3894230769230769,0.6388888888888888,0.5555555555555556,0.0,0.0,0.0,0.0
bull_to_neutral,0.14,0.99,10.0,-0.05,0,81,81,0.5925925925925926,0.3894230769230769,0.6388888888888888,0.5555555555555556,0.5925925925925926,0.3894230769230769,0.6388888888888888,0.5555555555555556,0.0,0.0,0.0,0.0
bull_to_bear,0.14,0.99,10.0,-0.05,0,81,81,0.5925925925925926,0.3894230769230769,0.6388888888888888,0.5555555555555556,0.5925925925925926,0.3894230769230769,0.6388888888888888,0.5555555555555556,0.0,0.0,0.0,0.0
bull_to_neutral,0.14,0.99,10.0,-0.1,0,81,81,0.5925925925925926,0.3894230769230769,0.6388888888888888,0.5555555555555556,0.5925925925925926,0.3894230769230769,0.6388888888888888,0.5555555555555556,0.0,0.0,0.0,0.0
bull_to_bear,0.14,0.99,10.0,-0.1,0,81,81,0.5925925925925926,0.3894230769230769,0.6388888888888888,0.5555555555555556,0.5925925925925926,0.3894230769230769,0.6388888888888888,0.5555555555555556,0.0,0.0,0.0,0.0
bull_to_neutral,0.14,0.99,15.0,,0,81,81,0.5925925925925926,0.3894230769230769,0.6388888888888888,0.5555555555555556,0.5925925925925926,0.3894230769230769,0.6388888888888888,0.5555555555555556,0.0,0.0,0.0,0.0
bull_to_bear,0.14,0.99,15.0,,0,81,81,0.5925925925925926,0.3894230769230769,0.6388888888888888,0.5555555555555556,0.5925925925925926,0.3894230769230769,0.6388888888888888,0.5555555555555556,0.0,0.0,0.0,0.0
bull_to_neutral,0.14,0.99,15.0,0.0,0,81,81,0.5925925925925926,0.3894230769230769,0.6388888888888888,0.5555555555555556,0.5925925925925926,0.3894230769230769,0.6388888888888888,0.5555555555555556,0.0,0.0,0.0,0.0
bull_to_bear,0.14,0.99,15.0,0.0,0,81,81,0.5925925925925926,0.3894230769230769,0.6388888888888888,0.5555555555555556,0.5925925925925926,0.3894230769230769,0.6388888888888888,0.5555555555555556,0.0,0.0,0.0,0.0
bull_to_neutral,0.14,0.99,15.0,-0.05,0,81,81,0.5925925925925926,0.3894230769230769,0.6388888888888888,0.5555555555555556,0.5925925925925926,0.3894230769230769,0.6388888888888888,0.5555555555555556,0.0,0.0,0.0,0.0
bull_to_bear,0.14,0.99,15.0,-0.05,0,81,81,0.5925925925925926,0.3894230769230769,0.6388888888888888,0.5555555555555556,0.5925925925925926,0.3894230769230769,0.6388888888888888,0.5555555555555556,0.0,0.0,0.0,0.0
bull_to_neutral,0.14,0.99,15.0,-0.1,0,81,81,0.5925925925925926,0.3894230769230769,0.6388888888888888,0.5555555555555556,0.5925925925925926,0.3894230769230769,0.6388888888888888,0.5555555555555556,0.0,0.0,0.0,0.0
bull_to_bear,0.14,0.99,15.0,-0.1,0,81,81,0.5925925925925926,0.3894230769230769,0.6388888888888888,0.5555555555555556,0.5925925925925926,0.3894230769230769,0.6388888888888888,0.5555555555555556,0.0,0.0,0.0,0.0
bull_to_neutral,0.14,0.98,,,0,81,81,0.5925925925925926,0.3894230769230769,0.6388888888888888,0.5555555555555556,0.5925925925925926,0.3894230769230769,0.6388888888888888,0.5555555555555556,0.0,0.0,0.0,0.0
bull_to_bear,0.14,0.98,,,0,81,81,0.5925925925925926,0.3894230769230769,0.6388888888888888,0.5555555555555556,0.5925925925925926,0.3894230769230769,0.6388888888888888,0.5555555555555556,0.0,0.0,0.0,0.0
bull_to_neutral,0.14,0.98,,0.0,0,81,81,0.5925925925925926,0.3894230769230769,0.6388888888888888,0.5555555555555556,0.5925925925925926,0.3894230769230769,0.6388888888888888,0.5555555555555556,0.0,0.0,0.0,0.0
bull_to_bear,0.14,0.98,,0.0,0,81,81,0.5925925925925926,0.3894230769230769,0.6388888888888888,0.5555555555555556,0.5925925925925926,0.3894230769230769,0.6388888888888888,0.5555555555555556,0.0,0.0,0.0,0.0
bull_to_neutral,0.14,0.98,,-0.05,0,81,81,0.5925925925925926,0.3894230769230769,0.6388888888888888,0.5555555555555556,0.5925925925925926,0.3894230769230769,0.6388888888888888,0.5555555555555556,0.0,0.0,0.0,0.0
bull_to_bear,0.14,0.98,,-0.05,0,81,81,0.5925925925925926,0.3894230769230769,0.6388888888888888,0.5555555555555556,0.5925925925925926,0.3894230769230769,0.6388888888888888,0.5555555555555556,0.0,0.0,0.0,0.0
bull_to_neutral,0.14,0.98,,-0.1,0,81,81,0.5925925925925926,0.3894230769230769,0.6388888888888888,0.5555555555555556,0.5925925925925926,0.3894230769230769,0.6388888888888888,0.5555555555555556,0.0,0.0,0.0,0.0
bull_to_bear,0.14,0.98,,-0.1,0,81,81,0.5925925925925926,0.3894230769230769,0.6388888888888888,0.5555555555555556,0.5925925925925926,0.3894230769230769,0.6388888888888888,0.5555555555555556,0.0,0.0,0.0,0.0
bull_to_neutral,0.14,0.98,0.0,,0,81,81,0.5925925925925926,0.3894230769230769,0.6388888888888888,0.5555555555555556,0.5925925925925926,0.3894230769230769,0.6388888888888888,0.5555555555555556,0.0,0.0,0.0,0.0
bull_to_bear,0.14,0.98,0.0,,0,81,81,0.5925925925925926,0.3894230769230769,0.6388888888888888,0.5555555555555556,0.5925925925925926,0.3894230769230769,0.6388888888888888,0.5555555555555556,0.0,0.0,0.0,0.0
bull_to_neutral,0.14,0.98,0.0,0.0,0,81,81,0.5925925925925926,0.3894230769230769,0.6388888888888888,0.5555555555555556,0.5925925925925926,0.3894230769230769,0.6388888888888888,0.5555555555555556,0.0,0.0,0.0,0.0
bull_to_bear,0.14,0.98,0.0,0.0,0,81,81,0.5925925925925926,0.3894230769230769,0.6388888888888888,0.5555555555555556,0.5925925925925926,0.3894230769230769,0.6388888888888888,0.5555555555555556,0.0,0.0,0.0,0.0
bull_to_neutral,0.14,0.98,0.0,-0.05,0,81,81,0.5925925925925926,0.3894230769230769,0.6388888888888888,0.5555555555555556,0.5925925925925926,0.3894230769230769,0.6388888888888888,0.5555555555555556,0.0,0.0,0.0,0.0
bull_to_bear,0.14,0.98,0.0,-0.05,0,81,81,0.5925925925925926,0.3894230769230769,0.6388888888888888,0.5555555555555556,0.5925925925925926,0.3894230769230769,0.6388888888888888,0.5555555555555556,0.0,0.0,0.0,0.0
bull_to_neutral,0.14,0.98,0.0,-0.1,0,81,81,0.5925925925925926,0.3894230769230769,0.6388888888888888,0.5555555555555556,0.5925925925925926,0.3894230769230769,0.6388888888888888,0.5555555555555556,0.0,0.0,0.0,0.0
bull_to_bear,0.14,0.98,0.0,-0.1,0,81,81,0.5925925925925926,0.3894230769230769,0.6388888888888888,0.5555555555555556,0.5925925925925926,0.3894230769230769,0.6388888888888888,0.5555555555555556,0.0,0.0,0.0,0.0
bull_to_neutral,0.14,0.98,5.0,,0,81,81,0.5925925925925926,0.3894230769230769,0.6388888888888888,0.5555555555555556,0.5925925925925926,0.3894230769230769,0.6388888888888888,0.5555555555555556,0.0,0.0,0.0,0.0
bull_to_bear,0.14,0.98,5.0,,0,81,81,0.5925925925925926,0.3894230769230769,0.6388888888888888,0.5555555555555556,0.5925925925925926,0.3894230769230769,0.6388888888888888,0.5555555555555556,0.0,0.0,0.0,0.0
bull_to_neutral,0.14,0.98,5.0,0.0,0,81,81,0.5925925925925926,0.3894230769230769,0.6388888888888888,0.5555555555555556,0.5925925925925926,0.3894230769230769,0.6388888888888888,0.5555555555555556,0.0,0.0,0.0,0.0
bull_to_bear,0.14,0.98,5.0,0.0,0,81,81,0.5925925925925926,0.3894230769230769,0.6388888888888888,0.5555555555555556,0.5925925925925926,0.3894230769230769,0.6388888888888888,0.5555555555555556,0.0,0.0,0.0,0.0
bull_to_neutral,0.14,0.98,5.0,-0.05,0,81,81,0.5925925925925926,0.3894230769230769,0.6388888888888888,0.5555555555555556,0.5925925925925926,0.3894230769230769,0.6388888888888888,0.5555555555555556,0.0,0.0,0.0,0.0
bull_to_bear,0.14,0.98,5.0,-0.05,0,81,81,0.5925925925925926,0.3894230769230769,0.6388888888888888,0.5555555555555556,0.5925925925925926,0.3894230769230769,0.6388888888888888,0.5555555555555556,0.0,0.0,0.0,0.0
bull_to_neutral,0.14,0.98,5.0,-0.1,0,81,81,0.5925925925925926,0.3894230769230769,0.6388888888888888,0.5555555555555556,0.5925925925925926,0.3894230769230769,0.6388888888888888,0.5555555555555556,0.0,0.0,0.0,0.0
bull_to_bear,0.14,0.98,5.0,-0.1,0,81,81,0.5925925925925926,0.3894230769230769,0.6388888888888888,0.5555555555555556,0.5925925925925926,0.3894230769230769,0.6388888888888888,0.5555555555555556,0.0,0.0,0.0,0.0
bull_to_neutral,0.14,0.98,10.0,,0,81,81,0.5925925925925926,0.3894230769230769,0.6388888888888888,0.5555555555555556,0.5925925925925926,0.3894230769230769,0.6388888888888888,0.5555555555555556,0.0,0.0,0.0,0.0
bull_to_bear,0.14,0.98,10.0,,0,81,81,0.5925925925925926,0.3894230769230769,0.6388888888888888,0.5555555555555556,0.5925925925925926,0.3894230769230769,0.6388888888888888,0.5555555555555556,0.0,0.0,0.0,0.0
bull_to_neutral,0.14,0.98,10.0,0.0,0,81,81,0.5925925925925926,0.3894230769230769,0.6388888888888888,0.5555555555555556,0.5925925925925926,0.3894230769230769,0.6388888888888888,0.5555555555555556,0.0,0.0,0.0,0.0
bull_to_bear,0.14,0.98,10.0,0.0,0,81,81,0.5925925925925926,0.3894230769230769,0.6388888888888888,0.5555555555555556,0.5925925925925926,0.3894230769230769,0.6388888888888888,0.5555555555555556,0.0,0.0,0.0,0.0
bull_to_neutral,0.14,0.98,10.0,-0.05,0,81,81,0.5925925925925926,0.3894230769230769,0.6388888888888888,0.5555555555555556,0.5925925925925926,0.3894230769230769,0.6388888888888888,0.5555555555555556,0.0,0.0,0.0,0.0
bull_to_bear,0.14,0.98,10.0,-0.05,0,81,81,0.5925925925925926,0.3894230769230769,0.6388888888888888,0.5555555555555556,0.5925925925925926,0.3894230769230769,0.6388888888888888,0.5555555555555556,0.0,0.0,0.0,0.0
bull_to_neutral,0.14,0.98,10.0,-0.1,0,81,81,0.5925925925925926,0.3894230769230769,0.6388888888888888,0.5555555555555556,0.5925925925925926,0.3894230769230769,0.6388888888888888,0.5555555555555556,0.0,0.0,0.0,0.0
bull_to_bear,0.14,0.98,10.0,-0.1,0,81,81,0.5925925925925926,0.3894230769230769,0.6388888888888888,0.5555555555555556,0.5925925925925926,0.3894230769230769,0.6388888888888888,0.5555555555555556,0.0,0.0,0.0,0.0
bull_to_neutral,0.14,0.98,15.0,,0,81,81,0.5925925925925926,0.3894230769230769,0.6388888888888888,0.5555555555555556,0.5925925925925926,0.3894230769230769,0.6388888888888888,0.5555555555555556,0.0,0.0,0.0,0.0
bull_to_bear,0.14,0.98,15.0,,0,81,81,0.5925925925925926,0.3894230769230769,0.6388888888888888,0.5555555555555556,0.5925925925925926,0.3894230769230769,0.6388888888888888,0.5555555555555556,0.0,0.0,0.0,0.0
bull_to_neutral,0.14,0.98,15.0,0.0,0,81,81,0.5925925925925926,0.3894230769230769,0.6388888888888888,0.5555555555555556,0.5925925925925926,0.3894230769230769,0.6388888888888888,0.5555555555555556,0.0,0.0,0.0,0.0
bull_to_bear,0.14,0.98,15.0,0.0,0,81,81,0.5925925925925926,0.3894230769230769,0.6388888888888888,0.5555555555555556,0.5925925925925926,0.3894230769230769,0.6388888888888888,0.5555555555555556,0.0,0.0,0.0,0.0
bull_to_neutral,0.14,0.98,15.0,-0.05,0,81,81,0.5925925925925926,0.3894230769230769,0.6388888888888888,0.5555555555555556,0.5925925925925926,0.3894230769230769,0.6388888888888888,0.5555555555555556,0.0,0.0,0.0,0.0
bull_to_bear,0.14,0.98,15.0,-0.05,0,81,81,0.5925925925925926,0.3894230769230769,0.6388888888888888,0.5555555555555556,0.5925925925925926,0.3894230769230769,0.6388888888888888,0.5555555555555556,0.0,0.0,0.0,0.0
bull_to_neutral,0.14,0.98,15.0,-0.1,0,81,81,0.5925925925925926,0.3894230769230769,0.6388888888888888,0.5555555555555556,0.5925925925925926,0.3894230769230769,0.6388888888888888,0.5555555555555556,0.0,0.0,0.0,0.0
bull_to_bear,0.14,0.98,15.0,-0.1,0,81,81,0.5925925925925926,0.3894230769230769,0.6388888888888888,0.5555555555555556,0.5925925925925926,0.3894230769230769,0.6388888888888888,0.5555555555555556,0.0,0.0,0.0,0.0
bull_to_neutral,0.14,0.97,,,0,81,81,0.5925925925925926,0.3894230769230769,0.6388888888888888,0.5555555555555556,0.5925925925925926,0.3894230769230769,0.6388888888888888,0.5555555555555556,0.0,0.0,0.0,0.0
bull_to_bear,0.14,0.97,,,0,81,81,0.5925925925925926,0.3894230769230769,0.6388888888888888,0.5555555555555556,0.5925925925925926,0.3894230769230769,0.6388888888888888,0.5555555555555556,0.0,0.0,0.0,0.0
bull_to_neutral,0.14,0.97,,0.0,0,81,81,0.5925925925925926,0.3894230769230769,0.6388888888888888,0.5555555555555556,0.5925925925925926,0.3894230769230769,0.6388888888888888,0.5555555555555556,0.0,0.0,0.0,0.0
bull_to_bear,0.14,0.97,,0.0,0,81,81,0.5925925925925926,0.3894230769230769,0.6388888888888888,0.5555555555555556,0.5925925925925926,0.3894230769230769,0.6388888888888888,0.5555555555555556,0.0,0.0,0.0,0.0
bull_to_neutral,0.14,0.97,,-0.05,0,81,81,0.5925925925925926,0.3894230769230769,0.6388888888888888,0.5555555555555556,0.5925925925925926,0.3894230769230769,0.6388888888888888,0.5555555555555556,0.0,0.0,0.0,0.0
bull_to_bear,0.14,0.97,,-0.05,0,81,81,0.5925925925925926,0.3894230769230769,0.6388888888888888,0.5555555555555556,0.5925925925925926,0.3894230769230769,0.6388888888888888,0.5555555555555556,0.0,0.0,0.0,0.0
bull_to_neutral,0.14,0.97,,-0.1,0,81,81,0.5925925925925926,0.3894230769230769,0.6388888888888888,0.5555555555555556,0.5925925925925926,0.3894230769230769,0.6388888888888888,0.5555555555555556,0.0,0.0,0.0,0.0
bull_to_bear,0.14,0.97,,-0.1,0,81,81,0.5925925925925926,0.3894230769230769,0.6388888888888888,0.5555555555555556,0.5925925925925926,0.3894230769230769,0.6388888888888888,0.5555555555555556,0.0,0.0,0.0,0.0
bull_to_neutral,0.14,0.97,0.0,,0,81,81,0.5925925925925926,0.3894230769230769,0.6388888888888888,0.5555555555555556,0.5925925925925926,0.3894230769230769,0.6388888888888888,0.5555555555555556,0.0,0.0,0.0,0.0
bull_to_bear,0.14,0.97,0.0,,0,81,81,0.5925925925925926,0.3894230769230769,0.6388888888888888,0.5555555555555556,0.5925925925925926,0.3894230769230769,0.6388888888888888,0.5555555555555556,0.0,0.0,0.0,0.0
bull_to_neutral,0.14,0.97,0.0,0.0,0,81,81,0.5925925925925926,0.3894230769230769,0.6388888888888888,0.5555555555555556,0.5925925925925926,0.3894230769230769,0.6388888888888888,0.5555555555555556,0.0,0.0,0.0,0.0
bull_to_bear,0.14,0.97,0.0,0.0,0,81,81,0.5925925925925926,0.3894230769230769,0.6388888888888888,0.5555555555555556,0.5925925925925926,0.3894230769230769,0.6388888888888888,0.5555555555555556,0.0,0.0,0.0,0.0
bull_to_neutral,0.14,0.97,0.0,-0.05,0,81,81,0.5925925925925926,0.3894230769230769,0.6388888888888888,0.5555555555555556,0.5925925925925926,0.3894230769230769,0.6388888888888888,0.5555555555555556,0.0,0.0,0.0,0.0
bull_to_bear,0.14,0.97,0.0,-0.05,0,81,81,0.5925925925925926,0.3894230769230769,0.6388888888888888,0.5555555555555556,0.5925925925925926,0.3894230769230769,0.6388888888888888,0.5555555555555556,0.0,0.0,0.0,0.0
bull_to_neutral,0.14,0.97,0.0,-0.1,0,81,81,0.5925925925925926,0.3894230769230769,0.6388888888888888,0.5555555555555556,0.5925925925925926,0.3894230769230769,0.6388888888888888,0.5555555555555556,0.0,0.0,0.0,0.0
bull_to_bear,0.14,0.97,0.0,-0.1,0,81,81,0.5925925925925926,0.3894230769230769,0.6388888888888888,0.5555555555555556,0.5925925925925926,0.3894230769230769,0.6388888888888888,0.5555555555555556,0.0,0.0,0.0,0.0
bull_to_neutral,0.14,0.97,5.0,,0,81,81,0.5925925925925926,0.3894230769230769,0.6388888888888888,0.5555555555555556,0.5925925925925926,0.3894230769230769,0.6388888888888888,0.5555555555555556,0.0,0.0,0.0,0.0
bull_to_bear,0.14,0.97,5.0,,0,81,81,0.5925925925925926,0.3894230769230769,0.6388888888888888,0.5555555555555556,0.5925925925925926,0.3894230769230769,0.6388888888888888,0.5555555555555556,0.0,0.0,0.0,0.0
bull_to_neutral,0.14,0.97,5.0,0.0,0,81,81,0.5925925925925926,0.3894230769230769,0.6388888888888888,0.5555555555555556,0.5925925925925926,0.3894230769230769,0.6388888888888888,0.5555555555555556,0.0,0.0,0.0,0.0
bull_to_bear,0.14,0.97,5.0,0.0,0,81,81,0.5925925925925926,0.3894230769230769,0.6388888888888888,0.5555555555555556,0.5925925925925926,0.3894230769230769,0.6388888888888888,0.5555555555555556,0.0,0.0,0.0,0.0
bull_to_neutral,0.14,0.97,5.0,-0.05,0,81,81,0.5925925925925926,0.3894230769230769,0.6388888888888888,0.5555555555555556,0.5925925925925926,0.3894230769230769,0.6388888888888888,0.5555555555555556,0.0,0.0,0.0,0.0
bull_to_bear,0.14,0.97,5.0,-0.05,0,81,81,0.5925925925925926,0.3894230769230769,0.6388888888888888,0.5555555555555556,0.5925925925925926,0.3894230769230769,0.6388888888888888,0.5555555555555556,0.0,0.0,0.0,0.0
bull_to_neutral,0.14,0.97,5.0,-0.1,0,81,81,0.5925925925925926,0.3894230769230769,0.6388888888888888,0.5555555555555556,0.5925925925925926,0.3894230769230769,0.6388888888888888,0.5555555555555556,0.0,0.0,0.0,0.0
bull_to_bear,0.14,0.97,5.0,-0.1,0,81,81,0.5925925925925926,0.3894230769230769,0.6388888888888888,0.5555555555555556,0.5925925925925926,0.3894230769230769,0.6388888888888888,0.5555555555555556,0.0,0.0,0.0,0.0
bull_to_neutral,0.14,0.97,10.0,,0,81,81,0.5925925925925926,0.3894230769230769,0.6388888888888888,0.5555555555555556,0.5925925925925926,0.3894230769230769,0.6388888888888888,0.5555555555555556,0.0,0.0,0.0,0.0
bull_to_bear,0.14,0.97,10.0,,0,81,81,0.5925925925925926,0.3894230769230769,0.6388888888888888,0.5555555555555556,0.5925925925925926,0.3894230769230769,0.6388888888888888,0.5555555555555556,0.0,0.0,0.0,0.0
bull_to_neutral,0.14,0.97,10.0,0.0,0,81,81,0.5925925925925926,0.3894230769230769,0.6388888888888888,0.5555555555555556,0.5925925925925926,0.3894230769230769,0.6388888888888888,0.5555555555555556,0.0,0.0,0.0,0.0
bull_to_bear,0.14,0.97,10.0,0.0,0,81,81,0.5925925925925926,0.3894230769230769,0.6388888888888888,0.5555555555555556,0.5925925925925926,0.3894230769230769,0.6388888888888888,0.5555555555555556,0.0,0.0,0.0,0.0
bull_to_neutral,0.14,0.97,10.0,-0.05,0,81,81,0.5925925925925926,0.3894230769230769,0.6388888888888888,0.5555555555555556,0.5925925925925926,0.3894230769230769,0.6388888888888888,0.5555555555555556,0.0,0.0,0.0,0.0
bull_to_bear,0.14,0.97,10.0,-0.05,0,81,81,0.5925925925925926,0.3894230769230769,0.6388888888888888,0.5555555555555556,0.5925925925925926,0.3894230769230769,0.6388888888888888,0.5555555555555556,0.0,0.0,0.0,0.0
bull_to_neutral,0.14,0.97,10.0,-0.1,0,81,81,0.5925925925925926,0.3894230769230769,0.6388888888888888,0.5555555555555556,0.5925925925925926,0.3894230769230769,0.6388888888888888,0.5555555555555556,0.0,0.0,0.0,0.0
bull_to_bear,0.14,0.97,10.0,-0.1,0,81,81,0.5925925925925926,0.3894230769230769,0.6388888888888888,0.5555555555555556,0.5925925925925926,0.3894230769230769,0.6388888888888888,0.5555555555555556,0.0,0.0,0.0,0.0
bull_to_neutral,0.14,0.97,15.0,,0,81,81,0.5925925925925926,0.3894230769230769,0.6388888888888888,0.5555555555555556,0.5925925925925926,0.3894230769230769,0.6388888888888888,0.5555555555555556,0.0,0.0,0.0,0.0
bull_to_bear,0.14,0.97,15.0,,0,81,81,0.5925925925925926,0.3894230769230769,0.6388888888888888,0.5555555555555556,0.5925925925925926,0.3894230769230769,0.6388888888888888,0.5555555555555556,0.0,0.0,0.0,0.0
bull_to_neutral,0.14,0.97,15.0,0.0,0,81,81,0.5925925925925926,0.3894230769230769,0.6388888888888888,0.5555555555555556,0.5925925925925926,0.3894230769230769,0.6388888888888888,0.5555555555555556,0.0,0.0,0.0,0.0
bull_to_bear,0.14,0.97,15.0,0.0,0,81,81,0.5925925925925926,0.3894230769230769,0.6388888888888888,0.5555555555555556,0.5925925925925926,0.3894230769230769,0.6388888888888888,0.5555555555555556,0.0,0.0,0.0,0.0
bull_to_neutral,0.14,0.97,15.0,-0.05,0,81,81,0.5925925925925926,0.3894230769230769,0.6388888888888888,0.5555555555555556,0.5925925925925926,0.3894230769230769,0.6388888888888888,0.5555555555555556,0.0,0.0,0.0,0.0
bull_to_bear,0.14,0.97,15.0,-0.05,0,81,81,0.5925925925925926,0.3894230769230769,0.6388888888888888,0.5555555555555556,0.5925925925925926,0.3894230769230769,0.6388888888888888,0.5555555555555556,0.0,0.0,0.0,0.0
bull_to_neutral,0.14,0.97,15.0,-0.1,0,81,81,0.5925925925925926,0.3894230769230769,0.6388888888888888,0.5555555555555556,0.5925925925925926,0.3894230769230769,0.6388888888888888,0.5555555555555556,0.0,0.0,0.0,0.0
bull_to_bear,0.14,0.97,15.0,-0.1,0,81,81,0.5925925925925926,0.3894230769230769,0.6388888888888888,0.5555555555555556,0.5925925925925926,0.3894230769230769,0.6388888888888888,0.5555555555555556,0.0,0.0,0.0,0.0
bull_to_neutral,0.14,0.95,,,0,81,81,0.5925925925925926,0.3894230769230769,0.6388888888888888,0.5555555555555556,0.5925925925925926,0.3894230769230769,0.6388888888888888,0.5555555555555556,0.0,0.0,0.0,0.0
bull_to_bear,0.14,0.95,,,0,81,81,0.5925925925925926,0.3894230769230769,0.6388888888888888,0.5555555555555556,0.5925925925925926,0.3894230769230769,0.6388888888888888,0.5555555555555556,0.0,0.0,0.0,0.0
bull_to_neutral,0.14,0.95,,0.0,0,81,81,0.5925925925925926,0.3894230769230769,0.6388888888888888,0.5555555555555556,0.5925925925925926,0.3894230769230769,0.6388888888888888,0.5555555555555556,0.0,0.0,0.0,0.0
bull_to_bear,0.14,0.95,,0.0,0,81,81,0.5925925925925926,0.3894230769230769,0.6388888888888888,0.5555555555555556,0.5925925925925926,0.3894230769230769,0.6388888888888888,0.5555555555555556,0.0,0.0,0.0,0.0
bull_to_neutral,0.14,0.95,,-0.05,0,81,81,0.5925925925925926,0.3894230769230769,0.6388888888888888,0.5555555555555556,0.5925925925925926,0.3894230769230769,0.6388888888888888,0.5555555555555556,0.0,0.0,0.0,0.0
bull_to_bear,0.14,0.95,,-0.05,0,81,81,0.5925925925925926,0.3894230769230769,0.6388888888888888,0.5555555555555556,0.5925925925925926,0.3894230769230769,0.6388888888888888,0.5555555555555556,0.0,0.0,0.0,0.0
bull_to_neutral,0.14,0.95,,-0.1,0,81,81,0.5925925925925926,0.3894230769230769,0.6388888888888888,0.5555555555555556,0.5925925925925926,0.3894230769230769,0.6388888888888888,0.5555555555555556,0.0,0.0,0.0,0.0
bull_to_bear,0.14,0.95,,-0.1,0,81,81,0.5925925925925926,0.3894230769230769,0.6388888888888888,0.5555555555555556,0.5925925925925926,0.3894230769230769,0.6388888888888888,0.5555555555555556,0.0,0.0,0.0,0.0
bull_to_neutral,0.14,0.95,0.0,,0,81,81,0.5925925925925926,0.3894230769230769,0.6388888888888888,0.5555555555555556,0.5925925925925926,0.3894230769230769,0.6388888888888888,0.5555555555555556,0.0,0.0,0.0,0.0
bull_to_bear,0.14,0.95,0.0,,0,81,81,0.5925925925925926,0.3894230769230769,0.6388888888888888,0.5555555555555556,0.5925925925925926,0.3894230769230769,0.6388888888888888,0.5555555555555556,0.0,0.0,0.0,0.0
bull_to_neutral,0.14,0.95,0.0,0.0,0,81,81,0.5925925925925926,0.3894230769230769,0.6388888888888888,0.5555555555555556,0.5925925925925926,0.3894230769230769,0.6388888888888888,0.5555555555555556,0.0,0.0,0.0,0.0
bull_to_bear,0.14,0.95,0.0,0.0,0,81,81,0.5925925925925926,0.3894230769230769,0.6388888888888888,0.5555555555555556,0.5925925925925926,0.3894230769230769,0.6388888888888888,0.5555555555555556,0.0,0.0,0.0,0.0
bull_to_neutral,0.14,0.95,0.0,-0.05,0,81,81,0.5925925925925926,0.3894230769230769,0.6388888888888888,0.5555555555555556,0.5925925925925926,0.3894230769230769,0.6388888888888888,0.5555555555555556,0.0,0.0,0.0,0.0
bull_to_bear,0.14,0.95,0.0,-0.05,0,81,81,0.5925925925925926,0.3894230769230769,0.6388888888888888,0.5555555555555556,0.5925925925925926,0.3894230769230769,0.6388888888888888,0.5555555555555556,0.0,0.0,0.0,0.0
bull_to_neutral,0.14,0.95,0.0,-0.1,0,81,81,0.5925925925925926,0.3894230769230769,0.6388888888888888,0.5555555555555556,0.5925925925925926,0.3894230769230769,0.6388888888888888,0.5555555555555556,0.0,0.0,0.0,0.0
bull_to_bear,0.14,0.95,0.0,-0.1,0,81,81,0.5925925925925926,0.3894230769230769,0.6388888888888888,0.5555555555555556,0.5925925925925926,0.3894230769230769,0.6388888888888888,0.5555555555555556,0.0,0.0,0.0,0.0
bull_to_neutral,0.14,0.95,5.0,,0,81,81,0.5925925925925926,0.3894230769230769,0.6388888888888888,0.5555555555555556,0.5925925925925926,0.3894230769230769,0.6388888888888888,0.5555555555555556,0.0,0.0,0.0,0.0
bull_to_bear,0.14,0.95,5.0,,0,81,81,0.5925925925925926,0.3894230769230769,0.6388888888888888,0.5555555555555556,0.5925925925925926,0.3894230769230769,0.6388888888888888,0.5555555555555556,0.0,0.0,0.0,0.0
bull_to_neutral,0.14,0.95,5.0,0.0,0,81,81,0.5925925925925926,0.3894230769230769,0.6388888888888888,0.5555555555555556,0.5925925925925926,0.3894230769230769,0.6388888888888888,0.5555555555555556,0.0,0.0,0.0,0.0
bull_to_bear,0.14,0.95,5.0,0.0,0,81,81,0.5925925925925926,0.3894230769230769,0.6388888888888888,0.5555555555555556,0.5925925925925926,0.3894230769230769,0.6388888888888888,0.5555555555555556,0.0,0.0,0.0,0.0
bull_to_neutral,0.14,0.95,5.0,-0.05,0,81,81,0.5925925925925926,0.3894230769230769,0.6388888888888888,0.5555555555555556,0.5925925925925926,0.3894230769230769,0.6388888888888888,0.5555555555555556,0.0,0.0,0.0,0.0
bull_to_bear,0.14,0.95,5.0,-0.05,0,81,81,0.5925925925925926,0.3894230769230769,0.6388888888888888,0.5555555555555556,0.5925925925925926,0.3894230769230769,0.6388888888888888,0.5555555555555556,0.0,0.0,0.0,0.0
bull_to_neutral,0.14,0.95,5.0,-0.1,0,81,81,0.5925925925925926,0.3894230769230769,0.6388888888888888,0.5555555555555556,0.5925925925925926,0.3894230769230769,0.6388888888888888,0.5555555555555556,0.0,0.0,0.0,0.0
bull_to_bear,0.14,0.95,5.0,-0.1,0,81,81,0.5925925925925926,0.3894230769230769,0.6388888888888888,0.5555555555555556,0.5925925925925926,0.3894230769230769,0.6388888888888888,0.5555555555555556,0.0,0.0,0.0,0.0
bull_to_neutral,0.14,0.95,10.0,,0,81,81,0.5925925925925926,0.3894230769230769,0.6388888888888888,0.5555555555555556,0.5925925925925926,0.3894230769230769,0.6388888888888888,0.5555555555555556,0.0,0.0,0.0,0.0
bull_to_bear,0.14,0.95,10.0,,0,81,81,0.5925925925925926,0.3894230769230769,0.6388888888888888,0.5555555555555556,0.5925925925925926,0.3894230769230769,0.6388888888888888,0.5555555555555556,0.0,0.0,0.0,0.0
bull_to_neutral,0.14,0.95,10.0,0.0,0,81,81,0.5925925925925926,0.3894230769230769,0.6388888888888888,0.5555555555555556,0.5925925925925926,0.3894230769230769,0.6388888888888888,0.5555555555555556,0.0,0.0,0.0,0.0
bull_to_bear,0.14,0.95,10.0,0.0,0,81,81,0.5925925925925926,0.3894230769230769,0.6388888888888888,0.5555555555555556,0.5925925925925926,0.3894230769230769,0.6388888888888888,0.5555555555555556,0.0,0.0,0.0,0.0
bull_to_neutral,0.14,0.95,10.0,-0.05,0,81,81,0.5925925925925926,0.3894230769230769,0.6388888888888888,0.5555555555555556,0.5925925925925926,0.3894230769230769,0.6388888888888888,0.5555555555555556,0.0,0.0,0.0,0.0
bull_to_bear,0.14,0.95,10.0,-0.05,0,81,81,0.5925925925925926,0.3894230769230769,0.6388888888888888,0.5555555555555556,0.5925925925925926,0.3894230769230769,0.6388888888888888,0.5555555555555556,0.0,0.0,0.0,0.0
bull_to_neutral,0.14,0.95,10.0,-0.1,0,81,81,0.5925925925925926,0.3894230769230769,0.6388888888888888,0.5555555555555556,0.5925925925925926,0.3894230769230769,0.6388888888888888,0.5555555555555556,0.0,0.0,0.0,0.0
bull_to_bear,0.14,0.95,10.0,-0.1,0,81,81,0.5925925925925926,0.3894230769230769,0.6388888888888888,0.5555555555555556,0.5925925925925926,0.3894230769230769,0.6388888888888888,0.5555555555555556,0.0,0.0,0.0,0.0
bull_to_neutral,0.14,0.95,15.0,,0,81,81,0.5925925925925926,0.3894230769230769,0.6388888888888888,0.5555555555555556,0.5925925925925926,0.3894230769230769,0.6388888888888888,0.5555555555555556,0.0,0.0,0.0,0.0
bull_to_bear,0.14,0.95,15.0,,0,81,81,0.5925925925925926,0.3894230769230769,0.6388888888888888,0.5555555555555556,0.5925925925925926,0.3894230769230769,0.6388888888888888,0.5555555555555556,0.0,0.0,0.0,0.0
bull_to_neutral,0.14,0.95,15.0,0.0,0,81,81,0.5925925925925926,0.3894230769230769,0.6388888888888888,0.5555555555555556,0.5925925925925926,0.3894230769230769,0.6388888888888888,0.5555555555555556,0.0,0.0,0.0,0.0
bull_to_bear,0.14,0.95,15.0,0.0,0,81,81,0.5925925925925926,0.3894230769230769,0.6388888888888888,0.5555555555555556,0.5925925925925926,0.3894230769230769,0.6388888888888888,0.5555555555555556,0.0,0.0,0.0,0.0
bull_to_neutral,0.14,0.95,15.0,-0.05,0,81,81,0.5925925925925926,0.3894230769230769,0.6388888888888888,0.5555555555555556,0.5925925925925926,0.3894230769230769,0.6388888888888888,0.5555555555555556,0.0,0.0,0.0,0.0
bull_to_bear,0.14,0.95,15.0,-0.05,0,81,81,0.5925925925925926,0.3894230769230769,0.6388888888888888,0.5555555555555556,0.5925925925925926,0.3894230769230769,0.6388888888888888,0.5555555555555556,0.0,0.0,0.0,0.0
bull_to_neutral,0.14,0.95,15.0,-0.1,0,81,81,0.5925925925925926,0.3894230769230769,0.6388888888888888,0.5555555555555556,0.5925925925925926,0.3894230769230769,0.6388888888888888,0.5555555555555556,0.0,0.0,0.0,0.0
bull_to_bear,0.14,0.95,15.0,-0.1,0,81,81,0.5925925925925926,0.3894230769230769,0.6388888888888888,0.5555555555555556,0.5925925925925926,0.3894230769230769,0.6388888888888888,0.5555555555555556,0.0,0.0,0.0,0.0
bull_to_neutral,0.14,0.93,,,0,81,81,0.5925925925925926,0.3894230769230769,0.6388888888888888,0.5555555555555556,0.5925925925925926,0.3894230769230769,0.6388888888888888,0.5555555555555556,0.0,0.0,0.0,0.0
bull_to_bear,0.14,0.93,,,0,81,81,0.5925925925925926,0.3894230769230769,0.6388888888888888,0.5555555555555556,0.5925925925925926,0.3894230769230769,0.6388888888888888,0.5555555555555556,0.0,0.0,0.0,0.0
bull_to_neutral,0.14,0.93,,0.0,0,81,81,0.5925925925925926,0.3894230769230769,0.6388888888888888,0.5555555555555556,0.5925925925925926,0.3894230769230769,0.6388888888888888,0.5555555555555556,0.0,0.0,0.0,0.0
bull_to_bear,0.14,0.93,,0.0,0,81,81,0.5925925925925926,0.3894230769230769,0.6388888888888888,0.5555555555555556,0.5925925925925926,0.3894230769230769,0.6388888888888888,0.5555555555555556,0.0,0.0,0.0,0.0
bull_to_neutral,0.14,0.93,,-0.05,0,81,81,0.5925925925925926,0.3894230769230769,0.6388888888888888,0.5555555555555556,0.5925925925925926,0.3894230769230769,0.6388888888888888,0.5555555555555556,0.0,0.0,0.0,0.0
bull_to_bear,0.14,0.93,,-0.05,0,81,81,0.5925925925925926,0.3894230769230769,0.6388888888888888,0.5555555555555556,0.5925925925925926,0.3894230769230769,0.6388888888888888,0.5555555555555556,0.0,0.0,0.0,0.0
bull_to_neutral,0.14,0.93,,-0.1,0,81,81,0.5925925925925926,0.3894230769230769,0.6388888888888888,0.5555555555555556,0.5925925925925926,0.3894230769230769,0.6388888888888888,0.5555555555555556,0.0,0.0,0.0,0.0
bull_to_bear,0.14,0.93,,-0.1,0,81,81,0.5925925925925926,0.3894230769230769,0.6388888888888888,0.5555555555555556,0.5925925925925926,0.3894230769230769,0.6388888888888888,0.5555555555555556,0.0,0.0,0.0,0.0
bull_to_neutral,0.14,0.93,0.0,,0,81,81,0.5925925925925926,0.3894230769230769,0.6388888888888888,0.5555555555555556,0.5925925925925926,0.3894230769230769,0.6388888888888888,0.5555555555555556,0.0,0.0,0.0,0.0
bull_to_bear,0.14,0.93,0.0,,0,81,81,0.5925925925925926,0.3894230769230769,0.6388888888888888,0.5555555555555556,0.5925925925925926,0.3894230769230769,0.6388888888888888,0.5555555555555556,0.0,0.0,0.0,0.0
bull_to_neutral,0.14,0.93,0.0,0.0,0,81,81,0.5925925925925926,0.3894230769230769,0.6388888888888888,0.5555555555555556,0.5925925925925926,0.3894230769230769,0.6388888888888888,0.5555555555555556,0.0,0.0,0.0,0.0
bull_to_bear,0.14,0.93,0.0,0.0,0,81,81,0.5925925925925926,0.3894230769230769,0.6388888888888888,0.5555555555555556,0.5925925925925926,0.3894230769230769,0.6388888888888888,0.5555555555555556,0.0,0.0,0.0,0.0
bull_to_neutral,0.14,0.93,0.0,-0.05,0,81,81,0.5925925925925926,0.3894230769230769,0.6388888888888888,0.5555555555555556,0.5925925925925926,0.3894230769230769,0.6388888888888888,0.5555555555555556,0.0,0.0,0.0,0.0
bull_to_bear,0.14,0.93,0.0,-0.05,0,81,81,0.5925925925925926,0.3894230769230769,0.6388888888888888,0.5555555555555556,0.5925925925925926,0.3894230769230769,0.6388888888888888,0.5555555555555556,0.0,0.0,0.0,0.0
bull_to_neutral,0.14,0.93,0.0,-0.1,0,81,81,0.5925925925925926,0.3894230769230769,0.6388888888888888,0.5555555555555556,0.5925925925925926,0.3894230769230769,0.6388888888888888,0.5555555555555556,0.0,0.0,0.0,0.0
bull_to_bear,0.14,0.93,0.0,-0.1,0,81,81,0.5925925925925926,0.3894230769230769,0.6388888888888888,0.5555555555555556,0.5925925925925926,0.3894230769230769,0.6388888888888888,0.5555555555555556,0.0,0.0,0.0,0.0
bull_to_neutral,0.14,0.93,5.0,,0,81,81,0.5925925925925926,0.3894230769230769,0.6388888888888888,0.5555555555555556,0.5925925925925926,0.3894230769230769,0.6388888888888888,0.5555555555555556,0.0,0.0,0.0,0.0
bull_to_bear,0.14,0.93,5.0,,0,81,81,0.5925925925925926,0.3894230769230769,0.6388888888888888,0.5555555555555556,0.5925925925925926,0.3894230769230769,0.6388888888888888,0.5555555555555556,0.0,0.0,0.0,0.0
bull_to_neutral,0.14,0.93,5.0,0.0,0,81,81,0.5925925925925926,0.3894230769230769,0.6388888888888888,0.5555555555555556,0.5925925925925926,0.3894230769230769,0.6388888888888888,0.5555555555555556,0.0,0.0,0.0,0.0
bull_to_bear,0.14,0.93,5.0,0.0,0,81,81,0.5925925925925926,0.3894230769230769,0.6388888888888888,0.5555555555555556,0.5925925925925926,0.3894230769230769,0.6388888888888888,0.5555555555555556,0.0,0.0,0.0,0.0
bull_to_neutral,0.14,0.93,5.0,-0.05,0,81,81,0.5925925925925926,0.3894230769230769,0.6388888888888888,0.5555555555555556,0.5925925925925926,0.3894230769230769,0.6388888888888888,0.5555555555555556,0.0,0.0,0.0,0.0
bull_to_bear,0.14,0.93,5.0,-0.05,0,81,81,0.5925925925925926,0.3894230769230769,0.6388888888888888,0.5555555555555556,0.5925925925925926,0.3894230769230769,0.6388888888888888,0.5555555555555556,0.0,0.0,0.0,0.0
bull_to_neutral,0.14,0.93,5.0,-0.1,0,81,81,0.5925925925925926,0.3894230769230769,0.6388888888888888,0.5555555555555556,0.5925925925925926,0.3894230769230769,0.6388888888888888,0.5555555555555556,0.0,0.0,0.0,0.0
bull_to_bear,0.14,0.93,5.0,-0.1,0,81,81,0.5925925925925926,0.3894230769230769,0.6388888888888888,0.5555555555555556,0.5925925925925926,0.3894230769230769,0.6388888888888888,0.5555555555555556,0.0,0.0,0.0,0.0
bull_to_neutral,0.14,0.93,10.0,,0,81,81,0.5925925925925926,0.3894230769230769,0.6388888888888888,0.5555555555555556,0.5925925925925926,0.3894230769230769,0.6388888888888888,0.5555555555555556,0.0,0.0,0.0,0.0
bull_to_bear,0.14,0.93,10.0,,0,81,81,0.5925925925925926,0.3894230769230769,0.6388888888888888,0.5555555555555556,0.5925925925925926,0.3894230769230769,0.6388888888888888,0.5555555555555556,0.0,0.0,0.0,0.0
bull_to_neutral,0.14,0.93,10.0,0.0,0,81,81,0.5925925925925926,0.3894230769230769,0.6388888888888888,0.5555555555555556,0.5925925925925926,0.3894230769230769,0.6388888888888888,0.5555555555555556,0.0,0.0,0.0,0.0
bull_to_bear,0.14,0.93,10.0,0.0,0,81,81,0.5925925925925926,0.3894230769230769,0.6388888888888888,0.5555555555555556,0.5925925925925926,0.3894230769230769,0.6388888888888888,0.5555555555555556,0.0,0.0,0.0,0.0
bull_to_neutral,0.14,0.93,10.0,-0.05,0,81,81,0.5925925925925926,0.3894230769230769,0.6388888888888888,0.5555555555555556,0.5925925925925926,0.3894230769230769,0.6388888888888888,0.5555555555555556,0.0,0.0,0.0,0.0
bull_to_bear,0.14,0.93,10.0,-0.05,0,81,81,0.5925925925925926,0.3894230769230769,0.6388888888888888,0.5555555555555556,0.5925925925925926,0.3894230769230769,0.6388888888888888,0.5555555555555556,0.0,0.0,0.0,0.0
bull_to_neutral,0.14,0.93,10.0,-0.1,0,81,81,0.5925925925925926,0.3894230769230769,0.6388888888888888,0.5555555555555556,0.5925925925925926,0.3894230769230769,0.6388888888888888,0.5555555555555556,0.0,0.0,0.0,0.0
bull_to_bear,0.14,0.93,10.0,-0.1,0,81,81,0.5925925925925926,0.3894230769230769,0.6388888888888888,0.5555555555555556,0.5925925925925926,0.3894230769230769,0.6388888888888888,0.5555555555555556,0.0,0.0,0.0,0.0
bull_to_neutral,0.14,0.93,15.0,,0,81,81,0.5925925925925926,0.3894230769230769,0.6388888888888888,0.5555555555555556,0.5925925925925926,0.3894230769230769,0.6388888888888888,0.5555555555555556,0.0,0.0,0.0,0.0
bull_to_bear,0.14,0.93,15.0,,0,81,81,0.5925925925925926,0.3894230769230769,0.6388888888888888,0.5555555555555556,0.5925925925925926,0.3894230769230769,0.6388888888888888,0.5555555555555556,0.0,0.0,0.0,0.0
bull_to_neutral,0.14,0.93,15.0,0.0,0,81,81,0.5925925925925926,0.3894230769230769,0.6388888888888888,0.5555555555555556,0.5925925925925926,0.3894230769230769,0.6388888888888888,0.5555555555555556,0.0,0.0,0.0,0.0
bull_to_bear,0.14,0.93,15.0,0.0,0,81,81,0.5925925925925926,0.3894230769230769,0.6388888888888888,0.5555555555555556,0.5925925925925926,0.3894230769230769,0.6388888888888888,0.5555555555555556,0.0,0.0,0.0,0.0
bull_to_neutral,0.14,0.93,15.0,-0.05,0,81,81,0.5925925925925926,0.3894230769230769,0.6388888888888888,0.5555555555555556,0.5925925925925926,0.3894230769230769,0.6388888888888888,0.5555555555555556,0.0,0.0,0.0,0.0
bull_to_bear,0.14,0.93,15.0,-0.05,0,81,81,0.5925925925925926,0.3894230769230769,0.6388888888888888,0.5555555555555556,0.5925925925925926,0.3894230769230769,0.6388888888888888,0.5555555555555556,0.0,0.0,0.0,0.0
bull_to_neutral,0.14,0.93,15.0,-0.1,0,81,81,0.5925925925925926,0.3894230769230769,0.6388888888888888,0.5555555555555556,0.5925925925925926,0.3894230769230769,0.6388888888888888,0.5555555555555556,0.0,0.0,0.0,0.0
bull_to_bear,0.14,0.93,15.0,-0.1,0,81,81,0.5925925925925926,0.3894230769230769,0.6388888888888888,0.5555555555555556,0.5925925925925926,0.3894230769230769,0.6388888888888888,0.5555555555555556,0.0,0.0,0.0,0.0
bull_to_neutral,0.14,0.9,,,0,81,81,0.5925925925925926,0.3894230769230769,0.6388888888888888,0.5555555555555556,0.5925925925925926,0.3894230769230769,0.6388888888888888,0.5555555555555556,0.0,0.0,0.0,0.0
bull_to_bear,0.14,0.9,,,0,81,81,0.5925925925925926,0.3894230769230769,0.6388888888888888,0.5555555555555556,0.5925925925925926,0.3894230769230769,0.6388888888888888,0.5555555555555556,0.0,0.0,0.0,0.0
bull_to_neutral,0.14,0.9,,0.0,0,81,81,0.5925925925925926,0.3894230769230769,0.6388888888888888,0.5555555555555556,0.5925925925925926,0.3894230769230769,0.6388888888888888,0.5555555555555556,0.0,0.0,0.0,0.0
bull_to_bear,0.14,0.9,,0.0,0,81,81,0.5925925925925926,0.3894230769230769,0.6388888888888888,0.5555555555555556,0.5925925925925926,0.3894230769230769,0.6388888888888888,0.5555555555555556,0.0,0.0,0.0,0.0
bull_to_neutral,0.14,0.9,,-0.05,0,81,81,0.5925925925925926,0.3894230769230769,0.6388888888888888,0.5555555555555556,0.5925925925925926,0.3894230769230769,0.6388888888888888,0.5555555555555556,0.0,0.0,0.0,0.0
bull_to_bear,0.14,0.9,,-0.05,0,81,81,0.5925925925925926,0.3894230769230769,0.6388888888888888,0.5555555555555556,0.5925925925925926,0.3894230769230769,0.6388888888888888,0.5555555555555556,0.0,0.0,0.0,0.0
bull_to_neutral,0.14,0.9,,-0.1,0,81,81,0.5925925925925926,0.3894230769230769,0.6388888888888888,0.5555555555555556,0.5925925925925926,0.3894230769230769,0.6388888888888888,0.5555555555555556,0.0,0.0,0.0,0.0
bull_to_bear,0.14,0.9,,-0.1,0,81,81,0.5925925925925926,0.3894230769230769,0.6388888888888888,0.5555555555555556,0.5925925925925926,0.3894230769230769,0.6388888888888888,0.5555555555555556,0.0,0.0,0.0,0.0
bull_to_neutral,0.14,0.9,0.0,,0,81,81,0.5925925925925926,0.3894230769230769,0.6388888888888888,0.5555555555555556,0.5925925925925926,0.3894230769230769,0.6388888888888888,0.5555555555555556,0.0,0.0,0.0,0.0
bull_to_bear,0.14,0.9,0.0,,0,81,81,0.5925925925925926,0.3894230769230769,0.6388888888888888,0.5555555555555556,0.5925925925925926,0.3894230769230769,0.6388888888888888,0.5555555555555556,0.0,0.0,0.0,0.0
bull_to_neutral,0.14,0.9,0.0,0.0,0,81,81,0.5925925925925926,0.3894230769230769,0.6388888888888888,0.5555555555555556,0.5925925925925926,0.3894230769230769,0.6388888888888888,0.5555555555555556,0.0,0.0,0.0,0.0
bull_to_bear,0.14,0.9,0.0,0.0,0,81,81,0.5925925925925926,0.3894230769230769,0.6388888888888888,0.5555555555555556,0.5925925925925926,0.3894230769230769,0.6388888888888888,0.5555555555555556,0.0,0.0,0.0,0.0
bull_to_neutral,0.14,0.9,0.0,-0.05,0,81,81,0.5925925925925926,0.3894230769230769,0.6388888888888888,0.5555555555555556,0.5925925925925926,0.3894230769230769,0.6388888888888888,0.5555555555555556,0.0,0.0,0.0,0.0
bull_to_bear,0.14,0.9,0.0,-0.05,0,81,81,0.5925925925925926,0.3894230769230769,0.6388888888888888,0.5555555555555556,0.5925925925925926,0.3894230769230769,0.6388888888888888,0.5555555555555556,0.0,0.0,0.0,0.0
bull_to_neutral,0.14,0.9,0.0,-0.1,0,81,81,0.5925925925925926,0.3894230769230769,0.6388888888888888,0.5555555555555556,0.5925925925925926,0.3894230769230769,0.6388888888888888,0.5555555555555556,0.0,0.0,0.0,0.0
bull_to_bear,0.14,0.9,0.0,-0.1,0,81,81,0.5925925925925926,0.3894230769230769,0.6388888888888888,0.5555555555555556,0.5925925925925926,0.3894230769230769,0.6388888888888888,0.5555555555555556,0.0,0.0,0.0,0.0
bull_to_neutral,0.14,0.9,5.0,,0,81,81,0.5925925925925926,0.3894230769230769,0.6388888888888888,0.5555555555555556,0.5925925925925926,0.3894230769230769,0.6388888888888888,0.5555555555555556,0.0,0.0,0.0,0.0
bull_to_bear,0.14,0.9,5.0,,0,81,81,0.5925925925925926,0.3894230769230769,0.6388888888888888,0.5555555555555556,0.5925925925925926,0.3894230769230769,0.6388888888888888,0.5555555555555556,0.0,0.0,0.0,0.0
bull_to_neutral,0.14,0.9,5.0,0.0,0,81,81,0.5925925925925926,0.3894230769230769,0.6388888888888888,0.5555555555555556,0.5925925925925926,0.3894230769230769,0.6388888888888888,0.5555555555555556,0.0,0.0,0.0,0.0
bull_to_bear,0.14,0.9,5.0,0.0,0,81,81,0.5925925925925926,0.3894230769230769,0.6388888888888888,0.5555555555555556,0.5925925925925926,0.3894230769230769,0.6388888888888888,0.5555555555555556,0.0,0.0,0.0,0.0
bull_to_neutral,0.14,0.9,5.0,-0.05,0,81,81,0.5925925925925926,0.3894230769230769,0.6388888888888888,0.5555555555555556,0.5925925925925926,0.3894230769230769,0.6388888888888888,0.5555555555555556,0.0,0.0,0.0,0.0
bull_to_bear,0.14,0.9,5.0,-0.05,0,81,81,0.5925925925925926,0.3894230769230769,0.6388888888888888,0.5555555555555556,0.5925925925925926,0.3894230769230769,0.6388888888888888,0.5555555555555556,0.0,0.0,0.0,0.0
bull_to_neutral,0.14,0.9,5.0,-0.1,0,81,81,0.5925925925925926,0.3894230769230769,0.6388888888888888,0.5555555555555556,0.5925925925925926,0.3894230769230769,0.6388888888888888,0.5555555555555556,0.0,0.0,0.0,0.0
bull_to_bear,0.14,0.9,5.0,-0.1,0,81,81,0.5925925925925926,0.3894230769230769,0.6388888888888888,0.5555555555555556,0.5925925925925926,0.3894230769230769,0.6388888888888888,0.5555555555555556,0.0,0.0,0.0,0.0
bull_to_neutral,0.14,0.9,10.0,,0,81,81,0.5925925925925926,0.3894230769230769,0.6388888888888888,0.5555555555555556,0.5925925925925926,0.3894230769230769,0.6388888888888888,0.5555555555555556,0.0,0.0,0.0,0.0
bull_to_bear,0.14,0.9,10.0,,0,81,81,0.5925925925925926,0.3894230769230769,0.6388888888888888,0.5555555555555556,0.5925925925925926,0.3894230769230769,0.6388888888888888,0.5555555555555556,0.0,0.0,0.0,0.0
bull_to_neutral,0.14,0.9,10.0,0.0,0,81,81,0.5925925925925926,0.3894230769230769,0.6388888888888888,0.5555555555555556,0.5925925925925926,0.3894230769230769,0.6388888888888888,0.5555555555555556,0.0,0.0,0.0,0.0
bull_to_bear,0.14,0.9,10.0,0.0,0,81,81,0.5925925925925926,0.3894230769230769,0.6388888888888888,0.5555555555555556,0.5925925925925926,0.3894230769230769,0.6388888888888888,0.5555555555555556,0.0,0.0,0.0,0.0
bull_to_neutral,0.14,0.9,10.0,-0.05,0,81,81,0.5925925925925926,0.3894230769230769,0.6388888888888888,0.5555555555555556,0.5925925925925926,0.3894230769230769,0.6388888888888888,0.5555555555555556,0.0,0.0,0.0,0.0
bull_to_bear,0.14,0.9,10.0,-0.05,0,81,81,0.5925925925925926,0.3894230769230769,0.6388888888888888,0.5555555555555556,0.5925925925925926,0.3894230769230769,0.6388888888888888,0.5555555555555556,0.0,0.0,0.0,0.0
bull_to_neutral,0.14,0.9,10.0,-0.1,0,81,81,0.5925925925925926,0.3894230769230769,0.6388888888888888,0.5555555555555556,0.5925925925925926,0.3894230769230769,0.6388888888888888,0.5555555555555556,0.0,0.0,0.0,0.0
bull_to_bear,0.14,0.9,10.0,-0.1,0,81,81,0.5925925925925926,0.3894230769230769,0.6388888888888888,0.5555555555555556,0.5925925925925926,0.3894230769230769,0.6388888888888888,0.5555555555555556,0.0,0.0,0.0,0.0
bull_to_neutral,0.14,0.9,15.0,,0,81,81,0.5925925925925926,0.3894230769230769,0.6388888888888888,0.5555555555555556,0.5925925925925926,0.3894230769230769,0.6388888888888888,0.5555555555555556,0.0,0.0,0.0,0.0
bull_to_bear,0.14,0.9,15.0,,0,81,81,0.5925925925925926,0.3894230769230769,0.6388888888888888,0.5555555555555556,0.5925925925925926,0.3894230769230769,0.6388888888888888,0.5555555555555556,0.0,0.0,0.0,0.0
bull_to_neutral,0.14,0.9,15.0,0.0,0,81,81,0.5925925925925926,0.3894230769230769,0.6388888888888888,0.5555555555555556,0.5925925925925926,0.3894230769230769,0.6388888888888888,0.5555555555555556,0.0,0.0,0.0,0.0
bull_to_bear,0.14,0.9,15.0,0.0,0,81,81,0.5925925925925926,0.3894230769230769,0.6388888888888888,0.5555555555555556,0.5925925925925926,0.3894230769230769,0.6388888888888888,0.5555555555555556,0.0,0.0,0.0,0.0
bull_to_neutral,0.14,0.9,15.0,-0.05,0,81,81,0.5925925925925926,0.3894230769230769,0.6388888888888888,0.5555555555555556,0.5925925925925926,0.3894230769230769,0.6388888888888888,0.5555555555555556,0.0,0.0,0.0,0.0
bull_to_bear,0.14,0.9,15.0,-0.05,0,81,81,0.5925925925925926,0.3894230769230769,0.6388888888888888,0.5555555555555556,0.5925925925925926,0.3894230769230769,0.6388888888888888,0.5555555555555556,0.0,0.0,0.0,0.0
bull_to_neutral,0.14,0.9,15.0,-0.1,0,81,81,0.5925925925925926,0.3894230769230769,0.6388888888888888,0.5555555555555556,0.5925925925925926,0.3894230769230769,0.6388888888888888,0.5555555555555556,0.0,0.0,0.0,0.0
bull_to_bear,0.14,0.9,15.0,-0.1,0,81,81,0.5925925925925926,0.3894230769230769,0.6388888888888888,0.5555555555555556,0.5925925925925926,0.3894230769230769,0.6388888888888888,0.5555555555555556,0.0,0.0,0.0,0.0
bull_to_neutral,0.16,1.0,,,7,74,81,0.5925925925925926,0.3894230769230769,0.6388888888888888,0.5555555555555556,0.5675675675675675,0.3557692307692308,0.5862068965517241,0.5555555555555556,-0.025025025025025016,-0.033653846153846145,-0.05268199233716475,0.0
bull_to_bear,0.16,1.0,,,7,81,81,0.5925925925925926,0.3894230769230769,0.6388888888888888,0.5555555555555556,0.5308641975308642,0.3894230769230769,0.5862068965517241,0.5,-0.061728395061728336,0.0,-0.05268199233716475,-0.05555555555555558
bull_to_neutral,0.16,1.0,,0.0,5,76,81,0.5925925925925926,0.3894230769230769,0.6388888888888888,0.5555555555555556,0.5657894736842105,0.36538461538461536,0.5806451612903226,0.5555555555555556,-0.02680311890838205,-0.024038461538461564,-0.05824372759856622,0.0
bull_to_bear,0.16,1.0,,0.0,5,81,81,0.5925925925925926,0.3894230769230769,0.6388888888888888,0.5555555555555556,0.5308641975308642,0.3894230769230769,0.5806451612903226,0.5,-0.061728395061728336,0.0,-0.05824372759856622,-0.05555555555555558
bull_to_neutral,0.16,1.0,,-0.05,5,76,81,0.5925925925925926,0.3894230769230769,0.6388888888888888,0.5555555555555556,0.5657894736842105,0.36538461538461536,0.5806451612903226,0.5555555555555556,-0.02680311890838205,-0.024038461538461564,-0.05824372759856622,0.0
bull_to_bear,0.16,1.0,,-0.05,5,81,81,0.5925925925925926,0.3894230769230769,0.6388888888888888,0.5555555555555556,0.5308641975308642,0.3894230769230769,0.5806451612903226,0.5,-0.061728395061728336,0.0,-0.05824372759856622,-0.05555555555555558
bull_to_neutral,0.16,1.0,,-0.1,5,76,81,0.5925925925925926,0.3894230769230769,0.6388888888888888,0.5555555555555556,0.5657894736842105,0.36538461538461536,0.5806451612903226,0.5555555555555556,-0.02680311890838205,-0.024038461538461564,-0.05824372759856622,0.0
bull_to_bear,0.16,1.0,,-0.1,5,81,81,0.5925925925925926,0.3894230769230769,0.6388888888888888,0.5555555555555556,0.5308641975308642,0.3894230769230769,0.5806451612903226,0.5,-0.061728395061728336,0.0,-0.05824372759856622,-0.05555555555555558
bull_to_neutral,0.16,1.0,0.0,,1,80,81,0.5925925925925926,0.3894230769230769,0.6388888888888888,0.5555555555555556,0.5875,0.38461538461538464,0.6285714285714286,0.5555555555555556,-0.0050925925925925375,-0.004807692307692291,-0.01031746031746028,0.0
bull_to_bear,0.16,1.0,0.0,,1,81,81,0.5925925925925926,0.3894230769230769,0.6388888888888888,0.5555555555555556,0.5802469135802469,0.3894230769230769,0.6285714285714286,0.5434782608695652,-0.012345679012345623,0.0,-0.01031746031746028,-0.012077294685990392
bull_to_neutral,0.16,1.0,0.0,0.0,1,80,81,0.5925925925925926,0.3894230769230769,0.6388888888888888,0.5555555555555556,0.5875,0.38461538461538464,0.6285714285714286,0.5555555555555556,-0.0050925925925925375,-0.004807692307692291,-0.01031746031746028,0.0
bull_to_bear,0.16,1.0,0.0,0.0,1,81,81,0.5925925925925926,0.3894230769230769,0.6388888888888888,0.5555555555555556,0.5802469135802469,0.3894230769230769,0.6285714285714286,0.5434782608695652,-0.012345679012345623,0.0,-0.01031746031746028,-0.012077294685990392
bull_to_neutral,0.16,1.0,0.0,-0.05,1,80,81,0.5925925925925926,0.3894230769230769,0.6388888888888888,0.5555555555555556,0.5875,0.38461538461538464,0.6285714285714286,0.5555555555555556,-0.0050925925925925375,-0.004807692307692291,-0.01031746031746028,0.0
bull_to_bear,0.16,1.0,0.0,-0.05,1,81,81,0.5925925925925926,0.3894230769230769,0.6388888888888888,0.5555555555555556,0.5802469135802469,0.3894230769230769,0.6285714285714286,0.5434782608695652,-0.012345679012345623,0.0,-0.01031746031746028,-0.012077294685990392
bull_to_neutral,0.16,1.0,0.0,-0.1,1,80,81,0.5925925925925926,0.3894230769230769,0.6388888888888888,0.5555555555555556,0.5875,0.38461538461538464,0.6285714285714286,0.5555555555555556,-0.0050925925925925375,-0.004807692307692291,-0.01031746031746028,0.0
bull_to_bear,0.16,1.0,0.0,-0.1,1,81,81,0.5925925925925926,0.3894230769230769,0.6388888888888888,0.5555555555555556,0.5802469135802469,0.3894230769230769,0.6285714285714286,0.5434782608695652,-0.012345679012345623,0.0,-0.01031746031746028,-0.012077294685990392
bull_to_neutral,0.16,1.0,5.0,,1,80,81,0.5925925925925926,0.3894230769230769,0.6388888888888888,0.5555555555555556,0.5875,0.38461538461538464,0.6285714285714286,0.5555555555555556,-0.0050925925925925375,-0.004807692307692291,-0.01031746031746028,0.0
bull_to_bear,0.16,1.0,5.0,,1,81,81,0.5925925925925926,0.3894230769230769,0.6388888888888888,0.5555555555555556,0.5802469135802469,0.3894230769230769,0.6285714285714286,0.5434782608695652,-0.012345679012345623,0.0,-0.01031746031746028,-0.012077294685990392
bull_to_neutral,0.16,1.0,5.0,0.0,1,80,81,0.5925925925925926,0.3894230769230769,0.6388888888888888,0.5555555555555556,0.5875,0.38461538461538464,0.6285714285714286,0.5555555555555556,-0.0050925925925925375,-0.004807692307692291,-0.01031746031746028,0.0
bull_to_bear,0.16,1.0,5.0,0.0,1,81,81,0.5925925925925926,0.3894230769230769,0.6388888888888888,0.5555555555555556,0.5802469135802469,0.3894230769230769,0.6285714285714286,0.5434782608695652,-0.012345679012345623,0.0,-0.01031746031746028,-0.012077294685990392
bull_to_neutral,0.16,1.0,5.0,-0.05,1,80,81,0.5925925925925926,0.3894230769230769,0.6388888888888888,0.5555555555555556,0.5875,0.38461538461538464,0.6285714285714286,0.5555555555555556,-0.0050925925925925375,-0.004807692307692291,-0.01031746031746028,0.0
bull_to_bear,0.16,1.0,5.0,-0.05,1,81,81,0.5925925925925926,0.3894230769230769,0.6388888888888888,0.5555555555555556,0.5802469135802469,0.3894230769230769,0.6285714285714286,0.5434782608695652,-0.012345679012345623,0.0,-0.01031746031746028,-0.012077294685990392
bull_to_neutral,0.16,1.0,5.0,-0.1,1,80,81,0.5925925925925926,0.3894230769230769,0.6388888888888888,0.5555555555555556,0.5875,0.38461538461538464,0.6285714285714286,0.5555555555555556,-0.0050925925925925375,-0.004807692307692291,-0.01031746031746028,0.0
bull_to_bear,0.16,1.0,5.0,-0.1,1,81,81,0.5925925925925926,0.3894230769230769,0.6388888888888888,0.5555555555555556,0.5802469135802469,0.3894230769230769,0.6285714285714286,0.5434782608695652,-0.012345679012345623,0.0,-0.01031746031746028,-0.012077294685990392
bull_to_neutral,0.16,1.0,10.0,,1,80,81,0.5925925925925926,0.3894230769230769,0.6388888888888888,0.5555555555555556,0.5875,0.38461538461538464,0.6285714285714286,0.5555555555555556,-0.0050925925925925375,-0.004807692307692291,-0.01031746031746028,0.0
bull_to_bear,0.16,1.0,10.0,,1,81,81,0.5925925925925926,0.3894230769230769,0.6388888888888888,0.5555555555555556,0.5802469135802469,0.3894230769230769,0.6285714285714286,0.5434782608695652,-0.012345679012345623,0.0,-0.01031746031746028,-0.012077294685990392
bull_to_neutral,0.16,1.0,10.0,0.0,1,80,81,0.5925925925925926,0.3894230769230769,0.6388888888888888,0.5555555555555556,0.5875,0.38461538461538464,0.6285714285714286,0.5555555555555556,-0.0050925925925925375,-0.004807692307692291,-0.01031746031746028,0.0
bull_to_bear,0.16,1.0,10.0,0.0,1,81,81,0.5925925925925926,0.3894230769230769,0.6388888888888888,0.5555555555555556,0.5802469135802469,0.3894230769230769,0.6285714285714286,0.5434782608695652,-0.012345679012345623,0.0,-0.01031746031746028,-0.012077294685990392
bull_to_neutral,0.16,1.0,10.0,-0.05,1,80,81,0.5925925925925926,0.3894230769230769,0.6388888888888888,0.5555555555555556,0.5875,0.38461538461538464,0.6285714285714286,0.5555555555555556,-0.0050925925925925375,-0.004807692307692291,-0.01031746031746028,0.0
bull_to_bear,0.16,1.0,10.0,-0.05,1,81,81,0.5925925925925926,0.3894230769230769,0.6388888888888888,0.5555555555555556,0.5802469135802469,0.3894230769230769,0.6285714285714286,0.5434782608695652,-0.012345679012345623,0.0,-0.01031746031746028,-0.012077294685990392
bull_to_neutral,0.16,1.0,10.0,-0.1,1,80,81,0.5925925925925926,0.3894230769230769,0.6388888888888888,0.5555555555555556,0.5875,0.38461538461538464,0.6285714285714286,0.5555555555555556,-0.0050925925925925375,-0.004807692307692291,-0.01031746031746028,0.0
bull_to_bear,0.16,1.0,10.0,-0.1,1,81,81,0.5925925925925926,0.3894230769230769,0.6388888888888888,0.5555555555555556,0.5802469135802469,0.3894230769230769,0.6285714285714286,0.5434782608695652,-0.012345679012345623,0.0,-0.01031746031746028,-0.012077294685990392
bull_to_neutral,0.16,1.0,15.0,,1,80,81,0.5925925925925926,0.3894230769230769,0.6388888888888888,0.5555555555555556,0.5875,0.38461538461538464,0.6285714285714286,0.5555555555555556,-0.0050925925925925375,-0.004807692307692291,-0.01031746031746028,0.0
bull_to_bear,0.16,1.0,15.0,,1,81,81,0.5925925925925926,0.3894230769230769,0.6388888888888888,0.5555555555555556,0.5802469135802469,0.3894230769230769,0.6285714285714286,0.5434782608695652,-0.012345679012345623,0.0,-0.01031746031746028,-0.012077294685990392
bull_to_neutral,0.16,1.0,15.0,0.0,1,80,81,0.5925925925925926,0.3894230769230769,0.6388888888888888,0.5555555555555556,0.5875,0.38461538461538464,0.6285714285714286,0.5555555555555556,-0.0050925925925925375,-0.004807692307692291,-0.01031746031746028,0.0
bull_to_bear,0.16,1.0,15.0,0.0,1,81,81,0.5925925925925926,0.3894230769230769,0.6388888888888888,0.5555555555555556,0.5802469135802469,0.3894230769230769,0.6285714285714286,0.5434782608695652,-0.012345679012345623,0.0,-0.01031746031746028,-0.012077294685990392
bull_to_neutral,0.16,1.0,15.0,-0.05,1,80,81,0.5925925925925926,0.3894230769230769,0.6388888888888888,0.5555555555555556,0.5875,0.38461538461538464,0.6285714285714286,0.5555555555555556,-0.0050925925925925375,-0.004807692307692291,-0.01031746031746028,0.0
bull_to_bear,0.16,1.0,15.0,-0.05,1,81,81,0.5925925925925926,0.3894230769230769,0.6388888888888888,0.5555555555555556,0.5802469135802469,0.3894230769230769,0.6285714285714286,0.5434782608695652,-0.012345679012345623,0.0,-0.01031746031746028,-0.012077294685990392
bull_to_neutral,0.16,1.0,15.0,-0.1,1,80,81,0.5925925925925926,0.3894230769230769,0.6388888888888888,0.5555555555555556,0.5875,0.38461538461538464,0.6285714285714286,0.5555555555555556,-0.0050925925925925375,-0.004807692307692291,-0.01031746031746028,0.0
bull_to_bear,0.16,1.0,15.0,-0.1,1,81,81,0.5925925925925926,0.3894230769230769,0.6388888888888888,0.5555555555555556,0.5802469135802469,0.3894230769230769,0.6285714285714286,0.5434782608695652,-0.012345679012345623,0.0,-0.01031746031746028,-0.012077294685990392
bull_to_neutral,0.16,0.99,,,0,81,81,0.5925925925925926,0.3894230769230769,0.6388888888888888,0.5555555555555556,0.5925925925925926,0.3894230769230769,0.6388888888888888,0.5555555555555556,0.0,0.0,0.0,0.0
bull_to_bear,0.16,0.99,,,0,81,81,0.5925925925925926,0.3894230769230769,0.6388888888888888,0.5555555555555556,0.5925925925925926,0.3894230769230769,0.6388888888888888,0.5555555555555556,0.0,0.0,0.0,0.0
bull_to_neutral,0.16,0.99,,0.0,0,81,81,0.5925925925925926,0.3894230769230769,0.6388888888888888,0.5555555555555556,0.5925925925925926,0.3894230769230769,0.6388888888888888,0.5555555555555556,0.0,0.0,0.0,0.0
bull_to_bear,0.16,0.99,,0.0,0,81,81,0.5925925925925926,0.3894230769230769,0.6388888888888888,0.5555555555555556,0.5925925925925926,0.3894230769230769,0.6388888888888888,0.5555555555555556,0.0,0.0,0.0,0.0
bull_to_neutral,0.16,0.99,,-0.05,0,81,81,0.5925925925925926,0.3894230769230769,0.6388888888888888,0.5555555555555556,0.5925925925925926,0.3894230769230769,0.6388888888888888,0.5555555555555556,0.0,0.0,0.0,0.0
bull_to_bear,0.16,0.99,,-0.05,0,81,81,0.5925925925925926,0.3894230769230769,0.6388888888888888,0.5555555555555556,0.5925925925925926,0.3894230769230769,0.6388888888888888,0.5555555555555556,0.0,0.0,0.0,0.0
bull_to_neutral,0.16,0.99,,-0.1,0,81,81,0.5925925925925926,0.3894230769230769,0.6388888888888888,0.5555555555555556,0.5925925925925926,0.3894230769230769,0.6388888888888888,0.5555555555555556,0.0,0.0,0.0,0.0
bull_to_bear,0.16,0.99,,-0.1,0,81,81,0.5925925925925926,0.3894230769230769,0.6388888888888888,0.5555555555555556,0.5925925925925926,0.3894230769230769,0.6388888888888888,0.5555555555555556,0.0,0.0,0.0,0.0
bull_to_neutral,0.16,0.99,0.0,,0,81,81,0.5925925925925926,0.3894230769230769,0.6388888888888888,0.5555555555555556,0.5925925925925926,0.3894230769230769,0.6388888888888888,0.5555555555555556,0.0,0.0,0.0,0.0
bull_to_bear,0.16,0.99,0.0,,0,81,81,0.5925925925925926,0.3894230769230769,0.6388888888888888,0.5555555555555556,0.5925925925925926,0.3894230769230769,0.6388888888888888,0.5555555555555556,0.0,0.0,0.0,0.0
bull_to_neutral,0.16,0.99,0.0,0.0,0,81,81,0.5925925925925926,0.3894230769230769,0.6388888888888888,0.5555555555555556,0.5925925925925926,0.3894230769230769,0.6388888888888888,0.5555555555555556,0.0,0.0,0.0,0.0
bull_to_bear,0.16,0.99,0.0,0.0,0,81,81,0.5925925925925926,0.3894230769230769,0.6388888888888888,0.5555555555555556,0.5925925925925926,0.3894230769230769,0.6388888888888888,0.5555555555555556,0.0,0.0,0.0,0.0
bull_to_neutral,0.16,0.99,0.0,-0.05,0,81,81,0.5925925925925926,0.3894230769230769,0.6388888888888888,0.5555555555555556,0.5925925925925926,0.3894230769230769,0.6388888888888888,0.5555555555555556,0.0,0.0,0.0,0.0
bull_to_bear,0.16,0.99,0.0,-0.05,0,81,81,0.5925925925925926,0.3894230769230769,0.6388888888888888,0.5555555555555556,0.5925925925925926,0.3894230769230769,0.6388888888888888,0.5555555555555556,0.0,0.0,0.0,0.0
bull_to_neutral,0.16,0.99,0.0,-0.1,0,81,81,0.5925925925925926,0.3894230769230769,0.6388888888888888,0.5555555555555556,0.5925925925925926,0.3894230769230769,0.6388888888888888,0.5555555555555556,0.0,0.0,0.0,0.0
bull_to_bear,0.16,0.99,0.0,-0.1,0,81,81,0.5925925925925926,0.3894230769230769,0.6388888888888888,0.5555555555555556,0.5925925925925926,0.3894230769230769,0.6388888888888888,0.5555555555555556,0.0,0.0,0.0,0.0
bull_to_neutral,0.16,0.99,5.0,,0,81,81,0.5925925925925926,0.3894230769230769,0.6388888888888888,0.5555555555555556,0.5925925925925926,0.3894230769230769,0.6388888888888888,0.5555555555555556,0.0,0.0,0.0,0.0
bull_to_bear,0.16,0.99,5.0,,0,81,81,0.5925925925925926,0.3894230769230769,0.6388888888888888,0.5555555555555556,0.5925925925925926,0.3894230769230769,0.6388888888888888,0.5555555555555556,0.0,0.0,0.0,0.0
bull_to_neutral,0.16,0.99,5.0,0.0,0,81,81,0.5925925925925926,0.3894230769230769,0.6388888888888888,0.5555555555555556,0.5925925925925926,0.3894230769230769,0.6388888888888888,0.5555555555555556,0.0,0.0,0.0,0.0
bull_to_bear,0.16,0.99,5.0,0.0,0,81,81,0.5925925925925926,0.3894230769230769,0.6388888888888888,0.5555555555555556,0.5925925925925926,0.3894230769230769,0.6388888888888888,0.5555555555555556,0.0,0.0,0.0,0.0
bull_to_neutral,0.16,0.99,5.0,-0.05,0,81,81,0.5925925925925926,0.3894230769230769,0.6388888888888888,0.5555555555555556,0.5925925925925926,0.3894230769230769,0.6388888888888888,0.5555555555555556,0.0,0.0,0.0,0.0
bull_to_bear,0.16,0.99,5.0,-0.05,0,81,81,0.5925925925925926,0.3894230769230769,0.6388888888888888,0.5555555555555556,0.5925925925925926,0.3894230769230769,0.6388888888888888,0.5555555555555556,0.0,0.0,0.0,0.0
bull_to_neutral,0.16,0.99,5.0,-0.1,0,81,81,0.5925925925925926,0.3894230769230769,0.6388888888888888,0.5555555555555556,0.5925925925925926,0.3894230769230769,0.6388888888888888,0.5555555555555556,0.0,0.0,0.0,0.0
bull_to_bear,0.16,0.99,5.0,-0.1,0,81,81,0.5925925925925926,0.3894230769230769,0.6388888888888888,0.5555555555555556,0.5925925925925926,0.3894230769230769,0.6388888888888888,0.5555555555555556,0.0,0.0,0.0,0.0
bull_to_neutral,0.16,0.99,10.0,,0,81,81,0.5925925925925926,0.3894230769230769,0.6388888888888888,0.5555555555555556,0.5925925925925926,0.3894230769230769,0.6388888888888888,0.5555555555555556,0.0,0.0,0.0,0.0
bull_to_bear,0.16,0.99,10.0,,0,81,81,0.5925925925925926,0.3894230769230769,0.6388888888888888,0.5555555555555556,0.5925925925925926,0.3894230769230769,0.6388888888888888,0.5555555555555556,0.0,0.0,0.0,0.0
bull_to_neutral,0.16,0.99,10.0,0.0,0,81,81,0.5925925925925926,0.3894230769230769,0.6388888888888888,0.5555555555555556,0.5925925925925926,0.3894230769230769,0.6388888888888888,0.5555555555555556,0.0,0.0,0.0,0.0
bull_to_bear,0.16,0.99,10.0,0.0,0,81,81,0.5925925925925926,0.3894230769230769,0.6388888888888888,0.5555555555555556,0.5925925925925926,0.3894230769230769,0.6388888888888888,0.5555555555555556,0.0,0.0,0.0,0.0
bull_to_neutral,0.16,0.99,10.0,-0.05,0,81,81,0.5925925925925926,0.3894230769230769,0.6388888888888888,0.5555555555555556,0.5925925925925926,0.3894230769230769,0.6388888888888888,0.5555555555555556,0.0,0.0,0.0,0.0
bull_to_bear,0.16,0.99,10.0,-0.05,0,81,81,0.5925925925925926,0.3894230769230769,0.6388888888888888,0.5555555555555556,0.5925925925925926,0.3894230769230769,0.6388888888888888,0.5555555555555556,0.0,0.0,0.0,0.0
bull_to_neutral,0.16,0.99,10.0,-0.1,0,81,81,0.5925925925925926,0.3894230769230769,0.6388888888888888,0.5555555555555556,0.5925925925925926,0.3894230769230769,0.6388888888888888,0.5555555555555556,0.0,0.0,0.0,0.0
bull_to_bear,0.16,0.99,10.0,-0.1,0,81,81,0.5925925925925926,0.3894230769230769,0.6388888888888888,0.5555555555555556,0.5925925925925926,0.3894230769230769,0.6388888888888888,0.5555555555555556,0.0,0.0,0.0,0.0
bull_to_neutral,0.16,0.99,15.0,,0,81,81,0.5925925925925926,0.3894230769230769,0.6388888888888888,0.5555555555555556,0.5925925925925926,0.3894230769230769,0.6388888888888888,0.5555555555555556,0.0,0.0,0.0,0.0
bull_to_bear,0.16,0.99,15.0,,0,81,81,0.5925925925925926,0.3894230769230769,0.6388888888888888,0.5555555555555556,0.5925925925925926,0.3894230769230769,0.6388888888888888,0.5555555555555556,0.0,0.0,0.0,0.0
bull_to_neutral,0.16,0.99,15.0,0.0,0,81,81,0.5925925925925926,0.3894230769230769,0.6388888888888888,0.5555555555555556,0.5925925925925926,0.3894230769230769,0.6388888888888888,0.5555555555555556,0.0,0.0,0.0,0.0
bull_to_bear,0.16,0.99,15.0,0.0,0,81,81,0.5925925925925926,0.3894230769230769,0.6388888888888888,0.5555555555555556,0.5925925925925926,0.3894230769230769,0.6388888888888888,0.5555555555555556,0.0,0.0,0.0,0.0
bull_to_neutral,0.16,0.99,15.0,-0.05,0,81,81,0.5925925925925926,0.3894230769230769,0.6388888888888888,0.5555555555555556,0.5925925925925926,0.3894230769230769,0.6388888888888888,0.5555555555555556,0.0,0.0,0.0,0.0
bull_to_bear,0.16,0.99,15.0,-0.05,0,81,81,0.5925925925925926,0.3894230769230769,0.6388888888888888,0.5555555555555556,0.5925925925925926,0.3894230769230769,0.6388888888888888,0.5555555555555556,0.0,0.0,0.0,0.0
bull_to_neutral,0.16,0.99,15.0,-0.1,0,81,81,0.5925925925925926,0.3894230769230769,0.6388888888888888,0.5555555555555556,0.5925925925925926,0.3894230769230769,0.6388888888888888,0.5555555555555556,0.0,0.0,0.0,0.0
bull_to_bear,0.16,0.99,15.0,-0.1,0,81,81,0.5925925925925926,0.3894230769230769,0.6388888888888888,0.5555555555555556,0.5925925925925926,0.3894230769230769,0.6388888888888888,0.5555555555555556,0.0,0.0,0.0,0.0
bull_to_neutral,0.16,0.98,,,0,81,81,0.5925925925925926,0.3894230769230769,0.6388888888888888,0.5555555555555556,0.5925925925925926,0.3894230769230769,0.6388888888888888,0.5555555555555556,0.0,0.0,0.0,0.0
bull_to_bear,0.16,0.98,,,0,81,81,0.5925925925925926,0.3894230769230769,0.6388888888888888,0.5555555555555556,0.5925925925925926,0.3894230769230769,0.6388888888888888,0.5555555555555556,0.0,0.0,0.0,0.0
bull_to_neutral,0.16,0.98,,0.0,0,81,81,0.5925925925925926,0.3894230769230769,0.6388888888888888,0.5555555555555556,0.5925925925925926,0.3894230769230769,0.6388888888888888,0.5555555555555556,0.0,0.0,0.0,0.0
bull_to_bear,0.16,0.98,,0.0,0,81,81,0.5925925925925926,0.3894230769230769,0.6388888888888888,0.5555555555555556,0.5925925925925926,0.3894230769230769,0.6388888888888888,0.5555555555555556,0.0,0.0,0.0,0.0
bull_to_neutral,0.16,0.98,,-0.05,0,81,81,0.5925925925925926,0.3894230769230769,0.6388888888888888,0.5555555555555556,0.5925925925925926,0.3894230769230769,0.6388888888888888,0.5555555555555556,0.0,0.0,0.0,0.0
bull_to_bear,0.16,0.98,,-0.05,0,81,81,0.5925925925925926,0.3894230769230769,0.6388888888888888,0.5555555555555556,0.5925925925925926,0.3894230769230769,0.6388888888888888,0.5555555555555556,0.0,0.0,0.0,0.0
bull_to_neutral,0.16,0.98,,-0.1,0,81,81,0.5925925925925926,0.3894230769230769,0.6388888888888888,0.5555555555555556,0.5925925925925926,0.3894230769230769,0.6388888888888888,0.5555555555555556,0.0,0.0,0.0,0.0
bull_to_bear,0.16,0.98,,-0.1,0,81,81,0.5925925925925926,0.3894230769230769,0.6388888888888888,0.5555555555555556,0.5925925925925926,0.3894230769230769,0.6388888888888888,0.5555555555555556,0.0,0.0,0.0,0.0
bull_to_neutral,0.16,0.98,0.0,,0,81,81,0.5925925925925926,0.3894230769230769,0.6388888888888888,0.5555555555555556,0.5925925925925926,0.3894230769230769,0.6388888888888888,0.5555555555555556,0.0,0.0,0.0,0.0
bull_to_bear,0.16,0.98,0.0,,0,81,81,0.5925925925925926,0.3894230769230769,0.6388888888888888,0.5555555555555556,0.5925925925925926,0.3894230769230769,0.6388888888888888,0.5555555555555556,0.0,0.0,0.0,0.0
bull_to_neutral,0.16,0.98,0.0,0.0,0,81,81,0.5925925925925926,0.3894230769230769,0.6388888888888888,0.5555555555555556,0.5925925925925926,0.3894230769230769,0.6388888888888888,0.5555555555555556,0.0,0.0,0.0,0.0
bull_to_bear,0.16,0.98,0.0,0.0,0,81,81,0.5925925925925926,0.3894230769230769,0.6388888888888888,0.5555555555555556,0.5925925925925926,0.3894230769230769,0.6388888888888888,0.5555555555555556,0.0,0.0,0.0,0.0
bull_to_neutral,0.16,0.98,0.0,-0.05,0,81,81,0.5925925925925926,0.3894230769230769,0.6388888888888888,0.5555555555555556,0.5925925925925926,0.3894230769230769,0.6388888888888888,0.5555555555555556,0.0,0.0,0.0,0.0
bull_to_bear,0.16,0.98,0.0,-0.05,0,81,81,0.5925925925925926,0.3894230769230769,0.6388888888888888,0.5555555555555556,0.5925925925925926,0.3894230769230769,0.6388888888888888,0.5555555555555556,0.0,0.0,0.0,0.0
bull_to_neutral,0.16,0.98,0.0,-0.1,0,81,81,0.5925925925925926,0.3894230769230769,0.6388888888888888,0.5555555555555556,0.5925925925925926,0.3894230769230769,0.6388888888888888,0.5555555555555556,0.0,0.0,0.0,0.0
bull_to_bear,0.16,0.98,0.0,-0.1,0,81,81,0.5925925925925926,0.3894230769230769,0.6388888888888888,0.5555555555555556,0.5925925925925926,0.3894230769230769,0.6388888888888888,0.5555555555555556,0.0,0.0,0.0,0.0
bull_to_neutral,0.16,0.98,5.0,,0,81,81,0.5925925925925926,0.3894230769230769,0.6388888888888888,0.5555555555555556,0.5925925925925926,0.3894230769230769,0.6388888888888888,0.5555555555555556,0.0,0.0,0.0,0.0
bull_to_bear,0.16,0.98,5.0,,0,81,81,0.5925925925925926,0.3894230769230769,0.6388888888888888,0.5555555555555556,0.5925925925925926,0.3894230769230769,0.6388888888888888,0.5555555555555556,0.0,0.0,0.0,0.0
bull_to_neutral,0.16,0.98,5.0,0.0,0,81,81,0.5925925925925926,0.3894230769230769,0.6388888888888888,0.5555555555555556,0.5925925925925926,0.3894230769230769,0.6388888888888888,0.5555555555555556,0.0,0.0,0.0,0.0
bull_to_bear,0.16,0.98,5.0,0.0,0,81,81,0.5925925925925926,0.3894230769230769,0.6388888888888888,0.5555555555555556,0.5925925925925926,0.3894230769230769,0.6388888888888888,0.5555555555555556,0.0,0.0,0.0,0.0
bull_to_neutral,0.16,0.98,5.0,-0.05,0,81,81,0.5925925925925926,0.3894230769230769,0.6388888888888888,0.5555555555555556,0.5925925925925926,0.3894230769230769,0.6388888888888888,0.5555555555555556,0.0,0.0,0.0,0.0
bull_to_bear,0.16,0.98,5.0,-0.05,0,81,81,0.5925925925925926,0.3894230769230769,0.6388888888888888,0.5555555555555556,0.5925925925925926,0.3894230769230769,0.6388888888888888,0.5555555555555556,0.0,0.0,0.0,0.0
bull_to_neutral,0.16,0.98,5.0,-0.1,0,81,81,0.5925925925925926,0.3894230769230769,0.6388888888888888,0.5555555555555556,0.5925925925925926,0.3894230769230769,0.6388888888888888,0.5555555555555556,0.0,0.0,0.0,0.0
bull_to_bear,0.16,0.98,5.0,-0.1,0,81,81,0.5925925925925926,0.3894230769230769,0.6388888888888888,0.5555555555555556,0.5925925925925926,0.3894230769230769,0.6388888888888888,0.5555555555555556,0.0,0.0,0.0,0.0
bull_to_neutral,0.16,0.98,10.0,,0,81,81,0.5925925925925926,0.3894230769230769,0.6388888888888888,0.5555555555555556,0.5925925925925926,0.3894230769230769,0.6388888888888888,0.5555555555555556,0.0,0.0,0.0,0.0
bull_to_bear,0.16,0.98,10.0,,0,81,81,0.5925925925925926,0.3894230769230769,0.6388888888888888,0.5555555555555556,0.5925925925925926,0.3894230769230769,0.6388888888888888,0.5555555555555556,0.0,0.0,0.0,0.0
bull_to_neutral,0.16,0.98,10.0,0.0,0,81,81,0.5925925925925926,0.3894230769230769,0.6388888888888888,0.5555555555555556,0.5925925925925926,0.3894230769230769,0.6388888888888888,0.5555555555555556,0.0,0.0,0.0,0.0
bull_to_bear,0.16,0.98,10.0,0.0,0,81,81,0.5925925925925926,0.3894230769230769,0.6388888888888888,0.5555555555555556,0.5925925925925926,0.3894230769230769,0.6388888888888888,0.5555555555555556,0.0,0.0,0.0,0.0
bull_to_neutral,0.16,0.98,10.0,-0.05,0,81,81,0.5925925925925926,0.3894230769230769,0.6388888888888888,0.5555555555555556,0.5925925925925926,0.3894230769230769,0.6388888888888888,0.5555555555555556,0.0,0.0,0.0,0.0
bull_to_bear,0.16,0.98,10.0,-0.05,0,81,81,0.5925925925925926,0.3894230769230769,0.6388888888888888,0.5555555555555556,0.5925925925925926,0.3894230769230769,0.6388888888888888,0.5555555555555556,0.0,0.0,0.0,0.0
bull_to_neutral,0.16,0.98,10.0,-0.1,0,81,81,0.5925925925925926,0.3894230769230769,0.6388888888888888,0.5555555555555556,0.5925925925925926,0.3894230769230769,0.6388888888888888,0.5555555555555556,0.0,0.0,0.0,0.0
bull_to_bear,0.16,0.98,10.0,-0.1,0,81,81,0.5925925925925926,0.3894230769230769,0.6388888888888888,0.5555555555555556,0.5925925925925926,0.3894230769230769,0.6388888888888888,0.5555555555555556,0.0,0.0,0.0,0.0
bull_to_neutral,0.16,0.98,15.0,,0,81,81,0.5925925925925926,0.3894230769230769,0.6388888888888888,0.5555555555555556,0.5925925925925926,0.3894230769230769,0.6388888888888888,0.5555555555555556,0.0,0.0,0.0,0.0
bull_to_bear,0.16,0.98,15.0,,0,81,81,0.5925925925925926,0.3894230769230769,0.6388888888888888,0.5555555555555556,0.5925925925925926,0.3894230769230769,0.6388888888888888,0.5555555555555556,0.0,0.0,0.0,0.0
bull_to_neutral,0.16,0.98,15.0,0.0,0,81,81,0.5925925925925926,0.3894230769230769,0.6388888888888888,0.5555555555555556,0.5925925925925926,0.3894230769230769,0.6388888888888888,0.5555555555555556,0.0,0.0,0.0,0.0
bull_to_bear,0.16,0.98,15.0,0.0,0,81,81,0.5925925925925926,0.3894230769230769,0.6388888888888888,0.5555555555555556,0.5925925925925926,0.3894230769230769,0.6388888888888888,0.5555555555555556,0.0,0.0,0.0,0.0
bull_to_neutral,0.16,0.98,15.0,-0.05,0,81,81,0.5925925925925926,0.3894230769230769,0.6388888888888888,0.5555555555555556,0.5925925925925926,0.3894230769230769,0.6388888888888888,0.5555555555555556,0.0,0.0,0.0,0.0
bull_to_bear,0.16,0.98,15.0,-0.05,0,81,81,0.5925925925925926,0.3894230769230769,0.6388888888888888,0.5555555555555556,0.5925925925925926,0.3894230769230769,0.6388888888888888,0.5555555555555556,0.0,0.0,0.0,0.0
bull_to_neutral,0.16,0.98,15.0,-0.1,0,81,81,0.5925925925925926,0.3894230769230769,0.6388888888888888,0.5555555555555556,0.5925925925925926,0.3894230769230769,0.6388888888888888,0.5555555555555556,0.0,0.0,0.0,0.0
bull_to_bear,0.16,0.98,15.0,-0.1,0,81,81,0.5925925925925926,0.3894230769230769,0.6388888888888888,0.5555555555555556,0.5925925925925926,0.3894230769230769,0.6388888888888888,0.5555555555555556,0.0,0.0,0.0,0.0
bull_to_neutral,0.16,0.97,,,0,81,81,0.5925925925925926,0.3894230769230769,0.6388888888888888,0.5555555555555556,0.5925925925925926,0.3894230769230769,0.6388888888888888,0.5555555555555556,0.0,0.0,0.0,0.0
bull_to_bear,0.16,0.97,,,0,81,81,0.5925925925925926,0.3894230769230769,0.6388888888888888,0.5555555555555556,0.5925925925925926,0.3894230769230769,0.6388888888888888,0.5555555555555556,0.0,0.0,0.0,0.0
bull_to_neutral,0.16,0.97,,0.0,0,81,81,0.5925925925925926,0.3894230769230769,0.6388888888888888,0.5555555555555556,0.5925925925925926,0.3894230769230769,0.6388888888888888,0.5555555555555556,0.0,0.0,0.0,0.0
bull_to_bear,0.16,0.97,,0.0,0,81,81,0.5925925925925926,0.3894230769230769,0.6388888888888888,0.5555555555555556,0.5925925925925926,0.3894230769230769,0.6388888888888888,0.5555555555555556,0.0,0.0,0.0,0.0
bull_to_neutral,0.16,0.97,,-0.05,0,81,81,0.5925925925925926,0.3894230769230769,0.6388888888888888,0.5555555555555556,0.5925925925925926,0.3894230769230769,0.6388888888888888,0.5555555555555556,0.0,0.0,0.0,0.0
bull_to_bear,0.16,0.97,,-0.05,0,81,81,0.5925925925925926,0.3894230769230769,0.6388888888888888,0.5555555555555556,0.5925925925925926,0.3894230769230769,0.6388888888888888,0.5555555555555556,0.0,0.0,0.0,0.0
bull_to_neutral,0.16,0.97,,-0.1,0,81,81,0.5925925925925926,0.3894230769230769,0.6388888888888888,0.5555555555555556,0.5925925925925926,0.3894230769230769,0.6388888888888888,0.5555555555555556,0.0,0.0,0.0,0.0
bull_to_bear,0.16,0.97,,-0.1,0,81,81,0.5925925925925926,0.3894230769230769,0.6388888888888888,0.5555555555555556,0.5925925925925926,0.3894230769230769,0.6388888888888888,0.5555555555555556,0.0,0.0,0.0,0.0
bull_to_neutral,0.16,0.97,0.0,,0,81,81,0.5925925925925926,0.3894230769230769,0.6388888888888888,0.5555555555555556,0.5925925925925926,0.3894230769230769,0.6388888888888888,0.5555555555555556,0.0,0.0,0.0,0.0
bull_to_bear,0.16,0.97,0.0,,0,81,81,0.5925925925925926,0.3894230769230769,0.6388888888888888,0.5555555555555556,0.5925925925925926,0.3894230769230769,0.6388888888888888,0.5555555555555556,0.0,0.0,0.0,0.0
bull_to_neutral,0.16,0.97,0.0,0.0,0,81,81,0.5925925925925926,0.3894230769230769,0.6388888888888888,0.5555555555555556,0.5925925925925926,0.3894230769230769,0.6388888888888888,0.5555555555555556,0.0,0.0,0.0,0.0
bull_to_bear,0.16,0.97,0.0,0.0,0,81,81,0.5925925925925926,0.3894230769230769,0.6388888888888888,0.5555555555555556,0.5925925925925926,0.3894230769230769,0.6388888888888888,0.5555555555555556,0.0,0.0,0.0,0.0
bull_to_neutral,0.16,0.97,0.0,-0.05,0,81,81,0.5925925925925926,0.3894230769230769,0.6388888888888888,0.5555555555555556,0.5925925925925926,0.3894230769230769,0.6388888888888888,0.5555555555555556,0.0,0.0,0.0,0.0
bull_to_bear,0.16,0.97,0.0,-0.05,0,81,81,0.5925925925925926,0.3894230769230769,0.6388888888888888,0.5555555555555556,0.5925925925925926,0.3894230769230769,0.6388888888888888,0.5555555555555556,0.0,0.0,0.0,0.0
bull_to_neutral,0.16,0.97,0.0,-0.1,0,81,81,0.5925925925925926,0.3894230769230769,0.6388888888888888,0.5555555555555556,0.5925925925925926,0.3894230769230769,0.6388888888888888,0.5555555555555556,0.0,0.0,0.0,0.0
bull_to_bear,0.16,0.97,0.0,-0.1,0,81,81,0.5925925925925926,0.3894230769230769,0.6388888888888888,0.5555555555555556,0.5925925925925926,0.3894230769230769,0.6388888888888888,0.5555555555555556,0.0,0.0,0.0,0.0
bull_to_neutral,0.16,0.97,5.0,,0,81,81,0.5925925925925926,0.3894230769230769,0.6388888888888888,0.5555555555555556,0.5925925925925926,0.3894230769230769,0.6388888888888888,0.5555555555555556,0.0,0.0,0.0,0.0
bull_to_bear,0.16,0.97,5.0,,0,81,81,0.5925925925925926,0.3894230769230769,0.6388888888888888,0.5555555555555556,0.5925925925925926,0.3894230769230769,0.6388888888888888,0.5555555555555556,0.0,0.0,0.0,0.0
bull_to_neutral,0.16,0.97,5.0,0.0,0,81,81,0.5925925925925926,0.3894230769230769,0.6388888888888888,0.5555555555555556,0.5925925925925926,0.3894230769230769,0.6388888888888888,0.5555555555555556,0.0,0.0,0.0,0.0
bull_to_bear,0.16,0.97,5.0,0.0,0,81,81,0.5925925925925926,0.3894230769230769,0.6388888888888888,0.5555555555555556,0.5925925925925926,0.3894230769230769,0.6388888888888888,0.5555555555555556,0.0,0.0,0.0,0.0
bull_to_neutral,0.16,0.97,5.0,-0.05,0,81,81,0.5925925925925926,0.3894230769230769,0.6388888888888888,0.5555555555555556,0.5925925925925926,0.3894230769230769,0.6388888888888888,0.5555555555555556,0.0,0.0,0.0,0.0
bull_to_bear,0.16,0.97,5.0,-0.05,0,81,81,0.5925925925925926,0.3894230769230769,0.6388888888888888,0.5555555555555556,0.5925925925925926,0.3894230769230769,0.6388888888888888,0.5555555555555556,0.0,0.0,0.0,0.0
bull_to_neutral,0.16,0.97,5.0,-0.1,0,81,81,0.5925925925925926,0.3894230769230769,0.6388888888888888,0.5555555555555556,0.5925925925925926,0.3894230769230769,0.6388888888888888,0.5555555555555556,0.0,0.0,0.0,0.0
bull_to_bear,0.16,0.97,5.0,-0.1,0,81,81,0.5925925925925926,0.3894230769230769,0.6388888888888888,0.5555555555555556,0.5925925925925926,0.3894230769230769,0.6388888888888888,0.5555555555555556,0.0,0.0,0.0,0.0
bull_to_neutral,0.16,0.97,10.0,,0,81,81,0.5925925925925926,0.3894230769230769,0.6388888888888888,0.5555555555555556,0.5925925925925926,0.3894230769230769,0.6388888888888888,0.5555555555555556,0.0,0.0,0.0,0.0
bull_to_bear,0.16,0.97,10.0,,0,81,81,0.5925925925925926,0.3894230769230769,0.6388888888888888,0.5555555555555556,0.5925925925925926,0.3894230769230769,0.6388888888888888,0.5555555555555556,0.0,0.0,0.0,0.0
bull_to_neutral,0.16,0.97,10.0,0.0,0,81,81,0.5925925925925926,0.3894230769230769,0.6388888888888888,0.5555555555555556,0.5925925925925926,0.3894230769230769,0.6388888888888888,0.5555555555555556,0.0,0.0,0.0,0.0
bull_to_bear,0.16,0.97,10.0,0.0,0,81,81,0.5925925925925926,0.3894230769230769,0.6388888888888888,0.5555555555555556,0.5925925925925926,0.3894230769230769,0.6388888888888888,0.5555555555555556,0.0,0.0,0.0,0.0
bull_to_neutral,0.16,0.97,10.0,-0.05,0,81,81,0.5925925925925926,0.3894230769230769,0.6388888888888888,0.5555555555555556,0.5925925925925926,0.3894230769230769,0.6388888888888888,0.5555555555555556,0.0,0.0,0.0,0.0
bull_to_bear,0.16,0.97,10.0,-0.05,0,81,81,0.5925925925925926,0.3894230769230769,0.6388888888888888,0.5555555555555556,0.5925925925925926,0.3894230769230769,0.6388888888888888,0.5555555555555556,0.0,0.0,0.0,0.0
bull_to_neutral,0.16,0.97,10.0,-0.1,0,81,81,0.5925925925925926,0.3894230769230769,0.6388888888888888,0.5555555555555556,0.5925925925925926,0.3894230769230769,0.6388888888888888,0.5555555555555556,0.0,0.0,0.0,0.0
bull_to_bear,0.16,0.97,10.0,-0.1,0,81,81,0.5925925925925926,0.3894230769230769,0.6388888888888888,0.5555555555555556,0.5925925925925926,0.3894230769230769,0.6388888888888888,0.5555555555555556,0.0,0.0,0.0,0.0
bull_to_neutral,0.16,0.97,15.0,,0,81,81,0.5925925925925926,0.3894230769230769,0.6388888888888888,0.5555555555555556,0.5925925925925926,0.3894230769230769,0.6388888888888888,0.5555555555555556,0.0,0.0,0.0,0.0
bull_to_bear,0.16,0.97,15.0,,0,81,81,0.5925925925925926,0.3894230769230769,0.6388888888888888,0.5555555555555556,0.5925925925925926,0.3894230769230769,0.6388888888888888,0.5555555555555556,0.0,0.0,0.0,0.0
bull_to_neutral,0.16,0.97,15.0,0.0,0,81,81,0.5925925925925926,0.3894230769230769,0.6388888888888888,0.5555555555555556,0.5925925925925926,0.3894230769230769,0.6388888888888888,0.5555555555555556,0.0,0.0,0.0,0.0
bull_to_bear,0.16,0.97,15.0,0.0,0,81,81,0.5925925925925926,0.3894230769230769,0.6388888888888888,0.5555555555555556,0.5925925925925926,0.3894230769230769,0.6388888888888888,0.5555555555555556,0.0,0.0,0.0,0.0
bull_to_neutral,0.16,0.97,15.0,-0.05,0,81,81,0.5925925925925926,0.3894230769230769,0.6388888888888888,0.5555555555555556,0.5925925925925926,0.3894230769230769,0.6388888888888888,0.5555555555555556,0.0,0.0,0.0,0.0
bull_to_bear,0.16,0.97,15.0,-0.05,0,81,81,0.5925925925925926,0.3894230769230769,0.6388888888888888,0.5555555555555556,0.5925925925925926,0.3894230769230769,0.6388888888888888,0.5555555555555556,0.0,0.0,0.0,0.0
bull_to_neutral,0.16,0.97,15.0,-0.1,0,81,81,0.5925925925925926,0.3894230769230769,0.6388888888888888,0.5555555555555556,0.5925925925925926,0.3894230769230769,0.6388888888888888,0.5555555555555556,0.0,0.0,0.0,0.0
bull_to_bear,0.16,0.97,15.0,-0.1,0,81,81,0.5925925925925926,0.3894230769230769,0.6388888888888888,0.5555555555555556,0.5925925925925926,0.3894230769230769,0.6388888888888888,0.5555555555555556,0.0,0.0,0.0,0.0
bull_to_neutral,0.16,0.95,,,0,81,81,0.5925925925925926,0.3894230769230769,0.6388888888888888,0.5555555555555556,0.5925925925925926,0.3894230769230769,0.6388888888888888,0.5555555555555556,0.0,0.0,0.0,0.0
bull_to_bear,0.16,0.95,,,0,81,81,0.5925925925925926,0.3894230769230769,0.6388888888888888,0.5555555555555556,0.5925925925925926,0.3894230769230769,0.6388888888888888,0.5555555555555556,0.0,0.0,0.0,0.0
bull_to_neutral,0.16,0.95,,0.0,0,81,81,0.5925925925925926,0.3894230769230769,0.6388888888888888,0.5555555555555556,0.5925925925925926,0.3894230769230769,0.6388888888888888,0.5555555555555556,0.0,0.0,0.0,0.0
bull_to_bear,0.16,0.95,,0.0,0,81,81,0.5925925925925926,0.3894230769230769,0.6388888888888888,0.5555555555555556,0.5925925925925926,0.3894230769230769,0.6388888888888888,0.5555555555555556,0.0,0.0,0.0,0.0
bull_to_neutral,0.16,0.95,,-0.05,0,81,81,0.5925925925925926,0.3894230769230769,0.6388888888888888,0.5555555555555556,0.5925925925925926,0.3894230769230769,0.6388888888888888,0.5555555555555556,0.0,0.0,0.0,0.0
bull_to_bear,0.16,0.95,,-0.05,0,81,81,0.5925925925925926,0.3894230769230769,0.6388888888888888,0.5555555555555556,0.5925925925925926,0.3894230769230769,0.6388888888888888,0.5555555555555556,0.0,0.0,0.0,0.0
bull_to_neutral,0.16,0.95,,-0.1,0,81,81,0.5925925925925926,0.3894230769230769,0.6388888888888888,0.5555555555555556,0.5925925925925926,0.3894230769230769,0.6388888888888888,0.5555555555555556,0.0,0.0,0.0,0.0
bull_to_bear,0.16,0.95,,-0.1,0,81,81,0.5925925925925926,0.3894230769230769,0.6388888888888888,0.5555555555555556,0.5925925925925926,0.3894230769230769,0.6388888888888888,0.5555555555555556,0.0,0.0,0.0,0.0
bull_to_neutral,0.16,0.95,0.0,,0,81,81,0.5925925925925926,0.3894230769230769,0.6388888888888888,0.5555555555555556,0.5925925925925926,0.3894230769230769,0.6388888888888888,0.5555555555555556,0.0,0.0,0.0,0.0
bull_to_bear,0.16,0.95,0.0,,0,81,81,0.5925925925925926,0.3894230769230769,0.6388888888888888,0.5555555555555556,0.5925925925925926,0.3894230769230769,0.6388888888888888,0.5555555555555556,0.0,0.0,0.0,0.0
bull_to_neutral,0.16,0.95,0.0,0.0,0,81,81,0.5925925925925926,0.3894230769230769,0.6388888888888888,0.5555555555555556,0.5925925925925926,0.3894230769230769,0.6388888888888888,0.5555555555555556,0.0,0.0,0.0,0.0
bull_to_bear,0.16,0.95,0.0,0.0,0,81,81,0.5925925925925926,0.3894230769230769,0.6388888888888888,0.5555555555555556,0.5925925925925926,0.3894230769230769,0.6388888888888888,0.5555555555555556,0.0,0.0,0.0,0.0
bull_to_neutral,0.16,0.95,0.0,-0.05,0,81,81,0.5925925925925926,0.3894230769230769,0.6388888888888888,0.5555555555555556,0.5925925925925926,0.3894230769230769,0.6388888888888888,0.5555555555555556,0.0,0.0,0.0,0.0
bull_to_bear,0.16,0.95,0.0,-0.05,0,81,81,0.5925925925925926,0.3894230769230769,0.6388888888888888,0.5555555555555556,0.5925925925925926,0.3894230769230769,0.6388888888888888,0.5555555555555556,0.0,0.0,0.0,0.0
bull_to_neutral,0.16,0.95,0.0,-0.1,0,81,81,0.5925925925925926,0.3894230769230769,0.6388888888888888,0.5555555555555556,0.5925925925925926,0.3894230769230769,0.6388888888888888,0.5555555555555556,0.0,0.0,0.0,0.0
bull_to_bear,0.16,0.95,0.0,-0.1,0,81,81,0.5925925925925926,0.3894230769230769,0.6388888888888888,0.5555555555555556,0.5925925925925926,0.3894230769230769,0.6388888888888888,0.5555555555555556,0.0,0.0,0.0,0.0
bull_to_neutral,0.16,0.95,5.0,,0,81,81,0.5925925925925926,0.3894230769230769,0.6388888888888888,0.5555555555555556,0.5925925925925926,0.3894230769230769,0.6388888888888888,0.5555555555555556,0.0,0.0,0.0,0.0
bull_to_bear,0.16,0.95,5.0,,0,81,81,0.5925925925925926,0.3894230769230769,0.6388888888888888,0.5555555555555556,0.5925925925925926,0.3894230769230769,0.6388888888888888,0.5555555555555556,0.0,0.0,0.0,0.0
bull_to_neutral,0.16,0.95,5.0,0.0,0,81,81,0.5925925925925926,0.3894230769230769,0.6388888888888888,0.5555555555555556,0.5925925925925926,0.3894230769230769,0.6388888888888888,0.5555555555555556,0.0,0.0,0.0,0.0
bull_to_bear,0.16,0.95,5.0,0.0,0,81,81,0.5925925925925926,0.3894230769230769,0.6388888888888888,0.5555555555555556,0.5925925925925926,0.3894230769230769,0.6388888888888888,0.5555555555555556,0.0,0.0,0.0,0.0
bull_to_neutral,0.16,0.95,5.0,-0.05,0,81,81,0.5925925925925926,0.3894230769230769,0.6388888888888888,0.5555555555555556,0.5925925925925926,0.3894230769230769,0.6388888888888888,0.5555555555555556,0.0,0.0,0.0,0.0
bull_to_bear,0.16,0.95,5.0,-0.05,0,81,81,0.5925925925925926,0.3894230769230769,0.6388888888888888,0.5555555555555556,0.5925925925925926,0.3894230769230769,0.6388888888888888,0.5555555555555556,0.0,0.0,0.0,0.0
bull_to_neutral,0.16,0.95,5.0,-0.1,0,81,81,0.5925925925925926,0.3894230769230769,0.6388888888888888,0.5555555555555556,0.5925925925925926,0.3894230769230769,0.6388888888888888,0.5555555555555556,0.0,0.0,0.0,0.0
bull_to_bear,0.16,0.95,5.0,-0.1,0,81,81,0.5925925925925926,0.3894230769230769,0.6388888888888888,0.5555555555555556,0.5925925925925926,0.3894230769230769,0.6388888888888888,0.5555555555555556,0.0,0.0,0.0,0.0
bull_to_neutral,0.16,0.95,10.0,,0,81,81,0.5925925925925926,0.3894230769230769,0.6388888888888888,0.5555555555555556,0.5925925925925926,0.3894230769230769,0.6388888888888888,0.5555555555555556,0.0,0.0,0.0,0.0
bull_to_bear,0.16,0.95,10.0,,0,81,81,0.5925925925925926,0.3894230769230769,0.6388888888888888,0.5555555555555556,0.5925925925925926,0.3894230769230769,0.6388888888888888,0.5555555555555556,0.0,0.0,0.0,0.0
bull_to_neutral,0.16,0.95,10.0,0.0,0,81,81,0.5925925925925926,0.3894230769230769,0.6388888888888888,0.5555555555555556,0.5925925925925926,0.3894230769230769,0.6388888888888888,0.5555555555555556,0.0,0.0,0.0,0.0
bull_to_bear,0.16,0.95,10.0,0.0,0,81,81,0.5925925925925926,0.3894230769230769,0.6388888888888888,0.5555555555555556,0.5925925925925926,0.3894230769230769,0.6388888888888888,0.5555555555555556,0.0,0.0,0.0,0.0
bull_to_neutral,0.16,0.95,10.0,-0.05,0,81,81,0.5925925925925926,0.3894230769230769,0.6388888888888888,0.5555555555555556,0.5925925925925926,0.3894230769230769,0.6388888888888888,0.5555555555555556,0.0,0.0,0.0,0.0
bull_to_bear,0.16,0.95,10.0,-0.05,0,81,81,0.5925925925925926,0.3894230769230769,0.6388888888888888,0.5555555555555556,0.5925925925925926,0.3894230769230769,0.6388888888888888,0.5555555555555556,0.0,0.0,0.0,0.0
bull_to_neutral,0.16,0.95,10.0,-0.1,0,81,81,0.5925925925925926,0.3894230769230769,0.6388888888888888,0.5555555555555556,0.5925925925925926,0.3894230769230769,0.6388888888888888,0.5555555555555556,0.0,0.0,0.0,0.0
bull_to_bear,0.16,0.95,10.0,-0.1,0,81,81,0.5925925925925926,0.3894230769230769,0.6388888888888888,0.5555555555555556,0.5925925925925926,0.3894230769230769,0.6388888888888888,0.5555555555555556,0.0,0.0,0.0,0.0
bull_to_neutral,0.16,0.95,15.0,,0,81,81,0.5925925925925926,0.3894230769230769,0.6388888888888888,0.5555555555555556,0.5925925925925926,0.3894230769230769,0.6388888888888888,0.5555555555555556,0.0,0.0,0.0,0.0
bull_to_bear,0.16,0.95,15.0,,0,81,81,0.5925925925925926,0.3894230769230769,0.6388888888888888,0.5555555555555556,0.5925925925925926,0.3894230769230769,0.6388888888888888,0.5555555555555556,0.0,0.0,0.0,0.0
bull_to_neutral,0.16,0.95,15.0,0.0,0,81,81,0.5925925925925926,0.3894230769230769,0.6388888888888888,0.5555555555555556,0.5925925925925926,0.3894230769230769,0.6388888888888888,0.5555555555555556,0.0,0.0,0.0,0.0
bull_to_bear,0.16,0.95,15.0,0.0,0,81,81,0.5925925925925926,0.3894230769230769,0.6388888888888888,0.5555555555555556,0.5925925925925926,0.3894230769230769,0.6388888888888888,0.5555555555555556,0.0,0.0,0.0,0.0
bull_to_neutral,0.16,0.95,15.0,-0.05,0,81,81,0.5925925925925926,0.3894230769230769,0.6388888888888888,0.5555555555555556,0.5925925925925926,0.3894230769230769,0.6388888888888888,0.5555555555555556,0.0,0.0,0.0,0.0
bull_to_bear,0.16,0.95,15.0,-0.05,0,81,81,0.5925925925925926,0.3894230769230769,0.6388888888888888,0.5555555555555556,0.5925925925925926,0.3894230769230769,0.6388888888888888,0.5555555555555556,0.0,0.0,0.0,0.0
bull_to_neutral,0.16,0.95,15.0,-0.1,0,81,81,0.5925925925925926,0.3894230769230769,0.6388888888888888,0.5555555555555556,0.5925925925925926,0.3894230769230769,0.6388888888888888,0.5555555555555556,0.0,0.0,0.0,0.0
bull_to_bear,0.16,0.95,15.0,-0.1,0,81,81,0.5925925925925926,0.3894230769230769,0.6388888888888888,0.5555555555555556,0.5925925925925926,0.3894230769230769,0.6388888888888888,0.5555555555555556,0.0,0.0,0.0,0.0
bull_to_neutral,0.16,0.93,,,0,81,81,0.5925925925925926,0.3894230769230769,0.6388888888888888,0.5555555555555556,0.5925925925925926,0.3894230769230769,0.6388888888888888,0.5555555555555556,0.0,0.0,0.0,0.0
bull_to_bear,0.16,0.93,,,0,81,81,0.5925925925925926,0.3894230769230769,0.6388888888888888,0.5555555555555556,0.5925925925925926,0.3894230769230769,0.6388888888888888,0.5555555555555556,0.0,0.0,0.0,0.0
bull_to_neutral,0.16,0.93,,0.0,0,81,81,0.5925925925925926,0.3894230769230769,0.6388888888888888,0.5555555555555556,0.5925925925925926,0.3894230769230769,0.6388888888888888,0.5555555555555556,0.0,0.0,0.0,0.0
bull_to_bear,0.16,0.93,,0.0,0,81,81,0.5925925925925926,0.3894230769230769,0.6388888888888888,0.5555555555555556,0.5925925925925926,0.3894230769230769,0.6388888888888888,0.5555555555555556,0.0,0.0,0.0,0.0
bull_to_neutral,0.16,0.93,,-0.05,0,81,81,0.5925925925925926,0.3894230769230769,0.6388888888888888,0.5555555555555556,0.5925925925925926,0.3894230769230769,0.6388888888888888,0.5555555555555556,0.0,0.0,0.0,0.0
bull_to_bear,0.16,0.93,,-0.05,0,81,81,0.5925925925925926,0.3894230769230769,0.6388888888888888,0.5555555555555556,0.5925925925925926,0.3894230769230769,0.6388888888888888,0.5555555555555556,0.0,0.0,0.0,0.0
bull_to_neutral,0.16,0.93,,-0.1,0,81,81,0.5925925925925926,0.3894230769230769,0.6388888888888888,0.5555555555555556,0.5925925925925926,0.3894230769230769,0.6388888888888888,0.5555555555555556,0.0,0.0,0.0,0.0
bull_to_bear,0.16,0.93,,-0.1,0,81,81,0.5925925925925926,0.3894230769230769,0.6388888888888888,0.5555555555555556,0.5925925925925926,0.3894230769230769,0.6388888888888888,0.5555555555555556,0.0,0.0,0.0,0.0
bull_to_neutral,0.16,0.93,0.0,,0,81,81,0.5925925925925926,0.3894230769230769,0.6388888888888888,0.5555555555555556,0.5925925925925926,0.3894230769230769,0.6388888888888888,0.5555555555555556,0.0,0.0,0.0,0.0
bull_to_bear,0.16,0.93,0.0,,0,81,81,0.5925925925925926,0.3894230769230769,0.6388888888888888,0.5555555555555556,0.5925925925925926,0.3894230769230769,0.6388888888888888,0.5555555555555556,0.0,0.0,0.0,0.0
bull_to_neutral,0.16,0.93,0.0,0.0,0,81,81,0.5925925925925926,0.3894230769230769,0.6388888888888888,0.5555555555555556,0.5925925925925926,0.3894230769230769,0.6388888888888888,0.5555555555555556,0.0,0.0,0.0,0.0
bull_to_bear,0.16,0.93,0.0,0.0,0,81,81,0.5925925925925926,0.3894230769230769,0.6388888888888888,0.5555555555555556,0.5925925925925926,0.3894230769230769,0.6388888888888888,0.5555555555555556,0.0,0.0,0.0,0.0
bull_to_neutral,0.16,0.93,0.0,-0.05,0,81,81,0.5925925925925926,0.3894230769230769,0.6388888888888888,0.5555555555555556,0.5925925925925926,0.3894230769230769,0.6388888888888888,0.5555555555555556,0.0,0.0,0.0,0.0
bull_to_bear,0.16,0.93,0.0,-0.05,0,81,81,0.5925925925925926,0.3894230769230769,0.6388888888888888,0.5555555555555556,0.5925925925925926,0.3894230769230769,0.6388888888888888,0.5555555555555556,0.0,0.0,0.0,0.0
bull_to_neutral,0.16,0.93,0.0,-0.1,0,81,81,0.5925925925925926,0.3894230769230769,0.6388888888888888,0.5555555555555556,0.5925925925925926,0.3894230769230769,0.6388888888888888,0.5555555555555556,0.0,0.0,0.0,0.0
bull_to_bear,0.16,0.93,0.0,-0.1,0,81,81,0.5925925925925926,0.3894230769230769,0.6388888888888888,0.5555555555555556,0.5925925925925926,0.3894230769230769,0.6388888888888888,0.5555555555555556,0.0,0.0,0.0,0.0
bull_to_neutral,0.16,0.93,5.0,,0,81,81,0.5925925925925926,0.3894230769230769,0.6388888888888888,0.5555555555555556,0.5925925925925926,0.3894230769230769,0.6388888888888888,0.5555555555555556,0.0,0.0,0.0,0.0
bull_to_bear,0.16,0.93,5.0,,0,81,81,0.5925925925925926,0.3894230769230769,0.6388888888888888,0.5555555555555556,0.5925925925925926,0.3894230769230769,0.6388888888888888,0.5555555555555556,0.0,0.0,0.0,0.0
bull_to_neutral,0.16,0.93,5.0,0.0,0,81,81,0.5925925925925926,0.3894230769230769,0.6388888888888888,0.5555555555555556,0.5925925925925926,0.3894230769230769,0.6388888888888888,0.5555555555555556,0.0,0.0,0.0,0.0
bull_to_bear,0.16,0.93,5.0,0.0,0,81,81,0.5925925925925926,0.3894230769230769,0.6388888888888888,0.5555555555555556,0.5925925925925926,0.3894230769230769,0.6388888888888888,0.5555555555555556,0.0,0.0,0.0,0.0
bull_to_neutral,0.16,0.93,5.0,-0.05,0,81,81,0.5925925925925926,0.3894230769230769,0.6388888888888888,0.5555555555555556,0.5925925925925926,0.3894230769230769,0.6388888888888888,0.5555555555555556,0.0,0.0,0.0,0.0
bull_to_bear,0.16,0.93,5.0,-0.05,0,81,81,0.5925925925925926,0.3894230769230769,0.6388888888888888,0.5555555555555556,0.5925925925925926,0.3894230769230769,0.6388888888888888,0.5555555555555556,0.0,0.0,0.0,0.0
bull_to_neutral,0.16,0.93,5.0,-0.1,0,81,81,0.5925925925925926,0.3894230769230769,0.6388888888888888,0.5555555555555556,0.5925925925925926,0.3894230769230769,0.6388888888888888,0.5555555555555556,0.0,0.0,0.0,0.0
bull_to_bear,0.16,0.93,5.0,-0.1,0,81,81,0.5925925925925926,0.3894230769230769,0.6388888888888888,0.5555555555555556,0.5925925925925926,0.3894230769230769,0.6388888888888888,0.5555555555555556,0.0,0.0,0.0,0.0
bull_to_neutral,0.16,0.93,10.0,,0,81,81,0.5925925925925926,0.3894230769230769,0.6388888888888888,0.5555555555555556,0.5925925925925926,0.3894230769230769,0.6388888888888888,0.5555555555555556,0.0,0.0,0.0,0.0
bull_to_bear,0.16,0.93,10.0,,0,81,81,0.5925925925925926,0.3894230769230769,0.6388888888888888,0.5555555555555556,0.5925925925925926,0.3894230769230769,0.6388888888888888,0.5555555555555556,0.0,0.0,0.0,0.0
bull_to_neutral,0.16,0.93,10.0,0.0,0,81,81,0.5925925925925926,0.3894230769230769,0.6388888888888888,0.5555555555555556,0.5925925925925926,0.3894230769230769,0.6388888888888888,0.5555555555555556,0.0,0.0,0.0,0.0
bull_to_bear,0.16,0.93,10.0,0.0,0,81,81,0.5925925925925926,0.3894230769230769,0.6388888888888888,0.5555555555555556,0.5925925925925926,0.3894230769230769,0.6388888888888888,0.5555555555555556,0.0,0.0,0.0,0.0
bull_to_neutral,0.16,0.93,10.0,-0.05,0,81,81,0.5925925925925926,0.3894230769230769,0.6388888888888888,0.5555555555555556,0.5925925925925926,0.3894230769230769,0.6388888888888888,0.5555555555555556,0.0,0.0,0.0,0.0
bull_to_bear,0.16,0.93,10.0,-0.05,0,81,81,0.5925925925925926,0.3894230769230769,0.6388888888888888,0.5555555555555556,0.5925925925925926,0.3894230769230769,0.6388888888888888,0.5555555555555556,0.0,0.0,0.0,0.0
bull_to_neutral,0.16,0.93,10.0,-0.1,0,81,81,0.5925925925925926,0.3894230769230769,0.6388888888888888,0.5555555555555556,0.5925925925925926,0.3894230769230769,0.6388888888888888,0.5555555555555556,0.0,0.0,0.0,0.0
bull_to_bear,0.16,0.93,10.0,-0.1,0,81,81,0.5925925925925926,0.3894230769230769,0.6388888888888888,0.5555555555555556,0.5925925925925926,0.3894230769230769,0.6388888888888888,0.5555555555555556,0.0,0.0,0.0,0.0
bull_to_neutral,0.16,0.93,15.0,,0,81,81,0.5925925925925926,0.3894230769230769,0.6388888888888888,0.5555555555555556,0.5925925925925926,0.3894230769230769,0.6388888888888888,0.5555555555555556,0.0,0.0,0.0,0.0
bull_to_bear,0.16,0.93,15.0,,0,81,81,0.5925925925925926,0.3894230769230769,0.6388888888888888,0.5555555555555556,0.5925925925925926,0.3894230769230769,0.6388888888888888,0.5555555555555556,0.0,0.0,0.0,0.0
bull_to_neutral,0.16,0.93,15.0,0.0,0,81,81,0.5925925925925926,0.3894230769230769,0.6388888888888888,0.5555555555555556,0.5925925925925926,0.3894230769230769,0.6388888888888888,0.5555555555555556,0.0,0.0,0.0,0.0
bull_to_bear,0.16,0.93,15.0,0.0,0,81,81,0.5925925925925926,0.3894230769230769,0.6388888888888888,0.5555555555555556,0.5925925925925926,0.3894230769230769,0.6388888888888888,0.5555555555555556,0.0,0.0,0.0,0.0
bull_to_neutral,0.16,0.93,15.0,-0.05,0,81,81,0.5925925925925926,0.3894230769230769,0.6388888888888888,0.5555555555555556,0.5925925925925926,0.3894230769230769,0.6388888888888888,0.5555555555555556,0.0,0.0,0.0,0.0
bull_to_bear,0.16,0.93,15.0,-0.05,0,81,81,0.5925925925925926,0.3894230769230769,0.6388888888888888,0.5555555555555556,0.5925925925925926,0.3894230769230769,0.6388888888888888,0.5555555555555556,0.0,0.0,0.0,0.0
bull_to_neutral,0.16,0.93,15.0,-0.1,0,81,81,0.5925925925925926,0.3894230769230769,0.6388888888888888,0.5555555555555556,0.5925925925925926,0.3894230769230769,0.6388888888888888,0.5555555555555556,0.0,0.0,0.0,0.0
bull_to_bear,0.16,0.93,15.0,-0.1,0,81,81,0.5925925925925926,0.3894230769230769,0.6388888888888888,0.5555555555555556,0.5925925925925926,0.3894230769230769,0.6388888888888888,0.5555555555555556,0.0,0.0,0.0,0.0
bull_to_neutral,0.16,0.9,,,0,81,81,0.5925925925925926,0.3894230769230769,0.6388888888888888,0.5555555555555556,0.5925925925925926,0.3894230769230769,0.6388888888888888,0.5555555555555556,0.0,0.0,0.0,0.0
bull_to_bear,0.16,0.9,,,0,81,81,0.5925925925925926,0.3894230769230769,0.6388888888888888,0.5555555555555556,0.5925925925925926,0.3894230769230769,0.6388888888888888,0.5555555555555556,0.0,0.0,0.0,0.0
bull_to_neutral,0.16,0.9,,0.0,0,81,81,0.5925925925925926,0.3894230769230769,0.6388888888888888,0.5555555555555556,0.5925925925925926,0.3894230769230769,0.6388888888888888,0.5555555555555556,0.0,0.0,0.0,0.0
bull_to_bear,0.16,0.9,,0.0,0,81,81,0.5925925925925926,0.3894230769230769,0.6388888888888888,0.5555555555555556,0.5925925925925926,0.3894230769230769,0.6388888888888888,0.5555555555555556,0.0,0.0,0.0,0.0
bull_to_neutral,0.16,0.9,,-0.05,0,81,81,0.5925925925925926,0.3894230769230769,0.6388888888888888,0.5555555555555556,0.5925925925925926,0.3894230769230769,0.6388888888888888,0.5555555555555556,0.0,0.0,0.0,0.0
bull_to_bear,0.16,0.9,,-0.05,0,81,81,0.5925925925925926,0.3894230769230769,0.6388888888888888,0.5555555555555556,0.5925925925925926,0.3894230769230769,0.6388888888888888,0.5555555555555556,0.0,0.0,0.0,0.0
bull_to_neutral,0.16,0.9,,-0.1,0,81,81,0.5925925925925926,0.3894230769230769,0.6388888888888888,0.5555555555555556,0.5925925925925926,0.3894230769230769,0.6388888888888888,0.5555555555555556,0.0,0.0,0.0,0.0
bull_to_bear,0.16,0.9,,-0.1,0,81,81,0.5925925925925926,0.3894230769230769,0.6388888888888888,0.5555555555555556,0.5925925925925926,0.3894230769230769,0.6388888888888888,0.5555555555555556,0.0,0.0,0.0,0.0
bull_to_neutral,0.16,0.9,0.0,,0,81,81,0.5925925925925926,0.3894230769230769,0.6388888888888888,0.5555555555555556,0.5925925925925926,0.3894230769230769,0.6388888888888888,0.5555555555555556,0.0,0.0,0.0,0.0
bull_to_bear,0.16,0.9,0.0,,0,81,81,0.5925925925925926,0.3894230769230769,0.6388888888888888,0.5555555555555556,0.5925925925925926,0.3894230769230769,0.6388888888888888,0.5555555555555556,0.0,0.0,0.0,0.0
bull_to_neutral,0.16,0.9,0.0,0.0,0,81,81,0.5925925925925926,0.3894230769230769,0.6388888888888888,0.5555555555555556,0.5925925925925926,0.3894230769230769,0.6388888888888888,0.5555555555555556,0.0,0.0,0.0,0.0
bull_to_bear,0.16,0.9,0.0,0.0,0,81,81,0.5925925925925926,0.3894230769230769,0.6388888888888888,0.5555555555555556,0.5925925925925926,0.3894230769230769,0.6388888888888888,0.5555555555555556,0.0,0.0,0.0,0.0
bull_to_neutral,0.16,0.9,0.0,-0.05,0,81,81,0.5925925925925926,0.3894230769230769,0.6388888888888888,0.5555555555555556,0.5925925925925926,0.3894230769230769,0.6388888888888888,0.5555555555555556,0.0,0.0,0.0,0.0
bull_to_bear,0.16,0.9,0.0,-0.05,0,81,81,0.5925925925925926,0.3894230769230769,0.6388888888888888,0.5555555555555556,0.5925925925925926,0.3894230769230769,0.6388888888888888,0.5555555555555556,0.0,0.0,0.0,0.0
bull_to_neutral,0.16,0.9,0.0,-0.1,0,81,81,0.5925925925925926,0.3894230769230769,0.6388888888888888,0.5555555555555556,0.5925925925925926,0.3894230769230769,0.6388888888888888,0.5555555555555556,0.0,0.0,0.0,0.0
bull_to_bear,0.16,0.9,0.0,-0.1,0,81,81,0.5925925925925926,0.3894230769230769,0.6388888888888888,0.5555555555555556,0.5925925925925926,0.3894230769230769,0.6388888888888888,0.5555555555555556,0.0,0.0,0.0,0.0
bull_to_neutral,0.16,0.9,5.0,,0,81,81,0.5925925925925926,0.3894230769230769,0.6388888888888888,0.5555555555555556,0.5925925925925926,0.3894230769230769,0.6388888888888888,0.5555555555555556,0.0,0.0,0.0,0.0
bull_to_bear,0.16,0.9,5.0,,0,81,81,0.5925925925925926,0.3894230769230769,0.6388888888888888,0.5555555555555556,0.5925925925925926,0.3894230769230769,0.6388888888888888,0.5555555555555556,0.0,0.0,0.0,0.0
bull_to_neutral,0.16,0.9,5.0,0.0,0,81,81,0.5925925925925926,0.3894230769230769,0.6388888888888888,0.5555555555555556,0.5925925925925926,0.3894230769230769,0.6388888888888888,0.5555555555555556,0.0,0.0,0.0,0.0
bull_to_bear,0.16,0.9,5.0,0.0,0,81,81,0.5925925925925926,0.3894230769230769,0.6388888888888888,0.5555555555555556,0.5925925925925926,0.3894230769230769,0.6388888888888888,0.5555555555555556,0.0,0.0,0.0,0.0
bull_to_neutral,0.16,0.9,5.0,-0.05,0,81,81,0.5925925925925926,0.3894230769230769,0.6388888888888888,0.5555555555555556,0.5925925925925926,0.3894230769230769,0.6388888888888888,0.5555555555555556,0.0,0.0,0.0,0.0
bull_to_bear,0.16,0.9,5.0,-0.05,0,81,81,0.5925925925925926,0.3894230769230769,0.6388888888888888,0.5555555555555556,0.5925925925925926,0.3894230769230769,0.6388888888888888,0.5555555555555556,0.0,0.0,0.0,0.0
bull_to_neutral,0.16,0.9,5.0,-0.1,0,81,81,0.5925925925925926,0.3894230769230769,0.6388888888888888,0.5555555555555556,0.5925925925925926,0.3894230769230769,0.6388888888888888,0.5555555555555556,0.0,0.0,0.0,0.0
bull_to_bear,0.16,0.9,5.0,-0.1,0,81,81,0.5925925925925926,0.3894230769230769,0.6388888888888888,0.5555555555555556,0.5925925925925926,0.3894230769230769,0.6388888888888888,0.5555555555555556,0.0,0.0,0.0,0.0
bull_to_neutral,0.16,0.9,10.0,,0,81,81,0.5925925925925926,0.3894230769230769,0.6388888888888888,0.5555555555555556,0.5925925925925926,0.3894230769230769,0.6388888888888888,0.5555555555555556,0.0,0.0,0.0,0.0
bull_to_bear,0.16,0.9,10.0,,0,81,81,0.5925925925925926,0.3894230769230769,0.6388888888888888,0.5555555555555556,0.5925925925925926,0.3894230769230769,0.6388888888888888,0.5555555555555556,0.0,0.0,0.0,0.0
bull_to_neutral,0.16,0.9,10.0,0.0,0,81,81,0.5925925925925926,0.3894230769230769,0.6388888888888888,0.5555555555555556,0.5925925925925926,0.3894230769230769,0.6388888888888888,0.5555555555555556,0.0,0.0,0.0,0.0
bull_to_bear,0.16,0.9,10.0,0.0,0,81,81,0.5925925925925926,0.3894230769230769,0.6388888888888888,0.5555555555555556,0.5925925925925926,0.3894230769230769,0.6388888888888888,0.5555555555555556,0.0,0.0,0.0,0.0
bull_to_neutral,0.16,0.9,10.0,-0.05,0,81,81,0.5925925925925926,0.3894230769230769,0.6388888888888888,0.5555555555555556,0.5925925925925926,0.3894230769230769,0.6388888888888888,0.5555555555555556,0.0,0.0,0.0,0.0
bull_to_bear,0.16,0.9,10.0,-0.05,0,81,81,0.5925925925925926,0.3894230769230769,0.6388888888888888,0.5555555555555556,0.5925925925925926,0.3894230769230769,0.6388888888888888,0.5555555555555556,0.0,0.0,0.0,0.0
bull_to_neutral,0.16,0.9,10.0,-0.1,0,81,81,0.5925925925925926,0.3894230769230769,0.6388888888888888,0.5555555555555556,0.5925925925925926,0.3894230769230769,0.6388888888888888,0.5555555555555556,0.0,0.0,0.0,0.0
bull_to_bear,0.16,0.9,10.0,-0.1,0,81,81,0.5925925925925926,0.3894230769230769,0.6388888888888888,0.5555555555555556,0.5925925925925926,0.3894230769230769,0.6388888888888888,0.5555555555555556,0.0,0.0,0.0,0.0
bull_to_neutral,0.16,0.9,15.0,,0,81,81,0.5925925925925926,0.3894230769230769,0.6388888888888888,0.5555555555555556,0.5925925925925926,0.3894230769230769,0.6388888888888888,0.5555555555555556,0.0,0.0,0.0,0.0
bull_to_bear,0.16,0.9,15.0,,0,81,81,0.5925925925925926,0.3894230769230769,0.6388888888888888,0.5555555555555556,0.5925925925925926,0.3894230769230769,0.6388888888888888,0.5555555555555556,0.0,0.0,0.0,0.0
bull_to_neutral,0.16,0.9,15.0,0.0,0,81,81,0.5925925925925926,0.3894230769230769,0.6388888888888888,0.5555555555555556,0.5925925925925926,0.3894230769230769,0.6388888888888888,0.5555555555555556,0.0,0.0,0.0,0.0
bull_to_bear,0.16,0.9,15.0,0.0,0,81,81,0.5925925925925926,0.3894230769230769,0.6388888888888888,0.5555555555555556,0.5925925925925926,0.3894230769230769,0.6388888888888888,0.5555555555555556,0.0,0.0,0.0,0.0
bull_to_neutral,0.16,0.9,15.0,-0.05,0,81,81,0.5925925925925926,0.3894230769230769,0.6388888888888888,0.5555555555555556,0.5925925925925926,0.3894230769230769,0.6388888888888888,0.5555555555555556,0.0,0.0,0.0,0.0
bull_to_bear,0.16,0.9,15.0,-0.05,0,81,81,0.5925925925925926,0.3894230769230769,0.6388888888888888,0.5555555555555556,0.5925925925925926,0.3894230769230769,0.6388888888888888,0.5555555555555556,0.0,0.0,0.0,0.0
bull_to_neutral,0.16,0.9,15.0,-0.1,0,81,81,0.5925925925925926,0.3894230769230769,0.6388888888888888,0.5555555555555556,0.5925925925925926,0.3894230769230769,0.6388888888888888,0.5555555555555556,0.0,0.0,0.0,0.0
bull_to_bear,0.16,0.9,15.0,-0.1,0,81,81,0.5925925925925926,0.3894230769230769,0.6388888888888888,0.5555555555555556,0.5925925925925926,0.3894230769230769,0.6388888888888888,0.5555555555555556,0.0,0.0,0.0,0.0
bull_to_neutral,0.18,1.0,,,6,75,81,0.5925925925925926,0.3894230769230769,0.6388888888888888,0.5555555555555556,0.5733333333333334,0.3605769230769231,0.6,0.5555555555555556,-0.019259259259259198,-0.028846153846153855,-0.03888888888888886,0.0
bull_to_bear,0.18,1.0,,,6,81,81,0.5925925925925926,0.3894230769230769,0.6388888888888888,0.5555555555555556,0.5432098765432098,0.3894230769230769,0.6,0.5098039215686274,-0.04938271604938271,0.0,-0.03888888888888886,-0.045751633986928164
bull_to_neutral,0.18,1.0,,0.0,4,77,81,0.5925925925925926,0.3894230769230769,0.6388888888888888,0.5555555555555556,0.5714285714285714,0.3701923076923077,0.59375,0.5555555555555556,-0.021164021164021163,-0.019230769230769218,-0.04513888888888884,0.0
bull_to_bear,0.18,1.0,,0.0,4,81,81,0.5925925925925926,0.3894230769230769,0.6388888888888888,0.5555555555555556,0.5432098765432098,0.3894230769230769,0.59375,0.5102040816326531,-0.04938271604938271,0.0,-0.04513888888888884,-0.04535147392290251
bull_to_neutral,0.18,1.0,,-0.05,4,77,81,0.5925925925925926,0.3894230769230769,0.6388888888888888,0.5555555555555556,0.5714285714285714,0.3701923076923077,0.59375,0.5555555555555556,-0.021164021164021163,-0.019230769230769218,-0.04513888888888884,0.0
bull_to_bear,0.18,1.0,,-0.05,4,81,81,0.5925925925925926,0.3894230769230769,0.6388888888888888,0.5555555555555556,0.5432098765432098,0.3894230769230769,0.59375,0.5102040816326531,-0.04938271604938271,0.0,-0.04513888888888884,-0.04535147392290251
bull_to_neutral,0.18,1.0,,-0.1,4,77,81,0.5925925925925926,0.3894230769230769,0.6388888888888888,0.5555555555555556,0.5714285714285714,0.3701923076923077,0.59375,0.5555555555555556,-0.021164021164021163,-0.019230769230769218,-0.04513888888888884,0.0
bull_to_bear,0.18,1.0,,-0.1,4,81,81,0.5925925925925926,0.3894230769230769,0.6388888888888888,0.5555555555555556,0.5432098765432098,0.3894230769230769,0.59375,0.5102040816326531,-0.04938271604938271,0.0,-0.04513888888888884,-0.04535147392290251
bull_to_neutral,0.18,1.0,0.0,,0,81,81,0.5925925925925926,0.3894230769230769,0.6388888888888888,0.5555555555555556,0.5925925925925926,0.3894230769230769,0.6388888888888888,0.5555555555555556,0.0,0.0,0.0,0.0
bull_to_bear,0.18,1.0,0.0,,0,81,81,0.5925925925925926,0.3894230769230769,0.6388888888888888,0.5555555555555556,0.5925925925925926,0.3894230769230769,0.6388888888888888,0.5555555555555556,0.0,0.0,0.0,0.0
bull_to_neutral,0.18,1.0,0.0,0.0,0,81,81,0.5925925925925926,0.3894230769230769,0.6388888888888888,0.5555555555555556,0.5925925925925926,0.3894230769230769,0.6388888888888888,0.5555555555555556,0.0,0.0,0.0,0.0
bull_to_bear,0.18,1.0,0.0,0.0,0,81,81,0.5925925925925926,0.3894230769230769,0.6388888888888888,0.5555555555555556,0.5925925925925926,0.3894230769230769,0.6388888888888888,0.5555555555555556,0.0,0.0,0.0,0.0
bull_to_neutral,0.18,1.0,0.0,-0.05,0,81,81,0.5925925925925926,0.3894230769230769,0.6388888888888888,0.5555555555555556,0.5925925925925926,0.3894230769230769,0.6388888888888888,0.5555555555555556,0.0,0.0,0.0,0.0
bull_to_bear,0.18,1.0,0.0,-0.05,0,81,81,0.5925925925925926,0.3894230769230769,0.6388888888888888,0.5555555555555556,0.5925925925925926,0.3894230769230769,0.6388888888888888,0.5555555555555556,0.0,0.0,0.0,0.0
bull_to_neutral,0.18,1.0,0.0,-0.1,0,81,81,0.5925925925925926,0.3894230769230769,0.6388888888888888,0.5555555555555556,0.5925925925925926,0.3894230769230769,0.6388888888888888,0.5555555555555556,0.0,0.0,0.0,0.0
bull_to_bear,0.18,1.0,0.0,-0.1,0,81,81,0.5925925925925926,0.3894230769230769,0.6388888888888888,0.5555555555555556,0.5925925925925926,0.3894230769230769,0.6388888888888888,0.5555555555555556,0.0,0.0,0.0,0.0
bull_to_neutral,0.18,1.0,5.0,,0,81,81,0.5925925925925926,0.3894230769230769,0.6388888888888888,0.5555555555555556,0.5925925925925926,0.3894230769230769,0.6388888888888888,0.5555555555555556,0.0,0.0,0.0,0.0
bull_to_bear,0.18,1.0,5.0,,0,81,81,0.5925925925925926,0.3894230769230769,0.6388888888888888,0.5555555555555556,0.5925925925925926,0.3894230769230769,0.6388888888888888,0.5555555555555556,0.0,0.0,0.0,0.0
bull_to_neutral,0.18,1.0,5.0,0.0,0,81,81,0.5925925925925926,0.3894230769230769,0.6388888888888888,0.5555555555555556,0.5925925925925926,0.3894230769230769,0.6388888888888888,0.5555555555555556,0.0,0.0,0.0,0.0
bull_to_bear,0.18,1.0,5.0,0.0,0,81,81,0.5925925925925926,0.3894230769230769,0.6388888888888888,0.5555555555555556,0.5925925925925926,0.3894230769230769,0.6388888888888888,0.5555555555555556,0.0,0.0,0.0,0.0
bull_to_neutral,0.18,1.0,5.0,-0.05,0,81,81,0.5925925925925926,0.3894230769230769,0.6388888888888888,0.5555555555555556,0.5925925925925926,0.3894230769230769,0.6388888888888888,0.5555555555555556,0.0,0.0,0.0,0.0
bull_to_bear,0.18,1.0,5.0,-0.05,0,81,81,0.5925925925925926,0.3894230769230769,0.6388888888888888,0.5555555555555556,0.5925925925925926,0.3894230769230769,0.6388888888888888,0.5555555555555556,0.0,0.0,0.0,0.0
bull_to_neutral,0.18,1.0,5.0,-0.1,0,81,81,0.5925925925925926,0.3894230769230769,0.6388888888888888,0.5555555555555556,0.5925925925925926,0.3894230769230769,0.6388888888888888,0.5555555555555556,0.0,0.0,0.0,0.0
bull_to_bear,0.18,1.0,5.0,-0.1,0,81,81,0.5925925925925926,0.3894230769230769,0.6388888888888888,0.5555555555555556,0.5925925925925926,0.3894230769230769,0.6388888888888888,0.5555555555555556,0.0,0.0,0.0,0.0
bull_to_neutral,0.18,1.0,10.0,,0,81,81,0.5925925925925926,0.3894230769230769,0.6388888888888888,0.5555555555555556,0.5925925925925926,0.3894230769230769,0.6388888888888888,0.5555555555555556,0.0,0.0,0.0,0.0
bull_to_bear,0.18,1.0,10.0,,0,81,81,0.5925925925925926,0.3894230769230769,0.6388888888888888,0.5555555555555556,0.5925925925925926,0.3894230769230769,0.6388888888888888,0.5555555555555556,0.0,0.0,0.0,0.0
bull_to_neutral,0.18,1.0,10.0,0.0,0,81,81,0.5925925925925926,0.3894230769230769,0.6388888888888888,0.5555555555555556,0.5925925925925926,0.3894230769230769,0.6388888888888888,0.5555555555555556,0.0,0.0,0.0,0.0
bull_to_bear,0.18,1.0,10.0,0.0,0,81,81,0.5925925925925926,0.3894230769230769,0.6388888888888888,0.5555555555555556,0.5925925925925926,0.3894230769230769,0.6388888888888888,0.5555555555555556,0.0,0.0,0.0,0.0
bull_to_neutral,0.18,1.0,10.0,-0.05,0,81,81,0.5925925925925926,0.3894230769230769,0.6388888888888888,0.5555555555555556,0.5925925925925926,0.3894230769230769,0.6388888888888888,0.5555555555555556,0.0,0.0,0.0,0.0
bull_to_bear,0.18,1.0,10.0,-0.05,0,81,81,0.5925925925925926,0.3894230769230769,0.6388888888888888,0.5555555555555556,0.5925925925925926,0.3894230769230769,0.6388888888888888,0.5555555555555556,0.0,0.0,0.0,0.0
bull_to_neutral,0.18,1.0,10.0,-0.1,0,81,81,0.5925925925925926,0.3894230769230769,0.6388888888888888,0.5555555555555556,0.5925925925925926,0.3894230769230769,0.6388888888888888,0.5555555555555556,0.0,0.0,0.0,0.0
bull_to_bear,0.18,1.0,10.0,-0.1,0,81,81,0.5925925925925926,0.3894230769230769,0.6388888888888888,0.5555555555555556,0.5925925925925926,0.3894230769230769,0.6388888888888888,0.5555555555555556,0.0,0.0,0.0,0.0
bull_to_neutral,0.18,1.0,15.0,,0,81,81,0.5925925925925926,0.3894230769230769,0.6388888888888888,0.5555555555555556,0.5925925925925926,0.3894230769230769,0.6388888888888888,0.5555555555555556,0.0,0.0,0.0,0.0
bull_to_bear,0.18,1.0,15.0,,0,81,81,0.5925925925925926,0.3894230769230769,0.6388888888888888,0.5555555555555556,0.5925925925925926,0.3894230769230769,0.6388888888888888,0.5555555555555556,0.0,0.0,0.0,0.0
bull_to_neutral,0.18,1.0,15.0,0.0,0,81,81,0.5925925925925926,0.3894230769230769,0.6388888888888888,0.5555555555555556,0.5925925925925926,0.3894230769230769,0.6388888888888888,0.5555555555555556,0.0,0.0,0.0,0.0
bull_to_bear,0.18,1.0,15.0,0.0,0,81,81,0.5925925925925926,0.3894230769230769,0.6388888888888888,0.5555555555555556,0.5925925925925926,0.3894230769230769,0.6388888888888888,0.5555555555555556,0.0,0.0,0.0,0.0
bull_to_neutral,0.18,1.0,15.0,-0.05,0,81,81,0.5925925925925926,0.3894230769230769,0.6388888888888888,0.5555555555555556,0.5925925925925926,0.3894230769230769,0.6388888888888888,0.5555555555555556,0.0,0.0,0.0,0.0
bull_to_bear,0.18,1.0,15.0,-0.05,0,81,81,0.5925925925925926,0.3894230769230769,0.6388888888888888,0.5555555555555556,0.5925925925925926,0.3894230769230769,0.6388888888888888,0.5555555555555556,0.0,0.0,0.0,0.0
bull_to_neutral,0.18,1.0,15.0,-0.1,0,81,81,0.5925925925925926,0.3894230769230769,0.6388888888888888,0.5555555555555556,0.5925925925925926,0.3894230769230769,0.6388888888888888,0.5555555555555556,0.0,0.0,0.0,0.0
bull_to_bear,0.18,1.0,15.0,-0.1,0,81,81,0.5925925925925926,0.3894230769230769,0.6388888888888888,0.5555555555555556,0.5925925925925926,0.3894230769230769,0.6388888888888888,0.5555555555555556,0.0,0.0,0.0,0.0
bull_to_neutral,0.18,0.99,,,0,81,81,0.5925925925925926,0.3894230769230769,0.6388888888888888,0.5555555555555556,0.5925925925925926,0.3894230769230769,0.6388888888888888,0.5555555555555556,0.0,0.0,0.0,0.0
bull_to_bear,0.18,0.99,,,0,81,81,0.5925925925925926,0.3894230769230769,0.6388888888888888,0.5555555555555556,0.5925925925925926,0.3894230769230769,0.6388888888888888,0.5555555555555556,0.0,0.0,0.0,0.0
bull_to_neutral,0.18,0.99,,0.0,0,81,81,0.5925925925925926,0.3894230769230769,0.6388888888888888,0.5555555555555556,0.5925925925925926,0.3894230769230769,0.6388888888888888,0.5555555555555556,0.0,0.0,0.0,0.0
bull_to_bear,0.18,0.99,,0.0,0,81,81,0.5925925925925926,0.3894230769230769,0.6388888888888888,0.5555555555555556,0.5925925925925926,0.3894230769230769,0.6388888888888888,0.5555555555555556,0.0,0.0,0.0,0.0
bull_to_neutral,0.18,0.99,,-0.05,0,81,81,0.5925925925925926,0.3894230769230769,0.6388888888888888,0.5555555555555556,0.5925925925925926,0.3894230769230769,0.6388888888888888,0.5555555555555556,0.0,0.0,0.0,0.0
bull_to_bear,0.18,0.99,,-0.05,0,81,81,0.5925925925925926,0.3894230769230769,0.6388888888888888,0.5555555555555556,0.5925925925925926,0.3894230769230769,0.6388888888888888,0.5555555555555556,0.0,0.0,0.0,0.0
bull_to_neutral,0.18,0.99,,-0.1,0,81,81,0.5925925925925926,0.3894230769230769,0.6388888888888888,0.5555555555555556,0.5925925925925926,0.3894230769230769,0.6388888888888888,0.5555555555555556,0.0,0.0,0.0,0.0
bull_to_bear,0.18,0.99,,-0.1,0,81,81,0.5925925925925926,0.3894230769230769,0.6388888888888888,0.5555555555555556,0.5925925925925926,0.3894230769230769,0.6388888888888888,0.5555555555555556,0.0,0.0,0.0,0.0
bull_to_neutral,0.18,0.99,0.0,,0,81,81,0.5925925925925926,0.3894230769230769,0.6388888888888888,0.5555555555555556,0.5925925925925926,0.3894230769230769,0.6388888888888888,0.5555555555555556,0.0,0.0,0.0,0.0
bull_to_bear,0.18,0.99,0.0,,0,81,81,0.5925925925925926,0.3894230769230769,0.6388888888888888,0.5555555555555556,0.5925925925925926,0.3894230769230769,0.6388888888888888,0.5555555555555556,0.0,0.0,0.0,0.0
bull_to_neutral,0.18,0.99,0.0,0.0,0,81,81,0.5925925925925926,0.3894230769230769,0.6388888888888888,0.5555555555555556,0.5925925925925926,0.3894230769230769,0.6388888888888888,0.5555555555555556,0.0,0.0,0.0,0.0
bull_to_bear,0.18,0.99,0.0,0.0,0,81,81,0.5925925925925926,0.3894230769230769,0.6388888888888888,0.5555555555555556,0.5925925925925926,0.3894230769230769,0.6388888888888888,0.5555555555555556,0.0,0.0,0.0,0.0
bull_to_neutral,0.18,0.99,0.0,-0.05,0,81,81,0.5925925925925926,0.3894230769230769,0.6388888888888888,0.5555555555555556,0.5925925925925926,0.3894230769230769,0.6388888888888888,0.5555555555555556,0.0,0.0,0.0,0.0
bull_to_bear,0.18,0.99,0.0,-0.05,0,81,81,0.5925925925925926,0.3894230769230769,0.6388888888888888,0.5555555555555556,0.5925925925925926,0.3894230769230769,0.6388888888888888,0.5555555555555556,0.0,0.0,0.0,0.0
bull_to_neutral,0.18,0.99,0.0,-0.1,0,81,81,0.5925925925925926,0.3894230769230769,0.6388888888888888,0.5555555555555556,0.5925925925925926,0.3894230769230769,0.6388888888888888,0.5555555555555556,0.0,0.0,0.0,0.0
bull_to_bear,0.18,0.99,0.0,-0.1,0,81,81,0.5925925925925926,0.3894230769230769,0.6388888888888888,0.5555555555555556,0.5925925925925926,0.3894230769230769,0.6388888888888888,0.5555555555555556,0.0,0.0,0.0,0.0
bull_to_neutral,0.18,0.99,5.0,,0,81,81,0.5925925925925926,0.3894230769230769,0.6388888888888888,0.5555555555555556,0.5925925925925926,0.3894230769230769,0.6388888888888888,0.5555555555555556,0.0,0.0,0.0,0.0
bull_to_bear,0.18,0.99,5.0,,0,81,81,0.5925925925925926,0.3894230769230769,0.6388888888888888,0.5555555555555556,0.5925925925925926,0.3894230769230769,0.6388888888888888,0.5555555555555556,0.0,0.0,0.0,0.0
bull_to_neutral,0.18,0.99,5.0,0.0,0,81,81,0.5925925925925926,0.3894230769230769,0.6388888888888888,0.5555555555555556,0.5925925925925926,0.3894230769230769,0.6388888888888888,0.5555555555555556,0.0,0.0,0.0,0.0
bull_to_bear,0.18,0.99,5.0,0.0,0,81,81,0.5925925925925926,0.3894230769230769,0.6388888888888888,0.5555555555555556,0.5925925925925926,0.3894230769230769,0.6388888888888888,0.5555555555555556,0.0,0.0,0.0,0.0
bull_to_neutral,0.18,0.99,5.0,-0.05,0,81,81,0.5925925925925926,0.3894230769230769,0.6388888888888888,0.5555555555555556,0.5925925925925926,0.3894230769230769,0.6388888888888888,0.5555555555555556,0.0,0.0,0.0,0.0
bull_to_bear,0.18,0.99,5.0,-0.05,0,81,81,0.5925925925925926,0.3894230769230769,0.6388888888888888,0.5555555555555556,0.5925925925925926,0.3894230769230769,0.6388888888888888,0.5555555555555556,0.0,0.0,0.0,0.0
bull_to_neutral,0.18,0.99,5.0,-0.1,0,81,81,0.5925925925925926,0.3894230769230769,0.6388888888888888,0.5555555555555556,0.5925925925925926,0.3894230769230769,0.6388888888888888,0.5555555555555556,0.0,0.0,0.0,0.0
bull_to_bear,0.18,0.99,5.0,-0.1,0,81,81,0.5925925925925926,0.3894230769230769,0.6388888888888888,0.5555555555555556,0.5925925925925926,0.3894230769230769,0.6388888888888888,0.5555555555555556,0.0,0.0,0.0,0.0
bull_to_neutral,0.18,0.99,10.0,,0,81,81,0.5925925925925926,0.3894230769230769,0.6388888888888888,0.5555555555555556,0.5925925925925926,0.3894230769230769,0.6388888888888888,0.5555555555555556,0.0,0.0,0.0,0.0
bull_to_bear,0.18,0.99,10.0,,0,81,81,0.5925925925925926,0.3894230769230769,0.6388888888888888,0.5555555555555556,0.5925925925925926,0.3894230769230769,0.6388888888888888,0.5555555555555556,0.0,0.0,0.0,0.0
bull_to_neutral,0.18,0.99,10.0,0.0,0,81,81,0.5925925925925926,0.3894230769230769,0.6388888888888888,0.5555555555555556,0.5925925925925926,0.3894230769230769,0.6388888888888888,0.5555555555555556,0.0,0.0,0.0,0.0
bull_to_bear,0.18,0.99,10.0,0.0,0,81,81,0.5925925925925926,0.3894230769230769,0.6388888888888888,0.5555555555555556,0.5925925925925926,0.3894230769230769,0.6388888888888888,0.5555555555555556,0.0,0.0,0.0,0.0
bull_to_neutral,0.18,0.99,10.0,-0.05,0,81,81,0.5925925925925926,0.3894230769230769,0.6388888888888888,0.5555555555555556,0.5925925925925926,0.3894230769230769,0.6388888888888888,0.5555555555555556,0.0,0.0,0.0,0.0
bull_to_bear,0.18,0.99,10.0,-0.05,0,81,81,0.5925925925925926,0.3894230769230769,0.6388888888888888,0.5555555555555556,0.5925925925925926,0.3894230769230769,0.6388888888888888,0.5555555555555556,0.0,0.0,0.0,0.0
bull_to_neutral,0.18,0.99,10.0,-0.1,0,81,81,0.5925925925925926,0.3894230769230769,0.6388888888888888,0.5555555555555556,0.5925925925925926,0.3894230769230769,0.6388888888888888,0.5555555555555556,0.0,0.0,0.0,0.0
bull_to_bear,0.18,0.99,10.0,-0.1,0,81,81,0.5925925925925926,0.3894230769230769,0.6388888888888888,0.5555555555555556,0.5925925925925926,0.3894230769230769,0.6388888888888888,0.5555555555555556,0.0,0.0,0.0,0.0
bull_to_neutral,0.18,0.99,15.0,,0,81,81,0.5925925925925926,0.3894230769230769,0.6388888888888888,0.5555555555555556,0.5925925925925926,0.3894230769230769,0.6388888888888888,0.5555555555555556,0.0,0.0,0.0,0.0
bull_to_bear,0.18,0.99,15.0,,0,81,81,0.5925925925925926,0.3894230769230769,0.6388888888888888,0.5555555555555556,0.5925925925925926,0.3894230769230769,0.6388888888888888,0.5555555555555556,0.0,0.0,0.0,0.0
bull_to_neutral,0.18,0.99,15.0,0.0,0,81,81,0.5925925925925926,0.3894230769230769,0.6388888888888888,0.5555555555555556,0.5925925925925926,0.3894230769230769,0.6388888888888888,0.5555555555555556,0.0,0.0,0.0,0.0
bull_to_bear,0.18,0.99,15.0,0.0,0,81,81,0.5925925925925926,0.3894230769230769,0.6388888888888888,0.5555555555555556,0.5925925925925926,0.3894230769230769,0.6388888888888888,0.5555555555555556,0.0,0.0,0.0,0.0
bull_to_neutral,0.18,0.99,15.0,-0.05,0,81,81,0.5925925925925926,0.3894230769230769,0.6388888888888888,0.5555555555555556,0.5925925925925926,0.3894230769230769,0.6388888888888888,0.5555555555555556,0.0,0.0,0.0,0.0
bull_to_bear,0.18,0.99,15.0,-0.05,0,81,81,0.5925925925925926,0.3894230769230769,0.6388888888888888,0.5555555555555556,0.5925925925925926,0.3894230769230769,0.6388888888888888,0.5555555555555556,0.0,0.0,0.0,0.0
bull_to_neutral,0.18,0.99,15.0,-0.1,0,81,81,0.5925925925925926,0.3894230769230769,0.6388888888888888,0.5555555555555556,0.5925925925925926,0.3894230769230769,0.6388888888888888,0.5555555555555556,0.0,0.0,0.0,0.0
bull_to_bear,0.18,0.99,15.0,-0.1,0,81,81,0.5925925925925926,0.3894230769230769,0.6388888888888888,0.5555555555555556,0.5925925925925926,0.3894230769230769,0.6388888888888888,0.5555555555555556,0.0,0.0,0.0,0.0
bull_to_neutral,0.18,0.98,,,0,81,81,0.5925925925925926,0.3894230769230769,0.6388888888888888,0.5555555555555556,0.5925925925925926,0.3894230769230769,0.6388888888888888,0.5555555555555556,0.0,0.0,0.0,0.0
bull_to_bear,0.18,0.98,,,0,81,81,0.5925925925925926,0.3894230769230769,0.6388888888888888,0.5555555555555556,0.5925925925925926,0.3894230769230769,0.6388888888888888,0.5555555555555556,0.0,0.0,0.0,0.0
bull_to_neutral,0.18,0.98,,0.0,0,81,81,0.5925925925925926,0.3894230769230769,0.6388888888888888,0.5555555555555556,0.5925925925925926,0.3894230769230769,0.6388888888888888,0.5555555555555556,0.0,0.0,0.0,0.0
bull_to_bear,0.18,0.98,,0.0,0,81,81,0.5925925925925926,0.3894230769230769,0.6388888888888888,0.5555555555555556,0.5925925925925926,0.3894230769230769,0.6388888888888888,0.5555555555555556,0.0,0.0,0.0,0.0
bull_to_neutral,0.18,0.98,,-0.05,0,81,81,0.5925925925925926,0.3894230769230769,0.6388888888888888,0.5555555555555556,0.5925925925925926,0.3894230769230769,0.6388888888888888,0.5555555555555556,0.0,0.0,0.0,0.0
bull_to_bear,0.18,0.98,,-0.05,0,81,81,0.5925925925925926,0.3894230769230769,0.6388888888888888,0.5555555555555556,0.5925925925925926,0.3894230769230769,0.6388888888888888,0.5555555555555556,0.0,0.0,0.0,0.0
bull_to_neutral,0.18,0.98,,-0.1,0,81,81,0.5925925925925926,0.3894230769230769,0.6388888888888888,0.5555555555555556,0.5925925925925926,0.3894230769230769,0.6388888888888888,0.5555555555555556,0.0,0.0,0.0,0.0
bull_to_bear,0.18,0.98,,-0.1,0,81,81,0.5925925925925926,0.3894230769230769,0.6388888888888888,0.5555555555555556,0.5925925925925926,0.3894230769230769,0.6388888888888888,0.5555555555555556,0.0,0.0,0.0,0.0
bull_to_neutral,0.18,0.98,0.0,,0,81,81,0.5925925925925926,0.3894230769230769,0.6388888888888888,0.5555555555555556,0.5925925925925926,0.3894230769230769,0.6388888888888888,0.5555555555555556,0.0,0.0,0.0,0.0
bull_to_bear,0.18,0.98,0.0,,0,81,81,0.5925925925925926,0.3894230769230769,0.6388888888888888,0.5555555555555556,0.5925925925925926,0.3894230769230769,0.6388888888888888,0.5555555555555556,0.0,0.0,0.0,0.0
bull_to_neutral,0.18,0.98,0.0,0.0,0,81,81,0.5925925925925926,0.3894230769230769,0.6388888888888888,0.5555555555555556,0.5925925925925926,0.3894230769230769,0.6388888888888888,0.5555555555555556,0.0,0.0,0.0,0.0
bull_to_bear,0.18,0.98,0.0,0.0,0,81,81,0.5925925925925926,0.3894230769230769,0.6388888888888888,0.5555555555555556,0.5925925925925926,0.3894230769230769,0.6388888888888888,0.5555555555555556,0.0,0.0,0.0,0.0
bull_to_neutral,0.18,0.98,0.0,-0.05,0,81,81,0.5925925925925926,0.3894230769230769,0.6388888888888888,0.5555555555555556,0.5925925925925926,0.3894230769230769,0.6388888888888888,0.5555555555555556,0.0,0.0,0.0,0.0
bull_to_bear,0.18,0.98,0.0,-0.05,0,81,81,0.5925925925925926,0.3894230769230769,0.6388888888888888,0.5555555555555556,0.5925925925925926,0.3894230769230769,0.6388888888888888,0.5555555555555556,0.0,0.0,0.0,0.0
bull_to_neutral,0.18,0.98,0.0,-0.1,0,81,81,0.5925925925925926,0.3894230769230769,0.6388888888888888,0.5555555555555556,0.5925925925925926,0.3894230769230769,0.6388888888888888,0.5555555555555556,0.0,0.0,0.0,0.0
bull_to_bear,0.18,0.98,0.0,-0.1,0,81,81,0.5925925925925926,0.3894230769230769,0.6388888888888888,0.5555555555555556,0.5925925925925926,0.3894230769230769,0.6388888888888888,0.5555555555555556,0.0,0.0,0.0,0.0
bull_to_neutral,0.18,0.98,5.0,,0,81,81,0.5925925925925926,0.3894230769230769,0.6388888888888888,0.5555555555555556,0.5925925925925926,0.3894230769230769,0.6388888888888888,0.5555555555555556,0.0,0.0,0.0,0.0
bull_to_bear,0.18,0.98,5.0,,0,81,81,0.5925925925925926,0.3894230769230769,0.6388888888888888,0.5555555555555556,0.5925925925925926,0.3894230769230769,0.6388888888888888,0.5555555555555556,0.0,0.0,0.0,0.0
bull_to_neutral,0.18,0.98,5.0,0.0,0,81,81,0.5925925925925926,0.3894230769230769,0.6388888888888888,0.5555555555555556,0.5925925925925926,0.3894230769230769,0.6388888888888888,0.5555555555555556,0.0,0.0,0.0,0.0
bull_to_bear,0.18,0.98,5.0,0.0,0,81,81,0.5925925925925926,0.3894230769230769,0.6388888888888888,0.5555555555555556,0.5925925925925926,0.3894230769230769,0.6388888888888888,0.5555555555555556,0.0,0.0,0.0,0.0
bull_to_neutral,0.18,0.98,5.0,-0.05,0,81,81,0.5925925925925926,0.3894230769230769,0.6388888888888888,0.5555555555555556,0.5925925925925926,0.3894230769230769,0.6388888888888888,0.5555555555555556,0.0,0.0,0.0,0.0
bull_to_bear,0.18,0.98,5.0,-0.05,0,81,81,0.5925925925925926,0.3894230769230769,0.6388888888888888,0.5555555555555556,0.5925925925925926,0.3894230769230769,0.6388888888888888,0.5555555555555556,0.0,0.0,0.0,0.0
bull_to_neutral,0.18,0.98,5.0,-0.1,0,81,81,0.5925925925925926,0.3894230769230769,0.6388888888888888,0.5555555555555556,0.5925925925925926,0.3894230769230769,0.6388888888888888,0.5555555555555556,0.0,0.0,0.0,0.0
bull_to_bear,0.18,0.98,5.0,-0.1,0,81,81,0.5925925925925926,0.3894230769230769,0.6388888888888888,0.5555555555555556,0.5925925925925926,0.3894230769230769,0.6388888888888888,0.5555555555555556,0.0,0.0,0.0,0.0
bull_to_neutral,0.18,0.98,10.0,,0,81,81,0.5925925925925926,0.3894230769230769,0.6388888888888888,0.5555555555555556,0.5925925925925926,0.3894230769230769,0.6388888888888888,0.5555555555555556,0.0,0.0,0.0,0.0
bull_to_bear,0.18,0.98,10.0,,0,81,81,0.5925925925925926,0.3894230769230769,0.6388888888888888,0.5555555555555556,0.5925925925925926,0.3894230769230769,0.6388888888888888,0.5555555555555556,0.0,0.0,0.0,0.0
bull_to_neutral,0.18,0.98,10.0,0.0,0,81,81,0.5925925925925926,0.3894230769230769,0.6388888888888888,0.5555555555555556,0.5925925925925926,0.3894230769230769,0.6388888888888888,0.5555555555555556,0.0,0.0,0.0,0.0
bull_to_bear,0.18,0.98,10.0,0.0,0,81,81,0.5925925925925926,0.3894230769230769,0.6388888888888888,0.5555555555555556,0.5925925925925926,0.3894230769230769,0.6388888888888888,0.5555555555555556,0.0,0.0,0.0,0.0
bull_to_neutral,0.18,0.98,10.0,-0.05,0,81,81,0.5925925925925926,0.3894230769230769,0.6388888888888888,0.5555555555555556,0.5925925925925926,0.3894230769230769,0.6388888888888888,0.5555555555555556,0.0,0.0,0.0,0.0
bull_to_bear,0.18,0.98,10.0,-0.05,0,81,81,0.5925925925925926,0.3894230769230769,0.6388888888888888,0.5555555555555556,0.5925925925925926,0.3894230769230769,0.6388888888888888,0.5555555555555556,0.0,0.0,0.0,0.0
bull_to_neutral,0.18,0.98,10.0,-0.1,0,81,81,0.5925925925925926,0.3894230769230769,0.6388888888888888,0.5555555555555556,0.5925925925925926,0.3894230769230769,0.6388888888888888,0.5555555555555556,0.0,0.0,0.0,0.0
bull_to_bear,0.18,0.98,10.0,-0.1,0,81,81,0.5925925925925926,0.3894230769230769,0.6388888888888888,0.5555555555555556,0.5925925925925926,0.3894230769230769,0.6388888888888888,0.5555555555555556,0.0,0.0,0.0,0.0
bull_to_neutral,0.18,0.98,15.0,,0,81,81,0.5925925925925926,0.3894230769230769,0.6388888888888888,0.5555555555555556,0.5925925925925926,0.3894230769230769,0.6388888888888888,0.5555555555555556,0.0,0.0,0.0,0.0
bull_to_bear,0.18,0.98,15.0,,0,81,81,0.5925925925925926,0.3894230769230769,0.6388888888888888,0.5555555555555556,0.5925925925925926,0.3894230769230769,0.6388888888888888,0.5555555555555556,0.0,0.0,0.0,0.0
bull_to_neutral,0.18,0.98,15.0,0.0,0,81,81,0.5925925925925926,0.3894230769230769,0.6388888888888888,0.5555555555555556,0.5925925925925926,0.3894230769230769,0.6388888888888888,0.5555555555555556,0.0,0.0,0.0,0.0
bull_to_bear,0.18,0.98,15.0,0.0,0,81,81,0.5925925925925926,0.3894230769230769,0.6388888888888888,0.5555555555555556,0.5925925925925926,0.3894230769230769,0.6388888888888888,0.5555555555555556,0.0,0.0,0.0,0.0
bull_to_neutral,0.18,0.98,15.0,-0.05,0,81,81,0.5925925925925926,0.3894230769230769,0.6388888888888888,0.5555555555555556,0.5925925925925926,0.3894230769230769,0.6388888888888888,0.5555555555555556,0.0,0.0,0.0,0.0
bull_to_bear,0.18,0.98,15.0,-0.05,0,81,81,0.5925925925925926,0.3894230769230769,0.6388888888888888,0.5555555555555556,0.5925925925925926,0.3894230769230769,0.6388888888888888,0.5555555555555556,0.0,0.0,0.0,0.0
bull_to_neutral,0.18,0.98,15.0,-0.1,0,81,81,0.5925925925925926,0.3894230769230769,0.6388888888888888,0.5555555555555556,0.5925925925925926,0.3894230769230769,0.6388888888888888,0.5555555555555556,0.0,0.0,0.0,0.0
bull_to_bear,0.18,0.98,15.0,-0.1,0,81,81,0.5925925925925926,0.3894230769230769,0.6388888888888888,0.5555555555555556,0.5925925925925926,0.3894230769230769,0.6388888888888888,0.5555555555555556,0.0,0.0,0.0,0.0
bull_to_neutral,0.18,0.97,,,0,81,81,0.5925925925925926,0.3894230769230769,0.6388888888888888,0.5555555555555556,0.5925925925925926,0.3894230769230769,0.6388888888888888,0.5555555555555556,0.0,0.0,0.0,0.0
bull_to_bear,0.18,0.97,,,0,81,81,0.5925925925925926,0.3894230769230769,0.6388888888888888,0.5555555555555556,0.5925925925925926,0.3894230769230769,0.6388888888888888,0.5555555555555556,0.0,0.0,0.0,0.0
bull_to_neutral,0.18,0.97,,0.0,0,81,81,0.5925925925925926,0.3894230769230769,0.6388888888888888,0.5555555555555556,0.5925925925925926,0.3894230769230769,0.6388888888888888,0.5555555555555556,0.0,0.0,0.0,0.0
bull_to_bear,0.18,0.97,,0.0,0,81,81,0.5925925925925926,0.3894230769230769,0.6388888888888888,0.5555555555555556,0.5925925925925926,0.3894230769230769,0.6388888888888888,0.5555555555555556,0.0,0.0,0.0,0.0
bull_to_neutral,0.18,0.97,,-0.05,0,81,81,0.5925925925925926,0.3894230769230769,0.6388888888888888,0.5555555555555556,0.5925925925925926,0.3894230769230769,0.6388888888888888,0.5555555555555556,0.0,0.0,0.0,0.0
bull_to_bear,0.18,0.97,,-0.05,0,81,81,0.5925925925925926,0.3894230769230769,0.6388888888888888,0.5555555555555556,0.5925925925925926,0.3894230769230769,0.6388888888888888,0.5555555555555556,0.0,0.0,0.0,0.0
bull_to_neutral,0.18,0.97,,-0.1,0,81,81,0.5925925925925926,0.3894230769230769,0.6388888888888888,0.5555555555555556,0.5925925925925926,0.3894230769230769,0.6388888888888888,0.5555555555555556,0.0,0.0,0.0,0.0
bull_to_bear,0.18,0.97,,-0.1,0,81,81,0.5925925925925926,0.3894230769230769,0.6388888888888888,0.5555555555555556,0.5925925925925926,0.3894230769230769,0.6388888888888888,0.5555555555555556,0.0,0.0,0.0,0.0
bull_to_neutral,0.18,0.97,0.0,,0,81,81,0.5925925925925926,0.3894230769230769,0.6388888888888888,0.5555555555555556,0.5925925925925926,0.3894230769230769,0.6388888888888888,0.5555555555555556,0.0,0.0,0.0,0.0
bull_to_bear,0.18,0.97,0.0,,0,81,81,0.5925925925925926,0.3894230769230769,0.6388888888888888,0.5555555555555556,0.5925925925925926,0.3894230769230769,0.6388888888888888,0.5555555555555556,0.0,0.0,0.0,0.0
bull_to_neutral,0.18,0.97,0.0,0.0,0,81,81,0.5925925925925926,0.3894230769230769,0.6388888888888888,0.5555555555555556,0.5925925925925926,0.3894230769230769,0.6388888888888888,0.5555555555555556,0.0,0.0,0.0,0.0
bull_to_bear,0.18,0.97,0.0,0.0,0,81,81,0.5925925925925926,0.3894230769230769,0.6388888888888888,0.5555555555555556,0.5925925925925926,0.3894230769230769,0.6388888888888888,0.5555555555555556,0.0,0.0,0.0,0.0
bull_to_neutral,0.18,0.97,0.0,-0.05,0,81,81,0.5925925925925926,0.3894230769230769,0.6388888888888888,0.5555555555555556,0.5925925925925926,0.3894230769230769,0.6388888888888888,0.5555555555555556,0.0,0.0,0.0,0.0
bull_to_bear,0.18,0.97,0.0,-0.05,0,81,81,0.5925925925925926,0.3894230769230769,0.6388888888888888,0.5555555555555556,0.5925925925925926,0.3894230769230769,0.6388888888888888,0.5555555555555556,0.0,0.0,0.0,0.0
bull_to_neutral,0.18,0.97,0.0,-0.1,0,81,81,0.5925925925925926,0.3894230769230769,0.6388888888888888,0.5555555555555556,0.5925925925925926,0.3894230769230769,0.6388888888888888,0.5555555555555556,0.0,0.0,0.0,0.0
bull_to_bear,0.18,0.97,0.0,-0.1,0,81,81,0.5925925925925926,0.3894230769230769,0.6388888888888888,0.5555555555555556,0.5925925925925926,0.3894230769230769,0.6388888888888888,0.5555555555555556,0.0,0.0,0.0,0.0
bull_to_neutral,0.18,0.97,5.0,,0,81,81,0.5925925925925926,0.3894230769230769,0.6388888888888888,0.5555555555555556,0.5925925925925926,0.3894230769230769,0.6388888888888888,0.5555555555555556,0.0,0.0,0.0,0.0
bull_to_bear,0.18,0.97,5.0,,0,81,81,0.5925925925925926,0.3894230769230769,0.6388888888888888,0.5555555555555556,0.5925925925925926,0.3894230769230769,0.6388888888888888,0.5555555555555556,0.0,0.0,0.0,0.0
bull_to_neutral,0.18,0.97,5.0,0.0,0,81,81,0.5925925925925926,0.3894230769230769,0.6388888888888888,0.5555555555555556,0.5925925925925926,0.3894230769230769,0.6388888888888888,0.5555555555555556,0.0,0.0,0.0,0.0
bull_to_bear,0.18,0.97,5.0,0.0,0,81,81,0.5925925925925926,0.3894230769230769,0.6388888888888888,0.5555555555555556,0.5925925925925926,0.3894230769230769,0.6388888888888888,0.5555555555555556,0.0,0.0,0.0,0.0
bull_to_neutral,0.18,0.97,5.0,-0.05,0,81,81,0.5925925925925926,0.3894230769230769,0.6388888888888888,0.5555555555555556,0.5925925925925926,0.3894230769230769,0.6388888888888888,0.5555555555555556,0.0,0.0,0.0,0.0
bull_to_bear,0.18,0.97,5.0,-0.05,0,81,81,0.5925925925925926,0.3894230769230769,0.6388888888888888,0.5555555555555556,0.5925925925925926,0.3894230769230769,0.6388888888888888,0.5555555555555556,0.0,0.0,0.0,0.0
bull_to_neutral,0.18,0.97,5.0,-0.1,0,81,81,0.5925925925925926,0.3894230769230769,0.6388888888888888,0.5555555555555556,0.5925925925925926,0.3894230769230769,0.6388888888888888,0.5555555555555556,0.0,0.0,0.0,0.0
bull_to_bear,0.18,0.97,5.0,-0.1,0,81,81,0.5925925925925926,0.3894230769230769,0.6388888888888888,0.5555555555555556,0.5925925925925926,0.3894230769230769,0.6388888888888888,0.5555555555555556,0.0,0.0,0.0,0.0
bull_to_neutral,0.18,0.97,10.0,,0,81,81,0.5925925925925926,0.3894230769230769,0.6388888888888888,0.5555555555555556,0.5925925925925926,0.3894230769230769,0.6388888888888888,0.5555555555555556,0.0,0.0,0.0,0.0
bull_to_bear,0.18,0.97,10.0,,0,81,81,0.5925925925925926,0.3894230769230769,0.6388888888888888,0.5555555555555556,0.5925925925925926,0.3894230769230769,0.6388888888888888,0.5555555555555556,0.0,0.0,0.0,0.0
bull_to_neutral,0.18,0.97,10.0,0.0,0,81,81,0.5925925925925926,0.3894230769230769,0.6388888888888888,0.5555555555555556,0.5925925925925926,0.3894230769230769,0.6388888888888888,0.5555555555555556,0.0,0.0,0.0,0.0
bull_to_bear,0.18,0.97,10.0,0.0,0,81,81,0.5925925925925926,0.3894230769230769,0.6388888888888888,0.5555555555555556,0.5925925925925926,0.3894230769230769,0.6388888888888888,0.5555555555555556,0.0,0.0,0.0,0.0
bull_to_neutral,0.18,0.97,10.0,-0.05,0,81,81,0.5925925925925926,0.3894230769230769,0.6388888888888888,0.5555555555555556,0.5925925925925926,0.3894230769230769,0.6388888888888888,0.5555555555555556,0.0,0.0,0.0,0.0
bull_to_bear,0.18,0.97,10.0,-0.05,0,81,81,0.5925925925925926,0.3894230769230769,0.6388888888888888,0.5555555555555556,0.5925925925925926,0.3894230769230769,0.6388888888888888,0.5555555555555556,0.0,0.0,0.0,0.0
bull_to_neutral,0.18,0.97,10.0,-0.1,0,81,81,0.5925925925925926,0.3894230769230769,0.6388888888888888,0.5555555555555556,0.5925925925925926,0.3894230769230769,0.6388888888888888,0.5555555555555556,0.0,0.0,0.0,0.0
bull_to_bear,0.18,0.97,10.0,-0.1,0,81,81,0.5925925925925926,0.3894230769230769,0.6388888888888888,0.5555555555555556,0.5925925925925926,0.3894230769230769,0.6388888888888888,0.5555555555555556,0.0,0.0,0.0,0.0
bull_to_neutral,0.18,0.97,15.0,,0,81,81,0.5925925925925926,0.3894230769230769,0.6388888888888888,0.5555555555555556,0.5925925925925926,0.3894230769230769,0.6388888888888888,0.5555555555555556,0.0,0.0,0.0,0.0
bull_to_bear,0.18,0.97,15.0,,0,81,81,0.5925925925925926,0.3894230769230769,0.6388888888888888,0.5555555555555556,0.5925925925925926,0.3894230769230769,0.6388888888888888,0.5555555555555556,0.0,0.0,0.0,0.0
bull_to_neutral,0.18,0.97,15.0,0.0,0,81,81,0.5925925925925926,0.3894230769230769,0.6388888888888888,0.5555555555555556,0.5925925925925926,0.3894230769230769,0.6388888888888888,0.5555555555555556,0.0,0.0,0.0,0.0
bull_to_bear,0.18,0.97,15.0,0.0,0,81,81,0.5925925925925926,0.3894230769230769,0.6388888888888888,0.5555555555555556,0.5925925925925926,0.3894230769230769,0.6388888888888888,0.5555555555555556,0.0,0.0,0.0,0.0
bull_to_neutral,0.18,0.97,15.0,-0.05,0,81,81,0.5925925925925926,0.3894230769230769,0.6388888888888888,0.5555555555555556,0.5925925925925926,0.3894230769230769,0.6388888888888888,0.5555555555555556,0.0,0.0,0.0,0.0
bull_to_bear,0.18,0.97,15.0,-0.05,0,81,81,0.5925925925925926,0.3894230769230769,0.6388888888888888,0.5555555555555556,0.5925925925925926,0.3894230769230769,0.6388888888888888,0.5555555555555556,0.0,0.0,0.0,0.0
bull_to_neutral,0.18,0.97,15.0,-0.1,0,81,81,0.5925925925925926,0.3894230769230769,0.6388888888888888,0.5555555555555556,0.5925925925925926,0.3894230769230769,0.6388888888888888,0.5555555555555556,0.0,0.0,0.0,0.0
bull_to_bear,0.18,0.97,15.0,-0.1,0,81,81,0.5925925925925926,0.3894230769230769,0.6388888888888888,0.5555555555555556,0.5925925925925926,0.3894230769230769,0.6388888888888888,0.5555555555555556,0.0,0.0,0.0,0.0
bull_to_neutral,0.18,0.95,,,0,81,81,0.5925925925925926,0.3894230769230769,0.6388888888888888,0.5555555555555556,0.5925925925925926,0.3894230769230769,0.6388888888888888,0.5555555555555556,0.0,0.0,0.0,0.0
bull_to_bear,0.18,0.95,,,0,81,81,0.5925925925925926,0.3894230769230769,0.6388888888888888,0.5555555555555556,0.5925925925925926,0.3894230769230769,0.6388888888888888,0.5555555555555556,0.0,0.0,0.0,0.0
bull_to_neutral,0.18,0.95,,0.0,0,81,81,0.5925925925925926,0.3894230769230769,0.6388888888888888,0.5555555555555556,0.5925925925925926,0.3894230769230769,0.6388888888888888,0.5555555555555556,0.0,0.0,0.0,0.0
bull_to_bear,0.18,0.95,,0.0,0,81,81,0.5925925925925926,0.3894230769230769,0.6388888888888888,0.5555555555555556,0.5925925925925926,0.3894230769230769,0.6388888888888888,0.5555555555555556,0.0,0.0,0.0,0.0
bull_to_neutral,0.18,0.95,,-0.05,0,81,81,0.5925925925925926,0.3894230769230769,0.6388888888888888,0.5555555555555556,0.5925925925925926,0.3894230769230769,0.6388888888888888,0.5555555555555556,0.0,0.0,0.0,0.0
bull_to_bear,0.18,0.95,,-0.05,0,81,81,0.5925925925925926,0.3894230769230769,0.6388888888888888,0.5555555555555556,0.5925925925925926,0.3894230769230769,0.6388888888888888,0.5555555555555556,0.0,0.0,0.0,0.0
bull_to_neutral,0.18,0.95,,-0.1,0,81,81,0.5925925925925926,0.3894230769230769,0.6388888888888888,0.5555555555555556,0.5925925925925926,0.3894230769230769,0.6388888888888888,0.5555555555555556,0.0,0.0,0.0,0.0
bull_to_bear,0.18,0.95,,-0.1,0,81,81,0.5925925925925926,0.3894230769230769,0.6388888888888888,0.5555555555555556,0.5925925925925926,0.3894230769230769,0.6388888888888888,0.5555555555555556,0.0,0.0,0.0,0.0
bull_to_neutral,0.18,0.95,0.0,,0,81,81,0.5925925925925926,0.3894230769230769,0.6388888888888888,0.5555555555555556,0.5925925925925926,0.3894230769230769,0.6388888888888888,0.5555555555555556,0.0,0.0,0.0,0.0
bull_to_bear,0.18,0.95,0.0,,0,81,81,0.5925925925925926,0.3894230769230769,0.6388888888888888,0.5555555555555556,0.5925925925925926,0.3894230769230769,0.6388888888888888,0.5555555555555556,0.0,0.0,0.0,0.0
bull_to_neutral,0.18,0.95,0.0,0.0,0,81,81,0.5925925925925926,0.3894230769230769,0.6388888888888888,0.5555555555555556,0.5925925925925926,0.3894230769230769,0.6388888888888888,0.5555555555555556,0.0,0.0,0.0,0.0
bull_to_bear,0.18,0.95,0.0,0.0,0,81,81,0.5925925925925926,0.3894230769230769,0.6388888888888888,0.5555555555555556,0.5925925925925926,0.3894230769230769,0.6388888888888888,0.5555555555555556,0.0,0.0,0.0,0.0
bull_to_neutral,0.18,0.95,0.0,-0.05,0,81,81,0.5925925925925926,0.3894230769230769,0.6388888888888888,0.5555555555555556,0.5925925925925926,0.3894230769230769,0.6388888888888888,0.5555555555555556,0.0,0.0,0.0,0.0
bull_to_bear,0.18,0.95,0.0,-0.05,0,81,81,0.5925925925925926,0.3894230769230769,0.6388888888888888,0.5555555555555556,0.5925925925925926,0.3894230769230769,0.6388888888888888,0.5555555555555556,0.0,0.0,0.0,0.0
bull_to_neutral,0.18,0.95,0.0,-0.1,0,81,81,0.5925925925925926,0.3894230769230769,0.6388888888888888,0.5555555555555556,0.5925925925925926,0.3894230769230769,0.6388888888888888,0.5555555555555556,0.0,0.0,0.0,0.0
bull_to_bear,0.18,0.95,0.0,-0.1,0,81,81,0.5925925925925926,0.3894230769230769,0.6388888888888888,0.5555555555555556,0.5925925925925926,0.3894230769230769,0.6388888888888888,0.5555555555555556,0.0,0.0,0.0,0.0
bull_to_neutral,0.18,0.95,5.0,,0,81,81,0.5925925925925926,0.3894230769230769,0.6388888888888888,0.5555555555555556,0.5925925925925926,0.3894230769230769,0.6388888888888888,0.5555555555555556,0.0,0.0,0.0,0.0
bull_to_bear,0.18,0.95,5.0,,0,81,81,0.5925925925925926,0.3894230769230769,0.6388888888888888,0.5555555555555556,0.5925925925925926,0.3894230769230769,0.6388888888888888,0.5555555555555556,0.0,0.0,0.0,0.0
bull_to_neutral,0.18,0.95,5.0,0.0,0,81,81,0.5925925925925926,0.3894230769230769,0.6388888888888888,0.5555555555555556,0.5925925925925926,0.3894230769230769,0.6388888888888888,0.5555555555555556,0.0,0.0,0.0,0.0
bull_to_bear,0.18,0.95,5.0,0.0,0,81,81,0.5925925925925926,0.3894230769230769,0.6388888888888888,0.5555555555555556,0.5925925925925926,0.3894230769230769,0.6388888888888888,0.5555555555555556,0.0,0.0,0.0,0.0
bull_to_neutral,0.18,0.95,5.0,-0.05,0,81,81,0.5925925925925926,0.3894230769230769,0.6388888888888888,0.5555555555555556,0.5925925925925926,0.3894230769230769,0.6388888888888888,0.5555555555555556,0.0,0.0,0.0,0.0
bull_to_bear,0.18,0.95,5.0,-0.05,0,81,81,0.5925925925925926,0.3894230769230769,0.6388888888888888,0.5555555555555556,0.5925925925925926,0.3894230769230769,0.6388888888888888,0.5555555555555556,0.0,0.0,0.0,0.0
bull_to_neutral,0.18,0.95,5.0,-0.1,0,81,81,0.5925925925925926,0.3894230769230769,0.6388888888888888,0.5555555555555556,0.5925925925925926,0.3894230769230769,0.6388888888888888,0.5555555555555556,0.0,0.0,0.0,0.0
bull_to_bear,0.18,0.95,5.0,-0.1,0,81,81,0.5925925925925926,0.3894230769230769,0.6388888888888888,0.5555555555555556,0.5925925925925926,0.3894230769230769,0.6388888888888888,0.5555555555555556,0.0,0.0,0.0,0.0
bull_to_neutral,0.18,0.95,10.0,,0,81,81,0.5925925925925926,0.3894230769230769,0.6388888888888888,0.5555555555555556,0.5925925925925926,0.3894230769230769,0.6388888888888888,0.5555555555555556,0.0,0.0,0.0,0.0
bull_to_bear,0.18,0.95,10.0,,0,81,81,0.5925925925925926,0.3894230769230769,0.6388888888888888,0.5555555555555556,0.5925925925925926,0.3894230769230769,0.6388888888888888,0.5555555555555556,0.0,0.0,0.0,0.0
bull_to_neutral,0.18,0.95,10.0,0.0,0,81,81,0.5925925925925926,0.3894230769230769,0.6388888888888888,0.5555555555555556,0.5925925925925926,0.3894230769230769,0.6388888888888888,0.5555555555555556,0.0,0.0,0.0,0.0
bull_to_bear,0.18,0.95,10.0,0.0,0,81,81,0.5925925925925926,0.3894230769230769,0.6388888888888888,0.5555555555555556,0.5925925925925926,0.3894230769230769,0.6388888888888888,0.5555555555555556,0.0,0.0,0.0,0.0
bull_to_neutral,0.18,0.95,10.0,-0.05,0,81,81,0.5925925925925926,0.3894230769230769,0.6388888888888888,0.5555555555555556,0.5925925925925926,0.3894230769230769,0.6388888888888888,0.5555555555555556,0.0,0.0,0.0,0.0
bull_to_bear,0.18,0.95,10.0,-0.05,0,81,81,0.5925925925925926,0.3894230769230769,0.6388888888888888,0.5555555555555556,0.5925925925925926,0.3894230769230769,0.6388888888888888,0.5555555555555556,0.0,0.0,0.0,0.0
bull_to_neutral,0.18,0.95,10.0,-0.1,0,81,81,0.5925925925925926,0.3894230769230769,0.6388888888888888,0.5555555555555556,0.5925925925925926,0.3894230769230769,0.6388888888888888,0.5555555555555556,0.0,0.0,0.0,0.0
bull_to_bear,0.18,0.95,10.0,-0.1,0,81,81,0.5925925925925926,0.3894230769230769,0.6388888888888888,0.5555555555555556,0.5925925925925926,0.3894230769230769,0.6388888888888888,0.5555555555555556,0.0,0.0,0.0,0.0
bull_to_neutral,0.18,0.95,15.0,,0,81,81,0.5925925925925926,0.3894230769230769,0.6388888888888888,0.5555555555555556,0.5925925925925926,0.3894230769230769,0.6388888888888888,0.5555555555555556,0.0,0.0,0.0,0.0
bull_to_bear,0.18,0.95,15.0,,0,81,81,0.5925925925925926,0.3894230769230769,0.6388888888888888,0.5555555555555556,0.5925925925925926,0.3894230769230769,0.6388888888888888,0.5555555555555556,0.0,0.0,0.0,0.0
bull_to_neutral,0.18,0.95,15.0,0.0,0,81,81,0.5925925925925926,0.3894230769230769,0.6388888888888888,0.5555555555555556,0.5925925925925926,0.3894230769230769,0.6388888888888888,0.5555555555555556,0.0,0.0,0.0,0.0
bull_to_bear,0.18,0.95,15.0,0.0,0,81,81,0.5925925925925926,0.3894230769230769,0.6388888888888888,0.5555555555555556,0.5925925925925926,0.3894230769230769,0.6388888888888888,0.5555555555555556,0.0,0.0,0.0,0.0
bull_to_neutral,0.18,0.95,15.0,-0.05,0,81,81,0.5925925925925926,0.3894230769230769,0.6388888888888888,0.5555555555555556,0.5925925925925926,0.3894230769230769,0.6388888888888888,0.5555555555555556,0.0,0.0,0.0,0.0
bull_to_bear,0.18,0.95,15.0,-0.05,0,81,81,0.5925925925925926,0.3894230769230769,0.6388888888888888,0.5555555555555556,0.5925925925925926,0.3894230769230769,0.6388888888888888,0.5555555555555556,0.0,0.0,0.0,0.0
bull_to_neutral,0.18,0.95,15.0,-0.1,0,81,81,0.5925925925925926,0.3894230769230769,0.6388888888888888,0.5555555555555556,0.5925925925925926,0.3894230769230769,0.6388888888888888,0.5555555555555556,0.0,0.0,0.0,0.0
bull_to_bear,0.18,0.95,15.0,-0.1,0,81,81,0.5925925925925926,0.3894230769230769,0.6388888888888888,0.5555555555555556,0.5925925925925926,0.3894230769230769,0.6388888888888888,0.5555555555555556,0.0,0.0,0.0,0.0
bull_to_neutral,0.18,0.93,,,0,81,81,0.5925925925925926,0.3894230769230769,0.6388888888888888,0.5555555555555556,0.5925925925925926,0.3894230769230769,0.6388888888888888,0.5555555555555556,0.0,0.0,0.0,0.0
bull_to_bear,0.18,0.93,,,0,81,81,0.5925925925925926,0.3894230769230769,0.6388888888888888,0.5555555555555556,0.5925925925925926,0.3894230769230769,0.6388888888888888,0.5555555555555556,0.0,0.0,0.0,0.0
bull_to_neutral,0.18,0.93,,0.0,0,81,81,0.5925925925925926,0.3894230769230769,0.6388888888888888,0.5555555555555556,0.5925925925925926,0.3894230769230769,0.6388888888888888,0.5555555555555556,0.0,0.0,0.0,0.0
bull_to_bear,0.18,0.93,,0.0,0,81,81,0.5925925925925926,0.3894230769230769,0.6388888888888888,0.5555555555555556,0.5925925925925926,0.3894230769230769,0.6388888888888888,0.5555555555555556,0.0,0.0,0.0,0.0
bull_to_neutral,0.18,0.93,,-0.05,0,81,81,0.5925925925925926,0.3894230769230769,0.6388888888888888,0.5555555555555556,0.5925925925925926,0.3894230769230769,0.6388888888888888,0.5555555555555556,0.0,0.0,0.0,0.0
bull_to_bear,0.18,0.93,,-0.05,0,81,81,0.5925925925925926,0.3894230769230769,0.6388888888888888,0.5555555555555556,0.5925925925925926,0.3894230769230769,0.6388888888888888,0.5555555555555556,0.0,0.0,0.0,0.0
bull_to_neutral,0.18,0.93,,-0.1,0,81,81,0.5925925925925926,0.3894230769230769,0.6388888888888888,0.5555555555555556,0.5925925925925926,0.3894230769230769,0.6388888888888888,0.5555555555555556,0.0,0.0,0.0,0.0
bull_to_bear,0.18,0.93,,-0.1,0,81,81,0.5925925925925926,0.3894230769230769,0.6388888888888888,0.5555555555555556,0.5925925925925926,0.3894230769230769,0.6388888888888888,0.5555555555555556,0.0,0.0,0.0,0.0
bull_to_neutral,0.18,0.93,0.0,,0,81,81,0.5925925925925926,0.3894230769230769,0.6388888888888888,0.5555555555555556,0.5925925925925926,0.3894230769230769,0.6388888888888888,0.5555555555555556,0.0,0.0,0.0,0.0
bull_to_bear,0.18,0.93,0.0,,0,81,81,0.5925925925925926,0.3894230769230769,0.6388888888888888,0.5555555555555556,0.5925925925925926,0.3894230769230769,0.6388888888888888,0.5555555555555556,0.0,0.0,0.0,0.0
bull_to_neutral,0.18,0.93,0.0,0.0,0,81,81,0.5925925925925926,0.3894230769230769,0.6388888888888888,0.5555555555555556,0.5925925925925926,0.3894230769230769,0.6388888888888888,0.5555555555555556,0.0,0.0,0.0,0.0
bull_to_bear,0.18,0.93,0.0,0.0,0,81,81,0.5925925925925926,0.3894230769230769,0.6388888888888888,0.5555555555555556,0.5925925925925926,0.3894230769230769,0.6388888888888888,0.5555555555555556,0.0,0.0,0.0,0.0
bull_to_neutral,0.18,0.93,0.0,-0.05,0,81,81,0.5925925925925926,0.3894230769230769,0.6388888888888888,0.5555555555555556,0.5925925925925926,0.3894230769230769,0.6388888888888888,0.5555555555555556,0.0,0.0,0.0,0.0
bull_to_bear,0.18,0.93,0.0,-0.05,0,81,81,0.5925925925925926,0.3894230769230769,0.6388888888888888,0.5555555555555556,0.5925925925925926,0.3894230769230769,0.6388888888888888,0.5555555555555556,0.0,0.0,0.0,0.0
bull_to_neutral,0.18,0.93,0.0,-0.1,0,81,81,0.5925925925925926,0.3894230769230769,0.6388888888888888,0.5555555555555556,0.5925925925925926,0.3894230769230769,0.6388888888888888,0.5555555555555556,0.0,0.0,0.0,0.0
bull_to_bear,0.18,0.93,0.0,-0.1,0,81,81,0.5925925925925926,0.3894230769230769,0.6388888888888888,0.5555555555555556,0.5925925925925926,0.3894230769230769,0.6388888888888888,0.5555555555555556,0.0,0.0,0.0,0.0
bull_to_neutral,0.18,0.93,5.0,,0,81,81,0.5925925925925926,0.3894230769230769,0.6388888888888888,0.5555555555555556,0.5925925925925926,0.3894230769230769,0.6388888888888888,0.5555555555555556,0.0,0.0,0.0,0.0
bull_to_bear,0.18,0.93,5.0,,0,81,81,0.5925925925925926,0.3894230769230769,0.6388888888888888,0.5555555555555556,0.5925925925925926,0.3894230769230769,0.6388888888888888,0.5555555555555556,0.0,0.0,0.0,0.0
bull_to_neutral,0.18,0.93,5.0,0.0,0,81,81,0.5925925925925926,0.3894230769230769,0.6388888888888888,0.5555555555555556,0.5925925925925926,0.3894230769230769,0.6388888888888888,0.5555555555555556,0.0,0.0,0.0,0.0
bull_to_bear,0.18,0.93,5.0,0.0,0,81,81,0.5925925925925926,0.3894230769230769,0.6388888888888888,0.5555555555555556,0.5925925925925926,0.3894230769230769,0.6388888888888888,0.5555555555555556,0.0,0.0,0.0,0.0
bull_to_neutral,0.18,0.93,5.0,-0.05,0,81,81,0.5925925925925926,0.3894230769230769,0.6388888888888888,0.5555555555555556,0.5925925925925926,0.3894230769230769,0.6388888888888888,0.5555555555555556,0.0,0.0,0.0,0.0
bull_to_bear,0.18,0.93,5.0,-0.05,0,81,81,0.5925925925925926,0.3894230769230769,0.6388888888888888,0.5555555555555556,0.5925925925925926,0.3894230769230769,0.6388888888888888,0.5555555555555556,0.0,0.0,0.0,0.0
bull_to_neutral,0.18,0.93,5.0,-0.1,0,81,81,0.5925925925925926,0.3894230769230769,0.6388888888888888,0.5555555555555556,0.5925925925925926,0.3894230769230769,0.6388888888888888,0.5555555555555556,0.0,0.0,0.0,0.0
bull_to_bear,0.18,0.93,5.0,-0.1,0,81,81,0.5925925925925926,0.3894230769230769,0.6388888888888888,0.5555555555555556,0.5925925925925926,0.3894230769230769,0.6388888888888888,0.5555555555555556,0.0,0.0,0.0,0.0
bull_to_neutral,0.18,0.93,10.0,,0,81,81,0.5925925925925926,0.3894230769230769,0.6388888888888888,0.5555555555555556,0.5925925925925926,0.3894230769230769,0.6388888888888888,0.5555555555555556,0.0,0.0,0.0,0.0
bull_to_bear,0.18,0.93,10.0,,0,81,81,0.5925925925925926,0.3894230769230769,0.6388888888888888,0.5555555555555556,0.5925925925925926,0.3894230769230769,0.6388888888888888,0.5555555555555556,0.0,0.0,0.0,0.0
bull_to_neutral,0.18,0.93,10.0,0.0,0,81,81,0.5925925925925926,0.3894230769230769,0.6388888888888888,0.5555555555555556,0.5925925925925926,0.3894230769230769,0.6388888888888888,0.5555555555555556,0.0,0.0,0.0,0.0
bull_to_bear,0.18,0.93,10.0,0.0,0,81,81,0.5925925925925926,0.3894230769230769,0.6388888888888888,0.5555555555555556,0.5925925925925926,0.3894230769230769,0.6388888888888888,0.5555555555555556,0.0,0.0,0.0,0.0
bull_to_neutral,0.18,0.93,10.0,-0.05,0,81,81,0.5925925925925926,0.3894230769230769,0.6388888888888888,0.5555555555555556,0.5925925925925926,0.3894230769230769,0.6388888888888888,0.5555555555555556,0.0,0.0,0.0,0.0
bull_to_bear,0.18,0.93,10.0,-0.05,0,81,81,0.5925925925925926,0.3894230769230769,0.6388888888888888,0.5555555555555556,0.5925925925925926,0.3894230769230769,0.6388888888888888,0.5555555555555556,0.0,0.0,0.0,0.0
bull_to_neutral,0.18,0.93,10.0,-0.1,0,81,81,0.5925925925925926,0.3894230769230769,0.6388888888888888,0.5555555555555556,0.5925925925925926,0.3894230769230769,0.6388888888888888,0.5555555555555556,0.0,0.0,0.0,0.0
bull_to_bear,0.18,0.93,10.0,-0.1,0,81,81,0.5925925925925926,0.3894230769230769,0.6388888888888888,0.5555555555555556,0.5925925925925926,0.3894230769230769,0.6388888888888888,0.5555555555555556,0.0,0.0,0.0,0.0
bull_to_neutral,0.18,0.93,15.0,,0,81,81,0.5925925925925926,0.3894230769230769,0.6388888888888888,0.5555555555555556,0.5925925925925926,0.3894230769230769,0.6388888888888888,0.5555555555555556,0.0,0.0,0.0,0.0
bull_to_bear,0.18,0.93,15.0,,0,81,81,0.5925925925925926,0.3894230769230769,0.6388888888888888,0.5555555555555556,0.5925925925925926,0.3894230769230769,0.6388888888888888,0.5555555555555556,0.0,0.0,0.0,0.0
bull_to_neutral,0.18,0.93,15.0,0.0,0,81,81,0.5925925925925926,0.3894230769230769,0.6388888888888888,0.5555555555555556,0.5925925925925926,0.3894230769230769,0.6388888888888888,0.5555555555555556,0.0,0.0,0.0,0.0
bull_to_bear,0.18,0.93,15.0,0.0,0,81,81,0.5925925925925926,0.3894230769230769,0.6388888888888888,0.5555555555555556,0.5925925925925926,0.3894230769230769,0.6388888888888888,0.5555555555555556,0.0,0.0,0.0,0.0
bull_to_neutral,0.18,0.93,15.0,-0.05,0,81,81,0.5925925925925926,0.3894230769230769,0.6388888888888888,0.5555555555555556,0.5925925925925926,0.3894230769230769,0.6388888888888888,0.5555555555555556,0.0,0.0,0.0,0.0
bull_to_bear,0.18,0.93,15.0,-0.05,0,81,81,0.5925925925925926,0.3894230769230769,0.6388888888888888,0.5555555555555556,0.5925925925925926,0.3894230769230769,0.6388888888888888,0.5555555555555556,0.0,0.0,0.0,0.0
bull_to_neutral,0.18,0.93,15.0,-0.1,0,81,81,0.5925925925925926,0.3894230769230769,0.6388888888888888,0.5555555555555556,0.5925925925925926,0.3894230769230769,0.6388888888888888,0.5555555555555556,0.0,0.0,0.0,0.0
bull_to_bear,0.18,0.93,15.0,-0.1,0,81,81,0.5925925925925926,0.3894230769230769,0.6388888888888888,0.5555555555555556,0.5925925925925926,0.3894230769230769,0.6388888888888888,0.5555555555555556,0.0,0.0,0.0,0.0
bull_to_neutral,0.18,0.9,,,0,81,81,0.5925925925925926,0.3894230769230769,0.6388888888888888,0.5555555555555556,0.5925925925925926,0.3894230769230769,0.6388888888888888,0.5555555555555556,0.0,0.0,0.0,0.0
bull_to_bear,0.18,0.9,,,0,81,81,0.5925925925925926,0.3894230769230769,0.6388888888888888,0.5555555555555556,0.5925925925925926,0.3894230769230769,0.6388888888888888,0.5555555555555556,0.0,0.0,0.0,0.0
bull_to_neutral,0.18,0.9,,0.0,0,81,81,0.5925925925925926,0.3894230769230769,0.6388888888888888,0.5555555555555556,0.5925925925925926,0.3894230769230769,0.6388888888888888,0.5555555555555556,0.0,0.0,0.0,0.0
bull_to_bear,0.18,0.9,,0.0,0,81,81,0.5925925925925926,0.3894230769230769,0.6388888888888888,0.5555555555555556,0.5925925925925926,0.3894230769230769,0.6388888888888888,0.5555555555555556,0.0,0.0,0.0,0.0
bull_to_neutral,0.18,0.9,,-0.05,0,81,81,0.5925925925925926,0.3894230769230769,0.6388888888888888,0.5555555555555556,0.5925925925925926,0.3894230769230769,0.6388888888888888,0.5555555555555556,0.0,0.0,0.0,0.0
bull_to_bear,0.18,0.9,,-0.05,0,81,81,0.5925925925925926,0.3894230769230769,0.6388888888888888,0.5555555555555556,0.5925925925925926,0.3894230769230769,0.6388888888888888,0.5555555555555556,0.0,0.0,0.0,0.0
bull_to_neutral,0.18,0.9,,-0.1,0,81,81,0.5925925925925926,0.3894230769230769,0.6388888888888888,0.5555555555555556,0.5925925925925926,0.3894230769230769,0.6388888888888888,0.5555555555555556,0.0,0.0,0.0,0.0
bull_to_bear,0.18,0.9,,-0.1,0,81,81,0.5925925925925926,0.3894230769230769,0.6388888888888888,0.5555555555555556,0.5925925925925926,0.3894230769230769,0.6388888888888888,0.5555555555555556,0.0,0.0,0.0,0.0
bull_to_neutral,0.18,0.9,0.0,,0,81,81,0.5925925925925926,0.3894230769230769,0.6388888888888888,0.5555555555555556,0.5925925925925926,0.3894230769230769,0.6388888888888888,0.5555555555555556,0.0,0.0,0.0,0.0
bull_to_bear,0.18,0.9,0.0,,0,81,81,0.5925925925925926,0.3894230769230769,0.6388888888888888,0.5555555555555556,0.5925925925925926,0.3894230769230769,0.6388888888888888,0.5555555555555556,0.0,0.0,0.0,0.0
bull_to_neutral,0.18,0.9,0.0,0.0,0,81,81,0.5925925925925926,0.3894230769230769,0.6388888888888888,0.5555555555555556,0.5925925925925926,0.3894230769230769,0.6388888888888888,0.5555555555555556,0.0,0.0,0.0,0.0
bull_to_bear,0.18,0.9,0.0,0.0,0,81,81,0.5925925925925926,0.3894230769230769,0.6388888888888888,0.5555555555555556,0.5925925925925926,0.3894230769230769,0.6388888888888888,0.5555555555555556,0.0,0.0,0.0,0.0
bull_to_neutral,0.18,0.9,0.0,-0.05,0,81,81,0.5925925925925926,0.3894230769230769,0.6388888888888888,0.5555555555555556,0.5925925925925926,0.3894230769230769,0.6388888888888888,0.5555555555555556,0.0,0.0,0.0,0.0
bull_to_bear,0.18,0.9,0.0,-0.05,0,81,81,0.5925925925925926,0.3894230769230769,0.6388888888888888,0.5555555555555556,0.5925925925925926,0.3894230769230769,0.6388888888888888,0.5555555555555556,0.0,0.0,0.0,0.0
bull_to_neutral,0.18,0.9,0.0,-0.1,0,81,81,0.5925925925925926,0.3894230769230769,0.6388888888888888,0.5555555555555556,0.5925925925925926,0.3894230769230769,0.6388888888888888,0.5555555555555556,0.0,0.0,0.0,0.0
bull_to_bear,0.18,0.9,0.0,-0.1,0,81,81,0.5925925925925926,0.3894230769230769,0.6388888888888888,0.5555555555555556,0.5925925925925926,0.3894230769230769,0.6388888888888888,0.5555555555555556,0.0,0.0,0.0,0.0
bull_to_neutral,0.18,0.9,5.0,,0,81,81,0.5925925925925926,0.3894230769230769,0.6388888888888888,0.5555555555555556,0.5925925925925926,0.3894230769230769,0.6388888888888888,0.5555555555555556,0.0,0.0,0.0,0.0
bull_to_bear,0.18,0.9,5.0,,0,81,81,0.5925925925925926,0.3894230769230769,0.6388888888888888,0.5555555555555556,0.5925925925925926,0.3894230769230769,0.6388888888888888,0.5555555555555556,0.0,0.0,0.0,0.0
bull_to_neutral,0.18,0.9,5.0,0.0,0,81,81,0.5925925925925926,0.3894230769230769,0.6388888888888888,0.5555555555555556,0.5925925925925926,0.3894230769230769,0.6388888888888888,0.5555555555555556,0.0,0.0,0.0,0.0
bull_to_bear,0.18,0.9,5.0,0.0,0,81,81,0.5925925925925926,0.3894230769230769,0.6388888888888888,0.5555555555555556,0.5925925925925926,0.3894230769230769,0.6388888888888888,0.5555555555555556,0.0,0.0,0.0,0.0
bull_to_neutral,0.18,0.9,5.0,-0.05,0,81,81,0.5925925925925926,0.3894230769230769,0.6388888888888888,0.5555555555555556,0.5925925925925926,0.3894230769230769,0.6388888888888888,0.5555555555555556,0.0,0.0,0.0,0.0
bull_to_bear,0.18,0.9,5.0,-0.05,0,81,81,0.5925925925925926,0.3894230769230769,0.6388888888888888,0.5555555555555556,0.5925925925925926,0.3894230769230769,0.6388888888888888,0.5555555555555556,0.0,0.0,0.0,0.0
bull_to_neutral,0.18,0.9,5.0,-0.1,0,81,81,0.5925925925925926,0.3894230769230769,0.6388888888888888,0.5555555555555556,0.5925925925925926,0.3894230769230769,0.6388888888888888,0.5555555555555556,0.0,0.0,0.0,0.0
bull_to_bear,0.18,0.9,5.0,-0.1,0,81,81,0.5925925925925926,0.3894230769230769,0.6388888888888888,0.5555555555555556,0.5925925925925926,0.3894230769230769,0.6388888888888888,0.5555555555555556,0.0,0.0,0.0,0.0
bull_to_neutral,0.18,0.9,10.0,,0,81,81,0.5925925925925926,0.3894230769230769,0.6388888888888888,0.5555555555555556,0.5925925925925926,0.3894230769230769,0.6388888888888888,0.5555555555555556,0.0,0.0,0.0,0.0
bull_to_bear,0.18,0.9,10.0,,0,81,81,0.5925925925925926,0.3894230769230769,0.6388888888888888,0.5555555555555556,0.5925925925925926,0.3894230769230769,0.6388888888888888,0.5555555555555556,0.0,0.0,0.0,0.0
bull_to_neutral,0.18,0.9,10.0,0.0,0,81,81,0.5925925925925926,0.3894230769230769,0.6388888888888888,0.5555555555555556,0.5925925925925926,0.3894230769230769,0.6388888888888888,0.5555555555555556,0.0,0.0,0.0,0.0
bull_to_bear,0.18,0.9,10.0,0.0,0,81,81,0.5925925925925926,0.3894230769230769,0.6388888888888888,0.5555555555555556,0.5925925925925926,0.3894230769230769,0.6388888888888888,0.5555555555555556,0.0,0.0,0.0,0.0
bull_to_neutral,0.18,0.9,10.0,-0.05,0,81,81,0.5925925925925926,0.3894230769230769,0.6388888888888888,0.5555555555555556,0.5925925925925926,0.3894230769230769,0.6388888888888888,0.5555555555555556,0.0,0.0,0.0,0.0
bull_to_bear,0.18,0.9,10.0,-0.05,0,81,81,0.5925925925925926,0.3894230769230769,0.6388888888888888,0.5555555555555556,0.5925925925925926,0.3894230769230769,0.6388888888888888,0.5555555555555556,0.0,0.0,0.0,0.0
bull_to_neutral,0.18,0.9,10.0,-0.1,0,81,81,0.5925925925925926,0.3894230769230769,0.6388888888888888,0.5555555555555556,0.5925925925925926,0.3894230769230769,0.6388888888888888,0.5555555555555556,0.0,0.0,0.0,0.0
bull_to_bear,0.18,0.9,10.0,-0.1,0,81,81,0.5925925925925926,0.3894230769230769,0.6388888888888888,0.5555555555555556,0.5925925925925926,0.3894230769230769,0.6388888888888888,0.5555555555555556,0.0,0.0,0.0,0.0
bull_to_neutral,0.18,0.9,15.0,,0,81,81,0.5925925925925926,0.3894230769230769,0.6388888888888888,0.5555555555555556,0.5925925925925926,0.3894230769230769,0.6388888888888888,0.5555555555555556,0.0,0.0,0.0,0.0
bull_to_bear,0.18,0.9,15.0,,0,81,81,0.5925925925925926,0.3894230769230769,0.6388888888888888,0.5555555555555556,0.5925925925925926,0.3894230769230769,0.6388888888888888,0.5555555555555556,0.0,0.0,0.0,0.0
bull_to_neutral,0.18,0.9,15.0,0.0,0,81,81,0.5925925925925926,0.3894230769230769,0.6388888888888888,0.5555555555555556,0.5925925925925926,0.3894230769230769,0.6388888888888888,0.5555555555555556,0.0,0.0,0.0,0.0
bull_to_bear,0.18,0.9,15.0,0.0,0,81,81,0.5925925925925926,0.3894230769230769,0.6388888888888888,0.5555555555555556,0.5925925925925926,0.3894230769230769,0.6388888888888888,0.5555555555555556,0.0,0.0,0.0,0.0
bull_to_neutral,0.18,0.9,15.0,-0.05,0,81,81,0.5925925925925926,0.3894230769230769,0.6388888888888888,0.5555555555555556,0.5925925925925926,0.3894230769230769,0.6388888888888888,0.5555555555555556,0.0,0.0,0.0,0.0
bull_to_bear,0.18,0.9,15.0,-0.05,0,81,81,0.5925925925925926,0.3894230769230769,0.6388888888888888,0.5555555555555556,0.5925925925925926,0.3894230769230769,0.6388888888888888,0.5555555555555556,0.0,0.0,0.0,0.0
bull_to_neutral,0.18,0.9,15.0,-0.1,0,81,81,0.5925925925925926,0.3894230769230769,0.6388888888888888,0.5555555555555556,0.5925925925925926,0.3894230769230769,0.6388888888888888,0.5555555555555556,0.0,0.0,0.0,0.0
bull_to_bear,0.18,0.9,15.0,-0.1,0,81,81,0.5925925925925926,0.3894230769230769,0.6388888888888888,0.5555555555555556,0.5925925925925926,0.3894230769230769,0.6388888888888888,0.5555555555555556,0.0,0.0,0.0,0.0
bull_to_neutral,0.2,1.0,,,6,75,81,0.5925925925925926,0.3894230769230769,0.6388888888888888,0.5555555555555556,0.5733333333333334,0.3605769230769231,0.6,0.5555555555555556,-0.019259259259259198,-0.028846153846153855,-0.03888888888888886,0.0
bull_to_bear,0.2,1.0,,,6,81,81,0.5925925925925926,0.3894230769230769,0.6388888888888888,0.5555555555555556,0.5432098765432098,0.3894230769230769,0.6,0.5098039215686274,-0.04938271604938271,0.0,-0.03888888888888886,-0.045751633986928164
bull_to_neutral,0.2,1.0,,0.0,4,77,81,0.5925925925925926,0.3894230769230769,0.6388888888888888,0.5555555555555556,0.5714285714285714,0.3701923076923077,0.59375,0.5555555555555556,-0.021164021164021163,-0.019230769230769218,-0.04513888888888884,0.0
bull_to_bear,0.2,1.0,,0.0,4,81,81,0.5925925925925926,0.3894230769230769,0.6388888888888888,0.5555555555555556,0.5432098765432098,0.3894230769230769,0.59375,0.5102040816326531,-0.04938271604938271,0.0,-0.04513888888888884,-0.04535147392290251
bull_to_neutral,0.2,1.0,,-0.05,4,77,81,0.5925925925925926,0.3894230769230769,0.6388888888888888,0.5555555555555556,0.5714285714285714,0.3701923076923077,0.59375,0.5555555555555556,-0.021164021164021163,-0.019230769230769218,-0.04513888888888884,0.0
bull_to_bear,0.2,1.0,,-0.05,4,81,81,0.5925925925925926,0.3894230769230769,0.6388888888888888,0.5555555555555556,0.5432098765432098,0.3894230769230769,0.59375,0.5102040816326531,-0.04938271604938271,0.0,-0.04513888888888884,-0.04535147392290251
bull_to_neutral,0.2,1.0,,-0.1,4,77,81,0.5925925925925926,0.3894230769230769,0.6388888888888888,0.5555555555555556,0.5714285714285714,0.3701923076923077,0.59375,0.5555555555555556,-0.021164021164021163,-0.019230769230769218,-0.04513888888888884,0.0
bull_to_bear,0.2,1.0,,-0.1,4,81,81,0.5925925925925926,0.3894230769230769,0.6388888888888888,0.5555555555555556,0.5432098765432098,0.3894230769230769,0.59375,0.5102040816326531,-0.04938271604938271,0.0,-0.04513888888888884,-0.04535147392290251
bull_to_neutral,0.2,1.0,0.0,,0,81,81,0.5925925925925926,0.3894230769230769,0.6388888888888888,0.5555555555555556,0.5925925925925926,0.3894230769230769,0.6388888888888888,0.5555555555555556,0.0,0.0,0.0,0.0
bull_to_bear,0.2,1.0,0.0,,0,81,81,0.5925925925925926,0.3894230769230769,0.6388888888888888,0.5555555555555556,0.5925925925925926,0.3894230769230769,0.6388888888888888,0.5555555555555556,0.0,0.0,0.0,0.0
bull_to_neutral,0.2,1.0,0.0,0.0,0,81,81,0.5925925925925926,0.3894230769230769,0.6388888888888888,0.5555555555555556,0.5925925925925926,0.3894230769230769,0.6388888888888888,0.5555555555555556,0.0,0.0,0.0,0.0
bull_to_bear,0.2,1.0,0.0,0.0,0,81,81,0.5925925925925926,0.3894230769230769,0.6388888888888888,0.5555555555555556,0.5925925925925926,0.3894230769230769,0.6388888888888888,0.5555555555555556,0.0,0.0,0.0,0.0
bull_to_neutral,0.2,1.0,0.0,-0.05,0,81,81,0.5925925925925926,0.3894230769230769,0.6388888888888888,0.5555555555555556,0.5925925925925926,0.3894230769230769,0.6388888888888888,0.5555555555555556,0.0,0.0,0.0,0.0
bull_to_bear,0.2,1.0,0.0,-0.05,0,81,81,0.5925925925925926,0.3894230769230769,0.6388888888888888,0.5555555555555556,0.5925925925925926,0.3894230769230769,0.6388888888888888,0.5555555555555556,0.0,0.0,0.0,0.0
bull_to_neutral,0.2,1.0,0.0,-0.1,0,81,81,0.5925925925925926,0.3894230769230769,0.6388888888888888,0.5555555555555556,0.5925925925925926,0.3894230769230769,0.6388888888888888,0.5555555555555556,0.0,0.0,0.0,0.0
bull_to_bear,0.2,1.0,0.0,-0.1,0,81,81,0.5925925925925926,0.3894230769230769,0.6388888888888888,0.5555555555555556,0.5925925925925926,0.3894230769230769,0.6388888888888888,0.5555555555555556,0.0,0.0,0.0,0.0
bull_to_neutral,0.2,1.0,5.0,,0,81,81,0.5925925925925926,0.3894230769230769,0.6388888888888888,0.5555555555555556,0.5925925925925926,0.3894230769230769,0.6388888888888888,0.5555555555555556,0.0,0.0,0.0,0.0
bull_to_bear,0.2,1.0,5.0,,0,81,81,0.5925925925925926,0.3894230769230769,0.6388888888888888,0.5555555555555556,0.5925925925925926,0.3894230769230769,0.6388888888888888,0.5555555555555556,0.0,0.0,0.0,0.0
bull_to_neutral,0.2,1.0,5.0,0.0,0,81,81,0.5925925925925926,0.3894230769230769,0.6388888888888888,0.5555555555555556,0.5925925925925926,0.3894230769230769,0.6388888888888888,0.5555555555555556,0.0,0.0,0.0,0.0
bull_to_bear,0.2,1.0,5.0,0.0,0,81,81,0.5925925925925926,0.3894230769230769,0.6388888888888888,0.5555555555555556,0.5925925925925926,0.3894230769230769,0.6388888888888888,0.5555555555555556,0.0,0.0,0.0,0.0
bull_to_neutral,0.2,1.0,5.0,-0.05,0,81,81,0.5925925925925926,0.3894230769230769,0.6388888888888888,0.5555555555555556,0.5925925925925926,0.3894230769230769,0.6388888888888888,0.5555555555555556,0.0,0.0,0.0,0.0
bull_to_bear,0.2,1.0,5.0,-0.05,0,81,81,0.5925925925925926,0.3894230769230769,0.6388888888888888,0.5555555555555556,0.5925925925925926,0.3894230769230769,0.6388888888888888,0.5555555555555556,0.0,0.0,0.0,0.0
bull_to_neutral,0.2,1.0,5.0,-0.1,0,81,81,0.5925925925925926,0.3894230769230769,0.6388888888888888,0.5555555555555556,0.5925925925925926,0.3894230769230769,0.6388888888888888,0.5555555555555556,0.0,0.0,0.0,0.0
bull_to_bear,0.2,1.0,5.0,-0.1,0,81,81,0.5925925925925926,0.3894230769230769,0.6388888888888888,0.5555555555555556,0.5925925925925926,0.3894230769230769,0.6388888888888888,0.5555555555555556,0.0,0.0,0.0,0.0
bull_to_neutral,0.2,1.0,10.0,,0,81,81,0.5925925925925926,0.3894230769230769,0.6388888888888888,0.5555555555555556,0.5925925925925926,0.3894230769230769,0.6388888888888888,0.5555555555555556,0.0,0.0,0.0,0.0
bull_to_bear,0.2,1.0,10.0,,0,81,81,0.5925925925925926,0.3894230769230769,0.6388888888888888,0.5555555555555556,0.5925925925925926,0.3894230769230769,0.6388888888888888,0.5555555555555556,0.0,0.0,0.0,0.0
bull_to_neutral,0.2,1.0,10.0,0.0,0,81,81,0.5925925925925926,0.3894230769230769,0.6388888888888888,0.5555555555555556,0.5925925925925926,0.3894230769230769,0.6388888888888888,0.5555555555555556,0.0,0.0,0.0,0.0
bull_to_bear,0.2,1.0,10.0,0.0,0,81,81,0.5925925925925926,0.3894230769230769,0.6388888888888888,0.5555555555555556,0.5925925925925926,0.3894230769230769,0.6388888888888888,0.5555555555555556,0.0,0.0,0.0,0.0
bull_to_neutral,0.2,1.0,10.0,-0.05,0,81,81,0.5925925925925926,0.3894230769230769,0.6388888888888888,0.5555555555555556,0.5925925925925926,0.3894230769230769,0.6388888888888888,0.5555555555555556,0.0,0.0,0.0,0.0
bull_to_bear,0.2,1.0,10.0,-0.05,0,81,81,0.5925925925925926,0.3894230769230769,0.6388888888888888,0.5555555555555556,0.5925925925925926,0.3894230769230769,0.6388888888888888,0.5555555555555556,0.0,0.0,0.0,0.0
bull_to_neutral,0.2,1.0,10.0,-0.1,0,81,81,0.5925925925925926,0.3894230769230769,0.6388888888888888,0.5555555555555556,0.5925925925925926,0.3894230769230769,0.6388888888888888,0.5555555555555556,0.0,0.0,0.0,0.0
bull_to_bear,0.2,1.0,10.0,-0.1,0,81,81,0.5925925925925926,0.3894230769230769,0.6388888888888888,0.5555555555555556,0.5925925925925926,0.3894230769230769,0.6388888888888888,0.5555555555555556,0.0,0.0,0.0,0.0
bull_to_neutral,0.2,1.0,15.0,,0,81,81,0.5925925925925926,0.3894230769230769,0.6388888888888888,0.5555555555555556,0.5925925925925926,0.3894230769230769,0.6388888888888888,0.5555555555555556,0.0,0.0,0.0,0.0
bull_to_bear,0.2,1.0,15.0,,0,81,81,0.5925925925925926,0.3894230769230769,0.6388888888888888,0.5555555555555556,0.5925925925925926,0.3894230769230769,0.6388888888888888,0.5555555555555556,0.0,0.0,0.0,0.0
bull_to_neutral,0.2,1.0,15.0,0.0,0,81,81,0.5925925925925926,0.3894230769230769,0.6388888888888888,0.5555555555555556,0.5925925925925926,0.3894230769230769,0.6388888888888888,0.5555555555555556,0.0,0.0,0.0,0.0
bull_to_bear,0.2,1.0,15.0,0.0,0,81,81,0.5925925925925926,0.3894230769230769,0.6388888888888888,0.5555555555555556,0.5925925925925926,0.3894230769230769,0.6388888888888888,0.5555555555555556,0.0,0.0,0.0,0.0
bull_to_neutral,0.2,1.0,15.0,-0.05,0,81,81,0.5925925925925926,0.3894230769230769,0.6388888888888888,0.5555555555555556,0.5925925925925926,0.3894230769230769,0.6388888888888888,0.5555555555555556,0.0,0.0,0.0,0.0
bull_to_bear,0.2,1.0,15.0,-0.05,0,81,81,0.5925925925925926,0.3894230769230769,0.6388888888888888,0.5555555555555556,0.5925925925925926,0.3894230769230769,0.6388888888888888,0.5555555555555556,0.0,0.0,0.0,0.0
bull_to_neutral,0.2,1.0,15.0,-0.1,0,81,81,0.5925925925925926,0.3894230769230769,0.6388888888888888,0.5555555555555556,0.5925925925925926,0.3894230769230769,0.6388888888888888,0.5555555555555556,0.0,0.0,0.0,0.0
bull_to_bear,0.2,1.0,15.0,-0.1,0,81,81,0.5925925925925926,0.3894230769230769,0.6388888888888888,0.5555555555555556,0.5925925925925926,0.3894230769230769,0.6388888888888888,0.5555555555555556,0.0,0.0,0.0,0.0
bull_to_neutral,0.2,0.99,,,0,81,81,0.5925925925925926,0.3894230769230769,0.6388888888888888,0.5555555555555556,0.5925925925925926,0.3894230769230769,0.6388888888888888,0.5555555555555556,0.0,0.0,0.0,0.0
bull_to_bear,0.2,0.99,,,0,81,81,0.5925925925925926,0.3894230769230769,0.6388888888888888,0.5555555555555556,0.5925925925925926,0.3894230769230769,0.6388888888888888,0.5555555555555556,0.0,0.0,0.0,0.0
bull_to_neutral,0.2,0.99,,0.0,0,81,81,0.5925925925925926,0.3894230769230769,0.6388888888888888,0.5555555555555556,0.5925925925925926,0.3894230769230769,0.6388888888888888,0.5555555555555556,0.0,0.0,0.0,0.0
bull_to_bear,0.2,0.99,,0.0,0,81,81,0.5925925925925926,0.3894230769230769,0.6388888888888888,0.5555555555555556,0.5925925925925926,0.3894230769230769,0.6388888888888888,0.5555555555555556,0.0,0.0,0.0,0.0
bull_to_neutral,0.2,0.99,,-0.05,0,81,81,0.5925925925925926,0.3894230769230769,0.6388888888888888,0.5555555555555556,0.5925925925925926,0.3894230769230769,0.6388888888888888,0.5555555555555556,0.0,0.0,0.0,0.0
bull_to_bear,0.2,0.99,,-0.05,0,81,81,0.5925925925925926,0.3894230769230769,0.6388888888888888,0.5555555555555556,0.5925925925925926,0.3894230769230769,0.6388888888888888,0.5555555555555556,0.0,0.0,0.0,0.0
bull_to_neutral,0.2,0.99,,-0.1,0,81,81,0.5925925925925926,0.3894230769230769,0.6388888888888888,0.5555555555555556,0.5925925925925926,0.3894230769230769,0.6388888888888888,0.5555555555555556,0.0,0.0,0.0,0.0
bull_to_bear,0.2,0.99,,-0.1,0,81,81,0.5925925925925926,0.3894230769230769,0.6388888888888888,0.5555555555555556,0.5925925925925926,0.3894230769230769,0.6388888888888888,0.5555555555555556,0.0,0.0,0.0,0.0
bull_to_neutral,0.2,0.99,0.0,,0,81,81,0.5925925925925926,0.3894230769230769,0.6388888888888888,0.5555555555555556,0.5925925925925926,0.3894230769230769,0.6388888888888888,0.5555555555555556,0.0,0.0,0.0,0.0
bull_to_bear,0.2,0.99,0.0,,0,81,81,0.5925925925925926,0.3894230769230769,0.6388888888888888,0.5555555555555556,0.5925925925925926,0.3894230769230769,0.6388888888888888,0.5555555555555556,0.0,0.0,0.0,0.0
bull_to_neutral,0.2,0.99,0.0,0.0,0,81,81,0.5925925925925926,0.3894230769230769,0.6388888888888888,0.5555555555555556,0.5925925925925926,0.3894230769230769,0.6388888888888888,0.5555555555555556,0.0,0.0,0.0,0.0
bull_to_bear,0.2,0.99,0.0,0.0,0,81,81,0.5925925925925926,0.3894230769230769,0.6388888888888888,0.5555555555555556,0.5925925925925926,0.3894230769230769,0.6388888888888888,0.5555555555555556,0.0,0.0,0.0,0.0
bull_to_neutral,0.2,0.99,0.0,-0.05,0,81,81,0.5925925925925926,0.3894230769230769,0.6388888888888888,0.5555555555555556,0.5925925925925926,0.3894230769230769,0.6388888888888888,0.5555555555555556,0.0,0.0,0.0,0.0
bull_to_bear,0.2,0.99,0.0,-0.05,0,81,81,0.5925925925925926,0.3894230769230769,0.6388888888888888,0.5555555555555556,0.5925925925925926,0.3894230769230769,0.6388888888888888,0.5555555555555556,0.0,0.0,0.0,0.0
bull_to_neutral,0.2,0.99,0.0,-0.1,0,81,81,0.5925925925925926,0.3894230769230769,0.6388888888888888,0.5555555555555556,0.5925925925925926,0.3894230769230769,0.6388888888888888,0.5555555555555556,0.0,0.0,0.0,0.0
bull_to_bear,0.2,0.99,0.0,-0.1,0,81,81,0.5925925925925926,0.3894230769230769,0.6388888888888888,0.5555555555555556,0.5925925925925926,0.3894230769230769,0.6388888888888888,0.5555555555555556,0.0,0.0,0.0,0.0
bull_to_neutral,0.2,0.99,5.0,,0,81,81,0.5925925925925926,0.3894230769230769,0.6388888888888888,0.5555555555555556,0.5925925925925926,0.3894230769230769,0.6388888888888888,0.5555555555555556,0.0,0.0,0.0,0.0
bull_to_bear,0.2,0.99,5.0,,0,81,81,0.5925925925925926,0.3894230769230769,0.6388888888888888,0.5555555555555556,0.5925925925925926,0.3894230769230769,0.6388888888888888,0.5555555555555556,0.0,0.0,0.0,0.0
bull_to_neutral,0.2,0.99,5.0,0.0,0,81,81,0.5925925925925926,0.3894230769230769,0.6388888888888888,0.5555555555555556,0.5925925925925926,0.3894230769230769,0.6388888888888888,0.5555555555555556,0.0,0.0,0.0,0.0
bull_to_bear,0.2,0.99,5.0,0.0,0,81,81,0.5925925925925926,0.3894230769230769,0.6388888888888888,0.5555555555555556,0.5925925925925926,0.3894230769230769,0.6388888888888888,0.5555555555555556,0.0,0.0,0.0,0.0
bull_to_neutral,0.2,0.99,5.0,-0.05,0,81,81,0.5925925925925926,0.3894230769230769,0.6388888888888888,0.5555555555555556,0.5925925925925926,0.3894230769230769,0.6388888888888888,0.5555555555555556,0.0,0.0,0.0,0.0
bull_to_bear,0.2,0.99,5.0,-0.05,0,81,81,0.5925925925925926,0.3894230769230769,0.6388888888888888,0.5555555555555556,0.5925925925925926,0.3894230769230769,0.6388888888888888,0.5555555555555556,0.0,0.0,0.0,0.0
bull_to_neutral,0.2,0.99,5.0,-0.1,0,81,81,0.5925925925925926,0.3894230769230769,0.6388888888888888,0.5555555555555556,0.5925925925925926,0.3894230769230769,0.6388888888888888,0.5555555555555556,0.0,0.0,0.0,0.0
bull_to_bear,0.2,0.99,5.0,-0.1,0,81,81,0.5925925925925926,0.3894230769230769,0.6388888888888888,0.5555555555555556,0.5925925925925926,0.3894230769230769,0.6388888888888888,0.5555555555555556,0.0,0.0,0.0,0.0
bull_to_neutral,0.2,0.99,10.0,,0,81,81,0.5925925925925926,0.3894230769230769,0.6388888888888888,0.5555555555555556,0.5925925925925926,0.3894230769230769,0.6388888888888888,0.5555555555555556,0.0,0.0,0.0,0.0
bull_to_bear,0.2,0.99,10.0,,0,81,81,0.5925925925925926,0.3894230769230769,0.6388888888888888,0.5555555555555556,0.5925925925925926,0.3894230769230769,0.6388888888888888,0.5555555555555556,0.0,0.0,0.0,0.0
bull_to_neutral,0.2,0.99,10.0,0.0,0,81,81,0.5925925925925926,0.3894230769230769,0.6388888888888888,0.5555555555555556,0.5925925925925926,0.3894230769230769,0.6388888888888888,0.5555555555555556,0.0,0.0,0.0,0.0
bull_to_bear,0.2,0.99,10.0,0.0,0,81,81,0.5925925925925926,0.3894230769230769,0.6388888888888888,0.5555555555555556,0.5925925925925926,0.3894230769230769,0.6388888888888888,0.5555555555555556,0.0,0.0,0.0,0.0
bull_to_neutral,0.2,0.99,10.0,-0.05,0,81,81,0.5925925925925926,0.3894230769230769,0.6388888888888888,0.5555555555555556,0.5925925925925926,0.3894230769230769,0.6388888888888888,0.5555555555555556,0.0,0.0,0.0,0.0
bull_to_bear,0.2,0.99,10.0,-0.05,0,81,81,0.5925925925925926,0.3894230769230769,0.6388888888888888,0.5555555555555556,0.5925925925925926,0.3894230769230769,0.6388888888888888,0.5555555555555556,0.0,0.0,0.0,0.0
bull_to_neutral,0.2,0.99,10.0,-0.1,0,81,81,0.5925925925925926,0.3894230769230769,0.6388888888888888,0.5555555555555556,0.5925925925925926,0.3894230769230769,0.6388888888888888,0.5555555555555556,0.0,0.0,0.0,0.0
bull_to_bear,0.2,0.99,10.0,-0.1,0,81,81,0.5925925925925926,0.3894230769230769,0.6388888888888888,0.5555555555555556,0.5925925925925926,0.3894230769230769,0.6388888888888888,0.5555555555555556,0.0,0.0,0.0,0.0
bull_to_neutral,0.2,0.99,15.0,,0,81,81,0.5925925925925926,0.3894230769230769,0.6388888888888888,0.5555555555555556,0.5925925925925926,0.3894230769230769,0.6388888888888888,0.5555555555555556,0.0,0.0,0.0,0.0
bull_to_bear,0.2,0.99,15.0,,0,81,81,0.5925925925925926,0.3894230769230769,0.6388888888888888,0.5555555555555556,0.5925925925925926,0.3894230769230769,0.6388888888888888,0.5555555555555556,0.0,0.0,0.0,0.0
bull_to_neutral,0.2,0.99,15.0,0.0,0,81,81,0.5925925925925926,0.3894230769230769,0.6388888888888888,0.5555555555555556,0.5925925925925926,0.3894230769230769,0.6388888888888888,0.5555555555555556,0.0,0.0,0.0,0.0
bull_to_bear,0.2,0.99,15.0,0.0,0,81,81,0.5925925925925926,0.3894230769230769,0.6388888888888888,0.5555555555555556,0.5925925925925926,0.3894230769230769,0.6388888888888888,0.5555555555555556,0.0,0.0,0.0,0.0
bull_to_neutral,0.2,0.99,15.0,-0.05,0,81,81,0.5925925925925926,0.3894230769230769,0.6388888888888888,0.5555555555555556,0.5925925925925926,0.3894230769230769,0.6388888888888888,0.5555555555555556,0.0,0.0,0.0,0.0
bull_to_bear,0.2,0.99,15.0,-0.05,0,81,81,0.5925925925925926,0.3894230769230769,0.6388888888888888,0.5555555555555556,0.5925925925925926,0.3894230769230769,0.6388888888888888,0.5555555555555556,0.0,0.0,0.0,0.0
bull_to_neutral,0.2,0.99,15.0,-0.1,0,81,81,0.5925925925925926,0.3894230769230769,0.6388888888888888,0.5555555555555556,0.5925925925925926,0.3894230769230769,0.6388888888888888,0.5555555555555556,0.0,0.0,0.0,0.0
bull_to_bear,0.2,0.99,15.0,-0.1,0,81,81,0.5925925925925926,0.3894230769230769,0.6388888888888888,0.5555555555555556,0.5925925925925926,0.3894230769230769,0.6388888888888888,0.5555555555555556,0.0,0.0,0.0,0.0
bull_to_neutral,0.2,0.98,,,0,81,81,0.5925925925925926,0.3894230769230769,0.6388888888888888,0.5555555555555556,0.5925925925925926,0.3894230769230769,0.6388888888888888,0.5555555555555556,0.0,0.0,0.0,0.0
bull_to_bear,0.2,0.98,,,0,81,81,0.5925925925925926,0.3894230769230769,0.6388888888888888,0.5555555555555556,0.5925925925925926,0.3894230769230769,0.6388888888888888,0.5555555555555556,0.0,0.0,0.0,0.0
bull_to_neutral,0.2,0.98,,0.0,0,81,81,0.5925925925925926,0.3894230769230769,0.6388888888888888,0.5555555555555556,0.5925925925925926,0.3894230769230769,0.6388888888888888,0.5555555555555556,0.0,0.0,0.0,0.0
bull_to_bear,0.2,0.98,,0.0,0,81,81,0.5925925925925926,0.3894230769230769,0.6388888888888888,0.5555555555555556,0.5925925925925926,0.3894230769230769,0.6388888888888888,0.5555555555555556,0.0,0.0,0.0,0.0
bull_to_neutral,0.2,0.98,,-0.05,0,81,81,0.5925925925925926,0.3894230769230769,0.6388888888888888,0.5555555555555556,0.5925925925925926,0.3894230769230769,0.6388888888888888,0.5555555555555556,0.0,0.0,0.0,0.0
bull_to_bear,0.2,0.98,,-0.05,0,81,81,0.5925925925925926,0.3894230769230769,0.6388888888888888,0.5555555555555556,0.5925925925925926,0.3894230769230769,0.6388888888888888,0.5555555555555556,0.0,0.0,0.0,0.0
bull_to_neutral,0.2,0.98,,-0.1,0,81,81,0.5925925925925926,0.3894230769230769,0.6388888888888888,0.5555555555555556,0.5925925925925926,0.3894230769230769,0.6388888888888888,0.5555555555555556,0.0,0.0,0.0,0.0
bull_to_bear,0.2,0.98,,-0.1,0,81,81,0.5925925925925926,0.3894230769230769,0.6388888888888888,0.5555555555555556,0.5925925925925926,0.3894230769230769,0.6388888888888888,0.5555555555555556,0.0,0.0,0.0,0.0
bull_to_neutral,0.2,0.98,0.0,,0,81,81,0.5925925925925926,0.3894230769230769,0.6388888888888888,0.5555555555555556,0.5925925925925926,0.3894230769230769,0.6388888888888888,0.5555555555555556,0.0,0.0,0.0,0.0
bull_to_bear,0.2,0.98,0.0,,0,81,81,0.5925925925925926,0.3894230769230769,0.6388888888888888,0.5555555555555556,0.5925925925925926,0.3894230769230769,0.6388888888888888,0.5555555555555556,0.0,0.0,0.0,0.0
bull_to_neutral,0.2,0.98,0.0,0.0,0,81,81,0.5925925925925926,0.3894230769230769,0.6388888888888888,0.5555555555555556,0.5925925925925926,0.3894230769230769,0.6388888888888888,0.5555555555555556,0.0,0.0,0.0,0.0
bull_to_bear,0.2,0.98,0.0,0.0,0,81,81,0.5925925925925926,0.3894230769230769,0.6388888888888888,0.5555555555555556,0.5925925925925926,0.3894230769230769,0.6388888888888888,0.5555555555555556,0.0,0.0,0.0,0.0
bull_to_neutral,0.2,0.98,0.0,-0.05,0,81,81,0.5925925925925926,0.3894230769230769,0.6388888888888888,0.5555555555555556,0.5925925925925926,0.3894230769230769,0.6388888888888888,0.5555555555555556,0.0,0.0,0.0,0.0
bull_to_bear,0.2,0.98,0.0,-0.05,0,81,81,0.5925925925925926,0.3894230769230769,0.6388888888888888,0.5555555555555556,0.5925925925925926,0.3894230769230769,0.6388888888888888,0.5555555555555556,0.0,0.0,0.0,0.0
bull_to_neutral,0.2,0.98,0.0,-0.1,0,81,81,0.5925925925925926,0.3894230769230769,0.6388888888888888,0.5555555555555556,0.5925925925925926,0.3894230769230769,0.6388888888888888,0.5555555555555556,0.0,0.0,0.0,0.0
bull_to_bear,0.2,0.98,0.0,-0.1,0,81,81,0.5925925925925926,0.3894230769230769,0.6388888888888888,0.5555555555555556,0.5925925925925926,0.3894230769230769,0.6388888888888888,0.5555555555555556,0.0,0.0,0.0,0.0
bull_to_neutral,0.2,0.98,5.0,,0,81,81,0.5925925925925926,0.3894230769230769,0.6388888888888888,0.5555555555555556,0.5925925925925926,0.3894230769230769,0.6388888888888888,0.5555555555555556,0.0,0.0,0.0,0.0
bull_to_bear,0.2,0.98,5.0,,0,81,81,0.5925925925925926,0.3894230769230769,0.6388888888888888,0.5555555555555556,0.5925925925925926,0.3894230769230769,0.6388888888888888,0.5555555555555556,0.0,0.0,0.0,0.0
bull_to_neutral,0.2,0.98,5.0,0.0,0,81,81,0.5925925925925926,0.3894230769230769,0.6388888888888888,0.5555555555555556,0.5925925925925926,0.3894230769230769,0.6388888888888888,0.5555555555555556,0.0,0.0,0.0,0.0
bull_to_bear,0.2,0.98,5.0,0.0,0,81,81,0.5925925925925926,0.3894230769230769,0.6388888888888888,0.5555555555555556,0.5925925925925926,0.3894230769230769,0.6388888888888888,0.5555555555555556,0.0,0.0,0.0,0.0
bull_to_neutral,0.2,0.98,5.0,-0.05,0,81,81,0.5925925925925926,0.3894230769230769,0.6388888888888888,0.5555555555555556,0.5925925925925926,0.3894230769230769,0.6388888888888888,0.5555555555555556,0.0,0.0,0.0,0.0
bull_to_bear,0.2,0.98,5.0,-0.05,0,81,81,0.5925925925925926,0.3894230769230769,0.6388888888888888,0.5555555555555556,0.5925925925925926,0.3894230769230769,0.6388888888888888,0.5555555555555556,0.0,0.0,0.0,0.0
bull_to_neutral,0.2,0.98,5.0,-0.1,0,81,81,0.5925925925925926,0.3894230769230769,0.6388888888888888,0.5555555555555556,0.5925925925925926,0.3894230769230769,0.6388888888888888,0.5555555555555556,0.0,0.0,0.0,0.0
bull_to_bear,0.2,0.98,5.0,-0.1,0,81,81,0.5925925925925926,0.3894230769230769,0.6388888888888888,0.5555555555555556,0.5925925925925926,0.3894230769230769,0.6388888888888888,0.5555555555555556,0.0,0.0,0.0,0.0
bull_to_neutral,0.2,0.98,10.0,,0,81,81,0.5925925925925926,0.3894230769230769,0.6388888888888888,0.5555555555555556,0.5925925925925926,0.3894230769230769,0.6388888888888888,0.5555555555555556,0.0,0.0,0.0,0.0
bull_to_bear,0.2,0.98,10.0,,0,81,81,0.5925925925925926,0.3894230769230769,0.6388888888888888,0.5555555555555556,0.5925925925925926,0.3894230769230769,0.6388888888888888,0.5555555555555556,0.0,0.0,0.0,0.0
bull_to_neutral,0.2,0.98,10.0,0.0,0,81,81,0.5925925925925926,0.3894230769230769,0.6388888888888888,0.5555555555555556,0.5925925925925926,0.3894230769230769,0.6388888888888888,0.5555555555555556,0.0,0.0,0.0,0.0
bull_to_bear,0.2,0.98,10.0,0.0,0,81,81,0.5925925925925926,0.3894230769230769,0.6388888888888888,0.5555555555555556,0.5925925925925926,0.3894230769230769,0.6388888888888888,0.5555555555555556,0.0,0.0,0.0,0.0
bull_to_neutral,0.2,0.98,10.0,-0.05,0,81,81,0.5925925925925926,0.3894230769230769,0.6388888888888888,0.5555555555555556,0.5925925925925926,0.3894230769230769,0.6388888888888888,0.5555555555555556,0.0,0.0,0.0,0.0
bull_to_bear,0.2,0.98,10.0,-0.05,0,81,81,0.5925925925925926,0.3894230769230769,0.6388888888888888,0.5555555555555556,0.5925925925925926,0.3894230769230769,0.6388888888888888,0.5555555555555556,0.0,0.0,0.0,0.0
bull_to_neutral,0.2,0.98,10.0,-0.1,0,81,81,0.5925925925925926,0.3894230769230769,0.6388888888888888,0.5555555555555556,0.5925925925925926,0.3894230769230769,0.6388888888888888,0.5555555555555556,0.0,0.0,0.0,0.0
bull_to_bear,0.2,0.98,10.0,-0.1,0,81,81,0.5925925925925926,0.3894230769230769,0.6388888888888888,0.5555555555555556,0.5925925925925926,0.3894230769230769,0.6388888888888888,0.5555555555555556,0.0,0.0,0.0,0.0
bull_to_neutral,0.2,0.98,15.0,,0,81,81,0.5925925925925926,0.3894230769230769,0.6388888888888888,0.5555555555555556,0.5925925925925926,0.3894230769230769,0.6388888888888888,0.5555555555555556,0.0,0.0,0.0,0.0
bull_to_bear,0.2,0.98,15.0,,0,81,81,0.5925925925925926,0.3894230769230769,0.6388888888888888,0.5555555555555556,0.5925925925925926,0.3894230769230769,0.6388888888888888,0.5555555555555556,0.0,0.0,0.0,0.0
bull_to_neutral,0.2,0.98,15.0,0.0,0,81,81,0.5925925925925926,0.3894230769230769,0.6388888888888888,0.5555555555555556,0.5925925925925926,0.3894230769230769,0.6388888888888888,0.5555555555555556,0.0,0.0,0.0,0.0
bull_to_bear,0.2,0.98,15.0,0.0,0,81,81,0.5925925925925926,0.3894230769230769,0.6388888888888888,0.5555555555555556,0.5925925925925926,0.3894230769230769,0.6388888888888888,0.5555555555555556,0.0,0.0,0.0,0.0
bull_to_neutral,0.2,0.98,15.0,-0.05,0,81,81,0.5925925925925926,0.3894230769230769,0.6388888888888888,0.5555555555555556,0.5925925925925926,0.3894230769230769,0.6388888888888888,0.5555555555555556,0.0,0.0,0.0,0.0
bull_to_bear,0.2,0.98,15.0,-0.05,0,81,81,0.5925925925925926,0.3894230769230769,0.6388888888888888,0.5555555555555556,0.5925925925925926,0.3894230769230769,0.6388888888888888,0.5555555555555556,0.0,0.0,0.0,0.0
bull_to_neutral,0.2,0.98,15.0,-0.1,0,81,81,0.5925925925925926,0.3894230769230769,0.6388888888888888,0.5555555555555556,0.5925925925925926,0.3894230769230769,0.6388888888888888,0.5555555555555556,0.0,0.0,0.0,0.0
bull_to_bear,0.2,0.98,15.0,-0.1,0,81,81,0.5925925925925926,0.3894230769230769,0.6388888888888888,0.5555555555555556,0.5925925925925926,0.3894230769230769,0.6388888888888888,0.5555555555555556,0.0,0.0,0.0,0.0
bull_to_neutral,0.2,0.97,,,0,81,81,0.5925925925925926,0.3894230769230769,0.6388888888888888,0.5555555555555556,0.5925925925925926,0.3894230769230769,0.6388888888888888,0.5555555555555556,0.0,0.0,0.0,0.0
bull_to_bear,0.2,0.97,,,0,81,81,0.5925925925925926,0.3894230769230769,0.6388888888888888,0.5555555555555556,0.5925925925925926,0.3894230769230769,0.6388888888888888,0.5555555555555556,0.0,0.0,0.0,0.0
bull_to_neutral,0.2,0.97,,0.0,0,81,81,0.5925925925925926,0.3894230769230769,0.6388888888888888,0.5555555555555556,0.5925925925925926,0.3894230769230769,0.6388888888888888,0.5555555555555556,0.0,0.0,0.0,0.0
bull_to_bear,0.2,0.97,,0.0,0,81,81,0.5925925925925926,0.3894230769230769,0.6388888888888888,0.5555555555555556,0.5925925925925926,0.3894230769230769,0.6388888888888888,0.5555555555555556,0.0,0.0,0.0,0.0
bull_to_neutral,0.2,0.97,,-0.05,0,81,81,0.5925925925925926,0.3894230769230769,0.6388888888888888,0.5555555555555556,0.5925925925925926,0.3894230769230769,0.6388888888888888,0.5555555555555556,0.0,0.0,0.0,0.0
bull_to_bear,0.2,0.97,,-0.05,0,81,81,0.5925925925925926,0.3894230769230769,0.6388888888888888,0.5555555555555556,0.5925925925925926,0.3894230769230769,0.6388888888888888,0.5555555555555556,0.0,0.0,0.0,0.0
bull_to_neutral,0.2,0.97,,-0.1,0,81,81,0.5925925925925926,0.3894230769230769,0.6388888888888888,0.5555555555555556,0.5925925925925926,0.3894230769230769,0.6388888888888888,0.5555555555555556,0.0,0.0,0.0,0.0
bull_to_bear,0.2,0.97,,-0.1,0,81,81,0.5925925925925926,0.3894230769230769,0.6388888888888888,0.5555555555555556,0.5925925925925926,0.3894230769230769,0.6388888888888888,0.5555555555555556,0.0,0.0,0.0,0.0
bull_to_neutral,0.2,0.97,0.0,,0,81,81,0.5925925925925926,0.3894230769230769,0.6388888888888888,0.5555555555555556,0.5925925925925926,0.3894230769230769,0.6388888888888888,0.5555555555555556,0.0,0.0,0.0,0.0
bull_to_bear,0.2,0.97,0.0,,0,81,81,0.5925925925925926,0.3894230769230769,0.6388888888888888,0.5555555555555556,0.5925925925925926,0.3894230769230769,0.6388888888888888,0.5555555555555556,0.0,0.0,0.0,0.0
bull_to_neutral,0.2,0.97,0.0,0.0,0,81,81,0.5925925925925926,0.3894230769230769,0.6388888888888888,0.5555555555555556,0.5925925925925926,0.3894230769230769,0.6388888888888888,0.5555555555555556,0.0,0.0,0.0,0.0
bull_to_bear,0.2,0.97,0.0,0.0,0,81,81,0.5925925925925926,0.3894230769230769,0.6388888888888888,0.5555555555555556,0.5925925925925926,0.3894230769230769,0.6388888888888888,0.5555555555555556,0.0,0.0,0.0,0.0
bull_to_neutral,0.2,0.97,0.0,-0.05,0,81,81,0.5925925925925926,0.3894230769230769,0.6388888888888888,0.5555555555555556,0.5925925925925926,0.3894230769230769,0.6388888888888888,0.5555555555555556,0.0,0.0,0.0,0.0
bull_to_bear,0.2,0.97,0.0,-0.05,0,81,81,0.5925925925925926,0.3894230769230769,0.6388888888888888,0.5555555555555556,0.5925925925925926,0.3894230769230769,0.6388888888888888,0.5555555555555556,0.0,0.0,0.0,0.0
bull_to_neutral,0.2,0.97,0.0,-0.1,0,81,81,0.5925925925925926,0.3894230769230769,0.6388888888888888,0.5555555555555556,0.5925925925925926,0.3894230769230769,0.6388888888888888,0.5555555555555556,0.0,0.0,0.0,0.0
bull_to_bear,0.2,0.97,0.0,-0.1,0,81,81,0.5925925925925926,0.3894230769230769,0.6388888888888888,0.5555555555555556,0.5925925925925926,0.3894230769230769,0.6388888888888888,0.5555555555555556,0.0,0.0,0.0,0.0
bull_to_neutral,0.2,0.97,5.0,,0,81,81,0.5925925925925926,0.3894230769230769,0.6388888888888888,0.5555555555555556,0.5925925925925926,0.3894230769230769,0.6388888888888888,0.5555555555555556,0.0,0.0,0.0,0.0
bull_to_bear,0.2,0.97,5.0,,0,81,81,0.5925925925925926,0.3894230769230769,0.6388888888888888,0.5555555555555556,0.5925925925925926,0.3894230769230769,0.6388888888888888,0.5555555555555556,0.0,0.0,0.0,0.0
bull_to_neutral,0.2,0.97,5.0,0.0,0,81,81,0.5925925925925926,0.3894230769230769,0.6388888888888888,0.5555555555555556,0.5925925925925926,0.3894230769230769,0.6388888888888888,0.5555555555555556,0.0,0.0,0.0,0.0
bull_to_bear,0.2,0.97,5.0,0.0,0,81,81,0.5925925925925926,0.3894230769230769,0.6388888888888888,0.5555555555555556,0.5925925925925926,0.3894230769230769,0.6388888888888888,0.5555555555555556,0.0,0.0,0.0,0.0
bull_to_neutral,0.2,0.97,5.0,-0.05,0,81,81,0.5925925925925926,0.3894230769230769,0.6388888888888888,0.5555555555555556,0.5925925925925926,0.3894230769230769,0.6388888888888888,0.5555555555555556,0.0,0.0,0.0,0.0
bull_to_bear,0.2,0.97,5.0,-0.05,0,81,81,0.5925925925925926,0.3894230769230769,0.6388888888888888,0.5555555555555556,0.5925925925925926,0.3894230769230769,0.6388888888888888,0.5555555555555556,0.0,0.0,0.0,0.0
bull_to_neutral,0.2,0.97,5.0,-0.1,0,81,81,0.5925925925925926,0.3894230769230769,0.6388888888888888,0.5555555555555556,0.5925925925925926,0.3894230769230769,0.6388888888888888,0.5555555555555556,0.0,0.0,0.0,0.0
bull_to_bear,0.2,0.97,5.0,-0.1,0,81,81,0.5925925925925926,0.3894230769230769,0.6388888888888888,0.5555555555555556,0.5925925925925926,0.3894230769230769,0.6388888888888888,0.5555555555555556,0.0,0.0,0.0,0.0
bull_to_neutral,0.2,0.97,10.0,,0,81,81,0.5925925925925926,0.3894230769230769,0.6388888888888888,0.5555555555555556,0.5925925925925926,0.3894230769230769,0.6388888888888888,0.5555555555555556,0.0,0.0,0.0,0.0
bull_to_bear,0.2,0.97,10.0,,0,81,81,0.5925925925925926,0.3894230769230769,0.6388888888888888,0.5555555555555556,0.5925925925925926,0.3894230769230769,0.6388888888888888,0.5555555555555556,0.0,0.0,0.0,0.0
bull_to_neutral,0.2,0.97,10.0,0.0,0,81,81,0.5925925925925926,0.3894230769230769,0.6388888888888888,0.5555555555555556,0.5925925925925926,0.3894230769230769,0.6388888888888888,0.5555555555555556,0.0,0.0,0.0,0.0
bull_to_bear,0.2,0.97,10.0,0.0,0,81,81,0.5925925925925926,0.3894230769230769,0.6388888888888888,0.5555555555555556,0.5925925925925926,0.3894230769230769,0.6388888888888888,0.5555555555555556,0.0,0.0,0.0,0.0
bull_to_neutral,0.2,0.97,10.0,-0.05,0,81,81,0.5925925925925926,0.3894230769230769,0.6388888888888888,0.5555555555555556,0.5925925925925926,0.3894230769230769,0.6388888888888888,0.5555555555555556,0.0,0.0,0.0,0.0
bull_to_bear,0.2,0.97,10.0,-0.05,0,81,81,0.5925925925925926,0.3894230769230769,0.6388888888888888,0.5555555555555556,0.5925925925925926,0.3894230769230769,0.6388888888888888,0.5555555555555556,0.0,0.0,0.0,0.0
bull_to_neutral,0.2,0.97,10.0,-0.1,0,81,81,0.5925925925925926,0.3894230769230769,0.6388888888888888,0.5555555555555556,0.5925925925925926,0.3894230769230769,0.6388888888888888,0.5555555555555556,0.0,0.0,0.0,0.0
bull_to_bear,0.2,0.97,10.0,-0.1,0,81,81,0.5925925925925926,0.3894230769230769,0.6388888888888888,0.5555555555555556,0.5925925925925926,0.3894230769230769,0.6388888888888888,0.5555555555555556,0.0,0.0,0.0,0.0
bull_to_neutral,0.2,0.97,15.0,,0,81,81,0.5925925925925926,0.3894230769230769,0.6388888888888888,0.5555555555555556,0.5925925925925926,0.3894230769230769,0.6388888888888888,0.5555555555555556,0.0,0.0,0.0,0.0
bull_to_bear,0.2,0.97,15.0,,0,81,81,0.5925925925925926,0.3894230769230769,0.6388888888888888,0.5555555555555556,0.5925925925925926,0.3894230769230769,0.6388888888888888,0.5555555555555556,0.0,0.0,0.0,0.0
bull_to_neutral,0.2,0.97,15.0,0.0,0,81,81,0.5925925925925926,0.3894230769230769,0.6388888888888888,0.5555555555555556,0.5925925925925926,0.3894230769230769,0.6388888888888888,0.5555555555555556,0.0,0.0,0.0,0.0
bull_to_bear,0.2,0.97,15.0,0.0,0,81,81,0.5925925925925926,0.3894230769230769,0.6388888888888888,0.5555555555555556,0.5925925925925926,0.3894230769230769,0.6388888888888888,0.5555555555555556,0.0,0.0,0.0,0.0
bull_to_neutral,0.2,0.97,15.0,-0.05,0,81,81,0.5925925925925926,0.3894230769230769,0.6388888888888888,0.5555555555555556,0.5925925925925926,0.3894230769230769,0.6388888888888888,0.5555555555555556,0.0,0.0,0.0,0.0
bull_to_bear,0.2,0.97,15.0,-0.05,0,81,81,0.5925925925925926,0.3894230769230769,0.6388888888888888,0.5555555555555556,0.5925925925925926,0.3894230769230769,0.6388888888888888,0.5555555555555556,0.0,0.0,0.0,0.0
bull_to_neutral,0.2,0.97,15.0,-0.1,0,81,81,0.5925925925925926,0.3894230769230769,0.6388888888888888,0.5555555555555556,0.5925925925925926,0.3894230769230769,0.6388888888888888,0.5555555555555556,0.0,0.0,0.0,0.0
bull_to_bear,0.2,0.97,15.0,-0.1,0,81,81,0.5925925925925926,0.3894230769230769,0.6388888888888888,0.5555555555555556,0.5925925925925926,0.3894230769230769,0.6388888888888888,0.5555555555555556,0.0,0.0,0.0,0.0
bull_to_neutral,0.2,0.95,,,0,81,81,0.5925925925925926,0.3894230769230769,0.6388888888888888,0.5555555555555556,0.5925925925925926,0.3894230769230769,0.6388888888888888,0.5555555555555556,0.0,0.0,0.0,0.0
bull_to_bear,0.2,0.95,,,0,81,81,0.5925925925925926,0.3894230769230769,0.6388888888888888,0.5555555555555556,0.5925925925925926,0.3894230769230769,0.6388888888888888,0.5555555555555556,0.0,0.0,0.0,0.0
bull_to_neutral,0.2,0.95,,0.0,0,81,81,0.5925925925925926,0.3894230769230769,0.6388888888888888,0.5555555555555556,0.5925925925925926,0.3894230769230769,0.6388888888888888,0.5555555555555556,0.0,0.0,0.0,0.0
bull_to_bear,0.2,0.95,,0.0,0,81,81,0.5925925925925926,0.3894230769230769,0.6388888888888888,0.5555555555555556,0.5925925925925926,0.3894230769230769,0.6388888888888888,0.5555555555555556,0.0,0.0,0.0,0.0
bull_to_neutral,0.2,0.95,,-0.05,0,81,81,0.5925925925925926,0.3894230769230769,0.6388888888888888,0.5555555555555556,0.5925925925925926,0.3894230769230769,0.6388888888888888,0.5555555555555556,0.0,0.0,0.0,0.0
bull_to_bear,0.2,0.95,,-0.05,0,81,81,0.5925925925925926,0.3894230769230769,0.6388888888888888,0.5555555555555556,0.5925925925925926,0.3894230769230769,0.6388888888888888,0.5555555555555556,0.0,0.0,0.0,0.0
bull_to_neutral,0.2,0.95,,-0.1,0,81,81,0.5925925925925926,0.3894230769230769,0.6388888888888888,0.5555555555555556,0.5925925925925926,0.3894230769230769,0.6388888888888888,0.5555555555555556,0.0,0.0,0.0,0.0
bull_to_bear,0.2,0.95,,-0.1,0,81,81,0.5925925925925926,0.3894230769230769,0.6388888888888888,0.5555555555555556,0.5925925925925926,0.3894230769230769,0.6388888888888888,0.5555555555555556,0.0,0.0,0.0,0.0
bull_to_neutral,0.2,0.95,0.0,,0,81,81,0.5925925925925926,0.3894230769230769,0.6388888888888888,0.5555555555555556,0.5925925925925926,0.3894230769230769,0.6388888888888888,0.5555555555555556,0.0,0.0,0.0,0.0
bull_to_bear,0.2,0.95,0.0,,0,81,81,0.5925925925925926,0.3894230769230769,0.6388888888888888,0.5555555555555556,0.5925925925925926,0.3894230769230769,0.6388888888888888,0.5555555555555556,0.0,0.0,0.0,0.0
bull_to_neutral,0.2,0.95,0.0,0.0,0,81,81,0.5925925925925926,0.3894230769230769,0.6388888888888888,0.5555555555555556,0.5925925925925926,0.3894230769230769,0.6388888888888888,0.5555555555555556,0.0,0.0,0.0,0.0
bull_to_bear,0.2,0.95,0.0,0.0,0,81,81,0.5925925925925926,0.3894230769230769,0.6388888888888888,0.5555555555555556,0.5925925925925926,0.3894230769230769,0.6388888888888888,0.5555555555555556,0.0,0.0,0.0,0.0
bull_to_neutral,0.2,0.95,0.0,-0.05,0,81,81,0.5925925925925926,0.3894230769230769,0.6388888888888888,0.5555555555555556,0.5925925925925926,0.3894230769230769,0.6388888888888888,0.5555555555555556,0.0,0.0,0.0,0.0
bull_to_bear,0.2,0.95,0.0,-0.05,0,81,81,0.5925925925925926,0.3894230769230769,0.6388888888888888,0.5555555555555556,0.5925925925925926,0.3894230769230769,0.6388888888888888,0.5555555555555556,0.0,0.0,0.0,0.0
bull_to_neutral,0.2,0.95,0.0,-0.1,0,81,81,0.5925925925925926,0.3894230769230769,0.6388888888888888,0.5555555555555556,0.5925925925925926,0.3894230769230769,0.6388888888888888,0.5555555555555556,0.0,0.0,0.0,0.0
bull_to_bear,0.2,0.95,0.0,-0.1,0,81,81,0.5925925925925926,0.3894230769230769,0.6388888888888888,0.5555555555555556,0.5925925925925926,0.3894230769230769,0.6388888888888888,0.5555555555555556,0.0,0.0,0.0,0.0
bull_to_neutral,0.2,0.95,5.0,,0,81,81,0.5925925925925926,0.3894230769230769,0.6388888888888888,0.5555555555555556,0.5925925925925926,0.3894230769230769,0.6388888888888888,0.5555555555555556,0.0,0.0,0.0,0.0
bull_to_bear,0.2,0.95,5.0,,0,81,81,0.5925925925925926,0.3894230769230769,0.6388888888888888,0.5555555555555556,0.5925925925925926,0.3894230769230769,0.6388888888888888,0.5555555555555556,0.0,0.0,0.0,0.0
bull_to_neutral,0.2,0.95,5.0,0.0,0,81,81,0.5925925925925926,0.3894230769230769,0.6388888888888888,0.5555555555555556,0.5925925925925926,0.3894230769230769,0.6388888888888888,0.5555555555555556,0.0,0.0,0.0,0.0
bull_to_bear,0.2,0.95,5.0,0.0,0,81,81,0.5925925925925926,0.3894230769230769,0.6388888888888888,0.5555555555555556,0.5925925925925926,0.3894230769230769,0.6388888888888888,0.5555555555555556,0.0,0.0,0.0,0.0
bull_to_neutral,0.2,0.95,5.0,-0.05,0,81,81,0.5925925925925926,0.3894230769230769,0.6388888888888888,0.5555555555555556,0.5925925925925926,0.3894230769230769,0.6388888888888888,0.5555555555555556,0.0,0.0,0.0,0.0
bull_to_bear,0.2,0.95,5.0,-0.05,0,81,81,0.5925925925925926,0.3894230769230769,0.6388888888888888,0.5555555555555556,0.5925925925925926,0.3894230769230769,0.6388888888888888,0.5555555555555556,0.0,0.0,0.0,0.0
bull_to_neutral,0.2,0.95,5.0,-0.1,0,81,81,0.5925925925925926,0.3894230769230769,0.6388888888888888,0.5555555555555556,0.5925925925925926,0.3894230769230769,0.6388888888888888,0.5555555555555556,0.0,0.0,0.0,0.0
bull_to_bear,0.2,0.95,5.0,-0.1,0,81,81,0.5925925925925926,0.3894230769230769,0.6388888888888888,0.5555555555555556,0.5925925925925926,0.3894230769230769,0.6388888888888888,0.5555555555555556,0.0,0.0,0.0,0.0
bull_to_neutral,0.2,0.95,10.0,,0,81,81,0.5925925925925926,0.3894230769230769,0.6388888888888888,0.5555555555555556,0.5925925925925926,0.3894230769230769,0.6388888888888888,0.5555555555555556,0.0,0.0,0.0,0.0
bull_to_bear,0.2,0.95,10.0,,0,81,81,0.5925925925925926,0.3894230769230769,0.6388888888888888,0.5555555555555556,0.5925925925925926,0.3894230769230769,0.6388888888888888,0.5555555555555556,0.0,0.0,0.0,0.0
bull_to_neutral,0.2,0.95,10.0,0.0,0,81,81,0.5925925925925926,0.3894230769230769,0.6388888888888888,0.5555555555555556,0.5925925925925926,0.3894230769230769,0.6388888888888888,0.5555555555555556,0.0,0.0,0.0,0.0
bull_to_bear,0.2,0.95,10.0,0.0,0,81,81,0.5925925925925926,0.3894230769230769,0.6388888888888888,0.5555555555555556,0.5925925925925926,0.3894230769230769,0.6388888888888888,0.5555555555555556,0.0,0.0,0.0,0.0
bull_to_neutral,0.2,0.95,10.0,-0.05,0,81,81,0.5925925925925926,0.3894230769230769,0.6388888888888888,0.5555555555555556,0.5925925925925926,0.3894230769230769,0.6388888888888888,0.5555555555555556,0.0,0.0,0.0,0.0
bull_to_bear,0.2,0.95,10.0,-0.05,0,81,81,0.5925925925925926,0.3894230769230769,0.6388888888888888,0.5555555555555556,0.5925925925925926,0.3894230769230769,0.6388888888888888,0.5555555555555556,0.0,0.0,0.0,0.0
bull_to_neutral,0.2,0.95,10.0,-0.1,0,81,81,0.5925925925925926,0.3894230769230769,0.6388888888888888,0.5555555555555556,0.5925925925925926,0.3894230769230769,0.6388888888888888,0.5555555555555556,0.0,0.0,0.0,0.0
bull_to_bear,0.2,0.95,10.0,-0.1,0,81,81,0.5925925925925926,0.3894230769230769,0.6388888888888888,0.5555555555555556,0.5925925925925926,0.3894230769230769,0.6388888888888888,0.5555555555555556,0.0,0.0,0.0,0.0
bull_to_neutral,0.2,0.95,15.0,,0,81,81,0.5925925925925926,0.3894230769230769,0.6388888888888888,0.5555555555555556,0.5925925925925926,0.3894230769230769,0.6388888888888888,0.5555555555555556,0.0,0.0,0.0,0.0
bull_to_bear,0.2,0.95,15.0,,0,81,81,0.5925925925925926,0.3894230769230769,0.6388888888888888,0.5555555555555556,0.5925925925925926,0.3894230769230769,0.6388888888888888,0.5555555555555556,0.0,0.0,0.0,0.0
bull_to_neutral,0.2,0.95,15.0,0.0,0,81,81,0.5925925925925926,0.3894230769230769,0.6388888888888888,0.5555555555555556,0.5925925925925926,0.3894230769230769,0.6388888888888888,0.5555555555555556,0.0,0.0,0.0,0.0
bull_to_bear,0.2,0.95,15.0,0.0,0,81,81,0.5925925925925926,0.3894230769230769,0.6388888888888888,0.5555555555555556,0.5925925925925926,0.3894230769230769,0.6388888888888888,0.5555555555555556,0.0,0.0,0.0,0.0
bull_to_neutral,0.2,0.95,15.0,-0.05,0,81,81,0.5925925925925926,0.3894230769230769,0.6388888888888888,0.5555555555555556,0.5925925925925926,0.3894230769230769,0.6388888888888888,0.5555555555555556,0.0,0.0,0.0,0.0
bull_to_bear,0.2,0.95,15.0,-0.05,0,81,81,0.5925925925925926,0.3894230769230769,0.6388888888888888,0.5555555555555556,0.5925925925925926,0.3894230769230769,0.6388888888888888,0.5555555555555556,0.0,0.0,0.0,0.0
bull_to_neutral,0.2,0.95,15.0,-0.1,0,81,81,0.5925925925925926,0.3894230769230769,0.6388888888888888,0.5555555555555556,0.5925925925925926,0.3894230769230769,0.6388888888888888,0.5555555555555556,0.0,0.0,0.0,0.0
bull_to_bear,0.2,0.95,15.0,-0.1,0,81,81,0.5925925925925926,0.3894230769230769,0.6388888888888888,0.5555555555555556,0.5925925925925926,0.3894230769230769,0.6388888888888888,0.5555555555555556,0.0,0.0,0.0,0.0
bull_to_neutral,0.2,0.93,,,0,81,81,0.5925925925925926,0.3894230769230769,0.6388888888888888,0.5555555555555556,0.5925925925925926,0.3894230769230769,0.6388888888888888,0.5555555555555556,0.0,0.0,0.0,0.0
bull_to_bear,0.2,0.93,,,0,81,81,0.5925925925925926,0.3894230769230769,0.6388888888888888,0.5555555555555556,0.5925925925925926,0.3894230769230769,0.6388888888888888,0.5555555555555556,0.0,0.0,0.0,0.0
bull_to_neutral,0.2,0.93,,0.0,0,81,81,0.5925925925925926,0.3894230769230769,0.6388888888888888,0.5555555555555556,0.5925925925925926,0.3894230769230769,0.6388888888888888,0.5555555555555556,0.0,0.0,0.0,0.0
bull_to_bear,0.2,0.93,,0.0,0,81,81,0.5925925925925926,0.3894230769230769,0.6388888888888888,0.5555555555555556,0.5925925925925926,0.3894230769230769,0.6388888888888888,0.5555555555555556,0.0,0.0,0.0,0.0
bull_to_neutral,0.2,0.93,,-0.05,0,81,81,0.5925925925925926,0.3894230769230769,0.6388888888888888,0.5555555555555556,0.5925925925925926,0.3894230769230769,0.6388888888888888,0.5555555555555556,0.0,0.0,0.0,0.0
bull_to_bear,0.2,0.93,,-0.05,0,81,81,0.5925925925925926,0.3894230769230769,0.6388888888888888,0.5555555555555556,0.5925925925925926,0.3894230769230769,0.6388888888888888,0.5555555555555556,0.0,0.0,0.0,0.0
bull_to_neutral,0.2,0.93,,-0.1,0,81,81,0.5925925925925926,0.3894230769230769,0.6388888888888888,0.5555555555555556,0.5925925925925926,0.3894230769230769,0.6388888888888888,0.5555555555555556,0.0,0.0,0.0,0.0
bull_to_bear,0.2,0.93,,-0.1,0,81,81,0.5925925925925926,0.3894230769230769,0.6388888888888888,0.5555555555555556,0.5925925925925926,0.3894230769230769,0.6388888888888888,0.5555555555555556,0.0,0.0,0.0,0.0
bull_to_neutral,0.2,0.93,0.0,,0,81,81,0.5925925925925926,0.3894230769230769,0.6388888888888888,0.5555555555555556,0.5925925925925926,0.3894230769230769,0.6388888888888888,0.5555555555555556,0.0,0.0,0.0,0.0
bull_to_bear,0.2,0.93,0.0,,0,81,81,0.5925925925925926,0.3894230769230769,0.6388888888888888,0.5555555555555556,0.5925925925925926,0.3894230769230769,0.6388888888888888,0.5555555555555556,0.0,0.0,0.0,0.0
bull_to_neutral,0.2,0.93,0.0,0.0,0,81,81,0.5925925925925926,0.3894230769230769,0.6388888888888888,0.5555555555555556,0.5925925925925926,0.3894230769230769,0.6388888888888888,0.5555555555555556,0.0,0.0,0.0,0.0
bull_to_bear,0.2,0.93,0.0,0.0,0,81,81,0.5925925925925926,0.3894230769230769,0.6388888888888888,0.5555555555555556,0.5925925925925926,0.3894230769230769,0.6388888888888888,0.5555555555555556,0.0,0.0,0.0,0.0
bull_to_neutral,0.2,0.93,0.0,-0.05,0,81,81,0.5925925925925926,0.3894230769230769,0.6388888888888888,0.5555555555555556,0.5925925925925926,0.3894230769230769,0.6388888888888888,0.5555555555555556,0.0,0.0,0.0,0.0
bull_to_bear,0.2,0.93,0.0,-0.05,0,81,81,0.5925925925925926,0.3894230769230769,0.6388888888888888,0.5555555555555556,0.5925925925925926,0.3894230769230769,0.6388888888888888,0.5555555555555556,0.0,0.0,0.0,0.0
bull_to_neutral,0.2,0.93,0.0,-0.1,0,81,81,0.5925925925925926,0.3894230769230769,0.6388888888888888,0.5555555555555556,0.5925925925925926,0.3894230769230769,0.6388888888888888,0.5555555555555556,0.0,0.0,0.0,0.0
bull_to_bear,0.2,0.93,0.0,-0.1,0,81,81,0.5925925925925926,0.3894230769230769,0.6388888888888888,0.5555555555555556,0.5925925925925926,0.3894230769230769,0.6388888888888888,0.5555555555555556,0.0,0.0,0.0,0.0
bull_to_neutral,0.2,0.93,5.0,,0,81,81,0.5925925925925926,0.3894230769230769,0.6388888888888888,0.5555555555555556,0.5925925925925926,0.3894230769230769,0.6388888888888888,0.5555555555555556,0.0,0.0,0.0,0.0
bull_to_bear,0.2,0.93,5.0,,0,81,81,0.5925925925925926,0.3894230769230769,0.6388888888888888,0.5555555555555556,0.5925925925925926,0.3894230769230769,0.6388888888888888,0.5555555555555556,0.0,0.0,0.0,0.0
bull_to_neutral,0.2,0.93,5.0,0.0,0,81,81,0.5925925925925926,0.3894230769230769,0.6388888888888888,0.5555555555555556,0.5925925925925926,0.3894230769230769,0.6388888888888888,0.5555555555555556,0.0,0.0,0.0,0.0
bull_to_bear,0.2,0.93,5.0,0.0,0,81,81,0.5925925925925926,0.3894230769230769,0.6388888888888888,0.5555555555555556,0.5925925925925926,0.3894230769230769,0.6388888888888888,0.5555555555555556,0.0,0.0,0.0,0.0
bull_to_neutral,0.2,0.93,5.0,-0.05,0,81,81,0.5925925925925926,0.3894230769230769,0.6388888888888888,0.5555555555555556,0.5925925925925926,0.3894230769230769,0.6388888888888888,0.5555555555555556,0.0,0.0,0.0,0.0
bull_to_bear,0.2,0.93,5.0,-0.05,0,81,81,0.5925925925925926,0.3894230769230769,0.6388888888888888,0.5555555555555556,0.5925925925925926,0.3894230769230769,0.6388888888888888,0.5555555555555556,0.0,0.0,0.0,0.0
bull_to_neutral,0.2,0.93,5.0,-0.1,0,81,81,0.5925925925925926,0.3894230769230769,0.6388888888888888,0.5555555555555556,0.5925925925925926,0.3894230769230769,0.6388888888888888,0.5555555555555556,0.0,0.0,0.0,0.0
bull_to_bear,0.2,0.93,5.0,-0.1,0,81,81,0.5925925925925926,0.3894230769230769,0.6388888888888888,0.5555555555555556,0.5925925925925926,0.3894230769230769,0.6388888888888888,0.5555555555555556,0.0,0.0,0.0,0.0
bull_to_neutral,0.2,0.93,10.0,,0,81,81,0.5925925925925926,0.3894230769230769,0.6388888888888888,0.5555555555555556,0.5925925925925926,0.3894230769230769,0.6388888888888888,0.5555555555555556,0.0,0.0,0.0,0.0
bull_to_bear,0.2,0.93,10.0,,0,81,81,0.5925925925925926,0.3894230769230769,0.6388888888888888,0.5555555555555556,0.5925925925925926,0.3894230769230769,0.6388888888888888,0.5555555555555556,0.0,0.0,0.0,0.0
bull_to_neutral,0.2,0.93,10.0,0.0,0,81,81,0.5925925925925926,0.3894230769230769,0.6388888888888888,0.5555555555555556,0.5925925925925926,0.3894230769230769,0.6388888888888888,0.5555555555555556,0.0,0.0,0.0,0.0
bull_to_bear,0.2,0.93,10.0,0.0,0,81,81,0.5925925925925926,0.3894230769230769,0.6388888888888888,0.5555555555555556,0.5925925925925926,0.3894230769230769,0.6388888888888888,0.5555555555555556,0.0,0.0,0.0,0.0
bull_to_neutral,0.2,0.93,10.0,-0.05,0,81,81,0.5925925925925926,0.3894230769230769,0.6388888888888888,0.5555555555555556,0.5925925925925926,0.3894230769230769,0.6388888888888888,0.5555555555555556,0.0,0.0,0.0,0.0
bull_to_bear,0.2,0.93,10.0,-0.05,0,81,81,0.5925925925925926,0.3894230769230769,0.6388888888888888,0.5555555555555556,0.5925925925925926,0.3894230769230769,0.6388888888888888,0.5555555555555556,0.0,0.0,0.0,0.0
bull_to_neutral,0.2,0.93,10.0,-0.1,0,81,81,0.5925925925925926,0.3894230769230769,0.6388888888888888,0.5555555555555556,0.5925925925925926,0.3894230769230769,0.6388888888888888,0.5555555555555556,0.0,0.0,0.0,0.0
bull_to_bear,0.2,0.93,10.0,-0.1,0,81,81,0.5925925925925926,0.3894230769230769,0.6388888888888888,0.5555555555555556,0.5925925925925926,0.3894230769230769,0.6388888888888888,0.5555555555555556,0.0,0.0,0.0,0.0
bull_to_neutral,0.2,0.93,15.0,,0,81,81,0.5925925925925926,0.3894230769230769,0.6388888888888888,0.5555555555555556,0.5925925925925926,0.3894230769230769,0.6388888888888888,0.5555555555555556,0.0,0.0,0.0,0.0
bull_to_bear,0.2,0.93,15.0,,0,81,81,0.5925925925925926,0.3894230769230769,0.6388888888888888,0.5555555555555556,0.5925925925925926,0.3894230769230769,0.6388888888888888,0.5555555555555556,0.0,0.0,0.0,0.0
bull_to_neutral,0.2,0.93,15.0,0.0,0,81,81,0.5925925925925926,0.3894230769230769,0.6388888888888888,0.5555555555555556,0.5925925925925926,0.3894230769230769,0.6388888888888888,0.5555555555555556,0.0,0.0,0.0,0.0
bull_to_bear,0.2,0.93,15.0,0.0,0,81,81,0.5925925925925926,0.3894230769230769,0.6388888888888888,0.5555555555555556,0.5925925925925926,0.3894230769230769,0.6388888888888888,0.5555555555555556,0.0,0.0,0.0,0.0
bull_to_neutral,0.2,0.93,15.0,-0.05,0,81,81,0.5925925925925926,0.3894230769230769,0.6388888888888888,0.5555555555555556,0.5925925925925926,0.3894230769230769,0.6388888888888888,0.5555555555555556,0.0,0.0,0.0,0.0
bull_to_bear,0.2,0.93,15.0,-0.05,0,81,81,0.5925925925925926,0.3894230769230769,0.6388888888888888,0.5555555555555556,0.5925925925925926,0.3894230769230769,0.6388888888888888,0.5555555555555556,0.0,0.0,0.0,0.0
bull_to_neutral,0.2,0.93,15.0,-0.1,0,81,81,0.5925925925925926,0.3894230769230769,0.6388888888888888,0.5555555555555556,0.5925925925925926,0.3894230769230769,0.6388888888888888,0.5555555555555556,0.0,0.0,0.0,0.0
bull_to_bear,0.2,0.93,15.0,-0.1,0,81,81,0.5925925925925926,0.3894230769230769,0.6388888888888888,0.5555555555555556,0.5925925925925926,0.3894230769230769,0.6388888888888888,0.5555555555555556,0.0,0.0,0.0,0.0
bull_to_neutral,0.2,0.9,,,0,81,81,0.5925925925925926,0.3894230769230769,0.6388888888888888,0.5555555555555556,0.5925925925925926,0.3894230769230769,0.6388888888888888,0.5555555555555556,0.0,0.0,0.0,0.0
bull_to_bear,0.2,0.9,,,0,81,81,0.5925925925925926,0.3894230769230769,0.6388888888888888,0.5555555555555556,0.5925925925925926,0.3894230769230769,0.6388888888888888,0.5555555555555556,0.0,0.0,0.0,0.0
bull_to_neutral,0.2,0.9,,0.0,0,81,81,0.5925925925925926,0.3894230769230769,0.6388888888888888,0.5555555555555556,0.5925925925925926,0.3894230769230769,0.6388888888888888,0.5555555555555556,0.0,0.0,0.0,0.0
bull_to_bear,0.2,0.9,,0.0,0,81,81,0.5925925925925926,0.3894230769230769,0.6388888888888888,0.5555555555555556,0.5925925925925926,0.3894230769230769,0.6388888888888888,0.5555555555555556,0.0,0.0,0.0,0.0
bull_to_neutral,0.2,0.9,,-0.05,0,81,81,0.5925925925925926,0.3894230769230769,0.6388888888888888,0.5555555555555556,0.5925925925925926,0.3894230769230769,0.6388888888888888,0.5555555555555556,0.0,0.0,0.0,0.0
bull_to_bear,0.2,0.9,,-0.05,0,81,81,0.5925925925925926,0.3894230769230769,0.6388888888888888,0.5555555555555556,0.5925925925925926,0.3894230769230769,0.6388888888888888,0.5555555555555556,0.0,0.0,0.0,0.0
bull_to_neutral,0.2,0.9,,-0.1,0,81,81,0.5925925925925926,0.3894230769230769,0.6388888888888888,0.5555555555555556,0.5925925925925926,0.3894230769230769,0.6388888888888888,0.5555555555555556,0.0,0.0,0.0,0.0
bull_to_bear,0.2,0.9,,-0.1,0,81,81,0.5925925925925926,0.3894230769230769,0.6388888888888888,0.5555555555555556,0.5925925925925926,0.3894230769230769,0.6388888888888888,0.5555555555555556,0.0,0.0,0.0,0.0
bull_to_neutral,0.2,0.9,0.0,,0,81,81,0.5925925925925926,0.3894230769230769,0.6388888888888888,0.5555555555555556,0.5925925925925926,0.3894230769230769,0.6388888888888888,0.5555555555555556,0.0,0.0,0.0,0.0
bull_to_bear,0.2,0.9,0.0,,0,81,81,0.5925925925925926,0.3894230769230769,0.6388888888888888,0.5555555555555556,0.5925925925925926,0.3894230769230769,0.6388888888888888,0.5555555555555556,0.0,0.0,0.0,0.0
bull_to_neutral,0.2,0.9,0.0,0.0,0,81,81,0.5925925925925926,0.3894230769230769,0.6388888888888888,0.5555555555555556,0.5925925925925926,0.3894230769230769,0.6388888888888888,0.5555555555555556,0.0,0.0,0.0,0.0
bull_to_bear,0.2,0.9,0.0,0.0,0,81,81,0.5925925925925926,0.3894230769230769,0.6388888888888888,0.5555555555555556,0.5925925925925926,0.3894230769230769,0.6388888888888888,0.5555555555555556,0.0,0.0,0.0,0.0
bull_to_neutral,0.2,0.9,0.0,-0.05,0,81,81,0.5925925925925926,0.3894230769230769,0.6388888888888888,0.5555555555555556,0.5925925925925926,0.3894230769230769,0.6388888888888888,0.5555555555555556,0.0,0.0,0.0,0.0
bull_to_bear,0.2,0.9,0.0,-0.05,0,81,81,0.5925925925925926,0.3894230769230769,0.6388888888888888,0.5555555555555556,0.5925925925925926,0.3894230769230769,0.6388888888888888,0.5555555555555556,0.0,0.0,0.0,0.0
bull_to_neutral,0.2,0.9,0.0,-0.1,0,81,81,0.5925925925925926,0.3894230769230769,0.6388888888888888,0.5555555555555556,0.5925925925925926,0.3894230769230769,0.6388888888888888,0.5555555555555556,0.0,0.0,0.0,0.0
bull_to_bear,0.2,0.9,0.0,-0.1,0,81,81,0.5925925925925926,0.3894230769230769,0.6388888888888888,0.5555555555555556,0.5925925925925926,0.3894230769230769,0.6388888888888888,0.5555555555555556,0.0,0.0,0.0,0.0
bull_to_neutral,0.2,0.9,5.0,,0,81,81,0.5925925925925926,0.3894230769230769,0.6388888888888888,0.5555555555555556,0.5925925925925926,0.3894230769230769,0.6388888888888888,0.5555555555555556,0.0,0.0,0.0,0.0
bull_to_bear,0.2,0.9,5.0,,0,81,81,0.5925925925925926,0.3894230769230769,0.6388888888888888,0.5555555555555556,0.5925925925925926,0.3894230769230769,0.6388888888888888,0.5555555555555556,0.0,0.0,0.0,0.0
bull_to_neutral,0.2,0.9,5.0,0.0,0,81,81,0.5925925925925926,0.3894230769230769,0.6388888888888888,0.5555555555555556,0.5925925925925926,0.3894230769230769,0.6388888888888888,0.5555555555555556,0.0,0.0,0.0,0.0
bull_to_bear,0.2,0.9,5.0,0.0,0,81,81,0.5925925925925926,0.3894230769230769,0.6388888888888888,0.5555555555555556,0.5925925925925926,0.3894230769230769,0.6388888888888888,0.5555555555555556,0.0,0.0,0.0,0.0
bull_to_neutral,0.2,0.9,5.0,-0.05,0,81,81,0.5925925925925926,0.3894230769230769,0.6388888888888888,0.5555555555555556,0.5925925925925926,0.3894230769230769,0.6388888888888888,0.5555555555555556,0.0,0.0,0.0,0.0
bull_to_bear,0.2,0.9,5.0,-0.05,0,81,81,0.5925925925925926,0.3894230769230769,0.6388888888888888,0.5555555555555556,0.5925925925925926,0.3894230769230769,0.6388888888888888,0.5555555555555556,0.0,0.0,0.0,0.0
bull_to_neutral,0.2,0.9,5.0,-0.1,0,81,81,0.5925925925925926,0.3894230769230769,0.6388888888888888,0.5555555555555556,0.5925925925925926,0.3894230769230769,0.6388888888888888,0.5555555555555556,0.0,0.0,0.0,0.0
bull_to_bear,0.2,0.9,5.0,-0.1,0,81,81,0.5925925925925926,0.3894230769230769,0.6388888888888888,0.5555555555555556,0.5925925925925926,0.3894230769230769,0.6388888888888888,0.5555555555555556,0.0,0.0,0.0,0.0
bull_to_neutral,0.2,0.9,10.0,,0,81,81,0.5925925925925926,0.3894230769230769,0.6388888888888888,0.5555555555555556,0.5925925925925926,0.3894230769230769,0.6388888888888888,0.5555555555555556,0.0,0.0,0.0,0.0
bull_to_bear,0.2,0.9,10.0,,0,81,81,0.5925925925925926,0.3894230769230769,0.6388888888888888,0.5555555555555556,0.5925925925925926,0.3894230769230769,0.6388888888888888,0.5555555555555556,0.0,0.0,0.0,0.0
bull_to_neutral,0.2,0.9,10.0,0.0,0,81,81,0.5925925925925926,0.3894230769230769,0.6388888888888888,0.5555555555555556,0.5925925925925926,0.3894230769230769,0.6388888888888888,0.5555555555555556,0.0,0.0,0.0,0.0
bull_to_bear,0.2,0.9,10.0,0.0,0,81,81,0.5925925925925926,0.3894230769230769,0.6388888888888888,0.5555555555555556,0.5925925925925926,0.3894230769230769,0.6388888888888888,0.5555555555555556,0.0,0.0,0.0,0.0
bull_to_neutral,0.2,0.9,10.0,-0.05,0,81,81,0.5925925925925926,0.3894230769230769,0.6388888888888888,0.5555555555555556,0.5925925925925926,0.3894230769230769,0.6388888888888888,0.5555555555555556,0.0,0.0,0.0,0.0
bull_to_bear,0.2,0.9,10.0,-0.05,0,81,81,0.5925925925925926,0.3894230769230769,0.6388888888888888,0.5555555555555556,0.5925925925925926,0.3894230769230769,0.6388888888888888,0.5555555555555556,0.0,0.0,0.0,0.0
bull_to_neutral,0.2,0.9,10.0,-0.1,0,81,81,0.5925925925925926,0.3894230769230769,0.6388888888888888,0.5555555555555556,0.5925925925925926,0.3894230769230769,0.6388888888888888,0.5555555555555556,0.0,0.0,0.0,0.0
bull_to_bear,0.2,0.9,10.0,-0.1,0,81,81,0.5925925925925926,0.3894230769230769,0.6388888888888888,0.5555555555555556,0.5925925925925926,0.3894230769230769,0.6388888888888888,0.5555555555555556,0.0,0.0,0.0,0.0
bull_to_neutral,0.2,0.9,15.0,,0,81,81,0.5925925925925926,0.3894230769230769,0.6388888888888888,0.5555555555555556,0.5925925925925926,0.3894230769230769,0.6388888888888888,0.5555555555555556,0.0,0.0,0.0,0.0
bull_to_bear,0.2,0.9,15.0,,0,81,81,0.5925925925925926,0.3894230769230769,0.6388888888888888,0.5555555555555556,0.5925925925925926,0.3894230769230769,0.6388888888888888,0.5555555555555556,0.0,0.0,0.0,0.0
bull_to_neutral,0.2,0.9,15.0,0.0,0,81,81,0.5925925925925926,0.3894230769230769,0.6388888888888888,0.5555555555555556,0.5925925925925926,0.3894230769230769,0.6388888888888888,0.5555555555555556,0.0,0.0,0.0,0.0
bull_to_bear,0.2,0.9,15.0,0.0,0,81,81,0.5925925925925926,0.3894230769230769,0.6388888888888888,0.5555555555555556,0.5925925925925926,0.3894230769230769,0.6388888888888888,0.5555555555555556,0.0,0.0,0.0,0.0
bull_to_neutral,0.2,0.9,15.0,-0.05,0,81,81,0.5925925925925926,0.3894230769230769,0.6388888888888888,0.5555555555555556,0.5925925925925926,0.3894230769230769,0.6388888888888888,0.5555555555555556,0.0,0.0,0.0,0.0
bull_to_bear,0.2,0.9,15.0,-0.05,0,81,81,0.5925925925925926,0.3894230769230769,0.6388888888888888,0.5555555555555556,0.5925925925925926,0.3894230769230769,0.6388888888888888,0.5555555555555556,0.0,0.0,0.0,0.0
bull_to_neutral,0.2,0.9,15.0,-0.1,0,81,81,0.5925925925925926,0.3894230769230769,0.6388888888888888,0.5555555555555556,0.5925925925925926,0.3894230769230769,0.6388888888888888,0.5555555555555556,0.0,0.0,0.0,0.0
bull_to_bear,0.2,0.9,15.0,-0.1,0,81,81,0.5925925925925926,0.3894230769230769,0.6388888888888888,0.5555555555555556,0.5925925925925926,0.3894230769230769,0.6388888888888888,0.5555555555555556,0.0,0.0,0.0,0.0
bull_to_neutral,0.22,1.0,,,6,75,81,0.5925925925925926,0.3894230769230769,0.6388888888888888,0.5555555555555556,0.5733333333333334,0.3605769230769231,0.6,0.5555555555555556,-0.019259259259259198,-0.028846153846153855,-0.03888888888888886,0.0
bull_to_bear,0.22,1.0,,,6,81,81,0.5925925925925926,0.3894230769230769,0.6388888888888888,0.5555555555555556,0.5432098765432098,0.3894230769230769,0.6,0.5098039215686274,-0.04938271604938271,0.0,-0.03888888888888886,-0.045751633986928164
bull_to_neutral,0.22,1.0,,0.0,4,77,81,0.5925925925925926,0.3894230769230769,0.6388888888888888,0.5555555555555556,0.5714285714285714,0.3701923076923077,0.59375,0.5555555555555556,-0.021164021164021163,-0.019230769230769218,-0.04513888888888884,0.0
bull_to_bear,0.22,1.0,,0.0,4,81,81,0.5925925925925926,0.3894230769230769,0.6388888888888888,0.5555555555555556,0.5432098765432098,0.3894230769230769,0.59375,0.5102040816326531,-0.04938271604938271,0.0,-0.04513888888888884,-0.04535147392290251
bull_to_neutral,0.22,1.0,,-0.05,4,77,81,0.5925925925925926,0.3894230769230769,0.6388888888888888,0.5555555555555556,0.5714285714285714,0.3701923076923077,0.59375,0.5555555555555556,-0.021164021164021163,-0.019230769230769218,-0.04513888888888884,0.0
bull_to_bear,0.22,1.0,,-0.05,4,81,81,0.5925925925925926,0.3894230769230769,0.6388888888888888,0.5555555555555556,0.5432098765432098,0.3894230769230769,0.59375,0.5102040816326531,-0.04938271604938271,0.0,-0.04513888888888884,-0.04535147392290251
bull_to_neutral,0.22,1.0,,-0.1,4,77,81,0.5925925925925926,0.3894230769230769,0.6388888888888888,0.5555555555555556,0.5714285714285714,0.3701923076923077,0.59375,0.5555555555555556,-0.021164021164021163,-0.019230769230769218,-0.04513888888888884,0.0
bull_to_bear,0.22,1.0,,-0.1,4,81,81,0.5925925925925926,0.3894230769230769,0.6388888888888888,0.5555555555555556,0.5432098765432098,0.3894230769230769,0.59375,0.5102040816326531,-0.04938271604938271,0.0,-0.04513888888888884,-0.04535147392290251
bull_to_neutral,0.22,1.0,0.0,,0,81,81,0.5925925925925926,0.3894230769230769,0.6388888888888888,0.5555555555555556,0.5925925925925926,0.3894230769230769,0.6388888888888888,0.5555555555555556,0.0,0.0,0.0,0.0
bull_to_bear,0.22,1.0,0.0,,0,81,81,0.5925925925925926,0.3894230769230769,0.6388888888888888,0.5555555555555556,0.5925925925925926,0.3894230769230769,0.6388888888888888,0.5555555555555556,0.0,0.0,0.0,0.0
bull_to_neutral,0.22,1.0,0.0,0.0,0,81,81,0.5925925925925926,0.3894230769230769,0.6388888888888888,0.5555555555555556,0.5925925925925926,0.3894230769230769,0.6388888888888888,0.5555555555555556,0.0,0.0,0.0,0.0
bull_to_bear,0.22,1.0,0.0,0.0,0,81,81,0.5925925925925926,0.3894230769230769,0.6388888888888888,0.5555555555555556,0.5925925925925926,0.3894230769230769,0.6388888888888888,0.5555555555555556,0.0,0.0,0.0,0.0
bull_to_neutral,0.22,1.0,0.0,-0.05,0,81,81,0.5925925925925926,0.3894230769230769,0.6388888888888888,0.5555555555555556,0.5925925925925926,0.3894230769230769,0.6388888888888888,0.5555555555555556,0.0,0.0,0.0,0.0
bull_to_bear,0.22,1.0,0.0,-0.05,0,81,81,0.5925925925925926,0.3894230769230769,0.6388888888888888,0.5555555555555556,0.5925925925925926,0.3894230769230769,0.6388888888888888,0.5555555555555556,0.0,0.0,0.0,0.0
bull_to_neutral,0.22,1.0,0.0,-0.1,0,81,81,0.5925925925925926,0.3894230769230769,0.6388888888888888,0.5555555555555556,0.5925925925925926,0.3894230769230769,0.6388888888888888,0.5555555555555556,0.0,0.0,0.0,0.0
bull_to_bear,0.22,1.0,0.0,-0.1,0,81,81,0.5925925925925926,0.3894230769230769,0.6388888888888888,0.5555555555555556,0.5925925925925926,0.3894230769230769,0.6388888888888888,0.5555555555555556,0.0,0.0,0.0,0.0
bull_to_neutral,0.22,1.0,5.0,,0,81,81,0.5925925925925926,0.3894230769230769,0.6388888888888888,0.5555555555555556,0.5925925925925926,0.3894230769230769,0.6388888888888888,0.5555555555555556,0.0,0.0,0.0,0.0
bull_to_bear,0.22,1.0,5.0,,0,81,81,0.5925925925925926,0.3894230769230769,0.6388888888888888,0.5555555555555556,0.5925925925925926,0.3894230769230769,0.6388888888888888,0.5555555555555556,0.0,0.0,0.0,0.0
bull_to_neutral,0.22,1.0,5.0,0.0,0,81,81,0.5925925925925926,0.3894230769230769,0.6388888888888888,0.5555555555555556,0.5925925925925926,0.3894230769230769,0.6388888888888888,0.5555555555555556,0.0,0.0,0.0,0.0
bull_to_bear,0.22,1.0,5.0,0.0,0,81,81,0.5925925925925926,0.3894230769230769,0.6388888888888888,0.5555555555555556,0.5925925925925926,0.3894230769230769,0.6388888888888888,0.5555555555555556,0.0,0.0,0.0,0.0
bull_to_neutral,0.22,1.0,5.0,-0.05,0,81,81,0.5925925925925926,0.3894230769230769,0.6388888888888888,0.5555555555555556,0.5925925925925926,0.3894230769230769,0.6388888888888888,0.5555555555555556,0.0,0.0,0.0,0.0
bull_to_bear,0.22,1.0,5.0,-0.05,0,81,81,0.5925925925925926,0.3894230769230769,0.6388888888888888,0.5555555555555556,0.5925925925925926,0.3894230769230769,0.6388888888888888,0.5555555555555556,0.0,0.0,0.0,0.0
bull_to_neutral,0.22,1.0,5.0,-0.1,0,81,81,0.5925925925925926,0.3894230769230769,0.6388888888888888,0.5555555555555556,0.5925925925925926,0.3894230769230769,0.6388888888888888,0.5555555555555556,0.0,0.0,0.0,0.0
bull_to_bear,0.22,1.0,5.0,-0.1,0,81,81,0.5925925925925926,0.3894230769230769,0.6388888888888888,0.5555555555555556,0.5925925925925926,0.3894230769230769,0.6388888888888888,0.5555555555555556,0.0,0.0,0.0,0.0
bull_to_neutral,0.22,1.0,10.0,,0,81,81,0.5925925925925926,0.3894230769230769,0.6388888888888888,0.5555555555555556,0.5925925925925926,0.3894230769230769,0.6388888888888888,0.5555555555555556,0.0,0.0,0.0,0.0
bull_to_bear,0.22,1.0,10.0,,0,81,81,0.5925925925925926,0.3894230769230769,0.6388888888888888,0.5555555555555556,0.5925925925925926,0.3894230769230769,0.6388888888888888,0.5555555555555556,0.0,0.0,0.0,0.0
bull_to_neutral,0.22,1.0,10.0,0.0,0,81,81,0.5925925925925926,0.3894230769230769,0.6388888888888888,0.5555555555555556,0.5925925925925926,0.3894230769230769,0.6388888888888888,0.5555555555555556,0.0,0.0,0.0,0.0
bull_to_bear,0.22,1.0,10.0,0.0,0,81,81,0.5925925925925926,0.3894230769230769,0.6388888888888888,0.5555555555555556,0.5925925925925926,0.3894230769230769,0.6388888888888888,0.5555555555555556,0.0,0.0,0.0,0.0
bull_to_neutral,0.22,1.0,10.0,-0.05,0,81,81,0.5925925925925926,0.3894230769230769,0.6388888888888888,0.5555555555555556,0.5925925925925926,0.3894230769230769,0.6388888888888888,0.5555555555555556,0.0,0.0,0.0,0.0
bull_to_bear,0.22,1.0,10.0,-0.05,0,81,81,0.5925925925925926,0.3894230769230769,0.6388888888888888,0.5555555555555556,0.5925925925925926,0.3894230769230769,0.6388888888888888,0.5555555555555556,0.0,0.0,0.0,0.0
bull_to_neutral,0.22,1.0,10.0,-0.1,0,81,81,0.5925925925925926,0.3894230769230769,0.6388888888888888,0.5555555555555556,0.5925925925925926,0.3894230769230769,0.6388888888888888,0.5555555555555556,0.0,0.0,0.0,0.0
bull_to_bear,0.22,1.0,10.0,-0.1,0,81,81,0.5925925925925926,0.3894230769230769,0.6388888888888888,0.5555555555555556,0.5925925925925926,0.3894230769230769,0.6388888888888888,0.5555555555555556,0.0,0.0,0.0,0.0
bull_to_neutral,0.22,1.0,15.0,,0,81,81,0.5925925925925926,0.3894230769230769,0.6388888888888888,0.5555555555555556,0.5925925925925926,0.3894230769230769,0.6388888888888888,0.5555555555555556,0.0,0.0,0.0,0.0
bull_to_bear,0.22,1.0,15.0,,0,81,81,0.5925925925925926,0.3894230769230769,0.6388888888888888,0.5555555555555556,0.5925925925925926,0.3894230769230769,0.6388888888888888,0.5555555555555556,0.0,0.0,0.0,0.0
bull_to_neutral,0.22,1.0,15.0,0.0,0,81,81,0.5925925925925926,0.3894230769230769,0.6388888888888888,0.5555555555555556,0.5925925925925926,0.3894230769230769,0.6388888888888888,0.5555555555555556,0.0,0.0,0.0,0.0
bull_to_bear,0.22,1.0,15.0,0.0,0,81,81,0.5925925925925926,0.3894230769230769,0.6388888888888888,0.5555555555555556,0.5925925925925926,0.3894230769230769,0.6388888888888888,0.5555555555555556,0.0,0.0,0.0,0.0
bull_to_neutral,0.22,1.0,15.0,-0.05,0,81,81,0.5925925925925926,0.3894230769230769,0.6388888888888888,0.5555555555555556,0.5925925925925926,0.3894230769230769,0.6388888888888888,0.5555555555555556,0.0,0.0,0.0,0.0
bull_to_bear,0.22,1.0,15.0,-0.05,0,81,81,0.5925925925925926,0.3894230769230769,0.6388888888888888,0.5555555555555556,0.5925925925925926,0.3894230769230769,0.6388888888888888,0.5555555555555556,0.0,0.0,0.0,0.0
bull_to_neutral,0.22,1.0,15.0,-0.1,0,81,81,0.5925925925925926,0.3894230769230769,0.6388888888888888,0.5555555555555556,0.5925925925925926,0.3894230769230769,0.6388888888888888,0.5555555555555556,0.0,0.0,0.0,0.0
bull_to_bear,0.22,1.0,15.0,-0.1,0,81,81,0.5925925925925926,0.3894230769230769,0.6388888888888888,0.5555555555555556,0.5925925925925926,0.3894230769230769,0.6388888888888888,0.5555555555555556,0.0,0.0,0.0,0.0
bull_to_neutral,0.22,0.99,,,0,81,81,0.5925925925925926,0.3894230769230769,0.6388888888888888,0.5555555555555556,0.5925925925925926,0.3894230769230769,0.6388888888888888,0.5555555555555556,0.0,0.0,0.0,0.0
bull_to_bear,0.22,0.99,,,0,81,81,0.5925925925925926,0.3894230769230769,0.6388888888888888,0.5555555555555556,0.5925925925925926,0.3894230769230769,0.6388888888888888,0.5555555555555556,0.0,0.0,0.0,0.0
bull_to_neutral,0.22,0.99,,0.0,0,81,81,0.5925925925925926,0.3894230769230769,0.6388888888888888,0.5555555555555556,0.5925925925925926,0.3894230769230769,0.6388888888888888,0.5555555555555556,0.0,0.0,0.0,0.0
bull_to_bear,0.22,0.99,,0.0,0,81,81,0.5925925925925926,0.3894230769230769,0.6388888888888888,0.5555555555555556,0.5925925925925926,0.3894230769230769,0.6388888888888888,0.5555555555555556,0.0,0.0,0.0,0.0
bull_to_neutral,0.22,0.99,,-0.05,0,81,81,0.5925925925925926,0.3894230769230769,0.6388888888888888,0.5555555555555556,0.5925925925925926,0.3894230769230769,0.6388888888888888,0.5555555555555556,0.0,0.0,0.0,0.0
bull_to_bear,0.22,0.99,,-0.05,0,81,81,0.5925925925925926,0.3894230769230769,0.6388888888888888,0.5555555555555556,0.5925925925925926,0.3894230769230769,0.6388888888888888,0.5555555555555556,0.0,0.0,0.0,0.0
bull_to_neutral,0.22,0.99,,-0.1,0,81,81,0.5925925925925926,0.3894230769230769,0.6388888888888888,0.5555555555555556,0.5925925925925926,0.3894230769230769,0.6388888888888888,0.5555555555555556,0.0,0.0,0.0,0.0
bull_to_bear,0.22,0.99,,-0.1,0,81,81,0.5925925925925926,0.3894230769230769,0.6388888888888888,0.5555555555555556,0.5925925925925926,0.3894230769230769,0.6388888888888888,0.5555555555555556,0.0,0.0,0.0,0.0
bull_to_neutral,0.22,0.99,0.0,,0,81,81,0.5925925925925926,0.3894230769230769,0.6388888888888888,0.5555555555555556,0.5925925925925926,0.3894230769230769,0.6388888888888888,0.5555555555555556,0.0,0.0,0.0,0.0
bull_to_bear,0.22,0.99,0.0,,0,81,81,0.5925925925925926,0.3894230769230769,0.6388888888888888,0.5555555555555556,0.5925925925925926,0.3894230769230769,0.6388888888888888,0.5555555555555556,0.0,0.0,0.0,0.0
bull_to_neutral,0.22,0.99,0.0,0.0,0,81,81,0.5925925925925926,0.3894230769230769,0.6388888888888888,0.5555555555555556,0.5925925925925926,0.3894230769230769,0.6388888888888888,0.5555555555555556,0.0,0.0,0.0,0.0
bull_to_bear,0.22,0.99,0.0,0.0,0,81,81,0.5925925925925926,0.3894230769230769,0.6388888888888888,0.5555555555555556,0.5925925925925926,0.3894230769230769,0.6388888888888888,0.5555555555555556,0.0,0.0,0.0,0.0
bull_to_neutral,0.22,0.99,0.0,-0.05,0,81,81,0.5925925925925926,0.3894230769230769,0.6388888888888888,0.5555555555555556,0.5925925925925926,0.3894230769230769,0.6388888888888888,0.5555555555555556,0.0,0.0,0.0,0.0
bull_to_bear,0.22,0.99,0.0,-0.05,0,81,81,0.5925925925925926,0.3894230769230769,0.6388888888888888,0.5555555555555556,0.5925925925925926,0.3894230769230769,0.6388888888888888,0.5555555555555556,0.0,0.0,0.0,0.0
bull_to_neutral,0.22,0.99,0.0,-0.1,0,81,81,0.5925925925925926,0.3894230769230769,0.6388888888888888,0.5555555555555556,0.5925925925925926,0.3894230769230769,0.6388888888888888,0.5555555555555556,0.0,0.0,0.0,0.0
bull_to_bear,0.22,0.99,0.0,-0.1,0,81,81,0.5925925925925926,0.3894230769230769,0.6388888888888888,0.5555555555555556,0.5925925925925926,0.3894230769230769,0.6388888888888888,0.5555555555555556,0.0,0.0,0.0,0.0
bull_to_neutral,0.22,0.99,5.0,,0,81,81,0.5925925925925926,0.3894230769230769,0.6388888888888888,0.5555555555555556,0.5925925925925926,0.3894230769230769,0.6388888888888888,0.5555555555555556,0.0,0.0,0.0,0.0
bull_to_bear,0.22,0.99,5.0,,0,81,81,0.5925925925925926,0.3894230769230769,0.6388888888888888,0.5555555555555556,0.5925925925925926,0.3894230769230769,0.6388888888888888,0.5555555555555556,0.0,0.0,0.0,0.0
bull_to_neutral,0.22,0.99,5.0,0.0,0,81,81,0.5925925925925926,0.3894230769230769,0.6388888888888888,0.5555555555555556,0.5925925925925926,0.3894230769230769,0.6388888888888888,0.5555555555555556,0.0,0.0,0.0,0.0
bull_to_bear,0.22,0.99,5.0,0.0,0,81,81,0.5925925925925926,0.3894230769230769,0.6388888888888888,0.5555555555555556,0.5925925925925926,0.3894230769230769,0.6388888888888888,0.5555555555555556,0.0,0.0,0.0,0.0
bull_to_neutral,0.22,0.99,5.0,-0.05,0,81,81,0.5925925925925926,0.3894230769230769,0.6388888888888888,0.5555555555555556,0.5925925925925926,0.3894230769230769,0.6388888888888888,0.5555555555555556,0.0,0.0,0.0,0.0
bull_to_bear,0.22,0.99,5.0,-0.05,0,81,81,0.5925925925925926,0.3894230769230769,0.6388888888888888,0.5555555555555556,0.5925925925925926,0.3894230769230769,0.6388888888888888,0.5555555555555556,0.0,0.0,0.0,0.0
bull_to_neutral,0.22,0.99,5.0,-0.1,0,81,81,0.5925925925925926,0.3894230769230769,0.6388888888888888,0.5555555555555556,0.5925925925925926,0.3894230769230769,0.6388888888888888,0.5555555555555556,0.0,0.0,0.0,0.0
bull_to_bear,0.22,0.99,5.0,-0.1,0,81,81,0.5925925925925926,0.3894230769230769,0.6388888888888888,0.5555555555555556,0.5925925925925926,0.3894230769230769,0.6388888888888888,0.5555555555555556,0.0,0.0,0.0,0.0
bull_to_neutral,0.22,0.99,10.0,,0,81,81,0.5925925925925926,0.3894230769230769,0.6388888888888888,0.5555555555555556,0.5925925925925926,0.3894230769230769,0.6388888888888888,0.5555555555555556,0.0,0.0,0.0,0.0
bull_to_bear,0.22,0.99,10.0,,0,81,81,0.5925925925925926,0.3894230769230769,0.6388888888888888,0.5555555555555556,0.5925925925925926,0.3894230769230769,0.6388888888888888,0.5555555555555556,0.0,0.0,0.0,0.0
bull_to_neutral,0.22,0.99,10.0,0.0,0,81,81,0.5925925925925926,0.3894230769230769,0.6388888888888888,0.5555555555555556,0.5925925925925926,0.3894230769230769,0.6388888888888888,0.5555555555555556,0.0,0.0,0.0,0.0
bull_to_bear,0.22,0.99,10.0,0.0,0,81,81,0.5925925925925926,0.3894230769230769,0.6388888888888888,0.5555555555555556,0.5925925925925926,0.3894230769230769,0.6388888888888888,0.5555555555555556,0.0,0.0,0.0,0.0
bull_to_neutral,0.22,0.99,10.0,-0.05,0,81,81,0.5925925925925926,0.3894230769230769,0.6388888888888888,0.5555555555555556,0.5925925925925926,0.3894230769230769,0.6388888888888888,0.5555555555555556,0.0,0.0,0.0,0.0
bull_to_bear,0.22,0.99,10.0,-0.05,0,81,81,0.5925925925925926,0.3894230769230769,0.6388888888888888,0.5555555555555556,0.5925925925925926,0.3894230769230769,0.6388888888888888,0.5555555555555556,0.0,0.0,0.0,0.0
bull_to_neutral,0.22,0.99,10.0,-0.1,0,81,81,0.5925925925925926,0.3894230769230769,0.6388888888888888,0.5555555555555556,0.5925925925925926,0.3894230769230769,0.6388888888888888,0.5555555555555556,0.0,0.0,0.0,0.0
bull_to_bear,0.22,0.99,10.0,-0.1,0,81,81,0.5925925925925926,0.3894230769230769,0.6388888888888888,0.5555555555555556,0.5925925925925926,0.3894230769230769,0.6388888888888888,0.5555555555555556,0.0,0.0,0.0,0.0
bull_to_neutral,0.22,0.99,15.0,,0,81,81,0.5925925925925926,0.3894230769230769,0.6388888888888888,0.5555555555555556,0.5925925925925926,0.3894230769230769,0.6388888888888888,0.5555555555555556,0.0,0.0,0.0,0.0
bull_to_bear,0.22,0.99,15.0,,0,81,81,0.5925925925925926,0.3894230769230769,0.6388888888888888,0.5555555555555556,0.5925925925925926,0.3894230769230769,0.6388888888888888,0.5555555555555556,0.0,0.0,0.0,0.0
bull_to_neutral,0.22,0.99,15.0,0.0,0,81,81,0.5925925925925926,0.3894230769230769,0.6388888888888888,0.5555555555555556,0.5925925925925926,0.3894230769230769,0.6388888888888888,0.5555555555555556,0.0,0.0,0.0,0.0
bull_to_bear,0.22,0.99,15.0,0.0,0,81,81,0.5925925925925926,0.3894230769230769,0.6388888888888888,0.5555555555555556,0.5925925925925926,0.3894230769230769,0.6388888888888888,0.5555555555555556,0.0,0.0,0.0,0.0
bull_to_neutral,0.22,0.99,15.0,-0.05,0,81,81,0.5925925925925926,0.3894230769230769,0.6388888888888888,0.5555555555555556,0.5925925925925926,0.3894230769230769,0.6388888888888888,0.5555555555555556,0.0,0.0,0.0,0.0
bull_to_bear,0.22,0.99,15.0,-0.05,0,81,81,0.5925925925925926,0.3894230769230769,0.6388888888888888,0.5555555555555556,0.5925925925925926,0.3894230769230769,0.6388888888888888,0.5555555555555556,0.0,0.0,0.0,0.0
bull_to_neutral,0.22,0.99,15.0,-0.1,0,81,81,0.5925925925925926,0.3894230769230769,0.6388888888888888,0.5555555555555556,0.5925925925925926,0.3894230769230769,0.6388888888888888,0.5555555555555556,0.0,0.0,0.0,0.0
bull_to_bear,0.22,0.99,15.0,-0.1,0,81,81,0.5925925925925926,0.3894230769230769,0.6388888888888888,0.5555555555555556,0.5925925925925926,0.3894230769230769,0.6388888888888888,0.5555555555555556,0.0,0.0,0.0,0.0
bull_to_neutral,0.22,0.98,,,0,81,81,0.5925925925925926,0.3894230769230769,0.6388888888888888,0.5555555555555556,0.5925925925925926,0.3894230769230769,0.6388888888888888,0.5555555555555556,0.0,0.0,0.0,0.0
bull_to_bear,0.22,0.98,,,0,81,81,0.5925925925925926,0.3894230769230769,0.6388888888888888,0.5555555555555556,0.5925925925925926,0.3894230769230769,0.6388888888888888,0.5555555555555556,0.0,0.0,0.0,0.0
bull_to_neutral,0.22,0.98,,0.0,0,81,81,0.5925925925925926,0.3894230769230769,0.6388888888888888,0.5555555555555556,0.5925925925925926,0.3894230769230769,0.6388888888888888,0.5555555555555556,0.0,0.0,0.0,0.0
bull_to_bear,0.22,0.98,,0.0,0,81,81,0.5925925925925926,0.3894230769230769,0.6388888888888888,0.5555555555555556,0.5925925925925926,0.3894230769230769,0.6388888888888888,0.5555555555555556,0.0,0.0,0.0,0.0
bull_to_neutral,0.22,0.98,,-0.05,0,81,81,0.5925925925925926,0.3894230769230769,0.6388888888888888,0.5555555555555556,0.5925925925925926,0.3894230769230769,0.6388888888888888,0.5555555555555556,0.0,0.0,0.0,0.0
bull_to_bear,0.22,0.98,,-0.05,0,81,81,0.5925925925925926,0.3894230769230769,0.6388888888888888,0.5555555555555556,0.5925925925925926,0.3894230769230769,0.6388888888888888,0.5555555555555556,0.0,0.0,0.0,0.0
bull_to_neutral,0.22,0.98,,-0.1,0,81,81,0.5925925925925926,0.3894230769230769,0.6388888888888888,0.5555555555555556,0.5925925925925926,0.3894230769230769,0.6388888888888888,0.5555555555555556,0.0,0.0,0.0,0.0
bull_to_bear,0.22,0.98,,-0.1,0,81,81,0.5925925925925926,0.3894230769230769,0.6388888888888888,0.5555555555555556,0.5925925925925926,0.3894230769230769,0.6388888888888888,0.5555555555555556,0.0,0.0,0.0,0.0
bull_to_neutral,0.22,0.98,0.0,,0,81,81,0.5925925925925926,0.3894230769230769,0.6388888888888888,0.5555555555555556,0.5925925925925926,0.3894230769230769,0.6388888888888888,0.5555555555555556,0.0,0.0,0.0,0.0
bull_to_bear,0.22,0.98,0.0,,0,81,81,0.5925925925925926,0.3894230769230769,0.6388888888888888,0.5555555555555556,0.5925925925925926,0.3894230769230769,0.6388888888888888,0.5555555555555556,0.0,0.0,0.0,0.0
bull_to_neutral,0.22,0.98,0.0,0.0,0,81,81,0.5925925925925926,0.3894230769230769,0.6388888888888888,0.5555555555555556,0.5925925925925926,0.3894230769230769,0.6388888888888888,0.5555555555555556,0.0,0.0,0.0,0.0
bull_to_bear,0.22,0.98,0.0,0.0,0,81,81,0.5925925925925926,0.3894230769230769,0.6388888888888888,0.5555555555555556,0.5925925925925926,0.3894230769230769,0.6388888888888888,0.5555555555555556,0.0,0.0,0.0,0.0
bull_to_neutral,0.22,0.98,0.0,-0.05,0,81,81,0.5925925925925926,0.3894230769230769,0.6388888888888888,0.5555555555555556,0.5925925925925926,0.3894230769230769,0.6388888888888888,0.5555555555555556,0.0,0.0,0.0,0.0
bull_to_bear,0.22,0.98,0.0,-0.05,0,81,81,0.5925925925925926,0.3894230769230769,0.6388888888888888,0.5555555555555556,0.5925925925925926,0.3894230769230769,0.6388888888888888,0.5555555555555556,0.0,0.0,0.0,0.0
bull_to_neutral,0.22,0.98,0.0,-0.1,0,81,81,0.5925925925925926,0.3894230769230769,0.6388888888888888,0.5555555555555556,0.5925925925925926,0.3894230769230769,0.6388888888888888,0.5555555555555556,0.0,0.0,0.0,0.0
bull_to_bear,0.22,0.98,0.0,-0.1,0,81,81,0.5925925925925926,0.3894230769230769,0.6388888888888888,0.5555555555555556,0.5925925925925926,0.3894230769230769,0.6388888888888888,0.5555555555555556,0.0,0.0,0.0,0.0
bull_to_neutral,0.22,0.98,5.0,,0,81,81,0.5925925925925926,0.3894230769230769,0.6388888888888888,0.5555555555555556,0.5925925925925926,0.3894230769230769,0.6388888888888888,0.5555555555555556,0.0,0.0,0.0,0.0
bull_to_bear,0.22,0.98,5.0,,0,81,81,0.5925925925925926,0.3894230769230769,0.6388888888888888,0.5555555555555556,0.5925925925925926,0.3894230769230769,0.6388888888888888,0.5555555555555556,0.0,0.0,0.0,0.0
bull_to_neutral,0.22,0.98,5.0,0.0,0,81,81,0.5925925925925926,0.3894230769230769,0.6388888888888888,0.5555555555555556,0.5925925925925926,0.3894230769230769,0.6388888888888888,0.5555555555555556,0.0,0.0,0.0,0.0
bull_to_bear,0.22,0.98,5.0,0.0,0,81,81,0.5925925925925926,0.3894230769230769,0.6388888888888888,0.5555555555555556,0.5925925925925926,0.3894230769230769,0.6388888888888888,0.5555555555555556,0.0,0.0,0.0,0.0
bull_to_neutral,0.22,0.98,5.0,-0.05,0,81,81,0.5925925925925926,0.3894230769230769,0.6388888888888888,0.5555555555555556,0.5925925925925926,0.3894230769230769,0.6388888888888888,0.5555555555555556,0.0,0.0,0.0,0.0
bull_to_bear,0.22,0.98,5.0,-0.05,0,81,81,0.5925925925925926,0.3894230769230769,0.6388888888888888,0.5555555555555556,0.5925925925925926,0.3894230769230769,0.6388888888888888,0.5555555555555556,0.0,0.0,0.0,0.0
bull_to_neutral,0.22,0.98,5.0,-0.1,0,81,81,0.5925925925925926,0.3894230769230769,0.6388888888888888,0.5555555555555556,0.5925925925925926,0.3894230769230769,0.6388888888888888,0.5555555555555556,0.0,0.0,0.0,0.0
bull_to_bear,0.22,0.98,5.0,-0.1,0,81,81,0.5925925925925926,0.3894230769230769,0.6388888888888888,0.5555555555555556,0.5925925925925926,0.3894230769230769,0.6388888888888888,0.5555555555555556,0.0,0.0,0.0,0.0
bull_to_neutral,0.22,0.98,10.0,,0,81,81,0.5925925925925926,0.3894230769230769,0.6388888888888888,0.5555555555555556,0.5925925925925926,0.3894230769230769,0.6388888888888888,0.5555555555555556,0.0,0.0,0.0,0.0
bull_to_bear,0.22,0.98,10.0,,0,81,81,0.5925925925925926,0.3894230769230769,0.6388888888888888,0.5555555555555556,0.5925925925925926,0.3894230769230769,0.6388888888888888,0.5555555555555556,0.0,0.0,0.0,0.0
bull_to_neutral,0.22,0.98,10.0,0.0,0,81,81,0.5925925925925926,0.3894230769230769,0.6388888888888888,0.5555555555555556,0.5925925925925926,0.3894230769230769,0.6388888888888888,0.5555555555555556,0.0,0.0,0.0,0.0
bull_to_bear,0.22,0.98,10.0,0.0,0,81,81,0.5925925925925926,0.3894230769230769,0.6388888888888888,0.5555555555555556,0.5925925925925926,0.3894230769230769,0.6388888888888888,0.5555555555555556,0.0,0.0,0.0,0.0
bull_to_neutral,0.22,0.98,10.0,-0.05,0,81,81,0.5925925925925926,0.3894230769230769,0.6388888888888888,0.5555555555555556,0.5925925925925926,0.3894230769230769,0.6388888888888888,0.5555555555555556,0.0,0.0,0.0,0.0
bull_to_bear,0.22,0.98,10.0,-0.05,0,81,81,0.5925925925925926,0.3894230769230769,0.6388888888888888,0.5555555555555556,0.5925925925925926,0.3894230769230769,0.6388888888888888,0.5555555555555556,0.0,0.0,0.0,0.0
bull_to_neutral,0.22,0.98,10.0,-0.1,0,81,81,0.5925925925925926,0.3894230769230769,0.6388888888888888,0.5555555555555556,0.5925925925925926,0.3894230769230769,0.6388888888888888,0.5555555555555556,0.0,0.0,0.0,0.0
bull_to_bear,0.22,0.98,10.0,-0.1,0,81,81,0.5925925925925926,0.3894230769230769,0.6388888888888888,0.5555555555555556,0.5925925925925926,0.3894230769230769,0.6388888888888888,0.5555555555555556,0.0,0.0,0.0,0.0
bull_to_neutral,0.22,0.98,15.0,,0,81,81,0.5925925925925926,0.3894230769230769,0.6388888888888888,0.5555555555555556,0.5925925925925926,0.3894230769230769,0.6388888888888888,0.5555555555555556,0.0,0.0,0.0,0.0
bull_to_bear,0.22,0.98,15.0,,0,81,81,0.5925925925925926,0.3894230769230769,0.6388888888888888,0.5555555555555556,0.5925925925925926,0.3894230769230769,0.6388888888888888,0.5555555555555556,0.0,0.0,0.0,0.0
bull_to_neutral,0.22,0.98,15.0,0.0,0,81,81,0.5925925925925926,0.3894230769230769,0.6388888888888888,0.5555555555555556,0.5925925925925926,0.3894230769230769,0.6388888888888888,0.5555555555555556,0.0,0.0,0.0,0.0
bull_to_bear,0.22,0.98,15.0,0.0,0,81,81,0.5925925925925926,0.3894230769230769,0.6388888888888888,0.5555555555555556,0.5925925925925926,0.3894230769230769,0.6388888888888888,0.5555555555555556,0.0,0.0,0.0,0.0
bull_to_neutral,0.22,0.98,15.0,-0.05,0,81,81,0.5925925925925926,0.3894230769230769,0.6388888888888888,0.5555555555555556,0.5925925925925926,0.3894230769230769,0.6388888888888888,0.5555555555555556,0.0,0.0,0.0,0.0
bull_to_bear,0.22,0.98,15.0,-0.05,0,81,81,0.5925925925925926,0.3894230769230769,0.6388888888888888,0.5555555555555556,0.5925925925925926,0.3894230769230769,0.6388888888888888,0.5555555555555556,0.0,0.0,0.0,0.0
bull_to_neutral,0.22,0.98,15.0,-0.1,0,81,81,0.5925925925925926,0.3894230769230769,0.6388888888888888,0.5555555555555556,0.5925925925925926,0.3894230769230769,0.6388888888888888,0.5555555555555556,0.0,0.0,0.0,0.0
bull_to_bear,0.22,0.98,15.0,-0.1,0,81,81,0.5925925925925926,0.3894230769230769,0.6388888888888888,0.5555555555555556,0.5925925925925926,0.3894230769230769,0.6388888888888888,0.5555555555555556,0.0,0.0,0.0,0.0
bull_to_neutral,0.22,0.97,,,0,81,81,0.5925925925925926,0.3894230769230769,0.6388888888888888,0.5555555555555556,0.5925925925925926,0.3894230769230769,0.6388888888888888,0.5555555555555556,0.0,0.0,0.0,0.0
bull_to_bear,0.22,0.97,,,0,81,81,0.5925925925925926,0.3894230769230769,0.6388888888888888,0.5555555555555556,0.5925925925925926,0.3894230769230769,0.6388888888888888,0.5555555555555556,0.0,0.0,0.0,0.0
bull_to_neutral,0.22,0.97,,0.0,0,81,81,0.5925925925925926,0.3894230769230769,0.6388888888888888,0.5555555555555556,0.5925925925925926,0.3894230769230769,0.6388888888888888,0.5555555555555556,0.0,0.0,0.0,0.0
bull_to_bear,0.22,0.97,,0.0,0,81,81,0.5925925925925926,0.3894230769230769,0.6388888888888888,0.5555555555555556,0.5925925925925926,0.3894230769230769,0.6388888888888888,0.5555555555555556,0.0,0.0,0.0,0.0
bull_to_neutral,0.22,0.97,,-0.05,0,81,81,0.5925925925925926,0.3894230769230769,0.6388888888888888,0.5555555555555556,0.5925925925925926,0.3894230769230769,0.6388888888888888,0.5555555555555556,0.0,0.0,0.0,0.0
bull_to_bear,0.22,0.97,,-0.05,0,81,81,0.5925925925925926,0.3894230769230769,0.6388888888888888,0.5555555555555556,0.5925925925925926,0.3894230769230769,0.6388888888888888,0.5555555555555556,0.0,0.0,0.0,0.0
bull_to_neutral,0.22,0.97,,-0.1,0,81,81,0.5925925925925926,0.3894230769230769,0.6388888888888888,0.5555555555555556,0.5925925925925926,0.3894230769230769,0.6388888888888888,0.5555555555555556,0.0,0.0,0.0,0.0
bull_to_bear,0.22,0.97,,-0.1,0,81,81,0.5925925925925926,0.3894230769230769,0.6388888888888888,0.5555555555555556,0.5925925925925926,0.3894230769230769,0.6388888888888888,0.5555555555555556,0.0,0.0,0.0,0.0
bull_to_neutral,0.22,0.97,0.0,,0,81,81,0.5925925925925926,0.3894230769230769,0.6388888888888888,0.5555555555555556,0.5925925925925926,0.3894230769230769,0.6388888888888888,0.5555555555555556,0.0,0.0,0.0,0.0
bull_to_bear,0.22,0.97,0.0,,0,81,81,0.5925925925925926,0.3894230769230769,0.6388888888888888,0.5555555555555556,0.5925925925925926,0.3894230769230769,0.6388888888888888,0.5555555555555556,0.0,0.0,0.0,0.0
bull_to_neutral,0.22,0.97,0.0,0.0,0,81,81,0.5925925925925926,0.3894230769230769,0.6388888888888888,0.5555555555555556,0.5925925925925926,0.3894230769230769,0.6388888888888888,0.5555555555555556,0.0,0.0,0.0,0.0
bull_to_bear,0.22,0.97,0.0,0.0,0,81,81,0.5925925925925926,0.3894230769230769,0.6388888888888888,0.5555555555555556,0.5925925925925926,0.3894230769230769,0.6388888888888888,0.5555555555555556,0.0,0.0,0.0,0.0
bull_to_neutral,0.22,0.97,0.0,-0.05,0,81,81,0.5925925925925926,0.3894230769230769,0.6388888888888888,0.5555555555555556,0.5925925925925926,0.3894230769230769,0.6388888888888888,0.5555555555555556,0.0,0.0,0.0,0.0
bull_to_bear,0.22,0.97,0.0,-0.05,0,81,81,0.5925925925925926,0.3894230769230769,0.6388888888888888,0.5555555555555556,0.5925925925925926,0.3894230769230769,0.6388888888888888,0.5555555555555556,0.0,0.0,0.0,0.0
bull_to_neutral,0.22,0.97,0.0,-0.1,0,81,81,0.5925925925925926,0.3894230769230769,0.6388888888888888,0.5555555555555556,0.5925925925925926,0.3894230769230769,0.6388888888888888,0.5555555555555556,0.0,0.0,0.0,0.0
bull_to_bear,0.22,0.97,0.0,-0.1,0,81,81,0.5925925925925926,0.3894230769230769,0.6388888888888888,0.5555555555555556,0.5925925925925926,0.3894230769230769,0.6388888888888888,0.5555555555555556,0.0,0.0,0.0,0.0
bull_to_neutral,0.22,0.97,5.0,,0,81,81,0.5925925925925926,0.3894230769230769,0.6388888888888888,0.5555555555555556,0.5925925925925926,0.3894230769230769,0.6388888888888888,0.5555555555555556,0.0,0.0,0.0,0.0
bull_to_bear,0.22,0.97,5.0,,0,81,81,0.5925925925925926,0.3894230769230769,0.6388888888888888,0.5555555555555556,0.5925925925925926,0.3894230769230769,0.6388888888888888,0.5555555555555556,0.0,0.0,0.0,0.0
bull_to_neutral,0.22,0.97,5.0,0.0,0,81,81,0.5925925925925926,0.3894230769230769,0.6388888888888888,0.5555555555555556,0.5925925925925926,0.3894230769230769,0.6388888888888888,0.5555555555555556,0.0,0.0,0.0,0.0
bull_to_bear,0.22,0.97,5.0,0.0,0,81,81,0.5925925925925926,0.3894230769230769,0.6388888888888888,0.5555555555555556,0.5925925925925926,0.3894230769230769,0.6388888888888888,0.5555555555555556,0.0,0.0,0.0,0.0
bull_to_neutral,0.22,0.97,5.0,-0.05,0,81,81,0.5925925925925926,0.3894230769230769,0.6388888888888888,0.5555555555555556,0.5925925925925926,0.3894230769230769,0.6388888888888888,0.5555555555555556,0.0,0.0,0.0,0.0
bull_to_bear,0.22,0.97,5.0,-0.05,0,81,81,0.5925925925925926,0.3894230769230769,0.6388888888888888,0.5555555555555556,0.5925925925925926,0.3894230769230769,0.6388888888888888,0.5555555555555556,0.0,0.0,0.0,0.0
bull_to_neutral,0.22,0.97,5.0,-0.1,0,81,81,0.5925925925925926,0.3894230769230769,0.6388888888888888,0.5555555555555556,0.5925925925925926,0.3894230769230769,0.6388888888888888,0.5555555555555556,0.0,0.0,0.0,0.0
bull_to_bear,0.22,0.97,5.0,-0.1,0,81,81,0.5925925925925926,0.3894230769230769,0.6388888888888888,0.5555555555555556,0.5925925925925926,0.3894230769230769,0.6388888888888888,0.5555555555555556,0.0,0.0,0.0,0.0
bull_to_neutral,0.22,0.97,10.0,,0,81,81,0.5925925925925926,0.3894230769230769,0.6388888888888888,0.5555555555555556,0.5925925925925926,0.3894230769230769,0.6388888888888888,0.5555555555555556,0.0,0.0,0.0,0.0
bull_to_bear,0.22,0.97,10.0,,0,81,81,0.5925925925925926,0.3894230769230769,0.6388888888888888,0.5555555555555556,0.5925925925925926,0.3894230769230769,0.6388888888888888,0.5555555555555556,0.0,0.0,0.0,0.0
bull_to_neutral,0.22,0.97,10.0,0.0,0,81,81,0.5925925925925926,0.3894230769230769,0.6388888888888888,0.5555555555555556,0.5925925925925926,0.3894230769230769,0.6388888888888888,0.5555555555555556,0.0,0.0,0.0,0.0
bull_to_bear,0.22,0.97,10.0,0.0,0,81,81,0.5925925925925926,0.3894230769230769,0.6388888888888888,0.5555555555555556,0.5925925925925926,0.3894230769230769,0.6388888888888888,0.5555555555555556,0.0,0.0,0.0,0.0
bull_to_neutral,0.22,0.97,10.0,-0.05,0,81,81,0.5925925925925926,0.3894230769230769,0.6388888888888888,0.5555555555555556,0.5925925925925926,0.3894230769230769,0.6388888888888888,0.5555555555555556,0.0,0.0,0.0,0.0
bull_to_bear,0.22,0.97,10.0,-0.05,0,81,81,0.5925925925925926,0.3894230769230769,0.6388888888888888,0.5555555555555556,0.5925925925925926,0.3894230769230769,0.6388888888888888,0.5555555555555556,0.0,0.0,0.0,0.0
bull_to_neutral,0.22,0.97,10.0,-0.1,0,81,81,0.5925925925925926,0.3894230769230769,0.6388888888888888,0.5555555555555556,0.5925925925925926,0.3894230769230769,0.6388888888888888,0.5555555555555556,0.0,0.0,0.0,0.0
bull_to_bear,0.22,0.97,10.0,-0.1,0,81,81,0.5925925925925926,0.3894230769230769,0.6388888888888888,0.5555555555555556,0.5925925925925926,0.3894230769230769,0.6388888888888888,0.5555555555555556,0.0,0.0,0.0,0.0
bull_to_neutral,0.22,0.97,15.0,,0,81,81,0.5925925925925926,0.3894230769230769,0.6388888888888888,0.5555555555555556,0.5925925925925926,0.3894230769230769,0.6388888888888888,0.5555555555555556,0.0,0.0,0.0,0.0
bull_to_bear,0.22,0.97,15.0,,0,81,81,0.5925925925925926,0.3894230769230769,0.6388888888888888,0.5555555555555556,0.5925925925925926,0.3894230769230769,0.6388888888888888,0.5555555555555556,0.0,0.0,0.0,0.0
bull_to_neutral,0.22,0.97,15.0,0.0,0,81,81,0.5925925925925926,0.3894230769230769,0.6388888888888888,0.5555555555555556,0.5925925925925926,0.3894230769230769,0.6388888888888888,0.5555555555555556,0.0,0.0,0.0,0.0
bull_to_bear,0.22,0.97,15.0,0.0,0,81,81,0.5925925925925926,0.3894230769230769,0.6388888888888888,0.5555555555555556,0.5925925925925926,0.3894230769230769,0.6388888888888888,0.5555555555555556,0.0,0.0,0.0,0.0
bull_to_neutral,0.22,0.97,15.0,-0.05,0,81,81,0.5925925925925926,0.3894230769230769,0.6388888888888888,0.5555555555555556,0.5925925925925926,0.3894230769230769,0.6388888888888888,0.5555555555555556,0.0,0.0,0.0,0.0
bull_to_bear,0.22,0.97,15.0,-0.05,0,81,81,0.5925925925925926,0.3894230769230769,0.6388888888888888,0.5555555555555556,0.5925925925925926,0.3894230769230769,0.6388888888888888,0.5555555555555556,0.0,0.0,0.0,0.0
bull_to_neutral,0.22,0.97,15.0,-0.1,0,81,81,0.5925925925925926,0.3894230769230769,0.6388888888888888,0.5555555555555556,0.5925925925925926,0.3894230769230769,0.6388888888888888,0.5555555555555556,0.0,0.0,0.0,0.0
bull_to_bear,0.22,0.97,15.0,-0.1,0,81,81,0.5925925925925926,0.3894230769230769,0.6388888888888888,0.5555555555555556,0.5925925925925926,0.3894230769230769,0.6388888888888888,0.5555555555555556,0.0,0.0,0.0,0.0
bull_to_neutral,0.22,0.95,,,0,81,81,0.5925925925925926,0.3894230769230769,0.6388888888888888,0.5555555555555556,0.5925925925925926,0.3894230769230769,0.6388888888888888,0.5555555555555556,0.0,0.0,0.0,0.0
bull_to_bear,0.22,0.95,,,0,81,81,0.5925925925925926,0.3894230769230769,0.6388888888888888,0.5555555555555556,0.5925925925925926,0.3894230769230769,0.6388888888888888,0.5555555555555556,0.0,0.0,0.0,0.0
bull_to_neutral,0.22,0.95,,0.0,0,81,81,0.5925925925925926,0.3894230769230769,0.6388888888888888,0.5555555555555556,0.5925925925925926,0.3894230769230769,0.6388888888888888,0.5555555555555556,0.0,0.0,0.0,0.0
bull_to_bear,0.22,0.95,,0.0,0,81,81,0.5925925925925926,0.3894230769230769,0.6388888888888888,0.5555555555555556,0.5925925925925926,0.3894230769230769,0.6388888888888888,0.5555555555555556,0.0,0.0,0.0,0.0
bull_to_neutral,0.22,0.95,,-0.05,0,81,81,0.5925925925925926,0.3894230769230769,0.6388888888888888,0.5555555555555556,0.5925925925925926,0.3894230769230769,0.6388888888888888,0.5555555555555556,0.0,0.0,0.0,0.0
bull_to_bear,0.22,0.95,,-0.05,0,81,81,0.5925925925925926,0.3894230769230769,0.6388888888888888,0.5555555555555556,0.5925925925925926,0.3894230769230769,0.6388888888888888,0.5555555555555556,0.0,0.0,0.0,0.0
bull_to_neutral,0.22,0.95,,-0.1,0,81,81,0.5925925925925926,0.3894230769230769,0.6388888888888888,0.5555555555555556,0.5925925925925926,0.3894230769230769,0.6388888888888888,0.5555555555555556,0.0,0.0,0.0,0.0
bull_to_bear,0.22,0.95,,-0.1,0,81,81,0.5925925925925926,0.3894230769230769,0.6388888888888888,0.5555555555555556,0.5925925925925926,0.3894230769230769,0.6388888888888888,0.5555555555555556,0.0,0.0,0.0,0.0
bull_to_neutral,0.22,0.95,0.0,,0,81,81,0.5925925925925926,0.3894230769230769,0.6388888888888888,0.5555555555555556,0.5925925925925926,0.3894230769230769,0.6388888888888888,0.5555555555555556,0.0,0.0,0.0,0.0
bull_to_bear,0.22,0.95,0.0,,0,81,81,0.5925925925925926,0.3894230769230769,0.6388888888888888,0.5555555555555556,0.5925925925925926,0.3894230769230769,0.6388888888888888,0.5555555555555556,0.0,0.0,0.0,0.0
bull_to_neutral,0.22,0.95,0.0,0.0,0,81,81,0.5925925925925926,0.3894230769230769,0.6388888888888888,0.5555555555555556,0.5925925925925926,0.3894230769230769,0.6388888888888888,0.5555555555555556,0.0,0.0,0.0,0.0
bull_to_bear,0.22,0.95,0.0,0.0,0,81,81,0.5925925925925926,0.3894230769230769,0.6388888888888888,0.5555555555555556,0.5925925925925926,0.3894230769230769,0.6388888888888888,0.5555555555555556,0.0,0.0,0.0,0.0
bull_to_neutral,0.22,0.95,0.0,-0.05,0,81,81,0.5925925925925926,0.3894230769230769,0.6388888888888888,0.5555555555555556,0.5925925925925926,0.3894230769230769,0.6388888888888888,0.5555555555555556,0.0,0.0,0.0,0.0
bull_to_bear,0.22,0.95,0.0,-0.05,0,81,81,0.5925925925925926,0.3894230769230769,0.6388888888888888,0.5555555555555556,0.5925925925925926,0.3894230769230769,0.6388888888888888,0.5555555555555556,0.0,0.0,0.0,0.0
bull_to_neutral,0.22,0.95,0.0,-0.1,0,81,81,0.5925925925925926,0.3894230769230769,0.6388888888888888,0.5555555555555556,0.5925925925925926,0.3894230769230769,0.6388888888888888,0.5555555555555556,0.0,0.0,0.0,0.0
bull_to_bear,0.22,0.95,0.0,-0.1,0,81,81,0.5925925925925926,0.3894230769230769,0.6388888888888888,0.5555555555555556,0.5925925925925926,0.3894230769230769,0.6388888888888888,0.5555555555555556,0.0,0.0,0.0,0.0
bull_to_neutral,0.22,0.95,5.0,,0,81,81,0.5925925925925926,0.3894230769230769,0.6388888888888888,0.5555555555555556,0.5925925925925926,0.3894230769230769,0.6388888888888888,0.5555555555555556,0.0,0.0,0.0,0.0
bull_to_bear,0.22,0.95,5.0,,0,81,81,0.5925925925925926,0.3894230769230769,0.6388888888888888,0.5555555555555556,0.5925925925925926,0.3894230769230769,0.6388888888888888,0.5555555555555556,0.0,0.0,0.0,0.0
bull_to_neutral,0.22,0.95,5.0,0.0,0,81,81,0.5925925925925926,0.3894230769230769,0.6388888888888888,0.5555555555555556,0.5925925925925926,0.3894230769230769,0.6388888888888888,0.5555555555555556,0.0,0.0,0.0,0.0
bull_to_bear,0.22,0.95,5.0,0.0,0,81,81,0.5925925925925926,0.3894230769230769,0.6388888888888888,0.5555555555555556,0.5925925925925926,0.3894230769230769,0.6388888888888888,0.5555555555555556,0.0,0.0,0.0,0.0
bull_to_neutral,0.22,0.95,5.0,-0.05,0,81,81,0.5925925925925926,0.3894230769230769,0.6388888888888888,0.5555555555555556,0.5925925925925926,0.3894230769230769,0.6388888888888888,0.5555555555555556,0.0,0.0,0.0,0.0
bull_to_bear,0.22,0.95,5.0,-0.05,0,81,81,0.5925925925925926,0.3894230769230769,0.6388888888888888,0.5555555555555556,0.5925925925925926,0.3894230769230769,0.6388888888888888,0.5555555555555556,0.0,0.0,0.0,0.0
bull_to_neutral,0.22,0.95,5.0,-0.1,0,81,81,0.5925925925925926,0.3894230769230769,0.6388888888888888,0.5555555555555556,0.5925925925925926,0.3894230769230769,0.6388888888888888,0.5555555555555556,0.0,0.0,0.0,0.0
bull_to_bear,0.22,0.95,5.0,-0.1,0,81,81,0.5925925925925926,0.3894230769230769,0.6388888888888888,0.5555555555555556,0.5925925925925926,0.3894230769230769,0.6388888888888888,0.5555555555555556,0.0,0.0,0.0,0.0
bull_to_neutral,0.22,0.95,10.0,,0,81,81,0.5925925925925926,0.3894230769230769,0.6388888888888888,0.5555555555555556,0.5925925925925926,0.3894230769230769,0.6388888888888888,0.5555555555555556,0.0,0.0,0.0,0.0
bull_to_bear,0.22,0.95,10.0,,0,81,81,0.5925925925925926,0.3894230769230769,0.6388888888888888,0.5555555555555556,0.5925925925925926,0.3894230769230769,0.6388888888888888,0.5555555555555556,0.0,0.0,0.0,0.0
bull_to_neutral,0.22,0.95,10.0,0.0,0,81,81,0.5925925925925926,0.3894230769230769,0.6388888888888888,0.5555555555555556,0.5925925925925926,0.3894230769230769,0.6388888888888888,0.5555555555555556,0.0,0.0,0.0,0.0
bull_to_bear,0.22,0.95,10.0,0.0,0,81,81,0.5925925925925926,0.3894230769230769,0.6388888888888888,0.5555555555555556,0.5925925925925926,0.3894230769230769,0.6388888888888888,0.5555555555555556,0.0,0.0,0.0,0.0
bull_to_neutral,0.22,0.95,10.0,-0.05,0,81,81,0.5925925925925926,0.3894230769230769,0.6388888888888888,0.5555555555555556,0.5925925925925926,0.3894230769230769,0.6388888888888888,0.5555555555555556,0.0,0.0,0.0,0.0
bull_to_bear,0.22,0.95,10.0,-0.05,0,81,81,0.5925925925925926,0.3894230769230769,0.6388888888888888,0.5555555555555556,0.5925925925925926,0.3894230769230769,0.6388888888888888,0.5555555555555556,0.0,0.0,0.0,0.0
bull_to_neutral,0.22,0.95,10.0,-0.1,0,81,81,0.5925925925925926,0.3894230769230769,0.6388888888888888,0.5555555555555556,0.5925925925925926,0.3894230769230769,0.6388888888888888,0.5555555555555556,0.0,0.0,0.0,0.0
bull_to_bear,0.22,0.95,10.0,-0.1,0,81,81,0.5925925925925926,0.3894230769230769,0.6388888888888888,0.5555555555555556,0.5925925925925926,0.3894230769230769,0.6388888888888888,0.5555555555555556,0.0,0.0,0.0,0.0
bull_to_neutral,0.22,0.95,15.0,,0,81,81,0.5925925925925926,0.3894230769230769,0.6388888888888888,0.5555555555555556,0.5925925925925926,0.3894230769230769,0.6388888888888888,0.5555555555555556,0.0,0.0,0.0,0.0
bull_to_bear,0.22,0.95,15.0,,0,81,81,0.5925925925925926,0.3894230769230769,0.6388888888888888,0.5555555555555556,0.5925925925925926,0.3894230769230769,0.6388888888888888,0.5555555555555556,0.0,0.0,0.0,0.0
bull_to_neutral,0.22,0.95,15.0,0.0,0,81,81,0.5925925925925926,0.3894230769230769,0.6388888888888888,0.5555555555555556,0.5925925925925926,0.3894230769230769,0.6388888888888888,0.5555555555555556,0.0,0.0,0.0,0.0
bull_to_bear,0.22,0.95,15.0,0.0,0,81,81,0.5925925925925926,0.3894230769230769,0.6388888888888888,0.5555555555555556,0.5925925925925926,0.3894230769230769,0.6388888888888888,0.5555555555555556,0.0,0.0,0.0,0.0
bull_to_neutral,0.22,0.95,15.0,-0.05,0,81,81,0.5925925925925926,0.3894230769230769,0.6388888888888888,0.5555555555555556,0.5925925925925926,0.3894230769230769,0.6388888888888888,0.5555555555555556,0.0,0.0,0.0,0.0
bull_to_bear,0.22,0.95,15.0,-0.05,0,81,81,0.5925925925925926,0.3894230769230769,0.6388888888888888,0.5555555555555556,0.5925925925925926,0.3894230769230769,0.6388888888888888,0.5555555555555556,0.0,0.0,0.0,0.0
bull_to_neutral,0.22,0.95,15.0,-0.1,0,81,81,0.5925925925925926,0.3894230769230769,0.6388888888888888,0.5555555555555556,0.5925925925925926,0.3894230769230769,0.6388888888888888,0.5555555555555556,0.0,0.0,0.0,0.0
bull_to_bear,0.22,0.95,15.0,-0.1,0,81,81,0.5925925925925926,0.3894230769230769,0.6388888888888888,0.5555555555555556,0.5925925925925926,0.3894230769230769,0.6388888888888888,0.5555555555555556,0.0,0.0,0.0,0.0
bull_to_neutral,0.22,0.93,,,0,81,81,0.5925925925925926,0.3894230769230769,0.6388888888888888,0.5555555555555556,0.5925925925925926,0.3894230769230769,0.6388888888888888,0.5555555555555556,0.0,0.0,0.0,0.0
bull_to_bear,0.22,0.93,,,0,81,81,0.5925925925925926,0.3894230769230769,0.6388888888888888,0.5555555555555556,0.5925925925925926,0.3894230769230769,0.6388888888888888,0.5555555555555556,0.0,0.0,0.0,0.0
bull_to_neutral,0.22,0.93,,0.0,0,81,81,0.5925925925925926,0.3894230769230769,0.6388888888888888,0.5555555555555556,0.5925925925925926,0.3894230769230769,0.6388888888888888,0.5555555555555556,0.0,0.0,0.0,0.0
bull_to_bear,0.22,0.93,,0.0,0,81,81,0.5925925925925926,0.3894230769230769,0.6388888888888888,0.5555555555555556,0.5925925925925926,0.3894230769230769,0.6388888888888888,0.5555555555555556,0.0,0.0,0.0,0.0
bull_to_neutral,0.22,0.93,,-0.05,0,81,81,0.5925925925925926,0.3894230769230769,0.6388888888888888,0.5555555555555556,0.5925925925925926,0.3894230769230769,0.6388888888888888,0.5555555555555556,0.0,0.0,0.0,0.0
bull_to_bear,0.22,0.93,,-0.05,0,81,81,0.5925925925925926,0.3894230769230769,0.6388888888888888,0.5555555555555556,0.5925925925925926,0.3894230769230769,0.6388888888888888,0.5555555555555556,0.0,0.0,0.0,0.0
bull_to_neutral,0.22,0.93,,-0.1,0,81,81,0.5925925925925926,0.3894230769230769,0.6388888888888888,0.5555555555555556,0.5925925925925926,0.3894230769230769,0.6388888888888888,0.5555555555555556,0.0,0.0,0.0,0.0
bull_to_bear,0.22,0.93,,-0.1,0,81,81,0.5925925925925926,0.3894230769230769,0.6388888888888888,0.5555555555555556,0.5925925925925926,0.3894230769230769,0.6388888888888888,0.5555555555555556,0.0,0.0,0.0,0.0
bull_to_neutral,0.22,0.93,0.0,,0,81,81,0.5925925925925926,0.3894230769230769,0.6388888888888888,0.5555555555555556,0.5925925925925926,0.3894230769230769,0.6388888888888888,0.5555555555555556,0.0,0.0,0.0,0.0
bull_to_bear,0.22,0.93,0.0,,0,81,81,0.5925925925925926,0.3894230769230769,0.6388888888888888,0.5555555555555556,0.5925925925925926,0.3894230769230769,0.6388888888888888,0.5555555555555556,0.0,0.0,0.0,0.0
bull_to_neutral,0.22,0.93,0.0,0.0,0,81,81,0.5925925925925926,0.3894230769230769,0.6388888888888888,0.5555555555555556,0.5925925925925926,0.3894230769230769,0.6388888888888888,0.5555555555555556,0.0,0.0,0.0,0.0
bull_to_bear,0.22,0.93,0.0,0.0,0,81,81,0.5925925925925926,0.3894230769230769,0.6388888888888888,0.5555555555555556,0.5925925925925926,0.3894230769230769,0.6388888888888888,0.5555555555555556,0.0,0.0,0.0,0.0
bull_to_neutral,0.22,0.93,0.0,-0.05,0,81,81,0.5925925925925926,0.3894230769230769,0.6388888888888888,0.5555555555555556,0.5925925925925926,0.3894230769230769,0.6388888888888888,0.5555555555555556,0.0,0.0,0.0,0.0
bull_to_bear,0.22,0.93,0.0,-0.05,0,81,81,0.5925925925925926,0.3894230769230769,0.6388888888888888,0.5555555555555556,0.5925925925925926,0.3894230769230769,0.6388888888888888,0.5555555555555556,0.0,0.0,0.0,0.0
bull_to_neutral,0.22,0.93,0.0,-0.1,0,81,81,0.5925925925925926,0.3894230769230769,0.6388888888888888,0.5555555555555556,0.5925925925925926,0.3894230769230769,0.6388888888888888,0.5555555555555556,0.0,0.0,0.0,0.0
bull_to_bear,0.22,0.93,0.0,-0.1,0,81,81,0.5925925925925926,0.3894230769230769,0.6388888888888888,0.5555555555555556,0.5925925925925926,0.3894230769230769,0.6388888888888888,0.5555555555555556,0.0,0.0,0.0,0.0
bull_to_neutral,0.22,0.93,5.0,,0,81,81,0.5925925925925926,0.3894230769230769,0.6388888888888888,0.5555555555555556,0.5925925925925926,0.3894230769230769,0.6388888888888888,0.5555555555555556,0.0,0.0,0.0,0.0
bull_to_bear,0.22,0.93,5.0,,0,81,81,0.5925925925925926,0.3894230769230769,0.6388888888888888,0.5555555555555556,0.5925925925925926,0.3894230769230769,0.6388888888888888,0.5555555555555556,0.0,0.0,0.0,0.0
bull_to_neutral,0.22,0.93,5.0,0.0,0,81,81,0.5925925925925926,0.3894230769230769,0.6388888888888888,0.5555555555555556,0.5925925925925926,0.3894230769230769,0.6388888888888888,0.5555555555555556,0.0,0.0,0.0,0.0
bull_to_bear,0.22,0.93,5.0,0.0,0,81,81,0.5925925925925926,0.3894230769230769,0.6388888888888888,0.5555555555555556,0.5925925925925926,0.3894230769230769,0.6388888888888888,0.5555555555555556,0.0,0.0,0.0,0.0
bull_to_neutral,0.22,0.93,5.0,-0.05,0,81,81,0.5925925925925926,0.3894230769230769,0.6388888888888888,0.5555555555555556,0.5925925925925926,0.3894230769230769,0.6388888888888888,0.5555555555555556,0.0,0.0,0.0,0.0
bull_to_bear,0.22,0.93,5.0,-0.05,0,81,81,0.5925925925925926,0.3894230769230769,0.6388888888888888,0.5555555555555556,0.5925925925925926,0.3894230769230769,0.6388888888888888,0.5555555555555556,0.0,0.0,0.0,0.0
bull_to_neutral,0.22,0.93,5.0,-0.1,0,81,81,0.5925925925925926,0.3894230769230769,0.6388888888888888,0.5555555555555556,0.5925925925925926,0.3894230769230769,0.6388888888888888,0.5555555555555556,0.0,0.0,0.0,0.0
bull_to_bear,0.22,0.93,5.0,-0.1,0,81,81,0.5925925925925926,0.3894230769230769,0.6388888888888888,0.5555555555555556,0.5925925925925926,0.3894230769230769,0.6388888888888888,0.5555555555555556,0.0,0.0,0.0,0.0
bull_to_neutral,0.22,0.93,10.0,,0,81,81,0.5925925925925926,0.3894230769230769,0.6388888888888888,0.5555555555555556,0.5925925925925926,0.3894230769230769,0.6388888888888888,0.5555555555555556,0.0,0.0,0.0,0.0
bull_to_bear,0.22,0.93,10.0,,0,81,81,0.5925925925925926,0.3894230769230769,0.6388888888888888,0.5555555555555556,0.5925925925925926,0.3894230769230769,0.6388888888888888,0.5555555555555556,0.0,0.0,0.0,0.0
bull_to_neutral,0.22,0.93,10.0,0.0,0,81,81,0.5925925925925926,0.3894230769230769,0.6388888888888888,0.5555555555555556,0.5925925925925926,0.3894230769230769,0.6388888888888888,0.5555555555555556,0.0,0.0,0.0,0.0
bull_to_bear,0.22,0.93,10.0,0.0,0,81,81,0.5925925925925926,0.3894230769230769,0.6388888888888888,0.5555555555555556,0.5925925925925926,0.3894230769230769,0.6388888888888888,0.5555555555555556,0.0,0.0,0.0,0.0
bull_to_neutral,0.22,0.93,10.0,-0.05,0,81,81,0.5925925925925926,0.3894230769230769,0.6388888888888888,0.5555555555555556,0.5925925925925926,0.3894230769230769,0.6388888888888888,0.5555555555555556,0.0,0.0,0.0,0.0
bull_to_bear,0.22,0.93,10.0,-0.05,0,81,81,0.5925925925925926,0.3894230769230769,0.6388888888888888,0.5555555555555556,0.5925925925925926,0.3894230769230769,0.6388888888888888,0.5555555555555556,0.0,0.0,0.0,0.0
bull_to_neutral,0.22,0.93,10.0,-0.1,0,81,81,0.5925925925925926,0.3894230769230769,0.6388888888888888,0.5555555555555556,0.5925925925925926,0.3894230769230769,0.6388888888888888,0.5555555555555556,0.0,0.0,0.0,0.0
bull_to_bear,0.22,0.93,10.0,-0.1,0,81,81,0.5925925925925926,0.3894230769230769,0.6388888888888888,0.5555555555555556,0.5925925925925926,0.3894230769230769,0.6388888888888888,0.5555555555555556,0.0,0.0,0.0,0.0
bull_to_neutral,0.22,0.93,15.0,,0,81,81,0.5925925925925926,0.3894230769230769,0.6388888888888888,0.5555555555555556,0.5925925925925926,0.3894230769230769,0.6388888888888888,0.5555555555555556,0.0,0.0,0.0,0.0
bull_to_bear,0.22,0.93,15.0,,0,81,81,0.5925925925925926,0.3894230769230769,0.6388888888888888,0.5555555555555556,0.5925925925925926,0.3894230769230769,0.6388888888888888,0.5555555555555556,0.0,0.0,0.0,0.0
bull_to_neutral,0.22,0.93,15.0,0.0,0,81,81,0.5925925925925926,0.3894230769230769,0.6388888888888888,0.5555555555555556,0.5925925925925926,0.3894230769230769,0.6388888888888888,0.5555555555555556,0.0,0.0,0.0,0.0
bull_to_bear,0.22,0.93,15.0,0.0,0,81,81,0.5925925925925926,0.3894230769230769,0.6388888888888888,0.5555555555555556,0.5925925925925926,0.3894230769230769,0.6388888888888888,0.5555555555555556,0.0,0.0,0.0,0.0
bull_to_neutral,0.22,0.93,15.0,-0.05,0,81,81,0.5925925925925926,0.3894230769230769,0.6388888888888888,0.5555555555555556,0.5925925925925926,0.3894230769230769,0.6388888888888888,0.5555555555555556,0.0,0.0,0.0,0.0
bull_to_bear,0.22,0.93,15.0,-0.05,0,81,81,0.5925925925925926,0.3894230769230769,0.6388888888888888,0.5555555555555556,0.5925925925925926,0.3894230769230769,0.6388888888888888,0.5555555555555556,0.0,0.0,0.0,0.0
bull_to_neutral,0.22,0.93,15.0,-0.1,0,81,81,0.5925925925925926,0.3894230769230769,0.6388888888888888,0.5555555555555556,0.5925925925925926,0.3894230769230769,0.6388888888888888,0.5555555555555556,0.0,0.0,0.0,0.0
bull_to_bear,0.22,0.93,15.0,-0.1,0,81,81,0.5925925925925926,0.3894230769230769,0.6388888888888888,0.5555555555555556,0.5925925925925926,0.3894230769230769,0.6388888888888888,0.5555555555555556,0.0,0.0,0.0,0.0
bull_to_neutral,0.22,0.9,,,0,81,81,0.5925925925925926,0.3894230769230769,0.6388888888888888,0.5555555555555556,0.5925925925925926,0.3894230769230769,0.6388888888888888,0.5555555555555556,0.0,0.0,0.0,0.0
bull_to_bear,0.22,0.9,,,0,81,81,0.5925925925925926,0.3894230769230769,0.6388888888888888,0.5555555555555556,0.5925925925925926,0.3894230769230769,0.6388888888888888,0.5555555555555556,0.0,0.0,0.0,0.0
bull_to_neutral,0.22,0.9,,0.0,0,81,81,0.5925925925925926,0.3894230769230769,0.6388888888888888,0.5555555555555556,0.5925925925925926,0.3894230769230769,0.6388888888888888,0.5555555555555556,0.0,0.0,0.0,0.0
bull_to_bear,0.22,0.9,,0.0,0,81,81,0.5925925925925926,0.3894230769230769,0.6388888888888888,0.5555555555555556,0.5925925925925926,0.3894230769230769,0.6388888888888888,0.5555555555555556,0.0,0.0,0.0,0.0
bull_to_neutral,0.22,0.9,,-0.05,0,81,81,0.5925925925925926,0.3894230769230769,0.6388888888888888,0.5555555555555556,0.5925925925925926,0.3894230769230769,0.6388888888888888,0.5555555555555556,0.0,0.0,0.0,0.0
bull_to_bear,0.22,0.9,,-0.05,0,81,81,0.5925925925925926,0.3894230769230769,0.6388888888888888,0.5555555555555556,0.5925925925925926,0.3894230769230769,0.6388888888888888,0.5555555555555556,0.0,0.0,0.0,0.0
bull_to_neutral,0.22,0.9,,-0.1,0,81,81,0.5925925925925926,0.3894230769230769,0.6388888888888888,0.5555555555555556,0.5925925925925926,0.3894230769230769,0.6388888888888888,0.5555555555555556,0.0,0.0,0.0,0.0
bull_to_bear,0.22,0.9,,-0.1,0,81,81,0.5925925925925926,0.3894230769230769,0.6388888888888888,0.5555555555555556,0.5925925925925926,0.3894230769230769,0.6388888888888888,0.5555555555555556,0.0,0.0,0.0,0.0
bull_to_neutral,0.22,0.9,0.0,,0,81,81,0.5925925925925926,0.3894230769230769,0.6388888888888888,0.5555555555555556,0.5925925925925926,0.3894230769230769,0.6388888888888888,0.5555555555555556,0.0,0.0,0.0,0.0
bull_to_bear,0.22,0.9,0.0,,0,81,81,0.5925925925925926,0.3894230769230769,0.6388888888888888,0.5555555555555556,0.5925925925925926,0.3894230769230769,0.6388888888888888,0.5555555555555556,0.0,0.0,0.0,0.0
bull_to_neutral,0.22,0.9,0.0,0.0,0,81,81,0.5925925925925926,0.3894230769230769,0.6388888888888888,0.5555555555555556,0.5925925925925926,0.3894230769230769,0.6388888888888888,0.5555555555555556,0.0,0.0,0.0,0.0
bull_to_bear,0.22,0.9,0.0,0.0,0,81,81,0.5925925925925926,0.3894230769230769,0.6388888888888888,0.5555555555555556,0.5925925925925926,0.3894230769230769,0.6388888888888888,0.5555555555555556,0.0,0.0,0.0,0.0
bull_to_neutral,0.22,0.9,0.0,-0.05,0,81,81,0.5925925925925926,0.3894230769230769,0.6388888888888888,0.5555555555555556,0.5925925925925926,0.3894230769230769,0.6388888888888888,0.5555555555555556,0.0,0.0,0.0,0.0
bull_to_bear,0.22,0.9,0.0,-0.05,0,81,81,0.5925925925925926,0.3894230769230769,0.6388888888888888,0.5555555555555556,0.5925925925925926,0.3894230769230769,0.6388888888888888,0.5555555555555556,0.0,0.0,0.0,0.0
bull_to_neutral,0.22,0.9,0.0,-0.1,0,81,81,0.5925925925925926,0.3894230769230769,0.6388888888888888,0.5555555555555556,0.5925925925925926,0.3894230769230769,0.6388888888888888,0.5555555555555556,0.0,0.0,0.0,0.0
bull_to_bear,0.22,0.9,0.0,-0.1,0,81,81,0.5925925925925926,0.3894230769230769,0.6388888888888888,0.5555555555555556,0.5925925925925926,0.3894230769230769,0.6388888888888888,0.5555555555555556,0.0,0.0,0.0,0.0
bull_to_neutral,0.22,0.9,5.0,,0,81,81,0.5925925925925926,0.3894230769230769,0.6388888888888888,0.5555555555555556,0.5925925925925926,0.3894230769230769,0.6388888888888888,0.5555555555555556,0.0,0.0,0.0,0.0
bull_to_bear,0.22,0.9,5.0,,0,81,81,0.5925925925925926,0.3894230769230769,0.6388888888888888,0.5555555555555556,0.5925925925925926,0.3894230769230769,0.6388888888888888,0.5555555555555556,0.0,0.0,0.0,0.0
bull_to_neutral,0.22,0.9,5.0,0.0,0,81,81,0.5925925925925926,0.3894230769230769,0.6388888888888888,0.5555555555555556,0.5925925925925926,0.3894230769230769,0.6388888888888888,0.5555555555555556,0.0,0.0,0.0,0.0
bull_to_bear,0.22,0.9,5.0,0.0,0,81,81,0.5925925925925926,0.3894230769230769,0.6388888888888888,0.5555555555555556,0.5925925925925926,0.3894230769230769,0.6388888888888888,0.5555555555555556,0.0,0.0,0.0,0.0
bull_to_neutral,0.22,0.9,5.0,-0.05,0,81,81,0.5925925925925926,0.3894230769230769,0.6388888888888888,0.5555555555555556,0.5925925925925926,0.3894230769230769,0.6388888888888888,0.5555555555555556,0.0,0.0,0.0,0.0
bull_to_bear,0.22,0.9,5.0,-0.05,0,81,81,0.5925925925925926,0.3894230769230769,0.6388888888888888,0.5555555555555556,0.5925925925925926,0.3894230769230769,0.6388888888888888,0.5555555555555556,0.0,0.0,0.0,0.0
bull_to_neutral,0.22,0.9,5.0,-0.1,0,81,81,0.5925925925925926,0.3894230769230769,0.6388888888888888,0.5555555555555556,0.5925925925925926,0.3894230769230769,0.6388888888888888,0.5555555555555556,0.0,0.0,0.0,0.0
bull_to_bear,0.22,0.9,5.0,-0.1,0,81,81,0.5925925925925926,0.3894230769230769,0.6388888888888888,0.5555555555555556,0.5925925925925926,0.3894230769230769,0.6388888888888888,0.5555555555555556,0.0,0.0,0.0,0.0
bull_to_neutral,0.22,0.9,10.0,,0,81,81,0.5925925925925926,0.3894230769230769,0.6388888888888888,0.5555555555555556,0.5925925925925926,0.3894230769230769,0.6388888888888888,0.5555555555555556,0.0,0.0,0.0,0.0
bull_to_bear,0.22,0.9,10.0,,0,81,81,0.5925925925925926,0.3894230769230769,0.6388888888888888,0.5555555555555556,0.5925925925925926,0.3894230769230769,0.6388888888888888,0.5555555555555556,0.0,0.0,0.0,0.0
bull_to_neutral,0.22,0.9,10.0,0.0,0,81,81,0.5925925925925926,0.3894230769230769,0.6388888888888888,0.5555555555555556,0.5925925925925926,0.3894230769230769,0.6388888888888888,0.5555555555555556,0.0,0.0,0.0,0.0
bull_to_bear,0.22,0.9,10.0,0.0,0,81,81,0.5925925925925926,0.3894230769230769,0.6388888888888888,0.5555555555555556,0.5925925925925926,0.3894230769230769,0.6388888888888888,0.5555555555555556,0.0,0.0,0.0,0.0
bull_to_neutral,0.22,0.9,10.0,-0.05,0,81,81,0.5925925925925926,0.3894230769230769,0.6388888888888888,0.5555555555555556,0.5925925925925926,0.3894230769230769,0.6388888888888888,0.5555555555555556,0.0,0.0,0.0,0.0
bull_to_bear,0.22,0.9,10.0,-0.05,0,81,81,0.5925925925925926,0.3894230769230769,0.6388888888888888,0.5555555555555556,0.5925925925925926,0.3894230769230769,0.6388888888888888,0.5555555555555556,0.0,0.0,0.0,0.0
bull_to_neutral,0.22,0.9,10.0,-0.1,0,81,81,0.5925925925925926,0.3894230769230769,0.6388888888888888,0.5555555555555556,0.5925925925925926,0.3894230769230769,0.6388888888888888,0.5555555555555556,0.0,0.0,0.0,0.0
bull_to_bear,0.22,0.9,10.0,-0.1,0,81,81,0.5925925925925926,0.3894230769230769,0.6388888888888888,0.5555555555555556,0.5925925925925926,0.3894230769230769,0.6388888888888888,0.5555555555555556,0.0,0.0,0.0,0.0
bull_to_neutral,0.22,0.9,15.0,,0,81,81,0.5925925925925926,0.3894230769230769,0.6388888888888888,0.5555555555555556,0.5925925925925926,0.3894230769230769,0.6388888888888888,0.5555555555555556,0.0,0.0,0.0,0.0
bull_to_bear,0.22,0.9,15.0,,0,81,81,0.5925925925925926,0.3894230769230769,0.6388888888888888,0.5555555555555556,0.5925925925925926,0.3894230769230769,0.6388888888888888,0.5555555555555556,0.0,0.0,0.0,0.0
bull_to_neutral,0.22,0.9,15.0,0.0,0,81,81,0.5925925925925926,0.3894230769230769,0.6388888888888888,0.5555555555555556,0.5925925925925926,0.3894230769230769,0.6388888888888888,0.5555555555555556,0.0,0.0,0.0,0.0
bull_to_bear,0.22,0.9,15.0,0.0,0,81,81,0.5925925925925926,0.3894230769230769,0.6388888888888888,0.5555555555555556,0.5925925925925926,0.3894230769230769,0.6388888888888888,0.5555555555555556,0.0,0.0,0.0,0.0
bull_to_neutral,0.22,0.9,15.0,-0.05,0,81,81,0.5925925925925926,0.3894230769230769,0.6388888888888888,0.5555555555555556,0.5925925925925926,0.3894230769230769,0.6388888888888888,0.5555555555555556,0.0,0.0,0.0,0.0
bull_to_bear,0.22,0.9,15.0,-0.05,0,81,81,0.5925925925925926,0.3894230769230769,0.6388888888888888,0.5555555555555556,0.5925925925925926,0.3894230769230769,0.6388888888888888,0.5555555555555556,0.0,0.0,0.0,0.0
bull_to_neutral,0.22,0.9,15.0,-0.1,0,81,81,0.5925925925925926,0.3894230769230769,0.6388888888888888,0.5555555555555556,0.5925925925925926,0.3894230769230769,0.6388888888888888,0.5555555555555556,0.0,0.0,0.0,0.0
bull_to_bear,0.22,0.9,15.0,-0.1,0,81,81,0.5925925925925926,0.3894230769230769,0.6388888888888888,0.5555555555555556,0.5925925925925926,0.3894230769230769,0.6388888888888888,0.5555555555555556,0.0,0.0,0.0,0.0
bull_to_neutral,0.25,1.0,,,4,77,81,0.5925925925925926,0.3894230769230769,0.6388888888888888,0.5555555555555556,0.5844155844155844,0.3701923076923077,0.625,0.5555555555555556,-0.008177008177008172,-0.019230769230769218,-0.01388888888888884,0.0
bull_to_bear,0.25,1.0,,,4,81,81,0.5925925925925926,0.3894230769230769,0.6388888888888888,0.5555555555555556,0.5679012345679012,0.3894230769230769,0.625,0.5306122448979592,-0.024691358024691357,0.0,-0.01388888888888884,-0.024943310657596363
bull_to_neutral,0.25,1.0,,0.0,2,79,81,0.5925925925925926,0.3894230769230769,0.6388888888888888,0.5555555555555556,0.5822784810126582,0.3798076923076923,0.6176470588235294,0.5555555555555556,-0.010314111579934337,-0.009615384615384637,-0.0212418300653594,0.0
bull_to_bear,0.25,1.0,,0.0,2,81,81,0.5925925925925926,0.3894230769230769,0.6388888888888888,0.5555555555555556,0.5679012345679012,0.3894230769230769,0.6176470588235294,0.5319148936170213,-0.024691358024691357,0.0,-0.0212418300653594,-0.023640661938534313
bull_to_neutral,0.25,1.0,,-0.05,2,79,81,0.5925925925925926,0.3894230769230769,0.6388888888888888,0.5555555555555556,0.5822784810126582,0.3798076923076923,0.6176470588235294,0.5555555555555556,-0.010314111579934337,-0.009615384615384637,-0.0212418300653594,0.0
bull_to_bear,0.25,1.0,,-0.05,2,81,81,0.5925925925925926,0.3894230769230769,0.6388888888888888,0.5555555555555556,0.5679012345679012,0.3894230769230769,0.6176470588235294,0.5319148936170213,-0.024691358024691357,0.0,-0.0212418300653594,-0.023640661938534313
bull_to_neutral,0.25,1.0,,-0.1,2,79,81,0.5925925925925926,0.3894230769230769,0.6388888888888888,0.5555555555555556,0.5822784810126582,0.3798076923076923,0.6176470588235294,0.5555555555555556,-0.010314111579934337,-0.009615384615384637,-0.0212418300653594,0.0
bull_to_bear,0.25,1.0,,-0.1,2,81,81,0.5925925925925926,0.3894230769230769,0.6388888888888888,0.5555555555555556,0.5679012345679012,0.3894230769230769,0.6176470588235294,0.5319148936170213,-0.024691358024691357,0.0,-0.0212418300653594,-0.023640661938534313
bull_to_neutral,0.25,1.0,0.0,,0,81,81,0.5925925925925926,0.3894230769230769,0.6388888888888888,0.5555555555555556,0.5925925925925926,0.3894230769230769,0.6388888888888888,0.5555555555555556,0.0,0.0,0.0,0.0
bull_to_bear,0.25,1.0,0.0,,0,81,81,0.5925925925925926,0.3894230769230769,0.6388888888888888,0.5555555555555556,0.5925925925925926,0.3894230769230769,0.6388888888888888,0.5555555555555556,0.0,0.0,0.0,0.0
bull_to_neutral,0.25,1.0,0.0,0.0,0,81,81,0.5925925925925926,0.3894230769230769,0.6388888888888888,0.5555555555555556,0.5925925925925926,0.3894230769230769,0.6388888888888888,0.5555555555555556,0.0,0.0,0.0,0.0
bull_to_bear,0.25,1.0,0.0,0.0,0,81,81,0.5925925925925926,0.3894230769230769,0.6388888888888888,0.5555555555555556,0.5925925925925926,0.3894230769230769,0.6388888888888888,0.5555555555555556,0.0,0.0,0.0,0.0
bull_to_neutral,0.25,1.0,0.0,-0.05,0,81,81,0.5925925925925926,0.3894230769230769,0.6388888888888888,0.5555555555555556,0.5925925925925926,0.3894230769230769,0.6388888888888888,0.5555555555555556,0.0,0.0,0.0,0.0
bull_to_bear,0.25,1.0,0.0,-0.05,0,81,81,0.5925925925925926,0.3894230769230769,0.6388888888888888,0.5555555555555556,0.5925925925925926,0.3894230769230769,0.6388888888888888,0.5555555555555556,0.0,0.0,0.0,0.0
bull_to_neutral,0.25,1.0,0.0,-0.1,0,81,81,0.5925925925925926,0.3894230769230769,0.6388888888888888,0.5555555555555556,0.5925925925925926,0.3894230769230769,0.6388888888888888,0.5555555555555556,0.0,0.0,0.0,0.0
bull_to_bear,0.25,1.0,0.0,-0.1,0,81,81,0.5925925925925926,0.3894230769230769,0.6388888888888888,0.5555555555555556,0.5925925925925926,0.3894230769230769,0.6388888888888888,0.5555555555555556,0.0,0.0,0.0,0.0
bull_to_neutral,0.25,1.0,5.0,,0,81,81,0.5925925925925926,0.3894230769230769,0.6388888888888888,0.5555555555555556,0.5925925925925926,0.3894230769230769,0.6388888888888888,0.5555555555555556,0.0,0.0,0.0,0.0
bull_to_bear,0.25,1.0,5.0,,0,81,81,0.5925925925925926,0.3894230769230769,0.6388888888888888,0.5555555555555556,0.5925925925925926,0.3894230769230769,0.6388888888888888,0.5555555555555556,0.0,0.0,0.0,0.0
bull_to_neutral,0.25,1.0,5.0,0.0,0,81,81,0.5925925925925926,0.3894230769230769,0.6388888888888888,0.5555555555555556,0.5925925925925926,0.3894230769230769,0.6388888888888888,0.5555555555555556,0.0,0.0,0.0,0.0
bull_to_bear,0.25,1.0,5.0,0.0,0,81,81,0.5925925925925926,0.3894230769230769,0.6388888888888888,0.5555555555555556,0.5925925925925926,0.3894230769230769,0.6388888888888888,0.5555555555555556,0.0,0.0,0.0,0.0
bull_to_neutral,0.25,1.0,5.0,-0.05,0,81,81,0.5925925925925926,0.3894230769230769,0.6388888888888888,0.5555555555555556,0.5925925925925926,0.3894230769230769,0.6388888888888888,0.5555555555555556,0.0,0.0,0.0,0.0
bull_to_bear,0.25,1.0,5.0,-0.05,0,81,81,0.5925925925925926,0.3894230769230769,0.6388888888888888,0.5555555555555556,0.5925925925925926,0.3894230769230769,0.6388888888888888,0.5555555555555556,0.0,0.0,0.0,0.0
bull_to_neutral,0.25,1.0,5.0,-0.1,0,81,81,0.5925925925925926,0.3894230769230769,0.6388888888888888,0.5555555555555556,0.5925925925925926,0.3894230769230769,0.6388888888888888,0.5555555555555556,0.0,0.0,0.0,0.0
bull_to_bear,0.25,1.0,5.0,-0.1,0,81,81,0.5925925925925926,0.3894230769230769,0.6388888888888888,0.5555555555555556,0.5925925925925926,0.3894230769230769,0.6388888888888888,0.5555555555555556,0.0,0.0,0.0,0.0
bull_to_neutral,0.25,1.0,10.0,,0,81,81,0.5925925925925926,0.3894230769230769,0.6388888888888888,0.5555555555555556,0.5925925925925926,0.3894230769230769,0.6388888888888888,0.5555555555555556,0.0,0.0,0.0,0.0
bull_to_bear,0.25,1.0,10.0,,0,81,81,0.5925925925925926,0.3894230769230769,0.6388888888888888,0.5555555555555556,0.5925925925925926,0.3894230769230769,0.6388888888888888,0.5555555555555556,0.0,0.0,0.0,0.0
bull_to_neutral,0.25,1.0,10.0,0.0,0,81,81,0.5925925925925926,0.3894230769230769,0.6388888888888888,0.5555555555555556,0.5925925925925926,0.3894230769230769,0.6388888888888888,0.5555555555555556,0.0,0.0,0.0,0.0
bull_to_bear,0.25,1.0,10.0,0.0,0,81,81,0.5925925925925926,0.3894230769230769,0.6388888888888888,0.5555555555555556,0.5925925925925926,0.3894230769230769,0.6388888888888888,0.5555555555555556,0.0,0.0,0.0,0.0
bull_to_neutral,0.25,1.0,10.0,-0.05,0,81,81,0.5925925925925926,0.3894230769230769,0.6388888888888888,0.5555555555555556,0.5925925925925926,0.3894230769230769,0.6388888888888888,0.5555555555555556,0.0,0.0,0.0,0.0
bull_to_bear,0.25,1.0,10.0,-0.05,0,81,81,0.5925925925925926,0.3894230769230769,0.6388888888888888,0.5555555555555556,0.5925925925925926,0.3894230769230769,0.6388888888888888,0.5555555555555556,0.0,0.0,0.0,0.0
bull_to_neutral,0.25,1.0,10.0,-0.1,0,81,81,0.5925925925925926,0.3894230769230769,0.6388888888888888,0.5555555555555556,0.5925925925925926,0.3894230769230769,0.6388888888888888,0.5555555555555556,0.0,0.0,0.0,0.0
bull_to_bear,0.25,1.0,10.0,-0.1,0,81,81,0.5925925925925926,0.3894230769230769,0.6388888888888888,0.5555555555555556,0.5925925925925926,0.3894230769230769,0.6388888888888888,0.5555555555555556,0.0,0.0,0.0,0.0
bull_to_neutral,0.25,1.0,15.0,,0,81,81,0.5925925925925926,0.3894230769230769,0.6388888888888888,0.5555555555555556,0.5925925925925926,0.3894230769230769,0.6388888888888888,0.5555555555555556,0.0,0.0,0.0,0.0
bull_to_bear,0.25,1.0,15.0,,0,81,81,0.5925925925925926,0.3894230769230769,0.6388888888888888,0.5555555555555556,0.5925925925925926,0.3894230769230769,0.6388888888888888,0.5555555555555556,0.0,0.0,0.0,0.0
bull_to_neutral,0.25,1.0,15.0,0.0,0,81,81,0.5925925925925926,0.3894230769230769,0.6388888888888888,0.5555555555555556,0.5925925925925926,0.3894230769230769,0.6388888888888888,0.5555555555555556,0.0,0.0,0.0,0.0
bull_to_bear,0.25,1.0,15.0,0.0,0,81,81,0.5925925925925926,0.3894230769230769,0.6388888888888888,0.5555555555555556,0.5925925925925926,0.3894230769230769,0.6388888888888888,0.5555555555555556,0.0,0.0,0.0,0.0
bull_to_neutral,0.25,1.0,15.0,-0.05,0,81,81,0.5925925925925926,0.3894230769230769,0.6388888888888888,0.5555555555555556,0.5925925925925926,0.3894230769230769,0.6388888888888888,0.5555555555555556,0.0,0.0,0.0,0.0
bull_to_bear,0.25,1.0,15.0,-0.05,0,81,81,0.5925925925925926,0.3894230769230769,0.6388888888888888,0.5555555555555556,0.5925925925925926,0.3894230769230769,0.6388888888888888,0.5555555555555556,0.0,0.0,0.0,0.0
bull_to_neutral,0.25,1.0,15.0,-0.1,0,81,81,0.5925925925925926,0.3894230769230769,0.6388888888888888,0.5555555555555556,0.5925925925925926,0.3894230769230769,0.6388888888888888,0.5555555555555556,0.0,0.0,0.0,0.0
bull_to_bear,0.25,1.0,15.0,-0.1,0,81,81,0.5925925925925926,0.3894230769230769,0.6388888888888888,0.5555555555555556,0.5925925925925926,0.3894230769230769,0.6388888888888888,0.5555555555555556,0.0,0.0,0.0,0.0
bull_to_neutral,0.25,0.99,,,0,81,81,0.5925925925925926,0.3894230769230769,0.6388888888888888,0.5555555555555556,0.5925925925925926,0.3894230769230769,0.6388888888888888,0.5555555555555556,0.0,0.0,0.0,0.0
bull_to_bear,0.25,0.99,,,0,81,81,0.5925925925925926,0.3894230769230769,0.6388888888888888,0.5555555555555556,0.5925925925925926,0.3894230769230769,0.6388888888888888,0.5555555555555556,0.0,0.0,0.0,0.0
bull_to_neutral,0.25,0.99,,0.0,0,81,81,0.5925925925925926,0.3894230769230769,0.6388888888888888,0.5555555555555556,0.5925925925925926,0.3894230769230769,0.6388888888888888,0.5555555555555556,0.0,0.0,0.0,0.0
bull_to_bear,0.25,0.99,,0.0,0,81,81,0.5925925925925926,0.3894230769230769,0.6388888888888888,0.5555555555555556,0.5925925925925926,0.3894230769230769,0.6388888888888888,0.5555555555555556,0.0,0.0,0.0,0.0
bull_to_neutral,0.25,0.99,,-0.05,0,81,81,0.5925925925925926,0.3894230769230769,0.6388888888888888,0.5555555555555556,0.5925925925925926,0.3894230769230769,0.6388888888888888,0.5555555555555556,0.0,0.0,0.0,0.0
bull_to_bear,0.25,0.99,,-0.05,0,81,81,0.5925925925925926,0.3894230769230769,0.6388888888888888,0.5555555555555556,0.5925925925925926,0.3894230769230769,0.6388888888888888,0.5555555555555556,0.0,0.0,0.0,0.0
bull_to_neutral,0.25,0.99,,-0.1,0,81,81,0.5925925925925926,0.3894230769230769,0.6388888888888888,0.5555555555555556,0.5925925925925926,0.3894230769230769,0.6388888888888888,0.5555555555555556,0.0,0.0,0.0,0.0
bull_to_bear,0.25,0.99,,-0.1,0,81,81,0.5925925925925926,0.3894230769230769,0.6388888888888888,0.5555555555555556,0.5925925925925926,0.3894230769230769,0.6388888888888888,0.5555555555555556,0.0,0.0,0.0,0.0
bull_to_neutral,0.25,0.99,0.0,,0,81,81,0.5925925925925926,0.3894230769230769,0.6388888888888888,0.5555555555555556,0.5925925925925926,0.3894230769230769,0.6388888888888888,0.5555555555555556,0.0,0.0,0.0,0.0
bull_to_bear,0.25,0.99,0.0,,0,81,81,0.5925925925925926,0.3894230769230769,0.6388888888888888,0.5555555555555556,0.5925925925925926,0.3894230769230769,0.6388888888888888,0.5555555555555556,0.0,0.0,0.0,0.0
bull_to_neutral,0.25,0.99,0.0,0.0,0,81,81,0.5925925925925926,0.3894230769230769,0.6388888888888888,0.5555555555555556,0.5925925925925926,0.3894230769230769,0.6388888888888888,0.5555555555555556,0.0,0.0,0.0,0.0
bull_to_bear,0.25,0.99,0.0,0.0,0,81,81,0.5925925925925926,0.3894230769230769,0.6388888888888888,0.5555555555555556,0.5925925925925926,0.3894230769230769,0.6388888888888888,0.5555555555555556,0.0,0.0,0.0,0.0
bull_to_neutral,0.25,0.99,0.0,-0.05,0,81,81,0.5925925925925926,0.3894230769230769,0.6388888888888888,0.5555555555555556,0.5925925925925926,0.3894230769230769,0.6388888888888888,0.5555555555555556,0.0,0.0,0.0,0.0
bull_to_bear,0.25,0.99,0.0,-0.05,0,81,81,0.5925925925925926,0.3894230769230769,0.6388888888888888,0.5555555555555556,0.5925925925925926,0.3894230769230769,0.6388888888888888,0.5555555555555556,0.0,0.0,0.0,0.0
bull_to_neutral,0.25,0.99,0.0,-0.1,0,81,81,0.5925925925925926,0.3894230769230769,0.6388888888888888,0.5555555555555556,0.5925925925925926,0.3894230769230769,0.6388888888888888,0.5555555555555556,0.0,0.0,0.0,0.0
bull_to_bear,0.25,0.99,0.0,-0.1,0,81,81,0.5925925925925926,0.3894230769230769,0.6388888888888888,0.5555555555555556,0.5925925925925926,0.3894230769230769,0.6388888888888888,0.5555555555555556,0.0,0.0,0.0,0.0
bull_to_neutral,0.25,0.99,5.0,,0,81,81,0.5925925925925926,0.3894230769230769,0.6388888888888888,0.5555555555555556,0.5925925925925926,0.3894230769230769,0.6388888888888888,0.5555555555555556,0.0,0.0,0.0,0.0
bull_to_bear,0.25,0.99,5.0,,0,81,81,0.5925925925925926,0.3894230769230769,0.6388888888888888,0.5555555555555556,0.5925925925925926,0.3894230769230769,0.6388888888888888,0.5555555555555556,0.0,0.0,0.0,0.0
bull_to_neutral,0.25,0.99,5.0,0.0,0,81,81,0.5925925925925926,0.3894230769230769,0.6388888888888888,0.5555555555555556,0.5925925925925926,0.3894230769230769,0.6388888888888888,0.5555555555555556,0.0,0.0,0.0,0.0
bull_to_bear,0.25,0.99,5.0,0.0,0,81,81,0.5925925925925926,0.3894230769230769,0.6388888888888888,0.5555555555555556,0.5925925925925926,0.3894230769230769,0.6388888888888888,0.5555555555555556,0.0,0.0,0.0,0.0
bull_to_neutral,0.25,0.99,5.0,-0.05,0,81,81,0.5925925925925926,0.3894230769230769,0.6388888888888888,0.5555555555555556,0.5925925925925926,0.3894230769230769,0.6388888888888888,0.5555555555555556,0.0,0.0,0.0,0.0
bull_to_bear,0.25,0.99,5.0,-0.05,0,81,81,0.5925925925925926,0.3894230769230769,0.6388888888888888,0.5555555555555556,0.5925925925925926,0.3894230769230769,0.6388888888888888,0.5555555555555556,0.0,0.0,0.0,0.0
bull_to_neutral,0.25,0.99,5.0,-0.1,0,81,81,0.5925925925925926,0.3894230769230769,0.6388888888888888,0.5555555555555556,0.5925925925925926,0.3894230769230769,0.6388888888888888,0.5555555555555556,0.0,0.0,0.0,0.0
bull_to_bear,0.25,0.99,5.0,-0.1,0,81,81,0.5925925925925926,0.3894230769230769,0.6388888888888888,0.5555555555555556,0.5925925925925926,0.3894230769230769,0.6388888888888888,0.5555555555555556,0.0,0.0,0.0,0.0
bull_to_neutral,0.25,0.99,10.0,,0,81,81,0.5925925925925926,0.3894230769230769,0.6388888888888888,0.5555555555555556,0.5925925925925926,0.3894230769230769,0.6388888888888888,0.5555555555555556,0.0,0.0,0.0,0.0
bull_to_bear,0.25,0.99,10.0,,0,81,81,0.5925925925925926,0.3894230769230769,0.6388888888888888,0.5555555555555556,0.5925925925925926,0.3894230769230769,0.6388888888888888,0.5555555555555556,0.0,0.0,0.0,0.0
bull_to_neutral,0.25,0.99,10.0,0.0,0,81,81,0.5925925925925926,0.3894230769230769,0.6388888888888888,0.5555555555555556,0.5925925925925926,0.3894230769230769,0.6388888888888888,0.5555555555555556,0.0,0.0,0.0,0.0
bull_to_bear,0.25,0.99,10.0,0.0,0,81,81,0.5925925925925926,0.3894230769230769,0.6388888888888888,0.5555555555555556,0.5925925925925926,0.3894230769230769,0.6388888888888888,0.5555555555555556,0.0,0.0,0.0,0.0
bull_to_neutral,0.25,0.99,10.0,-0.05,0,81,81,0.5925925925925926,0.3894230769230769,0.6388888888888888,0.5555555555555556,0.5925925925925926,0.3894230769230769,0.6388888888888888,0.5555555555555556,0.0,0.0,0.0,0.0
bull_to_bear,0.25,0.99,10.0,-0.05,0,81,81,0.5925925925925926,0.3894230769230769,0.6388888888888888,0.5555555555555556,0.5925925925925926,0.3894230769230769,0.6388888888888888,0.5555555555555556,0.0,0.0,0.0,0.0
bull_to_neutral,0.25,0.99,10.0,-0.1,0,81,81,0.5925925925925926,0.3894230769230769,0.6388888888888888,0.5555555555555556,0.5925925925925926,0.3894230769230769,0.6388888888888888,0.5555555555555556,0.0,0.0,0.0,0.0
bull_to_bear,0.25,0.99,10.0,-0.1,0,81,81,0.5925925925925926,0.3894230769230769,0.6388888888888888,0.5555555555555556,0.5925925925925926,0.3894230769230769,0.6388888888888888,0.5555555555555556,0.0,0.0,0.0,0.0
bull_to_neutral,0.25,0.99,15.0,,0,81,81,0.5925925925925926,0.3894230769230769,0.6388888888888888,0.5555555555555556,0.5925925925925926,0.3894230769230769,0.6388888888888888,0.5555555555555556,0.0,0.0,0.0,0.0
bull_to_bear,0.25,0.99,15.0,,0,81,81,0.5925925925925926,0.3894230769230769,0.6388888888888888,0.5555555555555556,0.5925925925925926,0.3894230769230769,0.6388888888888888,0.5555555555555556,0.0,0.0,0.0,0.0
bull_to_neutral,0.25,0.99,15.0,0.0,0,81,81,0.5925925925925926,0.3894230769230769,0.6388888888888888,0.5555555555555556,0.5925925925925926,0.3894230769230769,0.6388888888888888,0.5555555555555556,0.0,0.0,0.0,0.0
bull_to_bear,0.25,0.99,15.0,0.0,0,81,81,0.5925925925925926,0.3894230769230769,0.6388888888888888,0.5555555555555556,0.5925925925925926,0.3894230769230769,0.6388888888888888,0.5555555555555556,0.0,0.0,0.0,0.0
bull_to_neutral,0.25,0.99,15.0,-0.05,0,81,81,0.5925925925925926,0.3894230769230769,0.6388888888888888,0.5555555555555556,0.5925925925925926,0.3894230769230769,0.6388888888888888,0.5555555555555556,0.0,0.0,0.0,0.0
bull_to_bear,0.25,0.99,15.0,-0.05,0,81,81,0.5925925925925926,0.3894230769230769,0.6388888888888888,0.5555555555555556,0.5925925925925926,0.3894230769230769,0.6388888888888888,0.5555555555555556,0.0,0.0,0.0,0.0
bull_to_neutral,0.25,0.99,15.0,-0.1,0,81,81,0.5925925925925926,0.3894230769230769,0.6388888888888888,0.5555555555555556,0.5925925925925926,0.3894230769230769,0.6388888888888888,0.5555555555555556,0.0,0.0,0.0,0.0
bull_to_bear,0.25,0.99,15.0,-0.1,0,81,81,0.5925925925925926,0.3894230769230769,0.6388888888888888,0.5555555555555556,0.5925925925925926,0.3894230769230769,0.6388888888888888,0.5555555555555556,0.0,0.0,0.0,0.0
bull_to_neutral,0.25,0.98,,,0,81,81,0.5925925925925926,0.3894230769230769,0.6388888888888888,0.5555555555555556,0.5925925925925926,0.3894230769230769,0.6388888888888888,0.5555555555555556,0.0,0.0,0.0,0.0
bull_to_bear,0.25,0.98,,,0,81,81,0.5925925925925926,0.3894230769230769,0.6388888888888888,0.5555555555555556,0.5925925925925926,0.3894230769230769,0.6388888888888888,0.5555555555555556,0.0,0.0,0.0,0.0
bull_to_neutral,0.25,0.98,,0.0,0,81,81,0.5925925925925926,0.3894230769230769,0.6388888888888888,0.5555555555555556,0.5925925925925926,0.3894230769230769,0.6388888888888888,0.5555555555555556,0.0,0.0,0.0,0.0
bull_to_bear,0.25,0.98,,0.0,0,81,81,0.5925925925925926,0.3894230769230769,0.6388888888888888,0.5555555555555556,0.5925925925925926,0.3894230769230769,0.6388888888888888,0.5555555555555556,0.0,0.0,0.0,0.0
bull_to_neutral,0.25,0.98,,-0.05,0,81,81,0.5925925925925926,0.3894230769230769,0.6388888888888888,0.5555555555555556,0.5925925925925926,0.3894230769230769,0.6388888888888888,0.5555555555555556,0.0,0.0,0.0,0.0
bull_to_bear,0.25,0.98,,-0.05,0,81,81,0.5925925925925926,0.3894230769230769,0.6388888888888888,0.5555555555555556,0.5925925925925926,0.3894230769230769,0.6388888888888888,0.5555555555555556,0.0,0.0,0.0,0.0
bull_to_neutral,0.25,0.98,,-0.1,0,81,81,0.5925925925925926,0.3894230769230769,0.6388888888888888,0.5555555555555556,0.5925925925925926,0.3894230769230769,0.6388888888888888,0.5555555555555556,0.0,0.0,0.0,0.0
bull_to_bear,0.25,0.98,,-0.1,0,81,81,0.5925925925925926,0.3894230769230769,0.6388888888888888,0.5555555555555556,0.5925925925925926,0.3894230769230769,0.6388888888888888,0.5555555555555556,0.0,0.0,0.0,0.0
bull_to_neutral,0.25,0.98,0.0,,0,81,81,0.5925925925925926,0.3894230769230769,0.6388888888888888,0.5555555555555556,0.5925925925925926,0.3894230769230769,0.6388888888888888,0.5555555555555556,0.0,0.0,0.0,0.0
bull_to_bear,0.25,0.98,0.0,,0,81,81,0.5925925925925926,0.3894230769230769,0.6388888888888888,0.5555555555555556,0.5925925925925926,0.3894230769230769,0.6388888888888888,0.5555555555555556,0.0,0.0,0.0,0.0
bull_to_neutral,0.25,0.98,0.0,0.0,0,81,81,0.5925925925925926,0.3894230769230769,0.6388888888888888,0.5555555555555556,0.5925925925925926,0.3894230769230769,0.6388888888888888,0.5555555555555556,0.0,0.0,0.0,0.0
bull_to_bear,0.25,0.98,0.0,0.0,0,81,81,0.5925925925925926,0.3894230769230769,0.6388888888888888,0.5555555555555556,0.5925925925925926,0.3894230769230769,0.6388888888888888,0.5555555555555556,0.0,0.0,0.0,0.0
bull_to_neutral,0.25,0.98,0.0,-0.05,0,81,81,0.5925925925925926,0.3894230769230769,0.6388888888888888,0.5555555555555556,0.5925925925925926,0.3894230769230769,0.6388888888888888,0.5555555555555556,0.0,0.0,0.0,0.0
bull_to_bear,0.25,0.98,0.0,-0.05,0,81,81,0.5925925925925926,0.3894230769230769,0.6388888888888888,0.5555555555555556,0.5925925925925926,0.3894230769230769,0.6388888888888888,0.5555555555555556,0.0,0.0,0.0,0.0
bull_to_neutral,0.25,0.98,0.0,-0.1,0,81,81,0.5925925925925926,0.3894230769230769,0.6388888888888888,0.5555555555555556,0.5925925925925926,0.3894230769230769,0.6388888888888888,0.5555555555555556,0.0,0.0,0.0,0.0
bull_to_bear,0.25,0.98,0.0,-0.1,0,81,81,0.5925925925925926,0.3894230769230769,0.6388888888888888,0.5555555555555556,0.5925925925925926,0.3894230769230769,0.6388888888888888,0.5555555555555556,0.0,0.0,0.0,0.0
bull_to_neutral,0.25,0.98,5.0,,0,81,81,0.5925925925925926,0.3894230769230769,0.6388888888888888,0.5555555555555556,0.5925925925925926,0.3894230769230769,0.6388888888888888,0.5555555555555556,0.0,0.0,0.0,0.0
bull_to_bear,0.25,0.98,5.0,,0,81,81,0.5925925925925926,0.3894230769230769,0.6388888888888888,0.5555555555555556,0.5925925925925926,0.3894230769230769,0.6388888888888888,0.5555555555555556,0.0,0.0,0.0,0.0
bull_to_neutral,0.25,0.98,5.0,0.0,0,81,81,0.5925925925925926,0.3894230769230769,0.6388888888888888,0.5555555555555556,0.5925925925925926,0.3894230769230769,0.6388888888888888,0.5555555555555556,0.0,0.0,0.0,0.0
bull_to_bear,0.25,0.98,5.0,0.0,0,81,81,0.5925925925925926,0.3894230769230769,0.6388888888888888,0.5555555555555556,0.5925925925925926,0.3894230769230769,0.6388888888888888,0.5555555555555556,0.0,0.0,0.0,0.0
bull_to_neutral,0.25,0.98,5.0,-0.05,0,81,81,0.5925925925925926,0.3894230769230769,0.6388888888888888,0.5555555555555556,0.5925925925925926,0.3894230769230769,0.6388888888888888,0.5555555555555556,0.0,0.0,0.0,0.0
bull_to_bear,0.25,0.98,5.0,-0.05,0,81,81,0.5925925925925926,0.3894230769230769,0.6388888888888888,0.5555555555555556,0.5925925925925926,0.3894230769230769,0.6388888888888888,0.5555555555555556,0.0,0.0,0.0,0.0
bull_to_neutral,0.25,0.98,5.0,-0.1,0,81,81,0.5925925925925926,0.3894230769230769,0.6388888888888888,0.5555555555555556,0.5925925925925926,0.3894230769230769,0.6388888888888888,0.5555555555555556,0.0,0.0,0.0,0.0
bull_to_bear,0.25,0.98,5.0,-0.1,0,81,81,0.5925925925925926,0.3894230769230769,0.6388888888888888,0.5555555555555556,0.5925925925925926,0.3894230769230769,0.6388888888888888,0.5555555555555556,0.0,0.0,0.0,0.0
bull_to_neutral,0.25,0.98,10.0,,0,81,81,0.5925925925925926,0.3894230769230769,0.6388888888888888,0.5555555555555556,0.5925925925925926,0.3894230769230769,0.6388888888888888,0.5555555555555556,0.0,0.0,0.0,0.0
bull_to_bear,0.25,0.98,10.0,,0,81,81,0.5925925925925926,0.3894230769230769,0.6388888888888888,0.5555555555555556,0.5925925925925926,0.3894230769230769,0.6388888888888888,0.5555555555555556,0.0,0.0,0.0,0.0
bull_to_neutral,0.25,0.98,10.0,0.0,0,81,81,0.5925925925925926,0.3894230769230769,0.6388888888888888,0.5555555555555556,0.5925925925925926,0.3894230769230769,0.6388888888888888,0.5555555555555556,0.0,0.0,0.0,0.0
bull_to_bear,0.25,0.98,10.0,0.0,0,81,81,0.5925925925925926,0.3894230769230769,0.6388888888888888,0.5555555555555556,0.5925925925925926,0.3894230769230769,0.6388888888888888,0.5555555555555556,0.0,0.0,0.0,0.0
bull_to_neutral,0.25,0.98,10.0,-0.05,0,81,81,0.5925925925925926,0.3894230769230769,0.6388888888888888,0.5555555555555556,0.5925925925925926,0.3894230769230769,0.6388888888888888,0.5555555555555556,0.0,0.0,0.0,0.0
bull_to_bear,0.25,0.98,10.0,-0.05,0,81,81,0.5925925925925926,0.3894230769230769,0.6388888888888888,0.5555555555555556,0.5925925925925926,0.3894230769230769,0.6388888888888888,0.5555555555555556,0.0,0.0,0.0,0.0
bull_to_neutral,0.25,0.98,10.0,-0.1,0,81,81,0.5925925925925926,0.3894230769230769,0.6388888888888888,0.5555555555555556,0.5925925925925926,0.3894230769230769,0.6388888888888888,0.5555555555555556,0.0,0.0,0.0,0.0
bull_to_bear,0.25,0.98,10.0,-0.1,0,81,81,0.5925925925925926,0.3894230769230769,0.6388888888888888,0.5555555555555556,0.5925925925925926,0.3894230769230769,0.6388888888888888,0.5555555555555556,0.0,0.0,0.0,0.0
bull_to_neutral,0.25,0.98,15.0,,0,81,81,0.5925925925925926,0.3894230769230769,0.6388888888888888,0.5555555555555556,0.5925925925925926,0.3894230769230769,0.6388888888888888,0.5555555555555556,0.0,0.0,0.0,0.0
bull_to_bear,0.25,0.98,15.0,,0,81,81,0.5925925925925926,0.3894230769230769,0.6388888888888888,0.5555555555555556,0.5925925925925926,0.3894230769230769,0.6388888888888888,0.5555555555555556,0.0,0.0,0.0,0.0
bull_to_neutral,0.25,0.98,15.0,0.0,0,81,81,0.5925925925925926,0.3894230769230769,0.6388888888888888,0.5555555555555556,0.5925925925925926,0.3894230769230769,0.6388888888888888,0.5555555555555556,0.0,0.0,0.0,0.0
bull_to_bear,0.25,0.98,15.0,0.0,0,81,81,0.5925925925925926,0.3894230769230769,0.6388888888888888,0.5555555555555556,0.5925925925925926,0.3894230769230769,0.6388888888888888,0.5555555555555556,0.0,0.0,0.0,0.0
bull_to_neutral,0.25,0.98,15.0,-0.05,0,81,81,0.5925925925925926,0.3894230769230769,0.6388888888888888,0.5555555555555556,0.5925925925925926,0.3894230769230769,0.6388888888888888,0.5555555555555556,0.0,0.0,0.0,0.0
bull_to_bear,0.25,0.98,15.0,-0.05,0,81,81,0.5925925925925926,0.3894230769230769,0.6388888888888888,0.5555555555555556,0.5925925925925926,0.3894230769230769,0.6388888888888888,0.5555555555555556,0.0,0.0,0.0,0.0
bull_to_neutral,0.25,0.98,15.0,-0.1,0,81,81,0.5925925925925926,0.3894230769230769,0.6388888888888888,0.5555555555555556,0.5925925925925926,0.3894230769230769,0.6388888888888888,0.5555555555555556,0.0,0.0,0.0,0.0
bull_to_bear,0.25,0.98,15.0,-0.1,0,81,81,0.5925925925925926,0.3894230769230769,0.6388888888888888,0.5555555555555556,0.5925925925925926,0.3894230769230769,0.6388888888888888,0.5555555555555556,0.0,0.0,0.0,0.0
bull_to_neutral,0.25,0.97,,,0,81,81,0.5925925925925926,0.3894230769230769,0.6388888888888888,0.5555555555555556,0.5925925925925926,0.3894230769230769,0.6388888888888888,0.5555555555555556,0.0,0.0,0.0,0.0
bull_to_bear,0.25,0.97,,,0,81,81,0.5925925925925926,0.3894230769230769,0.6388888888888888,0.5555555555555556,0.5925925925925926,0.3894230769230769,0.6388888888888888,0.5555555555555556,0.0,0.0,0.0,0.0
bull_to_neutral,0.25,0.97,,0.0,0,81,81,0.5925925925925926,0.3894230769230769,0.6388888888888888,0.5555555555555556,0.5925925925925926,0.3894230769230769,0.6388888888888888,0.5555555555555556,0.0,0.0,0.0,0.0
bull_to_bear,0.25,0.97,,0.0,0,81,81,0.5925925925925926,0.3894230769230769,0.6388888888888888,0.5555555555555556,0.5925925925925926,0.3894230769230769,0.6388888888888888,0.5555555555555556,0.0,0.0,0.0,0.0
bull_to_neutral,0.25,0.97,,-0.05,0,81,81,0.5925925925925926,0.3894230769230769,0.6388888888888888,0.5555555555555556,0.5925925925925926,0.3894230769230769,0.6388888888888888,0.5555555555555556,0.0,0.0,0.0,0.0
bull_to_bear,0.25,0.97,,-0.05,0,81,81,0.5925925925925926,0.3894230769230769,0.6388888888888888,0.5555555555555556,0.5925925925925926,0.3894230769230769,0.6388888888888888,0.5555555555555556,0.0,0.0,0.0,0.0
bull_to_neutral,0.25,0.97,,-0.1,0,81,81,0.5925925925925926,0.3894230769230769,0.6388888888888888,0.5555555555555556,0.5925925925925926,0.3894230769230769,0.6388888888888888,0.5555555555555556,0.0,0.0,0.0,0.0
bull_to_bear,0.25,0.97,,-0.1,0,81,81,0.5925925925925926,0.3894230769230769,0.6388888888888888,0.5555555555555556,0.5925925925925926,0.3894230769230769,0.6388888888888888,0.5555555555555556,0.0,0.0,0.0,0.0
bull_to_neutral,0.25,0.97,0.0,,0,81,81,0.5925925925925926,0.3894230769230769,0.6388888888888888,0.5555555555555556,0.5925925925925926,0.3894230769230769,0.6388888888888888,0.5555555555555556,0.0,0.0,0.0,0.0
bull_to_bear,0.25,0.97,0.0,,0,81,81,0.5925925925925926,0.3894230769230769,0.6388888888888888,0.5555555555555556,0.5925925925925926,0.3894230769230769,0.6388888888888888,0.5555555555555556,0.0,0.0,0.0,0.0
bull_to_neutral,0.25,0.97,0.0,0.0,0,81,81,0.5925925925925926,0.3894230769230769,0.6388888888888888,0.5555555555555556,0.5925925925925926,0.3894230769230769,0.6388888888888888,0.5555555555555556,0.0,0.0,0.0,0.0
bull_to_bear,0.25,0.97,0.0,0.0,0,81,81,0.5925925925925926,0.3894230769230769,0.6388888888888888,0.5555555555555556,0.5925925925925926,0.3894230769230769,0.6388888888888888,0.5555555555555556,0.0,0.0,0.0,0.0
bull_to_neutral,0.25,0.97,0.0,-0.05,0,81,81,0.5925925925925926,0.3894230769230769,0.6388888888888888,0.5555555555555556,0.5925925925925926,0.3894230769230769,0.6388888888888888,0.5555555555555556,0.0,0.0,0.0,0.0
bull_to_bear,0.25,0.97,0.0,-0.05,0,81,81,0.5925925925925926,0.3894230769230769,0.6388888888888888,0.5555555555555556,0.5925925925925926,0.3894230769230769,0.6388888888888888,0.5555555555555556,0.0,0.0,0.0,0.0
bull_to_neutral,0.25,0.97,0.0,-0.1,0,81,81,0.5925925925925926,0.3894230769230769,0.6388888888888888,0.5555555555555556,0.5925925925925926,0.3894230769230769,0.6388888888888888,0.5555555555555556,0.0,0.0,0.0,0.0
bull_to_bear,0.25,0.97,0.0,-0.1,0,81,81,0.5925925925925926,0.3894230769230769,0.6388888888888888,0.5555555555555556,0.5925925925925926,0.3894230769230769,0.6388888888888888,0.5555555555555556,0.0,0.0,0.0,0.0
bull_to_neutral,0.25,0.97,5.0,,0,81,81,0.5925925925925926,0.3894230769230769,0.6388888888888888,0.5555555555555556,0.5925925925925926,0.3894230769230769,0.6388888888888888,0.5555555555555556,0.0,0.0,0.0,0.0
bull_to_bear,0.25,0.97,5.0,,0,81,81,0.5925925925925926,0.3894230769230769,0.6388888888888888,0.5555555555555556,0.5925925925925926,0.3894230769230769,0.6388888888888888,0.5555555555555556,0.0,0.0,0.0,0.0
bull_to_neutral,0.25,0.97,5.0,0.0,0,81,81,0.5925925925925926,0.3894230769230769,0.6388888888888888,0.5555555555555556,0.5925925925925926,0.3894230769230769,0.6388888888888888,0.5555555555555556,0.0,0.0,0.0,0.0
bull_to_bear,0.25,0.97,5.0,0.0,0,81,81,0.5925925925925926,0.3894230769230769,0.6388888888888888,0.5555555555555556,0.5925925925925926,0.3894230769230769,0.6388888888888888,0.5555555555555556,0.0,0.0,0.0,0.0
bull_to_neutral,0.25,0.97,5.0,-0.05,0,81,81,0.5925925925925926,0.3894230769230769,0.6388888888888888,0.5555555555555556,0.5925925925925926,0.3894230769230769,0.6388888888888888,0.5555555555555556,0.0,0.0,0.0,0.0
bull_to_bear,0.25,0.97,5.0,-0.05,0,81,81,0.5925925925925926,0.3894230769230769,0.6388888888888888,0.5555555555555556,0.5925925925925926,0.3894230769230769,0.6388888888888888,0.5555555555555556,0.0,0.0,0.0,0.0
bull_to_neutral,0.25,0.97,5.0,-0.1,0,81,81,0.5925925925925926,0.3894230769230769,0.6388888888888888,0.5555555555555556,0.5925925925925926,0.3894230769230769,0.6388888888888888,0.5555555555555556,0.0,0.0,0.0,0.0
bull_to_bear,0.25,0.97,5.0,-0.1,0,81,81,0.5925925925925926,0.3894230769230769,0.6388888888888888,0.5555555555555556,0.5925925925925926,0.3894230769230769,0.6388888888888888,0.5555555555555556,0.0,0.0,0.0,0.0
bull_to_neutral,0.25,0.97,10.0,,0,81,81,0.5925925925925926,0.3894230769230769,0.6388888888888888,0.5555555555555556,0.5925925925925926,0.3894230769230769,0.6388888888888888,0.5555555555555556,0.0,0.0,0.0,0.0
bull_to_bear,0.25,0.97,10.0,,0,81,81,0.5925925925925926,0.3894230769230769,0.6388888888888888,0.5555555555555556,0.5925925925925926,0.3894230769230769,0.6388888888888888,0.5555555555555556,0.0,0.0,0.0,0.0
bull_to_neutral,0.25,0.97,10.0,0.0,0,81,81,0.5925925925925926,0.3894230769230769,0.6388888888888888,0.5555555555555556,0.5925925925925926,0.3894230769230769,0.6388888888888888,0.5555555555555556,0.0,0.0,0.0,0.0
bull_to_bear,0.25,0.97,10.0,0.0,0,81,81,0.5925925925925926,0.3894230769230769,0.6388888888888888,0.5555555555555556,0.5925925925925926,0.3894230769230769,0.6388888888888888,0.5555555555555556,0.0,0.0,0.0,0.0
bull_to_neutral,0.25,0.97,10.0,-0.05,0,81,81,0.5925925925925926,0.3894230769230769,0.6388888888888888,0.5555555555555556,0.5925925925925926,0.3894230769230769,0.6388888888888888,0.5555555555555556,0.0,0.0,0.0,0.0
bull_to_bear,0.25,0.97,10.0,-0.05,0,81,81,0.5925925925925926,0.3894230769230769,0.6388888888888888,0.5555555555555556,0.5925925925925926,0.3894230769230769,0.6388888888888888,0.5555555555555556,0.0,0.0,0.0,0.0
bull_to_neutral,0.25,0.97,10.0,-0.1,0,81,81,0.5925925925925926,0.3894230769230769,0.6388888888888888,0.5555555555555556,0.5925925925925926,0.3894230769230769,0.6388888888888888,0.5555555555555556,0.0,0.0,0.0,0.0
bull_to_bear,0.25,0.97,10.0,-0.1,0,81,81,0.5925925925925926,0.3894230769230769,0.6388888888888888,0.5555555555555556,0.5925925925925926,0.3894230769230769,0.6388888888888888,0.5555555555555556,0.0,0.0,0.0,0.0
bull_to_neutral,0.25,0.97,15.0,,0,81,81,0.5925925925925926,0.3894230769230769,0.6388888888888888,0.5555555555555556,0.5925925925925926,0.3894230769230769,0.6388888888888888,0.5555555555555556,0.0,0.0,0.0,0.0
bull_to_bear,0.25,0.97,15.0,,0,81,81,0.5925925925925926,0.3894230769230769,0.6388888888888888,0.5555555555555556,0.5925925925925926,0.3894230769230769,0.6388888888888888,0.5555555555555556,0.0,0.0,0.0,0.0
bull_to_neutral,0.25,0.97,15.0,0.0,0,81,81,0.5925925925925926,0.3894230769230769,0.6388888888888888,0.5555555555555556,0.5925925925925926,0.3894230769230769,0.6388888888888888,0.5555555555555556,0.0,0.0,0.0,0.0
bull_to_bear,0.25,0.97,15.0,0.0,0,81,81,0.5925925925925926,0.3894230769230769,0.6388888888888888,0.5555555555555556,0.5925925925925926,0.3894230769230769,0.6388888888888888,0.5555555555555556,0.0,0.0,0.0,0.0
bull_to_neutral,0.25,0.97,15.0,-0.05,0,81,81,0.5925925925925926,0.3894230769230769,0.6388888888888888,0.5555555555555556,0.5925925925925926,0.3894230769230769,0.6388888888888888,0.5555555555555556,0.0,0.0,0.0,0.0
bull_to_bear,0.25,0.97,15.0,-0.05,0,81,81,0.5925925925925926,0.3894230769230769,0.6388888888888888,0.5555555555555556,0.5925925925925926,0.3894230769230769,0.6388888888888888,0.5555555555555556,0.0,0.0,0.0,0.0
bull_to_neutral,0.25,0.97,15.0,-0.1,0,81,81,0.5925925925925926,0.3894230769230769,0.6388888888888888,0.5555555555555556,0.5925925925925926,0.3894230769230769,0.6388888888888888,0.5555555555555556,0.0,0.0,0.0,0.0
bull_to_bear,0.25,0.97,15.0,-0.1,0,81,81,0.5925925925925926,0.3894230769230769,0.6388888888888888,0.5555555555555556,0.5925925925925926,0.3894230769230769,0.6388888888888888,0.5555555555555556,0.0,0.0,0.0,0.0
bull_to_neutral,0.25,0.95,,,0,81,81,0.5925925925925926,0.3894230769230769,0.6388888888888888,0.5555555555555556,0.5925925925925926,0.3894230769230769,0.6388888888888888,0.5555555555555556,0.0,0.0,0.0,0.0
bull_to_bear,0.25,0.95,,,0,81,81,0.5925925925925926,0.3894230769230769,0.6388888888888888,0.5555555555555556,0.5925925925925926,0.3894230769230769,0.6388888888888888,0.5555555555555556,0.0,0.0,0.0,0.0
bull_to_neutral,0.25,0.95,,0.0,0,81,81,0.5925925925925926,0.3894230769230769,0.6388888888888888,0.5555555555555556,0.5925925925925926,0.3894230769230769,0.6388888888888888,0.5555555555555556,0.0,0.0,0.0,0.0
bull_to_bear,0.25,0.95,,0.0,0,81,81,0.5925925925925926,0.3894230769230769,0.6388888888888888,0.5555555555555556,0.5925925925925926,0.3894230769230769,0.6388888888888888,0.5555555555555556,0.0,0.0,0.0,0.0
bull_to_neutral,0.25,0.95,,-0.05,0,81,81,0.5925925925925926,0.3894230769230769,0.6388888888888888,0.5555555555555556,0.5925925925925926,0.3894230769230769,0.6388888888888888,0.5555555555555556,0.0,0.0,0.0,0.0
bull_to_bear,0.25,0.95,,-0.05,0,81,81,0.5925925925925926,0.3894230769230769,0.6388888888888888,0.5555555555555556,0.5925925925925926,0.3894230769230769,0.6388888888888888,0.5555555555555556,0.0,0.0,0.0,0.0
bull_to_neutral,0.25,0.95,,-0.1,0,81,81,0.5925925925925926,0.3894230769230769,0.6388888888888888,0.5555555555555556,0.5925925925925926,0.3894230769230769,0.6388888888888888,0.5555555555555556,0.0,0.0,0.0,0.0
bull_to_bear,0.25,0.95,,-0.1,0,81,81,0.5925925925925926,0.3894230769230769,0.6388888888888888,0.5555555555555556,0.5925925925925926,0.3894230769230769,0.6388888888888888,0.5555555555555556,0.0,0.0,0.0,0.0
bull_to_neutral,0.25,0.95,0.0,,0,81,81,0.5925925925925926,0.3894230769230769,0.6388888888888888,0.5555555555555556,0.5925925925925926,0.3894230769230769,0.6388888888888888,0.5555555555555556,0.0,0.0,0.0,0.0
bull_to_bear,0.25,0.95,0.0,,0,81,81,0.5925925925925926,0.3894230769230769,0.6388888888888888,0.5555555555555556,0.5925925925925926,0.3894230769230769,0.6388888888888888,0.5555555555555556,0.0,0.0,0.0,0.0
bull_to_neutral,0.25,0.95,0.0,0.0,0,81,81,0.5925925925925926,0.3894230769230769,0.6388888888888888,0.5555555555555556,0.5925925925925926,0.3894230769230769,0.6388888888888888,0.5555555555555556,0.0,0.0,0.0,0.0
bull_to_bear,0.25,0.95,0.0,0.0,0,81,81,0.5925925925925926,0.3894230769230769,0.6388888888888888,0.5555555555555556,0.5925925925925926,0.3894230769230769,0.6388888888888888,0.5555555555555556,0.0,0.0,0.0,0.0
bull_to_neutral,0.25,0.95,0.0,-0.05,0,81,81,0.5925925925925926,0.3894230769230769,0.6388888888888888,0.5555555555555556,0.5925925925925926,0.3894230769230769,0.6388888888888888,0.5555555555555556,0.0,0.0,0.0,0.0
bull_to_bear,0.25,0.95,0.0,-0.05,0,81,81,0.5925925925925926,0.3894230769230769,0.6388888888888888,0.5555555555555556,0.5925925925925926,0.3894230769230769,0.6388888888888888,0.5555555555555556,0.0,0.0,0.0,0.0
bull_to_neutral,0.25,0.95,0.0,-0.1,0,81,81,0.5925925925925926,0.3894230769230769,0.6388888888888888,0.5555555555555556,0.5925925925925926,0.3894230769230769,0.6388888888888888,0.5555555555555556,0.0,0.0,0.0,0.0
bull_to_bear,0.25,0.95,0.0,-0.1,0,81,81,0.5925925925925926,0.3894230769230769,0.6388888888888888,0.5555555555555556,0.5925925925925926,0.3894230769230769,0.6388888888888888,0.5555555555555556,0.0,0.0,0.0,0.0
bull_to_neutral,0.25,0.95,5.0,,0,81,81,0.5925925925925926,0.3894230769230769,0.6388888888888888,0.5555555555555556,0.5925925925925926,0.3894230769230769,0.6388888888888888,0.5555555555555556,0.0,0.0,0.0,0.0
bull_to_bear,0.25,0.95,5.0,,0,81,81,0.5925925925925926,0.3894230769230769,0.6388888888888888,0.5555555555555556,0.5925925925925926,0.3894230769230769,0.6388888888888888,0.5555555555555556,0.0,0.0,0.0,0.0
bull_to_neutral,0.25,0.95,5.0,0.0,0,81,81,0.5925925925925926,0.3894230769230769,0.6388888888888888,0.5555555555555556,0.5925925925925926,0.3894230769230769,0.6388888888888888,0.5555555555555556,0.0,0.0,0.0,0.0
bull_to_bear,0.25,0.95,5.0,0.0,0,81,81,0.5925925925925926,0.3894230769230769,0.6388888888888888,0.5555555555555556,0.5925925925925926,0.3894230769230769,0.6388888888888888,0.5555555555555556,0.0,0.0,0.0,0.0
bull_to_neutral,0.25,0.95,5.0,-0.05,0,81,81,0.5925925925925926,0.3894230769230769,0.6388888888888888,0.5555555555555556,0.5925925925925926,0.3894230769230769,0.6388888888888888,0.5555555555555556,0.0,0.0,0.0,0.0
bull_to_bear,0.25,0.95,5.0,-0.05,0,81,81,0.5925925925925926,0.3894230769230769,0.6388888888888888,0.5555555555555556,0.5925925925925926,0.3894230769230769,0.6388888888888888,0.5555555555555556,0.0,0.0,0.0,0.0
bull_to_neutral,0.25,0.95,5.0,-0.1,0,81,81,0.5925925925925926,0.3894230769230769,0.6388888888888888,0.5555555555555556,0.5925925925925926,0.3894230769230769,0.6388888888888888,0.5555555555555556,0.0,0.0,0.0,0.0
bull_to_bear,0.25,0.95,5.0,-0.1,0,81,81,0.5925925925925926,0.3894230769230769,0.6388888888888888,0.5555555555555556,0.5925925925925926,0.3894230769230769,0.6388888888888888,0.5555555555555556,0.0,0.0,0.0,0.0
bull_to_neutral,0.25,0.95,10.0,,0,81,81,0.5925925925925926,0.3894230769230769,0.6388888888888888,0.5555555555555556,0.5925925925925926,0.3894230769230769,0.6388888888888888,0.5555555555555556,0.0,0.0,0.0,0.0
bull_to_bear,0.25,0.95,10.0,,0,81,81,0.5925925925925926,0.3894230769230769,0.6388888888888888,0.5555555555555556,0.5925925925925926,0.3894230769230769,0.6388888888888888,0.5555555555555556,0.0,0.0,0.0,0.0
bull_to_neutral,0.25,0.95,10.0,0.0,0,81,81,0.5925925925925926,0.3894230769230769,0.6388888888888888,0.5555555555555556,0.5925925925925926,0.3894230769230769,0.6388888888888888,0.5555555555555556,0.0,0.0,0.0,0.0
bull_to_bear,0.25,0.95,10.0,0.0,0,81,81,0.5925925925925926,0.3894230769230769,0.6388888888888888,0.5555555555555556,0.5925925925925926,0.3894230769230769,0.6388888888888888,0.5555555555555556,0.0,0.0,0.0,0.0
bull_to_neutral,0.25,0.95,10.0,-0.05,0,81,81,0.5925925925925926,0.3894230769230769,0.6388888888888888,0.5555555555555556,0.5925925925925926,0.3894230769230769,0.6388888888888888,0.5555555555555556,0.0,0.0,0.0,0.0
bull_to_bear,0.25,0.95,10.0,-0.05,0,81,81,0.5925925925925926,0.3894230769230769,0.6388888888888888,0.5555555555555556,0.5925925925925926,0.3894230769230769,0.6388888888888888,0.5555555555555556,0.0,0.0,0.0,0.0
bull_to_neutral,0.25,0.95,10.0,-0.1,0,81,81,0.5925925925925926,0.3894230769230769,0.6388888888888888,0.5555555555555556,0.5925925925925926,0.3894230769230769,0.6388888888888888,0.5555555555555556,0.0,0.0,0.0,0.0
bull_to_bear,0.25,0.95,10.0,-0.1,0,81,81,0.5925925925925926,0.3894230769230769,0.6388888888888888,0.5555555555555556,0.5925925925925926,0.3894230769230769,0.6388888888888888,0.5555555555555556,0.0,0.0,0.0,0.0
bull_to_neutral,0.25,0.95,15.0,,0,81,81,0.5925925925925926,0.3894230769230769,0.6388888888888888,0.5555555555555556,0.5925925925925926,0.3894230769230769,0.6388888888888888,0.5555555555555556,0.0,0.0,0.0,0.0
bull_to_bear,0.25,0.95,15.0,,0,81,81,0.5925925925925926,0.3894230769230769,0.6388888888888888,0.5555555555555556,0.5925925925925926,0.3894230769230769,0.6388888888888888,0.5555555555555556,0.0,0.0,0.0,0.0
bull_to_neutral,0.25,0.95,15.0,0.0,0,81,81,0.5925925925925926,0.3894230769230769,0.6388888888888888,0.5555555555555556,0.5925925925925926,0.3894230769230769,0.6388888888888888,0.5555555555555556,0.0,0.0,0.0,0.0
bull_to_bear,0.25,0.95,15.0,0.0,0,81,81,0.5925925925925926,0.3894230769230769,0.6388888888888888,0.5555555555555556,0.5925925925925926,0.3894230769230769,0.6388888888888888,0.5555555555555556,0.0,0.0,0.0,0.0
bull_to_neutral,0.25,0.95,15.0,-0.05,0,81,81,0.5925925925925926,0.3894230769230769,0.6388888888888888,0.5555555555555556,0.5925925925925926,0.3894230769230769,0.6388888888888888,0.5555555555555556,0.0,0.0,0.0,0.0
bull_to_bear,0.25,0.95,15.0,-0.05,0,81,81,0.5925925925925926,0.3894230769230769,0.6388888888888888,0.5555555555555556,0.5925925925925926,0.3894230769230769,0.6388888888888888,0.5555555555555556,0.0,0.0,0.0,0.0
bull_to_neutral,0.25,0.95,15.0,-0.1,0,81,81,0.5925925925925926,0.3894230769230769,0.6388888888888888,0.5555555555555556,0.5925925925925926,0.3894230769230769,0.6388888888888888,0.5555555555555556,0.0,0.0,0.0,0.0
bull_to_bear,0.25,0.95,15.0,-0.1,0,81,81,0.5925925925925926,0.3894230769230769,0.6388888888888888,0.5555555555555556,0.5925925925925926,0.3894230769230769,0.6388888888888888,0.5555555555555556,0.0,0.0,0.0,0.0
bull_to_neutral,0.25,0.93,,,0,81,81,0.5925925925925926,0.3894230769230769,0.6388888888888888,0.5555555555555556,0.5925925925925926,0.3894230769230769,0.6388888888888888,0.5555555555555556,0.0,0.0,0.0,0.0
bull_to_bear,0.25,0.93,,,0,81,81,0.5925925925925926,0.3894230769230769,0.6388888888888888,0.5555555555555556,0.5925925925925926,0.3894230769230769,0.6388888888888888,0.5555555555555556,0.0,0.0,0.0,0.0
bull_to_neutral,0.25,0.93,,0.0,0,81,81,0.5925925925925926,0.3894230769230769,0.6388888888888888,0.5555555555555556,0.5925925925925926,0.3894230769230769,0.6388888888888888,0.5555555555555556,0.0,0.0,0.0,0.0
bull_to_bear,0.25,0.93,,0.0,0,81,81,0.5925925925925926,0.3894230769230769,0.6388888888888888,0.5555555555555556,0.5925925925925926,0.3894230769230769,0.6388888888888888,0.5555555555555556,0.0,0.0,0.0,0.0
bull_to_neutral,0.25,0.93,,-0.05,0,81,81,0.5925925925925926,0.3894230769230769,0.6388888888888888,0.5555555555555556,0.5925925925925926,0.3894230769230769,0.6388888888888888,0.5555555555555556,0.0,0.0,0.0,0.0
bull_to_bear,0.25,0.93,,-0.05,0,81,81,0.5925925925925926,0.3894230769230769,0.6388888888888888,0.5555555555555556,0.5925925925925926,0.3894230769230769,0.6388888888888888,0.5555555555555556,0.0,0.0,0.0,0.0
bull_to_neutral,0.25,0.93,,-0.1,0,81,81,0.5925925925925926,0.3894230769230769,0.6388888888888888,0.5555555555555556,0.5925925925925926,0.3894230769230769,0.6388888888888888,0.5555555555555556,0.0,0.0,0.0,0.0
bull_to_bear,0.25,0.93,,-0.1,0,81,81,0.5925925925925926,0.3894230769230769,0.6388888888888888,0.5555555555555556,0.5925925925925926,0.3894230769230769,0.6388888888888888,0.5555555555555556,0.0,0.0,0.0,0.0
bull_to_neutral,0.25,0.93,0.0,,0,81,81,0.5925925925925926,0.3894230769230769,0.6388888888888888,0.5555555555555556,0.5925925925925926,0.3894230769230769,0.6388888888888888,0.5555555555555556,0.0,0.0,0.0,0.0
bull_to_bear,0.25,0.93,0.0,,0,81,81,0.5925925925925926,0.3894230769230769,0.6388888888888888,0.5555555555555556,0.5925925925925926,0.3894230769230769,0.6388888888888888,0.5555555555555556,0.0,0.0,0.0,0.0
bull_to_neutral,0.25,0.93,0.0,0.0,0,81,81,0.5925925925925926,0.3894230769230769,0.6388888888888888,0.5555555555555556,0.5925925925925926,0.3894230769230769,0.6388888888888888,0.5555555555555556,0.0,0.0,0.0,0.0
bull_to_bear,0.25,0.93,0.0,0.0,0,81,81,0.5925925925925926,0.3894230769230769,0.6388888888888888,0.5555555555555556,0.5925925925925926,0.3894230769230769,0.6388888888888888,0.5555555555555556,0.0,0.0,0.0,0.0
bull_to_neutral,0.25,0.93,0.0,-0.05,0,81,81,0.5925925925925926,0.3894230769230769,0.6388888888888888,0.5555555555555556,0.5925925925925926,0.3894230769230769,0.6388888888888888,0.5555555555555556,0.0,0.0,0.0,0.0
bull_to_bear,0.25,0.93,0.0,-0.05,0,81,81,0.5925925925925926,0.3894230769230769,0.6388888888888888,0.5555555555555556,0.5925925925925926,0.3894230769230769,0.6388888888888888,0.5555555555555556,0.0,0.0,0.0,0.0
bull_to_neutral,0.25,0.93,0.0,-0.1,0,81,81,0.5925925925925926,0.3894230769230769,0.6388888888888888,0.5555555555555556,0.5925925925925926,0.3894230769230769,0.6388888888888888,0.5555555555555556,0.0,0.0,0.0,0.0
bull_to_bear,0.25,0.93,0.0,-0.1,0,81,81,0.5925925925925926,0.3894230769230769,0.6388888888888888,0.5555555555555556,0.5925925925925926,0.3894230769230769,0.6388888888888888,0.5555555555555556,0.0,0.0,0.0,0.0
bull_to_neutral,0.25,0.93,5.0,,0,81,81,0.5925925925925926,0.3894230769230769,0.6388888888888888,0.5555555555555556,0.5925925925925926,0.3894230769230769,0.6388888888888888,0.5555555555555556,0.0,0.0,0.0,0.0
bull_to_bear,0.25,0.93,5.0,,0,81,81,0.5925925925925926,0.3894230769230769,0.6388888888888888,0.5555555555555556,0.5925925925925926,0.3894230769230769,0.6388888888888888,0.5555555555555556,0.0,0.0,0.0,0.0
bull_to_neutral,0.25,0.93,5.0,0.0,0,81,81,0.5925925925925926,0.3894230769230769,0.6388888888888888,0.5555555555555556,0.5925925925925926,0.3894230769230769,0.6388888888888888,0.5555555555555556,0.0,0.0,0.0,0.0
bull_to_bear,0.25,0.93,5.0,0.0,0,81,81,0.5925925925925926,0.3894230769230769,0.6388888888888888,0.5555555555555556,0.5925925925925926,0.3894230769230769,0.6388888888888888,0.5555555555555556,0.0,0.0,0.0,0.0
bull_to_neutral,0.25,0.93,5.0,-0.05,0,81,81,0.5925925925925926,0.3894230769230769,0.6388888888888888,0.5555555555555556,0.5925925925925926,0.3894230769230769,0.6388888888888888,0.5555555555555556,0.0,0.0,0.0,0.0
bull_to_bear,0.25,0.93,5.0,-0.05,0,81,81,0.5925925925925926,0.3894230769230769,0.6388888888888888,0.5555555555555556,0.5925925925925926,0.3894230769230769,0.6388888888888888,0.5555555555555556,0.0,0.0,0.0,0.0
bull_to_neutral,0.25,0.93,5.0,-0.1,0,81,81,0.5925925925925926,0.3894230769230769,0.6388888888888888,0.5555555555555556,0.5925925925925926,0.3894230769230769,0.6388888888888888,0.5555555555555556,0.0,0.0,0.0,0.0
bull_to_bear,0.25,0.93,5.0,-0.1,0,81,81,0.5925925925925926,0.3894230769230769,0.6388888888888888,0.5555555555555556,0.5925925925925926,0.3894230769230769,0.6388888888888888,0.5555555555555556,0.0,0.0,0.0,0.0
bull_to_neutral,0.25,0.93,10.0,,0,81,81,0.5925925925925926,0.3894230769230769,0.6388888888888888,0.5555555555555556,0.5925925925925926,0.3894230769230769,0.6388888888888888,0.5555555555555556,0.0,0.0,0.0,0.0
bull_to_bear,0.25,0.93,10.0,,0,81,81,0.5925925925925926,0.3894230769230769,0.6388888888888888,0.5555555555555556,0.5925925925925926,0.3894230769230769,0.6388888888888888,0.5555555555555556,0.0,0.0,0.0,0.0
bull_to_neutral,0.25,0.93,10.0,0.0,0,81,81,0.5925925925925926,0.3894230769230769,0.6388888888888888,0.5555555555555556,0.5925925925925926,0.3894230769230769,0.6388888888888888,0.5555555555555556,0.0,0.0,0.0,0.0
bull_to_bear,0.25,0.93,10.0,0.0,0,81,81,0.5925925925925926,0.3894230769230769,0.6388888888888888,0.5555555555555556,0.5925925925925926,0.3894230769230769,0.6388888888888888,0.5555555555555556,0.0,0.0,0.0,0.0
bull_to_neutral,0.25,0.93,10.0,-0.05,0,81,81,0.5925925925925926,0.3894230769230769,0.6388888888888888,0.5555555555555556,0.5925925925925926,0.3894230769230769,0.6388888888888888,0.5555555555555556,0.0,0.0,0.0,0.0
bull_to_bear,0.25,0.93,10.0,-0.05,0,81,81,0.5925925925925926,0.3894230769230769,0.6388888888888888,0.5555555555555556,0.5925925925925926,0.3894230769230769,0.6388888888888888,0.5555555555555556,0.0,0.0,0.0,0.0
bull_to_neutral,0.25,0.93,10.0,-0.1,0,81,81,0.5925925925925926,0.3894230769230769,0.6388888888888888,0.5555555555555556,0.5925925925925926,0.3894230769230769,0.6388888888888888,0.5555555555555556,0.0,0.0,0.0,0.0
bull_to_bear,0.25,0.93,10.0,-0.1,0,81,81,0.5925925925925926,0.3894230769230769,0.6388888888888888,0.5555555555555556,0.5925925925925926,0.3894230769230769,0.6388888888888888,0.5555555555555556,0.0,0.0,0.0,0.0
bull_to_neutral,0.25,0.93,15.0,,0,81,81,0.5925925925925926,0.3894230769230769,0.6388888888888888,0.5555555555555556,0.5925925925925926,0.3894230769230769,0.6388888888888888,0.5555555555555556,0.0,0.0,0.0,0.0
bull_to_bear,0.25,0.93,15.0,,0,81,81,0.5925925925925926,0.3894230769230769,0.6388888888888888,0.5555555555555556,0.5925925925925926,0.3894230769230769,0.6388888888888888,0.5555555555555556,0.0,0.0,0.0,0.0
bull_to_neutral,0.25,0.93,15.0,0.0,0,81,81,0.5925925925925926,0.3894230769230769,0.6388888888888888,0.5555555555555556,0.5925925925925926,0.3894230769230769,0.6388888888888888,0.5555555555555556,0.0,0.0,0.0,0.0
bull_to_bear,0.25,0.93,15.0,0.0,0,81,81,0.5925925925925926,0.3894230769230769,0.6388888888888888,0.5555555555555556,0.5925925925925926,0.3894230769230769,0.6388888888888888,0.5555555555555556,0.0,0.0,0.0,0.0
bull_to_neutral,0.25,0.93,15.0,-0.05,0,81,81,0.5925925925925926,0.3894230769230769,0.6388888888888888,0.5555555555555556,0.5925925925925926,0.3894230769230769,0.6388888888888888,0.5555555555555556,0.0,0.0,0.0,0.0
bull_to_bear,0.25,0.93,15.0,-0.05,0,81,81,0.5925925925925926,0.3894230769230769,0.6388888888888888,0.5555555555555556,0.5925925925925926,0.3894230769230769,0.6388888888888888,0.5555555555555556,0.0,0.0,0.0,0.0
bull_to_neutral,0.25,0.93,15.0,-0.1,0,81,81,0.5925925925925926,0.3894230769230769,0.6388888888888888,0.5555555555555556,0.5925925925925926,0.3894230769230769,0.6388888888888888,0.5555555555555556,0.0,0.0,0.0,0.0
bull_to_bear,0.25,0.93,15.0,-0.1,0,81,81,0.5925925925925926,0.3894230769230769,0.6388888888888888,0.5555555555555556,0.5925925925925926,0.3894230769230769,0.6388888888888888,0.5555555555555556,0.0,0.0,0.0,0.0
bull_to_neutral,0.25,0.9,,,0,81,81,0.5925925925925926,0.3894230769230769,0.6388888888888888,0.5555555555555556,0.5925925925925926,0.3894230769230769,0.6388888888888888,0.5555555555555556,0.0,0.0,0.0,0.0
bull_to_bear,0.25,0.9,,,0,81,81,0.5925925925925926,0.3894230769230769,0.6388888888888888,0.5555555555555556,0.5925925925925926,0.3894230769230769,0.6388888888888888,0.5555555555555556,0.0,0.0,0.0,0.0
bull_to_neutral,0.25,0.9,,0.0,0,81,81,0.5925925925925926,0.3894230769230769,0.6388888888888888,0.5555555555555556,0.5925925925925926,0.3894230769230769,0.6388888888888888,0.5555555555555556,0.0,0.0,0.0,0.0
bull_to_bear,0.25,0.9,,0.0,0,81,81,0.5925925925925926,0.3894230769230769,0.6388888888888888,0.5555555555555556,0.5925925925925926,0.3894230769230769,0.6388888888888888,0.5555555555555556,0.0,0.0,0.0,0.0
bull_to_neutral,0.25,0.9,,-0.05,0,81,81,0.5925925925925926,0.3894230769230769,0.6388888888888888,0.5555555555555556,0.5925925925925926,0.3894230769230769,0.6388888888888888,0.5555555555555556,0.0,0.0,0.0,0.0
bull_to_bear,0.25,0.9,,-0.05,0,81,81,0.5925925925925926,0.3894230769230769,0.6388888888888888,0.5555555555555556,0.5925925925925926,0.3894230769230769,0.6388888888888888,0.5555555555555556,0.0,0.0,0.0,0.0
bull_to_neutral,0.25,0.9,,-0.1,0,81,81,0.5925925925925926,0.3894230769230769,0.6388888888888888,0.5555555555555556,0.5925925925925926,0.3894230769230769,0.6388888888888888,0.5555555555555556,0.0,0.0,0.0,0.0
bull_to_bear,0.25,0.9,,-0.1,0,81,81,0.5925925925925926,0.3894230769230769,0.6388888888888888,0.5555555555555556,0.5925925925925926,0.3894230769230769,0.6388888888888888,0.5555555555555556,0.0,0.0,0.0,0.0
bull_to_neutral,0.25,0.9,0.0,,0,81,81,0.5925925925925926,0.3894230769230769,0.6388888888888888,0.5555555555555556,0.5925925925925926,0.3894230769230769,0.6388888888888888,0.5555555555555556,0.0,0.0,0.0,0.0
bull_to_bear,0.25,0.9,0.0,,0,81,81,0.5925925925925926,0.3894230769230769,0.6388888888888888,0.5555555555555556,0.5925925925925926,0.3894230769230769,0.6388888888888888,0.5555555555555556,0.0,0.0,0.0,0.0
bull_to_neutral,0.25,0.9,0.0,0.0,0,81,81,0.5925925925925926,0.3894230769230769,0.6388888888888888,0.5555555555555556,0.5925925925925926,0.3894230769230769,0.6388888888888888,0.5555555555555556,0.0,0.0,0.0,0.0
bull_to_bear,0.25,0.9,0.0,0.0,0,81,81,0.5925925925925926,0.3894230769230769,0.6388888888888888,0.5555555555555556,0.5925925925925926,0.3894230769230769,0.6388888888888888,0.5555555555555556,0.0,0.0,0.0,0.0
bull_to_neutral,0.25,0.9,0.0,-0.05,0,81,81,0.5925925925925926,0.3894230769230769,0.6388888888888888,0.5555555555555556,0.5925925925925926,0.3894230769230769,0.6388888888888888,0.5555555555555556,0.0,0.0,0.0,0.0
bull_to_bear,0.25,0.9,0.0,-0.05,0,81,81,0.5925925925925926,0.3894230769230769,0.6388888888888888,0.5555555555555556,0.5925925925925926,0.3894230769230769,0.6388888888888888,0.5555555555555556,0.0,0.0,0.0,0.0
bull_to_neutral,0.25,0.9,0.0,-0.1,0,81,81,0.5925925925925926,0.3894230769230769,0.6388888888888888,0.5555555555555556,0.5925925925925926,0.3894230769230769,0.6388888888888888,0.5555555555555556,0.0,0.0,0.0,0.0
bull_to_bear,0.25,0.9,0.0,-0.1,0,81,81,0.5925925925925926,0.3894230769230769,0.6388888888888888,0.5555555555555556,0.5925925925925926,0.3894230769230769,0.6388888888888888,0.5555555555555556,0.0,0.0,0.0,0.0
bull_to_neutral,0.25,0.9,5.0,,0,81,81,0.5925925925925926,0.3894230769230769,0.6388888888888888,0.5555555555555556,0.5925925925925926,0.3894230769230769,0.6388888888888888,0.5555555555555556,0.0,0.0,0.0,0.0
bull_to_bear,0.25,0.9,5.0,,0,81,81,0.5925925925925926,0.3894230769230769,0.6388888888888888,0.5555555555555556,0.5925925925925926,0.3894230769230769,0.6388888888888888,0.5555555555555556,0.0,0.0,0.0,0.0
bull_to_neutral,0.25,0.9,5.0,0.0,0,81,81,0.5925925925925926,0.3894230769230769,0.6388888888888888,0.5555555555555556,0.5925925925925926,0.3894230769230769,0.6388888888888888,0.5555555555555556,0.0,0.0,0.0,0.0
bull_to_bear,0.25,0.9,5.0,0.0,0,81,81,0.5925925925925926,0.3894230769230769,0.6388888888888888,0.5555555555555556,0.5925925925925926,0.3894230769230769,0.6388888888888888,0.5555555555555556,0.0,0.0,0.0,0.0
bull_to_neutral,0.25,0.9,5.0,-0.05,0,81,81,0.5925925925925926,0.3894230769230769,0.6388888888888888,0.5555555555555556,0.5925925925925926,0.3894230769230769,0.6388888888888888,0.5555555555555556,0.0,0.0,0.0,0.0
bull_to_bear,0.25,0.9,5.0,-0.05,0,81,81,0.5925925925925926,0.3894230769230769,0.6388888888888888,0.5555555555555556,0.5925925925925926,0.3894230769230769,0.6388888888888888,0.5555555555555556,0.0,0.0,0.0,0.0
bull_to_neutral,0.25,0.9,5.0,-0.1,0,81,81,0.5925925925925926,0.3894230769230769,0.6388888888888888,0.5555555555555556,0.5925925925925926,0.3894230769230769,0.6388888888888888,0.5555555555555556,0.0,0.0,0.0,0.0
bull_to_bear,0.25,0.9,5.0,-0.1,0,81,81,0.5925925925925926,0.3894230769230769,0.6388888888888888,0.5555555555555556,0.5925925925925926,0.3894230769230769,0.6388888888888888,0.5555555555555556,0.0,0.0,0.0,0.0
bull_to_neutral,0.25,0.9,10.0,,0,81,81,0.5925925925925926,0.3894230769230769,0.6388888888888888,0.5555555555555556,0.5925925925925926,0.3894230769230769,0.6388888888888888,0.5555555555555556,0.0,0.0,0.0,0.0
bull_to_bear,0.25,0.9,10.0,,0,81,81,0.5925925925925926,0.3894230769230769,0.6388888888888888,0.5555555555555556,0.5925925925925926,0.3894230769230769,0.6388888888888888,0.5555555555555556,0.0,0.0,0.0,0.0
bull_to_neutral,0.25,0.9,10.0,0.0,0,81,81,0.5925925925925926,0.3894230769230769,0.6388888888888888,0.5555555555555556,0.5925925925925926,0.3894230769230769,0.6388888888888888,0.5555555555555556,0.0,0.0,0.0,0.0
bull_to_bear,0.25,0.9,10.0,0.0,0,81,81,0.5925925925925926,0.3894230769230769,0.6388888888888888,0.5555555555555556,0.5925925925925926,0.3894230769230769,0.6388888888888888,0.5555555555555556,0.0,0.0,0.0,0.0
bull_to_neutral,0.25,0.9,10.0,-0.05,0,81,81,0.5925925925925926,0.3894230769230769,0.6388888888888888,0.5555555555555556,0.5925925925925926,0.3894230769230769,0.6388888888888888,0.5555555555555556,0.0,0.0,0.0,0.0
bull_to_bear,0.25,0.9,10.0,-0.05,0,81,81,0.5925925925925926,0.3894230769230769,0.6388888888888888,0.5555555555555556,0.5925925925925926,0.3894230769230769,0.6388888888888888,0.5555555555555556,0.0,0.0,0.0,0.0
bull_to_neutral,0.25,0.9,10.0,-0.1,0,81,81,0.5925925925925926,0.3894230769230769,0.6388888888888888,0.5555555555555556,0.5925925925925926,0.3894230769230769,0.6388888888888888,0.5555555555555556,0.0,0.0,0.0,0.0
bull_to_bear,0.25,0.9,10.0,-0.1,0,81,81,0.5925925925925926,0.3894230769230769,0.6388888888888888,0.5555555555555556,0.5925925925925926,0.3894230769230769,0.6388888888888888,0.5555555555555556,0.0,0.0,0.0,0.0
bull_to_neutral,0.25,0.9,15.0,,0,81,81,0.5925925925925926,0.3894230769230769,0.6388888888888888,0.5555555555555556,0.5925925925925926,0.3894230769230769,0.6388888888888888,0.5555555555555556,0.0,0.0,0.0,0.0
bull_to_bear,0.25,0.9,15.0,,0,81,81,0.5925925925925926,0.3894230769230769,0.6388888888888888,0.5555555555555556,0.5925925925925926,0.3894230769230769,0.6388888888888888,0.5555555555555556,0.0,0.0,0.0,0.0
bull_to_neutral,0.25,0.9,15.0,0.0,0,81,81,0.5925925925925926,0.3894230769230769,0.6388888888888888,0.5555555555555556,0.5925925925925926,0.3894230769230769,0.6388888888888888,0.5555555555555556,0.0,0.0,0.0,0.0
bull_to_bear,0.25,0.9,15.0,0.0,0,81,81,0.5925925925925926,0.3894230769230769,0.6388888888888888,0.5555555555555556,0.5925925925925926,0.3894230769230769,0.6388888888888888,0.5555555555555556,0.0,0.0,0.0,0.0
bull_to_neutral,0.25,0.9,15.0,-0.05,0,81,81,0.5925925925925926,0.3894230769230769,0.6388888888888888,0.5555555555555556,0.5925925925925926,0.3894230769230769,0.6388888888888888,0.5555555555555556,0.0,0.0,0.0,0.0
bull_to_bear,0.25,0.9,15.0,-0.05,0,81,81,0.5925925925925926,0.3894230769230769,0.6388888888888888,0.5555555555555556,0.5925925925925926,0.3894230769230769,0.6388888888888888,0.5555555555555556,0.0,0.0,0.0,0.0
bull_to_neutral,0.25,0.9,15.0,-0.1,0,81,81,0.5925925925925926,0.3894230769230769,0.6388888888888888,0.5555555555555556,0.5925925925925926,0.3894230769230769,0.6388888888888888,0.5555555555555556,0.0,0.0,0.0,0.0
bull_to_bear,0.25,0.9,15.0,-0.1,0,81,81,0.5925925925925926,0.3894230769230769,0.6388888888888888,0.5555555555555556,0.5925925925925926,0.3894230769230769,0.6388888888888888,0.5555555555555556,0.0,0.0,0.0,0.0
