model_id,epoch,next_epoch,timestamp,prediction,confidence,score,reason,truth,start_price,end_price,price_difference,round_current_timestamp,round_next_epoch_time,correct,directional_called,directional_correct,bull_called,bear_called,neutral_called,bull_called_bear_truth,bear_called_bull_truth,neutral_called_bull_truth,neutral_called_bear_truth,bull_called_neutral_truth,bear_called_neutral_truth,regime,run_direction,g8,g23,g38,g53,g68,g83,slope_g8,slope_g23,slope_g38,slope_g53,slope_g68,slope_g83,fan_width,fan_width_velocity,fan_width_acceleration,fan_order_score,g83_curvature,alignment,compression_velocity,flip_score,slope_sum,slope_magnitude,ratio_8_23_to_23_53,s23,s53,fan_width_raw,alignment_raw,compression_velocity_raw,flip_score_raw,slope_sign_s23,slope_sign_s53,slope_disagreement,slope_gap,abs_slope_sum,abs_compression_velocity,abs_flip_score,fan_to_slope_ratio,collapse_flag,weak_bull_exhaustion_flag,weak_bear_exhaustion_flag,possible_flip_zone,possible_run_zone,possible_transition_zone,fan_energy_total,fan_energy_ratio,fan_energy_velocity,fan_energy_acceleration,fan_sign_conflict,fan_energy_instability,hinge_gap,hinge_velocity,hinge_conflict,hinge_torsion,snap_divergence,snap_velocity,snap_score,phase_alignment,phase_strength,phase_velocity,fan_phase_score,phase_disagreement,hinge_torsion_spike,transition_score_base,fan_polarity_inversion,fan_polarity_normal,outer_fan_width,outer_fan_width_prev,outer_order_signature,slow_retention,gaussian_wave,wave_strength,fan_velocity_sign_t0,fan_velocity_sign_t1,fan_velocity_sign_t2,fan_velocity_pattern_3,fan_velocity_oscillation,fan_velocity_oscillation_strength,fan_collapse_v2,fan_collapse_v2_strict,compression_trap,compression_trap_strict,epoch_start_price,epoch_end_price,epoch_price_diff,epoch_return,epoch_volatility,price_diff_t0,price_diff_t1,price_diff_t2,momentum_3epoch,price_diff_3epoch_abs_sum,price_diff_sign_pattern,direction_flip,price_diff_decay_ratio,price_diff_vol_squeeze,fan_energy_t0,fan_energy_t1,fan_energy_t2,fan_energy_t3,fan_energy_release_signal,fan_energy_cycle_stage,inertia_wall_score,reversal_pressure,tail_anchor_type,extrema_pair,v2_2_rule,directional_error_type,truth_direction_group,prediction_direction_group
trend_method_v2_2,320760,320761,2026-03-09T22:14:47.089126,Bull,1.0,0.8600782413795969,regime=RUN|slope_sum=0.860078|v2_2_rule=STRONG_RUN_PROMOTION,Bear,69170.45,69144.92,-25.53,03/09/2026  10:10:15 PM,03/09/2026  10:15:01 PM,False,True,False,True,False,False,True,False,False,False,False,False,RUN,Bull,69231.29944597775,69216.42294541956,69203.07292748151,69194.24877338042,69187.41367964857,69182.25835601237,0.1555863843896077,0.5806280127162609,0.37788916032332054,0.279450228663336,0.22155858652513416,0.16993889945479168,-49.0410899653798,,,1.0,,1.0,9.258734504473978,0.11023262651010773,0.8600782413795969,0.8600782413795969,-0.6708931693712505,0.5806280127162609,0.279450228663336,49.0410899653798,1.0,9.258734504473978,0.11023262651010773,1,1,False,0.30117778405292484,0.8600782413795969,9.258734504473978,0.11023262651010773,57.01933569057171,False,False,False,False,False,False,1.785051272072451,1.660492364925261,,,False,,13.35001793804986,,False,0.21151300998606973,0.6277804807195935,,0.5634848542878783,1.0,1.785051272072451,,1.0,0,0,0,0,1,11.990417368040653,,53>68>83,0.6709477146432619,,,0,0,0,000,0,0.0,0,0,0,0,69170.45,69144.92,-25.53,-0.00036908824505262007,25.53,-25.53,,,-25.53,25.53,00-,1,25530000000.0,0,1.785051272072451,,,,0,other,3.2977103793653786,0.0,,,STRONG_RUN_PROMOTION,bull_called_bear_truth,Bear,Bull
trend_method_v2_2,320761,320762,2026-03-09T22:19:48.119197,Bear,1.0,-0.3405815470032394,regime=RUN|slope_sum=-0.340582|v2_2_rule=BASELINE_V2_1,Bull,69144.92,69227.26,82.34,03/09/2026  10:15:18 PM,03/09/2026  10:20:02 PM,False,True,False,False,True,False,False,True,False,False,False,False,RUN,Bear,69178.65525025681,69183.11879672864,69189.69728258549,69195.52056031993,69199.04401210777,69200.23448027088,-0.3047661241125752,-0.17031185728228593,-0.21300526619597804,-0.17026968972095347,-0.1056057371897623,-0.04588958595923032,21.57923001407471,70.62031997945451,,1.0,,1.0,4.835977607901441,0.07739991261235746,-0.3405815470032394,0.3405815470032394,0.3599122365633058,-0.17031185728228593,-0.17026968972095347,21.57923001407471,1.0,4.835977607901441,0.07739991261235746,-1,-1,False,4.2167561332462355e-05,0.3405815470032394,4.835977607901441,0.07739991261235746,63.35995066071346,False,False,False,False,False,False,1.0098482604607852,2.138465091196708,-0.7752030116116657,,False,,-6.57848585685133,-19.92850379490119,False,0.11137882003884192,0.17714767574398138,-0.4506328049756121,0.25745093542710434,1.0,1.0098482604607852,0.0,0.5657250725848046,0,0,1,1,0,4.7139199509547325,11.990417368040653,83>68>53,0.3217650128699461,,,1,0,0,00+,0,70.62031997945451,0,0,0,0,69144.92,69227.26,82.34,0.001190832240459603,82.34,82.34,-25.53,,56.81,107.87,0-+,1,82340000000.0,0,1.0098482604607852,1.785051272072451,,,0,other,1.3238928158924879,19.477870989925577,,,BASELINE_V2_1,bear_called_bull_truth,Bull,Bear
trend_method_v2_2,320778,320779,2026-03-09T23:45:08.078842,Bear,1.0,-2.018393175840174,regime=RUN|slope_sum=-2.018393|v2_2_rule=BASELINE_V2_1,Bull,70043.59,70073.01,29.42,03/09/2026  11:40:37 PM,03/09/2026  11:45:22 PM,False,True,False,False,True,False,False,True,False,False,False,False,RUN,Bear,69863.93003978182,69899.1789358062,69932.64945054517,69958.49337493656,69976.83433775044,69989.997218742,-1.9853308342517266,-1.2320358628021495,-1.0279427110108372,-0.7863573130380246,-0.586919011469945,-0.44828012337166,126.06717896019109,114.69784820728819,108.9306489956216,1.0,-34.387787133746315,1.0,24.559051315227407,0.29265377969866324,-2.018393175840174,2.018393175840174,0.5942717581179956,-1.2320358628021495,-0.7863573130380246,126.06717896019109,1.0,24.559051315227407,0.29265377969866324,-1,-1,False,0.4456785497641249,2.018393175840174,24.559051315227407,0.29265377969866324,62.459178156760515,False,False,False,False,False,False,6.066865855944343,2.330594483089688,5.062050990420175,5.115414685826181,False,0.2799013203105613,-33.47051473897591,-30.327096698441892,False,0.09030756050353643,0.9573881232408894,0.3312379669769143,0.22551668941306421,1.0,6.066865855944343,0.16666666666666663,0.5731643031943985,0,0,1,1,0,31.503843805447104,6.64303650916554,83>68>53,1.8215564478796296,0,159.5780067472806,1,1,-1,-++,0,159.5780067472806,0,0,0,0,70043.59,70073.01,29.42,0.00042002415924140957,29.42,29.42,-76.12,-49.87,-96.57000000000001,155.41000000000003,--+,1,0.589933827952677,0,6.066865855944343,1.0048148655241675,1.0581785609301733,1.9418902054621867,1,release,8.618129664589159,-78.27231433020279,,,BASELINE_V2_1,bear_called_bull_truth,Bull,Bear
trend_method_v2_2,320801,320802,2026-03-10T01:40:44.138771,Bear,1.0,-0.8624116344017239,regime=RUN|slope_sum=-0.862412|v2_2_rule=STRONG_RUN_PROMOTION,Bull,70083.17,70094.01,10.84,03/10/2026  01:36:11 AM,03/10/2026  01:40:58 AM,False,True,False,False,True,False,False,True,False,False,False,False,RUN,Bear,69934.9456337576,69954.80153957331,69964.58620329267,69975.93935663978,69988.82533854908,70000.74450226028,-1.0835673838519142,-0.47828454985210556,-0.3305013337958371,-0.3841270845496183,-0.3973473651931272,-0.3648180784621218,65.7988685026794,72.12525531474967,90.46588402583438,1.0,-108.68145114640356,1.0,18.86048506820225,0.056938083598340294,-0.8624116344017239,0.8624116344017239,0.9393546056499036,-0.47828454985210556,-0.3841270845496183,65.7988685026794,1.0,18.86048506820225,0.056938083598340294,-1,-1,False,0.09415746530248725,0.8624116344017239,18.86048506820225,0.056938083598340294,76.29635997237641,False,False,False,False,False,False,3.038645795704724,1.6508467262395454,2.471156344139672,4.019420985658144,False,0.24910481770198972,-9.784663719357923,-9.213083910421119,False,0.18272229899674802,0.7530660500560771,0.4518533774971729,0.397952149310374,1.0,3.038645795704724,0.5,0.2870746348286598,0,0,1,1,0,24.80514562049939,6.481342949191458,83>68>53,1.1462925282048673,0,110.19811783159093,1,-1,-1,--+,0,110.19811783159093,0,0,0,0,70083.17,70094.01,10.84,0.00015467336879881432,10.84,10.84,-48.29,-44.55,-82.0,103.68,--+,1,0.24332210998877668,0,3.038645795704724,0.5674894515650521,2.115754093083524,1.2761924754559004,0,other,6.687211761256306,-80.80094673791609,,,STRONG_RUN_PROMOTION,bear_called_bull_truth,Bull,Bear
trend_method_v2_2,320812,320813,2026-03-10T02:36:01.442297,Bear,1.0,-0.404101383734087,regime=RUN|slope_sum=-0.404101|v2_2_rule=BASELINE_V2_1,Bull,69973.2,70160.35,187.15,03/10/2026  02:31:30 AM,03/10/2026  02:36:15 AM,False,True,False,False,True,False,False,True,False,False,False,False,RUN,Bear,70016.37350593034,70024.29810722188,70029.48208450107,70039.75866716787,70050.4299464795,70058.51440302274,-0.9438519234190608,-0.07830025885596115,-0.2414911687701533,-0.32580112487812585,-0.31518543279707956,-0.24072995220740268,42.14089709239488,73.58065025665564,-27.64494769887824,1.0,-263.4849438610836,1.0,-2.5117906441009836,0.05606485611462543,-0.404101383734087,0.404101383734087,0.5125688408900047,-0.07830025885596115,-0.32580112487812585,42.14089709239488,1.0,-2.5117906441009836,0.05606485611462543,-1,-1,False,0.2475008660221647,0.404101383734087,2.5117906441009836,0.05606485611462543,104.28298142162532,False,False,False,False,False,False,2.1453598609277833,1.433162855500366,-0.9667425136285601,1.4921422409061051,False,0.23560492093828947,-5.183977279186365,-1.4304632465355098,False,0.5103042039794373,1.0287425744772918,0.11001058516740159,0.8141083270262973,1.0,2.1453598609277833,0.33333333333333337,0.2026818655607976,0,0,1,1,0,18.755735854865634,44.67719899842632,83>68>53,0.8817165098826081,0,343.36075777017686,1,1,-1,-++,0,343.36075777017686,0,0,0,0,69973.2,70160.35,187.15,0.0026745954165309006,187.15,187.15,201.13,-101.93,286.35,490.21000000000004,-++,0,1.8360639654664965,0,2.1453598609277833,3.1121023745563434,5.570987129091009,1.7768395835173578,0,decay,5.118166198266367,29.185421530581152,,,BASELINE_V2_1,bear_called_bull_truth,Bull,Bear
trend_method_v2_2,320814,320815,2026-03-10T02:46:04.119901,Bear,1.0,-1.0747459654630802,regime=RUN|slope_sum=-1.074746|v2_2_rule=BASELINE_V2_1,Bull,69995.05,70053.09,58.04,03/10/2026  02:41:32 AM,03/10/2026  02:46:18 AM,False,True,False,False,True,False,False,True,False,False,False,False,RUN,Bear,69916.89658082815,69940.12073103512,69956.15475005413,69970.08130145758,69980.74738238753,69988.0139078399,-0.9064067136441736,-0.6431827359756426,-0.5129709603079391,-0.43156322948743764,-0.33255817939971166,-0.24290353636934015,71.11732701174333,83.480454414821,137.98447891029355,1.0,11.230256044567795,1.0,26.19764397999097,0.1072314211258864,-1.0747459654630802,1.0747459654630802,0.7751571441635821,-0.6431827359756426,-0.43156322948743764,71.11732701174333,1.0,26.19764397999097,0.1072314211258864,-1,-1,False,0.21161950648820493,1.0747459654630802,26.19764397999097,0.1072314211258864,66.17129005094773,False,False,False,False,False,False,3.0695853551842447,2.0481721129583543,1.525503761411528,2.126782028566595,False,0.26877381421491114,-16.03401901901816,-23.520646525998018,False,0.11262497026672577,0.3934357533362345,-0.7535417024610069,0.19075114185383557,1.0,3.0695853551842447,0.16666666666666663,0.289997635183587,0,0,1,1,0,17.93260638231004,4.193676772163599,83>68>53,1.0070249452564894,1,211.5651291669492,1,-1,1,+-+,1,211.5651291669492,0,0,0,0,69995.05,70053.09,58.04,0.0008292014935341856,58.04,58.04,-165.3,187.15,79.88999999999999,410.49000000000007,+-+,1,0.31012556772642264,1,3.0695853551842447,1.5440815937727166,2.1453598609277833,3.1121023745563434,1,release,4.902855319220115,-115.21737408675654,,,BASELINE_V2_1,bear_called_bull_truth,Bull,Bear
trend_method_v2_2,320815,320816,2026-03-10T02:51:06.069382,Bull,1.0,0.9520123465918005,regime=RUN|slope_sum=0.952012|v2_2_rule=BASELINE_V2_1,Bear,70053.09,69925.53,-127.56,03/10/2026  02:46:34 AM,03/10/2026  02:51:20 AM,False,True,False,True,False,False,True,False,False,False,False,False,RUN,Bull,70016.95019049228,69993.99245699024,69980.69814751977,69974.51806246946,69970.86738462126,69969.65565019604,0.2650449588527408,0.7479567997106642,0.33936143373102823,0.20405554688113625,0.12357592843909515,0.05319678015985119,-47.29454029623594,-118.41186730797926,-201.89232172280026,1.0,11.276861925289268,1.0,22.347179078424233,0.06327703966013534,0.9520123465918005,0.9520123465918005,-1.178867639575422,0.7479567997106642,0.20405554688113625,47.29454029623594,1.0,22.347179078424233,0.06327703966013534,1,1,False,0.543901252829528,0.9520123465918005,22.347179078424233,0.06327703966013534,49.67849468082022,False,False,False,False,False,False,1.7331914477745158,3.551110435830469,-1.3363939074097289,-2.861897668821257,False,0.6121093619590425,13.294309470467851,29.32832848948601,False,0.37578268570582835,0.8915072068375594,0.49807145350132487,0.6592217326804193,1.0,1.7331914477745158,0.0,0.16374244825156795,0,0,0,0,1,4.862412273418158,17.93260638231004,53>68>83,0.3808282554800826,0,256.3963462182728,-1,1,-1,-+-,1,256.3963462182728,0,0,1,1,70053.09,69925.53,-127.56,-0.0018209046881443776,127.56,-127.56,58.04,-165.3,-234.82000000000002,350.9,-+-,1,0.7716878402903811,0,1.7331914477745158,3.0695853551842447,1.5440815937727166,2.1453598609277833,0,other,1.4243017734024468,231.7187216657876,,,BASELINE_V2_1,bull_called_bear_truth,Bear,Bull
trend_method_v2_2,320816,320817,2026-03-10T02:56:08.128563,Bear,1.0,-0.5757185453931015,regime=RUN|slope_sum=-0.575719|v2_2_rule=BASELINE_V2_1,Bull,69925.53,69962.24,36.71,03/10/2026  02:51:35 AM,03/10/2026  02:56:22 AM,False,True,False,False,True,False,False,True,False,False,False,False,RUN,Bear,69888.47939568343,69897.81073269335,69905.72918265374,69913.48524487896,69921.00134600418,69927.16574362162,-0.2214834071437508,-0.32351081660817727,-0.24983357129895012,-0.25220772878492426,-0.231169679784216,-0.19379117272728763,38.68634793818637,85.98088823442231,204.39275554240157,1.0,-24.131648930575466,1.0,5.645992012199713,0.07264935575824763,-0.5757185453931015,0.5757185453931015,0.5953191333056749,-0.32351081660817727,-0.25220772878492426,38.68634793818637,1.0,5.645992012199713,0.07264935575824763,-1,-1,False,0.07130308782325301,0.5757185453931015,5.645992012199713,0.07264935575824763,67.19663322947375,False,False,False,False,False,False,1.471996376347306,1.1737517318496875,-0.26119507142720977,1.075198835982519,False,0.21598634557055313,-7.918449960387079,-21.21275943085493,False,0.12850434549149486,0.1757046547736536,-0.7158025520639058,0.22106002818183587,1.0,1.471996376347306,0.0,0.1390661665161306,0,0,1,1,0,13.680498742658528,4.862412273418158,83>68>53,0.6771685812964279,1,287.87320995722257,1,-1,1,+-+,1,287.87320995722257,0,0,0,0,69925.53,69962.24,36.71,0.0005249870826863951,36.71,36.71,-127.56,58.04,-32.81000000000001,222.31,+-+,1,0.6324948311509304,0,1.471996376347306,1.7331914477745158,3.0695853551842447,1.5440815937727166,0,decay,3.7102677700069275,-183.89579866361055,,,BASELINE_V2_1,bear_called_bull_truth,Bull,Bear
trend_method_v2_2,320825,320826,2026-03-10T03:41:23.129768,Bull,1.0,0.8297250174491637,regime=RUN|slope_sum=0.829725|v2_2_rule=BASELINE_V2_1,Bear,70331.88,70304.1,-27.78,03/10/2026  03:36:51 AM,03/10/2026  03:41:37 AM,False,True,False,True,False,False,True,False,False,False,False,False,RUN,Bull,70386.07421547937,70367.39499576345,70354.25120239602,70345.06891315733,70339.15754594114,70335.50443024834,1.040840678879249,0.5489316370913002,0.3961173646202951,0.2807933803578635,0.19202781590320228,0.13114873442827957,-50.56978523102589,-73.02121589145099,-79.06590999024047,1.0,26.603371730496292,1.0,19.900664793298347,0.08542249550560627,0.8297250174491637,0.8297250174491637,-0.8366546001209076,0.5489316370913002,0.2807933803578635,50.56978523102589,1.0,19.900664793298347,0.08542249550560627,1,1,False,0.2681382567334367,0.8297250174491637,19.900664793298347,0.08542249550560627,60.94764430087133,False,False,False,False,False,False,2.5898596112801897,3.288060513748152,1.2157056727082818,1.8919354818517604,False,0.3067177343422414,13.143793367431499,17.857468406276894,False,0.161699840108016,0.6447233142589539,-0.05210706034631585,0.3246521297533179,1.0,2.5898596112801897,0.0,0.2446757707715408,0,0,0,0,1,9.564482908986975,1.0466222016257234,53>68>83,0.6039699306893453,0,80.42321400095534,-1,1,1,++-,0,80.42321400095534,0,0,0,0,70331.88,70304.1,-27.78,-0.0003949844650818377,27.78,-27.78,-43.96,55.05,-16.690000000000005,126.78999999999999,+--,0,0.5046321525885559,1,2.5898596112801897,1.374153938571908,2.0503837477153866,1.7868196672316117,0,other,2.6569636755386843,96.87127133617105,,,BASELINE_V2_1,bull_called_bear_truth,Bear,Bull
trend_method_v2_2,320827,320828,2026-03-10T03:51:26.085841,Bull,1.0,1.161652659295214,regime=RUN|slope_sum=1.161653|v2_2_rule=BASELINE_V2_1,Bear,70396.82,70339.02,-57.8,03/10/2026  03:46:55 AM,03/10/2026  03:51:40 AM,False,True,False,True,False,False,True,False,False,False,False,False,RUN,Bull,70450.2872825323,70425.71130808536,70407.08061257997,70395.152161324,70386.30688075567,70379.7524511169,0.664721539707898,0.7860625765715668,0.5283156051009428,0.37559008272364736,0.2890289301831217,0.22131757323040802,-70.53483141539618,-90.77325282772654,-161.58145947108278,1.0,32.54357698625245,1.0,25.49903478268243,0.15429847474747688,1.161652659295214,1.161652659295214,-0.8042100991253295,0.7860625765715668,0.37559008272364736,70.53483141539618,1.0,25.49903478268243,0.15429847474747688,1,1,False,0.4104724938479194,1.161652659295214,25.49903478268243,0.15429847474747688,60.71938186599628,False,False,False,False,False,False,2.8650363075175846,2.233906751734448,0.317334522942474,0.35949234964755306,False,0.27631059560221793,18.63069550538785,29.082852251347504,False,0.19609802952042932,0.3790880083342927,-1.4202802400141081,0.19154568324120705,1.0,2.8650363075175846,0.16666666666666663,0.2706729599461963,0,0,0,0,1,15.399710207100725,7.477591298229527,53>68>83,0.8859365861371771,0,234.60267536253377,-1,1,-1,-+-,1,234.60267536253377,0,0,0,0,70396.82,70339.02,-57.8,-0.000821059814917776,57.8,-57.8,92.72,-27.78,7.140000000000001,178.3,-+-,1,2.0806335493160546,0,2.8650363075175846,2.5477017845751107,2.5898596112801897,1.374153938571908,0,other,4.233716890658116,189.24403148241618,,,BASELINE_V2_1,bull_called_bear_truth,Bear,Bull
trend_method_v2_2,320835,320836,2026-03-10T04:31:37.113376,Bull,1.0,1.1983634718199028,regime=RUN|slope_sum=1.198363|v2_2_rule=STRONG_RUN_PROMOTION,Bear,70925.0,70808.43,-116.57,03/10/2026  04:27:05 AM,03/10/2026  04:31:51 AM,False,True,False,True,False,False,True,False,False,False,False,False,RUN,Bull,70931.02809781136,70895.19775613397,70877.782742366,70867.3666713091,70861.67654365725,70859.64626242498,1.8337067265183578,0.8740241798222996,0.5068274009954621,0.32433929199760314,0.1888665356182173,0.09097600480708934,-71.38183538637531,-114.36186162132071,-211.95100464949792,1.0,-65.39373459552007,1.0,48.95199500875606,0.058402128846639645,1.1983634718199028,1.1983634718199028,-1.2874216690276612,0.8740241798222996,0.32433929199760314,71.38183538637531,1.0,48.95199500875606,0.058402128846639645,1,1,False,0.5496848878246965,1.1983634718199028,48.95199500875606,0.058402128846639645,59.56609748624164,False,False,False,False,False,False,3.8187401397590293,5.320514677584714,1.984714658534358,4.269884455390638,False,0.336714014537681,17.41501376796805,35.30706418068439,False,0.2659205260925855,1.3268793255228957,0.5972950691721053,0.4127718954404254,1.0,3.8187401397590293,0.16666666666666663,0.36077368170929663,0,0,0,0,1,7.720408884109929,5.992973046013503,53>68>83,0.6041818324229098,0,248.51559419523983,-1,1,-1,-+-,1,248.51559419523983,0,0,0,0,70925.0,70808.43,-116.57,-0.001643567148396193,116.57,-116.57,98.35,33.14,14.920000000000016,248.06,++-,1,3.517501508750754,0,3.8187401397590293,1.8340254812246712,4.1191952780809515,4.445798951997858,1,release,2.211663032910534,247.85536389935442,,,STRONG_RUN_PROMOTION,bull_called_bear_truth,Bear,Bull
trend_method_v2_2,320838,320839,2026-03-10T04:46:41.079153,Bear,1.0,-2.1499475148502825,regime=RUN|slope_sum=-2.149948|v2_2_rule=BASELINE_V2_1,Bull,70961.51,71000.09,38.58,03/10/2026  04:42:09 AM,03/10/2026  04:46:55 AM,False,True,False,False,True,False,False,True,False,False,False,False,RUN,Bear,70797.1057863676,70830.71806859737,70868.79778275557,70896.42628895918,70913.46169544048,70923.4700603921,-1.252975529023388,-1.329718300352397,-1.1485831314239476,-0.8202292144978856,-0.5472223910437606,-0.36326536168780876,126.36427402449772,142.50890621067083,121.46683763341571,1.0,-22.77213074528845,1.0,23.479922342856298,0.3608403898196274,-2.1499475148502825,2.1499475148502825,0.5115384657229802,-1.329718300352397,-0.8202292144978856,126.36427402449772,1.0,23.479922342856298,0.3608403898196274,-1,-1,False,0.5094890858545114,2.1499475148502825,23.479922342856298,0.3608403898196274,58.775515751740315,False,False,False,False,False,False,5.461993928029187,2.155914012198534,4.855760931812256,6.465696564067912,False,0.2732538344030026,-38.07971415820066,-42.68834081564273,False,0.07308843331402953,0.25787794025745825,0.23801268606257509,0.06911251642981407,1.0,5.461993928029187,0.0,0.5160193118071811,0,0,1,1,0,27.0437714329164,0.7826873003359651,83>68>53,1.730716967229455,0,197.74610941087303,1,1,1,+++,0,197.74610941087303,0,0,0,0,70961.51,71000.09,38.58,0.000543675014807323,38.58,38.58,38.48,114.6,191.65999999999997,191.65999999999997,+++,0,0.3366492146596859,0,5.461993928029187,0.6062329962169315,2.2161686284725874,3.8187401397590293,1,release,7.464192910117987,-78.5404841317104,,,BASELINE_V2_1,bear_called_bull_truth,Bull,Bear
trend_method_v2_2,320843,320844,2026-03-10T05:11:49.083908,Bear,1.0,-0.38329950785009714,regime=RUN|slope_sum=-0.383300|v2_2_rule=STRONG_RUN_PROMOTION,Bull,70739.27,70778.38,39.11,03/10/2026  05:07:17 AM,03/10/2026  05:12:03 AM,False,True,False,False,True,False,False,True,False,False,False,False,RUN,Bear,70733.5046259656,70735.6213273033,70744.95179128386,70753.0631183884,70757.27835489859,70758.4560509974,-0.4708202804049506,-0.1571000461717631,-0.30544771524728276,-0.22619946167833405,-0.12796323729344294,-0.051499589237209875,24.9514250318025,65.49024437752087,76.24312059057411,1.0,-27.712019489263184,1.0,0.44335374602815136,0.13514677420399884,-0.38329950785009714,0.38329950785009714,0.12135802609175268,-0.1571000461717631,-0.22619946167833405,24.9514250318025,1.0,0.44335374602815136,0.13514677420399884,-1,-1,False,0.06909941550657095,0.38329950785009714,0.44335374602815136,0.13514677420399884,65.09641812939827,False,False,False,False,False,False,1.3390303300329833,2.3008499161823717,-0.4548849982020329,-0.6090920674214431,False,0.46154670920136465,-9.330463980557397,-18.39484754098521,False,0.3207185969734353,0.4620679033087072,0.20703559201319877,0.49505434362818956,1.0,1.3390303300329833,0.0,0.12650426172148435,0,0,1,1,0,5.392932609000127,12.079854264375172,83>68>53,0.40566228820898687,0,142.93732537102187,1,-1,-1,--+,0,142.93732537102187,0,0,0,0,70739.27,70778.38,39.11,0.0005528753689428799,39.11,39.11,55.76,-88.58,6.289999999999999,183.45,-++,0,0.4415217882140438,1,1.3390303300329833,1.7939153282350162,1.639708259015606,2.4873781126352696,0,other,1.5586058570796417,-57.6412374575757,,,STRONG_RUN_PROMOTION,bear_called_bull_truth,Bull,Bear
trend_method_v2_2,320848,320849,2026-03-10T05:36:56.100563,Bear,1.0,-0.7289311924032518,regime=RUN|slope_sum=-0.728931|v2_2_rule=STRONG_RUN_PROMOTION,Bull,71116.36,71198.26,81.9,03/10/2026  05:32:24 AM,03/10/2026  05:37:10 AM,False,True,False,False,True,False,False,True,False,False,False,False,RUN,Bear,71122.3858133374,71145.52912720517,71154.56789705242,71165.51154499383,71174.409434719,71180.11198093623,-2.0622545206661016,-0.3877505747605028,-0.3445428729082778,-0.341180617642749,-0.26934380805869296,-0.18429339808608347,57.72616759882658,81.66118172778806,37.15363919004449,1.0,-152.63357518335397,1.0,20.13693517174397,0.03698421494988169,-0.7289311924032518,0.7289311924032518,1.1581838650046004,-0.3877505747605028,-0.341180617642749,57.72616759882658,1.0,20.13693517174397,0.03698421494988169,-1,-1,False,0.0465699571177538,0.7289311924032518,20.13693517174397,0.03698421494988169,79.19288980967617,False,False,False,False,False,False,3.5893657921224076,3.51596036814838,2.104675939272056,2.855045435602733,False,0.3114252634232026,-9.03876984724775,-7.0989987959037535,False,0.05900326158833532,1.7177116477578238,0.8999530907076405,0.6146652937152172,1.0,3.5893657921224076,0.16666666666666663,0.33910364791334585,0,0,1,1,0,14.60043594239687,21.55617850042472,83>68>53,0.7948178237875254,0,135.40709065647388,1,1,-1,-++,0,135.40709065647388,0,0,0,0,71116.36,71198.26,81.9,0.0011516337450341947,81.9,81.9,146.5,148.04,376.43999999999994,376.43999999999994,+++,0,0.553228857065658,1,3.5893657921224076,1.4846898528503516,2.2350593491810287,4.742459574852546,1,release,3.976886604352478,-29.154687303433093,,,STRONG_RUN_PROMOTION,bear_called_bull_truth,Bull,Bear
trend_method_v2_2,320860,320861,2026-03-10T06:37:44.101773,Bear,1.0,-1.4395663564137067,regime=RUN|slope_sum=-1.439566|v2_2_rule=STRONG_RUN_PROMOTION,Bull,70777.17,70895.57,118.4,03/10/2026  06:33:13 AM,03/10/2026  06:37:58 AM,False,True,False,False,True,False,False,True,False,False,False,False,RUN,Bear,70744.98008790886,70765.2684122359,70790.0677885298,70807.89307614432,70819.84291403033,70826.61074583139,-0.3622402046512434,-0.8982176690660708,-0.730672141067771,-0.5413486873476359,-0.37755591240238573,-0.23796225547266658,81.63065792253474,143.0610317067185,205.86979441833682,1.0,-45.6431599167845,1.0,10.722483524747076,0.2489306387811666,-1.4395663564137067,1.4395663564137067,0.47597617121780306,-0.8982176690660708,-0.5413486873476359,81.63065792253474,1.0,10.722483524747076,0.2489306387811666,-1,-1,False,0.35686898171843495,1.4395663564137067,10.722483524747076,0.2489306387811666,56.70503312254089,False,False,False,False,False,False,3.1479968700077734,1.7211401690662214,0.4282607595250738,-1.6963002865868475,False,0.5530027947302462,-24.799376293900423,-44.63545141289069,False,0.10285872436302675,0.7035229924131272,-0.3834076811799605,0.3533285055165334,1.0,3.1479968700077734,0.16666666666666663,0.29740552623036365,0,0,1,1,0,18.717669687073794,21.967953218714683,83>68>53,1.1568668552226882,0,242.13745055712934,1,-1,-1,--+,0,242.13745055712934,0,0,0,0,70777.17,70895.57,118.4,0.001672855809295568,118.4,118.4,-25.18,-7.28,85.94,150.86,--+,1,16.263736263736263,0,3.1479968700077734,2.7197361104826996,0.5951750643707783,2.870706141637129,0,build,5.157592972511978,-161.6177506866261,,,STRONG_RUN_PROMOTION,bear_called_bull_truth,Bull,Bear
trend_method_v2_2,320863,320864,2026-03-10T06:52:48.089729,Bull,1.0,1.842318514811268,regime=RUN|slope_sum=1.842319|v2_2_rule=STRONG_RUN_PROMOTION,Bear,70749.99,70709.66,-40.33,03/10/2026  06:48:14 AM,03/10/2026  06:53:02 AM,False,True,False,True,False,False,True,False,False,False,False,False,RUN,Bull,70847.8866994514,70816.12897131829,70785.00788202754,70764.84086550857,70751.75377042865,70743.29143445833,0.4383103587624646,1.2284882963012933,0.8977842769272684,0.6138302185099747,0.4289956088305189,0.2993982044663426,-104.59526499306958,-129.01272811366653,-149.32970599565306,1.0,57.47189650865039,1.0,24.750722093580407,0.26609880911058825,1.842318514811268,1.842318514811268,-0.6192025934882823,1.2284882963012933,0.6138302185099747,104.59526499306958,1.0,24.750722093580407,0.26609880911058825,1,1,False,0.6146580777913186,1.842318514811268,24.750722093580407,0.26609880911058825,56.77371429108424,False,False,False,False,False,False,3.9068069637978624,1.910696628295882,2.3329961764193285,1.6599344642891083,False,0.26257585345327217,31.121089290754753,38.615395118962624,False,0.15553227913384565,1.1208819569128536,0.2343532730883453,0.4370620824660373,1.0,3.9068069637978624,0.16666666666666663,0.36909375356077895,0,0,0,0,1,21.549431050239946,11.506255871936446,53>68>83,1.3422240318068361,0,226.85987867957738,-1,1,-1,-+-,1,226.85987867957738,0,0,0,0,70749.99,70709.66,-40.33,-0.0005700354162594228,40.33,-40.33,50.92,-196.5,-185.90999999999997,287.75,-+-,1,0.2052417302798982,1,3.9068069637978624,1.5738107873785339,0.9007490752483136,3.1479968700077734,0,build,5.947577217152798,188.17945438770403,,,STRONG_RUN_PROMOTION,bull_called_bear_truth,Bear,Bull
trend_method_v2_2,320869,320870,2026-03-10T07:22:56.066659,Bull,1.0,0.7047053697096999,regime=RUN|slope_sum=0.704705|v2_2_rule=BASELINE_V2_1,Bear,70718.14,70672.57,-45.57,03/10/2026  07:18:24 AM,03/10/2026  07:23:10 AM,False,True,False,True,False,False,True,False,False,False,False,False,RUN,Bull,70695.01267790797,70670.02470402009,70659.94585526103,70657.43866922363,70656.63813805456,70655.9824630792,1.8256788866037823,0.6159566855912999,0.24839783589959552,0.08874868411839998,0.04818646877720312,0.03164594407098775,-39.03021482877375,-10.420790059375577,25.44694258031086,1.0,79.22751882471493,1.0,31.208841482308344,0.041003183405596985,0.7047053697096999,0.7047053697096999,-1.98537301779258,0.6159566855912999,0.08874868411839998,39.03021482877375,1.0,31.208841482308344,0.041003183405596985,1,1,False,0.5272080014728999,0.7047053697096999,31.208841482308344,0.041003183405596985,55.38515315251829,False,False,False,False,False,False,2.8586145050612686,15.956910095488254,0.6702353639266221,-0.6806408112515783,False,0.5806030400508402,10.078848759061657,-5.024010156586883,False,0.425240848000326,1.5772810507041868,0.9698861492834112,0.5863425509727622,1.0,2.8586145050612686,0.33333333333333337,0.2700662631743334,0,0,0,0,1,1.4562061444303254,12.236003750411328,53>68>83,0.16858109696659085,0,95.64190790528664,-1,-1,1,+--,0,95.64190790528664,0,0,1,0,70718.14,70672.57,-45.57,-0.000644389119962714,45.57,-45.57,-82.66,145.7,17.46999999999999,273.93,+--,0,0.3127659574468085,1,2.8586145050612686,2.1883791411346465,0.8375029659564461,2.7583600567868416,0,build,0.4952701020942666,-19.453046274440567,,,BASELINE_V2_1,bull_called_bear_truth,Bear,Bull
trend_method_v2_2,320881,320882,2026-03-10T08:23:15.161548,Bull,1.0,0.8399198620390962,regime=RUN|slope_sum=0.839920|v2_2_rule=STRONG_RUN_PROMOTION,Bear,70427.71,70406.96,-20.75,03/10/2026  08:18:41 AM,03/10/2026  08:23:29 AM,False,True,False,True,False,False,True,False,False,False,False,False,RUN,Bull,70540.90884777211,70520.84623335404,70509.74207100781,70499.29481503805,70489.59055268242,70481.50541522022,1.2188520872332447,0.5008973567455541,0.35923629453827743,0.33902250529354205,0.3029291275142896,0.2575255613646732,-59.40343255188782,-72.95864018845896,-79.87157273347839,1.0,48.30991938317311,1.0,21.7963221945829,0.06421247932261659,0.8399198620390962,0.8399198620390962,-0.9309185188179308,0.5008973567455541,0.33902250529354205,59.40343255188782,1.0,21.7963221945829,0.06421247932261659,1,1,False,0.16187485145201208,0.8399198620390962,21.7963221945829,0.06421247932261659,70.72511942707546,False,False,False,False,False,False,2.978462932689581,2.3113267929262933,1.5978436549248727,1.2575183108838246,False,0.279202499477102,11.104162346222438,18.717748837152612,False,0.16469657011539315,0.8596157926949672,-0.28154871371407353,0.4134784461331246,1.0,2.978462932689581,0.33333333333333337,0.28138888710267035,0,0,0,0,1,17.789399817833328,0.012206329789478332,53>68>83,0.8994771941725048,0,83.47517950233305,-1,1,1,++-,0,83.47517950233305,0,0,0,0,70427.71,70406.96,-20.75,-0.00029462835011957646,20.75,-20.75,-5.22,-121.96,-147.93,147.93,---,0,0.1701377500819941,0,2.978462932689581,1.3806192777647084,1.0402939337236603,0.7762349393888144,0,build,4.8318453176446425,98.30777285691693,,,STRONG_RUN_PROMOTION,bull_called_bear_truth,Bear,Bull
trend_method_v2_2,320882,320883,2026-03-10T08:28:16.085280,Bear,1.0,-0.2490602556081285,regime=RUN|slope_sum=-0.249060|v2_2_rule=STRONG_RUN_PROMOTION,Bull,70406.96,70528.55,121.59,03/10/2026  08:23:44 AM,03/10/2026  08:28:30 AM,False,True,False,False,True,False,False,True,False,False,False,False,RUN,Bear,70458.4318307123,70463.12820080927,70465.44875394134,70470.25436838485,70475.53982107858,70479.15438177309,-0.43415275912411744,-0.08925708350943751,-0.10093560926543432,-0.159803172098691,-0.15241651993892447,-0.10794682925552479,20.72255106078228,80.1259836126701,153.08462380112906,1.0,-59.07263282309577,1.0,3.5839756202040007,0.023432168984575036,-0.2490602556081285,0.2490602556081285,0.659031666950713,-0.08925708350943751,-0.159803172098691,20.72255106078228,1.0,3.5839756202040007,0.023432168984575036,-1,-1,False,0.07054608858925349,0.2490602556081285,3.5839756202040007,0.023432168984575036,83.20296231200834,False,False,False,False,False,False,1.0445119731921295,1.485947642799932,-1.9339509594974515,-3.5317946144223242,False,0.5390955653637667,-2.320553132070927,-13.424715478293365,False,0.06140365113722065,0.35657420137067675,-0.5030415913242905,0.571116839701694,1.0,1.0445119731921295,0.0,0.0986797782427127,0,0,1,1,0,8.900013388236403,17.789399817833328,83>68>53,0.42016652129314025,1,159.99755634614849,1,-1,1,+-+,1,159.99755634614849,0,0,0,0,70406.96,70528.55,121.59,0.0017269599482778405,121.59,121.59,-20.75,-5.22,95.62,147.56,--+,1,23.293103448275865,0,1.0445119731921295,2.978462932689581,1.3806192777647084,1.0402939337236603,0,other,2.40228050324694,-140.16294991415998,,,STRONG_RUN_PROMOTION,bear_called_bull_truth,Bull,Bear
trend_method_v2_2,320888,320889,2026-03-10T08:58:26.084203,Bear,1.0,-0.7670667084876186,regime=RUN|slope_sum=-0.767067|v2_2_rule=BASELINE_V2_1,Bull,70461.84,70551.01,89.17,03/10/2026  08:53:53 AM,03/10/2026  08:58:40 AM,False,True,False,False,True,False,False,True,False,False,False,False,RUN,Bear,70474.98746306809,70484.80498850273,70499.27586872758,70511.43518973707,70519.06232927725,70523.04494398354,-0.41330193413523375,-0.4117727207358257,-0.46098659700874123,-0.3552939877517929,-0.23706377833332226,-0.14261919539239898,48.05748091544956,65.28029528654588,89.02509294453193,1.0,-34.48362109978916,1.0,6.0025971285649575,0.157614710768463,-0.7670667084876186,0.7670667084876186,0.368661331091076,-0.4117727207358257,-0.3552939877517929,48.05748091544956,1.0,6.0025971285649575,0.157614710768463,-1,-1,False,0.05647873298403283,0.7670667084876186,6.0025971285649575,0.157614710768463,62.650979873969156,False,False,False,False,False,False,2.021038213357315,1.7497980471312315,1.0827873931284557,1.6813660843636171,False,0.25453477195632385,-14.47088022484968,-18.413276929757558,False,0.05638882939697137,0.05074308967232355,-0.332953542299947,0.03945619977132019,1.0,2.021038213357315,0.16666666666666663,0.19093663627871457,0,0,1,1,0,11.609754246470402,11.602032913215226,83>68>53,0.7349769614775141,1,107.53329505094734,1,-1,1,+-+,1,107.53329505094734,0,0,0,0,70461.84,70551.01,89.17,0.001265507684726939,89.17,89.17,22.13,-27.77,83.53,139.07,-++,0,3.2110190853438962,0,2.021038213357315,0.9382508202288591,1.5368295114640205,0.5175624251460249,0,other,3.2048876706181515,-70.94476955707432,,,BASELINE_V2_1,bear_called_bull_truth,Bull,Bear
trend_method_v2_2,320889,320890,2026-03-10T09:03:27.079570,Bull,1.0,0.48820353431983676,regime=RUN|slope_sum=0.488204|v2_2_rule=BASELINE_V2_1,Bear,70551.01,70487.99,-63.02,03/10/2026  08:58:55 AM,03/10/2026  09:03:41 AM,False,True,False,True,False,False,True,False,False,False,False,False,RUN,Bull,70592.14514990865,70585.54462892887,70579.62867473793,70570.26018433333,70560.91484538182,70553.96756224321,0.08035539277989301,0.18859210207665456,0.23298255245026667,0.2996114322431822,0.2757100660674041,0.21445775805295852,-38.17758766544284,-50.19165088683076,-14.148233192769112,1.0,48.818403805285925,1.0,4.0982800659839995,0.05421435109566944,0.48820353431983676,0.48820353431983676,-0.4318456544558509,0.18859210207665456,0.2996114322431822,38.17758766544284,1.0,4.0982800659839995,0.05421435109566944,1,1,False,0.11101933016652765,0.48820353431983676,4.0982800659839995,0.05421435109566944,78.20014600802043,False,False,False,False,False,False,1.291709303670359,0.6355320721107542,-0.47218058834187104,-0.21503226699678635,False,0.21994095116926596,5.915954190932098,8.25148399551108,False,0.10529677222513716,0.15262715967037366,-0.8072330525028519,0.3040805396873908,1.0,1.291709303670359,0.33333333333333337,0.1220336299742862,0,0,0,0,1,16.292622090113582,13.202392354418407,53>68>83,0.7897792563635448,0,151.51536386743828,-1,-1,1,+--,0,151.51536386743828,0,0,0,0,70551.01,70487.99,-63.02,-0.0008932543984841607,63.02,-63.02,89.17,89.17,115.32,241.36,++-,1,0.7067399349557026,0,1.291709303670359,1.7638898920122301,2.021038213357315,0.9382508202288591,0,decay,4.4048617409075845,21.59248413577734,,,BASELINE_V2_1,bull_called_bear_truth,Bear,Bull
trend_method_v2_2,320889,320890,2026-03-10T09:04:25.181657,Bull,1.0,0.24087445524855866,regime=RUN|slope_sum=0.240874|v2_2_rule=BASELINE_V2_1,Bear,70551.01,70487.99,-63.02,03/10/2026  08:58:55 AM,03/10/2026  09:03:41 AM,False,True,False,True,False,False,True,False,False,False,False,False,RUN,Bull,70587.97315383262,70587.56590792292,70584.8042174199,70579.13887887179,70571.5039353593,70564.38408134812,0.11124041377479443,0.046940359239670215,0.11092742212713347,0.19393409600888845,0.2279052593421511,0.209768351065577,-23.589072484493954,14.588515180948889,64.78016606777965,1.0,-29.453991927570314,1.0,-4.175148932845332,0.06448462632833982,0.24087445524855866,0.24087445524855866,-0.04832615470693945,0.046940359239670215,0.19393409600888845,23.589072484493954,1.0,-4.175148932845332,0.06448462632833982,1,1,False,0.14699373676921823,0.24087445524855866,4.175148932845332,0.06448462632833982,97.93098425548014,False,False,False,False,False,False,0.9007159015582147,0.42606857454030317,-0.3909934021121444,0.08118718622972665,False,0.1195085796425035,2.7616905030154157,-3.154263687916682,False,0.4053205938125536,0.12828711742258747,-0.024340042247786187,0.4767120427346553,1.0,0.9007159015582147,0.0,0.08509471189096697,0,0,0,0,1,14.754797523666639,16.292622090113582,53>68>83,0.6316077064166166,0,100.82358376184129,1,-1,-1,--+,0,100.82358376184129,0,0,0,0,70551.01,70487.99,-63.02,-0.0008932543984841607,63.02,-63.02,-63.02,89.17,-36.870000000000005,215.21,+--,0,0.7067399349557026,0,0.9007159015582147,1.291709303670359,1.7638898920122301,2.021038213357315,0,decay,4.00214055255519,-61.65024242211075,,,BASELINE_V2_1,bull_called_bear_truth,Bear,Bull
trend_method_v2_2,320895,320896,2026-03-10T09:33:31.086337,Bear,1.0,-1.9198707254709007,regime=RUN|slope_sum=-1.919871|v2_2_rule=BASELINE_V2_1,Bull,70732.95,70863.42,130.47,03/10/2026  09:28:58 AM,03/10/2026  09:33:45 AM,False,True,False,False,True,False,False,True,False,False,False,False,RUN,Bear,70642.90996611537,70671.78546442927,70705.20997281608,70733.47169357979,70754.74373232527,70769.76085241411,-1.916847703012536,-1.0606681315912283,-1.056384378023722,-0.8592025938796723,-0.6679009008785215,-0.4962334305582772,126.85088629873644,178.24461724984576,242.08285563612299,1.0,-176.2881062854285,1.0,19.589065319902147,0.34919293939102714,-1.9198707254709007,1.9198707254709007,0.46810282799041764,-1.0606681315912283,-0.8592025938796723,126.85088629873644,1.0,19.589065319902147,0.34919293939102714,-1,-1,False,0.20146553771155595,1.9198707254709007,19.589065319902147,0.34919293939102714,66.0726186486451,False,False,False,False,False,False,6.057237137943957,1.9936868458012955,3.348851867769554,2.3287537464275374,False,0.2663854903324281,-33.42450838681543,-42.47303866985021,False,0.0020234517320901688,0.8604633249888138,-0.29484130466516945,0.21330803431757422,1.0,6.057237137943957,0.16666666666666663,0.5722546345822371,0,0,1,1,0,36.289158834319096,29.916792874151724,83>68>53,2.023336925316471,1,264.7984475926205,1,-1,1,+-+,1,264.7984475926205,0,0,0,0,70732.95,70863.42,130.47,0.0018445434553486036,130.47,130.47,-8.33,40.56,162.7,179.36,+-+,1,3.216715976331361,0,6.057237137943957,2.7083852701744036,1.6882871488323872,1.0446681434223137,0,build,9.881927996466176,-199.90465827093794,,,BASELINE_V2_1,bear_called_bull_truth,Bull,Bear
trend_method_v2_2,320898,320899,2026-03-10T09:48:36.076771,Bull,1.0,1.3649267391283502,regime=RUN|slope_sum=1.364927|v2_2_rule=BASELINE_V2_1,Bear,69820.81,69760.64,-60.17,03/10/2026  09:44:04 AM,03/10/2026  09:48:50 AM,False,True,False,True,False,False,True,False,False,False,False,False,RUN,Bull,70102.34289443708,70100.40557706417,70071.17325922154,70034.86058440326,70007.10218208651,69987.95828093677,1.6098739432072762,0.30014056800973776,1.0910786247677606,1.0647861711186124,0.8341448843511898,0.6232512556180154,-114.38461350031139,-196.99702571627859,-26.285283689081552,1.0,348.8072120656143,1.0,-14.642894747681567,0.45339472415701787,1.3649267391283502,1.3649267391283502,-0.02955706140518967,0.30014056800973776,1.0647861711186124,114.38461350031139,1.0,-14.642894747681567,0.45339472415701787,1,1,False,0.7646456031088746,1.3649267391283502,14.642894747681567,0.45339472415701787,83.80274942328263,False,False,False,False,False,False,5.523275447072592,1.1898795431208946,0.8353110976549942,5.114890923592611,False,0.2173415513850857,29.232317842630437,49.526698107176344,False,0.5685215247634381,2.1006714319555613,0.09930940342746908,0.6999687569730321,1.0,5.523275447072592,0.0,0.521808854545594,0,0,0,0,1,46.902303466486046,11.370128653463325,53>68>83,2.5221823110878177,0,494.1820356879034,-1,-1,1,+--,0,494.1820356879034,0,0,0,0,69820.81,69760.64,-60.17,-0.000861777455747076,60.17,-60.17,-640.28,-402.33,-1102.78,1102.78,---,0,0.149553848830562,0,5.523275447072592,4.687964349417598,8.967544175355215,6.057237137943957,0,other,12.819727019771156,75.91129119968537,,,BASELINE_V2_1,bull_called_bear_truth,Bear,Bull
trend_method_v2_2,320920,320921,2026-03-10T11:39:05.202186,Bear,1.0,-2.558604705674952,regime=RUN|slope_sum=-2.558605|v2_2_rule=BASELINE_V2_1,Bull,71354.74,71419.48,64.74,03/10/2026  11:34:32 AM,03/10/2026  11:39:19 AM,False,True,False,False,True,False,False,True,False,False,False,False,RUN,Bear,71192.4212931149,71253.9919888447,71288.25237293562,71306.59718797452,71323.13101991473,71336.99165373313,-1.9477563604359602,-1.9227143288462685,-0.9008296278461785,-0.6358903768286837,-0.5495251370684855,-0.45070482742266904,144.570360618236,286.4382001947524,355.5795421559451,1.0,-243.19204762730806,1.0,57.57114320402616,0.16663458084429805,-2.558604705674952,2.558604705674952,1.1704298576401073,-1.9227143288462685,-0.6358903768286837,144.570360618236,1.0,57.57114320402616,0.16663458084429805,-1,-1,False,1.2868239520175848,2.558604705674952,57.57114320402616,0.16663458084429805,56.50359365695718,False,False,False,False,False,False,6.407420658448245,2.9162282239455917,0.9907578448419372,-1.0208880069367297,False,0.5978609066871489,-34.26038409091416,-75.57961640122812,False,0.3619156339245184,1.0469267325897817,-1.9592223492745688,0.21942168025589123,1.0,6.407420658448245,0.16666666666666663,0.6053380582619188,0,0,1,1,0,30.39446575861075,36.361840472745826,83>68>53,1.6361203413198382,0,379.23200191733486,1,-1,-1,--+,0,379.23200191733486,0,0,0,0,71354.74,71419.48,64.74,0.0009072978193179597,64.74,64.74,100.99,61.24,226.96999999999997,226.96999999999997,+++,0,1.0571521881123447,0,6.407420658448245,5.416662813606308,3.4050169618276414,2.3804353026680474,0,build,8.307351921269301,-281.95914810399154,,,BASELINE_V2_1,bear_called_bull_truth,Bull,Bear
trend_method_v2_2,320922,320923,2026-03-10T11:49:07.263921,Bear,1.0,-1.018597011168822,regime=RUN|slope_sum=-1.018597|v2_2_rule=STRONG_RUN_PROMOTION,Bull,71171.17,71184.91,13.74,03/10/2026  11:44:35 AM,03/10/2026  11:49:21 AM,False,True,False,False,True,False,False,True,False,False,False,False,RUN,Bear,71042.33171931475,71053.73637185273,71072.94693844787,71088.8324858807,71098.92087742817,71104.3957677628,-0.11659472326937248,-0.5494176190713915,-0.6049726105520676,-0.46917939209743054,-0.3125417185401602,-0.2004060161743837,62.064048448053654,124.37160289777967,331.2495179657417,1.0,184.75075805226516,1.0,5.802741925755981,0.21201770202938597,-1.018597011168822,1.018597011168822,0.3249548519408223,-0.5494176190713915,-0.46917939209743054,62.064048448053654,1.0,5.802741925755981,0.21201770202938597,-1,-1,False,0.08023822697396099,1.018597011168822,5.802741925755981,0.21201770202938597,60.93091553138984,False,False,False,False,False,False,2.253112079704806,1.2941144971919285,-1.2163783562518802,1.721551866239679,False,0.22564078624252926,-19.210566595138516,-56.857177706595394,False,0.04812496680502669,0.48837788728269516,-1.6509255668242986,0.3842515099577853,1.0,2.253112079704806,0.5,0.21286170583738295,0,0,1,1,0,15.563281882103183,15.270582626821124,83>68>53,0.9821271268119744,1,617.6877181604941,1,-1,1,+-+,1,617.6877181604941,0,0,0,0,71171.17,71184.91,13.74,0.0001930556993793976,13.74,13.74,-248.31,64.74,-169.82999999999998,326.79,+-+,1,0.21223354958294718,0,2.253112079704806,3.4694904359566863,6.407420658448245,5.416662813606308,0,decay,4.29089006627134,-276.0432658259706,,,STRONG_RUN_PROMOTION,bear_called_bull_truth,Bull,Bear
trend_method_v2_2,320930,320931,2026-03-10T12:29:16.089281,Bear,1.0,-2.2614533127743925,regime=RUN|slope_sum=-2.261453|v2_2_rule=STRONG_RUN_PROMOTION,Bull,71394.89,71533.92,139.03,03/10/2026  12:24:44 PM,03/10/2026  12:29:30 PM,False,True,False,False,True,False,False,True,False,False,False,False,RUN,Bear,71363.53828015542,71424.36867120565,71461.18892879054,71486.14815215334,71498.649654432,71502.61921008902,-3.8558176978003758,-1.5243615394956578,-1.1373971156081097,-0.7370917732787348,-0.41076681312733854,-0.18352688486265833,139.08092993359605,223.82970379355538,207.3375032658805,1.0,-127.49873957716045,1.0,79.46943899620965,0.18685821723248364,-2.2614533127743925,2.2614533127743925,0.9846374575524509,-1.5243615394956578,-0.7370917732787348,139.08092993359605,1.0,79.46943899620965,0.18685821723248364,-1,-1,False,0.787269766216923,2.2614533127743925,79.46943899620965,0.18685821723248364,61.5006859296905,False,False,False,False,False,False,7.848961824172875,4.8953338409899265,3.7390122006800084,4.163422931698733,False,0.33214972878739757,-36.82025758488453,-60.60838239645818,False,0.14537923006113504,2.718420582192266,0.7238794044151291,0.41709071516760593,1.0,7.848961824172875,0.16666666666666663,0.7415269830539586,0,0,1,1,0,16.471057935676072,33.56656094279606,83>68>53,1.3313854712687316,0,374.45483481422707,1,1,-1,-++,0,374.45483481422707,0,0,0,0,71394.89,71533.92,139.03,0.0019473382478774042,139.03,139.03,263.16,8.37,410.56000000000006,410.56000000000006,+++,0,16.610513739546,0,7.848961824172875,4.1099496234928665,4.534360354511591,2.0647304965132207,0,other,4.672125556935681,-146.0052414650072,,,STRONG_RUN_PROMOTION,bear_called_bull_truth,Bull,Bear
trend_method_v2_2,320941,320942,2026-03-10T13:24:34.084622,Bull,1.0,0.7142167821530165,regime=RUN|slope_sum=0.714217|v2_2_rule=STRONG_RUN_PROMOTION,Bear,71274.74,71248.39,-26.35,03/10/2026  01:20:00 PM,03/10/2026  01:24:48 PM,False,True,False,True,False,False,True,False,False,False,False,False,RUN,Bull,71296.94540276044,71271.6770976947,71261.44224839636,71256.68158723775,71254.80082265512,71254.53235318515,1.8310293658323644,0.5647819072019047,0.28757979034526215,0.14943487495111185,0.07220809308819298,0.025610337586840615,-42.41304957529064,-60.79787685209885,-45.94809453145717,1.0,9.272083605304942,1.0,35.239620963911875,0.0285281988987533,0.7142167821530165,0.7142167821530165,-1.6850580136360374,0.5647819072019047,0.14943487495111185,42.41304957529064,1.0,35.239620963911875,0.0285281988987533,1,1,False,0.41534703225079284,0.7142167821530165,35.239620963911875,0.0285281988987533,59.384000257507125,False,False,False,False,False,False,2.9306443690056767,10.85280156956486,1.5101061988552829,2.8713384439706715,False,0.36625270425288287,10.234849298343761,11.48199554621533,False,0.3252165338427858,1.5434495754871023,0.37711759497869934,0.5751862248297281,1.0,2.9306443690056767,0.16666666666666663,0.27687125075065055,0,0,0,0,1,2.149234052601969,4.873411599182873,53>68>83,0.24725330562614545,0,94.34044294185878,-1,-1,1,+--,0,94.34044294185878,0,0,1,1,71274.74,71248.39,-26.35,-0.000369696192508033,26.35,-26.35,-54.05,80.13,-0.2700000000000031,160.53,+--,0,0.3288406339697991,1,2.9306443690056767,1.4205381701503939,2.7817704152657825,1.6384388703718287,0,other,0.6849923154773683,57.8072076726512,,,STRONG_RUN_PROMOTION,bull_called_bear_truth,Bear,Bull
trend_method_v2_2,320956,320957,2026-03-10T14:39:56.086957,Bear,1.0,-1.6943877668109053,regime=RUN|slope_sum=-1.694388|v2_2_rule=STRONG_RUN_PROMOTION,Bull,70340.56,70388.61,48.05,03/10/2026  02:35:22 PM,03/10/2026  02:40:10 PM,False,True,False,False,True,False,False,True,False,False,False,False,RUN,Bear,70141.57690048564,70184.23697274283,70206.29913974424,70223.73928954435,70239.4572374634,70253.24838648173,-2.036522890561173,-1.123424023782718,-0.6722751076977147,-0.5709637430281873,-0.5042086116809514,-0.4439383915905637,111.67148599609209,112.56675571174128,98.14703681629908,1.0,-90.1531530446955,1.0,44.39966509968508,0.0897988257946315,-1.6943877668109053,1.6943877668109053,1.0799384874172828,-1.123424023782718,-0.5709637430281873,111.67148599609209,1.0,44.39966509968508,0.0897988257946315,-1,-1,False,0.5524602807545307,1.6943877668109053,44.39966509968508,0.0897988257946315,65.90668805776069,False,False,False,False,False,False,5.351332768341308,2.5226745524486955,3.031156655119048,2.991617241215863,False,0.2864499135402814,-22.062167001407943,-15.536959887191188,False,0.25123858901299434,1.3642477828634583,-0.4242203834128304,0.3559939312014754,1.0,5.351332768341308,0.33333333333333337,0.4811818245432997,0,0,1,1,0,29.50909693738504,7.988775937454193,83>68>53,1.5191107462997024,0,186.47437694863766,1,1,1,+++,0,186.47437694863766,0,0,0,0,70340.56,70388.61,48.05,0.000683105167203673,48.05,48.05,28.56,124.62,201.23000000000002,201.23000000000002,+++,0,0.38557213930348255,0,5.351332768341308,2.32017611322226,2.280636699319075,4.935198009621672,0,build,8.02260432121809,-83.03429731252072,,,STRONG_RUN_PROMOTION,bear_called_bull_truth,Bull,Bear
trend_method_v2_2,320968,320969,2026-03-10T15:40:16.084093,Bull,1.0,1.203798913047649,regime=RUN|slope_sum=1.203799|v2_2_rule=STRONG_RUN_PROMOTION,Bear,69994.62,69838.28,-156.34,03/10/2026  03:35:43 PM,03/10/2026  03:40:30 PM,False,True,False,True,False,False,True,False,False,False,False,False,RUN,Bull,69957.29864986448,69929.96886663322,69911.26675169203,69895.6918990677,69886.02414208822,69881.94025149876,1.8394181876119546,0.7357233727670973,0.6022165838421643,0.46807554028055165,0.2987713917536894,0.1538581269196584,-75.3583983657154,-145.87461824635102,-171.72362292303296,1.0,58.512033121995046,1.0,32.560011938316165,0.1163678355377799,1.203798913047649,1.203798913047649,-0.7973220845224341,0.7357233727670973,0.46807554028055165,75.3583983657154,1.0,32.560011938316165,0.1163678355377799,1,1,False,0.26764783248654567,1.203798913047649,32.560011938316165,0.1163678355377799,62.60048713196716,False,False,False,False,False,False,4.098063203175116,3.4510054151666276,0.35561054647951096,-0.5886370930675184,False,0.4867237917366114,18.702114941188483,30.740644820427406,False,0.09978533660305582,1.2372016037697904,-0.03515180506838078,0.3893805946993847,1.0,4.098063203175116,0.0,0.36849017143233515,0,0,0,0,1,13.75164756893355,23.280009982539923,53>68>83,0.9207050589538994,0,240.36936014334788,-1,1,1,++-,0,240.36936014334788,0,0,1,1,69994.62,69838.28,-156.34,-0.0022336002395612693,156.34,-156.34,-79.1,-157.01,-392.45,392.45,---,0,0.995732755875422,0,4.098063203175116,3.7424526566956047,2.7982050171485753,1.9045852399758587,0,build,3.8211617163054052,202.429115938392,,,STRONG_RUN_PROMOTION,bull_called_bear_truth,Bear,Bull
trend_method_v2_2,320974,320975,2026-03-10T16:11:22.134455,Bear,1.0,-0.78789029224572,regime=RUN|slope_sum=-0.787890|v2_2_rule=STRONG_RUN_PROMOTION,Bull,70044.49,70193.1,148.61,03/10/2026  04:05:53 PM,03/10/2026  04:10:38 PM,False,True,False,False,True,False,False,True,False,False,False,False,RUN,Bear,70060.46335325127,70085.44907928516,70094.37813714714,70104.8383236252,70113.94075475962,70119.22539919254,-1.695911517537752,-0.44978149537382706,-0.3252039186172624,-0.338108796871893,-0.2707964433611778,-0.16973963218697463,58.762045941271936,36.87700451431738,-100.22989274482825,1.0,-60.99377532786457,1.0,22.357098410328035,0.05287726844669255,-0.78789029224572,0.78789029224572,1.288638463387902,-0.44978149537382706,-0.338108796871893,58.762045941271936,1.0,22.357098410328035,0.05287726844669255,-1,-1,False,0.11167269850193406,0.78789029224572,22.357098410328035,0.05287726844669255,74.58150775507431,False,False,False,False,False,False,3.249541803948887,3.173329741258347,1.3145911793017149,5.311025443712424,False,0.30415327213531146,-8.929057861983893,0.712350730842445,False,0.16074828571934519,1.3707075989204895,0.08375589597926592,0.5547409045800946,1.0,3.249541803948887,0.16666666666666663,0.2921927156921151,0,0,1,1,0,14.387075567341526,8.19903226941824,83>68>53,0.7786448724200454,0,268.1465722024004,1,1,-1,-++,0,268.1465722024004,0,0,0,0,70044.49,70193.1,148.61,0.00212165153890049,148.61,148.61,148.61,21.29,318.51,318.51,+++,0,6.980272428370128,0,3.249541803948887,1.934950624647172,5.931384889057881,0.9630104772131745,0,other,3.9323390836613017,101.02599937164996,,,STRONG_RUN_PROMOTION,bear_called_bull_truth,Bull,Bear
trend_method_v2_2,320992,320993,2026-03-10T17:40:53.077778,Bear,1.0,-0.82811925126407,regime=RUN|slope_sum=-0.828119|v2_2_rule=BASELINE_V2_1,Bull,69976.75,70018.71,41.96,03/10/2026  05:36:22 PM,03/10/2026  05:41:07 PM,False,True,False,False,True,False,False,True,False,False,False,False,RUN,Bear,69790.32102862265,69800.88507140023,69810.34139640295,69831.4117480326,69853.79011979798,69873.0516682437,-1.1642395148155629,-0.15895974835075322,-0.4587377219068003,-0.6691595029133168,-0.6651357775826909,-0.5884032758567628,82.73063962104789,93.52960981606157,110.8949365268345,1.0,-133.42263719881885,1.0,-0.07936732852249406,0.10301438283169687,-0.82811925126407,0.82811925126407,0.3460593796192831,-0.15895974835075322,-0.6691595029133168,82.73063962104789,1.0,-0.07936732852249406,0.10301438283169687,-1,-1,False,0.5101997545625636,0.82811925126407,0.07936732852249406,0.10301438283169687,99.90184323666544,False,False,False,False,False,False,3.704635541425887,0.9267895787332002,2.772527430055561,4.276144120411118,False,0.1924007870838773,-9.456325002713129,-11.431198292732006,False,0.48531520362395597,1.3050577400208567,0.6663047818456107,0.7323815325418522,1.0,3.704635541425887,0.16666666666666663,0.3331138926058221,0,0,1,1,0,41.63992021110607,1.454828939124127,83>68>53,1.9226985563527705,1,120.79522536622244,1,-1,1,+-+,1,120.79522536622244,0,0,0,0,69976.75,70018.71,41.96,0.0005996277334971973,41.96,41.96,-79.24,30.22,-7.059999999999995,151.42,+-+,1,1.3884844473858373,0,3.704635541425887,0.9321081113703258,2.4357248017258826,0.6836945536215353,0,other,11.251856755861219,-98.79743345225688,,,BASELINE_V2_1,bear_called_bull_truth,Bull,Bear
trend_method_v2_2,320994,320995,2026-03-10T17:52:07.413424,Bull,1.0,1.0412085392472363,regime=RUN|slope_sum=1.041209|v2_2_rule=BASELINE_V2_1,Bear,69678.38,69624.0,-54.38,03/10/2026  05:47:16 PM,03/10/2026  05:51:11 PM,False,True,False,True,False,False,True,False,False,False,False,False,RUN,Bull,69732.33226385503,69699.46299361963,69687.13761133971,69680.88001072427,69677.0124317025,69675.74147376999,0.8892161309722724,0.8275636338403274,0.3331081290725706,0.21364490540690895,0.1289501778974227,0.055781631390345865,-56.59079008504341,-86.03307490401494,-55.49185671770829,1.0,31.890207012940664,1.0,42.585029741952894,0.020372656571340714,1.0412085392472363,1.0412085392472363,-1.7687833228240697,0.8275636338403274,0.21364490540690895,56.59079008504341,1.0,42.585029741952894,0.020372656571340714,1,1,False,0.6139187284334184,1.0412085392472363,42.585029741952894,0.020372656571340714,54.35106220503811,False,False,False,False,False,False,2.448264608579848,5.145601683713463,1.0424528103940247,1.9713355540425255,False,0.33491280096136966,12.325382279916084,17.33516805699037,False,0.42600804169375056,0.5561080018997018,-0.042883970940238214,0.271287031626742,1.0,2.448264608579848,0.0,0.2201433703190147,0,0,0,0,1,5.1385369542840635,3.7421530231367797,53>68>83,0.3983767146946775,0,141.03721003062674,-1,-1,-1,---,0,141.03721003062674,0,0,0,0,69678.38,69624.0,-54.38,-0.0007804429437079335,54.38,-54.38,-54.38,-340.33,-449.09,449.09,---,0,0.15978608997149826,0,2.448264608579848,1.4058117981858231,2.334694541834324,6.474380425386698,1,release,1.5078861307029494,72.78414080375842,,,BASELINE_V2_1,bull_called_bear_truth,Bear,Bull
trend_method_v2_2,320997,320998,2026-03-10T18:06:02.122935,Bear,1.0,-2.080306526624554,regime=RUN|slope_sum=-2.080307|v2_2_rule=BASELINE_V2_1,Bull,69795.29,69814.08,18.79,03/10/2026  06:01:55 PM,03/10/2026  06:06:16 PM,False,True,False,False,True,False,False,True,False,False,False,False,RUN,Bear,69662.9805125614,69717.5694967906,69747.24174326487,69764.40786186753,69774.66937810929,69780.58541144733,-2.048114386263478,-1.540606517730339,-0.8419520853240101,-0.539700008894215,-0.3478904329258512,-0.22536255843442632,117.6048988859402,103.27975438212161,40.42175649307319,1.0,-38.99808430472331,1.0,62.551099897318636,0.10361586483209284,-2.080306526624554,2.080306526624554,1.165475868732602,-1.540606517730339,-0.539700008894215,117.6048988859402,1.0,62.551099897318636,0.10361586483209284,-1,-1,False,1.000906508836124,2.080306526624554,62.551099897318636,0.10361586483209284,56.53248566054473,False,False,False,False,False,False,5.54362598957232,3.9810063752060425,4.076694605884768,4.554797793603939,False,0.31969494317632674,-29.672246474263375,-21.067288619829924,False,0.29323704000845163,1.206162300939468,-0.12628793442127062,0.2722300435729462,1.0,5.54362598957232,0.5,0.4984724710130251,0,0,1,1,0,16.17754957980651,3.119889438879909,83>68>53,1.1129530002544925,0,195.30564972346474,1,1,-1,-++,0,195.30564972346474,0,0,0,0,69795.29,69814.08,18.79,0.0002692158740224448,18.79,18.79,70.18,101.11,190.08,190.08,+++,0,0.18583720700227474,1,5.54362598957232,1.4669313836875517,1.9450345714067225,1.871215572962683,0,other,4.533554151054692,-19.480755807664536,,,BASELINE_V2_1,bear_called_bull_truth,Bull,Bear
trend_method_v2_2,321004,321005,2026-03-10T18:41:13.132118,Bull,1.0,1.4937702969946258,regime=RUN|slope_sum=1.493770|v2_2_rule=BASELINE_V2_1,Bear,69641.64,69517.93,-123.71,03/10/2026  06:37:07 PM,03/10/2026  06:41:27 PM,False,True,False,True,False,False,True,False,False,False,False,False,RUN,Bull,69665.81036631302,69633.33620399328,69609.00470466241,69592.53655674208,69582.97595028167,69578.41995449112,1.4178426409234817,0.999035642533272,0.7274849066398019,0.4947346544613538,0.31060452718702436,0.17549102601697086,-87.39041182189249,-126.45537572212925,-146.26893814602226,1.0,47.44740854835254,1.0,34.34020110849815,0.1620625948483524,1.4937702969946258,1.4937702969946258,-0.7959422325147781,0.999035642533272,0.4947346544613538,87.39041182189249,1.0,34.34020110849815,0.1620625948483524,1,1,False,0.5043009880719183,1.4937702969946258,34.34020110849815,0.1620625948483524,58.50324644807614,False,False,False,False,False,False,4.125193397761905,3.205818056502381,2.6214995668269694,2.634413933796168,False,0.3048936509791283,24.331499330874067,30.47353837850096,False,0.15728207580473383,0.6903577342836797,0.40740636821828957,0.2195540694720067,1.0,4.125193397761905,0.0,0.3709296677403796,0,0,0,0,1,14.11660225095693,18.060475516336737,53>68>83,0.980830207665349,0,274.6816826649738,-1,1,1,++-,0,274.6816826649738,0,0,1,1,69641.64,69517.93,-123.71,-0.0017763797636012018,123.71,-123.71,-44.05,163.78,-3.9799999999999898,331.53999999999996,+--,0,0.7553425326657711,0,4.125193397761905,1.5036938309349352,1.5166081979041337,3.9958080900069035,1,release,3.945074957176082,177.14988289274152,,,BASELINE_V2_1,bull_called_bear_truth,Bear,Bull
trend_method_v2_2,321017,321018,2026-03-10T19:46:34.100692,Bull,1.0,0.33378051594263525,regime=RUN|slope_sum=0.333781|v2_2_rule=BASELINE_V2_1,Bear,69910.05,69894.98,-15.07,03/10/2026  07:42:18 PM,03/10/2026  07:46:48 PM,False,True,False,True,False,False,True,False,False,False,False,False,RUN,Bull,69937.28434135165,69933.5680738261,69928.08483887401,69924.14215313738,69921.38455053778,69919.63198881407,0.11972983189116349,0.21260723683553806,0.15836811023473274,0.12117327910709719,0.08710912186506903,0.06145254082366591,-17.652352537581464,-17.259149561272352,-32.9620585784578,1.0,-35.669190088578034,1.0,-3.1704059150943067,0.05542874095526279,0.33378051594263525,0.33378051594263525,-0.394260428013722,0.21260723683553806,0.12117327910709719,17.652352537581464,1.0,-3.1704059150943067,0.05542874095526279,1,1,False,0.09143395772844087,0.33378051594263525,3.1704059150943067,0.05542874095526279,52.88610836893566,False,False,False,False,False,False,0.7604401207572664,1.8192125042993468,-0.2485636296460143,0.001133893929363694,False,0.2581164068370181,5.483234952087514,10.902808434853796,False,0.14620682217606026,0.1471165315451799,-0.6742168544205924,0.29980635593972843,1.0,0.7604401207572664,0.5,0.06837735207323418,0,0,0,0,1,4.510164323306526,3.121798379201209,53>68>83,0.26973494179583213,0,62.636254456912866,-1,1,1,++-,0,62.636254456912866,0,0,0,0,69910.05,69894.98,-15.07,-0.00021556271237111116,15.07,-15.07,15.08,111.8,111.81,141.95,++-,1,0.13479427549194992,1,0.7604401207572664,1.0090037504032807,1.2587012739786587,3.6077418470940756,0,decay,1.2573660808713734,43.190650158891,,,BASELINE_V2_1,bull_called_bear_truth,Bear,Bull
trend_method_v2_2,321026,321027,2026-03-10T20:31:48.102392,Bear,1.0,-0.5500314647069899,regime=RUN|slope_sum=-0.550031|v2_2_rule=BASELINE_V2_1,Bull,70004.69,70067.27,62.58,03/10/2026  08:27:43 PM,03/10/2026  08:32:02 PM,False,True,False,False,True,False,False,True,False,False,False,False,RUN,Bear,70026.83594771389,70035.33152541493,70046.13700224835,70055.28427069224,70059.67667810348,70060.47427324526,-0.6408314259606414,-0.2936458350613975,-0.35884605367937183,-0.2563856296455924,-0.13544583672774024,-0.04414297127004829,33.638325531370356,59.28751561282843,65.9936350909411,1.0,30.708752079270198,1.0,9.004475651337998,0.09874643170499309,-0.5500314647069899,0.5500314647069899,0.42578490240564976,-0.2936458350613975,-0.2563856296455924,33.638325531370356,1.0,9.004475651337998,0.09874643170499309,-1,-1,False,0.0372602054158051,0.5500314647069899,9.004475651337998,0.09874643170499309,61.157093166097326,False,False,False,False,False,False,1.7292977523447917,2.9665118021422288,0.3059226181558188,-0.09099901328954729,False,0.3264554307430613,-10.805476833411376,-12.175329114834312,False,0.09992494886611215,0.41238580951721815,-0.3967972306363663,0.31885747734504083,1.0,1.7292977523447917,0.0,0.15549521655141113,0,0,1,1,0,5.19000255301944,13.282742087278166,83>68>53,0.43597443764338095,0,70.37402031678357,1,-1,-1,--+,0,70.37402031678357,0,0,0,0,70004.69,70067.27,62.58,0.0008939401060128971,62.58,62.58,3.17,3.17,68.92,68.92,+++,0,19.741324921135647,0,1.7292977523447917,1.4233751341889729,1.0264535027436068,0.6005549074016017,0,build,1.4868791556421292,-54.21510320674315,,,BASELINE_V2_1,bear_called_bull_truth,Bull,Bear
trend_method_v2_2,321039,321040,2026-03-10T21:37:04.098149,Bear,1.0,-1.8282758178447693,regime=RUN|slope_sum=-1.828276|v2_2_rule=BASELINE_V2_1,Bull,69997.22,70073.32,76.1,03/10/2026  09:32:53 PM,03/10/2026  09:37:18 PM,False,True,False,False,True,False,False,True,False,False,False,False,RUN,Bear,69894.22974109296,69928.7482030752,69959.7069654332,69980.64630669037,69994.18032564373,70002.88488590444,-1.2773011448243778,-1.1939749032935651,-0.9107278677875001,-0.6343009145512042,-0.4414200774717756,-0.3082800551910623,108.65514481147693,106.79897104171687,146.59907372886664,1.0,-28.73357596078131,1.0,31.883252560495748,0.2646685918675279,-1.8282758178447693,1.8282758178447693,0.6651199095353122,-1.1939749032935651,-0.6343009145512042,108.65514481147693,1.0,31.883252560495748,0.2646685918675279,-1,-1,False,0.559673988742361,1.8282758178447693,31.883252560495748,0.2646685918675279,59.43038996138073,False,False,False,False,False,False,4.766004963119485,2.4436425989079478,3.757354832963756,4.243672909440647,False,0.28384392732078284,-30.958762358000968,-27.269449575149338,False,0.13457816438402712,0.3665732770368777,-0.659294965564186,0.10838937096225605,1.0,4.766004963119485,0.33333333333333337,0.4285502440632352,0,0,1,1,0,22.23857921407034,6.2054108248703415,83>68>53,1.384001047214042,1,159.46767735859612,1,-1,1,+-+,1,159.46767735859612,0,0,0,0,69997.22,70073.32,76.1,0.0010871860339596343,76.1,76.1,-61.6,-59.08,-44.58000000000001,196.78,--+,1,1.2880839539607312,0,4.766004963119485,1.0086501301557291,1.4949682066326204,1.2347127870743861,0,other,6.1334319470608065,-119.98891911928149,,,BASELINE_V2_1,bear_called_bull_truth,Bull,Bear
trend_method_v2_2,321044,321045,2026-03-10T22:02:08.081556,Bear,1.0,-0.4088200876412884,regime=RUN|slope_sum=-0.408820|v2_2_rule=BASELINE_V2_1,Bull,70036.31,70081.26,44.95,03/10/2026  09:57:48 PM,03/10/2026  10:02:22 PM,False,True,False,False,True,False,False,True,False,False,False,False,RUN,Bear,70052.9445665527,70063.2536755055,70069.29089010635,70071.07642082935,70071.61480175501,70071.43273957344,-0.22259388801830937,-0.3489649927323626,-0.14532765748481324,-0.05985509490892582,-0.025950589866624796,-0.0014708670878462726,18.48817302074167,28.196355811771355,-11.398207628473756,0.8,-49.710737591580255,1.0,8.258607780298917,0.0354990428744627,-0.4088200876412884,0.4088200876412884,1.3178377314743341,-0.3489649927323626,-0.05985509490892582,18.48817302074167,1.0,8.258607780298917,0.0354990428744627,-1,-1,False,0.28910989782343677,0.4088200876412884,8.258607780298917,0.0354990428744627,45.22324998120878,False,False,False,False,False,False,0.8041630900988821,8.213964953124389,-0.4106173877898982,0.13596220504041412,False,0.3565876360464815,-6.037214600844891,-8.183617736125598,False,0.41197726722838757,0.33000843996160256,-0.2721970526381483,0.460335663121631,1.0,0.8041630900988821,0.33333333333333337,0.072308839624656,0,0,0,0,0,0.3563187440886395,10.977440316331922,68>83>53,0.08727655186339689,0,128.6773155405681,1,1,-1,-++,0,128.6773155405681,0,0,0,0,70036.31,70081.26,44.95,0.0006418099411576653,44.95,44.95,118.72,1.34,165.01,165.01,+++,0,33.54477611940298,0,0.8041630900988821,1.2147804778887803,1.7613600707190926,1.1152834218901262,0,decay,0.18578689685177677,19.309628311961205,,,BASELINE_V2_1,bear_called_bull_truth,Bull,Bear
trend_method_v2_2,321054,321055,2026-03-10T22:52:19.123210,Bull,1.0,0.8529476864805474,regime=RUN|slope_sum=0.852948|v2_2_rule=BASELINE_V2_1,Bear,69717.89,69641.65,-76.24,03/10/2026  10:47:50 PM,03/10/2026  10:52:33 PM,False,True,False,True,False,False,True,False,False,False,False,False,RUN,Bull,69748.68945666328,69725.57073528769,69714.15772261113,69704.2954528482,69696.76153118307,69691.96967999045,1.6606922932642192,0.5415083559746563,0.3718386753316736,0.3114393305058911,0.2351608937333367,0.1613162332396314,-56.719776672834996,-103.823238075056,-137.78105925183627,1.0,58.699320286134025,1.0,27.05502147800871,0.03447989849415278,0.8529476864805474,0.8529476864805474,-1.0866469782597434,0.5415083559746563,0.3114393305058911,56.719776672834996,1.0,27.05502147800871,0.03447989849415278,1,1,False,0.23006902546876518,0.8529476864805474,27.05502147800871,0.03447989849415278,66.4985409678212,False,False,False,False,False,False,3.2819557820494083,3.636077813104689,1.4326594075901085,0.5669188324063725,False,0.31372017120391515,11.413012676566723,22.490422863629647,False,0.18576693723995558,1.2888536179325456,1.0040610914711579,0.5007124815964407,1.0,3.2819557820494083,0.0,0.29510731992218425,0,0,0,0,1,12.325772857744596,12.680969955923501,53>68>83,0.7079164574788592,0,167.44878911270644,-1,1,-1,-+-,1,167.44878911270644,0,0,1,1,69717.89,69641.65,-76.24,-0.0010935500199446655,76.24,-76.24,-45.91,-176.3,-298.45,298.45,---,0,0.43244469653998857,0,3.2819557820494083,1.8492963744592998,0.9835557992755639,2.089694762706131,0,build,3.392474838013686,161.27554320693707,,,BASELINE_V2_1,bull_called_bear_truth,Bear,Bull
trend_method_v2_2,321057,321058,2026-03-10T23:07:23.108269,Bear,1.0,-0.055146170627267566,regime=RUN|slope_sum=-0.055146|v2_2_rule=BASELINE_V2_1,Bull,69760.88,69771.42,10.54,03/10/2026  11:02:52 PM,03/10/2026  11:07:37 PM,False,True,False,False,True,False,False,True,False,False,False,False,RUN,Bear,69726.8953980507,69741.99175072473,69736.99979969051,69737.00693141627,69742.1100269719,69748.23134522224,-2.1282164174444915,-0.00697251757264894,0.11034915213167551,-0.048173653054618626,-0.14843712996480463,-0.16747481772654282,21.335947171537555,60.720371254428755,95.7359114587889,0.8,-98.46075821451086,1.0,-1.0036058046825929,0.17899386356903482,-0.055146170627267566,0.055146170627267566,3.0284653739341802,-0.00697251757264894,-0.048173653054618626,21.335947171537555,1.0,-1.0036058046825929,0.17899386356903482,-1,-1,False,0.041201135481969686,0.055146170627267566,1.0036058046825929,0.17899386356903482,386.8980734083426,False,False,False,False,False,False,2.609623687894782,6.167610261290169,-0.09031582478382916,-2.266797012580355,False,0.644193394252996,4.9919510342151625,-9.78233227119199,True,1.0,2.238565569576167,0.7377466745256243,0.996894945753736,0.8333333333333334,2.609623687894782,0.0,0.1955437305483686,0,1,1,0,0,11.224413805975928,16.167672834257246,83>68>53,0.3640856007459661,1,148.08680425309285,1,-1,1,+-+,1,148.08680425309285,0,0,0,0,69760.88,69771.42,10.54,0.00015108754362043596,10.54,10.54,-5.75,124.98,129.77,141.27,+-+,1,0.08433349335893742,0,2.609623687894782,2.699939512678611,0.5234583248820854,3.2819557820494083,0,other,3.1017376917923682,-85.21583251307129,,,BASELINE_V2_1,bear_called_bull_truth,Bull,Bear
trend_method_v2_2,321064,321065,2026-03-10T23:42:34.069795,Bear,1.0,-0.6023269423239981,regime=RUN|slope_sum=-0.602327|v2_2_rule=BASELINE_V2_1,Bull,69575.78,69586.02,10.24,03/10/2026  11:38:00 PM,03/10/2026  11:42:48 PM,False,True,False,False,True,False,False,True,False,False,False,False,RUN,Bear,69553.96850943797,69564.86168406402,69575.16243665887,69579.52478426782,69581.61668923569,69582.861104646,-0.03897221751140023,-0.46834685522662767,-0.26242112278123386,-0.13398008709737041,-0.07924584232387133,-0.05107203398256388,28.892595208031707,30.00452052199398,16.672252507822122,1.0,-48.54486634871864,1.0,6.667465663587791,0.09773504457566781,-0.6023269423239981,0.6023269423239981,0.7428971004699348,-0.46834685522662767,-0.13398008709737041,28.892595208031707,1.0,6.667465663587791,0.09773504457566781,-1,-1,False,0.33436676812925725,0.6023269423239981,6.667465663587791,0.09773504457566781,47.968292928344674,False,False,False,False,False,False,1.0340381589230674,2.912395485784429,0.5187023048310948,1.5656056966636243,False,0.29776084717064316,-10.300752594848746,-7.601092034921749,False,0.28179359063702497,0.6353003701606212,0.34863020342891105,0.8253438937693148,1.0,1.0340381589230674,0.5,0.09297877547469716,0,0,1,1,0,3.3363203781773336,5.39651821165171,83>68>53,0.2642979634038056,0,84.23135425544751,1,1,-1,-++,0,84.23135425544751,0,0,0,0,69575.78,69586.02,10.24,0.00014717765291312582,10.24,10.24,18.92,-35.46,-6.299999999999999,64.62,-++,0,0.2887760857304005,1,1.0340381589230674,0.5153358540919726,1.562239245924502,0.9342352220428438,0,other,0.9820683185014094,-8.722530269471463,,,BASELINE_V2_1,bear_called_bull_truth,Bull,Bear
trend_method_v2_2,321067,321068,2026-03-10T23:57:39.117596,Bear,1.0,-0.38034763660107274,regime=RUN|slope_sum=-0.380348|v2_2_rule=BASELINE_V2_1,Bull,69555.36,69621.79,66.43,03/10/2026  11:53:06 PM,03/10/2026  11:57:53 PM,False,True,False,False,True,False,False,True,False,False,False,False,RUN,Bear,69550.79158684876,69558.71361579314,69563.35074358674,69571.37542068618,69578.331993932,69582.3735194871,-0.5900749658649147,-0.13203128843088052,-0.20419452801797888,-0.2483163481701922,-0.20113262581071467,-0.1281669959480496,31.581932638335275,80.07619132752006,135.2261689320876,1.0,-15.090454085890087,1.0,5.730423285102006,0.027703163220402977,-0.38034763660107274,0.38034763660107274,0.6256634824712679,-0.13203128843088052,-0.2483163481701922,31.581932638335275,1.0,5.730423285102006,0.027703163220402977,-1,-1,False,0.11628505973931169,0.38034763660107274,5.730423285102006,0.027703163220402977,83.03438643805734,False,False,False,False,False,False,1.5039167522427306,1.6036620012907605,-0.819694152851298,-2.789341635945675,False,0.5463702278553435,-4.637127793597756,-20.6276500771055,False,0.21462730122650925,0.5302069170211325,-0.5232466313154873,0.5723917405065203,1.0,1.5039167522427306,0.16666666666666663,0.13522937894772233,0,0,1,1,0,10.998098800919252,15.768732626820565,83>68>53,0.5776159699289565,0,157.46304522473656,1,-1,-1,--+,0,157.46304522473656,0,0,0,0,69555.36,69621.79,66.43,0.000955066582934802,66.43,66.43,-5.47,-25.19,35.77000000000001,97.09,--+,1,2.6371576022231045,0,1.5039167522427306,2.3236109050940286,0.3539634219996515,1.0340381589230674,0,other,3.0127651833853717,-115.12176548629759,,,BASELINE_V2_1,bear_called_bull_truth,Bull,Bear
trend_method_v2_2,321070,321071,2026-03-11T00:12:43.114902,Bull,1.0,0.35568729583974346,regime=RUN|slope_sum=0.355687|v2_2_rule=BASELINE_V2_1,Bear,69577.17,69543.24,-33.93,03/11/2026  12:08:11 AM,03/11/2026  12:12:57 AM,False,True,False,True,False,False,True,False,False,False,False,False,RUN,Bull,69584.57163795138,69582.10188405559,69574.88732969803,69567.13452661212,69561.47146897069,69557.73412827833,0.22839690345608687,0.12869157734712644,0.25485245374693477,0.22699571849261702,0.1727701354338933,0.12352982743868779,-26.837509673045133,-30.241422666906146,-58.03925149524002,1.0,22.043421807000414,1.0,-0.21062972505751532,0.09372322052173936,0.35568729583974346,0.35568729583974346,-0.16500934817299495,0.12869157734712644,0.22699571849261702,26.837509673045133,1.0,-0.21062972505751532,0.09372322052173936,1,1,False,0.09830414114549058,0.35568729583974346,0.21062972505751532,0.09372322052173936,75.45253931458068,False,False,False,False,False,False,1.1352366159153462,1.1693980216952835,0.4141054712890764,1.0065590418562351,False,0.21561705321026403,7.214554357560701,8.03795244351204,False,0.3289345320794951,0.22586620250876877,-0.11171380474661419,0.3690980448542934,1.0,1.1352366159153462,0.33333333333333337,0.10207835127842815,0,0,0,0,1,9.40039833378978,5.407058605196653,53>68>83,0.5232956813651981,0,114.01509996804816,-1,1,-1,-+-,1,114.01509996804816,0,0,0,0,69577.17,69543.24,-33.93,-0.0004876599608750974,33.93,-33.93,24.82,-69.44,-78.55,128.19,-+-,1,0.4886232718894009,0,1.1352366159153462,0.7211311446262698,1.3135847151934286,1.5039167522427306,1,release,2.6087580358054487,65.96549013400545,,,BASELINE_V2_1,bull_called_bear_truth,Bear,Bull
trend_method_v2_2,321076,321077,2026-03-11T00:42:51.086835,Bull,1.0,0.7936682634444878,regime=RUN|slope_sum=0.793668|v2_2_rule=BASELINE_V2_1,Bear,69969.42,69943.84,-25.58,03/11/2026  12:38:25 AM,03/11/2026  12:43:05 AM,False,True,False,True,False,False,True,False,False,False,False,False,RUN,Bull,70002.85178070741,69982.90751145408,69969.91545749638,69963.02075997215,69960.68588724681,69960.67083480656,1.038096535468867,0.5922194699724059,0.3679512689795956,0.2014487934720819,0.08557514397216437,0.026276778957253555,-42.18094590085093,-55.83035817508062,-61.503817157426965,1.0,-57.42176554472826,1.0,21.17382478225045,0.08954431582283826,0.7936682634444878,0.7936682634444878,-1.0028922657606887,0.5922194699724059,0.2014487934720819,42.18094590085093,1.0,21.17382478225045,0.08954431582283826,1,1,False,0.39077067650032404,0.7936682634444878,21.17382478225045,0.08954431582283826,53.146821970412866,False,False,False,False,False,False,2.3115679908223683,6.378112687939269,-0.431045250448733,-1.281808568541237,False,0.645785593563261,12.992053957699682,15.156719805236207,False,0.2335711680170472,0.6701452664892713,-1.3427758954039746,0.3353631794242793,1.0,2.3115679908223683,0.5,0.2078518663537642,0,0,0,0,1,2.349925165588502,8.254111015732633,53>68>83,0.3133007164014998,0,147.7063047154079,-1,1,1,++-,0,147.7063047154079,0,0,1,1,69969.42,69943.84,-25.58,-0.00036558828128059373,25.58,-25.58,82.17,153.35,209.94,261.09999999999997,++-,1,0.1668079556569938,1,2.3115679908223683,2.7426132412711013,1.8918499231785972,4.267189149371916,0,other,0.7478372531602825,75.3177610672592,,,BASELINE_V2_1,bull_called_bear_truth,Bear,Bull
trend_method_v2_2,321085,321086,2026-03-11T01:28:05.098956,Bull,1.0,0.14719497259284253,regime=RUN|slope_sum=0.147195|v2_2_rule=BASELINE_V2_1,Bear,69977.16,69918.3,-58.86,03/11/2026  01:23:33 AM,03/11/2026  01:28:19 AM,False,True,False,True,False,False,True,False,False,False,False,False,RUN,Bull,69960.68931349833,69958.23803525283,69956.23349830182,69953.10909749656,69950.27764556925,69948.69471092157,0.2371564510758617,0.04884176727500744,0.0797988080594223,0.09835320531783509,0.08143081329217239,0.04874952537466015,-11.994602576756733,-47.203215866713435,-55.434549265599344,1.0,51.93897725394345,1.0,1.7883619356289273,0.022500314078448963,0.14719497259284253,0.14719497259284253,-0.4779309793780759,0.04884176727500744,0.09835320531783509,11.994602576756733,1.0,1.7883619356289273,0.022500314078448963,1,1,False,0.04951143804282765,0.14719497259284253,1.7883619356289273,0.022500314078448963,81.48785495504063,False,False,False,False,False,False,0.5943305703949591,1.6006272866220148,-1.6858355550211854,-2.7044142433078378,False,0.5461909547524726,2.004536951004411,12.907805036840728,False,0.24064756165723883,0.2192717245852691,-1.2165174971469241,0.5994355031725322,1.0,0.5943305703949591,0.16666666666666663,0.05344109227076692,0,0,0,0,1,4.414386574993841,12.84480586067366,53>68>83,0.22853354398466763,0,77.97373078161036,-1,1,1,++-,0,77.97373078161036,0,0,1,1,69977.16,69918.3,-58.86,-0.0008411315920794728,58.86,-58.86,-57.25,-22.39,-138.5,138.5,---,0,2.6288521661456006,0,0.5943305703949591,2.2801661254161445,1.2615874371294922,0.7592700845707441,0,other,1.2311071955909132,67.12583680529315,,,BASELINE_V2_1,bull_called_bear_truth,Bear,Bull
trend_method_v2_2,321091,321092,2026-03-11T01:58:12.085443,Bear,1.0,-0.1906352196347143,regime=RUN|slope_sum=-0.190635|v2_2_rule=BASELINE_V2_1,Bull,69560.65,69625.61,64.96,03/11/2026  01:53:40 AM,03/11/2026  01:58:26 AM,False,True,False,False,True,False,False,True,False,False,False,False,RUN,Bear,69568.378101898,69574.81777864759,69577.46060599771,69580.01426211065,69581.64350570136,69581.97595851019,-0.5498463068979618,-0.1125963362337643,-0.09195025258122769,-0.07803888340095,-0.04787502178987779,-0.013799249049043283,13.597856612192118,34.8643527959357,48.40794224974525,1.0,1.6864156255323905,1.0,6.104064053695765,0.007713723890455659,-0.1906352196347143,0.1906352196347143,1.2392374177896717,-0.1125963362337643,-0.07803888340095,13.597856612192118,1.0,6.104064053695765,0.007713723890455659,-1,-1,False,0.034557452832814306,0.1906352196347143,6.104064053695765,0.007713723890455659,71.32919424987499,False,False,False,False,False,False,0.8941060499528248,5.399583881827976,-0.00972503264893021,1.1098544069009222,False,0.33749593608174666,-2.6428273501223885,-5.609324370074319,False,0.10093584924660151,0.4578960543167341,0.16515729353159259,0.6069729141391111,1.0,0.8941060499528248,0.0,0.06659054233783314,0,0,1,1,0,1.9616963995358674,10.041743149209651,83>68>53,0.13971315423987107,0,301.34235492958396,1,-1,-1,--+,0,301.34235492958396,0,0,0,0,69560.65,69625.61,64.96,0.0009338613138318863,64.96,64.96,49.12,-320.62,-206.54000000000002,434.7,-++,0,0.2026074480693656,0,0.8941060499528248,0.903831082601755,2.0234105221516074,13.42692248122512,0,decay,0.5614497389669055,-42.633460586139336,,,BASELINE_V2_1,bear_called_bull_truth,Bull,Bear
trend_method_v2_2,321098,321099,2026-03-11T02:33:22.080841,Bull,1.0,0.8430649297715718,regime=RUN|slope_sum=0.843065|v2_2_rule=BASELINE_V2_1,Bear,69808.84,69770.75,-38.09,03/11/2026  02:28:49 AM,03/11/2026  02:33:36 AM,False,True,False,True,False,False,True,False,False,False,False,False,RUN,Bull,69905.72451542215,69892.37583167513,69877.38923199559,69862.0071049424,69850.21063237073,69841.79652969497,0.8481016308560356,0.38154655144171556,0.5154856672415917,0.4615183783298562,0.3628278413307271,0.2767591973897652,-63.92798572717584,-72.04242551489733,-86.49841886211652,1.0,25.52158769770176,1.0,15.717239785546553,0.16441735513508315,0.8430649297715718,0.8430649297715718,-0.43955361922316855,0.38154655144171556,0.4615183783298562,63.92798572717584,1.0,15.717239785546553,0.16441735513508315,1,1,False,0.07997182688814064,0.8430649297715718,15.717239785546553,0.16441735513508315,75.8280690723277,False,False,False,False,False,False,2.8462392665896914,1.584892620194553,2.5318872463012667,2.684224274729786,False,0.24525469380237008,14.986599679541541,18.502083932078676,False,0.14931360659093862,0.6004941952141962,0.47684919926177827,0.3440963541981073,1.0,2.8462392665896914,0.0,0.21198001780151712,0,0,0,0,1,20.210575247430825,0.777900530025363,53>68>83,1.1011054170503485,0,122.75950383895542,-1,1,1,++-,0,122.75950383895542,0,0,0,0,69808.84,69770.75,-38.09,-0.0005456329026524436,38.09,-38.09,-9.16,120.98,73.73,168.23000000000002,+--,0,0.31484542899652834,0,2.8462392665896914,0.3143520202884247,0.46668904871694394,2.63084461958897,1,release,5.515483019666486,105.47735199345698,,,BASELINE_V2_1,bull_called_bear_truth,Bear,Bull
trend_method_v2_2,321100,321101,2026-03-11T02:43:25.080786,Bear,1.0,-0.6528488208987255,regime=RUN|slope_sum=-0.652849|v2_2_rule=BASELINE_V2_1,Bull,69875.2,69888.6,13.4,03/11/2026  02:38:52 AM,03/11/2026  02:43:39 AM,False,True,False,False,True,False,False,True,False,False,False,False,RUN,Bear,69835.75591118149,69847.24764911705,69858.39013924384,69865.87611314846,69870.71522057684,69874.19222072366,-0.15791075159177126,-0.42744387780112447,-0.32816072785499273,-0.22540494309760106,-0.1600467660009599,-0.12130400404203101,38.43630954217224,33.20749017811613,-35.94931491311581,1.0,-66.5945252893871,1.0,9.481812668396742,0.09248015954411434,-0.6528488208987255,0.6528488208987255,0.6168913290739746,-0.42744387780112447,-0.22540494309760106,38.43630954217224,1.0,9.481812668396742,0.09248015954411434,-1,-1,False,0.2020389347035234,0.6528488208987255,9.481812668396742,0.09248015954411434,58.87474758591124,False,False,False,False,False,False,1.4202710703884804,1.8026740174006621,0.571882019386976,2.569732234975163,False,0.2572791564354032,-11.142490126789198,-7.426947930187453,False,0.1313956389399199,0.36881627615548496,-0.24675790221226634,0.4037329785747698,1.0,1.4202710703884804,0.33333333333333337,0.10577785582470198,0,0,1,1,0,8.316107575199567,0.6250149849802256,83>68>53,0.506755713140592,0,174.4067207842454,1,1,-1,-++,0,174.4067207842454,0,0,0,0,69875.2,69888.6,13.4,0.00019177047078219455,13.4,13.4,104.45,-38.09,79.76,155.94000000000003,-++,0,0.35179837227618793,0,1.4202710703884804,0.8483890510015044,2.8462392665896914,0.3143520202884247,0,other,2.3014385248971165,43.129504941091,,,BASELINE_V2_1,bear_called_bull_truth,Bull,Bear
trend_method_v2_2,321102,321103,2026-03-11T02:53:28.137852,Bull,1.0,1.2080299093595386,regime=RUN|slope_sum=1.208030|v2_2_rule=BASELINE_V2_1,Bear,69837.6,69720.02,-117.58,03/11/2026  02:48:56 AM,03/11/2026  02:53:42 AM,False,True,False,True,False,False,True,False,False,False,False,False,RUN,Bull,69931.07084876292,69931.27308869068,69904.34208505414,69874.51740294383,69852.93296732091,69838.92729699149,0.353734466858441,0.34220067118621955,0.9538781437422585,0.865829238173319,0.653055247865268,0.4634034643531777,-92.14355177142716,-126.66893451318901,-122.75800771277864,0.8,112.32095054828096,1.0,-13.278878526078188,0.41619507490624014,1.2080299093595386,1.2080299093595386,0.0035633421585551735,0.34220067118621955,0.865829238173319,92.14355177142716,1.0,-13.278878526078188,0.41619507490624014,1,1,False,0.5236285669870995,1.2080299093595386,13.278878526078188,0.41619507490624014,76.2758860997729,False,False,False,False,False,False,3.632101232178684,0.8322773093893157,2.4572763123815093,2.7027224629728153,False,0.18169243380887745,26.931003636535024,32.69864450900059,False,0.47194465761697785,0.6232112682282605,0.40298235387126624,0.3777465456898601,1.0,3.632101232178684,0.16666666666666663,0.2705088405222757,0,0,0,0,0,35.590105952345766,17.31382483773632,53>68>83,1.9822879503917648,0,163.78735149171553,-1,-1,1,+--,0,163.78735149171553,0,0,0,0,69837.6,69720.02,-117.58,-0.0016836202847749634,117.58,-117.58,-51.0,13.4,-155.18,181.98000000000002,+--,0,8.77462686567164,0,3.632101232178684,1.1748249197971745,1.4202710703884804,0.8483890510015044,0,other,9.761233366885694,155.8596345756505,,,BASELINE_V2_1,bull_called_bear_truth,Bear,Bull
trend_method_v2_2,321109,321110,2026-03-11T03:28:36.113432,Bull,1.0,0.26940528136219655,regime=RUN|slope_sum=0.269405|v2_2_rule=BASELINE_V2_1,Bear,69851.36,69813.0,-38.36,03/11/2026  03:24:04 AM,03/11/2026  03:28:50 AM,False,True,False,True,False,False,True,False,False,False,False,False,RUN,Bull,69842.604072398,69832.40404521016,69829.42371359827,69827.3230101236,69825.74853769821,69825.08455557872,0.7449256069103285,0.1982137074774073,0.09233360361031373,0.07119157388478925,0.0496031844868412,0.023685065309109632,-17.51951681927312,-38.4519227976416,-38.80709863676748,1.0,37.37218777493399,1.0,12.124386603449238,0.017573379081884583,0.26940528136219655,0.26940528136219655,-2.0074703307595856,0.1982137074774073,0.07119157388478925,17.51951681927312,1.0,12.124386603449238,0.017573379081884583,1,1,False,0.12702213359261805,0.26940528136219655,12.124386603449238,0.017573379081884583,65.03033916294817,False,False,False,False,False,False,1.1799527416787896,7.166903250699935,-0.16295769759562972,-0.3249678425181628,False,0.44851217979059604,2.980331611892325,9.868028408818645,False,0.3644160514537566,0.6525920033000148,-0.057478694629025995,0.6302357038576301,1.0,1.1799527416787896,0.16666666666666663,0.08787961227367767,0,0,0,0,1,2.2384545448730933,9.389357307954924,53>68>83,0.14447982368074008,0,63.93276749506185,-1,1,1,++-,0,63.93276749506185,0,0,1,1,69851.36,69813.0,-38.36,-0.0005491661150190919,38.36,-38.36,-68.79,0.2,-106.95,107.35000000000001,+--,0,191.79999999999998,0,1.1799527416787896,1.3429104392744193,1.1809002943518863,0.2717967748303636,0,other,0.6720679734086329,48.6176483509571,,,BASELINE_V2_1,bull_called_bear_truth,Bear,Bull
trend_method_v2_2,321110,321111,2026-03-11T03:33:37.092170,Bear,1.0,-0.46707281651106314,regime=RUN|slope_sum=-0.467073|v2_2_rule=BASELINE_V2_1,Bull,69813.0,69834.18,21.18,03/11/2026  03:29:05 AM,03/11/2026  03:33:51 AM,False,True,False,False,True,False,False,True,False,False,False,False,RUN,Bear,69739.40563703573,69751.26589209842,69757.13038785126,69764.17504560591,69771.49503033102,69777.95785921619,-0.8883906993251003,-0.23630341170610336,-0.20940553780383198,-0.23076940480495978,-0.22516342707604053,-0.200149507893002,38.55222218045674,56.07173899972986,94.52366179737146,1.0,-40.657455402368214,1.0,10.414930305894814,0.03766001405421687,-0.46707281651106314,0.46707281651106314,0.918747697507963,-0.23630341170610336,-0.23076940480495978,38.55222218045674,1.0,10.414930305894814,0.03766001405421687,-1,-1,False,0.005534006901143584,0.46707281651106314,10.414930305894814,0.03766001405421687,82.5400683097634,False,False,False,False,False,False,1.990181988609038,2.0334332567076667,0.8102292469302483,0.9731869445258781,False,0.268136211958677,-5.864495752830408,-8.844827364722732,False,0.06034851651923539,0.6789851615212683,0.026393158221253543,0.5089463610264591,1.0,1.990181988609038,0.0,0.14822324262256759,0,0,1,1,0,13.782813610276207,2.2384545448730933,83>68>53,0.6560823397740023,1,94.87883763649734,1,-1,1,+-+,1,94.87883763649734,0,0,0,0,69813.0,69834.18,21.18,0.000303381891624769,21.18,21.18,-38.36,-68.79,-85.97,128.33,--+,1,0.30789358918447446,1,1.990181988609038,1.1799527416787896,1.3429104392744193,1.1809002943518863,0,other,3.717188615956538,-85.65244127442747,,,BASELINE_V2_1,bear_called_bull_truth,Bull,Bear
trend_method_v2_2,321115,321116,2026-03-11T03:58:45.063386,Bear,1.0,-0.1049751107038901,regime=RUN|slope_sum=-0.104975|v2_2_rule=BASELINE_V2_1,Bull,69642.44,69686.72,44.28,03/11/2026  03:54:12 AM,03/11/2026  03:58:59 AM,False,True,False,False,True,False,False,True,False,False,False,False,RUN,Bear,69667.12855964982,69678.59751396714,69677.28620499789,69676.7687924067,69678.07067607762,69679.56900653591,-1.2399297815409227,-0.09888028671048232,0.0313916539253114,-0.006094823993407772,-0.03970517262314388,-0.03763114619687258,12.440446886088466,42.48550079850247,-1.6351366694871103,0.6,-110.2411970885878,1.0,2.227231808225042,0.08681232194025401,-0.1049751107038901,0.1049751107038901,6.271569471904566,-0.09888028671048232,-0.006094823993407772,12.440446886088466,1.0,2.227231808225042,0.08681232194025401,-1,-1,False,0.09278546271707455,0.1049751107038901,2.227231808225042,0.08681232194025401,118.50853790647592,False,False,False,False,False,False,1.4536328649901407,16.4231445953087,-0.5992904631111742,1.5147076392186136,False,0.3770420317749241,1.3113089692487847,-3.901302715516067,True,1.0,1.271321435466234,0.20136203478432435,0.9278352339585444,0.8333333333333334,1.4536328649901407,0.0,0.09021879157483514,0,1,1,0,0,2.8002141292090528,20.2911094937881,83>68>53,0.08343114281342423,0,135.46568676407333,1,1,-1,-++,0,135.46568676407333,0,0,0,0,69642.44,69686.72,44.28,0.0006358191930093201,44.28,44.28,57.45,64.13,165.86,165.86,+++,0,0.6904724777795105,1,1.4536328649901407,2.052923328101315,4.166921430431103,1.9550131309697463,0,decay,0.883425989427633,5.737801419787502,,,BASELINE_V2_1,bear_called_bull_truth,Bull,Bear
trend_method_v2_2,321117,321118,2026-03-11T04:08:48.065474,Bear,1.0,-1.184160908585909,regime=RUN|slope_sum=-1.184161|v2_2_rule=BASELINE_V2_1,Bull,69648.29,69681.76,33.47,03/11/2026  04:04:14 AM,03/11/2026  04:09:02 AM,False,True,False,False,True,False,False,True,False,False,False,False,RUN,Bear,69630.32519512024,69660.01444494993,69679.86195924571,69691.4568088028,69696.50516351282,69698.09920398405,-1.4139337961332785,-0.8450842675829335,-0.5841596214504534,-0.3390766410029755,-0.17686608400072146,-0.08320480871589098,67.77400886380929,61.60943914319796,67.8853163086751,1.0,16.91138581339328,1.0,36.26366842587595,0.12550353124236036,-1.184160908585909,1.184160908585909,0.9442435679352571,-0.8450842675829335,-0.3390766410029755,67.77400886380929,1.0,36.26366842587595,0.12550353124236036,-1,-1,False,0.506007626579958,1.184160908585909,36.26366842587595,0.12550353124236036,57.233783324888726,False,False,False,False,False,False,3.4423252188862534,4.745371590726308,2.8755783125088783,3.762464271121644,False,0.3303787416212302,-19.84751429577591,-15.233015298101236,False,0.18256131660562583,0.8297741746828251,0.4698652761653648,0.2918474561093723,1.0,3.4423252188862534,0.5,0.2563748486445543,0,0,1,1,0,6.642395181246684,3.7201469935680507,83>68>53,0.599147533719588,1,110.37081710717757,1,-1,1,+-+,1,110.37081710717757,0,0,0,0,69648.29,69681.76,33.47,0.0004805573833901737,33.47,33.47,-38.43,44.28,39.32,116.18,+-+,1,0.7558717253839204,1,3.4423252188862534,0.5667469063773751,1.4536328649901407,2.052923328101315,1,release,1.92764200629035,-52.1824357344085,,,BASELINE_V2_1,bear_called_bull_truth,Bull,Bear
trend_method_v2_2,321122,321123,2026-03-11T04:33:54.082496,Bull,1.0,1.1879154057842243,regime=RUN|slope_sum=1.187915|v2_2_rule=BASELINE_V2_1,Bear,69568.49,69506.29,-62.2,03/11/2026  04:29:21 AM,03/11/2026  04:34:08 AM,False,True,False,True,False,False,True,False,False,False,False,False,RUN,Bull,69596.76973144714,69572.46803818578,69553.99702764569,69544.28185279625,69538.98398173499,69536.55000844889,0.17878809405920038,0.8867932621778891,0.49872393623081734,0.30112214360633516,0.18107839544609305,0.10028388605132932,-60.21972299825575,-83.04806607861246,-123.22726289001002,1.0,23.923369609750807,1.0,21.48172516125487,0.12353224242078359,1.1879154057842243,1.1879154057842243,-0.8621845391515086,0.8867932621778891,0.30112214360633516,60.21972299825575,1.0,21.48172516125487,0.12353224242078359,1,1,False,0.585671118571554,1.1879154057842243,21.48172516125487,0.12353224242078359,50.69361227662553,False,False,False,False,False,False,2.1467897175716644,2.685574454955183,0.9536697406165331,0.9057876370770828,False,0.29146875069578154,18.471010540088173,26.069462931947783,False,0.28008986564206995,1.0960744940657605,0.5710138130089035,0.7006781216833654,1.0,2.1467897175716644,0.16666666666666663,0.15988695254430216,0,0,0,0,1,7.7318443473632215,9.117615146999015,53>68>83,0.5824844251037575,0,171.7747006145364,-1,1,-1,-+-,1,171.7747006145364,0,0,1,1,69568.49,69506.29,-62.2,-0.000894082938985739,62.2,-62.2,-11.57,-35.11,-108.88,108.88,---,0,1.7715750498433496,0,2.1467897175716644,1.1931199769551313,1.145237873415681,1.3488048686740512,0,build,2.207968336728619,149.8677396349667,,,BASELINE_V2_1,bull_called_bear_truth,Bear,Bull
trend_method_v2_2,321125,321126,2026-03-11T04:48:59.094071,Bear,1.0,-0.6436593463658937,regime=RUN|slope_sum=-0.643659|v2_2_rule=BASELINE_V2_1,Bull,69595.36,69675.68,80.32,03/11/2026  04:44:25 AM,03/11/2026  04:49:13 AM,False,True,False,False,True,False,False,True,False,False,False,False,RUN,Bear,69614.53151413426,69633.65420155154,69641.25766815155,69646.76230554996,69651.24275043122,69654.16920420267,-1.1168732925325457,-0.45996045650827,-0.22917217889335006,-0.18369888985762373,-0.14269700008480868,-0.09775662668471341,39.63769006841176,64.49772417842178,81.44097109351424,1.0,-49.74838145713147,1.0,22.700192645657808,0.018212072167634263,-0.6436593463658937,0.6436593463658937,1.4588446519910725,-0.45996045650827,-0.18369888985762373,39.63769006841176,1.0,22.700192645657808,0.018212072167634263,-1,-1,False,0.2762615666506463,0.6436593463658937,22.700192645657808,0.018212072167634263,61.58178280515384,False,False,False,False,False,False,2.2301584445613116,4.2579163323030516,0.9461400235741166,1.9769708692856511,False,0.32392423638571033,-7.603466600005049,-13.926129513027263,False,0.33489674666244573,0.8877011136391957,0.2945404165020591,0.4915272424684727,1.0,2.2301584445613116,0.16666666666666663,0.1660960244374498,0,0,1,1,0,7.406898652712698,10.239139983343193,83>68>53,0.4241525166271458,1,133.74390689685242,1,-1,1,+-+,1,133.74390689685242,0,0,0,0,69595.36,69675.68,80.32,0.0011540999285009803,80.32,80.32,29.5,59.57,169.39,169.39,+++,0,1.348329696155783,0,2.2301584445613116,1.284018420987195,2.3148492666987295,2.1467897175716644,0,other,2.0716201818283997,-67.22030116398491,,,BASELINE_V2_1,bear_called_bull_truth,Bull,Bear
trend_method_v2_2,321128,321129,2026-03-11T05:04:04.090047,Bear,1.0,-0.5156003452193545,regime=RUN|slope_sum=-0.515600|v2_2_rule=BASELINE_V2_1,Bull,69512.87,69631.28,118.41,03/11/2026  04:59:30 AM,03/11/2026  05:04:18 AM,False,True,False,False,True,False,False,True,False,False,False,False,RUN,Bear,69571.97673200326,69585.01200656514,69591.71940728258,69595.72025480053,69597.88797164583,69597.77260621398,-0.2962964848666161,-0.3869511501161469,-0.1869188764685532,-0.1286491951032076,-0.06692604626368848,-0.006315533819361008,25.79587421072938,80.48061955576122,169.48739704184118,0.8,26.849835528977565,1.0,14.20511338423239,0.014051958703480305,-0.5156003452193545,0.5156003452193545,1.2173115783394894,-0.3869511501161469,-0.1286491951032076,25.79587421072938,1.0,14.20511338423239,0.014051958703480305,-1,-1,False,0.2583019550129393,0.5156003452193545,14.20511338423239,0.014051958703480305,50.03075434279415,False,False,False,False,False,False,1.0720572866375733,4.310085543277212,-1.9726302488506917,-3.5967724508718675,False,0.6246716466731094,-6.707400717437849,-26.196162065753015,False,0.3485672092652325,0.2906869388971245,-1.4427194793206581,0.334058981897958,1.0,1.0720572866375733,0.16666666666666663,0.07984385760300859,0,0,0,0,0,2.052351413454744,14.778022049373249,68>83>53,0.2018907751862571,0,174.80305496920482,1,-1,-1,--+,0,174.80305496920482,0,0,0,0,69512.87,69631.28,118.41,0.0017034255670928277,118.41,118.41,-65.49,-97.32,-44.400000000000006,281.22,--+,1,1.216707768187423,0,1.0720572866375733,3.044687535488265,1.4205453334670892,2.2301584445613116,0,other,0.6461292448279736,-144.73395445540882,,,BASELINE_V2_1,bear_called_bull_truth,Bull,Bear
trend_method_v2_2,321129,321130,2026-03-11T05:09:05.078038,Bull,1.0,0.3907923102378845,regime=RUN|slope_sum=0.390792|v2_2_rule=BASELINE_V2_1,Bear,69631.28,69558.15,-73.13,03/11/2026  05:04:33 AM,03/11/2026  05:09:19 AM,False,True,False,True,False,False,True,False,False,False,False,False,RUN,Bull,69604.18523164601,69596.65176384323,69590.28050438462,69586.51705654622,69584.81238291554,69584.65145495045,0.5270067536748684,0.27830770824220963,0.17974516813956143,0.1124846019956749,0.056046725914711715,0.016048570527345873,-19.533776695563574,-45.329650906292954,-125.81027046205418,1.0,-42.07586944071227,1.0,4.9513081741461065,0.05061299532840387,0.3907923102378845,0.3907923102378845,-0.7433335350756871,0.27830770824220963,0.1124846019956749,19.533776695563574,1.0,4.9513081741461065,0.05061299532840387,1,1,False,0.16582310624653473,0.3907923102378845,4.9513081741461065,0.05061299532840387,49.98505902962344,False,False,False,False,False,False,1.169639528494372,5.336765478766078,0.09758224185679865,2.0702124907074904,False,0.336876313106369,6.371259458610439,13.078660176048288,False,0.2151772102845606,0.34726158553530695,0.05657464663818246,0.35252849161561917,1.0,1.169639528494372,0.0,0.0871115127185608,0,0,0,0,1,1.8656015957676573,2.052351413454744,53>68>83,0.18457989843773248,0,214.81704794813413,-1,1,-1,-+-,1,214.81704794813413,0,0,1,1,69631.28,69558.15,-73.13,-0.0010502463835218884,73.13,-73.13,118.41,-65.49,-20.209999999999994,257.03,-+-,1,1.1166590319132692,0,1.169639528494372,1.0720572866375733,3.044687535488265,1.4205453334670892,0,other,0.5725089398596914,138.94550528474065,,,BASELINE_V2_1,bull_called_bear_truth,Bear,Bull
trend_method_v2_2,321130,321131,2026-03-11T05:14:06.077528,Bear,1.0,-0.4842392531263613,regime=RUN|slope_sum=-0.484239|v2_2_rule=BASELINE_V2_1,Bull,69558.15,69641.65,83.5,03/11/2026  05:09:34 AM,03/11/2026  05:14:20 AM,False,True,False,False,True,False,False,True,False,False,False,False,RUN,Bear,69567.22726463228,69569.35845945629,69579.40695264822,69588.79932047278,69594.45716949884,69596.95049786898,-0.11141770030189946,-0.21482945377101714,-0.33025103466752626,-0.26940979935534415,-0.1706723222614528,-0.09332959615130676,29.723233236698434,49.25700993226201,94.58666083855496,1.0,25.420194182064733,1.0,-3.3477669457060983,0.13575216904878507,-0.4842392531263613,0.4842392531263613,0.10962450799300887,-0.21482945377101714,-0.26940979935534415,29.723233236698434,1.0,-3.3477669457060983,0.13575216904878507,-1,-1,False,0.054580345584327006,0.4842392531263613,3.3477669457060983,0.13575216904878507,61.381296631362126,False,False,False,False,False,False,1.1899099065085466,1.2307532190844184,0.02027037801417464,-0.077311863842624,False,0.24388192728874158,-10.04849319193454,-16.41975265054498,False,0.21175144468507726,0.2188333343656268,-0.12842825116968015,0.3333342545628044,1.0,1.1899099065085466,0.0,0.08862119433342963,0,0,1,1,0,8.151177396197454,1.8656015957676573,83>68>53,0.5334117177681037,1,175.06728039431619,1,-1,1,+-+,1,175.06728039431619,0,0,0,0,69558.15,69641.65,83.5,0.0012004344566380791,83.5,83.5,-73.13,118.41,128.78,275.03999999999996,+-+,1,0.705176927624356,0,1.1899099065085466,1.169639528494372,1.0720572866375733,3.044687535488265,0,build,2.282921752859367,-78.29533643917966,,,BASELINE_V2_1,bear_called_bull_truth,Bull,Bear
trend_method_v2_2,321133,321134,2026-03-11T05:29:10.082877,Bear,1.0,-0.31375277519691736,regime=RUN|slope_sum=-0.313753|v2_2_rule=BASELINE_V2_1,Bull,69596.82,69641.64,44.82,03/11/2026  05:24:37 AM,03/11/2026  05:29:24 AM,False,True,False,False,True,False,False,True,False,False,False,False,RUN,Bear,69576.92220477355,69587.11944514848,69590.18540993913,69593.9449457243,69597.83245435826,69600.79743062826,-0.7568212304286135,-0.1862462716653681,-0.1107406923729286,-0.12750650353154924,-0.11767475445412856,-0.09219750460943033,23.875225854702876,44.081140931055415,49.26137672904588,1.0,-29.72196261145291,1.0,9.313907106756233,0.03146599049241994,-0.31375277519691736,0.31375277519691736,1.493991577635573,-0.1862462716653681,-0.12750650353154924,23.875225854702876,1.0,9.313907106756233,0.03146599049241994,-1,-1,False,0.05873976813381887,0.31375277519691736,9.313907106756233,0.03146599049241994,76.09566430039804,False,False,False,False,False,False,1.3911869570620183,3.1235166859972057,0.4962956276776822,1.4823385390045587,False,0.3029954210302252,-3.0659647906577447,-8.605453257652698,False,0.25423869878242533,0.6460805380556849,0.5948226516356954,0.613091207155129,1.0,1.3911869570620183,0.0,0.10361175161376827,0,0,1,1,0,6.852484903953155,5.205737326585222,83>68>53,0.33737876259510813,0,94.01028924410639,1,-1,-1,--+,0,94.01028924410639,0,0,0,0,69596.82,69641.64,44.82,0.0006439949411481731,44.82,44.82,42.12,-86.95,-0.010000000000005116,173.89,-++,0,0.5154686601495112,0,1.3911869570620183,0.8948913293843361,1.8809342407112126,1.1899099065085466,0,other,1.8862085358436957,-40.061100819757485,,,BASELINE_V2_1,bear_called_bull_truth,Bull,Bear
trend_method_v2_2,321137,321138,2026-03-11T05:49:13.119376,Bear,1.0,1.5235309138952289,regime=RUN|slope_sum=1.523531|v2_2_rule=BASELINE_V2_1,Bull,69433.53,69553.76,120.23,03/11/2026  05:44:40 AM,03/11/2026  05:49:27 AM,False,True,False,False,True,False,False,True,False,False,False,False,RUN,Bull,69720.70914186334,69700.8397032995,69674.68797058024,69653.92688226506,69638.85173355068,69627.56789648773,0.05965921581082512,0.8952551207075885,0.7987341805546748,0.6282757931876404,0.4790714637747442,0.38072488792931836,-93.14124537560565,-83.01804942640592,27.23181498312624,1.0,34.61153028119588,1.0,7.544615929175052,0.26569757000335303,1.5235309138952289,1.5235309138952289,-0.4235396236101239,0.8952551207075885,0.6282757931876404,93.14124537560565,1.0,7.544615929175052,0.26569757000335303,1,1,False,0.26697932751994813,1.5235309138952289,7.544615929175052,0.26569757000335303,61.13512008592616,False,False,False,False,False,False,3.2417206619647914,1.1784700917177058,1.940634710881568,6.227134095302972,False,0.21638490171577096,26.15173271925596,27.393538078162237,False,0.05697848273362283,0.9321168450496771,0.3758657170164952,0.5315300278104865,1.0,3.2417206619647914,0.33333333333333337,0.24143437682742958,0,0,0,0,1,26.358985777333146,14.569053207509569,53>68>83,1.488072144891703,0,281.00324456467933,-1,-1,1,+--,0,281.00324456467933,0,0,0,0,69433.53,69553.76,120.23,0.001731584149617627,120.23,120.23,-104.89,-1.59,13.75,226.71,--+,1,75.61635220125785,0,3.2417206619647914,1.3010859510832233,5.587585335504627,0.7824723424382682,0,other,7.193522074700011,0.5375888120524905,,,BASELINE_V2_1,bear_called_bull_truth,Bull,Bear
trend_method_v2_2,321148,321149,2026-03-11T06:44:24.121611,Bear,1.0,1.3985805579559383,regime=RUN|slope_sum=1.398581|v2_2_rule=BASELINE_V2_1,Bull,69491.56,69543.96,52.4,03/11/2026  06:39:51 AM,03/11/2026  06:44:38 AM,False,True,False,False,True,False,False,True,False,False,False,False,RUN,Bull,69687.99750340167,69664.6175530389,69640.81446764564,69620.31999630429,69604.96770746898,69593.3523388607,1.1838852811542893,0.7778574034546182,0.7617639466261608,0.6207231545013201,0.4852381800137664,0.386274616830633,-94.64516454096884,-80.71019791338767,-75.85313706676243,1.0,48.7207823463541,1.0,20.333486892675865,0.22769203643284042,1.3985805579559383,1.3985805579559383,-0.5277932257597797,0.7778574034546182,0.6207231545013201,94.64516454096884,1.0,20.333486892675865,0.22769203643284042,1,1,False,0.15713424895329808,1.3985805579559383,20.333486892675865,0.22769203643284042,67.67230103591258,False,False,False,False,False,False,4.215742582580788,1.8251179572365692,3.649364879283894,3.955422230219483,False,0.2584129915795566,23.80308539325779,20.46839759850991,False,0.010452866756889964,0.4221213345281285,0.38728945699040196,0.15499185119909292,1.0,4.215742582580788,0.0,0.3139768318820389,0,0,0,0,1,26.967657443587086,5.156613780112821,53>68>83,1.4922359513457195,0,88.13418054535578,-1,-1,-1,---,0,88.13418054535578,0,0,0,0,69491.56,69543.96,52.4,0.0007540484053027447,52.4,52.4,7.1,20.66,80.16,80.16,+++,0,2.5363020329138433,0,4.215742582580788,0.5663777032968937,0.8724350542324828,0.313663695806099,0,other,7.340376671448593,96.70882412226274,,,BASELINE_V2_1,bear_called_bull_truth,Bull,Bear
trend_method_v2_2,321149,321150,2026-03-11T06:49:25.106709,Bear,1.0,-0.6337467521025246,regime=RUN|slope_sum=-0.633747|v2_2_rule=BASELINE_V2_1,Bull,69543.96,69681.31,137.35,03/11/2026  06:44:53 AM,03/11/2026  06:49:39 AM,False,True,False,False,True,False,False,True,False,False,False,False,RUN,Bear,69605.9021760113,69616.86514533932,69627.04846019292,69636.04301722218,69641.34185443074,69642.24407074283,-0.271724166957938,-0.3662838246473257,-0.32876505343847384,-0.26746292745519895,-0.1555200861330377,-0.04281488548804191,36.34189473153674,130.98705927250558,211.69725718589325,1.0,-22.588756242766976,1.0,11.847507497863262,0.07873047381304094,-0.6337467521025246,0.6337467521025246,0.5716468122439258,-0.3662838246473257,-0.26746292745519895,36.34189473153674,1.0,11.847507497863262,0.07873047381304094,-1,-1,False,0.09882089719212672,0.6337467521025246,11.847507497863262,0.07873047381304094,57.34450647828727,False,False,False,False,False,False,1.432570944120016,2.0755204069424535,-2.7831716384607716,-6.432536517744666,False,0.5699407101649954,-10.18331485359522,-33.98640024685301,False,0.053980047147447335,0.1320784288982395,-0.290042905629889,0.13661782315441384,1.0,1.432570944120016,0.0,0.10669391635523193,0,0,1,1,0,6.201053520650021,26.967657443587086,83>68>53,0.46579789907627855,0,216.5543180325185,1,-1,-1,--+,0,216.5543180325185,0,0,0,0,69543.96,69681.31,137.35,0.0019750097636085143,137.35,137.35,52.4,7.1,196.85,196.85,+++,0,19.345070422535212,0,1.432570944120016,4.215742582580788,0.5663777032968937,0.8724350542324828,0,other,1.7446795468651337,-178.00089984467013,,,BASELINE_V2_1,bear_called_bull_truth,Bull,Bear
trend_method_v2_2,321152,321153,2026-03-11T07:04:30.074718,Bear,1.0,-0.27072787651923136,regime=RUN|slope_sum=-0.270728|v2_2_rule=BASELINE_V2_1,Bull,69593.2,69622.62,29.42,03/11/2026  06:59:56 AM,03/11/2026  07:04:44 AM,False,True,False,False,True,False,False,True,False,False,False,False,RUN,Bear,69578.16323495086,69588.4591592311,69590.14093975493,69591.0932141265,69592.73884157707,69594.13477324798,-0.26694841997777985,-0.22393985937378602,-0.03880903040590056,-0.04678801714544534,-0.05144041796665988,-0.042474521509575425,15.971538297118968,32.779494448477635,66.65496936354612,1.0,-4.1564243780012475,1.0,12.621874562319135,0.043652286932670634,-0.27072787651923136,0.27072787651923136,3.9087736152965586,-0.22393985937378602,-0.04678801714544534,15.971538297118968,1.0,12.621874562319135,0.043652286932670634,-1,-1,False,0.17715184222834068,0.27072787651923136,12.621874562319135,0.043652286932670634,58.99480505098417,False,False,False,False,False,False,0.6704002663791471,3.7646494606485503,-0.08138853820310032,-0.2453464926147717,False,0.3896523363797274,-1.6817805238242727,-6.390198397319182,False,0.7045922406108608,0.2281393895718793,0.13122334027320903,0.4306976557542607,1.0,0.6704002663791471,0.0,0.04992955513942741,0,0,1,1,0,3.0415591214841697,2.6732810569519643,83>68>53,0.14070295662168064,0,85.92934533137304,1,-1,-1,--+,0,85.92934533137304,0,0,0,0,69593.2,69622.62,29.42,0.0004227424518487439,29.42,29.42,0.72,-88.83,-58.69,118.97,-++,0,0.3311944163007993,0,0.6704002663791471,0.7517888045822474,0.587830850170576,1.432570944120016,0,other,0.9223597991113438,-60.133547625953724,,,BASELINE_V2_1,bear_called_bull_truth,Bull,Bear
trend_method_v2_2,321153,321154,2026-03-11T07:09:31.060704,Bull,1.0,0.553706523256551,regime=RUN|slope_sum=0.553707|v2_2_rule=BASELINE_V2_1,Bear,69622.62,69570.49,-52.13,03/11/2026  07:04:58 AM,03/11/2026  07:09:45 AM,False,True,False,True,False,False,True,False,False,False,False,False,RUN,Bull,69617.50226251321,69602.75976602641,69594.65349576199,69593.60494265158,69593.73356068383,69593.90491221193,0.4475513382749341,0.5095017248168006,0.17223292494600173,0.04420479843975045,0.013901251115385094,0.004589047915942501,-23.59735030127922,-39.56888859839819,-72.34838304687582,0.6,5.358336573437555,1.0,12.37913686974207,0.05893964110083677,0.553706523256551,0.553706523256551,-1.6103529125111111,0.5095017248168006,0.04420479843975045,23.59735030127922,1.0,12.37913686974207,0.05893964110083677,1,1,False,0.4652969263770501,0.553706523256551,12.37913686974207,0.05893964110083677,42.61707115620484,False,False,False,False,False,False,1.1919810855088144,18.012349188207082,0.5215808191296674,0.6029693573327677,False,0.3789610428442946,8.106270264426712,9.788050788250985,False,0.4947215166313545,0.3992191864126653,0.171079796840786,0.3535146903809143,1.0,1.1919810855088144,0.0,0.08877545000915607,0,0,0,0,0,0.29996956035029143,3.0415591214841697,83>68>53,0.06269509747107804,0,106.2238579619443,-1,1,-1,-+-,1,106.2238579619443,0,0,1,1,69622.62,69570.49,-52.13,-0.0007487509088281942,52.13,-52.13,29.42,0.72,-21.990000000000002,82.27000000000001,++-,1,72.40277777777779,0,1.1919810855088144,0.6704002663791471,0.7517888045822474,0.587830850170576,0,other,0.17427865657070724,82.3075136319676,,,BASELINE_V2_1,bull_called_bear_truth,Bear,Bull
trend_method_v2_2,321154,321155,2026-03-11T07:14:33.124582,Bear,1.0,-0.5698681698377186,regime=RUN|slope_sum=-0.569868|v2_2_rule=BASELINE_V2_1,Bull,69570.49,69664.55,94.06,03/11/2026  07:10:10 AM,03/11/2026  07:14:47 AM,False,True,False,False,True,False,False,True,False,False,False,False,RUN,Bear,69544.03171840827,69550.33950714587,69559.63008602009,69570.12145591032,69578.1569863299,69583.28172927703,-0.06278064113575965,-0.25388475626459694,-0.3246546203881735,-0.31598341357312165,-0.2409828247036785,-0.1698419130534603,39.250010868767276,62.8473611700465,102.41624976844469,1.0,-10.393321898853173,1.0,3.630441257657367,0.10076452461320773,-0.5698681698377186,0.5698681698377186,0.31886589194955,-0.25388475626459694,-0.31598341357312165,39.250010868767276,1.0,3.630441257657367,0.10076452461320773,-1,-1,False,0.06209865730852471,0.5698681698377186,3.630441257657367,0.10076452461320773,68.87559780702352,False,False,False,False,False,False,1.3681281691187905,0.8823786808317114,0.1761470836099761,-0.34543373551969125,False,0.2911330263819414,-9.290578874220955,-17.396849138647667,False,0.12232506028029866,0.26187397925241385,-0.13734520716025145,0.4083358884624191,1.0,1.3681281691187905,0.0,0.10189439694999697,0,0,1,1,0,13.160273366709589,0.29996956035029143,83>68>53,0.7268081513302604,1,135.19574421692232,1,-1,1,+-+,1,135.19574421692232,0,0,0,0,69570.49,69664.55,94.06,0.001352010026090085,94.06,94.06,-52.13,29.42,71.35,175.61,+-+,1,3.197144799456152,0,1.3681281691187905,1.1919810855088144,0.6704002663791471,0.7517888045822474,0,build,3.5991403612515462,-85.15674583695727,,,BASELINE_V2_1,bear_called_bull_truth,Bull,Bear
trend_method_v2_2,321168,321169,2026-03-11T08:24:56.068350,Bull,1.0,1.3002899246548623,regime=RUN|slope_sum=1.300290|v2_2_rule=BASELINE_V2_1,Bear,69199.32,69187.36,-11.96,03/11/2026  08:20:23 AM,03/11/2026  08:25:10 AM,False,True,False,True,False,False,True,False,False,False,False,False,RUN,Bull,69381.133501193,69374.98460635719,69349.54661157134,69322.4444541523,69301.22651985976,69285.30602165755,0.3784833790286939,0.4944053048511705,0.8737937374735338,0.8058846198036917,0.6505547107917664,0.5186568051431095,-95.82747953545186,-86.30232198214799,-142.48216516867978,1.0,11.967019255302148,1.0,-9.338767803026712,0.35783070651523297,1.3002899246548623,1.3002899246548623,-0.11703229963477088,0.4944053048511705,0.8058846198036917,95.82747953545186,1.0,-9.338767803026712,0.35783070651523297,1,1,False,0.31147931495252124,1.3002899246548623,9.338767803026712,0.35783070651523297,73.69700996559477,False,False,False,False,False,False,3.721778557091966,0.88435311565239,3.2167090124985407,5.287560778773695,False,0.18772556126694215,25.437994785854244,25.5098983545613,False,0.2772903801904036,0.49531035844483995,0.2936513309505244,0.2835720749173476,1.0,3.721778557091966,0.16666666666666663,0.27718775931686007,0,0,0,0,1,37.13843249474303,9.382803788874298,53>68>83,1.9750961357385677,0,386.94295934076945,-1,1,-1,-+-,1,386.94295934076945,0,0,0,0,69199.32,69187.36,-11.96,-0.00017283406831165393,11.96,-11.96,171.32,-61.01,98.35,244.29,-+-,1,0.19603343714145224,0,3.721778557091966,0.5050695445934252,2.57592131086858,7.1487427469437534,1,release,10.116240135009745,168.2857148541916,,,BASELINE_V2_1,bull_called_bear_truth,Bear,Bull
trend_method_v2_2,321170,321171,2026-03-11T08:34:59.083074,Bear,1.0,-1.692326862077607,regime=RUN|slope_sum=-1.692327|v2_2_rule=BASELINE_V2_1,Bull,69400.42,69694.32,293.9,03/11/2026  08:30:27 AM,03/11/2026  08:35:13 AM,False,True,False,False,True,False,False,True,False,False,False,False,RUN,Bear,69282.362627698,69298.47639848723,69330.96944814606,69362.1118800283,69382.13580840336,69393.0896707507,-0.7544646244896285,-0.7885716594792029,-1.0929239205634076,-0.9037552025984041,-0.6122831926859362,-0.3865928667401022,110.72704305269872,206.55452258815058,292.85684457029856,1.0,12.991304206690984,1.0,3.079782469314523,0.370026279128589,-1.692326862077607,1.692326862077607,0.2532199081194257,-0.7885716594792029,-0.9037552025984041,110.72704305269872,1.0,3.079782469314523,0.370026279128589,-1,-1,False,0.1151835431192012,1.692326862077607,3.079782469314523,0.370026279128589,65.42887519776365,False,False,False,False,False,False,4.5385914665566816,1.3854288306644966,0.8168129094647156,-2.399896103033825,False,0.5323152655581118,-32.493049658834934,-57.93104444468918,False,0.1617608164018711,0.3384592960737791,-0.15685106237106083,0.1284007609416243,1.0,4.5385914665566816,0.0,0.338021722617599,0,0,1,1,0,30.97779072240519,37.13843249474303,83>68>53,1.9026312620244425,1,349.03668775683036,1,-1,1,+-+,1,349.03668775683036,0,0,0,0,69400.42,69694.32,293.9,0.004234844688259812,293.9,293.9,-11.96,171.32,453.26,477.17999999999995,+-+,1,1.7155031519962642,0,4.5385914665566816,3.721778557091966,0.5050695445934252,2.57592131086858,0,build,8.529764307871355,-235.08265118798045,,,BASELINE_V2_1,bear_called_bull_truth,Bull,Bear
trend_method_v2_2,321179,321180,2026-03-11T09:20:08.091503,Bear,1.0,2.345810406943201,regime=RUN|slope_sum=2.345810|v2_2_rule=BASELINE_V2_1,Bull,69457.73,69848.09,390.36,03/11/2026  09:15:36 AM,03/11/2026  09:20:22 AM,False,True,False,False,True,False,False,True,False,False,False,False,RUN,Bull,70069.40388360052,70022.71778914153,69987.73275432849,69962.04916244576,69939.48290163664,69915.90114566221,1.5072449389481335,1.5286463491556788,1.0415446455954225,0.8171640577875223,0.7475095524678181,0.7628936082910514,-153.50273793831002,-120.51637987607683,-60.348073258268414,1.0,619.0618632580154,1.0,34.12448063385091,0.2506709076764915,2.345810406943201,2.345810406943201,-0.7695261455699335,1.5286463491556788,0.8171640577875223,153.50273793831002,1.0,34.12448063385091,0.2506709076764915,1,1,False,0.7114822913681564,2.345810406943201,34.12448063385091,0.2506709076764915,65.43697541965366,False,False,False,False,False,False,6.4050031522456266,1.7518015811571999,3.481371160258277,3.0748733855289174,False,0.254640682402766,34.98503481304215,32.31205442255305,False,0.18951965225737144,0.5085031137678016,-1.62653534166202,0.12471149075945492,1.0,6.4050031522456266,0.0,0.4770268958655082,0,0,0,0,1,46.14801678355434,7.3868166648899205,53>68>83,2.327567218546392,0,231.25613484885253,-1,-1,1,+--,0,231.25613484885253,0,0,0,0,69457.73,69848.09,390.36,0.005620108805744156,390.36,390.36,50.17,117.2,557.73,557.73,+++,0,3.330716723549488,0,6.4050031522456266,2.9236319919873495,2.51713421725799,1.1210096006198,0,build,12.496459031145749,91.03359233915944,,,BASELINE_V2_1,bear_called_bull_truth,Bull,Bear
trend_method_v2_2,321183,321184,2026-03-11T09:40:14.100516,Bear,1.0,2.983185130675338,regime=RUN|slope_sum=2.983185|v2_2_rule=BASELINE_V2_1,Bull,70317.12,70646.09,328.97,03/11/2026  09:35:41 AM,03/11/2026  09:40:28 AM,False,True,False,False,True,False,False,True,False,False,False,False,RUN,Bull,71027.21128576597,70990.73402400113,70938.37257207489,70892.24481840462,70854.45655184983,70820.11423902844,1.0046580916950916,1.5763436045908747,1.6649616999984573,1.4068415260844631,1.2056622790914844,1.1173369020925747,-207.09704673753004,-14.821272323824815,165.92176107794512,1.0,28.742896686526365,1.0,11.84154343168484,0.5900318626957459,2.983185130675338,2.983185130675338,-0.37036811845059947,1.5763436045908747,1.4068415260844631,207.09704673753004,1.0,11.84154343168484,0.5900318626957459,1,1,False,0.16950207850641164,2.983185130675338,11.84154343168484,0.5900318626957459,69.42145313343228,False,False,False,False,False,False,7.975804103552946,1.1383766035933138,1.1635725792748417,-3.7331461782796396,False,0.5129422107743591,52.36145192623371,15.098941904958338,False,0.02734024939955798,0.6603036083033658,-0.3069594488351868,0.15551325969535845,1.0,7.975804103552946,0.0,0.594015800322488,0,0,0,0,1,72.13057937618578,89.51028713535925,53>68>83,3.7298407072685222,0,222.8910559846554,-1,-1,1,+--,0,222.8910559846554,0,0,1,0,70317.12,70646.09,328.97,0.004678377043883482,328.97,328.97,65.12,8.62,402.71000000000004,402.71000000000004,+++,0,38.16357308584688,0,7.975804103552946,6.812231524278104,1.915512766723623,2.041368558173417,0,build,19.52868216436379,-151.12977862182197,,,BASELINE_V2_1,bear_called_bull_truth,Bull,Bear
trend_method_v2_2,321184,321185,2026-03-11T09:45:16.097339,Bear,1.0,-4.168695964042854,regime=RUN|slope_sum=-4.168696|v2_2_rule=BASELINE_V2_1,Bull,70646.09,71050.99,404.9,03/11/2026  09:40:42 AM,03/11/2026  09:45:30 AM,False,True,False,False,True,False,False,True,False,False,False,False,RUN,Bear,70491.86231766792,70561.45226901754,70625.93281795715,70680.63778121417,70723.39249772496,70751.78837134092,-1.8431976763295097,-2.4680559123389685,-1.9990550278907904,-1.7006400517038855,-1.3247393197725614,-0.9359757866732252,259.92605367299984,467.0231004105299,481.8443727343547,1.0,-387.8025021506619,1.0,50.8939297223842,0.5651336542467886,-4.168695964042854,4.168695964042854,0.583879282527357,-2.4680559123389685,-1.7006400517038855,259.92605367299984,1.0,50.8939297223842,0.5651336542467886,-1,-1,False,0.7674158606350829,4.168695964042854,50.8939297223842,0.5651336542467886,62.35188555725716,False,False,False,False,False,False,10.27166377470894,1.5929671449875198,2.295859671155995,1.1322870918811532,False,0.24573657218401618,-64.48054893960943,-116.84200086584315,False,0.10498975528556176,1.093859120457637,0.4335555121542711,0.1733447897599135,1.0,10.27166377470894,0.0,0.7650050701545212,0,0,1,1,0,71.15059012675192,72.13057937618578,83>68>53,3.961355158149672,0,662.5874061361246,1,-1,-1,--+,0,662.5874061361246,0,0,0,0,70646.09,71050.99,404.9,0.005731385841735898,404.9,404.9,328.97,65.12,798.99,798.99,+++,0,6.217751842751842,0,10.27166377470894,7.975804103552946,6.812231524278104,1.915512766723623,0,build,19.38793805824068,-364.5688163563573,,,BASELINE_V2_1,bear_called_bull_truth,Bull,Bear
trend_method_v2_2,321189,321190,2026-03-11T10:10:20.236801,Bear,1.0,-0.9450934249125567,regime=RUN|slope_sum=-0.945093|v2_2_rule=BASELINE_V2_1,Bull,70253.97,70367.59,113.62,03/11/2026  10:05:47 AM,03/11/2026  10:10:34 AM,False,True,False,False,True,False,False,True,False,False,False,False,RUN,Bear,70227.18769506321,70240.33061343271,70254.70310117754,70273.15008371018,70293.00842295635,70311.0510895607,-1.0030178627130226,-0.35288531824335223,-0.5180805830641475,-0.5922081066692044,-0.609671205671475,-0.5439194408227195,83.8633944974863,77.59275710354268,208.3164660015318,1.0,-487.6208075451141,1.0,10.219928551843623,0.1934070760923315,-0.9450934249125567,0.9450934249125567,0.4004610146960378,-0.35288531824335223,-0.5922081066692044,83.8633944974863,1.0,10.219928551843623,0.1934070760923315,-1,-1,False,0.2393227884258522,0.9450934249125567,10.219928551843623,0.1934070760923315,88.73556019633259,False,False,False,False,False,False,3.6197825171839213,1.0734248495852408,-0.7904445564818161,0.7428988684550859,False,0.20708247030027915,-14.372487744825776,15.68230040607159,False,0.18966903821699915,0.8153278092904657,-2.3556270942735864,0.435077306935268,1.0,3.6197825171839213,0.33333333333333337,0.26959137674664224,0,0,1,1,0,37.90100585052278,48.03605960990535,83>68>53,1.745798753163399,1,257.44398967649613,1,-1,1,+-+,1,257.44398967649613,0,0,0,0,70253.97,70367.59,113.62,0.0016172751518526284,113.62,113.62,271.93,-233.77,151.78,619.32,-++,0,0.48603328057492406,0,3.6197825171839213,4.410227073665737,5.943570498602639,3.9749089758261107,0,decay,10.202021319628605,-194.9897926897338,,,BASELINE_V2_1,bear_called_bull_truth,Bull,Bear
trend_method_v2_2,321204,321205,2026-03-11T11:25:41.097367,Bear,1.0,1.5846299502500187,regime=RUN|slope_sum=1.584630|v2_2_rule=BASELINE_V2_1,Bull,70064.3,70310.25,245.95,03/11/2026  11:21:09 AM,03/11/2026  11:25:55 AM,False,True,False,False,True,False,False,True,False,False,False,False,RUN,Bull,70434.33113543713,70405.23430041889,70378.74615292858,70358.26722949604,70340.13715595307,70321.94593976701,1.6750267752631771,0.9425398291386955,0.8117481725257676,0.6420901211113232,0.5945734651359089,0.5797341162924567,-112.38519567011099,11.588330416372628,213.80983875508537,1.0,222.3060674270091,1.0,22.145113612044952,0.25217449003858283,1.5846299502500187,1.5846299502500187,-0.6195156403389996,0.9425398291386955,0.6420901211113232,112.38519567011099,1.0,22.145113612044952,0.25217449003858283,1,1,False,0.30044970802737225,1.5846299502500187,22.145113612044952,0.25217449003858283,70.92204438795262,False,False,False,False,False,False,5.245712479467329,1.887975729176914,-0.5347710148034821,-1.902550547136343,False,0.5614946808732351,26.48814749030862,-11.869356100520235,False,0.07455540737258261,0.8632786027374095,0.11273064126180543,0.2517350138125349,1.0,5.245712479467329,0.0,0.39068613725910867,0,0,0,0,1,36.32128972902137,15.715786908825976,53>68>83,1.816397702539689,1,324.68698644709366,1,-1,1,+-+,1,324.68698644709366,0,0,0,0,70064.3,70310.25,245.95,0.0035103469241825006,245.95,245.95,-295.06,-73.7,-122.81,614.71,--+,1,3.3371777476255087,0,5.245712479467329,5.780483494270811,4.41270396193795,3.685190722655534,0,other,9.818064824377105,-201.82775201330332,,,BASELINE_V2_1,bear_called_bull_truth,Bull,Bear
trend_method_v2_2,321208,321209,2026-03-11T11:45:46.084974,Bear,1.0,-1.8587455718097772,regime=RUN|slope_sum=-1.858746|v2_2_rule=BASELINE_V2_1,Bull,69982.72,70176.66,193.94,03/11/2026  11:41:13 AM,03/11/2026  11:46:00 AM,False,True,False,False,True,False,False,True,False,False,False,False,RUN,Bear,70065.61385605701,70095.09258247487,70128.2909277123,70149.00868936571,70159.56123980062,70163.05528972806,-0.8675337763270363,-1.2495218428139196,-0.9562529117301892,-0.6092237289958575,-0.34643143961875467,-0.15493744086052175,97.44143367104698,201.56834791781148,230.5721929771098,1.0,-8.980310090060811,1.0,20.538876233331393,0.3059893494696423,-1.8587455718097772,1.8587455718097772,0.546751761528225,-1.2495218428139196,-0.6092237289958575,97.44143367104698,1.0,20.538876233331393,0.3059893494696423,-1,-1,False,0.6402981138180621,1.8587455718097772,20.538876233331393,0.3059893494696423,52.423223032172515,False,False,False,False,False,False,4.183901140346279,2.7672690279503938,-1.2159651558831683,-3.91728060670539,False,0.5938222895598134,-33.19834523742611,-50.59289689878642,False,0.13295506736559032,0.6752569975706137,-1.2012290075508645,0.2197166313722523,1.0,4.183901140346279,0.0,0.31160536945056716,0,0,1,1,0,14.04660036234418,34.06929878302617,83>68>53,1.110592609475134,0,252.83616967919806,1,-1,-1,--+,0,252.83616967919806,0,0,0,0,69982.72,70176.66,193.94,0.0027712555327943813,193.94,193.94,31.38,31.38,256.7,256.7,+++,0,6.180369662205226,0,4.183901140346279,5.3998662962294475,2.698550845407226,4.841280406955775,0,other,3.975830394480937,-181.18052508587425,,,BASELINE_V2_1,bear_called_bull_truth,Bull,Bear
trend_method_v2_2,321223,321224,2026-03-11T13:02:51.676691,Bull,1.0,0.5436463792520954,regime=RUN|slope_sum=0.543646|v2_2_rule=BASELINE_V2_1,Bear,70695.43,70553.45,-141.98,03/11/2026  12:56:35 PM,03/11/2026  01:01:22 PM,False,True,False,True,False,False,True,False,False,False,False,False,RUN,Bull,70638.5661996553,70619.75881454523,70612.32039892965,70602.49693683114,70594.92626356742,70591.099741339,2.848804765861132,0.24183240533784556,0.305651674299952,0.3018139739142498,0.22435870444314787,0.1261906529925909,-47.46645831629576,-16.326084729880677,-18.904184330822318,1.0,-3.138954256224679,1.0,12.575812595780008,0.021794386651682957,0.5436463792520954,0.5436463792520954,-1.0895329824763946,0.24183240533784556,0.3018139739142498,47.46645831629576,1.0,12.575812595780008,0.021794386651682957,1,1,False,0.05998156857640424,0.5436463792520954,12.575812595780008,0.021794386651682957,87.31127462229449,False,False,False,False,False,False,4.048652176848918,5.206130820490343,1.7626542628549942,1.0681405282939522,False,0.3355476042046442,7.438415615586564,-6.094375788467005,False,0.11656826442209561,2.670791629485393,1.2497391797005548,0.7863853020113317,1.0,4.048652176848918,0.16666666666666663,0.30153240122672587,0,0,0,0,1,11.39719549214351,7.375677192685544,53>68>83,0.6523633313499886,0,28.62317942257505,-1,1,1,++-,0,28.62317942257505,0,0,0,0,70695.43,70553.45,-141.98,-0.0020083334948242056,141.98,-141.98,-141.98,-141.98,-425.93999999999994,425.93999999999994,---,0,1.0,0,4.048652176848918,2.285997913993924,1.5914841794328822,2.3352210668326734,0,build,3.1277294452391873,26.248299298989878,,,BASELINE_V2_1,bull_called_bear_truth,Bear,Bull
trend_method_v2_2,321228,321229,2026-03-11T13:26:16.069735,Bear,1.0,2.9871630970628757,regime=RUN|slope_sum=2.987163|v2_2_rule=BASELINE_V2_1,Bull,70945.27,70947.56,2.29,03/11/2026  01:21:45 PM,03/11/2026  01:26:30 PM,False,True,False,False,True,False,False,True,False,False,False,False,RUN,Bull,71259.33294732952,71222.19332924884,71167.94335761404,71126.27987280911,71096.98758862536,71075.600464162,1.4716228520392178,1.7367097425103566,1.6492419681362662,1.2504533545525192,0.937282669950946,0.7252123090929672,-183.73248316752142,-185.66462030936964,-207.8533746311441,1.0,114.75904519583855,1.0,10.355065645082504,0.5977059307405612,2.9871630970628757,2.9871630970628757,-0.3872200988151181,1.7367097425103566,1.2504533545525192,183.73248316752142,1.0,10.355065645082504,0.5977059307405612,1,1,False,0.48625638795783743,2.9871630970628757,10.355065645082504,0.5977059307405612,61.507349012237114,False,False,False,False,False,False,7.770522896282273,1.6675800619808803,6.899158631335013,8.236981303703942,False,0.25005136089412455,54.249971634795656,56.67341634433251,False,0.025832552218349993,0.3525546648452291,-0.14820329624490114,0.07257833313634104,1.0,7.770522896282273,0.5,0.5787270245395253,0,0,0,0,1,50.67940864712,5.3040872052370105,53>68>83,2.9129483335964323,0,210.92546094018326,-1,1,-1,-+-,1,210.92546094018326,0,0,0,0,70945.27,70947.56,2.29,3.2278402774420334e-05,2.29,2.29,21.57,21.57,45.43,45.43,+++,0,0.1061659712563746,0,7.770522896282273,0.8713642649472604,2.20918693731619,3.456442639524539,1,release,13.838906378051325,264.3785876792317,,,BASELINE_V2_1,bear_called_bull_truth,Bull,Bear
trend_method_v2_2,321232,321233,2026-03-11T13:47:20.742842,Bull,1.0,0.967669686771842,regime=RUN|slope_sum=0.967670|v2_2_rule=BASELINE_V2_1,Bear,70817.55,70728.76,-88.79,03/11/2026  01:41:50 PM,03/11/2026  01:46:36 PM,False,True,False,True,False,False,True,False,False,False,False,False,RUN,Bull,70859.76484899993,70843.98088486143,70827.7367980759,70812.15139786161,70800.70743264857,70791.733961977,0.5368758946933667,0.5035858585779351,0.548457655684615,0.4640838281939068,0.36042183464996924,0.29635669293202227,-68.03088702292007,-7.809593478174065,-6.909843571018428,1.0,1.1601185894396622,1.0,14.7602572660835,0.14109963595775687,0.967669686771842,0.967669686771842,-0.495891251344565,0.5035858585779351,0.4640838281939068,68.03088702292007,1.0,14.7602572660835,0.14109963595775687,1,1,False,0.03950203038402833,0.967669686771842,14.7602572660835,0.14109963595775687,70.30383193036867,False,False,False,False,False,False,2.709781764731815,1.4175865580354992,0.5206493631703779,3.2122854770859703,False,0.23454573790936567,16.244086785533,-3.741019715773291,False,0.04265203529925624,0.07816183322211145,-0.4797150065078313,0.049191817269997225,1.0,2.709781764731815,0.0,0.20181704098768025,0,0,0,0,1,20.417435884606675,13.700941391507513,53>68>83,1.1208623557758983,0,172.29810366459424,-1,-1,-1,---,0,172.29810366459424,0,0,0,0,70817.55,70728.76,-88.79,-0.0012537852552086312,88.79,-88.79,-88.79,-348.65,-526.23,526.23,---,0,0.2546680051627707,0,2.709781764731815,2.1891324015614373,4.88076851547703,6.654064754642604,1,release,5.559101718756916,10.171148280283887,,,BASELINE_V2_1,bull_called_bear_truth,Bear,Bull
trend_method_v2_2,321234,321235,2026-03-11T13:57:23.295571,Bear,1.0,-0.7245025283045834,regime=RUN|slope_sum=-0.724503|v2_2_rule=BASELINE_V2_1,Bull,70844.14,70880.4,36.26,03/11/2026  01:51:52 PM,03/11/2026  01:56:39 PM,False,True,False,False,True,False,False,True,False,False,False,False,RUN,Bear,70695.37647722577,70701.47011015854,70712.30034629208,70733.74478024719,70755.18078561239,70772.45284518221,-1.1159606225191965,-0.05683577422496455,-0.49424608503431955,-0.6676667540796188,-0.6338092249407055,-0.5295937464015879,77.07636795644066,-31.61250585768721,-180.71197526580363,1.0,17.85377129673725,1.0,-7.662658355009626,0.17241440860476967,-0.7245025283045834,0.7245025283045834,0.1888054290203642,-0.05683577422496455,-0.6676667540796188,77.07636795644066,1.0,-7.662658355009626,0.17241440860476967,-1,-1,False,0.6108309798546543,0.7245025283045834,7.662658355009626,0.17241440860476967,106.3852297890636,False,False,False,False,False,False,3.4981122072003927,0.9104199903662125,-1.8945810035984323,-5.151957453592331,False,0.4906219564194766,-10.830236133537255,22.521508942896617,False,0.793730193545626,1.496535159103587,-0.9294424673171306,0.8977186697168099,1.0,3.4981122072003927,0.16666666666666663,0.2605297090298843,0,0,1,1,0,38.708064935024595,35.95077313782531,83>68>53,1.8310697254219122,0,208.33226669473515,-1,1,1,++-,0,208.33226669473515,0,0,0,0,70844.14,70880.4,36.26,0.0005118277954958589,36.26,36.26,36.26,115.38,187.89999999999998,187.89999999999998,+++,0,0.3142659039694921,0,3.4981122072003927,5.392693210798825,2.135316760804926,2.709781764731815,0,other,10.528503652956758,202.30404174138312,,,BASELINE_V2_1,bear_called_bull_truth,Bull,Bear
trend_method_v2_2,321238,321239,2026-03-11T14:16:31.524477,Bull,1.0,0.5795333490332268,regime=RUN|slope_sum=0.579533|v2_2_rule=BASELINE_V2_1,Bear,70843.95,70694.64,-149.31,03/11/2026  02:11:59 PM,03/11/2026  02:16:44 PM,False,True,False,True,False,False,True,False,False,False,False,False,RUN,Bull,70785.63111869707,70780.74993916124,70771.0543600757,70760.23374575116,70752.0939608243,70748.0074190311,0.2285452107898891,0.25363510424904234,0.3343483426342573,0.3258982447841845,0.23920310797257116,0.1354089113210648,-37.6236996659718,-92.38292505384015,-65.38068646061583,1.0,28.01280013435462,1.0,-1.7006792301253881,0.11603098923334895,0.5795333490332268,0.5795333490332268,-0.23791838174030036,0.25363510424904234,0.3258982447841845,37.6236996659718,1.0,-1.7006792301253881,0.11603098923334895,1,1,False,0.07226314053514216,0.5795333490332268,1.7006792301253881,0.11603098923334895,64.92068097329579,False,False,False,False,False,False,1.5170389217510092,1.1656198339193495,-1.2026599778164382,0.79638385013277,False,0.21529537468444865,9.695579085542704,22.11940622383554,False,0.13727127662019803,0.10580313184436818,-1.0016187228229683,0.12957675257334975,1.0,1.5170389217510092,0.16666666666666663,0.11298485739172817,0,0,0,0,1,12.22632672006148,26.904204957783804,53>68>83,0.7005102640778205,0,197.24911400205747,-1,-1,1,+--,0,197.24911400205747,0,0,1,1,70843.95,70694.64,-149.31,-0.0021075899918059342,149.31,-149.31,-8.42,-8.42,-166.15,166.15,---,0,17.732779097387173,0,1.5170389217510092,2.7196988995674474,4.718742727516656,1.6405914961560484,0,decay,3.357376477139528,86.4984739616284,,,BASELINE_V2_1,bull_called_bear_truth,Bear,Bull
trend_method_v2_2,321239,321240,2026-03-11T14:21:32.077272,Bear,1.0,1.7678751901112264,regime=RUN|slope_sum=1.767875|v2_2_rule=BASELINE_V2_1,Bull,70694.64,70755.32,60.68,03/11/2026  02:17:00 PM,03/11/2026  02:21:46 PM,False,True,False,False,True,False,False,True,False,False,False,False,RUN,Bull,70829.3511367476,70793.77874397056,70762.6577007128,70747.11666739354,70741.44221884076,70739.57608692521,1.5862289785854955,1.3178000052466814,0.8604291365827521,0.450075184864545,0.2157432761432574,0.11161355836338771,-89.77504982239043,-111.26484619203256,-170.3783422276465,1.0,-13.768513171962695,1.0,27.591542071997537,0.2733552857634743,1.7678751901112264,1.7678751901112264,-0.7623405425938762,1.3178000052466814,0.450075184864545,89.77504982239043,1.0,27.591542071997537,0.2733552857634743,1,1,False,0.8677248203821364,1.7678751901112264,27.591542071997537,0.2733552857634743,50.78132796056842,False,False,False,False,False,False,4.541890139786119,4.842170153294861,1.7814255689190759,0.5379999198030418,False,0.3315322920243245,31.12104325774999,37.38857293393812,False,0.2099737166677498,0.7257998420027434,-0.9018837684179744,0.19280327175554918,1.0,4.541890139786119,0.5,0.33826739866391936,0,0,0,0,1,7.540580468325061,9.386294449213892,53>68>83,0.7774320193711901,0,262.76126728148665,-1,1,-1,-+-,1,262.76126728148665,0,0,1,1,70694.64,70755.32,60.68,0.0008583394724126185,60.68,60.68,-149.31,-149.31,-237.94,359.3,--+,1,0.4064027861496216,0,4.541890139786119,2.760464570867043,1.5170389217510092,2.7196988995674474,0,build,2.227613982329904,206.86503139316665,,,BASELINE_V2_1,bear_called_bull_truth,Bull,Bear
trend_method_v2_2,321255,321256,2026-03-11T15:41:49.082741,Bear,1.0,-0.7437810997616907,regime=RUN|slope_sum=-0.743781|v2_2_rule=BASELINE_V2_1,Bull,70500.69,70684.53,183.84,03/11/2026  03:37:19 PM,03/11/2026  03:42:03 PM,False,True,False,False,True,False,False,True,False,False,False,False,RUN,Bear,70622.66493875433,70640.69096132636,70653.52228578199,70662.34660298153,70666.23621613119,70666.07963172707,-0.9790838674125553,-0.4888490808498318,-0.39873891507886583,-0.2549320189118589,-0.12391000632851501,-0.01579043277524761,43.41469297274307,80.31869895529235,149.8300009586237,0.8,201.87388840934727,1.0,22.623641417128965,0.08157185340006395,-0.7437810997616907,0.7437810997616907,0.8323938333587118,-0.4888490808498318,-0.2549320189118589,43.41469297274307,1.0,22.623641417128965,0.08157185340006395,-1,-1,False,0.2339170619379729,0.7437810997616907,22.623641417128965,0.08157185340006395,58.37025569304362,False,False,False,False,False,False,2.2613043213568744,4.7301528939805575,0.20965689538934384,0.2908848233419121,False,0.33019383471945507,-12.831324455633876,-24.166798115344136,False,0.10152251515826581,0.5803449523336894,-0.47731027215195354,0.31089821608758805,1.0,2.2613043213568744,0.16666666666666663,0.1684156830814253,0,0,0,0,0,3.7330287455406506,13.099722982777166,68>83>53,0.3946324580156215,0,178.85416953948152,1,-1,-1,--+,0,178.85416953948152,0,0,0,0,70500.69,70684.53,183.84,0.002607634052943312,183.84,183.84,-78.39,-122.81,-17.359999999999985,385.03999999999996,--+,1,1.4969465027277908,0,2.2613043213568744,2.0516474259675306,2.132875353920099,2.915013698861003,1,release,1.106338546865151,-126.14051311543153,,,BASELINE_V2_1,bear_called_bull_truth,Bull,Bear
trend_method_v2_2,321258,321259,2026-03-11T15:56:53.078727,Bear,1.0,-1.1215759053611691,regime=RUN|slope_sum=-1.121576|v2_2_rule=BASELINE_V2_1,Bull,70664.32,70705.11,40.79,03/11/2026  03:52:23 PM,03/11/2026  03:57:07 PM,False,True,False,False,True,False,False,True,False,False,False,False,RUN,Bear,70599.60057751967,70622.74785556308,70641.84858229353,70654.23412576402,70661.38244415772,70665.04393489263,-1.3788037681515561,-0.7488833666793653,-0.5596996842614317,-0.37269253868180385,-0.23433501502404397,-0.14102826198177354,65.44335737296205,111.25205532330438,200.47544624638977,1.0,0.5529955925012473,1.0,23.614641359716188,0.15516509491592712,-1.1215759053611691,1.1215759053611691,0.7351546529631563,-0.7488833666793653,-0.37269253868180385,65.44335737296205,1.0,23.614641359716188,0.15516509491592712,-1,-1,False,0.37619082799756143,1.1215759053611691,23.614641359716188,0.15516509491592712,58.3494679763899,False,False,False,False,False,False,3.4354426347799745,3.5924950554953936,1.119847900876266,1.065557488329432,False,0.31290137601316337,-19.100726730452152,-32.576339023115,False,0.14457139902730765,0.8191040838901245,0.27399740151304286,0.3047957510511164,1.0,3.4354426347799745,0.0,0.25586225284191205,0,0,1,1,0,10.809809128608322,5.740440482710255,83>68>53,0.7480558156876214,1,280.7941452016821,1,-1,1,+-+,1,280.7941452016821,0,0,0,0,70664.32,70705.11,40.79,0.0005772361497287456,40.79,40.79,38.21,183.84,262.84000000000003,262.84000000000003,+++,0,0.22187771975630982,0,3.4354426347799745,2.3155947339037084,2.2613043213568744,2.0516474259675306,0,build,3.023360318281225,-167.62510982176173,,,BASELINE_V2_1,bear_called_bull_truth,Bull,Bear
trend_method_v2_2,321261,321262,2026-03-11T16:11:58.075508,Bear,1.0,-0.8209477152013278,regime=RUN|slope_sum=-0.820948|v2_2_rule=BASELINE_V2_1,Bull,70511.91,70516.63,4.72,03/11/2026  04:07:27 PM,03/11/2026  04:12:12 PM,False,True,False,False,True,False,False,True,False,False,False,False,RUN,Bear,70441.55256002578,70461.35642171944,70474.3800474667,70483.20179809639,70488.85355588412,70492.75409699837,-0.9394965202718595,-0.5516000074530893,-0.3898652399711864,-0.26934770774823846,-0.1866447499141941,-0.14012375407583022,51.20153697258502,-5.450248099441524,3.3413242014939897,1.0,-129.4556647890422,1.0,22.76292994747928,0.07992781873908833,-0.8209477152013278,0.8209477152013278,0.9065470583350917,-0.5516000074530893,-0.26934770774823846,51.20153697258502,1.0,22.76292994747928,0.07992781873908833,-1,-1,False,0.2822522997048509,0.8209477152013278,22.76292994747928,0.07992781873908833,62.368815972681574,False,False,False,False,False,False,2.477077979434398,3.155360868665673,-0.09018620325332449,0.7779922488389275,False,0.3037388056916357,-13.023625747257029,3.6302808676555287,False,0.17179048076855505,0.5496312803006731,-0.502505954944354,0.29220757685781135,1.0,2.477077979434398,0.16666666666666663,0.18448590754121794,0,0,1,1,0,9.552298901980976,19.68123708719213,83>68>53,0.5961162117382628,0,125.49387572368141,-1,-1,1,+--,0,125.49387572368141,0,0,0,0,70511.91,70516.63,4.72,6.693904618382908e-05,4.72,4.72,40.79,40.79,86.3,86.3,+++,0,0.11571463594018142,0,2.477077979434398,2.5672641826877225,3.4354426347799745,2.3155947339037084,0,decay,2.6522897823058322,-0.21354928878281498,,,BASELINE_V2_1,bear_called_bull_truth,Bull,Bear
