variant,flip_score_threshold,alignment_threshold,compression_velocity_min,ratio_threshold,changed_rows_count,new_directional_called,baseline_directional_called,baseline_directional_accuracy,baseline_directional_coverage,baseline_bull_precision,baseline_bear_precision,new_directional_accuracy,new_directional_coverage,new_bull_precision,new_bear_precision,delta_directional_accuracy,delta_directional_coverage,delta_bull_precision,delta_bear_precision
bull_to_neutral,0.12,1.0,,,37,314,351,0.5555555555555556,0.375,0.5732484076433121,0.5412371134020618,0.554140127388535,0.33547008547008544,0.575,0.5412371134020618,-0.0014154281670205604,-0.039529914529914556,0.00175159235668787,0.0
bull_to_bear,0.12,1.0,,,37,351,351,0.5555555555555556,0.375,0.5732484076433121,0.5412371134020618,0.5413105413105413,0.375,0.575,0.5238095238095238,-0.014245014245014231,0.0,0.00175159235668787,-0.017427589592537984
bull_to_neutral,0.12,1.0,,0.0,35,316,351,0.5555555555555556,0.375,0.5732484076433121,0.5412371134020618,0.5537974683544303,0.33760683760683763,0.5737704918032787,0.5412371134020618,-0.0017580872011252469,-0.03739316239316237,0.0005220841599665738,0.0
bull_to_bear,0.12,1.0,,0.0,35,351,351,0.5555555555555556,0.375,0.5732484076433121,0.5412371134020618,0.5413105413105413,0.375,0.5737704918032787,0.5240174672489083,-0.014245014245014231,0.0,0.0005220841599665738,-0.017219646153153523
bull_to_neutral,0.12,1.0,,-0.05,34,317,351,0.5555555555555556,0.375,0.5732484076433121,0.5412371134020618,0.5520504731861199,0.3386752136752137,0.5691056910569106,0.5412371134020618,-0.003505082369435697,-0.03632478632478631,-0.004142716586401529,0.0
bull_to_bear,0.12,1.0,,-0.05,34,351,351,0.5555555555555556,0.375,0.5732484076433121,0.5412371134020618,0.5384615384615384,0.375,0.5691056910569106,0.5219298245614035,-0.017094017094017144,0.0,-0.004142716586401529,-0.019307288840658354
bull_to_neutral,0.12,1.0,,-0.1,33,318,351,0.5555555555555556,0.375,0.5732484076433121,0.5412371134020618,0.5534591194968553,0.33974358974358976,0.5725806451612904,0.5412371134020618,-0.002096436058700246,-0.03525641025641024,-0.0006677624820217165,0.0
bull_to_bear,0.12,1.0,,-0.1,33,351,351,0.5555555555555556,0.375,0.5732484076433121,0.5412371134020618,0.5413105413105413,0.375,0.5725806451612904,0.5242290748898678,-0.014245014245014231,0.0,-0.0006677624820217165,-0.017008038512194013
bull_to_neutral,0.12,1.0,0.0,,24,327,351,0.5555555555555556,0.375,0.5732484076433121,0.5412371134020618,0.5596330275229358,0.34935897435897434,0.5864661654135338,0.5412371134020618,0.004077471967380175,-0.02564102564102566,0.013217757770221716,0.0
bull_to_bear,0.12,1.0,0.0,,24,351,351,0.5555555555555556,0.375,0.5732484076433121,0.5412371134020618,0.5555555555555556,0.375,0.5864661654135338,0.536697247706422,0.0,0.0,0.013217757770221716,-0.0045398656956398
bull_to_neutral,0.12,1.0,0.0,0.0,24,327,351,0.5555555555555556,0.375,0.5732484076433121,0.5412371134020618,0.5596330275229358,0.34935897435897434,0.5864661654135338,0.5412371134020618,0.004077471967380175,-0.02564102564102566,0.013217757770221716,0.0
bull_to_bear,0.12,1.0,0.0,0.0,24,351,351,0.5555555555555556,0.375,0.5732484076433121,0.5412371134020618,0.5555555555555556,0.375,0.5864661654135338,0.536697247706422,0.0,0.0,0.013217757770221716,-0.0045398656956398
bull_to_neutral,0.12,1.0,0.0,-0.05,24,327,351,0.5555555555555556,0.375,0.5732484076433121,0.5412371134020618,0.5596330275229358,0.34935897435897434,0.5864661654135338,0.5412371134020618,0.004077471967380175,-0.02564102564102566,0.013217757770221716,0.0
bull_to_bear,0.12,1.0,0.0,-0.05,24,351,351,0.5555555555555556,0.375,0.5732484076433121,0.5412371134020618,0.5555555555555556,0.375,0.5864661654135338,0.536697247706422,0.0,0.0,0.013217757770221716,-0.0045398656956398
bull_to_neutral,0.12,1.0,0.0,-0.1,24,327,351,0.5555555555555556,0.375,0.5732484076433121,0.5412371134020618,0.5596330275229358,0.34935897435897434,0.5864661654135338,0.5412371134020618,0.004077471967380175,-0.02564102564102566,0.013217757770221716,0.0
bull_to_bear,0.12,1.0,0.0,-0.1,24,351,351,0.5555555555555556,0.375,0.5732484076433121,0.5412371134020618,0.5555555555555556,0.375,0.5864661654135338,0.536697247706422,0.0,0.0,0.013217757770221716,-0.0045398656956398
bull_to_neutral,0.12,1.0,5.0,,21,330,351,0.5555555555555556,0.375,0.5732484076433121,0.5412371134020618,0.5606060606060606,0.3525641025641026,0.5882352941176471,0.5412371134020618,0.005050505050504972,-0.02243589743589741,0.014986886474334993,0.0
bull_to_bear,0.12,1.0,5.0,,21,351,351,0.5555555555555556,0.375,0.5732484076433121,0.5412371134020618,0.5584045584045584,0.375,0.5882352941176471,0.5395348837209303,0.002849002849002802,0.0,0.014986886474334993,-0.0017022296811315396
bull_to_neutral,0.12,1.0,5.0,0.0,21,330,351,0.5555555555555556,0.375,0.5732484076433121,0.5412371134020618,0.5606060606060606,0.3525641025641026,0.5882352941176471,0.5412371134020618,0.005050505050504972,-0.02243589743589741,0.014986886474334993,0.0
bull_to_bear,0.12,1.0,5.0,0.0,21,351,351,0.5555555555555556,0.375,0.5732484076433121,0.5412371134020618,0.5584045584045584,0.375,0.5882352941176471,0.5395348837209303,0.002849002849002802,0.0,0.014986886474334993,-0.0017022296811315396
bull_to_neutral,0.12,1.0,5.0,-0.05,21,330,351,0.5555555555555556,0.375,0.5732484076433121,0.5412371134020618,0.5606060606060606,0.3525641025641026,0.5882352941176471,0.5412371134020618,0.005050505050504972,-0.02243589743589741,0.014986886474334993,0.0
bull_to_bear,0.12,1.0,5.0,-0.05,21,351,351,0.5555555555555556,0.375,0.5732484076433121,0.5412371134020618,0.5584045584045584,0.375,0.5882352941176471,0.5395348837209303,0.002849002849002802,0.0,0.014986886474334993,-0.0017022296811315396
bull_to_neutral,0.12,1.0,5.0,-0.1,21,330,351,0.5555555555555556,0.375,0.5732484076433121,0.5412371134020618,0.5606060606060606,0.3525641025641026,0.5882352941176471,0.5412371134020618,0.005050505050504972,-0.02243589743589741,0.014986886474334993,0.0
bull_to_bear,0.12,1.0,5.0,-0.1,21,351,351,0.5555555555555556,0.375,0.5732484076433121,0.5412371134020618,0.5584045584045584,0.375,0.5882352941176471,0.5395348837209303,0.002849002849002802,0.0,0.014986886474334993,-0.0017022296811315396
bull_to_neutral,0.12,1.0,10.0,,18,333,351,0.5555555555555556,0.375,0.5732484076433121,0.5412371134020618,0.5615615615615616,0.3557692307692308,0.5899280575539568,0.5412371134020618,0.006006006006005982,-0.019230769230769218,0.016679649910644745,0.0
bull_to_bear,0.12,1.0,10.0,,18,351,351,0.5555555555555556,0.375,0.5732484076433121,0.5412371134020618,0.5612535612535613,0.375,0.5899280575539568,0.5424528301886793,0.005698005698005715,0.0,0.016679649910644745,0.0012157167866174712
bull_to_neutral,0.12,1.0,10.0,0.0,18,333,351,0.5555555555555556,0.375,0.5732484076433121,0.5412371134020618,0.5615615615615616,0.3557692307692308,0.5899280575539568,0.5412371134020618,0.006006006006005982,-0.019230769230769218,0.016679649910644745,0.0
bull_to_bear,0.12,1.0,10.0,0.0,18,351,351,0.5555555555555556,0.375,0.5732484076433121,0.5412371134020618,0.5612535612535613,0.375,0.5899280575539568,0.5424528301886793,0.005698005698005715,0.0,0.016679649910644745,0.0012157167866174712
bull_to_neutral,0.12,1.0,10.0,-0.05,18,333,351,0.5555555555555556,0.375,0.5732484076433121,0.5412371134020618,0.5615615615615616,0.3557692307692308,0.5899280575539568,0.5412371134020618,0.006006006006005982,-0.019230769230769218,0.016679649910644745,0.0
bull_to_bear,0.12,1.0,10.0,-0.05,18,351,351,0.5555555555555556,0.375,0.5732484076433121,0.5412371134020618,0.5612535612535613,0.375,0.5899280575539568,0.5424528301886793,0.005698005698005715,0.0,0.016679649910644745,0.0012157167866174712
bull_to_neutral,0.12,1.0,10.0,-0.1,18,333,351,0.5555555555555556,0.375,0.5732484076433121,0.5412371134020618,0.5615615615615616,0.3557692307692308,0.5899280575539568,0.5412371134020618,0.006006006006005982,-0.019230769230769218,0.016679649910644745,0.0
bull_to_bear,0.12,1.0,10.0,-0.1,18,351,351,0.5555555555555556,0.375,0.5732484076433121,0.5412371134020618,0.5612535612535613,0.375,0.5899280575539568,0.5424528301886793,0.005698005698005715,0.0,0.016679649910644745,0.0012157167866174712
bull_to_neutral,0.12,1.0,15.0,,16,335,351,0.5555555555555556,0.375,0.5732484076433121,0.5412371134020618,0.5611940298507463,0.3579059829059829,0.5886524822695035,0.5412371134020618,0.00563847429519071,-0.01709401709401709,0.015404074626191422,0.0
bull_to_bear,0.12,1.0,15.0,,16,351,351,0.5555555555555556,0.375,0.5732484076433121,0.5412371134020618,0.5612535612535613,0.375,0.5886524822695035,0.5428571428571428,0.005698005698005715,0.0,0.015404074626191422,0.0016200294550809957
bull_to_neutral,0.12,1.0,15.0,0.0,16,335,351,0.5555555555555556,0.375,0.5732484076433121,0.5412371134020618,0.5611940298507463,0.3579059829059829,0.5886524822695035,0.5412371134020618,0.00563847429519071,-0.01709401709401709,0.015404074626191422,0.0
bull_to_bear,0.12,1.0,15.0,0.0,16,351,351,0.5555555555555556,0.375,0.5732484076433121,0.5412371134020618,0.5612535612535613,0.375,0.5886524822695035,0.5428571428571428,0.005698005698005715,0.0,0.015404074626191422,0.0016200294550809957
bull_to_neutral,0.12,1.0,15.0,-0.05,16,335,351,0.5555555555555556,0.375,0.5732484076433121,0.5412371134020618,0.5611940298507463,0.3579059829059829,0.5886524822695035,0.5412371134020618,0.00563847429519071,-0.01709401709401709,0.015404074626191422,0.0
bull_to_bear,0.12,1.0,15.0,-0.05,16,351,351,0.5555555555555556,0.375,0.5732484076433121,0.5412371134020618,0.5612535612535613,0.375,0.5886524822695035,0.5428571428571428,0.005698005698005715,0.0,0.015404074626191422,0.0016200294550809957
bull_to_neutral,0.12,1.0,15.0,-0.1,16,335,351,0.5555555555555556,0.375,0.5732484076433121,0.5412371134020618,0.5611940298507463,0.3579059829059829,0.5886524822695035,0.5412371134020618,0.00563847429519071,-0.01709401709401709,0.015404074626191422,0.0
bull_to_bear,0.12,1.0,15.0,-0.1,16,351,351,0.5555555555555556,0.375,0.5732484076433121,0.5412371134020618,0.5612535612535613,0.375,0.5886524822695035,0.5428571428571428,0.005698005698005715,0.0,0.015404074626191422,0.0016200294550809957
bull_to_neutral,0.12,0.99,,,0,351,351,0.5555555555555556,0.375,0.5732484076433121,0.5412371134020618,0.5555555555555556,0.375,0.5732484076433121,0.5412371134020618,0.0,0.0,0.0,0.0
bull_to_bear,0.12,0.99,,,0,351,351,0.5555555555555556,0.375,0.5732484076433121,0.5412371134020618,0.5555555555555556,0.375,0.5732484076433121,0.5412371134020618,0.0,0.0,0.0,0.0
bull_to_neutral,0.12,0.99,,0.0,0,351,351,0.5555555555555556,0.375,0.5732484076433121,0.5412371134020618,0.5555555555555556,0.375,0.5732484076433121,0.5412371134020618,0.0,0.0,0.0,0.0
bull_to_bear,0.12,0.99,,0.0,0,351,351,0.5555555555555556,0.375,0.5732484076433121,0.5412371134020618,0.5555555555555556,0.375,0.5732484076433121,0.5412371134020618,0.0,0.0,0.0,0.0
bull_to_neutral,0.12,0.99,,-0.05,0,351,351,0.5555555555555556,0.375,0.5732484076433121,0.5412371134020618,0.5555555555555556,0.375,0.5732484076433121,0.5412371134020618,0.0,0.0,0.0,0.0
bull_to_bear,0.12,0.99,,-0.05,0,351,351,0.5555555555555556,0.375,0.5732484076433121,0.5412371134020618,0.5555555555555556,0.375,0.5732484076433121,0.5412371134020618,0.0,0.0,0.0,0.0
bull_to_neutral,0.12,0.99,,-0.1,0,351,351,0.5555555555555556,0.375,0.5732484076433121,0.5412371134020618,0.5555555555555556,0.375,0.5732484076433121,0.5412371134020618,0.0,0.0,0.0,0.0
bull_to_bear,0.12,0.99,,-0.1,0,351,351,0.5555555555555556,0.375,0.5732484076433121,0.5412371134020618,0.5555555555555556,0.375,0.5732484076433121,0.5412371134020618,0.0,0.0,0.0,0.0
bull_to_neutral,0.12,0.99,0.0,,0,351,351,0.5555555555555556,0.375,0.5732484076433121,0.5412371134020618,0.5555555555555556,0.375,0.5732484076433121,0.5412371134020618,0.0,0.0,0.0,0.0
bull_to_bear,0.12,0.99,0.0,,0,351,351,0.5555555555555556,0.375,0.5732484076433121,0.5412371134020618,0.5555555555555556,0.375,0.5732484076433121,0.5412371134020618,0.0,0.0,0.0,0.0
bull_to_neutral,0.12,0.99,0.0,0.0,0,351,351,0.5555555555555556,0.375,0.5732484076433121,0.5412371134020618,0.5555555555555556,0.375,0.5732484076433121,0.5412371134020618,0.0,0.0,0.0,0.0
bull_to_bear,0.12,0.99,0.0,0.0,0,351,351,0.5555555555555556,0.375,0.5732484076433121,0.5412371134020618,0.5555555555555556,0.375,0.5732484076433121,0.5412371134020618,0.0,0.0,0.0,0.0
bull_to_neutral,0.12,0.99,0.0,-0.05,0,351,351,0.5555555555555556,0.375,0.5732484076433121,0.5412371134020618,0.5555555555555556,0.375,0.5732484076433121,0.5412371134020618,0.0,0.0,0.0,0.0
bull_to_bear,0.12,0.99,0.0,-0.05,0,351,351,0.5555555555555556,0.375,0.5732484076433121,0.5412371134020618,0.5555555555555556,0.375,0.5732484076433121,0.5412371134020618,0.0,0.0,0.0,0.0
bull_to_neutral,0.12,0.99,0.0,-0.1,0,351,351,0.5555555555555556,0.375,0.5732484076433121,0.5412371134020618,0.5555555555555556,0.375,0.5732484076433121,0.5412371134020618,0.0,0.0,0.0,0.0
bull_to_bear,0.12,0.99,0.0,-0.1,0,351,351,0.5555555555555556,0.375,0.5732484076433121,0.5412371134020618,0.5555555555555556,0.375,0.5732484076433121,0.5412371134020618,0.0,0.0,0.0,0.0
bull_to_neutral,0.12,0.99,5.0,,0,351,351,0.5555555555555556,0.375,0.5732484076433121,0.5412371134020618,0.5555555555555556,0.375,0.5732484076433121,0.5412371134020618,0.0,0.0,0.0,0.0
bull_to_bear,0.12,0.99,5.0,,0,351,351,0.5555555555555556,0.375,0.5732484076433121,0.5412371134020618,0.5555555555555556,0.375,0.5732484076433121,0.5412371134020618,0.0,0.0,0.0,0.0
bull_to_neutral,0.12,0.99,5.0,0.0,0,351,351,0.5555555555555556,0.375,0.5732484076433121,0.5412371134020618,0.5555555555555556,0.375,0.5732484076433121,0.5412371134020618,0.0,0.0,0.0,0.0
bull_to_bear,0.12,0.99,5.0,0.0,0,351,351,0.5555555555555556,0.375,0.5732484076433121,0.5412371134020618,0.5555555555555556,0.375,0.5732484076433121,0.5412371134020618,0.0,0.0,0.0,0.0
bull_to_neutral,0.12,0.99,5.0,-0.05,0,351,351,0.5555555555555556,0.375,0.5732484076433121,0.5412371134020618,0.5555555555555556,0.375,0.5732484076433121,0.5412371134020618,0.0,0.0,0.0,0.0
bull_to_bear,0.12,0.99,5.0,-0.05,0,351,351,0.5555555555555556,0.375,0.5732484076433121,0.5412371134020618,0.5555555555555556,0.375,0.5732484076433121,0.5412371134020618,0.0,0.0,0.0,0.0
bull_to_neutral,0.12,0.99,5.0,-0.1,0,351,351,0.5555555555555556,0.375,0.5732484076433121,0.5412371134020618,0.5555555555555556,0.375,0.5732484076433121,0.5412371134020618,0.0,0.0,0.0,0.0
bull_to_bear,0.12,0.99,5.0,-0.1,0,351,351,0.5555555555555556,0.375,0.5732484076433121,0.5412371134020618,0.5555555555555556,0.375,0.5732484076433121,0.5412371134020618,0.0,0.0,0.0,0.0
bull_to_neutral,0.12,0.99,10.0,,0,351,351,0.5555555555555556,0.375,0.5732484076433121,0.5412371134020618,0.5555555555555556,0.375,0.5732484076433121,0.5412371134020618,0.0,0.0,0.0,0.0
bull_to_bear,0.12,0.99,10.0,,0,351,351,0.5555555555555556,0.375,0.5732484076433121,0.5412371134020618,0.5555555555555556,0.375,0.5732484076433121,0.5412371134020618,0.0,0.0,0.0,0.0
bull_to_neutral,0.12,0.99,10.0,0.0,0,351,351,0.5555555555555556,0.375,0.5732484076433121,0.5412371134020618,0.5555555555555556,0.375,0.5732484076433121,0.5412371134020618,0.0,0.0,0.0,0.0
bull_to_bear,0.12,0.99,10.0,0.0,0,351,351,0.5555555555555556,0.375,0.5732484076433121,0.5412371134020618,0.5555555555555556,0.375,0.5732484076433121,0.5412371134020618,0.0,0.0,0.0,0.0
bull_to_neutral,0.12,0.99,10.0,-0.05,0,351,351,0.5555555555555556,0.375,0.5732484076433121,0.5412371134020618,0.5555555555555556,0.375,0.5732484076433121,0.5412371134020618,0.0,0.0,0.0,0.0
bull_to_bear,0.12,0.99,10.0,-0.05,0,351,351,0.5555555555555556,0.375,0.5732484076433121,0.5412371134020618,0.5555555555555556,0.375,0.5732484076433121,0.5412371134020618,0.0,0.0,0.0,0.0
bull_to_neutral,0.12,0.99,10.0,-0.1,0,351,351,0.5555555555555556,0.375,0.5732484076433121,0.5412371134020618,0.5555555555555556,0.375,0.5732484076433121,0.5412371134020618,0.0,0.0,0.0,0.0
bull_to_bear,0.12,0.99,10.0,-0.1,0,351,351,0.5555555555555556,0.375,0.5732484076433121,0.5412371134020618,0.5555555555555556,0.375,0.5732484076433121,0.5412371134020618,0.0,0.0,0.0,0.0
bull_to_neutral,0.12,0.99,15.0,,0,351,351,0.5555555555555556,0.375,0.5732484076433121,0.5412371134020618,0.5555555555555556,0.375,0.5732484076433121,0.5412371134020618,0.0,0.0,0.0,0.0
bull_to_bear,0.12,0.99,15.0,,0,351,351,0.5555555555555556,0.375,0.5732484076433121,0.5412371134020618,0.5555555555555556,0.375,0.5732484076433121,0.5412371134020618,0.0,0.0,0.0,0.0
bull_to_neutral,0.12,0.99,15.0,0.0,0,351,351,0.5555555555555556,0.375,0.5732484076433121,0.5412371134020618,0.5555555555555556,0.375,0.5732484076433121,0.5412371134020618,0.0,0.0,0.0,0.0
bull_to_bear,0.12,0.99,15.0,0.0,0,351,351,0.5555555555555556,0.375,0.5732484076433121,0.5412371134020618,0.5555555555555556,0.375,0.5732484076433121,0.5412371134020618,0.0,0.0,0.0,0.0
bull_to_neutral,0.12,0.99,15.0,-0.05,0,351,351,0.5555555555555556,0.375,0.5732484076433121,0.5412371134020618,0.5555555555555556,0.375,0.5732484076433121,0.5412371134020618,0.0,0.0,0.0,0.0
bull_to_bear,0.12,0.99,15.0,-0.05,0,351,351,0.5555555555555556,0.375,0.5732484076433121,0.5412371134020618,0.5555555555555556,0.375,0.5732484076433121,0.5412371134020618,0.0,0.0,0.0,0.0
bull_to_neutral,0.12,0.99,15.0,-0.1,0,351,351,0.5555555555555556,0.375,0.5732484076433121,0.5412371134020618,0.5555555555555556,0.375,0.5732484076433121,0.5412371134020618,0.0,0.0,0.0,0.0
bull_to_bear,0.12,0.99,15.0,-0.1,0,351,351,0.5555555555555556,0.375,0.5732484076433121,0.5412371134020618,0.5555555555555556,0.375,0.5732484076433121,0.5412371134020618,0.0,0.0,0.0,0.0
bull_to_neutral,0.12,0.98,,,0,351,351,0.5555555555555556,0.375,0.5732484076433121,0.5412371134020618,0.5555555555555556,0.375,0.5732484076433121,0.5412371134020618,0.0,0.0,0.0,0.0
bull_to_bear,0.12,0.98,,,0,351,351,0.5555555555555556,0.375,0.5732484076433121,0.5412371134020618,0.5555555555555556,0.375,0.5732484076433121,0.5412371134020618,0.0,0.0,0.0,0.0
bull_to_neutral,0.12,0.98,,0.0,0,351,351,0.5555555555555556,0.375,0.5732484076433121,0.5412371134020618,0.5555555555555556,0.375,0.5732484076433121,0.5412371134020618,0.0,0.0,0.0,0.0
bull_to_bear,0.12,0.98,,0.0,0,351,351,0.5555555555555556,0.375,0.5732484076433121,0.5412371134020618,0.5555555555555556,0.375,0.5732484076433121,0.5412371134020618,0.0,0.0,0.0,0.0
bull_to_neutral,0.12,0.98,,-0.05,0,351,351,0.5555555555555556,0.375,0.5732484076433121,0.5412371134020618,0.5555555555555556,0.375,0.5732484076433121,0.5412371134020618,0.0,0.0,0.0,0.0
bull_to_bear,0.12,0.98,,-0.05,0,351,351,0.5555555555555556,0.375,0.5732484076433121,0.5412371134020618,0.5555555555555556,0.375,0.5732484076433121,0.5412371134020618,0.0,0.0,0.0,0.0
bull_to_neutral,0.12,0.98,,-0.1,0,351,351,0.5555555555555556,0.375,0.5732484076433121,0.5412371134020618,0.5555555555555556,0.375,0.5732484076433121,0.5412371134020618,0.0,0.0,0.0,0.0
bull_to_bear,0.12,0.98,,-0.1,0,351,351,0.5555555555555556,0.375,0.5732484076433121,0.5412371134020618,0.5555555555555556,0.375,0.5732484076433121,0.5412371134020618,0.0,0.0,0.0,0.0
bull_to_neutral,0.12,0.98,0.0,,0,351,351,0.5555555555555556,0.375,0.5732484076433121,0.5412371134020618,0.5555555555555556,0.375,0.5732484076433121,0.5412371134020618,0.0,0.0,0.0,0.0
bull_to_bear,0.12,0.98,0.0,,0,351,351,0.5555555555555556,0.375,0.5732484076433121,0.5412371134020618,0.5555555555555556,0.375,0.5732484076433121,0.5412371134020618,0.0,0.0,0.0,0.0
bull_to_neutral,0.12,0.98,0.0,0.0,0,351,351,0.5555555555555556,0.375,0.5732484076433121,0.5412371134020618,0.5555555555555556,0.375,0.5732484076433121,0.5412371134020618,0.0,0.0,0.0,0.0
bull_to_bear,0.12,0.98,0.0,0.0,0,351,351,0.5555555555555556,0.375,0.5732484076433121,0.5412371134020618,0.5555555555555556,0.375,0.5732484076433121,0.5412371134020618,0.0,0.0,0.0,0.0
bull_to_neutral,0.12,0.98,0.0,-0.05,0,351,351,0.5555555555555556,0.375,0.5732484076433121,0.5412371134020618,0.5555555555555556,0.375,0.5732484076433121,0.5412371134020618,0.0,0.0,0.0,0.0
bull_to_bear,0.12,0.98,0.0,-0.05,0,351,351,0.5555555555555556,0.375,0.5732484076433121,0.5412371134020618,0.5555555555555556,0.375,0.5732484076433121,0.5412371134020618,0.0,0.0,0.0,0.0
bull_to_neutral,0.12,0.98,0.0,-0.1,0,351,351,0.5555555555555556,0.375,0.5732484076433121,0.5412371134020618,0.5555555555555556,0.375,0.5732484076433121,0.5412371134020618,0.0,0.0,0.0,0.0
bull_to_bear,0.12,0.98,0.0,-0.1,0,351,351,0.5555555555555556,0.375,0.5732484076433121,0.5412371134020618,0.5555555555555556,0.375,0.5732484076433121,0.5412371134020618,0.0,0.0,0.0,0.0
bull_to_neutral,0.12,0.98,5.0,,0,351,351,0.5555555555555556,0.375,0.5732484076433121,0.5412371134020618,0.5555555555555556,0.375,0.5732484076433121,0.5412371134020618,0.0,0.0,0.0,0.0
bull_to_bear,0.12,0.98,5.0,,0,351,351,0.5555555555555556,0.375,0.5732484076433121,0.5412371134020618,0.5555555555555556,0.375,0.5732484076433121,0.5412371134020618,0.0,0.0,0.0,0.0
bull_to_neutral,0.12,0.98,5.0,0.0,0,351,351,0.5555555555555556,0.375,0.5732484076433121,0.5412371134020618,0.5555555555555556,0.375,0.5732484076433121,0.5412371134020618,0.0,0.0,0.0,0.0
bull_to_bear,0.12,0.98,5.0,0.0,0,351,351,0.5555555555555556,0.375,0.5732484076433121,0.5412371134020618,0.5555555555555556,0.375,0.5732484076433121,0.5412371134020618,0.0,0.0,0.0,0.0
bull_to_neutral,0.12,0.98,5.0,-0.05,0,351,351,0.5555555555555556,0.375,0.5732484076433121,0.5412371134020618,0.5555555555555556,0.375,0.5732484076433121,0.5412371134020618,0.0,0.0,0.0,0.0
bull_to_bear,0.12,0.98,5.0,-0.05,0,351,351,0.5555555555555556,0.375,0.5732484076433121,0.5412371134020618,0.5555555555555556,0.375,0.5732484076433121,0.5412371134020618,0.0,0.0,0.0,0.0
bull_to_neutral,0.12,0.98,5.0,-0.1,0,351,351,0.5555555555555556,0.375,0.5732484076433121,0.5412371134020618,0.5555555555555556,0.375,0.5732484076433121,0.5412371134020618,0.0,0.0,0.0,0.0
bull_to_bear,0.12,0.98,5.0,-0.1,0,351,351,0.5555555555555556,0.375,0.5732484076433121,0.5412371134020618,0.5555555555555556,0.375,0.5732484076433121,0.5412371134020618,0.0,0.0,0.0,0.0
bull_to_neutral,0.12,0.98,10.0,,0,351,351,0.5555555555555556,0.375,0.5732484076433121,0.5412371134020618,0.5555555555555556,0.375,0.5732484076433121,0.5412371134020618,0.0,0.0,0.0,0.0
bull_to_bear,0.12,0.98,10.0,,0,351,351,0.5555555555555556,0.375,0.5732484076433121,0.5412371134020618,0.5555555555555556,0.375,0.5732484076433121,0.5412371134020618,0.0,0.0,0.0,0.0
bull_to_neutral,0.12,0.98,10.0,0.0,0,351,351,0.5555555555555556,0.375,0.5732484076433121,0.5412371134020618,0.5555555555555556,0.375,0.5732484076433121,0.5412371134020618,0.0,0.0,0.0,0.0
bull_to_bear,0.12,0.98,10.0,0.0,0,351,351,0.5555555555555556,0.375,0.5732484076433121,0.5412371134020618,0.5555555555555556,0.375,0.5732484076433121,0.5412371134020618,0.0,0.0,0.0,0.0
bull_to_neutral,0.12,0.98,10.0,-0.05,0,351,351,0.5555555555555556,0.375,0.5732484076433121,0.5412371134020618,0.5555555555555556,0.375,0.5732484076433121,0.5412371134020618,0.0,0.0,0.0,0.0
bull_to_bear,0.12,0.98,10.0,-0.05,0,351,351,0.5555555555555556,0.375,0.5732484076433121,0.5412371134020618,0.5555555555555556,0.375,0.5732484076433121,0.5412371134020618,0.0,0.0,0.0,0.0
bull_to_neutral,0.12,0.98,10.0,-0.1,0,351,351,0.5555555555555556,0.375,0.5732484076433121,0.5412371134020618,0.5555555555555556,0.375,0.5732484076433121,0.5412371134020618,0.0,0.0,0.0,0.0
bull_to_bear,0.12,0.98,10.0,-0.1,0,351,351,0.5555555555555556,0.375,0.5732484076433121,0.5412371134020618,0.5555555555555556,0.375,0.5732484076433121,0.5412371134020618,0.0,0.0,0.0,0.0
bull_to_neutral,0.12,0.98,15.0,,0,351,351,0.5555555555555556,0.375,0.5732484076433121,0.5412371134020618,0.5555555555555556,0.375,0.5732484076433121,0.5412371134020618,0.0,0.0,0.0,0.0
bull_to_bear,0.12,0.98,15.0,,0,351,351,0.5555555555555556,0.375,0.5732484076433121,0.5412371134020618,0.5555555555555556,0.375,0.5732484076433121,0.5412371134020618,0.0,0.0,0.0,0.0
bull_to_neutral,0.12,0.98,15.0,0.0,0,351,351,0.5555555555555556,0.375,0.5732484076433121,0.5412371134020618,0.5555555555555556,0.375,0.5732484076433121,0.5412371134020618,0.0,0.0,0.0,0.0
bull_to_bear,0.12,0.98,15.0,0.0,0,351,351,0.5555555555555556,0.375,0.5732484076433121,0.5412371134020618,0.5555555555555556,0.375,0.5732484076433121,0.5412371134020618,0.0,0.0,0.0,0.0
bull_to_neutral,0.12,0.98,15.0,-0.05,0,351,351,0.5555555555555556,0.375,0.5732484076433121,0.5412371134020618,0.5555555555555556,0.375,0.5732484076433121,0.5412371134020618,0.0,0.0,0.0,0.0
bull_to_bear,0.12,0.98,15.0,-0.05,0,351,351,0.5555555555555556,0.375,0.5732484076433121,0.5412371134020618,0.5555555555555556,0.375,0.5732484076433121,0.5412371134020618,0.0,0.0,0.0,0.0
bull_to_neutral,0.12,0.98,15.0,-0.1,0,351,351,0.5555555555555556,0.375,0.5732484076433121,0.5412371134020618,0.5555555555555556,0.375,0.5732484076433121,0.5412371134020618,0.0,0.0,0.0,0.0
bull_to_bear,0.12,0.98,15.0,-0.1,0,351,351,0.5555555555555556,0.375,0.5732484076433121,0.5412371134020618,0.5555555555555556,0.375,0.5732484076433121,0.5412371134020618,0.0,0.0,0.0,0.0
bull_to_neutral,0.12,0.97,,,0,351,351,0.5555555555555556,0.375,0.5732484076433121,0.5412371134020618,0.5555555555555556,0.375,0.5732484076433121,0.5412371134020618,0.0,0.0,0.0,0.0
bull_to_bear,0.12,0.97,,,0,351,351,0.5555555555555556,0.375,0.5732484076433121,0.5412371134020618,0.5555555555555556,0.375,0.5732484076433121,0.5412371134020618,0.0,0.0,0.0,0.0
bull_to_neutral,0.12,0.97,,0.0,0,351,351,0.5555555555555556,0.375,0.5732484076433121,0.5412371134020618,0.5555555555555556,0.375,0.5732484076433121,0.5412371134020618,0.0,0.0,0.0,0.0
bull_to_bear,0.12,0.97,,0.0,0,351,351,0.5555555555555556,0.375,0.5732484076433121,0.5412371134020618,0.5555555555555556,0.375,0.5732484076433121,0.5412371134020618,0.0,0.0,0.0,0.0
bull_to_neutral,0.12,0.97,,-0.05,0,351,351,0.5555555555555556,0.375,0.5732484076433121,0.5412371134020618,0.5555555555555556,0.375,0.5732484076433121,0.5412371134020618,0.0,0.0,0.0,0.0
bull_to_bear,0.12,0.97,,-0.05,0,351,351,0.5555555555555556,0.375,0.5732484076433121,0.5412371134020618,0.5555555555555556,0.375,0.5732484076433121,0.5412371134020618,0.0,0.0,0.0,0.0
bull_to_neutral,0.12,0.97,,-0.1,0,351,351,0.5555555555555556,0.375,0.5732484076433121,0.5412371134020618,0.5555555555555556,0.375,0.5732484076433121,0.5412371134020618,0.0,0.0,0.0,0.0
bull_to_bear,0.12,0.97,,-0.1,0,351,351,0.5555555555555556,0.375,0.5732484076433121,0.5412371134020618,0.5555555555555556,0.375,0.5732484076433121,0.5412371134020618,0.0,0.0,0.0,0.0
bull_to_neutral,0.12,0.97,0.0,,0,351,351,0.5555555555555556,0.375,0.5732484076433121,0.5412371134020618,0.5555555555555556,0.375,0.5732484076433121,0.5412371134020618,0.0,0.0,0.0,0.0
bull_to_bear,0.12,0.97,0.0,,0,351,351,0.5555555555555556,0.375,0.5732484076433121,0.5412371134020618,0.5555555555555556,0.375,0.5732484076433121,0.5412371134020618,0.0,0.0,0.0,0.0
bull_to_neutral,0.12,0.97,0.0,0.0,0,351,351,0.5555555555555556,0.375,0.5732484076433121,0.5412371134020618,0.5555555555555556,0.375,0.5732484076433121,0.5412371134020618,0.0,0.0,0.0,0.0
bull_to_bear,0.12,0.97,0.0,0.0,0,351,351,0.5555555555555556,0.375,0.5732484076433121,0.5412371134020618,0.5555555555555556,0.375,0.5732484076433121,0.5412371134020618,0.0,0.0,0.0,0.0
bull_to_neutral,0.12,0.97,0.0,-0.05,0,351,351,0.5555555555555556,0.375,0.5732484076433121,0.5412371134020618,0.5555555555555556,0.375,0.5732484076433121,0.5412371134020618,0.0,0.0,0.0,0.0
bull_to_bear,0.12,0.97,0.0,-0.05,0,351,351,0.5555555555555556,0.375,0.5732484076433121,0.5412371134020618,0.5555555555555556,0.375,0.5732484076433121,0.5412371134020618,0.0,0.0,0.0,0.0
bull_to_neutral,0.12,0.97,0.0,-0.1,0,351,351,0.5555555555555556,0.375,0.5732484076433121,0.5412371134020618,0.5555555555555556,0.375,0.5732484076433121,0.5412371134020618,0.0,0.0,0.0,0.0
bull_to_bear,0.12,0.97,0.0,-0.1,0,351,351,0.5555555555555556,0.375,0.5732484076433121,0.5412371134020618,0.5555555555555556,0.375,0.5732484076433121,0.5412371134020618,0.0,0.0,0.0,0.0
bull_to_neutral,0.12,0.97,5.0,,0,351,351,0.5555555555555556,0.375,0.5732484076433121,0.5412371134020618,0.5555555555555556,0.375,0.5732484076433121,0.5412371134020618,0.0,0.0,0.0,0.0
bull_to_bear,0.12,0.97,5.0,,0,351,351,0.5555555555555556,0.375,0.5732484076433121,0.5412371134020618,0.5555555555555556,0.375,0.5732484076433121,0.5412371134020618,0.0,0.0,0.0,0.0
bull_to_neutral,0.12,0.97,5.0,0.0,0,351,351,0.5555555555555556,0.375,0.5732484076433121,0.5412371134020618,0.5555555555555556,0.375,0.5732484076433121,0.5412371134020618,0.0,0.0,0.0,0.0
bull_to_bear,0.12,0.97,5.0,0.0,0,351,351,0.5555555555555556,0.375,0.5732484076433121,0.5412371134020618,0.5555555555555556,0.375,0.5732484076433121,0.5412371134020618,0.0,0.0,0.0,0.0
bull_to_neutral,0.12,0.97,5.0,-0.05,0,351,351,0.5555555555555556,0.375,0.5732484076433121,0.5412371134020618,0.5555555555555556,0.375,0.5732484076433121,0.5412371134020618,0.0,0.0,0.0,0.0
bull_to_bear,0.12,0.97,5.0,-0.05,0,351,351,0.5555555555555556,0.375,0.5732484076433121,0.5412371134020618,0.5555555555555556,0.375,0.5732484076433121,0.5412371134020618,0.0,0.0,0.0,0.0
bull_to_neutral,0.12,0.97,5.0,-0.1,0,351,351,0.5555555555555556,0.375,0.5732484076433121,0.5412371134020618,0.5555555555555556,0.375,0.5732484076433121,0.5412371134020618,0.0,0.0,0.0,0.0
bull_to_bear,0.12,0.97,5.0,-0.1,0,351,351,0.5555555555555556,0.375,0.5732484076433121,0.5412371134020618,0.5555555555555556,0.375,0.5732484076433121,0.5412371134020618,0.0,0.0,0.0,0.0
bull_to_neutral,0.12,0.97,10.0,,0,351,351,0.5555555555555556,0.375,0.5732484076433121,0.5412371134020618,0.5555555555555556,0.375,0.5732484076433121,0.5412371134020618,0.0,0.0,0.0,0.0
bull_to_bear,0.12,0.97,10.0,,0,351,351,0.5555555555555556,0.375,0.5732484076433121,0.5412371134020618,0.5555555555555556,0.375,0.5732484076433121,0.5412371134020618,0.0,0.0,0.0,0.0
bull_to_neutral,0.12,0.97,10.0,0.0,0,351,351,0.5555555555555556,0.375,0.5732484076433121,0.5412371134020618,0.5555555555555556,0.375,0.5732484076433121,0.5412371134020618,0.0,0.0,0.0,0.0
bull_to_bear,0.12,0.97,10.0,0.0,0,351,351,0.5555555555555556,0.375,0.5732484076433121,0.5412371134020618,0.5555555555555556,0.375,0.5732484076433121,0.5412371134020618,0.0,0.0,0.0,0.0
bull_to_neutral,0.12,0.97,10.0,-0.05,0,351,351,0.5555555555555556,0.375,0.5732484076433121,0.5412371134020618,0.5555555555555556,0.375,0.5732484076433121,0.5412371134020618,0.0,0.0,0.0,0.0
bull_to_bear,0.12,0.97,10.0,-0.05,0,351,351,0.5555555555555556,0.375,0.5732484076433121,0.5412371134020618,0.5555555555555556,0.375,0.5732484076433121,0.5412371134020618,0.0,0.0,0.0,0.0
bull_to_neutral,0.12,0.97,10.0,-0.1,0,351,351,0.5555555555555556,0.375,0.5732484076433121,0.5412371134020618,0.5555555555555556,0.375,0.5732484076433121,0.5412371134020618,0.0,0.0,0.0,0.0
bull_to_bear,0.12,0.97,10.0,-0.1,0,351,351,0.5555555555555556,0.375,0.5732484076433121,0.5412371134020618,0.5555555555555556,0.375,0.5732484076433121,0.5412371134020618,0.0,0.0,0.0,0.0
bull_to_neutral,0.12,0.97,15.0,,0,351,351,0.5555555555555556,0.375,0.5732484076433121,0.5412371134020618,0.5555555555555556,0.375,0.5732484076433121,0.5412371134020618,0.0,0.0,0.0,0.0
bull_to_bear,0.12,0.97,15.0,,0,351,351,0.5555555555555556,0.375,0.5732484076433121,0.5412371134020618,0.5555555555555556,0.375,0.5732484076433121,0.5412371134020618,0.0,0.0,0.0,0.0
bull_to_neutral,0.12,0.97,15.0,0.0,0,351,351,0.5555555555555556,0.375,0.5732484076433121,0.5412371134020618,0.5555555555555556,0.375,0.5732484076433121,0.5412371134020618,0.0,0.0,0.0,0.0
bull_to_bear,0.12,0.97,15.0,0.0,0,351,351,0.5555555555555556,0.375,0.5732484076433121,0.5412371134020618,0.5555555555555556,0.375,0.5732484076433121,0.5412371134020618,0.0,0.0,0.0,0.0
bull_to_neutral,0.12,0.97,15.0,-0.05,0,351,351,0.5555555555555556,0.375,0.5732484076433121,0.5412371134020618,0.5555555555555556,0.375,0.5732484076433121,0.5412371134020618,0.0,0.0,0.0,0.0
bull_to_bear,0.12,0.97,15.0,-0.05,0,351,351,0.5555555555555556,0.375,0.5732484076433121,0.5412371134020618,0.5555555555555556,0.375,0.5732484076433121,0.5412371134020618,0.0,0.0,0.0,0.0
bull_to_neutral,0.12,0.97,15.0,-0.1,0,351,351,0.5555555555555556,0.375,0.5732484076433121,0.5412371134020618,0.5555555555555556,0.375,0.5732484076433121,0.5412371134020618,0.0,0.0,0.0,0.0
bull_to_bear,0.12,0.97,15.0,-0.1,0,351,351,0.5555555555555556,0.375,0.5732484076433121,0.5412371134020618,0.5555555555555556,0.375,0.5732484076433121,0.5412371134020618,0.0,0.0,0.0,0.0
bull_to_neutral,0.12,0.95,,,0,351,351,0.5555555555555556,0.375,0.5732484076433121,0.5412371134020618,0.5555555555555556,0.375,0.5732484076433121,0.5412371134020618,0.0,0.0,0.0,0.0
bull_to_bear,0.12,0.95,,,0,351,351,0.5555555555555556,0.375,0.5732484076433121,0.5412371134020618,0.5555555555555556,0.375,0.5732484076433121,0.5412371134020618,0.0,0.0,0.0,0.0
bull_to_neutral,0.12,0.95,,0.0,0,351,351,0.5555555555555556,0.375,0.5732484076433121,0.5412371134020618,0.5555555555555556,0.375,0.5732484076433121,0.5412371134020618,0.0,0.0,0.0,0.0
bull_to_bear,0.12,0.95,,0.0,0,351,351,0.5555555555555556,0.375,0.5732484076433121,0.5412371134020618,0.5555555555555556,0.375,0.5732484076433121,0.5412371134020618,0.0,0.0,0.0,0.0
bull_to_neutral,0.12,0.95,,-0.05,0,351,351,0.5555555555555556,0.375,0.5732484076433121,0.5412371134020618,0.5555555555555556,0.375,0.5732484076433121,0.5412371134020618,0.0,0.0,0.0,0.0
bull_to_bear,0.12,0.95,,-0.05,0,351,351,0.5555555555555556,0.375,0.5732484076433121,0.5412371134020618,0.5555555555555556,0.375,0.5732484076433121,0.5412371134020618,0.0,0.0,0.0,0.0
bull_to_neutral,0.12,0.95,,-0.1,0,351,351,0.5555555555555556,0.375,0.5732484076433121,0.5412371134020618,0.5555555555555556,0.375,0.5732484076433121,0.5412371134020618,0.0,0.0,0.0,0.0
bull_to_bear,0.12,0.95,,-0.1,0,351,351,0.5555555555555556,0.375,0.5732484076433121,0.5412371134020618,0.5555555555555556,0.375,0.5732484076433121,0.5412371134020618,0.0,0.0,0.0,0.0
bull_to_neutral,0.12,0.95,0.0,,0,351,351,0.5555555555555556,0.375,0.5732484076433121,0.5412371134020618,0.5555555555555556,0.375,0.5732484076433121,0.5412371134020618,0.0,0.0,0.0,0.0
bull_to_bear,0.12,0.95,0.0,,0,351,351,0.5555555555555556,0.375,0.5732484076433121,0.5412371134020618,0.5555555555555556,0.375,0.5732484076433121,0.5412371134020618,0.0,0.0,0.0,0.0
bull_to_neutral,0.12,0.95,0.0,0.0,0,351,351,0.5555555555555556,0.375,0.5732484076433121,0.5412371134020618,0.5555555555555556,0.375,0.5732484076433121,0.5412371134020618,0.0,0.0,0.0,0.0
bull_to_bear,0.12,0.95,0.0,0.0,0,351,351,0.5555555555555556,0.375,0.5732484076433121,0.5412371134020618,0.5555555555555556,0.375,0.5732484076433121,0.5412371134020618,0.0,0.0,0.0,0.0
bull_to_neutral,0.12,0.95,0.0,-0.05,0,351,351,0.5555555555555556,0.375,0.5732484076433121,0.5412371134020618,0.5555555555555556,0.375,0.5732484076433121,0.5412371134020618,0.0,0.0,0.0,0.0
bull_to_bear,0.12,0.95,0.0,-0.05,0,351,351,0.5555555555555556,0.375,0.5732484076433121,0.5412371134020618,0.5555555555555556,0.375,0.5732484076433121,0.5412371134020618,0.0,0.0,0.0,0.0
bull_to_neutral,0.12,0.95,0.0,-0.1,0,351,351,0.5555555555555556,0.375,0.5732484076433121,0.5412371134020618,0.5555555555555556,0.375,0.5732484076433121,0.5412371134020618,0.0,0.0,0.0,0.0
bull_to_bear,0.12,0.95,0.0,-0.1,0,351,351,0.5555555555555556,0.375,0.5732484076433121,0.5412371134020618,0.5555555555555556,0.375,0.5732484076433121,0.5412371134020618,0.0,0.0,0.0,0.0
bull_to_neutral,0.12,0.95,5.0,,0,351,351,0.5555555555555556,0.375,0.5732484076433121,0.5412371134020618,0.5555555555555556,0.375,0.5732484076433121,0.5412371134020618,0.0,0.0,0.0,0.0
bull_to_bear,0.12,0.95,5.0,,0,351,351,0.5555555555555556,0.375,0.5732484076433121,0.5412371134020618,0.5555555555555556,0.375,0.5732484076433121,0.5412371134020618,0.0,0.0,0.0,0.0
bull_to_neutral,0.12,0.95,5.0,0.0,0,351,351,0.5555555555555556,0.375,0.5732484076433121,0.5412371134020618,0.5555555555555556,0.375,0.5732484076433121,0.5412371134020618,0.0,0.0,0.0,0.0
bull_to_bear,0.12,0.95,5.0,0.0,0,351,351,0.5555555555555556,0.375,0.5732484076433121,0.5412371134020618,0.5555555555555556,0.375,0.5732484076433121,0.5412371134020618,0.0,0.0,0.0,0.0
bull_to_neutral,0.12,0.95,5.0,-0.05,0,351,351,0.5555555555555556,0.375,0.5732484076433121,0.5412371134020618,0.5555555555555556,0.375,0.5732484076433121,0.5412371134020618,0.0,0.0,0.0,0.0
bull_to_bear,0.12,0.95,5.0,-0.05,0,351,351,0.5555555555555556,0.375,0.5732484076433121,0.5412371134020618,0.5555555555555556,0.375,0.5732484076433121,0.5412371134020618,0.0,0.0,0.0,0.0
bull_to_neutral,0.12,0.95,5.0,-0.1,0,351,351,0.5555555555555556,0.375,0.5732484076433121,0.5412371134020618,0.5555555555555556,0.375,0.5732484076433121,0.5412371134020618,0.0,0.0,0.0,0.0
bull_to_bear,0.12,0.95,5.0,-0.1,0,351,351,0.5555555555555556,0.375,0.5732484076433121,0.5412371134020618,0.5555555555555556,0.375,0.5732484076433121,0.5412371134020618,0.0,0.0,0.0,0.0
bull_to_neutral,0.12,0.95,10.0,,0,351,351,0.5555555555555556,0.375,0.5732484076433121,0.5412371134020618,0.5555555555555556,0.375,0.5732484076433121,0.5412371134020618,0.0,0.0,0.0,0.0
bull_to_bear,0.12,0.95,10.0,,0,351,351,0.5555555555555556,0.375,0.5732484076433121,0.5412371134020618,0.5555555555555556,0.375,0.5732484076433121,0.5412371134020618,0.0,0.0,0.0,0.0
bull_to_neutral,0.12,0.95,10.0,0.0,0,351,351,0.5555555555555556,0.375,0.5732484076433121,0.5412371134020618,0.5555555555555556,0.375,0.5732484076433121,0.5412371134020618,0.0,0.0,0.0,0.0
bull_to_bear,0.12,0.95,10.0,0.0,0,351,351,0.5555555555555556,0.375,0.5732484076433121,0.5412371134020618,0.5555555555555556,0.375,0.5732484076433121,0.5412371134020618,0.0,0.0,0.0,0.0
bull_to_neutral,0.12,0.95,10.0,-0.05,0,351,351,0.5555555555555556,0.375,0.5732484076433121,0.5412371134020618,0.5555555555555556,0.375,0.5732484076433121,0.5412371134020618,0.0,0.0,0.0,0.0
bull_to_bear,0.12,0.95,10.0,-0.05,0,351,351,0.5555555555555556,0.375,0.5732484076433121,0.5412371134020618,0.5555555555555556,0.375,0.5732484076433121,0.5412371134020618,0.0,0.0,0.0,0.0
bull_to_neutral,0.12,0.95,10.0,-0.1,0,351,351,0.5555555555555556,0.375,0.5732484076433121,0.5412371134020618,0.5555555555555556,0.375,0.5732484076433121,0.5412371134020618,0.0,0.0,0.0,0.0
bull_to_bear,0.12,0.95,10.0,-0.1,0,351,351,0.5555555555555556,0.375,0.5732484076433121,0.5412371134020618,0.5555555555555556,0.375,0.5732484076433121,0.5412371134020618,0.0,0.0,0.0,0.0
bull_to_neutral,0.12,0.95,15.0,,0,351,351,0.5555555555555556,0.375,0.5732484076433121,0.5412371134020618,0.5555555555555556,0.375,0.5732484076433121,0.5412371134020618,0.0,0.0,0.0,0.0
bull_to_bear,0.12,0.95,15.0,,0,351,351,0.5555555555555556,0.375,0.5732484076433121,0.5412371134020618,0.5555555555555556,0.375,0.5732484076433121,0.5412371134020618,0.0,0.0,0.0,0.0
bull_to_neutral,0.12,0.95,15.0,0.0,0,351,351,0.5555555555555556,0.375,0.5732484076433121,0.5412371134020618,0.5555555555555556,0.375,0.5732484076433121,0.5412371134020618,0.0,0.0,0.0,0.0
bull_to_bear,0.12,0.95,15.0,0.0,0,351,351,0.5555555555555556,0.375,0.5732484076433121,0.5412371134020618,0.5555555555555556,0.375,0.5732484076433121,0.5412371134020618,0.0,0.0,0.0,0.0
bull_to_neutral,0.12,0.95,15.0,-0.05,0,351,351,0.5555555555555556,0.375,0.5732484076433121,0.5412371134020618,0.5555555555555556,0.375,0.5732484076433121,0.5412371134020618,0.0,0.0,0.0,0.0
bull_to_bear,0.12,0.95,15.0,-0.05,0,351,351,0.5555555555555556,0.375,0.5732484076433121,0.5412371134020618,0.5555555555555556,0.375,0.5732484076433121,0.5412371134020618,0.0,0.0,0.0,0.0
bull_to_neutral,0.12,0.95,15.0,-0.1,0,351,351,0.5555555555555556,0.375,0.5732484076433121,0.5412371134020618,0.5555555555555556,0.375,0.5732484076433121,0.5412371134020618,0.0,0.0,0.0,0.0
bull_to_bear,0.12,0.95,15.0,-0.1,0,351,351,0.5555555555555556,0.375,0.5732484076433121,0.5412371134020618,0.5555555555555556,0.375,0.5732484076433121,0.5412371134020618,0.0,0.0,0.0,0.0
bull_to_neutral,0.12,0.93,,,0,351,351,0.5555555555555556,0.375,0.5732484076433121,0.5412371134020618,0.5555555555555556,0.375,0.5732484076433121,0.5412371134020618,0.0,0.0,0.0,0.0
bull_to_bear,0.12,0.93,,,0,351,351,0.5555555555555556,0.375,0.5732484076433121,0.5412371134020618,0.5555555555555556,0.375,0.5732484076433121,0.5412371134020618,0.0,0.0,0.0,0.0
bull_to_neutral,0.12,0.93,,0.0,0,351,351,0.5555555555555556,0.375,0.5732484076433121,0.5412371134020618,0.5555555555555556,0.375,0.5732484076433121,0.5412371134020618,0.0,0.0,0.0,0.0
bull_to_bear,0.12,0.93,,0.0,0,351,351,0.5555555555555556,0.375,0.5732484076433121,0.5412371134020618,0.5555555555555556,0.375,0.5732484076433121,0.5412371134020618,0.0,0.0,0.0,0.0
bull_to_neutral,0.12,0.93,,-0.05,0,351,351,0.5555555555555556,0.375,0.5732484076433121,0.5412371134020618,0.5555555555555556,0.375,0.5732484076433121,0.5412371134020618,0.0,0.0,0.0,0.0
bull_to_bear,0.12,0.93,,-0.05,0,351,351,0.5555555555555556,0.375,0.5732484076433121,0.5412371134020618,0.5555555555555556,0.375,0.5732484076433121,0.5412371134020618,0.0,0.0,0.0,0.0
bull_to_neutral,0.12,0.93,,-0.1,0,351,351,0.5555555555555556,0.375,0.5732484076433121,0.5412371134020618,0.5555555555555556,0.375,0.5732484076433121,0.5412371134020618,0.0,0.0,0.0,0.0
bull_to_bear,0.12,0.93,,-0.1,0,351,351,0.5555555555555556,0.375,0.5732484076433121,0.5412371134020618,0.5555555555555556,0.375,0.5732484076433121,0.5412371134020618,0.0,0.0,0.0,0.0
bull_to_neutral,0.12,0.93,0.0,,0,351,351,0.5555555555555556,0.375,0.5732484076433121,0.5412371134020618,0.5555555555555556,0.375,0.5732484076433121,0.5412371134020618,0.0,0.0,0.0,0.0
bull_to_bear,0.12,0.93,0.0,,0,351,351,0.5555555555555556,0.375,0.5732484076433121,0.5412371134020618,0.5555555555555556,0.375,0.5732484076433121,0.5412371134020618,0.0,0.0,0.0,0.0
bull_to_neutral,0.12,0.93,0.0,0.0,0,351,351,0.5555555555555556,0.375,0.5732484076433121,0.5412371134020618,0.5555555555555556,0.375,0.5732484076433121,0.5412371134020618,0.0,0.0,0.0,0.0
bull_to_bear,0.12,0.93,0.0,0.0,0,351,351,0.5555555555555556,0.375,0.5732484076433121,0.5412371134020618,0.5555555555555556,0.375,0.5732484076433121,0.5412371134020618,0.0,0.0,0.0,0.0
bull_to_neutral,0.12,0.93,0.0,-0.05,0,351,351,0.5555555555555556,0.375,0.5732484076433121,0.5412371134020618,0.5555555555555556,0.375,0.5732484076433121,0.5412371134020618,0.0,0.0,0.0,0.0
bull_to_bear,0.12,0.93,0.0,-0.05,0,351,351,0.5555555555555556,0.375,0.5732484076433121,0.5412371134020618,0.5555555555555556,0.375,0.5732484076433121,0.5412371134020618,0.0,0.0,0.0,0.0
bull_to_neutral,0.12,0.93,0.0,-0.1,0,351,351,0.5555555555555556,0.375,0.5732484076433121,0.5412371134020618,0.5555555555555556,0.375,0.5732484076433121,0.5412371134020618,0.0,0.0,0.0,0.0
bull_to_bear,0.12,0.93,0.0,-0.1,0,351,351,0.5555555555555556,0.375,0.5732484076433121,0.5412371134020618,0.5555555555555556,0.375,0.5732484076433121,0.5412371134020618,0.0,0.0,0.0,0.0
bull_to_neutral,0.12,0.93,5.0,,0,351,351,0.5555555555555556,0.375,0.5732484076433121,0.5412371134020618,0.5555555555555556,0.375,0.5732484076433121,0.5412371134020618,0.0,0.0,0.0,0.0
bull_to_bear,0.12,0.93,5.0,,0,351,351,0.5555555555555556,0.375,0.5732484076433121,0.5412371134020618,0.5555555555555556,0.375,0.5732484076433121,0.5412371134020618,0.0,0.0,0.0,0.0
bull_to_neutral,0.12,0.93,5.0,0.0,0,351,351,0.5555555555555556,0.375,0.5732484076433121,0.5412371134020618,0.5555555555555556,0.375,0.5732484076433121,0.5412371134020618,0.0,0.0,0.0,0.0
bull_to_bear,0.12,0.93,5.0,0.0,0,351,351,0.5555555555555556,0.375,0.5732484076433121,0.5412371134020618,0.5555555555555556,0.375,0.5732484076433121,0.5412371134020618,0.0,0.0,0.0,0.0
bull_to_neutral,0.12,0.93,5.0,-0.05,0,351,351,0.5555555555555556,0.375,0.5732484076433121,0.5412371134020618,0.5555555555555556,0.375,0.5732484076433121,0.5412371134020618,0.0,0.0,0.0,0.0
bull_to_bear,0.12,0.93,5.0,-0.05,0,351,351,0.5555555555555556,0.375,0.5732484076433121,0.5412371134020618,0.5555555555555556,0.375,0.5732484076433121,0.5412371134020618,0.0,0.0,0.0,0.0
bull_to_neutral,0.12,0.93,5.0,-0.1,0,351,351,0.5555555555555556,0.375,0.5732484076433121,0.5412371134020618,0.5555555555555556,0.375,0.5732484076433121,0.5412371134020618,0.0,0.0,0.0,0.0
bull_to_bear,0.12,0.93,5.0,-0.1,0,351,351,0.5555555555555556,0.375,0.5732484076433121,0.5412371134020618,0.5555555555555556,0.375,0.5732484076433121,0.5412371134020618,0.0,0.0,0.0,0.0
bull_to_neutral,0.12,0.93,10.0,,0,351,351,0.5555555555555556,0.375,0.5732484076433121,0.5412371134020618,0.5555555555555556,0.375,0.5732484076433121,0.5412371134020618,0.0,0.0,0.0,0.0
bull_to_bear,0.12,0.93,10.0,,0,351,351,0.5555555555555556,0.375,0.5732484076433121,0.5412371134020618,0.5555555555555556,0.375,0.5732484076433121,0.5412371134020618,0.0,0.0,0.0,0.0
bull_to_neutral,0.12,0.93,10.0,0.0,0,351,351,0.5555555555555556,0.375,0.5732484076433121,0.5412371134020618,0.5555555555555556,0.375,0.5732484076433121,0.5412371134020618,0.0,0.0,0.0,0.0
bull_to_bear,0.12,0.93,10.0,0.0,0,351,351,0.5555555555555556,0.375,0.5732484076433121,0.5412371134020618,0.5555555555555556,0.375,0.5732484076433121,0.5412371134020618,0.0,0.0,0.0,0.0
bull_to_neutral,0.12,0.93,10.0,-0.05,0,351,351,0.5555555555555556,0.375,0.5732484076433121,0.5412371134020618,0.5555555555555556,0.375,0.5732484076433121,0.5412371134020618,0.0,0.0,0.0,0.0
bull_to_bear,0.12,0.93,10.0,-0.05,0,351,351,0.5555555555555556,0.375,0.5732484076433121,0.5412371134020618,0.5555555555555556,0.375,0.5732484076433121,0.5412371134020618,0.0,0.0,0.0,0.0
bull_to_neutral,0.12,0.93,10.0,-0.1,0,351,351,0.5555555555555556,0.375,0.5732484076433121,0.5412371134020618,0.5555555555555556,0.375,0.5732484076433121,0.5412371134020618,0.0,0.0,0.0,0.0
bull_to_bear,0.12,0.93,10.0,-0.1,0,351,351,0.5555555555555556,0.375,0.5732484076433121,0.5412371134020618,0.5555555555555556,0.375,0.5732484076433121,0.5412371134020618,0.0,0.0,0.0,0.0
bull_to_neutral,0.12,0.93,15.0,,0,351,351,0.5555555555555556,0.375,0.5732484076433121,0.5412371134020618,0.5555555555555556,0.375,0.5732484076433121,0.5412371134020618,0.0,0.0,0.0,0.0
bull_to_bear,0.12,0.93,15.0,,0,351,351,0.5555555555555556,0.375,0.5732484076433121,0.5412371134020618,0.5555555555555556,0.375,0.5732484076433121,0.5412371134020618,0.0,0.0,0.0,0.0
bull_to_neutral,0.12,0.93,15.0,0.0,0,351,351,0.5555555555555556,0.375,0.5732484076433121,0.5412371134020618,0.5555555555555556,0.375,0.5732484076433121,0.5412371134020618,0.0,0.0,0.0,0.0
bull_to_bear,0.12,0.93,15.0,0.0,0,351,351,0.5555555555555556,0.375,0.5732484076433121,0.5412371134020618,0.5555555555555556,0.375,0.5732484076433121,0.5412371134020618,0.0,0.0,0.0,0.0
bull_to_neutral,0.12,0.93,15.0,-0.05,0,351,351,0.5555555555555556,0.375,0.5732484076433121,0.5412371134020618,0.5555555555555556,0.375,0.5732484076433121,0.5412371134020618,0.0,0.0,0.0,0.0
bull_to_bear,0.12,0.93,15.0,-0.05,0,351,351,0.5555555555555556,0.375,0.5732484076433121,0.5412371134020618,0.5555555555555556,0.375,0.5732484076433121,0.5412371134020618,0.0,0.0,0.0,0.0
bull_to_neutral,0.12,0.93,15.0,-0.1,0,351,351,0.5555555555555556,0.375,0.5732484076433121,0.5412371134020618,0.5555555555555556,0.375,0.5732484076433121,0.5412371134020618,0.0,0.0,0.0,0.0
bull_to_bear,0.12,0.93,15.0,-0.1,0,351,351,0.5555555555555556,0.375,0.5732484076433121,0.5412371134020618,0.5555555555555556,0.375,0.5732484076433121,0.5412371134020618,0.0,0.0,0.0,0.0
bull_to_neutral,0.12,0.9,,,0,351,351,0.5555555555555556,0.375,0.5732484076433121,0.5412371134020618,0.5555555555555556,0.375,0.5732484076433121,0.5412371134020618,0.0,0.0,0.0,0.0
bull_to_bear,0.12,0.9,,,0,351,351,0.5555555555555556,0.375,0.5732484076433121,0.5412371134020618,0.5555555555555556,0.375,0.5732484076433121,0.5412371134020618,0.0,0.0,0.0,0.0
bull_to_neutral,0.12,0.9,,0.0,0,351,351,0.5555555555555556,0.375,0.5732484076433121,0.5412371134020618,0.5555555555555556,0.375,0.5732484076433121,0.5412371134020618,0.0,0.0,0.0,0.0
bull_to_bear,0.12,0.9,,0.0,0,351,351,0.5555555555555556,0.375,0.5732484076433121,0.5412371134020618,0.5555555555555556,0.375,0.5732484076433121,0.5412371134020618,0.0,0.0,0.0,0.0
bull_to_neutral,0.12,0.9,,-0.05,0,351,351,0.5555555555555556,0.375,0.5732484076433121,0.5412371134020618,0.5555555555555556,0.375,0.5732484076433121,0.5412371134020618,0.0,0.0,0.0,0.0
bull_to_bear,0.12,0.9,,-0.05,0,351,351,0.5555555555555556,0.375,0.5732484076433121,0.5412371134020618,0.5555555555555556,0.375,0.5732484076433121,0.5412371134020618,0.0,0.0,0.0,0.0
bull_to_neutral,0.12,0.9,,-0.1,0,351,351,0.5555555555555556,0.375,0.5732484076433121,0.5412371134020618,0.5555555555555556,0.375,0.5732484076433121,0.5412371134020618,0.0,0.0,0.0,0.0
bull_to_bear,0.12,0.9,,-0.1,0,351,351,0.5555555555555556,0.375,0.5732484076433121,0.5412371134020618,0.5555555555555556,0.375,0.5732484076433121,0.5412371134020618,0.0,0.0,0.0,0.0
bull_to_neutral,0.12,0.9,0.0,,0,351,351,0.5555555555555556,0.375,0.5732484076433121,0.5412371134020618,0.5555555555555556,0.375,0.5732484076433121,0.5412371134020618,0.0,0.0,0.0,0.0
bull_to_bear,0.12,0.9,0.0,,0,351,351,0.5555555555555556,0.375,0.5732484076433121,0.5412371134020618,0.5555555555555556,0.375,0.5732484076433121,0.5412371134020618,0.0,0.0,0.0,0.0
bull_to_neutral,0.12,0.9,0.0,0.0,0,351,351,0.5555555555555556,0.375,0.5732484076433121,0.5412371134020618,0.5555555555555556,0.375,0.5732484076433121,0.5412371134020618,0.0,0.0,0.0,0.0
bull_to_bear,0.12,0.9,0.0,0.0,0,351,351,0.5555555555555556,0.375,0.5732484076433121,0.5412371134020618,0.5555555555555556,0.375,0.5732484076433121,0.5412371134020618,0.0,0.0,0.0,0.0
bull_to_neutral,0.12,0.9,0.0,-0.05,0,351,351,0.5555555555555556,0.375,0.5732484076433121,0.5412371134020618,0.5555555555555556,0.375,0.5732484076433121,0.5412371134020618,0.0,0.0,0.0,0.0
bull_to_bear,0.12,0.9,0.0,-0.05,0,351,351,0.5555555555555556,0.375,0.5732484076433121,0.5412371134020618,0.5555555555555556,0.375,0.5732484076433121,0.5412371134020618,0.0,0.0,0.0,0.0
bull_to_neutral,0.12,0.9,0.0,-0.1,0,351,351,0.5555555555555556,0.375,0.5732484076433121,0.5412371134020618,0.5555555555555556,0.375,0.5732484076433121,0.5412371134020618,0.0,0.0,0.0,0.0
bull_to_bear,0.12,0.9,0.0,-0.1,0,351,351,0.5555555555555556,0.375,0.5732484076433121,0.5412371134020618,0.5555555555555556,0.375,0.5732484076433121,0.5412371134020618,0.0,0.0,0.0,0.0
bull_to_neutral,0.12,0.9,5.0,,0,351,351,0.5555555555555556,0.375,0.5732484076433121,0.5412371134020618,0.5555555555555556,0.375,0.5732484076433121,0.5412371134020618,0.0,0.0,0.0,0.0
bull_to_bear,0.12,0.9,5.0,,0,351,351,0.5555555555555556,0.375,0.5732484076433121,0.5412371134020618,0.5555555555555556,0.375,0.5732484076433121,0.5412371134020618,0.0,0.0,0.0,0.0
bull_to_neutral,0.12,0.9,5.0,0.0,0,351,351,0.5555555555555556,0.375,0.5732484076433121,0.5412371134020618,0.5555555555555556,0.375,0.5732484076433121,0.5412371134020618,0.0,0.0,0.0,0.0
bull_to_bear,0.12,0.9,5.0,0.0,0,351,351,0.5555555555555556,0.375,0.5732484076433121,0.5412371134020618,0.5555555555555556,0.375,0.5732484076433121,0.5412371134020618,0.0,0.0,0.0,0.0
bull_to_neutral,0.12,0.9,5.0,-0.05,0,351,351,0.5555555555555556,0.375,0.5732484076433121,0.5412371134020618,0.5555555555555556,0.375,0.5732484076433121,0.5412371134020618,0.0,0.0,0.0,0.0
bull_to_bear,0.12,0.9,5.0,-0.05,0,351,351,0.5555555555555556,0.375,0.5732484076433121,0.5412371134020618,0.5555555555555556,0.375,0.5732484076433121,0.5412371134020618,0.0,0.0,0.0,0.0
bull_to_neutral,0.12,0.9,5.0,-0.1,0,351,351,0.5555555555555556,0.375,0.5732484076433121,0.5412371134020618,0.5555555555555556,0.375,0.5732484076433121,0.5412371134020618,0.0,0.0,0.0,0.0
bull_to_bear,0.12,0.9,5.0,-0.1,0,351,351,0.5555555555555556,0.375,0.5732484076433121,0.5412371134020618,0.5555555555555556,0.375,0.5732484076433121,0.5412371134020618,0.0,0.0,0.0,0.0
bull_to_neutral,0.12,0.9,10.0,,0,351,351,0.5555555555555556,0.375,0.5732484076433121,0.5412371134020618,0.5555555555555556,0.375,0.5732484076433121,0.5412371134020618,0.0,0.0,0.0,0.0
bull_to_bear,0.12,0.9,10.0,,0,351,351,0.5555555555555556,0.375,0.5732484076433121,0.5412371134020618,0.5555555555555556,0.375,0.5732484076433121,0.5412371134020618,0.0,0.0,0.0,0.0
bull_to_neutral,0.12,0.9,10.0,0.0,0,351,351,0.5555555555555556,0.375,0.5732484076433121,0.5412371134020618,0.5555555555555556,0.375,0.5732484076433121,0.5412371134020618,0.0,0.0,0.0,0.0
bull_to_bear,0.12,0.9,10.0,0.0,0,351,351,0.5555555555555556,0.375,0.5732484076433121,0.5412371134020618,0.5555555555555556,0.375,0.5732484076433121,0.5412371134020618,0.0,0.0,0.0,0.0
bull_to_neutral,0.12,0.9,10.0,-0.05,0,351,351,0.5555555555555556,0.375,0.5732484076433121,0.5412371134020618,0.5555555555555556,0.375,0.5732484076433121,0.5412371134020618,0.0,0.0,0.0,0.0
bull_to_bear,0.12,0.9,10.0,-0.05,0,351,351,0.5555555555555556,0.375,0.5732484076433121,0.5412371134020618,0.5555555555555556,0.375,0.5732484076433121,0.5412371134020618,0.0,0.0,0.0,0.0
bull_to_neutral,0.12,0.9,10.0,-0.1,0,351,351,0.5555555555555556,0.375,0.5732484076433121,0.5412371134020618,0.5555555555555556,0.375,0.5732484076433121,0.5412371134020618,0.0,0.0,0.0,0.0
bull_to_bear,0.12,0.9,10.0,-0.1,0,351,351,0.5555555555555556,0.375,0.5732484076433121,0.5412371134020618,0.5555555555555556,0.375,0.5732484076433121,0.5412371134020618,0.0,0.0,0.0,0.0
bull_to_neutral,0.12,0.9,15.0,,0,351,351,0.5555555555555556,0.375,0.5732484076433121,0.5412371134020618,0.5555555555555556,0.375,0.5732484076433121,0.5412371134020618,0.0,0.0,0.0,0.0
bull_to_bear,0.12,0.9,15.0,,0,351,351,0.5555555555555556,0.375,0.5732484076433121,0.5412371134020618,0.5555555555555556,0.375,0.5732484076433121,0.5412371134020618,0.0,0.0,0.0,0.0
bull_to_neutral,0.12,0.9,15.0,0.0,0,351,351,0.5555555555555556,0.375,0.5732484076433121,0.5412371134020618,0.5555555555555556,0.375,0.5732484076433121,0.5412371134020618,0.0,0.0,0.0,0.0
bull_to_bear,0.12,0.9,15.0,0.0,0,351,351,0.5555555555555556,0.375,0.5732484076433121,0.5412371134020618,0.5555555555555556,0.375,0.5732484076433121,0.5412371134020618,0.0,0.0,0.0,0.0
bull_to_neutral,0.12,0.9,15.0,-0.05,0,351,351,0.5555555555555556,0.375,0.5732484076433121,0.5412371134020618,0.5555555555555556,0.375,0.5732484076433121,0.5412371134020618,0.0,0.0,0.0,0.0
bull_to_bear,0.12,0.9,15.0,-0.05,0,351,351,0.5555555555555556,0.375,0.5732484076433121,0.5412371134020618,0.5555555555555556,0.375,0.5732484076433121,0.5412371134020618,0.0,0.0,0.0,0.0
bull_to_neutral,0.12,0.9,15.0,-0.1,0,351,351,0.5555555555555556,0.375,0.5732484076433121,0.5412371134020618,0.5555555555555556,0.375,0.5732484076433121,0.5412371134020618,0.0,0.0,0.0,0.0
bull_to_bear,0.12,0.9,15.0,-0.1,0,351,351,0.5555555555555556,0.375,0.5732484076433121,0.5412371134020618,0.5555555555555556,0.375,0.5732484076433121,0.5412371134020618,0.0,0.0,0.0,0.0
bull_to_neutral,0.14,1.0,,,29,322,351,0.5555555555555556,0.375,0.5732484076433121,0.5412371134020618,0.5559006211180124,0.344017094017094,0.578125,0.5412371134020618,0.0003450655624568366,-0.030982905982905984,0.004876592356687914,0.0
bull_to_bear,0.14,1.0,,,29,351,351,0.5555555555555556,0.375,0.5732484076433121,0.5412371134020618,0.5470085470085471,0.375,0.578125,0.5291479820627802,-0.008547008547008517,0.0,0.004876592356687914,-0.012089131339281578
bull_to_neutral,0.14,1.0,,0.0,27,324,351,0.5555555555555556,0.375,0.5732484076433121,0.5412371134020618,0.5555555555555556,0.34615384615384615,0.5769230769230769,0.5412371134020618,0.0,-0.028846153846153855,0.003674669279764786,0.0
bull_to_bear,0.14,1.0,,0.0,27,351,351,0.5555555555555556,0.375,0.5732484076433121,0.5412371134020618,0.5470085470085471,0.375,0.5769230769230769,0.5294117647058824,-0.008547008547008517,0.0,0.003674669279764786,-0.01182534869617946
bull_to_neutral,0.14,1.0,,-0.05,26,325,351,0.5555555555555556,0.375,0.5732484076433121,0.5412371134020618,0.5538461538461539,0.3472222222222222,0.5725190839694656,0.5412371134020618,-0.0017094017094017033,-0.02777777777777779,-0.0007293236738464826,0.0
bull_to_bear,0.14,1.0,,-0.05,26,351,351,0.5555555555555556,0.375,0.5732484076433121,0.5412371134020618,0.5441595441595442,0.375,0.5725190839694656,0.5272727272727272,-0.01139601139601143,0.0,-0.0007293236738464826,-0.013964386129334594
bull_to_neutral,0.14,1.0,,-0.1,25,326,351,0.5555555555555556,0.375,0.5732484076433121,0.5412371134020618,0.5552147239263804,0.3482905982905983,0.5757575757575758,0.5412371134020618,-0.0003408316291751978,-0.026709401709401726,0.0025091681142637157,0.0
bull_to_bear,0.14,1.0,,-0.1,25,351,351,0.5555555555555556,0.375,0.5732484076433121,0.5412371134020618,0.5470085470085471,0.375,0.5757575757575758,0.5296803652968036,-0.008547008547008517,0.0,0.0025091681142637157,-0.011556748105258197
bull_to_neutral,0.14,1.0,0.0,,17,334,351,0.5555555555555556,0.375,0.5732484076433121,0.5412371134020618,0.562874251497006,0.35683760683760685,0.5928571428571429,0.5412371134020618,0.007318695941450404,-0.018162393162393153,0.019608735213830775,0.0
bull_to_bear,0.14,1.0,0.0,,17,351,351,0.5555555555555556,0.375,0.5732484076433121,0.5412371134020618,0.5641025641025641,0.375,0.5928571428571429,0.5450236966824644,0.008547008547008517,0.0,0.019608735213830775,0.0037865832804026
bull_to_neutral,0.14,1.0,0.0,0.0,17,334,351,0.5555555555555556,0.375,0.5732484076433121,0.5412371134020618,0.562874251497006,0.35683760683760685,0.5928571428571429,0.5412371134020618,0.007318695941450404,-0.018162393162393153,0.019608735213830775,0.0
bull_to_bear,0.14,1.0,0.0,0.0,17,351,351,0.5555555555555556,0.375,0.5732484076433121,0.5412371134020618,0.5641025641025641,0.375,0.5928571428571429,0.5450236966824644,0.008547008547008517,0.0,0.019608735213830775,0.0037865832804026
bull_to_neutral,0.14,1.0,0.0,-0.05,17,334,351,0.5555555555555556,0.375,0.5732484076433121,0.5412371134020618,0.562874251497006,0.35683760683760685,0.5928571428571429,0.5412371134020618,0.007318695941450404,-0.018162393162393153,0.019608735213830775,0.0
bull_to_bear,0.14,1.0,0.0,-0.05,17,351,351,0.5555555555555556,0.375,0.5732484076433121,0.5412371134020618,0.5641025641025641,0.375,0.5928571428571429,0.5450236966824644,0.008547008547008517,0.0,0.019608735213830775,0.0037865832804026
bull_to_neutral,0.14,1.0,0.0,-0.1,17,334,351,0.5555555555555556,0.375,0.5732484076433121,0.5412371134020618,0.562874251497006,0.35683760683760685,0.5928571428571429,0.5412371134020618,0.007318695941450404,-0.018162393162393153,0.019608735213830775,0.0
bull_to_bear,0.14,1.0,0.0,-0.1,17,351,351,0.5555555555555556,0.375,0.5732484076433121,0.5412371134020618,0.5641025641025641,0.375,0.5928571428571429,0.5450236966824644,0.008547008547008517,0.0,0.019608735213830775,0.0037865832804026
bull_to_neutral,0.14,1.0,5.0,,15,336,351,0.5555555555555556,0.375,0.5732484076433121,0.5412371134020618,0.5625,0.358974358974359,0.5915492957746479,0.5412371134020618,0.00694444444444442,-0.016025641025641024,0.01830088813133579,0.0
bull_to_bear,0.14,1.0,5.0,,15,351,351,0.5555555555555556,0.375,0.5732484076433121,0.5412371134020618,0.5641025641025641,0.375,0.5915492957746479,0.5454545454545454,0.008547008547008517,0.0,0.01830088813133579,0.004217432052483594
bull_to_neutral,0.14,1.0,5.0,0.0,15,336,351,0.5555555555555556,0.375,0.5732484076433121,0.5412371134020618,0.5625,0.358974358974359,0.5915492957746479,0.5412371134020618,0.00694444444444442,-0.016025641025641024,0.01830088813133579,0.0
bull_to_bear,0.14,1.0,5.0,0.0,15,351,351,0.5555555555555556,0.375,0.5732484076433121,0.5412371134020618,0.5641025641025641,0.375,0.5915492957746479,0.5454545454545454,0.008547008547008517,0.0,0.01830088813133579,0.004217432052483594
bull_to_neutral,0.14,1.0,5.0,-0.05,15,336,351,0.5555555555555556,0.375,0.5732484076433121,0.5412371134020618,0.5625,0.358974358974359,0.5915492957746479,0.5412371134020618,0.00694444444444442,-0.016025641025641024,0.01830088813133579,0.0
bull_to_bear,0.14,1.0,5.0,-0.05,15,351,351,0.5555555555555556,0.375,0.5732484076433121,0.5412371134020618,0.5641025641025641,0.375,0.5915492957746479,0.5454545454545454,0.008547008547008517,0.0,0.01830088813133579,0.004217432052483594
bull_to_neutral,0.14,1.0,5.0,-0.1,15,336,351,0.5555555555555556,0.375,0.5732484076433121,0.5412371134020618,0.5625,0.358974358974359,0.5915492957746479,0.5412371134020618,0.00694444444444442,-0.016025641025641024,0.01830088813133579,0.0
bull_to_bear,0.14,1.0,5.0,-0.1,15,351,351,0.5555555555555556,0.375,0.5732484076433121,0.5412371134020618,0.5641025641025641,0.375,0.5915492957746479,0.5454545454545454,0.008547008547008517,0.0,0.01830088813133579,0.004217432052483594
bull_to_neutral,0.14,1.0,10.0,,13,338,351,0.5555555555555556,0.375,0.5732484076433121,0.5412371134020618,0.5621301775147929,0.3611111111111111,0.5902777777777778,0.5412371134020618,0.006574621959237303,-0.013888888888888895,0.017029370134465704,0.0
bull_to_bear,0.14,1.0,10.0,,13,351,351,0.5555555555555556,0.375,0.5732484076433121,0.5412371134020618,0.5641025641025641,0.375,0.5902777777777778,0.5458937198067633,0.008547008547008517,0.0,0.017029370134465704,0.004656606404701447
bull_to_neutral,0.14,1.0,10.0,0.0,13,338,351,0.5555555555555556,0.375,0.5732484076433121,0.5412371134020618,0.5621301775147929,0.3611111111111111,0.5902777777777778,0.5412371134020618,0.006574621959237303,-0.013888888888888895,0.017029370134465704,0.0
bull_to_bear,0.14,1.0,10.0,0.0,13,351,351,0.5555555555555556,0.375,0.5732484076433121,0.5412371134020618,0.5641025641025641,0.375,0.5902777777777778,0.5458937198067633,0.008547008547008517,0.0,0.017029370134465704,0.004656606404701447
bull_to_neutral,0.14,1.0,10.0,-0.05,13,338,351,0.5555555555555556,0.375,0.5732484076433121,0.5412371134020618,0.5621301775147929,0.3611111111111111,0.5902777777777778,0.5412371134020618,0.006574621959237303,-0.013888888888888895,0.017029370134465704,0.0
bull_to_bear,0.14,1.0,10.0,-0.05,13,351,351,0.5555555555555556,0.375,0.5732484076433121,0.5412371134020618,0.5641025641025641,0.375,0.5902777777777778,0.5458937198067633,0.008547008547008517,0.0,0.017029370134465704,0.004656606404701447
bull_to_neutral,0.14,1.0,10.0,-0.1,13,338,351,0.5555555555555556,0.375,0.5732484076433121,0.5412371134020618,0.5621301775147929,0.3611111111111111,0.5902777777777778,0.5412371134020618,0.006574621959237303,-0.013888888888888895,0.017029370134465704,0.0
bull_to_bear,0.14,1.0,10.0,-0.1,13,351,351,0.5555555555555556,0.375,0.5732484076433121,0.5412371134020618,0.5641025641025641,0.375,0.5902777777777778,0.5458937198067633,0.008547008547008517,0.0,0.017029370134465704,0.004656606404701447
bull_to_neutral,0.14,1.0,15.0,,12,339,351,0.5555555555555556,0.375,0.5732484076433121,0.5412371134020618,0.56047197640118,0.36217948717948717,0.5862068965517241,0.5412371134020618,0.004916420845624381,-0.01282051282051283,0.012958488908412003,0.0
bull_to_bear,0.14,1.0,15.0,,12,351,351,0.5555555555555556,0.375,0.5732484076433121,0.5412371134020618,0.5612535612535613,0.375,0.5862068965517241,0.5436893203883495,0.005698005698005715,0.0,0.012958488908412003,0.002452206986287675
bull_to_neutral,0.14,1.0,15.0,0.0,12,339,351,0.5555555555555556,0.375,0.5732484076433121,0.5412371134020618,0.56047197640118,0.36217948717948717,0.5862068965517241,0.5412371134020618,0.004916420845624381,-0.01282051282051283,0.012958488908412003,0.0
bull_to_bear,0.14,1.0,15.0,0.0,12,351,351,0.5555555555555556,0.375,0.5732484076433121,0.5412371134020618,0.5612535612535613,0.375,0.5862068965517241,0.5436893203883495,0.005698005698005715,0.0,0.012958488908412003,0.002452206986287675
bull_to_neutral,0.14,1.0,15.0,-0.05,12,339,351,0.5555555555555556,0.375,0.5732484076433121,0.5412371134020618,0.56047197640118,0.36217948717948717,0.5862068965517241,0.5412371134020618,0.004916420845624381,-0.01282051282051283,0.012958488908412003,0.0
bull_to_bear,0.14,1.0,15.0,-0.05,12,351,351,0.5555555555555556,0.375,0.5732484076433121,0.5412371134020618,0.5612535612535613,0.375,0.5862068965517241,0.5436893203883495,0.005698005698005715,0.0,0.012958488908412003,0.002452206986287675
bull_to_neutral,0.14,1.0,15.0,-0.1,12,339,351,0.5555555555555556,0.375,0.5732484076433121,0.5412371134020618,0.56047197640118,0.36217948717948717,0.5862068965517241,0.5412371134020618,0.004916420845624381,-0.01282051282051283,0.012958488908412003,0.0
bull_to_bear,0.14,1.0,15.0,-0.1,12,351,351,0.5555555555555556,0.375,0.5732484076433121,0.5412371134020618,0.5612535612535613,0.375,0.5862068965517241,0.5436893203883495,0.005698005698005715,0.0,0.012958488908412003,0.002452206986287675
bull_to_neutral,0.14,0.99,,,0,351,351,0.5555555555555556,0.375,0.5732484076433121,0.5412371134020618,0.5555555555555556,0.375,0.5732484076433121,0.5412371134020618,0.0,0.0,0.0,0.0
bull_to_bear,0.14,0.99,,,0,351,351,0.5555555555555556,0.375,0.5732484076433121,0.5412371134020618,0.5555555555555556,0.375,0.5732484076433121,0.5412371134020618,0.0,0.0,0.0,0.0
bull_to_neutral,0.14,0.99,,0.0,0,351,351,0.5555555555555556,0.375,0.5732484076433121,0.5412371134020618,0.5555555555555556,0.375,0.5732484076433121,0.5412371134020618,0.0,0.0,0.0,0.0
bull_to_bear,0.14,0.99,,0.0,0,351,351,0.5555555555555556,0.375,0.5732484076433121,0.5412371134020618,0.5555555555555556,0.375,0.5732484076433121,0.5412371134020618,0.0,0.0,0.0,0.0
bull_to_neutral,0.14,0.99,,-0.05,0,351,351,0.5555555555555556,0.375,0.5732484076433121,0.5412371134020618,0.5555555555555556,0.375,0.5732484076433121,0.5412371134020618,0.0,0.0,0.0,0.0
bull_to_bear,0.14,0.99,,-0.05,0,351,351,0.5555555555555556,0.375,0.5732484076433121,0.5412371134020618,0.5555555555555556,0.375,0.5732484076433121,0.5412371134020618,0.0,0.0,0.0,0.0
bull_to_neutral,0.14,0.99,,-0.1,0,351,351,0.5555555555555556,0.375,0.5732484076433121,0.5412371134020618,0.5555555555555556,0.375,0.5732484076433121,0.5412371134020618,0.0,0.0,0.0,0.0
bull_to_bear,0.14,0.99,,-0.1,0,351,351,0.5555555555555556,0.375,0.5732484076433121,0.5412371134020618,0.5555555555555556,0.375,0.5732484076433121,0.5412371134020618,0.0,0.0,0.0,0.0
bull_to_neutral,0.14,0.99,0.0,,0,351,351,0.5555555555555556,0.375,0.5732484076433121,0.5412371134020618,0.5555555555555556,0.375,0.5732484076433121,0.5412371134020618,0.0,0.0,0.0,0.0
bull_to_bear,0.14,0.99,0.0,,0,351,351,0.5555555555555556,0.375,0.5732484076433121,0.5412371134020618,0.5555555555555556,0.375,0.5732484076433121,0.5412371134020618,0.0,0.0,0.0,0.0
bull_to_neutral,0.14,0.99,0.0,0.0,0,351,351,0.5555555555555556,0.375,0.5732484076433121,0.5412371134020618,0.5555555555555556,0.375,0.5732484076433121,0.5412371134020618,0.0,0.0,0.0,0.0
bull_to_bear,0.14,0.99,0.0,0.0,0,351,351,0.5555555555555556,0.375,0.5732484076433121,0.5412371134020618,0.5555555555555556,0.375,0.5732484076433121,0.5412371134020618,0.0,0.0,0.0,0.0
bull_to_neutral,0.14,0.99,0.0,-0.05,0,351,351,0.5555555555555556,0.375,0.5732484076433121,0.5412371134020618,0.5555555555555556,0.375,0.5732484076433121,0.5412371134020618,0.0,0.0,0.0,0.0
bull_to_bear,0.14,0.99,0.0,-0.05,0,351,351,0.5555555555555556,0.375,0.5732484076433121,0.5412371134020618,0.5555555555555556,0.375,0.5732484076433121,0.5412371134020618,0.0,0.0,0.0,0.0
bull_to_neutral,0.14,0.99,0.0,-0.1,0,351,351,0.5555555555555556,0.375,0.5732484076433121,0.5412371134020618,0.5555555555555556,0.375,0.5732484076433121,0.5412371134020618,0.0,0.0,0.0,0.0
bull_to_bear,0.14,0.99,0.0,-0.1,0,351,351,0.5555555555555556,0.375,0.5732484076433121,0.5412371134020618,0.5555555555555556,0.375,0.5732484076433121,0.5412371134020618,0.0,0.0,0.0,0.0
bull_to_neutral,0.14,0.99,5.0,,0,351,351,0.5555555555555556,0.375,0.5732484076433121,0.5412371134020618,0.5555555555555556,0.375,0.5732484076433121,0.5412371134020618,0.0,0.0,0.0,0.0
bull_to_bear,0.14,0.99,5.0,,0,351,351,0.5555555555555556,0.375,0.5732484076433121,0.5412371134020618,0.5555555555555556,0.375,0.5732484076433121,0.5412371134020618,0.0,0.0,0.0,0.0
bull_to_neutral,0.14,0.99,5.0,0.0,0,351,351,0.5555555555555556,0.375,0.5732484076433121,0.5412371134020618,0.5555555555555556,0.375,0.5732484076433121,0.5412371134020618,0.0,0.0,0.0,0.0
bull_to_bear,0.14,0.99,5.0,0.0,0,351,351,0.5555555555555556,0.375,0.5732484076433121,0.5412371134020618,0.5555555555555556,0.375,0.5732484076433121,0.5412371134020618,0.0,0.0,0.0,0.0
bull_to_neutral,0.14,0.99,5.0,-0.05,0,351,351,0.5555555555555556,0.375,0.5732484076433121,0.5412371134020618,0.5555555555555556,0.375,0.5732484076433121,0.5412371134020618,0.0,0.0,0.0,0.0
bull_to_bear,0.14,0.99,5.0,-0.05,0,351,351,0.5555555555555556,0.375,0.5732484076433121,0.5412371134020618,0.5555555555555556,0.375,0.5732484076433121,0.5412371134020618,0.0,0.0,0.0,0.0
bull_to_neutral,0.14,0.99,5.0,-0.1,0,351,351,0.5555555555555556,0.375,0.5732484076433121,0.5412371134020618,0.5555555555555556,0.375,0.5732484076433121,0.5412371134020618,0.0,0.0,0.0,0.0
bull_to_bear,0.14,0.99,5.0,-0.1,0,351,351,0.5555555555555556,0.375,0.5732484076433121,0.5412371134020618,0.5555555555555556,0.375,0.5732484076433121,0.5412371134020618,0.0,0.0,0.0,0.0
bull_to_neutral,0.14,0.99,10.0,,0,351,351,0.5555555555555556,0.375,0.5732484076433121,0.5412371134020618,0.5555555555555556,0.375,0.5732484076433121,0.5412371134020618,0.0,0.0,0.0,0.0
bull_to_bear,0.14,0.99,10.0,,0,351,351,0.5555555555555556,0.375,0.5732484076433121,0.5412371134020618,0.5555555555555556,0.375,0.5732484076433121,0.5412371134020618,0.0,0.0,0.0,0.0
bull_to_neutral,0.14,0.99,10.0,0.0,0,351,351,0.5555555555555556,0.375,0.5732484076433121,0.5412371134020618,0.5555555555555556,0.375,0.5732484076433121,0.5412371134020618,0.0,0.0,0.0,0.0
bull_to_bear,0.14,0.99,10.0,0.0,0,351,351,0.5555555555555556,0.375,0.5732484076433121,0.5412371134020618,0.5555555555555556,0.375,0.5732484076433121,0.5412371134020618,0.0,0.0,0.0,0.0
bull_to_neutral,0.14,0.99,10.0,-0.05,0,351,351,0.5555555555555556,0.375,0.5732484076433121,0.5412371134020618,0.5555555555555556,0.375,0.5732484076433121,0.5412371134020618,0.0,0.0,0.0,0.0
bull_to_bear,0.14,0.99,10.0,-0.05,0,351,351,0.5555555555555556,0.375,0.5732484076433121,0.5412371134020618,0.5555555555555556,0.375,0.5732484076433121,0.5412371134020618,0.0,0.0,0.0,0.0
bull_to_neutral,0.14,0.99,10.0,-0.1,0,351,351,0.5555555555555556,0.375,0.5732484076433121,0.5412371134020618,0.5555555555555556,0.375,0.5732484076433121,0.5412371134020618,0.0,0.0,0.0,0.0
bull_to_bear,0.14,0.99,10.0,-0.1,0,351,351,0.5555555555555556,0.375,0.5732484076433121,0.5412371134020618,0.5555555555555556,0.375,0.5732484076433121,0.5412371134020618,0.0,0.0,0.0,0.0
bull_to_neutral,0.14,0.99,15.0,,0,351,351,0.5555555555555556,0.375,0.5732484076433121,0.5412371134020618,0.5555555555555556,0.375,0.5732484076433121,0.5412371134020618,0.0,0.0,0.0,0.0
bull_to_bear,0.14,0.99,15.0,,0,351,351,0.5555555555555556,0.375,0.5732484076433121,0.5412371134020618,0.5555555555555556,0.375,0.5732484076433121,0.5412371134020618,0.0,0.0,0.0,0.0
bull_to_neutral,0.14,0.99,15.0,0.0,0,351,351,0.5555555555555556,0.375,0.5732484076433121,0.5412371134020618,0.5555555555555556,0.375,0.5732484076433121,0.5412371134020618,0.0,0.0,0.0,0.0
bull_to_bear,0.14,0.99,15.0,0.0,0,351,351,0.5555555555555556,0.375,0.5732484076433121,0.5412371134020618,0.5555555555555556,0.375,0.5732484076433121,0.5412371134020618,0.0,0.0,0.0,0.0
bull_to_neutral,0.14,0.99,15.0,-0.05,0,351,351,0.5555555555555556,0.375,0.5732484076433121,0.5412371134020618,0.5555555555555556,0.375,0.5732484076433121,0.5412371134020618,0.0,0.0,0.0,0.0
bull_to_bear,0.14,0.99,15.0,-0.05,0,351,351,0.5555555555555556,0.375,0.5732484076433121,0.5412371134020618,0.5555555555555556,0.375,0.5732484076433121,0.5412371134020618,0.0,0.0,0.0,0.0
bull_to_neutral,0.14,0.99,15.0,-0.1,0,351,351,0.5555555555555556,0.375,0.5732484076433121,0.5412371134020618,0.5555555555555556,0.375,0.5732484076433121,0.5412371134020618,0.0,0.0,0.0,0.0
bull_to_bear,0.14,0.99,15.0,-0.1,0,351,351,0.5555555555555556,0.375,0.5732484076433121,0.5412371134020618,0.5555555555555556,0.375,0.5732484076433121,0.5412371134020618,0.0,0.0,0.0,0.0
bull_to_neutral,0.14,0.98,,,0,351,351,0.5555555555555556,0.375,0.5732484076433121,0.5412371134020618,0.5555555555555556,0.375,0.5732484076433121,0.5412371134020618,0.0,0.0,0.0,0.0
bull_to_bear,0.14,0.98,,,0,351,351,0.5555555555555556,0.375,0.5732484076433121,0.5412371134020618,0.5555555555555556,0.375,0.5732484076433121,0.5412371134020618,0.0,0.0,0.0,0.0
bull_to_neutral,0.14,0.98,,0.0,0,351,351,0.5555555555555556,0.375,0.5732484076433121,0.5412371134020618,0.5555555555555556,0.375,0.5732484076433121,0.5412371134020618,0.0,0.0,0.0,0.0
bull_to_bear,0.14,0.98,,0.0,0,351,351,0.5555555555555556,0.375,0.5732484076433121,0.5412371134020618,0.5555555555555556,0.375,0.5732484076433121,0.5412371134020618,0.0,0.0,0.0,0.0
bull_to_neutral,0.14,0.98,,-0.05,0,351,351,0.5555555555555556,0.375,0.5732484076433121,0.5412371134020618,0.5555555555555556,0.375,0.5732484076433121,0.5412371134020618,0.0,0.0,0.0,0.0
bull_to_bear,0.14,0.98,,-0.05,0,351,351,0.5555555555555556,0.375,0.5732484076433121,0.5412371134020618,0.5555555555555556,0.375,0.5732484076433121,0.5412371134020618,0.0,0.0,0.0,0.0
bull_to_neutral,0.14,0.98,,-0.1,0,351,351,0.5555555555555556,0.375,0.5732484076433121,0.5412371134020618,0.5555555555555556,0.375,0.5732484076433121,0.5412371134020618,0.0,0.0,0.0,0.0
bull_to_bear,0.14,0.98,,-0.1,0,351,351,0.5555555555555556,0.375,0.5732484076433121,0.5412371134020618,0.5555555555555556,0.375,0.5732484076433121,0.5412371134020618,0.0,0.0,0.0,0.0
bull_to_neutral,0.14,0.98,0.0,,0,351,351,0.5555555555555556,0.375,0.5732484076433121,0.5412371134020618,0.5555555555555556,0.375,0.5732484076433121,0.5412371134020618,0.0,0.0,0.0,0.0
bull_to_bear,0.14,0.98,0.0,,0,351,351,0.5555555555555556,0.375,0.5732484076433121,0.5412371134020618,0.5555555555555556,0.375,0.5732484076433121,0.5412371134020618,0.0,0.0,0.0,0.0
bull_to_neutral,0.14,0.98,0.0,0.0,0,351,351,0.5555555555555556,0.375,0.5732484076433121,0.5412371134020618,0.5555555555555556,0.375,0.5732484076433121,0.5412371134020618,0.0,0.0,0.0,0.0
bull_to_bear,0.14,0.98,0.0,0.0,0,351,351,0.5555555555555556,0.375,0.5732484076433121,0.5412371134020618,0.5555555555555556,0.375,0.5732484076433121,0.5412371134020618,0.0,0.0,0.0,0.0
bull_to_neutral,0.14,0.98,0.0,-0.05,0,351,351,0.5555555555555556,0.375,0.5732484076433121,0.5412371134020618,0.5555555555555556,0.375,0.5732484076433121,0.5412371134020618,0.0,0.0,0.0,0.0
bull_to_bear,0.14,0.98,0.0,-0.05,0,351,351,0.5555555555555556,0.375,0.5732484076433121,0.5412371134020618,0.5555555555555556,0.375,0.5732484076433121,0.5412371134020618,0.0,0.0,0.0,0.0
bull_to_neutral,0.14,0.98,0.0,-0.1,0,351,351,0.5555555555555556,0.375,0.5732484076433121,0.5412371134020618,0.5555555555555556,0.375,0.5732484076433121,0.5412371134020618,0.0,0.0,0.0,0.0
bull_to_bear,0.14,0.98,0.0,-0.1,0,351,351,0.5555555555555556,0.375,0.5732484076433121,0.5412371134020618,0.5555555555555556,0.375,0.5732484076433121,0.5412371134020618,0.0,0.0,0.0,0.0
bull_to_neutral,0.14,0.98,5.0,,0,351,351,0.5555555555555556,0.375,0.5732484076433121,0.5412371134020618,0.5555555555555556,0.375,0.5732484076433121,0.5412371134020618,0.0,0.0,0.0,0.0
bull_to_bear,0.14,0.98,5.0,,0,351,351,0.5555555555555556,0.375,0.5732484076433121,0.5412371134020618,0.5555555555555556,0.375,0.5732484076433121,0.5412371134020618,0.0,0.0,0.0,0.0
bull_to_neutral,0.14,0.98,5.0,0.0,0,351,351,0.5555555555555556,0.375,0.5732484076433121,0.5412371134020618,0.5555555555555556,0.375,0.5732484076433121,0.5412371134020618,0.0,0.0,0.0,0.0
bull_to_bear,0.14,0.98,5.0,0.0,0,351,351,0.5555555555555556,0.375,0.5732484076433121,0.5412371134020618,0.5555555555555556,0.375,0.5732484076433121,0.5412371134020618,0.0,0.0,0.0,0.0
bull_to_neutral,0.14,0.98,5.0,-0.05,0,351,351,0.5555555555555556,0.375,0.5732484076433121,0.5412371134020618,0.5555555555555556,0.375,0.5732484076433121,0.5412371134020618,0.0,0.0,0.0,0.0
bull_to_bear,0.14,0.98,5.0,-0.05,0,351,351,0.5555555555555556,0.375,0.5732484076433121,0.5412371134020618,0.5555555555555556,0.375,0.5732484076433121,0.5412371134020618,0.0,0.0,0.0,0.0
bull_to_neutral,0.14,0.98,5.0,-0.1,0,351,351,0.5555555555555556,0.375,0.5732484076433121,0.5412371134020618,0.5555555555555556,0.375,0.5732484076433121,0.5412371134020618,0.0,0.0,0.0,0.0
bull_to_bear,0.14,0.98,5.0,-0.1,0,351,351,0.5555555555555556,0.375,0.5732484076433121,0.5412371134020618,0.5555555555555556,0.375,0.5732484076433121,0.5412371134020618,0.0,0.0,0.0,0.0
bull_to_neutral,0.14,0.98,10.0,,0,351,351,0.5555555555555556,0.375,0.5732484076433121,0.5412371134020618,0.5555555555555556,0.375,0.5732484076433121,0.5412371134020618,0.0,0.0,0.0,0.0
bull_to_bear,0.14,0.98,10.0,,0,351,351,0.5555555555555556,0.375,0.5732484076433121,0.5412371134020618,0.5555555555555556,0.375,0.5732484076433121,0.5412371134020618,0.0,0.0,0.0,0.0
bull_to_neutral,0.14,0.98,10.0,0.0,0,351,351,0.5555555555555556,0.375,0.5732484076433121,0.5412371134020618,0.5555555555555556,0.375,0.5732484076433121,0.5412371134020618,0.0,0.0,0.0,0.0
bull_to_bear,0.14,0.98,10.0,0.0,0,351,351,0.5555555555555556,0.375,0.5732484076433121,0.5412371134020618,0.5555555555555556,0.375,0.5732484076433121,0.5412371134020618,0.0,0.0,0.0,0.0
bull_to_neutral,0.14,0.98,10.0,-0.05,0,351,351,0.5555555555555556,0.375,0.5732484076433121,0.5412371134020618,0.5555555555555556,0.375,0.5732484076433121,0.5412371134020618,0.0,0.0,0.0,0.0
bull_to_bear,0.14,0.98,10.0,-0.05,0,351,351,0.5555555555555556,0.375,0.5732484076433121,0.5412371134020618,0.5555555555555556,0.375,0.5732484076433121,0.5412371134020618,0.0,0.0,0.0,0.0
bull_to_neutral,0.14,0.98,10.0,-0.1,0,351,351,0.5555555555555556,0.375,0.5732484076433121,0.5412371134020618,0.5555555555555556,0.375,0.5732484076433121,0.5412371134020618,0.0,0.0,0.0,0.0
bull_to_bear,0.14,0.98,10.0,-0.1,0,351,351,0.5555555555555556,0.375,0.5732484076433121,0.5412371134020618,0.5555555555555556,0.375,0.5732484076433121,0.5412371134020618,0.0,0.0,0.0,0.0
bull_to_neutral,0.14,0.98,15.0,,0,351,351,0.5555555555555556,0.375,0.5732484076433121,0.5412371134020618,0.5555555555555556,0.375,0.5732484076433121,0.5412371134020618,0.0,0.0,0.0,0.0
bull_to_bear,0.14,0.98,15.0,,0,351,351,0.5555555555555556,0.375,0.5732484076433121,0.5412371134020618,0.5555555555555556,0.375,0.5732484076433121,0.5412371134020618,0.0,0.0,0.0,0.0
bull_to_neutral,0.14,0.98,15.0,0.0,0,351,351,0.5555555555555556,0.375,0.5732484076433121,0.5412371134020618,0.5555555555555556,0.375,0.5732484076433121,0.5412371134020618,0.0,0.0,0.0,0.0
bull_to_bear,0.14,0.98,15.0,0.0,0,351,351,0.5555555555555556,0.375,0.5732484076433121,0.5412371134020618,0.5555555555555556,0.375,0.5732484076433121,0.5412371134020618,0.0,0.0,0.0,0.0
bull_to_neutral,0.14,0.98,15.0,-0.05,0,351,351,0.5555555555555556,0.375,0.5732484076433121,0.5412371134020618,0.5555555555555556,0.375,0.5732484076433121,0.5412371134020618,0.0,0.0,0.0,0.0
bull_to_bear,0.14,0.98,15.0,-0.05,0,351,351,0.5555555555555556,0.375,0.5732484076433121,0.5412371134020618,0.5555555555555556,0.375,0.5732484076433121,0.5412371134020618,0.0,0.0,0.0,0.0
bull_to_neutral,0.14,0.98,15.0,-0.1,0,351,351,0.5555555555555556,0.375,0.5732484076433121,0.5412371134020618,0.5555555555555556,0.375,0.5732484076433121,0.5412371134020618,0.0,0.0,0.0,0.0
bull_to_bear,0.14,0.98,15.0,-0.1,0,351,351,0.5555555555555556,0.375,0.5732484076433121,0.5412371134020618,0.5555555555555556,0.375,0.5732484076433121,0.5412371134020618,0.0,0.0,0.0,0.0
bull_to_neutral,0.14,0.97,,,0,351,351,0.5555555555555556,0.375,0.5732484076433121,0.5412371134020618,0.5555555555555556,0.375,0.5732484076433121,0.5412371134020618,0.0,0.0,0.0,0.0
bull_to_bear,0.14,0.97,,,0,351,351,0.5555555555555556,0.375,0.5732484076433121,0.5412371134020618,0.5555555555555556,0.375,0.5732484076433121,0.5412371134020618,0.0,0.0,0.0,0.0
bull_to_neutral,0.14,0.97,,0.0,0,351,351,0.5555555555555556,0.375,0.5732484076433121,0.5412371134020618,0.5555555555555556,0.375,0.5732484076433121,0.5412371134020618,0.0,0.0,0.0,0.0
bull_to_bear,0.14,0.97,,0.0,0,351,351,0.5555555555555556,0.375,0.5732484076433121,0.5412371134020618,0.5555555555555556,0.375,0.5732484076433121,0.5412371134020618,0.0,0.0,0.0,0.0
bull_to_neutral,0.14,0.97,,-0.05,0,351,351,0.5555555555555556,0.375,0.5732484076433121,0.5412371134020618,0.5555555555555556,0.375,0.5732484076433121,0.5412371134020618,0.0,0.0,0.0,0.0
bull_to_bear,0.14,0.97,,-0.05,0,351,351,0.5555555555555556,0.375,0.5732484076433121,0.5412371134020618,0.5555555555555556,0.375,0.5732484076433121,0.5412371134020618,0.0,0.0,0.0,0.0
bull_to_neutral,0.14,0.97,,-0.1,0,351,351,0.5555555555555556,0.375,0.5732484076433121,0.5412371134020618,0.5555555555555556,0.375,0.5732484076433121,0.5412371134020618,0.0,0.0,0.0,0.0
bull_to_bear,0.14,0.97,,-0.1,0,351,351,0.5555555555555556,0.375,0.5732484076433121,0.5412371134020618,0.5555555555555556,0.375,0.5732484076433121,0.5412371134020618,0.0,0.0,0.0,0.0
bull_to_neutral,0.14,0.97,0.0,,0,351,351,0.5555555555555556,0.375,0.5732484076433121,0.5412371134020618,0.5555555555555556,0.375,0.5732484076433121,0.5412371134020618,0.0,0.0,0.0,0.0
bull_to_bear,0.14,0.97,0.0,,0,351,351,0.5555555555555556,0.375,0.5732484076433121,0.5412371134020618,0.5555555555555556,0.375,0.5732484076433121,0.5412371134020618,0.0,0.0,0.0,0.0
bull_to_neutral,0.14,0.97,0.0,0.0,0,351,351,0.5555555555555556,0.375,0.5732484076433121,0.5412371134020618,0.5555555555555556,0.375,0.5732484076433121,0.5412371134020618,0.0,0.0,0.0,0.0
bull_to_bear,0.14,0.97,0.0,0.0,0,351,351,0.5555555555555556,0.375,0.5732484076433121,0.5412371134020618,0.5555555555555556,0.375,0.5732484076433121,0.5412371134020618,0.0,0.0,0.0,0.0
bull_to_neutral,0.14,0.97,0.0,-0.05,0,351,351,0.5555555555555556,0.375,0.5732484076433121,0.5412371134020618,0.5555555555555556,0.375,0.5732484076433121,0.5412371134020618,0.0,0.0,0.0,0.0
bull_to_bear,0.14,0.97,0.0,-0.05,0,351,351,0.5555555555555556,0.375,0.5732484076433121,0.5412371134020618,0.5555555555555556,0.375,0.5732484076433121,0.5412371134020618,0.0,0.0,0.0,0.0
bull_to_neutral,0.14,0.97,0.0,-0.1,0,351,351,0.5555555555555556,0.375,0.5732484076433121,0.5412371134020618,0.5555555555555556,0.375,0.5732484076433121,0.5412371134020618,0.0,0.0,0.0,0.0
bull_to_bear,0.14,0.97,0.0,-0.1,0,351,351,0.5555555555555556,0.375,0.5732484076433121,0.5412371134020618,0.5555555555555556,0.375,0.5732484076433121,0.5412371134020618,0.0,0.0,0.0,0.0
bull_to_neutral,0.14,0.97,5.0,,0,351,351,0.5555555555555556,0.375,0.5732484076433121,0.5412371134020618,0.5555555555555556,0.375,0.5732484076433121,0.5412371134020618,0.0,0.0,0.0,0.0
bull_to_bear,0.14,0.97,5.0,,0,351,351,0.5555555555555556,0.375,0.5732484076433121,0.5412371134020618,0.5555555555555556,0.375,0.5732484076433121,0.5412371134020618,0.0,0.0,0.0,0.0
bull_to_neutral,0.14,0.97,5.0,0.0,0,351,351,0.5555555555555556,0.375,0.5732484076433121,0.5412371134020618,0.5555555555555556,0.375,0.5732484076433121,0.5412371134020618,0.0,0.0,0.0,0.0
bull_to_bear,0.14,0.97,5.0,0.0,0,351,351,0.5555555555555556,0.375,0.5732484076433121,0.5412371134020618,0.5555555555555556,0.375,0.5732484076433121,0.5412371134020618,0.0,0.0,0.0,0.0
bull_to_neutral,0.14,0.97,5.0,-0.05,0,351,351,0.5555555555555556,0.375,0.5732484076433121,0.5412371134020618,0.5555555555555556,0.375,0.5732484076433121,0.5412371134020618,0.0,0.0,0.0,0.0
bull_to_bear,0.14,0.97,5.0,-0.05,0,351,351,0.5555555555555556,0.375,0.5732484076433121,0.5412371134020618,0.5555555555555556,0.375,0.5732484076433121,0.5412371134020618,0.0,0.0,0.0,0.0
bull_to_neutral,0.14,0.97,5.0,-0.1,0,351,351,0.5555555555555556,0.375,0.5732484076433121,0.5412371134020618,0.5555555555555556,0.375,0.5732484076433121,0.5412371134020618,0.0,0.0,0.0,0.0
bull_to_bear,0.14,0.97,5.0,-0.1,0,351,351,0.5555555555555556,0.375,0.5732484076433121,0.5412371134020618,0.5555555555555556,0.375,0.5732484076433121,0.5412371134020618,0.0,0.0,0.0,0.0
bull_to_neutral,0.14,0.97,10.0,,0,351,351,0.5555555555555556,0.375,0.5732484076433121,0.5412371134020618,0.5555555555555556,0.375,0.5732484076433121,0.5412371134020618,0.0,0.0,0.0,0.0
bull_to_bear,0.14,0.97,10.0,,0,351,351,0.5555555555555556,0.375,0.5732484076433121,0.5412371134020618,0.5555555555555556,0.375,0.5732484076433121,0.5412371134020618,0.0,0.0,0.0,0.0
bull_to_neutral,0.14,0.97,10.0,0.0,0,351,351,0.5555555555555556,0.375,0.5732484076433121,0.5412371134020618,0.5555555555555556,0.375,0.5732484076433121,0.5412371134020618,0.0,0.0,0.0,0.0
bull_to_bear,0.14,0.97,10.0,0.0,0,351,351,0.5555555555555556,0.375,0.5732484076433121,0.5412371134020618,0.5555555555555556,0.375,0.5732484076433121,0.5412371134020618,0.0,0.0,0.0,0.0
bull_to_neutral,0.14,0.97,10.0,-0.05,0,351,351,0.5555555555555556,0.375,0.5732484076433121,0.5412371134020618,0.5555555555555556,0.375,0.5732484076433121,0.5412371134020618,0.0,0.0,0.0,0.0
bull_to_bear,0.14,0.97,10.0,-0.05,0,351,351,0.5555555555555556,0.375,0.5732484076433121,0.5412371134020618,0.5555555555555556,0.375,0.5732484076433121,0.5412371134020618,0.0,0.0,0.0,0.0
bull_to_neutral,0.14,0.97,10.0,-0.1,0,351,351,0.5555555555555556,0.375,0.5732484076433121,0.5412371134020618,0.5555555555555556,0.375,0.5732484076433121,0.5412371134020618,0.0,0.0,0.0,0.0
bull_to_bear,0.14,0.97,10.0,-0.1,0,351,351,0.5555555555555556,0.375,0.5732484076433121,0.5412371134020618,0.5555555555555556,0.375,0.5732484076433121,0.5412371134020618,0.0,0.0,0.0,0.0
bull_to_neutral,0.14,0.97,15.0,,0,351,351,0.5555555555555556,0.375,0.5732484076433121,0.5412371134020618,0.5555555555555556,0.375,0.5732484076433121,0.5412371134020618,0.0,0.0,0.0,0.0
bull_to_bear,0.14,0.97,15.0,,0,351,351,0.5555555555555556,0.375,0.5732484076433121,0.5412371134020618,0.5555555555555556,0.375,0.5732484076433121,0.5412371134020618,0.0,0.0,0.0,0.0
bull_to_neutral,0.14,0.97,15.0,0.0,0,351,351,0.5555555555555556,0.375,0.5732484076433121,0.5412371134020618,0.5555555555555556,0.375,0.5732484076433121,0.5412371134020618,0.0,0.0,0.0,0.0
bull_to_bear,0.14,0.97,15.0,0.0,0,351,351,0.5555555555555556,0.375,0.5732484076433121,0.5412371134020618,0.5555555555555556,0.375,0.5732484076433121,0.5412371134020618,0.0,0.0,0.0,0.0
bull_to_neutral,0.14,0.97,15.0,-0.05,0,351,351,0.5555555555555556,0.375,0.5732484076433121,0.5412371134020618,0.5555555555555556,0.375,0.5732484076433121,0.5412371134020618,0.0,0.0,0.0,0.0
bull_to_bear,0.14,0.97,15.0,-0.05,0,351,351,0.5555555555555556,0.375,0.5732484076433121,0.5412371134020618,0.5555555555555556,0.375,0.5732484076433121,0.5412371134020618,0.0,0.0,0.0,0.0
bull_to_neutral,0.14,0.97,15.0,-0.1,0,351,351,0.5555555555555556,0.375,0.5732484076433121,0.5412371134020618,0.5555555555555556,0.375,0.5732484076433121,0.5412371134020618,0.0,0.0,0.0,0.0
bull_to_bear,0.14,0.97,15.0,-0.1,0,351,351,0.5555555555555556,0.375,0.5732484076433121,0.5412371134020618,0.5555555555555556,0.375,0.5732484076433121,0.5412371134020618,0.0,0.0,0.0,0.0
bull_to_neutral,0.14,0.95,,,0,351,351,0.5555555555555556,0.375,0.5732484076433121,0.5412371134020618,0.5555555555555556,0.375,0.5732484076433121,0.5412371134020618,0.0,0.0,0.0,0.0
bull_to_bear,0.14,0.95,,,0,351,351,0.5555555555555556,0.375,0.5732484076433121,0.5412371134020618,0.5555555555555556,0.375,0.5732484076433121,0.5412371134020618,0.0,0.0,0.0,0.0
bull_to_neutral,0.14,0.95,,0.0,0,351,351,0.5555555555555556,0.375,0.5732484076433121,0.5412371134020618,0.5555555555555556,0.375,0.5732484076433121,0.5412371134020618,0.0,0.0,0.0,0.0
bull_to_bear,0.14,0.95,,0.0,0,351,351,0.5555555555555556,0.375,0.5732484076433121,0.5412371134020618,0.5555555555555556,0.375,0.5732484076433121,0.5412371134020618,0.0,0.0,0.0,0.0
bull_to_neutral,0.14,0.95,,-0.05,0,351,351,0.5555555555555556,0.375,0.5732484076433121,0.5412371134020618,0.5555555555555556,0.375,0.5732484076433121,0.5412371134020618,0.0,0.0,0.0,0.0
bull_to_bear,0.14,0.95,,-0.05,0,351,351,0.5555555555555556,0.375,0.5732484076433121,0.5412371134020618,0.5555555555555556,0.375,0.5732484076433121,0.5412371134020618,0.0,0.0,0.0,0.0
bull_to_neutral,0.14,0.95,,-0.1,0,351,351,0.5555555555555556,0.375,0.5732484076433121,0.5412371134020618,0.5555555555555556,0.375,0.5732484076433121,0.5412371134020618,0.0,0.0,0.0,0.0
bull_to_bear,0.14,0.95,,-0.1,0,351,351,0.5555555555555556,0.375,0.5732484076433121,0.5412371134020618,0.5555555555555556,0.375,0.5732484076433121,0.5412371134020618,0.0,0.0,0.0,0.0
bull_to_neutral,0.14,0.95,0.0,,0,351,351,0.5555555555555556,0.375,0.5732484076433121,0.5412371134020618,0.5555555555555556,0.375,0.5732484076433121,0.5412371134020618,0.0,0.0,0.0,0.0
bull_to_bear,0.14,0.95,0.0,,0,351,351,0.5555555555555556,0.375,0.5732484076433121,0.5412371134020618,0.5555555555555556,0.375,0.5732484076433121,0.5412371134020618,0.0,0.0,0.0,0.0
bull_to_neutral,0.14,0.95,0.0,0.0,0,351,351,0.5555555555555556,0.375,0.5732484076433121,0.5412371134020618,0.5555555555555556,0.375,0.5732484076433121,0.5412371134020618,0.0,0.0,0.0,0.0
bull_to_bear,0.14,0.95,0.0,0.0,0,351,351,0.5555555555555556,0.375,0.5732484076433121,0.5412371134020618,0.5555555555555556,0.375,0.5732484076433121,0.5412371134020618,0.0,0.0,0.0,0.0
bull_to_neutral,0.14,0.95,0.0,-0.05,0,351,351,0.5555555555555556,0.375,0.5732484076433121,0.5412371134020618,0.5555555555555556,0.375,0.5732484076433121,0.5412371134020618,0.0,0.0,0.0,0.0
bull_to_bear,0.14,0.95,0.0,-0.05,0,351,351,0.5555555555555556,0.375,0.5732484076433121,0.5412371134020618,0.5555555555555556,0.375,0.5732484076433121,0.5412371134020618,0.0,0.0,0.0,0.0
bull_to_neutral,0.14,0.95,0.0,-0.1,0,351,351,0.5555555555555556,0.375,0.5732484076433121,0.5412371134020618,0.5555555555555556,0.375,0.5732484076433121,0.5412371134020618,0.0,0.0,0.0,0.0
bull_to_bear,0.14,0.95,0.0,-0.1,0,351,351,0.5555555555555556,0.375,0.5732484076433121,0.5412371134020618,0.5555555555555556,0.375,0.5732484076433121,0.5412371134020618,0.0,0.0,0.0,0.0
bull_to_neutral,0.14,0.95,5.0,,0,351,351,0.5555555555555556,0.375,0.5732484076433121,0.5412371134020618,0.5555555555555556,0.375,0.5732484076433121,0.5412371134020618,0.0,0.0,0.0,0.0
bull_to_bear,0.14,0.95,5.0,,0,351,351,0.5555555555555556,0.375,0.5732484076433121,0.5412371134020618,0.5555555555555556,0.375,0.5732484076433121,0.5412371134020618,0.0,0.0,0.0,0.0
bull_to_neutral,0.14,0.95,5.0,0.0,0,351,351,0.5555555555555556,0.375,0.5732484076433121,0.5412371134020618,0.5555555555555556,0.375,0.5732484076433121,0.5412371134020618,0.0,0.0,0.0,0.0
bull_to_bear,0.14,0.95,5.0,0.0,0,351,351,0.5555555555555556,0.375,0.5732484076433121,0.5412371134020618,0.5555555555555556,0.375,0.5732484076433121,0.5412371134020618,0.0,0.0,0.0,0.0
bull_to_neutral,0.14,0.95,5.0,-0.05,0,351,351,0.5555555555555556,0.375,0.5732484076433121,0.5412371134020618,0.5555555555555556,0.375,0.5732484076433121,0.5412371134020618,0.0,0.0,0.0,0.0
bull_to_bear,0.14,0.95,5.0,-0.05,0,351,351,0.5555555555555556,0.375,0.5732484076433121,0.5412371134020618,0.5555555555555556,0.375,0.5732484076433121,0.5412371134020618,0.0,0.0,0.0,0.0
bull_to_neutral,0.14,0.95,5.0,-0.1,0,351,351,0.5555555555555556,0.375,0.5732484076433121,0.5412371134020618,0.5555555555555556,0.375,0.5732484076433121,0.5412371134020618,0.0,0.0,0.0,0.0
bull_to_bear,0.14,0.95,5.0,-0.1,0,351,351,0.5555555555555556,0.375,0.5732484076433121,0.5412371134020618,0.5555555555555556,0.375,0.5732484076433121,0.5412371134020618,0.0,0.0,0.0,0.0
bull_to_neutral,0.14,0.95,10.0,,0,351,351,0.5555555555555556,0.375,0.5732484076433121,0.5412371134020618,0.5555555555555556,0.375,0.5732484076433121,0.5412371134020618,0.0,0.0,0.0,0.0
bull_to_bear,0.14,0.95,10.0,,0,351,351,0.5555555555555556,0.375,0.5732484076433121,0.5412371134020618,0.5555555555555556,0.375,0.5732484076433121,0.5412371134020618,0.0,0.0,0.0,0.0
bull_to_neutral,0.14,0.95,10.0,0.0,0,351,351,0.5555555555555556,0.375,0.5732484076433121,0.5412371134020618,0.5555555555555556,0.375,0.5732484076433121,0.5412371134020618,0.0,0.0,0.0,0.0
bull_to_bear,0.14,0.95,10.0,0.0,0,351,351,0.5555555555555556,0.375,0.5732484076433121,0.5412371134020618,0.5555555555555556,0.375,0.5732484076433121,0.5412371134020618,0.0,0.0,0.0,0.0
bull_to_neutral,0.14,0.95,10.0,-0.05,0,351,351,0.5555555555555556,0.375,0.5732484076433121,0.5412371134020618,0.5555555555555556,0.375,0.5732484076433121,0.5412371134020618,0.0,0.0,0.0,0.0
bull_to_bear,0.14,0.95,10.0,-0.05,0,351,351,0.5555555555555556,0.375,0.5732484076433121,0.5412371134020618,0.5555555555555556,0.375,0.5732484076433121,0.5412371134020618,0.0,0.0,0.0,0.0
bull_to_neutral,0.14,0.95,10.0,-0.1,0,351,351,0.5555555555555556,0.375,0.5732484076433121,0.5412371134020618,0.5555555555555556,0.375,0.5732484076433121,0.5412371134020618,0.0,0.0,0.0,0.0
bull_to_bear,0.14,0.95,10.0,-0.1,0,351,351,0.5555555555555556,0.375,0.5732484076433121,0.5412371134020618,0.5555555555555556,0.375,0.5732484076433121,0.5412371134020618,0.0,0.0,0.0,0.0
bull_to_neutral,0.14,0.95,15.0,,0,351,351,0.5555555555555556,0.375,0.5732484076433121,0.5412371134020618,0.5555555555555556,0.375,0.5732484076433121,0.5412371134020618,0.0,0.0,0.0,0.0
bull_to_bear,0.14,0.95,15.0,,0,351,351,0.5555555555555556,0.375,0.5732484076433121,0.5412371134020618,0.5555555555555556,0.375,0.5732484076433121,0.5412371134020618,0.0,0.0,0.0,0.0
bull_to_neutral,0.14,0.95,15.0,0.0,0,351,351,0.5555555555555556,0.375,0.5732484076433121,0.5412371134020618,0.5555555555555556,0.375,0.5732484076433121,0.5412371134020618,0.0,0.0,0.0,0.0
bull_to_bear,0.14,0.95,15.0,0.0,0,351,351,0.5555555555555556,0.375,0.5732484076433121,0.5412371134020618,0.5555555555555556,0.375,0.5732484076433121,0.5412371134020618,0.0,0.0,0.0,0.0
bull_to_neutral,0.14,0.95,15.0,-0.05,0,351,351,0.5555555555555556,0.375,0.5732484076433121,0.5412371134020618,0.5555555555555556,0.375,0.5732484076433121,0.5412371134020618,0.0,0.0,0.0,0.0
bull_to_bear,0.14,0.95,15.0,-0.05,0,351,351,0.5555555555555556,0.375,0.5732484076433121,0.5412371134020618,0.5555555555555556,0.375,0.5732484076433121,0.5412371134020618,0.0,0.0,0.0,0.0
bull_to_neutral,0.14,0.95,15.0,-0.1,0,351,351,0.5555555555555556,0.375,0.5732484076433121,0.5412371134020618,0.5555555555555556,0.375,0.5732484076433121,0.5412371134020618,0.0,0.0,0.0,0.0
bull_to_bear,0.14,0.95,15.0,-0.1,0,351,351,0.5555555555555556,0.375,0.5732484076433121,0.5412371134020618,0.5555555555555556,0.375,0.5732484076433121,0.5412371134020618,0.0,0.0,0.0,0.0
bull_to_neutral,0.14,0.93,,,0,351,351,0.5555555555555556,0.375,0.5732484076433121,0.5412371134020618,0.5555555555555556,0.375,0.5732484076433121,0.5412371134020618,0.0,0.0,0.0,0.0
bull_to_bear,0.14,0.93,,,0,351,351,0.5555555555555556,0.375,0.5732484076433121,0.5412371134020618,0.5555555555555556,0.375,0.5732484076433121,0.5412371134020618,0.0,0.0,0.0,0.0
bull_to_neutral,0.14,0.93,,0.0,0,351,351,0.5555555555555556,0.375,0.5732484076433121,0.5412371134020618,0.5555555555555556,0.375,0.5732484076433121,0.5412371134020618,0.0,0.0,0.0,0.0
bull_to_bear,0.14,0.93,,0.0,0,351,351,0.5555555555555556,0.375,0.5732484076433121,0.5412371134020618,0.5555555555555556,0.375,0.5732484076433121,0.5412371134020618,0.0,0.0,0.0,0.0
bull_to_neutral,0.14,0.93,,-0.05,0,351,351,0.5555555555555556,0.375,0.5732484076433121,0.5412371134020618,0.5555555555555556,0.375,0.5732484076433121,0.5412371134020618,0.0,0.0,0.0,0.0
bull_to_bear,0.14,0.93,,-0.05,0,351,351,0.5555555555555556,0.375,0.5732484076433121,0.5412371134020618,0.5555555555555556,0.375,0.5732484076433121,0.5412371134020618,0.0,0.0,0.0,0.0
bull_to_neutral,0.14,0.93,,-0.1,0,351,351,0.5555555555555556,0.375,0.5732484076433121,0.5412371134020618,0.5555555555555556,0.375,0.5732484076433121,0.5412371134020618,0.0,0.0,0.0,0.0
bull_to_bear,0.14,0.93,,-0.1,0,351,351,0.5555555555555556,0.375,0.5732484076433121,0.5412371134020618,0.5555555555555556,0.375,0.5732484076433121,0.5412371134020618,0.0,0.0,0.0,0.0
bull_to_neutral,0.14,0.93,0.0,,0,351,351,0.5555555555555556,0.375,0.5732484076433121,0.5412371134020618,0.5555555555555556,0.375,0.5732484076433121,0.5412371134020618,0.0,0.0,0.0,0.0
bull_to_bear,0.14,0.93,0.0,,0,351,351,0.5555555555555556,0.375,0.5732484076433121,0.5412371134020618,0.5555555555555556,0.375,0.5732484076433121,0.5412371134020618,0.0,0.0,0.0,0.0
bull_to_neutral,0.14,0.93,0.0,0.0,0,351,351,0.5555555555555556,0.375,0.5732484076433121,0.5412371134020618,0.5555555555555556,0.375,0.5732484076433121,0.5412371134020618,0.0,0.0,0.0,0.0
bull_to_bear,0.14,0.93,0.0,0.0,0,351,351,0.5555555555555556,0.375,0.5732484076433121,0.5412371134020618,0.5555555555555556,0.375,0.5732484076433121,0.5412371134020618,0.0,0.0,0.0,0.0
bull_to_neutral,0.14,0.93,0.0,-0.05,0,351,351,0.5555555555555556,0.375,0.5732484076433121,0.5412371134020618,0.5555555555555556,0.375,0.5732484076433121,0.5412371134020618,0.0,0.0,0.0,0.0
bull_to_bear,0.14,0.93,0.0,-0.05,0,351,351,0.5555555555555556,0.375,0.5732484076433121,0.5412371134020618,0.5555555555555556,0.375,0.5732484076433121,0.5412371134020618,0.0,0.0,0.0,0.0
bull_to_neutral,0.14,0.93,0.0,-0.1,0,351,351,0.5555555555555556,0.375,0.5732484076433121,0.5412371134020618,0.5555555555555556,0.375,0.5732484076433121,0.5412371134020618,0.0,0.0,0.0,0.0
bull_to_bear,0.14,0.93,0.0,-0.1,0,351,351,0.5555555555555556,0.375,0.5732484076433121,0.5412371134020618,0.5555555555555556,0.375,0.5732484076433121,0.5412371134020618,0.0,0.0,0.0,0.0
bull_to_neutral,0.14,0.93,5.0,,0,351,351,0.5555555555555556,0.375,0.5732484076433121,0.5412371134020618,0.5555555555555556,0.375,0.5732484076433121,0.5412371134020618,0.0,0.0,0.0,0.0
bull_to_bear,0.14,0.93,5.0,,0,351,351,0.5555555555555556,0.375,0.5732484076433121,0.5412371134020618,0.5555555555555556,0.375,0.5732484076433121,0.5412371134020618,0.0,0.0,0.0,0.0
bull_to_neutral,0.14,0.93,5.0,0.0,0,351,351,0.5555555555555556,0.375,0.5732484076433121,0.5412371134020618,0.5555555555555556,0.375,0.5732484076433121,0.5412371134020618,0.0,0.0,0.0,0.0
bull_to_bear,0.14,0.93,5.0,0.0,0,351,351,0.5555555555555556,0.375,0.5732484076433121,0.5412371134020618,0.5555555555555556,0.375,0.5732484076433121,0.5412371134020618,0.0,0.0,0.0,0.0
bull_to_neutral,0.14,0.93,5.0,-0.05,0,351,351,0.5555555555555556,0.375,0.5732484076433121,0.5412371134020618,0.5555555555555556,0.375,0.5732484076433121,0.5412371134020618,0.0,0.0,0.0,0.0
bull_to_bear,0.14,0.93,5.0,-0.05,0,351,351,0.5555555555555556,0.375,0.5732484076433121,0.5412371134020618,0.5555555555555556,0.375,0.5732484076433121,0.5412371134020618,0.0,0.0,0.0,0.0
bull_to_neutral,0.14,0.93,5.0,-0.1,0,351,351,0.5555555555555556,0.375,0.5732484076433121,0.5412371134020618,0.5555555555555556,0.375,0.5732484076433121,0.5412371134020618,0.0,0.0,0.0,0.0
bull_to_bear,0.14,0.93,5.0,-0.1,0,351,351,0.5555555555555556,0.375,0.5732484076433121,0.5412371134020618,0.5555555555555556,0.375,0.5732484076433121,0.5412371134020618,0.0,0.0,0.0,0.0
bull_to_neutral,0.14,0.93,10.0,,0,351,351,0.5555555555555556,0.375,0.5732484076433121,0.5412371134020618,0.5555555555555556,0.375,0.5732484076433121,0.5412371134020618,0.0,0.0,0.0,0.0
bull_to_bear,0.14,0.93,10.0,,0,351,351,0.5555555555555556,0.375,0.5732484076433121,0.5412371134020618,0.5555555555555556,0.375,0.5732484076433121,0.5412371134020618,0.0,0.0,0.0,0.0
bull_to_neutral,0.14,0.93,10.0,0.0,0,351,351,0.5555555555555556,0.375,0.5732484076433121,0.5412371134020618,0.5555555555555556,0.375,0.5732484076433121,0.5412371134020618,0.0,0.0,0.0,0.0
bull_to_bear,0.14,0.93,10.0,0.0,0,351,351,0.5555555555555556,0.375,0.5732484076433121,0.5412371134020618,0.5555555555555556,0.375,0.5732484076433121,0.5412371134020618,0.0,0.0,0.0,0.0
bull_to_neutral,0.14,0.93,10.0,-0.05,0,351,351,0.5555555555555556,0.375,0.5732484076433121,0.5412371134020618,0.5555555555555556,0.375,0.5732484076433121,0.5412371134020618,0.0,0.0,0.0,0.0
bull_to_bear,0.14,0.93,10.0,-0.05,0,351,351,0.5555555555555556,0.375,0.5732484076433121,0.5412371134020618,0.5555555555555556,0.375,0.5732484076433121,0.5412371134020618,0.0,0.0,0.0,0.0
bull_to_neutral,0.14,0.93,10.0,-0.1,0,351,351,0.5555555555555556,0.375,0.5732484076433121,0.5412371134020618,0.5555555555555556,0.375,0.5732484076433121,0.5412371134020618,0.0,0.0,0.0,0.0
bull_to_bear,0.14,0.93,10.0,-0.1,0,351,351,0.5555555555555556,0.375,0.5732484076433121,0.5412371134020618,0.5555555555555556,0.375,0.5732484076433121,0.5412371134020618,0.0,0.0,0.0,0.0
bull_to_neutral,0.14,0.93,15.0,,0,351,351,0.5555555555555556,0.375,0.5732484076433121,0.5412371134020618,0.5555555555555556,0.375,0.5732484076433121,0.5412371134020618,0.0,0.0,0.0,0.0
bull_to_bear,0.14,0.93,15.0,,0,351,351,0.5555555555555556,0.375,0.5732484076433121,0.5412371134020618,0.5555555555555556,0.375,0.5732484076433121,0.5412371134020618,0.0,0.0,0.0,0.0
bull_to_neutral,0.14,0.93,15.0,0.0,0,351,351,0.5555555555555556,0.375,0.5732484076433121,0.5412371134020618,0.5555555555555556,0.375,0.5732484076433121,0.5412371134020618,0.0,0.0,0.0,0.0
bull_to_bear,0.14,0.93,15.0,0.0,0,351,351,0.5555555555555556,0.375,0.5732484076433121,0.5412371134020618,0.5555555555555556,0.375,0.5732484076433121,0.5412371134020618,0.0,0.0,0.0,0.0
bull_to_neutral,0.14,0.93,15.0,-0.05,0,351,351,0.5555555555555556,0.375,0.5732484076433121,0.5412371134020618,0.5555555555555556,0.375,0.5732484076433121,0.5412371134020618,0.0,0.0,0.0,0.0
bull_to_bear,0.14,0.93,15.0,-0.05,0,351,351,0.5555555555555556,0.375,0.5732484076433121,0.5412371134020618,0.5555555555555556,0.375,0.5732484076433121,0.5412371134020618,0.0,0.0,0.0,0.0
bull_to_neutral,0.14,0.93,15.0,-0.1,0,351,351,0.5555555555555556,0.375,0.5732484076433121,0.5412371134020618,0.5555555555555556,0.375,0.5732484076433121,0.5412371134020618,0.0,0.0,0.0,0.0
bull_to_bear,0.14,0.93,15.0,-0.1,0,351,351,0.5555555555555556,0.375,0.5732484076433121,0.5412371134020618,0.5555555555555556,0.375,0.5732484076433121,0.5412371134020618,0.0,0.0,0.0,0.0
bull_to_neutral,0.14,0.9,,,0,351,351,0.5555555555555556,0.375,0.5732484076433121,0.5412371134020618,0.5555555555555556,0.375,0.5732484076433121,0.5412371134020618,0.0,0.0,0.0,0.0
bull_to_bear,0.14,0.9,,,0,351,351,0.5555555555555556,0.375,0.5732484076433121,0.5412371134020618,0.5555555555555556,0.375,0.5732484076433121,0.5412371134020618,0.0,0.0,0.0,0.0
bull_to_neutral,0.14,0.9,,0.0,0,351,351,0.5555555555555556,0.375,0.5732484076433121,0.5412371134020618,0.5555555555555556,0.375,0.5732484076433121,0.5412371134020618,0.0,0.0,0.0,0.0
bull_to_bear,0.14,0.9,,0.0,0,351,351,0.5555555555555556,0.375,0.5732484076433121,0.5412371134020618,0.5555555555555556,0.375,0.5732484076433121,0.5412371134020618,0.0,0.0,0.0,0.0
bull_to_neutral,0.14,0.9,,-0.05,0,351,351,0.5555555555555556,0.375,0.5732484076433121,0.5412371134020618,0.5555555555555556,0.375,0.5732484076433121,0.5412371134020618,0.0,0.0,0.0,0.0
bull_to_bear,0.14,0.9,,-0.05,0,351,351,0.5555555555555556,0.375,0.5732484076433121,0.5412371134020618,0.5555555555555556,0.375,0.5732484076433121,0.5412371134020618,0.0,0.0,0.0,0.0
bull_to_neutral,0.14,0.9,,-0.1,0,351,351,0.5555555555555556,0.375,0.5732484076433121,0.5412371134020618,0.5555555555555556,0.375,0.5732484076433121,0.5412371134020618,0.0,0.0,0.0,0.0
bull_to_bear,0.14,0.9,,-0.1,0,351,351,0.5555555555555556,0.375,0.5732484076433121,0.5412371134020618,0.5555555555555556,0.375,0.5732484076433121,0.5412371134020618,0.0,0.0,0.0,0.0
bull_to_neutral,0.14,0.9,0.0,,0,351,351,0.5555555555555556,0.375,0.5732484076433121,0.5412371134020618,0.5555555555555556,0.375,0.5732484076433121,0.5412371134020618,0.0,0.0,0.0,0.0
bull_to_bear,0.14,0.9,0.0,,0,351,351,0.5555555555555556,0.375,0.5732484076433121,0.5412371134020618,0.5555555555555556,0.375,0.5732484076433121,0.5412371134020618,0.0,0.0,0.0,0.0
bull_to_neutral,0.14,0.9,0.0,0.0,0,351,351,0.5555555555555556,0.375,0.5732484076433121,0.5412371134020618,0.5555555555555556,0.375,0.5732484076433121,0.5412371134020618,0.0,0.0,0.0,0.0
bull_to_bear,0.14,0.9,0.0,0.0,0,351,351,0.5555555555555556,0.375,0.5732484076433121,0.5412371134020618,0.5555555555555556,0.375,0.5732484076433121,0.5412371134020618,0.0,0.0,0.0,0.0
bull_to_neutral,0.14,0.9,0.0,-0.05,0,351,351,0.5555555555555556,0.375,0.5732484076433121,0.5412371134020618,0.5555555555555556,0.375,0.5732484076433121,0.5412371134020618,0.0,0.0,0.0,0.0
bull_to_bear,0.14,0.9,0.0,-0.05,0,351,351,0.5555555555555556,0.375,0.5732484076433121,0.5412371134020618,0.5555555555555556,0.375,0.5732484076433121,0.5412371134020618,0.0,0.0,0.0,0.0
bull_to_neutral,0.14,0.9,0.0,-0.1,0,351,351,0.5555555555555556,0.375,0.5732484076433121,0.5412371134020618,0.5555555555555556,0.375,0.5732484076433121,0.5412371134020618,0.0,0.0,0.0,0.0
bull_to_bear,0.14,0.9,0.0,-0.1,0,351,351,0.5555555555555556,0.375,0.5732484076433121,0.5412371134020618,0.5555555555555556,0.375,0.5732484076433121,0.5412371134020618,0.0,0.0,0.0,0.0
bull_to_neutral,0.14,0.9,5.0,,0,351,351,0.5555555555555556,0.375,0.5732484076433121,0.5412371134020618,0.5555555555555556,0.375,0.5732484076433121,0.5412371134020618,0.0,0.0,0.0,0.0
bull_to_bear,0.14,0.9,5.0,,0,351,351,0.5555555555555556,0.375,0.5732484076433121,0.5412371134020618,0.5555555555555556,0.375,0.5732484076433121,0.5412371134020618,0.0,0.0,0.0,0.0
bull_to_neutral,0.14,0.9,5.0,0.0,0,351,351,0.5555555555555556,0.375,0.5732484076433121,0.5412371134020618,0.5555555555555556,0.375,0.5732484076433121,0.5412371134020618,0.0,0.0,0.0,0.0
bull_to_bear,0.14,0.9,5.0,0.0,0,351,351,0.5555555555555556,0.375,0.5732484076433121,0.5412371134020618,0.5555555555555556,0.375,0.5732484076433121,0.5412371134020618,0.0,0.0,0.0,0.0
bull_to_neutral,0.14,0.9,5.0,-0.05,0,351,351,0.5555555555555556,0.375,0.5732484076433121,0.5412371134020618,0.5555555555555556,0.375,0.5732484076433121,0.5412371134020618,0.0,0.0,0.0,0.0
bull_to_bear,0.14,0.9,5.0,-0.05,0,351,351,0.5555555555555556,0.375,0.5732484076433121,0.5412371134020618,0.5555555555555556,0.375,0.5732484076433121,0.5412371134020618,0.0,0.0,0.0,0.0
bull_to_neutral,0.14,0.9,5.0,-0.1,0,351,351,0.5555555555555556,0.375,0.5732484076433121,0.5412371134020618,0.5555555555555556,0.375,0.5732484076433121,0.5412371134020618,0.0,0.0,0.0,0.0
bull_to_bear,0.14,0.9,5.0,-0.1,0,351,351,0.5555555555555556,0.375,0.5732484076433121,0.5412371134020618,0.5555555555555556,0.375,0.5732484076433121,0.5412371134020618,0.0,0.0,0.0,0.0
bull_to_neutral,0.14,0.9,10.0,,0,351,351,0.5555555555555556,0.375,0.5732484076433121,0.5412371134020618,0.5555555555555556,0.375,0.5732484076433121,0.5412371134020618,0.0,0.0,0.0,0.0
bull_to_bear,0.14,0.9,10.0,,0,351,351,0.5555555555555556,0.375,0.5732484076433121,0.5412371134020618,0.5555555555555556,0.375,0.5732484076433121,0.5412371134020618,0.0,0.0,0.0,0.0
bull_to_neutral,0.14,0.9,10.0,0.0,0,351,351,0.5555555555555556,0.375,0.5732484076433121,0.5412371134020618,0.5555555555555556,0.375,0.5732484076433121,0.5412371134020618,0.0,0.0,0.0,0.0
bull_to_bear,0.14,0.9,10.0,0.0,0,351,351,0.5555555555555556,0.375,0.5732484076433121,0.5412371134020618,0.5555555555555556,0.375,0.5732484076433121,0.5412371134020618,0.0,0.0,0.0,0.0
bull_to_neutral,0.14,0.9,10.0,-0.05,0,351,351,0.5555555555555556,0.375,0.5732484076433121,0.5412371134020618,0.5555555555555556,0.375,0.5732484076433121,0.5412371134020618,0.0,0.0,0.0,0.0
bull_to_bear,0.14,0.9,10.0,-0.05,0,351,351,0.5555555555555556,0.375,0.5732484076433121,0.5412371134020618,0.5555555555555556,0.375,0.5732484076433121,0.5412371134020618,0.0,0.0,0.0,0.0
bull_to_neutral,0.14,0.9,10.0,-0.1,0,351,351,0.5555555555555556,0.375,0.5732484076433121,0.5412371134020618,0.5555555555555556,0.375,0.5732484076433121,0.5412371134020618,0.0,0.0,0.0,0.0
bull_to_bear,0.14,0.9,10.0,-0.1,0,351,351,0.5555555555555556,0.375,0.5732484076433121,0.5412371134020618,0.5555555555555556,0.375,0.5732484076433121,0.5412371134020618,0.0,0.0,0.0,0.0
bull_to_neutral,0.14,0.9,15.0,,0,351,351,0.5555555555555556,0.375,0.5732484076433121,0.5412371134020618,0.5555555555555556,0.375,0.5732484076433121,0.5412371134020618,0.0,0.0,0.0,0.0
bull_to_bear,0.14,0.9,15.0,,0,351,351,0.5555555555555556,0.375,0.5732484076433121,0.5412371134020618,0.5555555555555556,0.375,0.5732484076433121,0.5412371134020618,0.0,0.0,0.0,0.0
bull_to_neutral,0.14,0.9,15.0,0.0,0,351,351,0.5555555555555556,0.375,0.5732484076433121,0.5412371134020618,0.5555555555555556,0.375,0.5732484076433121,0.5412371134020618,0.0,0.0,0.0,0.0
bull_to_bear,0.14,0.9,15.0,0.0,0,351,351,0.5555555555555556,0.375,0.5732484076433121,0.5412371134020618,0.5555555555555556,0.375,0.5732484076433121,0.5412371134020618,0.0,0.0,0.0,0.0
bull_to_neutral,0.14,0.9,15.0,-0.05,0,351,351,0.5555555555555556,0.375,0.5732484076433121,0.5412371134020618,0.5555555555555556,0.375,0.5732484076433121,0.5412371134020618,0.0,0.0,0.0,0.0
bull_to_bear,0.14,0.9,15.0,-0.05,0,351,351,0.5555555555555556,0.375,0.5732484076433121,0.5412371134020618,0.5555555555555556,0.375,0.5732484076433121,0.5412371134020618,0.0,0.0,0.0,0.0
bull_to_neutral,0.14,0.9,15.0,-0.1,0,351,351,0.5555555555555556,0.375,0.5732484076433121,0.5412371134020618,0.5555555555555556,0.375,0.5732484076433121,0.5412371134020618,0.0,0.0,0.0,0.0
bull_to_bear,0.14,0.9,15.0,-0.1,0,351,351,0.5555555555555556,0.375,0.5732484076433121,0.5412371134020618,0.5555555555555556,0.375,0.5732484076433121,0.5412371134020618,0.0,0.0,0.0,0.0
bull_to_neutral,0.16,1.0,,,22,329,351,0.5555555555555556,0.375,0.5732484076433121,0.5412371134020618,0.5562310030395137,0.35149572649572647,0.5777777777777777,0.5412371134020618,0.0006754474839580915,-0.023504273504273532,0.004529370134465638,0.0
bull_to_bear,0.16,1.0,,,22,351,351,0.5555555555555556,0.375,0.5732484076433121,0.5412371134020618,0.5498575498575499,0.375,0.5777777777777777,0.5324074074074074,-0.005698005698005715,0.0,0.004529370134465638,-0.00882970599465438
bull_to_neutral,0.16,1.0,,0.0,20,331,351,0.5555555555555556,0.375,0.5732484076433121,0.5412371134020618,0.5558912386706949,0.35363247863247865,0.5766423357664233,0.5412371134020618,0.00033568311513931803,-0.021367521367521347,0.003393928123111234,0.0
bull_to_bear,0.16,1.0,,0.0,20,351,351,0.5555555555555556,0.375,0.5732484076433121,0.5412371134020618,0.5498575498575499,0.375,0.5766423357664233,0.5327102803738317,-0.005698005698005715,0.0,0.003393928123111234,-0.008526833028230096
bull_to_neutral,0.16,1.0,,-0.05,19,332,351,0.5555555555555556,0.375,0.5732484076433121,0.5412371134020618,0.5542168674698795,0.3547008547008547,0.572463768115942,0.5412371134020618,-0.0013386880856760541,-0.020299145299145283,-0.0007846395273700679,0.0
bull_to_bear,0.16,1.0,,-0.05,19,351,351,0.5555555555555556,0.375,0.5732484076433121,0.5412371134020618,0.5470085470085471,0.375,0.572463768115942,0.5305164319248826,-0.008547008547008517,0.0,-0.0007846395273700679,-0.010720681477179195
bull_to_neutral,0.16,1.0,,-0.1,18,333,351,0.5555555555555556,0.375,0.5732484076433121,0.5412371134020618,0.5555555555555556,0.3557692307692308,0.5755395683453237,0.5412371134020618,0.0,-0.019230769230769218,0.00229116070201163,0.0
bull_to_bear,0.16,1.0,,-0.1,18,351,351,0.5555555555555556,0.375,0.5732484076433121,0.5412371134020618,0.5498575498575499,0.375,0.5755395683453237,0.5330188679245284,-0.005698005698005715,0.0,0.00229116070201163,-0.00821824547753347
bull_to_neutral,0.16,1.0,0.0,,12,339,351,0.5555555555555556,0.375,0.5732484076433121,0.5412371134020618,0.56047197640118,0.36217948717948717,0.5862068965517241,0.5412371134020618,0.004916420845624381,-0.01282051282051283,0.012958488908412003,0.0
bull_to_bear,0.16,1.0,0.0,,12,351,351,0.5555555555555556,0.375,0.5732484076433121,0.5412371134020618,0.5612535612535613,0.375,0.5862068965517241,0.5436893203883495,0.005698005698005715,0.0,0.012958488908412003,0.002452206986287675
bull_to_neutral,0.16,1.0,0.0,0.0,12,339,351,0.5555555555555556,0.375,0.5732484076433121,0.5412371134020618,0.56047197640118,0.36217948717948717,0.5862068965517241,0.5412371134020618,0.004916420845624381,-0.01282051282051283,0.012958488908412003,0.0
bull_to_bear,0.16,1.0,0.0,0.0,12,351,351,0.5555555555555556,0.375,0.5732484076433121,0.5412371134020618,0.5612535612535613,0.375,0.5862068965517241,0.5436893203883495,0.005698005698005715,0.0,0.012958488908412003,0.002452206986287675
bull_to_neutral,0.16,1.0,0.0,-0.05,12,339,351,0.5555555555555556,0.375,0.5732484076433121,0.5412371134020618,0.56047197640118,0.36217948717948717,0.5862068965517241,0.5412371134020618,0.004916420845624381,-0.01282051282051283,0.012958488908412003,0.0
bull_to_bear,0.16,1.0,0.0,-0.05,12,351,351,0.5555555555555556,0.375,0.5732484076433121,0.5412371134020618,0.5612535612535613,0.375,0.5862068965517241,0.5436893203883495,0.005698005698005715,0.0,0.012958488908412003,0.002452206986287675
bull_to_neutral,0.16,1.0,0.0,-0.1,12,339,351,0.5555555555555556,0.375,0.5732484076433121,0.5412371134020618,0.56047197640118,0.36217948717948717,0.5862068965517241,0.5412371134020618,0.004916420845624381,-0.01282051282051283,0.012958488908412003,0.0
bull_to_bear,0.16,1.0,0.0,-0.1,12,351,351,0.5555555555555556,0.375,0.5732484076433121,0.5412371134020618,0.5612535612535613,0.375,0.5862068965517241,0.5436893203883495,0.005698005698005715,0.0,0.012958488908412003,0.002452206986287675
bull_to_neutral,0.16,1.0,5.0,,10,341,351,0.5555555555555556,0.375,0.5732484076433121,0.5412371134020618,0.5601173020527859,0.3643162393162393,0.5850340136054422,0.5412371134020618,0.00456174649723029,-0.010683760683760701,0.011785605962130075,0.0
bull_to_bear,0.16,1.0,5.0,,10,351,351,0.5555555555555556,0.375,0.5732484076433121,0.5412371134020618,0.5612535612535613,0.375,0.5850340136054422,0.5441176470588235,0.005698005698005715,0.0,0.011785605962130075,0.0028805336567616635
bull_to_neutral,0.16,1.0,5.0,0.0,10,341,351,0.5555555555555556,0.375,0.5732484076433121,0.5412371134020618,0.5601173020527859,0.3643162393162393,0.5850340136054422,0.5412371134020618,0.00456174649723029,-0.010683760683760701,0.011785605962130075,0.0
bull_to_bear,0.16,1.0,5.0,0.0,10,351,351,0.5555555555555556,0.375,0.5732484076433121,0.5412371134020618,0.5612535612535613,0.375,0.5850340136054422,0.5441176470588235,0.005698005698005715,0.0,0.011785605962130075,0.0028805336567616635
bull_to_neutral,0.16,1.0,5.0,-0.05,10,341,351,0.5555555555555556,0.375,0.5732484076433121,0.5412371134020618,0.5601173020527859,0.3643162393162393,0.5850340136054422,0.5412371134020618,0.00456174649723029,-0.010683760683760701,0.011785605962130075,0.0
bull_to_bear,0.16,1.0,5.0,-0.05,10,351,351,0.5555555555555556,0.375,0.5732484076433121,0.5412371134020618,0.5612535612535613,0.375,0.5850340136054422,0.5441176470588235,0.005698005698005715,0.0,0.011785605962130075,0.0028805336567616635
bull_to_neutral,0.16,1.0,5.0,-0.1,10,341,351,0.5555555555555556,0.375,0.5732484076433121,0.5412371134020618,0.5601173020527859,0.3643162393162393,0.5850340136054422,0.5412371134020618,0.00456174649723029,-0.010683760683760701,0.011785605962130075,0.0
bull_to_bear,0.16,1.0,5.0,-0.1,10,351,351,0.5555555555555556,0.375,0.5732484076433121,0.5412371134020618,0.5612535612535613,0.375,0.5850340136054422,0.5441176470588235,0.005698005698005715,0.0,0.011785605962130075,0.0028805336567616635
bull_to_neutral,0.16,1.0,10.0,,9,342,351,0.5555555555555556,0.375,0.5732484076433121,0.5412371134020618,0.5584795321637427,0.36538461538461536,0.581081081081081,0.5412371134020618,0.0029239766081871066,-0.009615384615384637,0.007832673437768944,0.0
bull_to_bear,0.16,1.0,10.0,,9,351,351,0.5555555555555556,0.375,0.5732484076433121,0.5412371134020618,0.5584045584045584,0.375,0.581081081081081,0.541871921182266,0.002849002849002802,0.0,0.007832673437768944,0.000634807780204194
bull_to_neutral,0.16,1.0,10.0,0.0,9,342,351,0.5555555555555556,0.375,0.5732484076433121,0.5412371134020618,0.5584795321637427,0.36538461538461536,0.581081081081081,0.5412371134020618,0.0029239766081871066,-0.009615384615384637,0.007832673437768944,0.0
bull_to_bear,0.16,1.0,10.0,0.0,9,351,351,0.5555555555555556,0.375,0.5732484076433121,0.5412371134020618,0.5584045584045584,0.375,0.581081081081081,0.541871921182266,0.002849002849002802,0.0,0.007832673437768944,0.000634807780204194
bull_to_neutral,0.16,1.0,10.0,-0.05,9,342,351,0.5555555555555556,0.375,0.5732484076433121,0.5412371134020618,0.5584795321637427,0.36538461538461536,0.581081081081081,0.5412371134020618,0.0029239766081871066,-0.009615384615384637,0.007832673437768944,0.0
bull_to_bear,0.16,1.0,10.0,-0.05,9,351,351,0.5555555555555556,0.375,0.5732484076433121,0.5412371134020618,0.5584045584045584,0.375,0.581081081081081,0.541871921182266,0.002849002849002802,0.0,0.007832673437768944,0.000634807780204194
bull_to_neutral,0.16,1.0,10.0,-0.1,9,342,351,0.5555555555555556,0.375,0.5732484076433121,0.5412371134020618,0.5584795321637427,0.36538461538461536,0.581081081081081,0.5412371134020618,0.0029239766081871066,-0.009615384615384637,0.007832673437768944,0.0
bull_to_bear,0.16,1.0,10.0,-0.1,9,351,351,0.5555555555555556,0.375,0.5732484076433121,0.5412371134020618,0.5584045584045584,0.375,0.581081081081081,0.541871921182266,0.002849002849002802,0.0,0.007832673437768944,0.000634807780204194
bull_to_neutral,0.16,1.0,15.0,,9,342,351,0.5555555555555556,0.375,0.5732484076433121,0.5412371134020618,0.5584795321637427,0.36538461538461536,0.581081081081081,0.5412371134020618,0.0029239766081871066,-0.009615384615384637,0.007832673437768944,0.0
bull_to_bear,0.16,1.0,15.0,,9,351,351,0.5555555555555556,0.375,0.5732484076433121,0.5412371134020618,0.5584045584045584,0.375,0.581081081081081,0.541871921182266,0.002849002849002802,0.0,0.007832673437768944,0.000634807780204194
bull_to_neutral,0.16,1.0,15.0,0.0,9,342,351,0.5555555555555556,0.375,0.5732484076433121,0.5412371134020618,0.5584795321637427,0.36538461538461536,0.581081081081081,0.5412371134020618,0.0029239766081871066,-0.009615384615384637,0.007832673437768944,0.0
bull_to_bear,0.16,1.0,15.0,0.0,9,351,351,0.5555555555555556,0.375,0.5732484076433121,0.5412371134020618,0.5584045584045584,0.375,0.581081081081081,0.541871921182266,0.002849002849002802,0.0,0.007832673437768944,0.000634807780204194
bull_to_neutral,0.16,1.0,15.0,-0.05,9,342,351,0.5555555555555556,0.375,0.5732484076433121,0.5412371134020618,0.5584795321637427,0.36538461538461536,0.581081081081081,0.5412371134020618,0.0029239766081871066,-0.009615384615384637,0.007832673437768944,0.0
bull_to_bear,0.16,1.0,15.0,-0.05,9,351,351,0.5555555555555556,0.375,0.5732484076433121,0.5412371134020618,0.5584045584045584,0.375,0.581081081081081,0.541871921182266,0.002849002849002802,0.0,0.007832673437768944,0.000634807780204194
bull_to_neutral,0.16,1.0,15.0,-0.1,9,342,351,0.5555555555555556,0.375,0.5732484076433121,0.5412371134020618,0.5584795321637427,0.36538461538461536,0.581081081081081,0.5412371134020618,0.0029239766081871066,-0.009615384615384637,0.007832673437768944,0.0
bull_to_bear,0.16,1.0,15.0,-0.1,9,351,351,0.5555555555555556,0.375,0.5732484076433121,0.5412371134020618,0.5584045584045584,0.375,0.581081081081081,0.541871921182266,0.002849002849002802,0.0,0.007832673437768944,0.000634807780204194
bull_to_neutral,0.16,0.99,,,0,351,351,0.5555555555555556,0.375,0.5732484076433121,0.5412371134020618,0.5555555555555556,0.375,0.5732484076433121,0.5412371134020618,0.0,0.0,0.0,0.0
bull_to_bear,0.16,0.99,,,0,351,351,0.5555555555555556,0.375,0.5732484076433121,0.5412371134020618,0.5555555555555556,0.375,0.5732484076433121,0.5412371134020618,0.0,0.0,0.0,0.0
bull_to_neutral,0.16,0.99,,0.0,0,351,351,0.5555555555555556,0.375,0.5732484076433121,0.5412371134020618,0.5555555555555556,0.375,0.5732484076433121,0.5412371134020618,0.0,0.0,0.0,0.0
bull_to_bear,0.16,0.99,,0.0,0,351,351,0.5555555555555556,0.375,0.5732484076433121,0.5412371134020618,0.5555555555555556,0.375,0.5732484076433121,0.5412371134020618,0.0,0.0,0.0,0.0
bull_to_neutral,0.16,0.99,,-0.05,0,351,351,0.5555555555555556,0.375,0.5732484076433121,0.5412371134020618,0.5555555555555556,0.375,0.5732484076433121,0.5412371134020618,0.0,0.0,0.0,0.0
bull_to_bear,0.16,0.99,,-0.05,0,351,351,0.5555555555555556,0.375,0.5732484076433121,0.5412371134020618,0.5555555555555556,0.375,0.5732484076433121,0.5412371134020618,0.0,0.0,0.0,0.0
bull_to_neutral,0.16,0.99,,-0.1,0,351,351,0.5555555555555556,0.375,0.5732484076433121,0.5412371134020618,0.5555555555555556,0.375,0.5732484076433121,0.5412371134020618,0.0,0.0,0.0,0.0
bull_to_bear,0.16,0.99,,-0.1,0,351,351,0.5555555555555556,0.375,0.5732484076433121,0.5412371134020618,0.5555555555555556,0.375,0.5732484076433121,0.5412371134020618,0.0,0.0,0.0,0.0
bull_to_neutral,0.16,0.99,0.0,,0,351,351,0.5555555555555556,0.375,0.5732484076433121,0.5412371134020618,0.5555555555555556,0.375,0.5732484076433121,0.5412371134020618,0.0,0.0,0.0,0.0
bull_to_bear,0.16,0.99,0.0,,0,351,351,0.5555555555555556,0.375,0.5732484076433121,0.5412371134020618,0.5555555555555556,0.375,0.5732484076433121,0.5412371134020618,0.0,0.0,0.0,0.0
bull_to_neutral,0.16,0.99,0.0,0.0,0,351,351,0.5555555555555556,0.375,0.5732484076433121,0.5412371134020618,0.5555555555555556,0.375,0.5732484076433121,0.5412371134020618,0.0,0.0,0.0,0.0
bull_to_bear,0.16,0.99,0.0,0.0,0,351,351,0.5555555555555556,0.375,0.5732484076433121,0.5412371134020618,0.5555555555555556,0.375,0.5732484076433121,0.5412371134020618,0.0,0.0,0.0,0.0
bull_to_neutral,0.16,0.99,0.0,-0.05,0,351,351,0.5555555555555556,0.375,0.5732484076433121,0.5412371134020618,0.5555555555555556,0.375,0.5732484076433121,0.5412371134020618,0.0,0.0,0.0,0.0
bull_to_bear,0.16,0.99,0.0,-0.05,0,351,351,0.5555555555555556,0.375,0.5732484076433121,0.5412371134020618,0.5555555555555556,0.375,0.5732484076433121,0.5412371134020618,0.0,0.0,0.0,0.0
bull_to_neutral,0.16,0.99,0.0,-0.1,0,351,351,0.5555555555555556,0.375,0.5732484076433121,0.5412371134020618,0.5555555555555556,0.375,0.5732484076433121,0.5412371134020618,0.0,0.0,0.0,0.0
bull_to_bear,0.16,0.99,0.0,-0.1,0,351,351,0.5555555555555556,0.375,0.5732484076433121,0.5412371134020618,0.5555555555555556,0.375,0.5732484076433121,0.5412371134020618,0.0,0.0,0.0,0.0
bull_to_neutral,0.16,0.99,5.0,,0,351,351,0.5555555555555556,0.375,0.5732484076433121,0.5412371134020618,0.5555555555555556,0.375,0.5732484076433121,0.5412371134020618,0.0,0.0,0.0,0.0
bull_to_bear,0.16,0.99,5.0,,0,351,351,0.5555555555555556,0.375,0.5732484076433121,0.5412371134020618,0.5555555555555556,0.375,0.5732484076433121,0.5412371134020618,0.0,0.0,0.0,0.0
bull_to_neutral,0.16,0.99,5.0,0.0,0,351,351,0.5555555555555556,0.375,0.5732484076433121,0.5412371134020618,0.5555555555555556,0.375,0.5732484076433121,0.5412371134020618,0.0,0.0,0.0,0.0
bull_to_bear,0.16,0.99,5.0,0.0,0,351,351,0.5555555555555556,0.375,0.5732484076433121,0.5412371134020618,0.5555555555555556,0.375,0.5732484076433121,0.5412371134020618,0.0,0.0,0.0,0.0
bull_to_neutral,0.16,0.99,5.0,-0.05,0,351,351,0.5555555555555556,0.375,0.5732484076433121,0.5412371134020618,0.5555555555555556,0.375,0.5732484076433121,0.5412371134020618,0.0,0.0,0.0,0.0
bull_to_bear,0.16,0.99,5.0,-0.05,0,351,351,0.5555555555555556,0.375,0.5732484076433121,0.5412371134020618,0.5555555555555556,0.375,0.5732484076433121,0.5412371134020618,0.0,0.0,0.0,0.0
bull_to_neutral,0.16,0.99,5.0,-0.1,0,351,351,0.5555555555555556,0.375,0.5732484076433121,0.5412371134020618,0.5555555555555556,0.375,0.5732484076433121,0.5412371134020618,0.0,0.0,0.0,0.0
bull_to_bear,0.16,0.99,5.0,-0.1,0,351,351,0.5555555555555556,0.375,0.5732484076433121,0.5412371134020618,0.5555555555555556,0.375,0.5732484076433121,0.5412371134020618,0.0,0.0,0.0,0.0
bull_to_neutral,0.16,0.99,10.0,,0,351,351,0.5555555555555556,0.375,0.5732484076433121,0.5412371134020618,0.5555555555555556,0.375,0.5732484076433121,0.5412371134020618,0.0,0.0,0.0,0.0
bull_to_bear,0.16,0.99,10.0,,0,351,351,0.5555555555555556,0.375,0.5732484076433121,0.5412371134020618,0.5555555555555556,0.375,0.5732484076433121,0.5412371134020618,0.0,0.0,0.0,0.0
bull_to_neutral,0.16,0.99,10.0,0.0,0,351,351,0.5555555555555556,0.375,0.5732484076433121,0.5412371134020618,0.5555555555555556,0.375,0.5732484076433121,0.5412371134020618,0.0,0.0,0.0,0.0
bull_to_bear,0.16,0.99,10.0,0.0,0,351,351,0.5555555555555556,0.375,0.5732484076433121,0.5412371134020618,0.5555555555555556,0.375,0.5732484076433121,0.5412371134020618,0.0,0.0,0.0,0.0
bull_to_neutral,0.16,0.99,10.0,-0.05,0,351,351,0.5555555555555556,0.375,0.5732484076433121,0.5412371134020618,0.5555555555555556,0.375,0.5732484076433121,0.5412371134020618,0.0,0.0,0.0,0.0
bull_to_bear,0.16,0.99,10.0,-0.05,0,351,351,0.5555555555555556,0.375,0.5732484076433121,0.5412371134020618,0.5555555555555556,0.375,0.5732484076433121,0.5412371134020618,0.0,0.0,0.0,0.0
bull_to_neutral,0.16,0.99,10.0,-0.1,0,351,351,0.5555555555555556,0.375,0.5732484076433121,0.5412371134020618,0.5555555555555556,0.375,0.5732484076433121,0.5412371134020618,0.0,0.0,0.0,0.0
bull_to_bear,0.16,0.99,10.0,-0.1,0,351,351,0.5555555555555556,0.375,0.5732484076433121,0.5412371134020618,0.5555555555555556,0.375,0.5732484076433121,0.5412371134020618,0.0,0.0,0.0,0.0
bull_to_neutral,0.16,0.99,15.0,,0,351,351,0.5555555555555556,0.375,0.5732484076433121,0.5412371134020618,0.5555555555555556,0.375,0.5732484076433121,0.5412371134020618,0.0,0.0,0.0,0.0
bull_to_bear,0.16,0.99,15.0,,0,351,351,0.5555555555555556,0.375,0.5732484076433121,0.5412371134020618,0.5555555555555556,0.375,0.5732484076433121,0.5412371134020618,0.0,0.0,0.0,0.0
bull_to_neutral,0.16,0.99,15.0,0.0,0,351,351,0.5555555555555556,0.375,0.5732484076433121,0.5412371134020618,0.5555555555555556,0.375,0.5732484076433121,0.5412371134020618,0.0,0.0,0.0,0.0
bull_to_bear,0.16,0.99,15.0,0.0,0,351,351,0.5555555555555556,0.375,0.5732484076433121,0.5412371134020618,0.5555555555555556,0.375,0.5732484076433121,0.5412371134020618,0.0,0.0,0.0,0.0
bull_to_neutral,0.16,0.99,15.0,-0.05,0,351,351,0.5555555555555556,0.375,0.5732484076433121,0.5412371134020618,0.5555555555555556,0.375,0.5732484076433121,0.5412371134020618,0.0,0.0,0.0,0.0
bull_to_bear,0.16,0.99,15.0,-0.05,0,351,351,0.5555555555555556,0.375,0.5732484076433121,0.5412371134020618,0.5555555555555556,0.375,0.5732484076433121,0.5412371134020618,0.0,0.0,0.0,0.0
bull_to_neutral,0.16,0.99,15.0,-0.1,0,351,351,0.5555555555555556,0.375,0.5732484076433121,0.5412371134020618,0.5555555555555556,0.375,0.5732484076433121,0.5412371134020618,0.0,0.0,0.0,0.0
bull_to_bear,0.16,0.99,15.0,-0.1,0,351,351,0.5555555555555556,0.375,0.5732484076433121,0.5412371134020618,0.5555555555555556,0.375,0.5732484076433121,0.5412371134020618,0.0,0.0,0.0,0.0
bull_to_neutral,0.16,0.98,,,0,351,351,0.5555555555555556,0.375,0.5732484076433121,0.5412371134020618,0.5555555555555556,0.375,0.5732484076433121,0.5412371134020618,0.0,0.0,0.0,0.0
bull_to_bear,0.16,0.98,,,0,351,351,0.5555555555555556,0.375,0.5732484076433121,0.5412371134020618,0.5555555555555556,0.375,0.5732484076433121,0.5412371134020618,0.0,0.0,0.0,0.0
bull_to_neutral,0.16,0.98,,0.0,0,351,351,0.5555555555555556,0.375,0.5732484076433121,0.5412371134020618,0.5555555555555556,0.375,0.5732484076433121,0.5412371134020618,0.0,0.0,0.0,0.0
bull_to_bear,0.16,0.98,,0.0,0,351,351,0.5555555555555556,0.375,0.5732484076433121,0.5412371134020618,0.5555555555555556,0.375,0.5732484076433121,0.5412371134020618,0.0,0.0,0.0,0.0
bull_to_neutral,0.16,0.98,,-0.05,0,351,351,0.5555555555555556,0.375,0.5732484076433121,0.5412371134020618,0.5555555555555556,0.375,0.5732484076433121,0.5412371134020618,0.0,0.0,0.0,0.0
bull_to_bear,0.16,0.98,,-0.05,0,351,351,0.5555555555555556,0.375,0.5732484076433121,0.5412371134020618,0.5555555555555556,0.375,0.5732484076433121,0.5412371134020618,0.0,0.0,0.0,0.0
bull_to_neutral,0.16,0.98,,-0.1,0,351,351,0.5555555555555556,0.375,0.5732484076433121,0.5412371134020618,0.5555555555555556,0.375,0.5732484076433121,0.5412371134020618,0.0,0.0,0.0,0.0
bull_to_bear,0.16,0.98,,-0.1,0,351,351,0.5555555555555556,0.375,0.5732484076433121,0.5412371134020618,0.5555555555555556,0.375,0.5732484076433121,0.5412371134020618,0.0,0.0,0.0,0.0
bull_to_neutral,0.16,0.98,0.0,,0,351,351,0.5555555555555556,0.375,0.5732484076433121,0.5412371134020618,0.5555555555555556,0.375,0.5732484076433121,0.5412371134020618,0.0,0.0,0.0,0.0
bull_to_bear,0.16,0.98,0.0,,0,351,351,0.5555555555555556,0.375,0.5732484076433121,0.5412371134020618,0.5555555555555556,0.375,0.5732484076433121,0.5412371134020618,0.0,0.0,0.0,0.0
bull_to_neutral,0.16,0.98,0.0,0.0,0,351,351,0.5555555555555556,0.375,0.5732484076433121,0.5412371134020618,0.5555555555555556,0.375,0.5732484076433121,0.5412371134020618,0.0,0.0,0.0,0.0
bull_to_bear,0.16,0.98,0.0,0.0,0,351,351,0.5555555555555556,0.375,0.5732484076433121,0.5412371134020618,0.5555555555555556,0.375,0.5732484076433121,0.5412371134020618,0.0,0.0,0.0,0.0
bull_to_neutral,0.16,0.98,0.0,-0.05,0,351,351,0.5555555555555556,0.375,0.5732484076433121,0.5412371134020618,0.5555555555555556,0.375,0.5732484076433121,0.5412371134020618,0.0,0.0,0.0,0.0
bull_to_bear,0.16,0.98,0.0,-0.05,0,351,351,0.5555555555555556,0.375,0.5732484076433121,0.5412371134020618,0.5555555555555556,0.375,0.5732484076433121,0.5412371134020618,0.0,0.0,0.0,0.0
bull_to_neutral,0.16,0.98,0.0,-0.1,0,351,351,0.5555555555555556,0.375,0.5732484076433121,0.5412371134020618,0.5555555555555556,0.375,0.5732484076433121,0.5412371134020618,0.0,0.0,0.0,0.0
bull_to_bear,0.16,0.98,0.0,-0.1,0,351,351,0.5555555555555556,0.375,0.5732484076433121,0.5412371134020618,0.5555555555555556,0.375,0.5732484076433121,0.5412371134020618,0.0,0.0,0.0,0.0
bull_to_neutral,0.16,0.98,5.0,,0,351,351,0.5555555555555556,0.375,0.5732484076433121,0.5412371134020618,0.5555555555555556,0.375,0.5732484076433121,0.5412371134020618,0.0,0.0,0.0,0.0
bull_to_bear,0.16,0.98,5.0,,0,351,351,0.5555555555555556,0.375,0.5732484076433121,0.5412371134020618,0.5555555555555556,0.375,0.5732484076433121,0.5412371134020618,0.0,0.0,0.0,0.0
bull_to_neutral,0.16,0.98,5.0,0.0,0,351,351,0.5555555555555556,0.375,0.5732484076433121,0.5412371134020618,0.5555555555555556,0.375,0.5732484076433121,0.5412371134020618,0.0,0.0,0.0,0.0
bull_to_bear,0.16,0.98,5.0,0.0,0,351,351,0.5555555555555556,0.375,0.5732484076433121,0.5412371134020618,0.5555555555555556,0.375,0.5732484076433121,0.5412371134020618,0.0,0.0,0.0,0.0
bull_to_neutral,0.16,0.98,5.0,-0.05,0,351,351,0.5555555555555556,0.375,0.5732484076433121,0.5412371134020618,0.5555555555555556,0.375,0.5732484076433121,0.5412371134020618,0.0,0.0,0.0,0.0
bull_to_bear,0.16,0.98,5.0,-0.05,0,351,351,0.5555555555555556,0.375,0.5732484076433121,0.5412371134020618,0.5555555555555556,0.375,0.5732484076433121,0.5412371134020618,0.0,0.0,0.0,0.0
bull_to_neutral,0.16,0.98,5.0,-0.1,0,351,351,0.5555555555555556,0.375,0.5732484076433121,0.5412371134020618,0.5555555555555556,0.375,0.5732484076433121,0.5412371134020618,0.0,0.0,0.0,0.0
bull_to_bear,0.16,0.98,5.0,-0.1,0,351,351,0.5555555555555556,0.375,0.5732484076433121,0.5412371134020618,0.5555555555555556,0.375,0.5732484076433121,0.5412371134020618,0.0,0.0,0.0,0.0
bull_to_neutral,0.16,0.98,10.0,,0,351,351,0.5555555555555556,0.375,0.5732484076433121,0.5412371134020618,0.5555555555555556,0.375,0.5732484076433121,0.5412371134020618,0.0,0.0,0.0,0.0
bull_to_bear,0.16,0.98,10.0,,0,351,351,0.5555555555555556,0.375,0.5732484076433121,0.5412371134020618,0.5555555555555556,0.375,0.5732484076433121,0.5412371134020618,0.0,0.0,0.0,0.0
bull_to_neutral,0.16,0.98,10.0,0.0,0,351,351,0.5555555555555556,0.375,0.5732484076433121,0.5412371134020618,0.5555555555555556,0.375,0.5732484076433121,0.5412371134020618,0.0,0.0,0.0,0.0
bull_to_bear,0.16,0.98,10.0,0.0,0,351,351,0.5555555555555556,0.375,0.5732484076433121,0.5412371134020618,0.5555555555555556,0.375,0.5732484076433121,0.5412371134020618,0.0,0.0,0.0,0.0
bull_to_neutral,0.16,0.98,10.0,-0.05,0,351,351,0.5555555555555556,0.375,0.5732484076433121,0.5412371134020618,0.5555555555555556,0.375,0.5732484076433121,0.5412371134020618,0.0,0.0,0.0,0.0
bull_to_bear,0.16,0.98,10.0,-0.05,0,351,351,0.5555555555555556,0.375,0.5732484076433121,0.5412371134020618,0.5555555555555556,0.375,0.5732484076433121,0.5412371134020618,0.0,0.0,0.0,0.0
bull_to_neutral,0.16,0.98,10.0,-0.1,0,351,351,0.5555555555555556,0.375,0.5732484076433121,0.5412371134020618,0.5555555555555556,0.375,0.5732484076433121,0.5412371134020618,0.0,0.0,0.0,0.0
bull_to_bear,0.16,0.98,10.0,-0.1,0,351,351,0.5555555555555556,0.375,0.5732484076433121,0.5412371134020618,0.5555555555555556,0.375,0.5732484076433121,0.5412371134020618,0.0,0.0,0.0,0.0
bull_to_neutral,0.16,0.98,15.0,,0,351,351,0.5555555555555556,0.375,0.5732484076433121,0.5412371134020618,0.5555555555555556,0.375,0.5732484076433121,0.5412371134020618,0.0,0.0,0.0,0.0
bull_to_bear,0.16,0.98,15.0,,0,351,351,0.5555555555555556,0.375,0.5732484076433121,0.5412371134020618,0.5555555555555556,0.375,0.5732484076433121,0.5412371134020618,0.0,0.0,0.0,0.0
bull_to_neutral,0.16,0.98,15.0,0.0,0,351,351,0.5555555555555556,0.375,0.5732484076433121,0.5412371134020618,0.5555555555555556,0.375,0.5732484076433121,0.5412371134020618,0.0,0.0,0.0,0.0
bull_to_bear,0.16,0.98,15.0,0.0,0,351,351,0.5555555555555556,0.375,0.5732484076433121,0.5412371134020618,0.5555555555555556,0.375,0.5732484076433121,0.5412371134020618,0.0,0.0,0.0,0.0
bull_to_neutral,0.16,0.98,15.0,-0.05,0,351,351,0.5555555555555556,0.375,0.5732484076433121,0.5412371134020618,0.5555555555555556,0.375,0.5732484076433121,0.5412371134020618,0.0,0.0,0.0,0.0
bull_to_bear,0.16,0.98,15.0,-0.05,0,351,351,0.5555555555555556,0.375,0.5732484076433121,0.5412371134020618,0.5555555555555556,0.375,0.5732484076433121,0.5412371134020618,0.0,0.0,0.0,0.0
bull_to_neutral,0.16,0.98,15.0,-0.1,0,351,351,0.5555555555555556,0.375,0.5732484076433121,0.5412371134020618,0.5555555555555556,0.375,0.5732484076433121,0.5412371134020618,0.0,0.0,0.0,0.0
bull_to_bear,0.16,0.98,15.0,-0.1,0,351,351,0.5555555555555556,0.375,0.5732484076433121,0.5412371134020618,0.5555555555555556,0.375,0.5732484076433121,0.5412371134020618,0.0,0.0,0.0,0.0
bull_to_neutral,0.16,0.97,,,0,351,351,0.5555555555555556,0.375,0.5732484076433121,0.5412371134020618,0.5555555555555556,0.375,0.5732484076433121,0.5412371134020618,0.0,0.0,0.0,0.0
bull_to_bear,0.16,0.97,,,0,351,351,0.5555555555555556,0.375,0.5732484076433121,0.5412371134020618,0.5555555555555556,0.375,0.5732484076433121,0.5412371134020618,0.0,0.0,0.0,0.0
bull_to_neutral,0.16,0.97,,0.0,0,351,351,0.5555555555555556,0.375,0.5732484076433121,0.5412371134020618,0.5555555555555556,0.375,0.5732484076433121,0.5412371134020618,0.0,0.0,0.0,0.0
bull_to_bear,0.16,0.97,,0.0,0,351,351,0.5555555555555556,0.375,0.5732484076433121,0.5412371134020618,0.5555555555555556,0.375,0.5732484076433121,0.5412371134020618,0.0,0.0,0.0,0.0
bull_to_neutral,0.16,0.97,,-0.05,0,351,351,0.5555555555555556,0.375,0.5732484076433121,0.5412371134020618,0.5555555555555556,0.375,0.5732484076433121,0.5412371134020618,0.0,0.0,0.0,0.0
bull_to_bear,0.16,0.97,,-0.05,0,351,351,0.5555555555555556,0.375,0.5732484076433121,0.5412371134020618,0.5555555555555556,0.375,0.5732484076433121,0.5412371134020618,0.0,0.0,0.0,0.0
bull_to_neutral,0.16,0.97,,-0.1,0,351,351,0.5555555555555556,0.375,0.5732484076433121,0.5412371134020618,0.5555555555555556,0.375,0.5732484076433121,0.5412371134020618,0.0,0.0,0.0,0.0
bull_to_bear,0.16,0.97,,-0.1,0,351,351,0.5555555555555556,0.375,0.5732484076433121,0.5412371134020618,0.5555555555555556,0.375,0.5732484076433121,0.5412371134020618,0.0,0.0,0.0,0.0
bull_to_neutral,0.16,0.97,0.0,,0,351,351,0.5555555555555556,0.375,0.5732484076433121,0.5412371134020618,0.5555555555555556,0.375,0.5732484076433121,0.5412371134020618,0.0,0.0,0.0,0.0
bull_to_bear,0.16,0.97,0.0,,0,351,351,0.5555555555555556,0.375,0.5732484076433121,0.5412371134020618,0.5555555555555556,0.375,0.5732484076433121,0.5412371134020618,0.0,0.0,0.0,0.0
bull_to_neutral,0.16,0.97,0.0,0.0,0,351,351,0.5555555555555556,0.375,0.5732484076433121,0.5412371134020618,0.5555555555555556,0.375,0.5732484076433121,0.5412371134020618,0.0,0.0,0.0,0.0
bull_to_bear,0.16,0.97,0.0,0.0,0,351,351,0.5555555555555556,0.375,0.5732484076433121,0.5412371134020618,0.5555555555555556,0.375,0.5732484076433121,0.5412371134020618,0.0,0.0,0.0,0.0
bull_to_neutral,0.16,0.97,0.0,-0.05,0,351,351,0.5555555555555556,0.375,0.5732484076433121,0.5412371134020618,0.5555555555555556,0.375,0.5732484076433121,0.5412371134020618,0.0,0.0,0.0,0.0
bull_to_bear,0.16,0.97,0.0,-0.05,0,351,351,0.5555555555555556,0.375,0.5732484076433121,0.5412371134020618,0.5555555555555556,0.375,0.5732484076433121,0.5412371134020618,0.0,0.0,0.0,0.0
bull_to_neutral,0.16,0.97,0.0,-0.1,0,351,351,0.5555555555555556,0.375,0.5732484076433121,0.5412371134020618,0.5555555555555556,0.375,0.5732484076433121,0.5412371134020618,0.0,0.0,0.0,0.0
bull_to_bear,0.16,0.97,0.0,-0.1,0,351,351,0.5555555555555556,0.375,0.5732484076433121,0.5412371134020618,0.5555555555555556,0.375,0.5732484076433121,0.5412371134020618,0.0,0.0,0.0,0.0
bull_to_neutral,0.16,0.97,5.0,,0,351,351,0.5555555555555556,0.375,0.5732484076433121,0.5412371134020618,0.5555555555555556,0.375,0.5732484076433121,0.5412371134020618,0.0,0.0,0.0,0.0
bull_to_bear,0.16,0.97,5.0,,0,351,351,0.5555555555555556,0.375,0.5732484076433121,0.5412371134020618,0.5555555555555556,0.375,0.5732484076433121,0.5412371134020618,0.0,0.0,0.0,0.0
bull_to_neutral,0.16,0.97,5.0,0.0,0,351,351,0.5555555555555556,0.375,0.5732484076433121,0.5412371134020618,0.5555555555555556,0.375,0.5732484076433121,0.5412371134020618,0.0,0.0,0.0,0.0
bull_to_bear,0.16,0.97,5.0,0.0,0,351,351,0.5555555555555556,0.375,0.5732484076433121,0.5412371134020618,0.5555555555555556,0.375,0.5732484076433121,0.5412371134020618,0.0,0.0,0.0,0.0
bull_to_neutral,0.16,0.97,5.0,-0.05,0,351,351,0.5555555555555556,0.375,0.5732484076433121,0.5412371134020618,0.5555555555555556,0.375,0.5732484076433121,0.5412371134020618,0.0,0.0,0.0,0.0
bull_to_bear,0.16,0.97,5.0,-0.05,0,351,351,0.5555555555555556,0.375,0.5732484076433121,0.5412371134020618,0.5555555555555556,0.375,0.5732484076433121,0.5412371134020618,0.0,0.0,0.0,0.0
bull_to_neutral,0.16,0.97,5.0,-0.1,0,351,351,0.5555555555555556,0.375,0.5732484076433121,0.5412371134020618,0.5555555555555556,0.375,0.5732484076433121,0.5412371134020618,0.0,0.0,0.0,0.0
bull_to_bear,0.16,0.97,5.0,-0.1,0,351,351,0.5555555555555556,0.375,0.5732484076433121,0.5412371134020618,0.5555555555555556,0.375,0.5732484076433121,0.5412371134020618,0.0,0.0,0.0,0.0
bull_to_neutral,0.16,0.97,10.0,,0,351,351,0.5555555555555556,0.375,0.5732484076433121,0.5412371134020618,0.5555555555555556,0.375,0.5732484076433121,0.5412371134020618,0.0,0.0,0.0,0.0
bull_to_bear,0.16,0.97,10.0,,0,351,351,0.5555555555555556,0.375,0.5732484076433121,0.5412371134020618,0.5555555555555556,0.375,0.5732484076433121,0.5412371134020618,0.0,0.0,0.0,0.0
bull_to_neutral,0.16,0.97,10.0,0.0,0,351,351,0.5555555555555556,0.375,0.5732484076433121,0.5412371134020618,0.5555555555555556,0.375,0.5732484076433121,0.5412371134020618,0.0,0.0,0.0,0.0
bull_to_bear,0.16,0.97,10.0,0.0,0,351,351,0.5555555555555556,0.375,0.5732484076433121,0.5412371134020618,0.5555555555555556,0.375,0.5732484076433121,0.5412371134020618,0.0,0.0,0.0,0.0
bull_to_neutral,0.16,0.97,10.0,-0.05,0,351,351,0.5555555555555556,0.375,0.5732484076433121,0.5412371134020618,0.5555555555555556,0.375,0.5732484076433121,0.5412371134020618,0.0,0.0,0.0,0.0
bull_to_bear,0.16,0.97,10.0,-0.05,0,351,351,0.5555555555555556,0.375,0.5732484076433121,0.5412371134020618,0.5555555555555556,0.375,0.5732484076433121,0.5412371134020618,0.0,0.0,0.0,0.0
bull_to_neutral,0.16,0.97,10.0,-0.1,0,351,351,0.5555555555555556,0.375,0.5732484076433121,0.5412371134020618,0.5555555555555556,0.375,0.5732484076433121,0.5412371134020618,0.0,0.0,0.0,0.0
bull_to_bear,0.16,0.97,10.0,-0.1,0,351,351,0.5555555555555556,0.375,0.5732484076433121,0.5412371134020618,0.5555555555555556,0.375,0.5732484076433121,0.5412371134020618,0.0,0.0,0.0,0.0
bull_to_neutral,0.16,0.97,15.0,,0,351,351,0.5555555555555556,0.375,0.5732484076433121,0.5412371134020618,0.5555555555555556,0.375,0.5732484076433121,0.5412371134020618,0.0,0.0,0.0,0.0
bull_to_bear,0.16,0.97,15.0,,0,351,351,0.5555555555555556,0.375,0.5732484076433121,0.5412371134020618,0.5555555555555556,0.375,0.5732484076433121,0.5412371134020618,0.0,0.0,0.0,0.0
bull_to_neutral,0.16,0.97,15.0,0.0,0,351,351,0.5555555555555556,0.375,0.5732484076433121,0.5412371134020618,0.5555555555555556,0.375,0.5732484076433121,0.5412371134020618,0.0,0.0,0.0,0.0
bull_to_bear,0.16,0.97,15.0,0.0,0,351,351,0.5555555555555556,0.375,0.5732484076433121,0.5412371134020618,0.5555555555555556,0.375,0.5732484076433121,0.5412371134020618,0.0,0.0,0.0,0.0
bull_to_neutral,0.16,0.97,15.0,-0.05,0,351,351,0.5555555555555556,0.375,0.5732484076433121,0.5412371134020618,0.5555555555555556,0.375,0.5732484076433121,0.5412371134020618,0.0,0.0,0.0,0.0
bull_to_bear,0.16,0.97,15.0,-0.05,0,351,351,0.5555555555555556,0.375,0.5732484076433121,0.5412371134020618,0.5555555555555556,0.375,0.5732484076433121,0.5412371134020618,0.0,0.0,0.0,0.0
bull_to_neutral,0.16,0.97,15.0,-0.1,0,351,351,0.5555555555555556,0.375,0.5732484076433121,0.5412371134020618,0.5555555555555556,0.375,0.5732484076433121,0.5412371134020618,0.0,0.0,0.0,0.0
bull_to_bear,0.16,0.97,15.0,-0.1,0,351,351,0.5555555555555556,0.375,0.5732484076433121,0.5412371134020618,0.5555555555555556,0.375,0.5732484076433121,0.5412371134020618,0.0,0.0,0.0,0.0
bull_to_neutral,0.16,0.95,,,0,351,351,0.5555555555555556,0.375,0.5732484076433121,0.5412371134020618,0.5555555555555556,0.375,0.5732484076433121,0.5412371134020618,0.0,0.0,0.0,0.0
bull_to_bear,0.16,0.95,,,0,351,351,0.5555555555555556,0.375,0.5732484076433121,0.5412371134020618,0.5555555555555556,0.375,0.5732484076433121,0.5412371134020618,0.0,0.0,0.0,0.0
bull_to_neutral,0.16,0.95,,0.0,0,351,351,0.5555555555555556,0.375,0.5732484076433121,0.5412371134020618,0.5555555555555556,0.375,0.5732484076433121,0.5412371134020618,0.0,0.0,0.0,0.0
bull_to_bear,0.16,0.95,,0.0,0,351,351,0.5555555555555556,0.375,0.5732484076433121,0.5412371134020618,0.5555555555555556,0.375,0.5732484076433121,0.5412371134020618,0.0,0.0,0.0,0.0
bull_to_neutral,0.16,0.95,,-0.05,0,351,351,0.5555555555555556,0.375,0.5732484076433121,0.5412371134020618,0.5555555555555556,0.375,0.5732484076433121,0.5412371134020618,0.0,0.0,0.0,0.0
bull_to_bear,0.16,0.95,,-0.05,0,351,351,0.5555555555555556,0.375,0.5732484076433121,0.5412371134020618,0.5555555555555556,0.375,0.5732484076433121,0.5412371134020618,0.0,0.0,0.0,0.0
bull_to_neutral,0.16,0.95,,-0.1,0,351,351,0.5555555555555556,0.375,0.5732484076433121,0.5412371134020618,0.5555555555555556,0.375,0.5732484076433121,0.5412371134020618,0.0,0.0,0.0,0.0
bull_to_bear,0.16,0.95,,-0.1,0,351,351,0.5555555555555556,0.375,0.5732484076433121,0.5412371134020618,0.5555555555555556,0.375,0.5732484076433121,0.5412371134020618,0.0,0.0,0.0,0.0
bull_to_neutral,0.16,0.95,0.0,,0,351,351,0.5555555555555556,0.375,0.5732484076433121,0.5412371134020618,0.5555555555555556,0.375,0.5732484076433121,0.5412371134020618,0.0,0.0,0.0,0.0
bull_to_bear,0.16,0.95,0.0,,0,351,351,0.5555555555555556,0.375,0.5732484076433121,0.5412371134020618,0.5555555555555556,0.375,0.5732484076433121,0.5412371134020618,0.0,0.0,0.0,0.0
bull_to_neutral,0.16,0.95,0.0,0.0,0,351,351,0.5555555555555556,0.375,0.5732484076433121,0.5412371134020618,0.5555555555555556,0.375,0.5732484076433121,0.5412371134020618,0.0,0.0,0.0,0.0
bull_to_bear,0.16,0.95,0.0,0.0,0,351,351,0.5555555555555556,0.375,0.5732484076433121,0.5412371134020618,0.5555555555555556,0.375,0.5732484076433121,0.5412371134020618,0.0,0.0,0.0,0.0
bull_to_neutral,0.16,0.95,0.0,-0.05,0,351,351,0.5555555555555556,0.375,0.5732484076433121,0.5412371134020618,0.5555555555555556,0.375,0.5732484076433121,0.5412371134020618,0.0,0.0,0.0,0.0
bull_to_bear,0.16,0.95,0.0,-0.05,0,351,351,0.5555555555555556,0.375,0.5732484076433121,0.5412371134020618,0.5555555555555556,0.375,0.5732484076433121,0.5412371134020618,0.0,0.0,0.0,0.0
bull_to_neutral,0.16,0.95,0.0,-0.1,0,351,351,0.5555555555555556,0.375,0.5732484076433121,0.5412371134020618,0.5555555555555556,0.375,0.5732484076433121,0.5412371134020618,0.0,0.0,0.0,0.0
bull_to_bear,0.16,0.95,0.0,-0.1,0,351,351,0.5555555555555556,0.375,0.5732484076433121,0.5412371134020618,0.5555555555555556,0.375,0.5732484076433121,0.5412371134020618,0.0,0.0,0.0,0.0
bull_to_neutral,0.16,0.95,5.0,,0,351,351,0.5555555555555556,0.375,0.5732484076433121,0.5412371134020618,0.5555555555555556,0.375,0.5732484076433121,0.5412371134020618,0.0,0.0,0.0,0.0
bull_to_bear,0.16,0.95,5.0,,0,351,351,0.5555555555555556,0.375,0.5732484076433121,0.5412371134020618,0.5555555555555556,0.375,0.5732484076433121,0.5412371134020618,0.0,0.0,0.0,0.0
bull_to_neutral,0.16,0.95,5.0,0.0,0,351,351,0.5555555555555556,0.375,0.5732484076433121,0.5412371134020618,0.5555555555555556,0.375,0.5732484076433121,0.5412371134020618,0.0,0.0,0.0,0.0
bull_to_bear,0.16,0.95,5.0,0.0,0,351,351,0.5555555555555556,0.375,0.5732484076433121,0.5412371134020618,0.5555555555555556,0.375,0.5732484076433121,0.5412371134020618,0.0,0.0,0.0,0.0
bull_to_neutral,0.16,0.95,5.0,-0.05,0,351,351,0.5555555555555556,0.375,0.5732484076433121,0.5412371134020618,0.5555555555555556,0.375,0.5732484076433121,0.5412371134020618,0.0,0.0,0.0,0.0
bull_to_bear,0.16,0.95,5.0,-0.05,0,351,351,0.5555555555555556,0.375,0.5732484076433121,0.5412371134020618,0.5555555555555556,0.375,0.5732484076433121,0.5412371134020618,0.0,0.0,0.0,0.0
bull_to_neutral,0.16,0.95,5.0,-0.1,0,351,351,0.5555555555555556,0.375,0.5732484076433121,0.5412371134020618,0.5555555555555556,0.375,0.5732484076433121,0.5412371134020618,0.0,0.0,0.0,0.0
bull_to_bear,0.16,0.95,5.0,-0.1,0,351,351,0.5555555555555556,0.375,0.5732484076433121,0.5412371134020618,0.5555555555555556,0.375,0.5732484076433121,0.5412371134020618,0.0,0.0,0.0,0.0
bull_to_neutral,0.16,0.95,10.0,,0,351,351,0.5555555555555556,0.375,0.5732484076433121,0.5412371134020618,0.5555555555555556,0.375,0.5732484076433121,0.5412371134020618,0.0,0.0,0.0,0.0
bull_to_bear,0.16,0.95,10.0,,0,351,351,0.5555555555555556,0.375,0.5732484076433121,0.5412371134020618,0.5555555555555556,0.375,0.5732484076433121,0.5412371134020618,0.0,0.0,0.0,0.0
bull_to_neutral,0.16,0.95,10.0,0.0,0,351,351,0.5555555555555556,0.375,0.5732484076433121,0.5412371134020618,0.5555555555555556,0.375,0.5732484076433121,0.5412371134020618,0.0,0.0,0.0,0.0
bull_to_bear,0.16,0.95,10.0,0.0,0,351,351,0.5555555555555556,0.375,0.5732484076433121,0.5412371134020618,0.5555555555555556,0.375,0.5732484076433121,0.5412371134020618,0.0,0.0,0.0,0.0
bull_to_neutral,0.16,0.95,10.0,-0.05,0,351,351,0.5555555555555556,0.375,0.5732484076433121,0.5412371134020618,0.5555555555555556,0.375,0.5732484076433121,0.5412371134020618,0.0,0.0,0.0,0.0
bull_to_bear,0.16,0.95,10.0,-0.05,0,351,351,0.5555555555555556,0.375,0.5732484076433121,0.5412371134020618,0.5555555555555556,0.375,0.5732484076433121,0.5412371134020618,0.0,0.0,0.0,0.0
bull_to_neutral,0.16,0.95,10.0,-0.1,0,351,351,0.5555555555555556,0.375,0.5732484076433121,0.5412371134020618,0.5555555555555556,0.375,0.5732484076433121,0.5412371134020618,0.0,0.0,0.0,0.0
bull_to_bear,0.16,0.95,10.0,-0.1,0,351,351,0.5555555555555556,0.375,0.5732484076433121,0.5412371134020618,0.5555555555555556,0.375,0.5732484076433121,0.5412371134020618,0.0,0.0,0.0,0.0
bull_to_neutral,0.16,0.95,15.0,,0,351,351,0.5555555555555556,0.375,0.5732484076433121,0.5412371134020618,0.5555555555555556,0.375,0.5732484076433121,0.5412371134020618,0.0,0.0,0.0,0.0
bull_to_bear,0.16,0.95,15.0,,0,351,351,0.5555555555555556,0.375,0.5732484076433121,0.5412371134020618,0.5555555555555556,0.375,0.5732484076433121,0.5412371134020618,0.0,0.0,0.0,0.0
bull_to_neutral,0.16,0.95,15.0,0.0,0,351,351,0.5555555555555556,0.375,0.5732484076433121,0.5412371134020618,0.5555555555555556,0.375,0.5732484076433121,0.5412371134020618,0.0,0.0,0.0,0.0
bull_to_bear,0.16,0.95,15.0,0.0,0,351,351,0.5555555555555556,0.375,0.5732484076433121,0.5412371134020618,0.5555555555555556,0.375,0.5732484076433121,0.5412371134020618,0.0,0.0,0.0,0.0
bull_to_neutral,0.16,0.95,15.0,-0.05,0,351,351,0.5555555555555556,0.375,0.5732484076433121,0.5412371134020618,0.5555555555555556,0.375,0.5732484076433121,0.5412371134020618,0.0,0.0,0.0,0.0
bull_to_bear,0.16,0.95,15.0,-0.05,0,351,351,0.5555555555555556,0.375,0.5732484076433121,0.5412371134020618,0.5555555555555556,0.375,0.5732484076433121,0.5412371134020618,0.0,0.0,0.0,0.0
bull_to_neutral,0.16,0.95,15.0,-0.1,0,351,351,0.5555555555555556,0.375,0.5732484076433121,0.5412371134020618,0.5555555555555556,0.375,0.5732484076433121,0.5412371134020618,0.0,0.0,0.0,0.0
bull_to_bear,0.16,0.95,15.0,-0.1,0,351,351,0.5555555555555556,0.375,0.5732484076433121,0.5412371134020618,0.5555555555555556,0.375,0.5732484076433121,0.5412371134020618,0.0,0.0,0.0,0.0
bull_to_neutral,0.16,0.93,,,0,351,351,0.5555555555555556,0.375,0.5732484076433121,0.5412371134020618,0.5555555555555556,0.375,0.5732484076433121,0.5412371134020618,0.0,0.0,0.0,0.0
bull_to_bear,0.16,0.93,,,0,351,351,0.5555555555555556,0.375,0.5732484076433121,0.5412371134020618,0.5555555555555556,0.375,0.5732484076433121,0.5412371134020618,0.0,0.0,0.0,0.0
bull_to_neutral,0.16,0.93,,0.0,0,351,351,0.5555555555555556,0.375,0.5732484076433121,0.5412371134020618,0.5555555555555556,0.375,0.5732484076433121,0.5412371134020618,0.0,0.0,0.0,0.0
bull_to_bear,0.16,0.93,,0.0,0,351,351,0.5555555555555556,0.375,0.5732484076433121,0.5412371134020618,0.5555555555555556,0.375,0.5732484076433121,0.5412371134020618,0.0,0.0,0.0,0.0
bull_to_neutral,0.16,0.93,,-0.05,0,351,351,0.5555555555555556,0.375,0.5732484076433121,0.5412371134020618,0.5555555555555556,0.375,0.5732484076433121,0.5412371134020618,0.0,0.0,0.0,0.0
bull_to_bear,0.16,0.93,,-0.05,0,351,351,0.5555555555555556,0.375,0.5732484076433121,0.5412371134020618,0.5555555555555556,0.375,0.5732484076433121,0.5412371134020618,0.0,0.0,0.0,0.0
bull_to_neutral,0.16,0.93,,-0.1,0,351,351,0.5555555555555556,0.375,0.5732484076433121,0.5412371134020618,0.5555555555555556,0.375,0.5732484076433121,0.5412371134020618,0.0,0.0,0.0,0.0
bull_to_bear,0.16,0.93,,-0.1,0,351,351,0.5555555555555556,0.375,0.5732484076433121,0.5412371134020618,0.5555555555555556,0.375,0.5732484076433121,0.5412371134020618,0.0,0.0,0.0,0.0
bull_to_neutral,0.16,0.93,0.0,,0,351,351,0.5555555555555556,0.375,0.5732484076433121,0.5412371134020618,0.5555555555555556,0.375,0.5732484076433121,0.5412371134020618,0.0,0.0,0.0,0.0
bull_to_bear,0.16,0.93,0.0,,0,351,351,0.5555555555555556,0.375,0.5732484076433121,0.5412371134020618,0.5555555555555556,0.375,0.5732484076433121,0.5412371134020618,0.0,0.0,0.0,0.0
bull_to_neutral,0.16,0.93,0.0,0.0,0,351,351,0.5555555555555556,0.375,0.5732484076433121,0.5412371134020618,0.5555555555555556,0.375,0.5732484076433121,0.5412371134020618,0.0,0.0,0.0,0.0
bull_to_bear,0.16,0.93,0.0,0.0,0,351,351,0.5555555555555556,0.375,0.5732484076433121,0.5412371134020618,0.5555555555555556,0.375,0.5732484076433121,0.5412371134020618,0.0,0.0,0.0,0.0
bull_to_neutral,0.16,0.93,0.0,-0.05,0,351,351,0.5555555555555556,0.375,0.5732484076433121,0.5412371134020618,0.5555555555555556,0.375,0.5732484076433121,0.5412371134020618,0.0,0.0,0.0,0.0
bull_to_bear,0.16,0.93,0.0,-0.05,0,351,351,0.5555555555555556,0.375,0.5732484076433121,0.5412371134020618,0.5555555555555556,0.375,0.5732484076433121,0.5412371134020618,0.0,0.0,0.0,0.0
bull_to_neutral,0.16,0.93,0.0,-0.1,0,351,351,0.5555555555555556,0.375,0.5732484076433121,0.5412371134020618,0.5555555555555556,0.375,0.5732484076433121,0.5412371134020618,0.0,0.0,0.0,0.0
bull_to_bear,0.16,0.93,0.0,-0.1,0,351,351,0.5555555555555556,0.375,0.5732484076433121,0.5412371134020618,0.5555555555555556,0.375,0.5732484076433121,0.5412371134020618,0.0,0.0,0.0,0.0
bull_to_neutral,0.16,0.93,5.0,,0,351,351,0.5555555555555556,0.375,0.5732484076433121,0.5412371134020618,0.5555555555555556,0.375,0.5732484076433121,0.5412371134020618,0.0,0.0,0.0,0.0
bull_to_bear,0.16,0.93,5.0,,0,351,351,0.5555555555555556,0.375,0.5732484076433121,0.5412371134020618,0.5555555555555556,0.375,0.5732484076433121,0.5412371134020618,0.0,0.0,0.0,0.0
bull_to_neutral,0.16,0.93,5.0,0.0,0,351,351,0.5555555555555556,0.375,0.5732484076433121,0.5412371134020618,0.5555555555555556,0.375,0.5732484076433121,0.5412371134020618,0.0,0.0,0.0,0.0
bull_to_bear,0.16,0.93,5.0,0.0,0,351,351,0.5555555555555556,0.375,0.5732484076433121,0.5412371134020618,0.5555555555555556,0.375,0.5732484076433121,0.5412371134020618,0.0,0.0,0.0,0.0
bull_to_neutral,0.16,0.93,5.0,-0.05,0,351,351,0.5555555555555556,0.375,0.5732484076433121,0.5412371134020618,0.5555555555555556,0.375,0.5732484076433121,0.5412371134020618,0.0,0.0,0.0,0.0
bull_to_bear,0.16,0.93,5.0,-0.05,0,351,351,0.5555555555555556,0.375,0.5732484076433121,0.5412371134020618,0.5555555555555556,0.375,0.5732484076433121,0.5412371134020618,0.0,0.0,0.0,0.0
bull_to_neutral,0.16,0.93,5.0,-0.1,0,351,351,0.5555555555555556,0.375,0.5732484076433121,0.5412371134020618,0.5555555555555556,0.375,0.5732484076433121,0.5412371134020618,0.0,0.0,0.0,0.0
bull_to_bear,0.16,0.93,5.0,-0.1,0,351,351,0.5555555555555556,0.375,0.5732484076433121,0.5412371134020618,0.5555555555555556,0.375,0.5732484076433121,0.5412371134020618,0.0,0.0,0.0,0.0
bull_to_neutral,0.16,0.93,10.0,,0,351,351,0.5555555555555556,0.375,0.5732484076433121,0.5412371134020618,0.5555555555555556,0.375,0.5732484076433121,0.5412371134020618,0.0,0.0,0.0,0.0
bull_to_bear,0.16,0.93,10.0,,0,351,351,0.5555555555555556,0.375,0.5732484076433121,0.5412371134020618,0.5555555555555556,0.375,0.5732484076433121,0.5412371134020618,0.0,0.0,0.0,0.0
bull_to_neutral,0.16,0.93,10.0,0.0,0,351,351,0.5555555555555556,0.375,0.5732484076433121,0.5412371134020618,0.5555555555555556,0.375,0.5732484076433121,0.5412371134020618,0.0,0.0,0.0,0.0
bull_to_bear,0.16,0.93,10.0,0.0,0,351,351,0.5555555555555556,0.375,0.5732484076433121,0.5412371134020618,0.5555555555555556,0.375,0.5732484076433121,0.5412371134020618,0.0,0.0,0.0,0.0
bull_to_neutral,0.16,0.93,10.0,-0.05,0,351,351,0.5555555555555556,0.375,0.5732484076433121,0.5412371134020618,0.5555555555555556,0.375,0.5732484076433121,0.5412371134020618,0.0,0.0,0.0,0.0
bull_to_bear,0.16,0.93,10.0,-0.05,0,351,351,0.5555555555555556,0.375,0.5732484076433121,0.5412371134020618,0.5555555555555556,0.375,0.5732484076433121,0.5412371134020618,0.0,0.0,0.0,0.0
bull_to_neutral,0.16,0.93,10.0,-0.1,0,351,351,0.5555555555555556,0.375,0.5732484076433121,0.5412371134020618,0.5555555555555556,0.375,0.5732484076433121,0.5412371134020618,0.0,0.0,0.0,0.0
bull_to_bear,0.16,0.93,10.0,-0.1,0,351,351,0.5555555555555556,0.375,0.5732484076433121,0.5412371134020618,0.5555555555555556,0.375,0.5732484076433121,0.5412371134020618,0.0,0.0,0.0,0.0
bull_to_neutral,0.16,0.93,15.0,,0,351,351,0.5555555555555556,0.375,0.5732484076433121,0.5412371134020618,0.5555555555555556,0.375,0.5732484076433121,0.5412371134020618,0.0,0.0,0.0,0.0
bull_to_bear,0.16,0.93,15.0,,0,351,351,0.5555555555555556,0.375,0.5732484076433121,0.5412371134020618,0.5555555555555556,0.375,0.5732484076433121,0.5412371134020618,0.0,0.0,0.0,0.0
bull_to_neutral,0.16,0.93,15.0,0.0,0,351,351,0.5555555555555556,0.375,0.5732484076433121,0.5412371134020618,0.5555555555555556,0.375,0.5732484076433121,0.5412371134020618,0.0,0.0,0.0,0.0
bull_to_bear,0.16,0.93,15.0,0.0,0,351,351,0.5555555555555556,0.375,0.5732484076433121,0.5412371134020618,0.5555555555555556,0.375,0.5732484076433121,0.5412371134020618,0.0,0.0,0.0,0.0
bull_to_neutral,0.16,0.93,15.0,-0.05,0,351,351,0.5555555555555556,0.375,0.5732484076433121,0.5412371134020618,0.5555555555555556,0.375,0.5732484076433121,0.5412371134020618,0.0,0.0,0.0,0.0
bull_to_bear,0.16,0.93,15.0,-0.05,0,351,351,0.5555555555555556,0.375,0.5732484076433121,0.5412371134020618,0.5555555555555556,0.375,0.5732484076433121,0.5412371134020618,0.0,0.0,0.0,0.0
bull_to_neutral,0.16,0.93,15.0,-0.1,0,351,351,0.5555555555555556,0.375,0.5732484076433121,0.5412371134020618,0.5555555555555556,0.375,0.5732484076433121,0.5412371134020618,0.0,0.0,0.0,0.0
bull_to_bear,0.16,0.93,15.0,-0.1,0,351,351,0.5555555555555556,0.375,0.5732484076433121,0.5412371134020618,0.5555555555555556,0.375,0.5732484076433121,0.5412371134020618,0.0,0.0,0.0,0.0
bull_to_neutral,0.16,0.9,,,0,351,351,0.5555555555555556,0.375,0.5732484076433121,0.5412371134020618,0.5555555555555556,0.375,0.5732484076433121,0.5412371134020618,0.0,0.0,0.0,0.0
bull_to_bear,0.16,0.9,,,0,351,351,0.5555555555555556,0.375,0.5732484076433121,0.5412371134020618,0.5555555555555556,0.375,0.5732484076433121,0.5412371134020618,0.0,0.0,0.0,0.0
bull_to_neutral,0.16,0.9,,0.0,0,351,351,0.5555555555555556,0.375,0.5732484076433121,0.5412371134020618,0.5555555555555556,0.375,0.5732484076433121,0.5412371134020618,0.0,0.0,0.0,0.0
bull_to_bear,0.16,0.9,,0.0,0,351,351,0.5555555555555556,0.375,0.5732484076433121,0.5412371134020618,0.5555555555555556,0.375,0.5732484076433121,0.5412371134020618,0.0,0.0,0.0,0.0
bull_to_neutral,0.16,0.9,,-0.05,0,351,351,0.5555555555555556,0.375,0.5732484076433121,0.5412371134020618,0.5555555555555556,0.375,0.5732484076433121,0.5412371134020618,0.0,0.0,0.0,0.0
bull_to_bear,0.16,0.9,,-0.05,0,351,351,0.5555555555555556,0.375,0.5732484076433121,0.5412371134020618,0.5555555555555556,0.375,0.5732484076433121,0.5412371134020618,0.0,0.0,0.0,0.0
bull_to_neutral,0.16,0.9,,-0.1,0,351,351,0.5555555555555556,0.375,0.5732484076433121,0.5412371134020618,0.5555555555555556,0.375,0.5732484076433121,0.5412371134020618,0.0,0.0,0.0,0.0
bull_to_bear,0.16,0.9,,-0.1,0,351,351,0.5555555555555556,0.375,0.5732484076433121,0.5412371134020618,0.5555555555555556,0.375,0.5732484076433121,0.5412371134020618,0.0,0.0,0.0,0.0
bull_to_neutral,0.16,0.9,0.0,,0,351,351,0.5555555555555556,0.375,0.5732484076433121,0.5412371134020618,0.5555555555555556,0.375,0.5732484076433121,0.5412371134020618,0.0,0.0,0.0,0.0
bull_to_bear,0.16,0.9,0.0,,0,351,351,0.5555555555555556,0.375,0.5732484076433121,0.5412371134020618,0.5555555555555556,0.375,0.5732484076433121,0.5412371134020618,0.0,0.0,0.0,0.0
bull_to_neutral,0.16,0.9,0.0,0.0,0,351,351,0.5555555555555556,0.375,0.5732484076433121,0.5412371134020618,0.5555555555555556,0.375,0.5732484076433121,0.5412371134020618,0.0,0.0,0.0,0.0
bull_to_bear,0.16,0.9,0.0,0.0,0,351,351,0.5555555555555556,0.375,0.5732484076433121,0.5412371134020618,0.5555555555555556,0.375,0.5732484076433121,0.5412371134020618,0.0,0.0,0.0,0.0
bull_to_neutral,0.16,0.9,0.0,-0.05,0,351,351,0.5555555555555556,0.375,0.5732484076433121,0.5412371134020618,0.5555555555555556,0.375,0.5732484076433121,0.5412371134020618,0.0,0.0,0.0,0.0
bull_to_bear,0.16,0.9,0.0,-0.05,0,351,351,0.5555555555555556,0.375,0.5732484076433121,0.5412371134020618,0.5555555555555556,0.375,0.5732484076433121,0.5412371134020618,0.0,0.0,0.0,0.0
bull_to_neutral,0.16,0.9,0.0,-0.1,0,351,351,0.5555555555555556,0.375,0.5732484076433121,0.5412371134020618,0.5555555555555556,0.375,0.5732484076433121,0.5412371134020618,0.0,0.0,0.0,0.0
bull_to_bear,0.16,0.9,0.0,-0.1,0,351,351,0.5555555555555556,0.375,0.5732484076433121,0.5412371134020618,0.5555555555555556,0.375,0.5732484076433121,0.5412371134020618,0.0,0.0,0.0,0.0
bull_to_neutral,0.16,0.9,5.0,,0,351,351,0.5555555555555556,0.375,0.5732484076433121,0.5412371134020618,0.5555555555555556,0.375,0.5732484076433121,0.5412371134020618,0.0,0.0,0.0,0.0
bull_to_bear,0.16,0.9,5.0,,0,351,351,0.5555555555555556,0.375,0.5732484076433121,0.5412371134020618,0.5555555555555556,0.375,0.5732484076433121,0.5412371134020618,0.0,0.0,0.0,0.0
bull_to_neutral,0.16,0.9,5.0,0.0,0,351,351,0.5555555555555556,0.375,0.5732484076433121,0.5412371134020618,0.5555555555555556,0.375,0.5732484076433121,0.5412371134020618,0.0,0.0,0.0,0.0
bull_to_bear,0.16,0.9,5.0,0.0,0,351,351,0.5555555555555556,0.375,0.5732484076433121,0.5412371134020618,0.5555555555555556,0.375,0.5732484076433121,0.5412371134020618,0.0,0.0,0.0,0.0
bull_to_neutral,0.16,0.9,5.0,-0.05,0,351,351,0.5555555555555556,0.375,0.5732484076433121,0.5412371134020618,0.5555555555555556,0.375,0.5732484076433121,0.5412371134020618,0.0,0.0,0.0,0.0
bull_to_bear,0.16,0.9,5.0,-0.05,0,351,351,0.5555555555555556,0.375,0.5732484076433121,0.5412371134020618,0.5555555555555556,0.375,0.5732484076433121,0.5412371134020618,0.0,0.0,0.0,0.0
bull_to_neutral,0.16,0.9,5.0,-0.1,0,351,351,0.5555555555555556,0.375,0.5732484076433121,0.5412371134020618,0.5555555555555556,0.375,0.5732484076433121,0.5412371134020618,0.0,0.0,0.0,0.0
bull_to_bear,0.16,0.9,5.0,-0.1,0,351,351,0.5555555555555556,0.375,0.5732484076433121,0.5412371134020618,0.5555555555555556,0.375,0.5732484076433121,0.5412371134020618,0.0,0.0,0.0,0.0
bull_to_neutral,0.16,0.9,10.0,,0,351,351,0.5555555555555556,0.375,0.5732484076433121,0.5412371134020618,0.5555555555555556,0.375,0.5732484076433121,0.5412371134020618,0.0,0.0,0.0,0.0
bull_to_bear,0.16,0.9,10.0,,0,351,351,0.5555555555555556,0.375,0.5732484076433121,0.5412371134020618,0.5555555555555556,0.375,0.5732484076433121,0.5412371134020618,0.0,0.0,0.0,0.0
bull_to_neutral,0.16,0.9,10.0,0.0,0,351,351,0.5555555555555556,0.375,0.5732484076433121,0.5412371134020618,0.5555555555555556,0.375,0.5732484076433121,0.5412371134020618,0.0,0.0,0.0,0.0
bull_to_bear,0.16,0.9,10.0,0.0,0,351,351,0.5555555555555556,0.375,0.5732484076433121,0.5412371134020618,0.5555555555555556,0.375,0.5732484076433121,0.5412371134020618,0.0,0.0,0.0,0.0
bull_to_neutral,0.16,0.9,10.0,-0.05,0,351,351,0.5555555555555556,0.375,0.5732484076433121,0.5412371134020618,0.5555555555555556,0.375,0.5732484076433121,0.5412371134020618,0.0,0.0,0.0,0.0
bull_to_bear,0.16,0.9,10.0,-0.05,0,351,351,0.5555555555555556,0.375,0.5732484076433121,0.5412371134020618,0.5555555555555556,0.375,0.5732484076433121,0.5412371134020618,0.0,0.0,0.0,0.0
bull_to_neutral,0.16,0.9,10.0,-0.1,0,351,351,0.5555555555555556,0.375,0.5732484076433121,0.5412371134020618,0.5555555555555556,0.375,0.5732484076433121,0.5412371134020618,0.0,0.0,0.0,0.0
bull_to_bear,0.16,0.9,10.0,-0.1,0,351,351,0.5555555555555556,0.375,0.5732484076433121,0.5412371134020618,0.5555555555555556,0.375,0.5732484076433121,0.5412371134020618,0.0,0.0,0.0,0.0
bull_to_neutral,0.16,0.9,15.0,,0,351,351,0.5555555555555556,0.375,0.5732484076433121,0.5412371134020618,0.5555555555555556,0.375,0.5732484076433121,0.5412371134020618,0.0,0.0,0.0,0.0
bull_to_bear,0.16,0.9,15.0,,0,351,351,0.5555555555555556,0.375,0.5732484076433121,0.5412371134020618,0.5555555555555556,0.375,0.5732484076433121,0.5412371134020618,0.0,0.0,0.0,0.0
bull_to_neutral,0.16,0.9,15.0,0.0,0,351,351,0.5555555555555556,0.375,0.5732484076433121,0.5412371134020618,0.5555555555555556,0.375,0.5732484076433121,0.5412371134020618,0.0,0.0,0.0,0.0
bull_to_bear,0.16,0.9,15.0,0.0,0,351,351,0.5555555555555556,0.375,0.5732484076433121,0.5412371134020618,0.5555555555555556,0.375,0.5732484076433121,0.5412371134020618,0.0,0.0,0.0,0.0
bull_to_neutral,0.16,0.9,15.0,-0.05,0,351,351,0.5555555555555556,0.375,0.5732484076433121,0.5412371134020618,0.5555555555555556,0.375,0.5732484076433121,0.5412371134020618,0.0,0.0,0.0,0.0
bull_to_bear,0.16,0.9,15.0,-0.05,0,351,351,0.5555555555555556,0.375,0.5732484076433121,0.5412371134020618,0.5555555555555556,0.375,0.5732484076433121,0.5412371134020618,0.0,0.0,0.0,0.0
bull_to_neutral,0.16,0.9,15.0,-0.1,0,351,351,0.5555555555555556,0.375,0.5732484076433121,0.5412371134020618,0.5555555555555556,0.375,0.5732484076433121,0.5412371134020618,0.0,0.0,0.0,0.0
bull_to_bear,0.16,0.9,15.0,-0.1,0,351,351,0.5555555555555556,0.375,0.5732484076433121,0.5412371134020618,0.5555555555555556,0.375,0.5732484076433121,0.5412371134020618,0.0,0.0,0.0,0.0
bull_to_neutral,0.18,1.0,,,12,339,351,0.5555555555555556,0.375,0.5732484076433121,0.5412371134020618,0.551622418879056,0.36217948717948717,0.5655172413793104,0.5412371134020618,-0.003933136676499527,-0.01282051282051283,-0.007731166264001721,0.0
bull_to_bear,0.18,1.0,,,12,351,351,0.5555555555555556,0.375,0.5732484076433121,0.5412371134020618,0.5441595441595442,0.375,0.5655172413793104,0.529126213592233,-0.01139601139601143,0.0,-0.007731166264001721,-0.012110899809828823
bull_to_neutral,0.18,1.0,,0.0,10,341,351,0.5555555555555556,0.375,0.5732484076433121,0.5412371134020618,0.5513196480938416,0.3643162393162393,0.564625850340136,0.5412371134020618,-0.004235907461713984,-0.010683760683760701,-0.00862255730317607,0.0
bull_to_bear,0.18,1.0,,0.0,10,351,351,0.5555555555555556,0.375,0.5732484076433121,0.5412371134020618,0.5441595441595442,0.375,0.564625850340136,0.5294117647058824,-0.01139601139601143,0.0,-0.00862255730317607,-0.01182534869617946
bull_to_neutral,0.18,1.0,,-0.05,9,342,351,0.5555555555555556,0.375,0.5732484076433121,0.5412371134020618,0.5497076023391813,0.36538461538461536,0.5608108108108109,0.5412371134020618,-0.005847953216374324,-0.009615384615384637,-0.01243759683250123,0.0
bull_to_bear,0.18,1.0,,-0.05,9,351,351,0.5555555555555556,0.375,0.5732484076433121,0.5412371134020618,0.5413105413105413,0.375,0.5608108108108109,0.5270935960591133,-0.014245014245014231,0.0,-0.01243759683250123,-0.014143517342948497
bull_to_neutral,0.18,1.0,,-0.1,8,343,351,0.5555555555555556,0.375,0.5732484076433121,0.5412371134020618,0.5510204081632653,0.36645299145299143,0.5637583892617449,0.5412371134020618,-0.0045351473922903285,-0.008547008547008572,-0.009490018381567156,0.0
bull_to_bear,0.18,1.0,,-0.1,8,351,351,0.5555555555555556,0.375,0.5732484076433121,0.5412371134020618,0.5441595441595442,0.375,0.5637583892617449,0.5297029702970297,-0.01139601139601143,0.0,-0.009490018381567156,-0.01153414310503209
bull_to_neutral,0.18,1.0,0.0,,2,349,351,0.5555555555555556,0.375,0.5732484076433121,0.5412371134020618,0.5558739255014327,0.37286324786324787,0.5741935483870968,0.5412371134020618,0.0003183699458770839,-0.002136752136752129,0.0009451407437847115,0.0
bull_to_bear,0.18,1.0,0.0,,2,351,351,0.5555555555555556,0.375,0.5732484076433121,0.5412371134020618,0.5555555555555556,0.375,0.5741935483870968,0.5408163265306123,0.0,0.0,0.0009451407437847115,-0.00042078687144953
bull_to_neutral,0.18,1.0,0.0,0.0,2,349,351,0.5555555555555556,0.375,0.5732484076433121,0.5412371134020618,0.5558739255014327,0.37286324786324787,0.5741935483870968,0.5412371134020618,0.0003183699458770839,-0.002136752136752129,0.0009451407437847115,0.0
bull_to_bear,0.18,1.0,0.0,0.0,2,351,351,0.5555555555555556,0.375,0.5732484076433121,0.5412371134020618,0.5555555555555556,0.375,0.5741935483870968,0.5408163265306123,0.0,0.0,0.0009451407437847115,-0.00042078687144953
bull_to_neutral,0.18,1.0,0.0,-0.05,2,349,351,0.5555555555555556,0.375,0.5732484076433121,0.5412371134020618,0.5558739255014327,0.37286324786324787,0.5741935483870968,0.5412371134020618,0.0003183699458770839,-0.002136752136752129,0.0009451407437847115,0.0
bull_to_bear,0.18,1.0,0.0,-0.05,2,351,351,0.5555555555555556,0.375,0.5732484076433121,0.5412371134020618,0.5555555555555556,0.375,0.5741935483870968,0.5408163265306123,0.0,0.0,0.0009451407437847115,-0.00042078687144953
bull_to_neutral,0.18,1.0,0.0,-0.1,2,349,351,0.5555555555555556,0.375,0.5732484076433121,0.5412371134020618,0.5558739255014327,0.37286324786324787,0.5741935483870968,0.5412371134020618,0.0003183699458770839,-0.002136752136752129,0.0009451407437847115,0.0
bull_to_bear,0.18,1.0,0.0,-0.1,2,351,351,0.5555555555555556,0.375,0.5732484076433121,0.5412371134020618,0.5555555555555556,0.375,0.5741935483870968,0.5408163265306123,0.0,0.0,0.0009451407437847115,-0.00042078687144953
bull_to_neutral,0.18,1.0,5.0,,2,349,351,0.5555555555555556,0.375,0.5732484076433121,0.5412371134020618,0.5558739255014327,0.37286324786324787,0.5741935483870968,0.5412371134020618,0.0003183699458770839,-0.002136752136752129,0.0009451407437847115,0.0
bull_to_bear,0.18,1.0,5.0,,2,351,351,0.5555555555555556,0.375,0.5732484076433121,0.5412371134020618,0.5555555555555556,0.375,0.5741935483870968,0.5408163265306123,0.0,0.0,0.0009451407437847115,-0.00042078687144953
bull_to_neutral,0.18,1.0,5.0,0.0,2,349,351,0.5555555555555556,0.375,0.5732484076433121,0.5412371134020618,0.5558739255014327,0.37286324786324787,0.5741935483870968,0.5412371134020618,0.0003183699458770839,-0.002136752136752129,0.0009451407437847115,0.0
bull_to_bear,0.18,1.0,5.0,0.0,2,351,351,0.5555555555555556,0.375,0.5732484076433121,0.5412371134020618,0.5555555555555556,0.375,0.5741935483870968,0.5408163265306123,0.0,0.0,0.0009451407437847115,-0.00042078687144953
bull_to_neutral,0.18,1.0,5.0,-0.05,2,349,351,0.5555555555555556,0.375,0.5732484076433121,0.5412371134020618,0.5558739255014327,0.37286324786324787,0.5741935483870968,0.5412371134020618,0.0003183699458770839,-0.002136752136752129,0.0009451407437847115,0.0
bull_to_bear,0.18,1.0,5.0,-0.05,2,351,351,0.5555555555555556,0.375,0.5732484076433121,0.5412371134020618,0.5555555555555556,0.375,0.5741935483870968,0.5408163265306123,0.0,0.0,0.0009451407437847115,-0.00042078687144953
bull_to_neutral,0.18,1.0,5.0,-0.1,2,349,351,0.5555555555555556,0.375,0.5732484076433121,0.5412371134020618,0.5558739255014327,0.37286324786324787,0.5741935483870968,0.5412371134020618,0.0003183699458770839,-0.002136752136752129,0.0009451407437847115,0.0
bull_to_bear,0.18,1.0,5.0,-0.1,2,351,351,0.5555555555555556,0.375,0.5732484076433121,0.5412371134020618,0.5555555555555556,0.375,0.5741935483870968,0.5408163265306123,0.0,0.0,0.0009451407437847115,-0.00042078687144953
bull_to_neutral,0.18,1.0,10.0,,2,349,351,0.5555555555555556,0.375,0.5732484076433121,0.5412371134020618,0.5558739255014327,0.37286324786324787,0.5741935483870968,0.5412371134020618,0.0003183699458770839,-0.002136752136752129,0.0009451407437847115,0.0
bull_to_bear,0.18,1.0,10.0,,2,351,351,0.5555555555555556,0.375,0.5732484076433121,0.5412371134020618,0.5555555555555556,0.375,0.5741935483870968,0.5408163265306123,0.0,0.0,0.0009451407437847115,-0.00042078687144953
bull_to_neutral,0.18,1.0,10.0,0.0,2,349,351,0.5555555555555556,0.375,0.5732484076433121,0.5412371134020618,0.5558739255014327,0.37286324786324787,0.5741935483870968,0.5412371134020618,0.0003183699458770839,-0.002136752136752129,0.0009451407437847115,0.0
bull_to_bear,0.18,1.0,10.0,0.0,2,351,351,0.5555555555555556,0.375,0.5732484076433121,0.5412371134020618,0.5555555555555556,0.375,0.5741935483870968,0.5408163265306123,0.0,0.0,0.0009451407437847115,-0.00042078687144953
bull_to_neutral,0.18,1.0,10.0,-0.05,2,349,351,0.5555555555555556,0.375,0.5732484076433121,0.5412371134020618,0.5558739255014327,0.37286324786324787,0.5741935483870968,0.5412371134020618,0.0003183699458770839,-0.002136752136752129,0.0009451407437847115,0.0
bull_to_bear,0.18,1.0,10.0,-0.05,2,351,351,0.5555555555555556,0.375,0.5732484076433121,0.5412371134020618,0.5555555555555556,0.375,0.5741935483870968,0.5408163265306123,0.0,0.0,0.0009451407437847115,-0.00042078687144953
bull_to_neutral,0.18,1.0,10.0,-0.1,2,349,351,0.5555555555555556,0.375,0.5732484076433121,0.5412371134020618,0.5558739255014327,0.37286324786324787,0.5741935483870968,0.5412371134020618,0.0003183699458770839,-0.002136752136752129,0.0009451407437847115,0.0
bull_to_bear,0.18,1.0,10.0,-0.1,2,351,351,0.5555555555555556,0.375,0.5732484076433121,0.5412371134020618,0.5555555555555556,0.375,0.5741935483870968,0.5408163265306123,0.0,0.0,0.0009451407437847115,-0.00042078687144953
bull_to_neutral,0.18,1.0,15.0,,2,349,351,0.5555555555555556,0.375,0.5732484076433121,0.5412371134020618,0.5558739255014327,0.37286324786324787,0.5741935483870968,0.5412371134020618,0.0003183699458770839,-0.002136752136752129,0.0009451407437847115,0.0
bull_to_bear,0.18,1.0,15.0,,2,351,351,0.5555555555555556,0.375,0.5732484076433121,0.5412371134020618,0.5555555555555556,0.375,0.5741935483870968,0.5408163265306123,0.0,0.0,0.0009451407437847115,-0.00042078687144953
bull_to_neutral,0.18,1.0,15.0,0.0,2,349,351,0.5555555555555556,0.375,0.5732484076433121,0.5412371134020618,0.5558739255014327,0.37286324786324787,0.5741935483870968,0.5412371134020618,0.0003183699458770839,-0.002136752136752129,0.0009451407437847115,0.0
bull_to_bear,0.18,1.0,15.0,0.0,2,351,351,0.5555555555555556,0.375,0.5732484076433121,0.5412371134020618,0.5555555555555556,0.375,0.5741935483870968,0.5408163265306123,0.0,0.0,0.0009451407437847115,-0.00042078687144953
bull_to_neutral,0.18,1.0,15.0,-0.05,2,349,351,0.5555555555555556,0.375,0.5732484076433121,0.5412371134020618,0.5558739255014327,0.37286324786324787,0.5741935483870968,0.5412371134020618,0.0003183699458770839,-0.002136752136752129,0.0009451407437847115,0.0
bull_to_bear,0.18,1.0,15.0,-0.05,2,351,351,0.5555555555555556,0.375,0.5732484076433121,0.5412371134020618,0.5555555555555556,0.375,0.5741935483870968,0.5408163265306123,0.0,0.0,0.0009451407437847115,-0.00042078687144953
bull_to_neutral,0.18,1.0,15.0,-0.1,2,349,351,0.5555555555555556,0.375,0.5732484076433121,0.5412371134020618,0.5558739255014327,0.37286324786324787,0.5741935483870968,0.5412371134020618,0.0003183699458770839,-0.002136752136752129,0.0009451407437847115,0.0
bull_to_bear,0.18,1.0,15.0,-0.1,2,351,351,0.5555555555555556,0.375,0.5732484076433121,0.5412371134020618,0.5555555555555556,0.375,0.5741935483870968,0.5408163265306123,0.0,0.0,0.0009451407437847115,-0.00042078687144953
bull_to_neutral,0.18,0.99,,,0,351,351,0.5555555555555556,0.375,0.5732484076433121,0.5412371134020618,0.5555555555555556,0.375,0.5732484076433121,0.5412371134020618,0.0,0.0,0.0,0.0
bull_to_bear,0.18,0.99,,,0,351,351,0.5555555555555556,0.375,0.5732484076433121,0.5412371134020618,0.5555555555555556,0.375,0.5732484076433121,0.5412371134020618,0.0,0.0,0.0,0.0
bull_to_neutral,0.18,0.99,,0.0,0,351,351,0.5555555555555556,0.375,0.5732484076433121,0.5412371134020618,0.5555555555555556,0.375,0.5732484076433121,0.5412371134020618,0.0,0.0,0.0,0.0
bull_to_bear,0.18,0.99,,0.0,0,351,351,0.5555555555555556,0.375,0.5732484076433121,0.5412371134020618,0.5555555555555556,0.375,0.5732484076433121,0.5412371134020618,0.0,0.0,0.0,0.0
bull_to_neutral,0.18,0.99,,-0.05,0,351,351,0.5555555555555556,0.375,0.5732484076433121,0.5412371134020618,0.5555555555555556,0.375,0.5732484076433121,0.5412371134020618,0.0,0.0,0.0,0.0
bull_to_bear,0.18,0.99,,-0.05,0,351,351,0.5555555555555556,0.375,0.5732484076433121,0.5412371134020618,0.5555555555555556,0.375,0.5732484076433121,0.5412371134020618,0.0,0.0,0.0,0.0
bull_to_neutral,0.18,0.99,,-0.1,0,351,351,0.5555555555555556,0.375,0.5732484076433121,0.5412371134020618,0.5555555555555556,0.375,0.5732484076433121,0.5412371134020618,0.0,0.0,0.0,0.0
bull_to_bear,0.18,0.99,,-0.1,0,351,351,0.5555555555555556,0.375,0.5732484076433121,0.5412371134020618,0.5555555555555556,0.375,0.5732484076433121,0.5412371134020618,0.0,0.0,0.0,0.0
bull_to_neutral,0.18,0.99,0.0,,0,351,351,0.5555555555555556,0.375,0.5732484076433121,0.5412371134020618,0.5555555555555556,0.375,0.5732484076433121,0.5412371134020618,0.0,0.0,0.0,0.0
bull_to_bear,0.18,0.99,0.0,,0,351,351,0.5555555555555556,0.375,0.5732484076433121,0.5412371134020618,0.5555555555555556,0.375,0.5732484076433121,0.5412371134020618,0.0,0.0,0.0,0.0
bull_to_neutral,0.18,0.99,0.0,0.0,0,351,351,0.5555555555555556,0.375,0.5732484076433121,0.5412371134020618,0.5555555555555556,0.375,0.5732484076433121,0.5412371134020618,0.0,0.0,0.0,0.0
bull_to_bear,0.18,0.99,0.0,0.0,0,351,351,0.5555555555555556,0.375,0.5732484076433121,0.5412371134020618,0.5555555555555556,0.375,0.5732484076433121,0.5412371134020618,0.0,0.0,0.0,0.0
bull_to_neutral,0.18,0.99,0.0,-0.05,0,351,351,0.5555555555555556,0.375,0.5732484076433121,0.5412371134020618,0.5555555555555556,0.375,0.5732484076433121,0.5412371134020618,0.0,0.0,0.0,0.0
bull_to_bear,0.18,0.99,0.0,-0.05,0,351,351,0.5555555555555556,0.375,0.5732484076433121,0.5412371134020618,0.5555555555555556,0.375,0.5732484076433121,0.5412371134020618,0.0,0.0,0.0,0.0
bull_to_neutral,0.18,0.99,0.0,-0.1,0,351,351,0.5555555555555556,0.375,0.5732484076433121,0.5412371134020618,0.5555555555555556,0.375,0.5732484076433121,0.5412371134020618,0.0,0.0,0.0,0.0
bull_to_bear,0.18,0.99,0.0,-0.1,0,351,351,0.5555555555555556,0.375,0.5732484076433121,0.5412371134020618,0.5555555555555556,0.375,0.5732484076433121,0.5412371134020618,0.0,0.0,0.0,0.0
bull_to_neutral,0.18,0.99,5.0,,0,351,351,0.5555555555555556,0.375,0.5732484076433121,0.5412371134020618,0.5555555555555556,0.375,0.5732484076433121,0.5412371134020618,0.0,0.0,0.0,0.0
bull_to_bear,0.18,0.99,5.0,,0,351,351,0.5555555555555556,0.375,0.5732484076433121,0.5412371134020618,0.5555555555555556,0.375,0.5732484076433121,0.5412371134020618,0.0,0.0,0.0,0.0
bull_to_neutral,0.18,0.99,5.0,0.0,0,351,351,0.5555555555555556,0.375,0.5732484076433121,0.5412371134020618,0.5555555555555556,0.375,0.5732484076433121,0.5412371134020618,0.0,0.0,0.0,0.0
bull_to_bear,0.18,0.99,5.0,0.0,0,351,351,0.5555555555555556,0.375,0.5732484076433121,0.5412371134020618,0.5555555555555556,0.375,0.5732484076433121,0.5412371134020618,0.0,0.0,0.0,0.0
bull_to_neutral,0.18,0.99,5.0,-0.05,0,351,351,0.5555555555555556,0.375,0.5732484076433121,0.5412371134020618,0.5555555555555556,0.375,0.5732484076433121,0.5412371134020618,0.0,0.0,0.0,0.0
bull_to_bear,0.18,0.99,5.0,-0.05,0,351,351,0.5555555555555556,0.375,0.5732484076433121,0.5412371134020618,0.5555555555555556,0.375,0.5732484076433121,0.5412371134020618,0.0,0.0,0.0,0.0
bull_to_neutral,0.18,0.99,5.0,-0.1,0,351,351,0.5555555555555556,0.375,0.5732484076433121,0.5412371134020618,0.5555555555555556,0.375,0.5732484076433121,0.5412371134020618,0.0,0.0,0.0,0.0
bull_to_bear,0.18,0.99,5.0,-0.1,0,351,351,0.5555555555555556,0.375,0.5732484076433121,0.5412371134020618,0.5555555555555556,0.375,0.5732484076433121,0.5412371134020618,0.0,0.0,0.0,0.0
bull_to_neutral,0.18,0.99,10.0,,0,351,351,0.5555555555555556,0.375,0.5732484076433121,0.5412371134020618,0.5555555555555556,0.375,0.5732484076433121,0.5412371134020618,0.0,0.0,0.0,0.0
bull_to_bear,0.18,0.99,10.0,,0,351,351,0.5555555555555556,0.375,0.5732484076433121,0.5412371134020618,0.5555555555555556,0.375,0.5732484076433121,0.5412371134020618,0.0,0.0,0.0,0.0
bull_to_neutral,0.18,0.99,10.0,0.0,0,351,351,0.5555555555555556,0.375,0.5732484076433121,0.5412371134020618,0.5555555555555556,0.375,0.5732484076433121,0.5412371134020618,0.0,0.0,0.0,0.0
bull_to_bear,0.18,0.99,10.0,0.0,0,351,351,0.5555555555555556,0.375,0.5732484076433121,0.5412371134020618,0.5555555555555556,0.375,0.5732484076433121,0.5412371134020618,0.0,0.0,0.0,0.0
bull_to_neutral,0.18,0.99,10.0,-0.05,0,351,351,0.5555555555555556,0.375,0.5732484076433121,0.5412371134020618,0.5555555555555556,0.375,0.5732484076433121,0.5412371134020618,0.0,0.0,0.0,0.0
bull_to_bear,0.18,0.99,10.0,-0.05,0,351,351,0.5555555555555556,0.375,0.5732484076433121,0.5412371134020618,0.5555555555555556,0.375,0.5732484076433121,0.5412371134020618,0.0,0.0,0.0,0.0
bull_to_neutral,0.18,0.99,10.0,-0.1,0,351,351,0.5555555555555556,0.375,0.5732484076433121,0.5412371134020618,0.5555555555555556,0.375,0.5732484076433121,0.5412371134020618,0.0,0.0,0.0,0.0
bull_to_bear,0.18,0.99,10.0,-0.1,0,351,351,0.5555555555555556,0.375,0.5732484076433121,0.5412371134020618,0.5555555555555556,0.375,0.5732484076433121,0.5412371134020618,0.0,0.0,0.0,0.0
bull_to_neutral,0.18,0.99,15.0,,0,351,351,0.5555555555555556,0.375,0.5732484076433121,0.5412371134020618,0.5555555555555556,0.375,0.5732484076433121,0.5412371134020618,0.0,0.0,0.0,0.0
bull_to_bear,0.18,0.99,15.0,,0,351,351,0.5555555555555556,0.375,0.5732484076433121,0.5412371134020618,0.5555555555555556,0.375,0.5732484076433121,0.5412371134020618,0.0,0.0,0.0,0.0
bull_to_neutral,0.18,0.99,15.0,0.0,0,351,351,0.5555555555555556,0.375,0.5732484076433121,0.5412371134020618,0.5555555555555556,0.375,0.5732484076433121,0.5412371134020618,0.0,0.0,0.0,0.0
bull_to_bear,0.18,0.99,15.0,0.0,0,351,351,0.5555555555555556,0.375,0.5732484076433121,0.5412371134020618,0.5555555555555556,0.375,0.5732484076433121,0.5412371134020618,0.0,0.0,0.0,0.0
bull_to_neutral,0.18,0.99,15.0,-0.05,0,351,351,0.5555555555555556,0.375,0.5732484076433121,0.5412371134020618,0.5555555555555556,0.375,0.5732484076433121,0.5412371134020618,0.0,0.0,0.0,0.0
bull_to_bear,0.18,0.99,15.0,-0.05,0,351,351,0.5555555555555556,0.375,0.5732484076433121,0.5412371134020618,0.5555555555555556,0.375,0.5732484076433121,0.5412371134020618,0.0,0.0,0.0,0.0
bull_to_neutral,0.18,0.99,15.0,-0.1,0,351,351,0.5555555555555556,0.375,0.5732484076433121,0.5412371134020618,0.5555555555555556,0.375,0.5732484076433121,0.5412371134020618,0.0,0.0,0.0,0.0
bull_to_bear,0.18,0.99,15.0,-0.1,0,351,351,0.5555555555555556,0.375,0.5732484076433121,0.5412371134020618,0.5555555555555556,0.375,0.5732484076433121,0.5412371134020618,0.0,0.0,0.0,0.0
bull_to_neutral,0.18,0.98,,,0,351,351,0.5555555555555556,0.375,0.5732484076433121,0.5412371134020618,0.5555555555555556,0.375,0.5732484076433121,0.5412371134020618,0.0,0.0,0.0,0.0
bull_to_bear,0.18,0.98,,,0,351,351,0.5555555555555556,0.375,0.5732484076433121,0.5412371134020618,0.5555555555555556,0.375,0.5732484076433121,0.5412371134020618,0.0,0.0,0.0,0.0
bull_to_neutral,0.18,0.98,,0.0,0,351,351,0.5555555555555556,0.375,0.5732484076433121,0.5412371134020618,0.5555555555555556,0.375,0.5732484076433121,0.5412371134020618,0.0,0.0,0.0,0.0
bull_to_bear,0.18,0.98,,0.0,0,351,351,0.5555555555555556,0.375,0.5732484076433121,0.5412371134020618,0.5555555555555556,0.375,0.5732484076433121,0.5412371134020618,0.0,0.0,0.0,0.0
bull_to_neutral,0.18,0.98,,-0.05,0,351,351,0.5555555555555556,0.375,0.5732484076433121,0.5412371134020618,0.5555555555555556,0.375,0.5732484076433121,0.5412371134020618,0.0,0.0,0.0,0.0
bull_to_bear,0.18,0.98,,-0.05,0,351,351,0.5555555555555556,0.375,0.5732484076433121,0.5412371134020618,0.5555555555555556,0.375,0.5732484076433121,0.5412371134020618,0.0,0.0,0.0,0.0
bull_to_neutral,0.18,0.98,,-0.1,0,351,351,0.5555555555555556,0.375,0.5732484076433121,0.5412371134020618,0.5555555555555556,0.375,0.5732484076433121,0.5412371134020618,0.0,0.0,0.0,0.0
bull_to_bear,0.18,0.98,,-0.1,0,351,351,0.5555555555555556,0.375,0.5732484076433121,0.5412371134020618,0.5555555555555556,0.375,0.5732484076433121,0.5412371134020618,0.0,0.0,0.0,0.0
bull_to_neutral,0.18,0.98,0.0,,0,351,351,0.5555555555555556,0.375,0.5732484076433121,0.5412371134020618,0.5555555555555556,0.375,0.5732484076433121,0.5412371134020618,0.0,0.0,0.0,0.0
bull_to_bear,0.18,0.98,0.0,,0,351,351,0.5555555555555556,0.375,0.5732484076433121,0.5412371134020618,0.5555555555555556,0.375,0.5732484076433121,0.5412371134020618,0.0,0.0,0.0,0.0
bull_to_neutral,0.18,0.98,0.0,0.0,0,351,351,0.5555555555555556,0.375,0.5732484076433121,0.5412371134020618,0.5555555555555556,0.375,0.5732484076433121,0.5412371134020618,0.0,0.0,0.0,0.0
bull_to_bear,0.18,0.98,0.0,0.0,0,351,351,0.5555555555555556,0.375,0.5732484076433121,0.5412371134020618,0.5555555555555556,0.375,0.5732484076433121,0.5412371134020618,0.0,0.0,0.0,0.0
bull_to_neutral,0.18,0.98,0.0,-0.05,0,351,351,0.5555555555555556,0.375,0.5732484076433121,0.5412371134020618,0.5555555555555556,0.375,0.5732484076433121,0.5412371134020618,0.0,0.0,0.0,0.0
bull_to_bear,0.18,0.98,0.0,-0.05,0,351,351,0.5555555555555556,0.375,0.5732484076433121,0.5412371134020618,0.5555555555555556,0.375,0.5732484076433121,0.5412371134020618,0.0,0.0,0.0,0.0
bull_to_neutral,0.18,0.98,0.0,-0.1,0,351,351,0.5555555555555556,0.375,0.5732484076433121,0.5412371134020618,0.5555555555555556,0.375,0.5732484076433121,0.5412371134020618,0.0,0.0,0.0,0.0
bull_to_bear,0.18,0.98,0.0,-0.1,0,351,351,0.5555555555555556,0.375,0.5732484076433121,0.5412371134020618,0.5555555555555556,0.375,0.5732484076433121,0.5412371134020618,0.0,0.0,0.0,0.0
bull_to_neutral,0.18,0.98,5.0,,0,351,351,0.5555555555555556,0.375,0.5732484076433121,0.5412371134020618,0.5555555555555556,0.375,0.5732484076433121,0.5412371134020618,0.0,0.0,0.0,0.0
bull_to_bear,0.18,0.98,5.0,,0,351,351,0.5555555555555556,0.375,0.5732484076433121,0.5412371134020618,0.5555555555555556,0.375,0.5732484076433121,0.5412371134020618,0.0,0.0,0.0,0.0
bull_to_neutral,0.18,0.98,5.0,0.0,0,351,351,0.5555555555555556,0.375,0.5732484076433121,0.5412371134020618,0.5555555555555556,0.375,0.5732484076433121,0.5412371134020618,0.0,0.0,0.0,0.0
bull_to_bear,0.18,0.98,5.0,0.0,0,351,351,0.5555555555555556,0.375,0.5732484076433121,0.5412371134020618,0.5555555555555556,0.375,0.5732484076433121,0.5412371134020618,0.0,0.0,0.0,0.0
bull_to_neutral,0.18,0.98,5.0,-0.05,0,351,351,0.5555555555555556,0.375,0.5732484076433121,0.5412371134020618,0.5555555555555556,0.375,0.5732484076433121,0.5412371134020618,0.0,0.0,0.0,0.0
bull_to_bear,0.18,0.98,5.0,-0.05,0,351,351,0.5555555555555556,0.375,0.5732484076433121,0.5412371134020618,0.5555555555555556,0.375,0.5732484076433121,0.5412371134020618,0.0,0.0,0.0,0.0
bull_to_neutral,0.18,0.98,5.0,-0.1,0,351,351,0.5555555555555556,0.375,0.5732484076433121,0.5412371134020618,0.5555555555555556,0.375,0.5732484076433121,0.5412371134020618,0.0,0.0,0.0,0.0
bull_to_bear,0.18,0.98,5.0,-0.1,0,351,351,0.5555555555555556,0.375,0.5732484076433121,0.5412371134020618,0.5555555555555556,0.375,0.5732484076433121,0.5412371134020618,0.0,0.0,0.0,0.0
bull_to_neutral,0.18,0.98,10.0,,0,351,351,0.5555555555555556,0.375,0.5732484076433121,0.5412371134020618,0.5555555555555556,0.375,0.5732484076433121,0.5412371134020618,0.0,0.0,0.0,0.0
bull_to_bear,0.18,0.98,10.0,,0,351,351,0.5555555555555556,0.375,0.5732484076433121,0.5412371134020618,0.5555555555555556,0.375,0.5732484076433121,0.5412371134020618,0.0,0.0,0.0,0.0
bull_to_neutral,0.18,0.98,10.0,0.0,0,351,351,0.5555555555555556,0.375,0.5732484076433121,0.5412371134020618,0.5555555555555556,0.375,0.5732484076433121,0.5412371134020618,0.0,0.0,0.0,0.0
bull_to_bear,0.18,0.98,10.0,0.0,0,351,351,0.5555555555555556,0.375,0.5732484076433121,0.5412371134020618,0.5555555555555556,0.375,0.5732484076433121,0.5412371134020618,0.0,0.0,0.0,0.0
bull_to_neutral,0.18,0.98,10.0,-0.05,0,351,351,0.5555555555555556,0.375,0.5732484076433121,0.5412371134020618,0.5555555555555556,0.375,0.5732484076433121,0.5412371134020618,0.0,0.0,0.0,0.0
bull_to_bear,0.18,0.98,10.0,-0.05,0,351,351,0.5555555555555556,0.375,0.5732484076433121,0.5412371134020618,0.5555555555555556,0.375,0.5732484076433121,0.5412371134020618,0.0,0.0,0.0,0.0
bull_to_neutral,0.18,0.98,10.0,-0.1,0,351,351,0.5555555555555556,0.375,0.5732484076433121,0.5412371134020618,0.5555555555555556,0.375,0.5732484076433121,0.5412371134020618,0.0,0.0,0.0,0.0
bull_to_bear,0.18,0.98,10.0,-0.1,0,351,351,0.5555555555555556,0.375,0.5732484076433121,0.5412371134020618,0.5555555555555556,0.375,0.5732484076433121,0.5412371134020618,0.0,0.0,0.0,0.0
bull_to_neutral,0.18,0.98,15.0,,0,351,351,0.5555555555555556,0.375,0.5732484076433121,0.5412371134020618,0.5555555555555556,0.375,0.5732484076433121,0.5412371134020618,0.0,0.0,0.0,0.0
bull_to_bear,0.18,0.98,15.0,,0,351,351,0.5555555555555556,0.375,0.5732484076433121,0.5412371134020618,0.5555555555555556,0.375,0.5732484076433121,0.5412371134020618,0.0,0.0,0.0,0.0
bull_to_neutral,0.18,0.98,15.0,0.0,0,351,351,0.5555555555555556,0.375,0.5732484076433121,0.5412371134020618,0.5555555555555556,0.375,0.5732484076433121,0.5412371134020618,0.0,0.0,0.0,0.0
bull_to_bear,0.18,0.98,15.0,0.0,0,351,351,0.5555555555555556,0.375,0.5732484076433121,0.5412371134020618,0.5555555555555556,0.375,0.5732484076433121,0.5412371134020618,0.0,0.0,0.0,0.0
bull_to_neutral,0.18,0.98,15.0,-0.05,0,351,351,0.5555555555555556,0.375,0.5732484076433121,0.5412371134020618,0.5555555555555556,0.375,0.5732484076433121,0.5412371134020618,0.0,0.0,0.0,0.0
bull_to_bear,0.18,0.98,15.0,-0.05,0,351,351,0.5555555555555556,0.375,0.5732484076433121,0.5412371134020618,0.5555555555555556,0.375,0.5732484076433121,0.5412371134020618,0.0,0.0,0.0,0.0
bull_to_neutral,0.18,0.98,15.0,-0.1,0,351,351,0.5555555555555556,0.375,0.5732484076433121,0.5412371134020618,0.5555555555555556,0.375,0.5732484076433121,0.5412371134020618,0.0,0.0,0.0,0.0
bull_to_bear,0.18,0.98,15.0,-0.1,0,351,351,0.5555555555555556,0.375,0.5732484076433121,0.5412371134020618,0.5555555555555556,0.375,0.5732484076433121,0.5412371134020618,0.0,0.0,0.0,0.0
bull_to_neutral,0.18,0.97,,,0,351,351,0.5555555555555556,0.375,0.5732484076433121,0.5412371134020618,0.5555555555555556,0.375,0.5732484076433121,0.5412371134020618,0.0,0.0,0.0,0.0
bull_to_bear,0.18,0.97,,,0,351,351,0.5555555555555556,0.375,0.5732484076433121,0.5412371134020618,0.5555555555555556,0.375,0.5732484076433121,0.5412371134020618,0.0,0.0,0.0,0.0
bull_to_neutral,0.18,0.97,,0.0,0,351,351,0.5555555555555556,0.375,0.5732484076433121,0.5412371134020618,0.5555555555555556,0.375,0.5732484076433121,0.5412371134020618,0.0,0.0,0.0,0.0
bull_to_bear,0.18,0.97,,0.0,0,351,351,0.5555555555555556,0.375,0.5732484076433121,0.5412371134020618,0.5555555555555556,0.375,0.5732484076433121,0.5412371134020618,0.0,0.0,0.0,0.0
bull_to_neutral,0.18,0.97,,-0.05,0,351,351,0.5555555555555556,0.375,0.5732484076433121,0.5412371134020618,0.5555555555555556,0.375,0.5732484076433121,0.5412371134020618,0.0,0.0,0.0,0.0
bull_to_bear,0.18,0.97,,-0.05,0,351,351,0.5555555555555556,0.375,0.5732484076433121,0.5412371134020618,0.5555555555555556,0.375,0.5732484076433121,0.5412371134020618,0.0,0.0,0.0,0.0
bull_to_neutral,0.18,0.97,,-0.1,0,351,351,0.5555555555555556,0.375,0.5732484076433121,0.5412371134020618,0.5555555555555556,0.375,0.5732484076433121,0.5412371134020618,0.0,0.0,0.0,0.0
bull_to_bear,0.18,0.97,,-0.1,0,351,351,0.5555555555555556,0.375,0.5732484076433121,0.5412371134020618,0.5555555555555556,0.375,0.5732484076433121,0.5412371134020618,0.0,0.0,0.0,0.0
bull_to_neutral,0.18,0.97,0.0,,0,351,351,0.5555555555555556,0.375,0.5732484076433121,0.5412371134020618,0.5555555555555556,0.375,0.5732484076433121,0.5412371134020618,0.0,0.0,0.0,0.0
bull_to_bear,0.18,0.97,0.0,,0,351,351,0.5555555555555556,0.375,0.5732484076433121,0.5412371134020618,0.5555555555555556,0.375,0.5732484076433121,0.5412371134020618,0.0,0.0,0.0,0.0
bull_to_neutral,0.18,0.97,0.0,0.0,0,351,351,0.5555555555555556,0.375,0.5732484076433121,0.5412371134020618,0.5555555555555556,0.375,0.5732484076433121,0.5412371134020618,0.0,0.0,0.0,0.0
bull_to_bear,0.18,0.97,0.0,0.0,0,351,351,0.5555555555555556,0.375,0.5732484076433121,0.5412371134020618,0.5555555555555556,0.375,0.5732484076433121,0.5412371134020618,0.0,0.0,0.0,0.0
bull_to_neutral,0.18,0.97,0.0,-0.05,0,351,351,0.5555555555555556,0.375,0.5732484076433121,0.5412371134020618,0.5555555555555556,0.375,0.5732484076433121,0.5412371134020618,0.0,0.0,0.0,0.0
bull_to_bear,0.18,0.97,0.0,-0.05,0,351,351,0.5555555555555556,0.375,0.5732484076433121,0.5412371134020618,0.5555555555555556,0.375,0.5732484076433121,0.5412371134020618,0.0,0.0,0.0,0.0
bull_to_neutral,0.18,0.97,0.0,-0.1,0,351,351,0.5555555555555556,0.375,0.5732484076433121,0.5412371134020618,0.5555555555555556,0.375,0.5732484076433121,0.5412371134020618,0.0,0.0,0.0,0.0
bull_to_bear,0.18,0.97,0.0,-0.1,0,351,351,0.5555555555555556,0.375,0.5732484076433121,0.5412371134020618,0.5555555555555556,0.375,0.5732484076433121,0.5412371134020618,0.0,0.0,0.0,0.0
bull_to_neutral,0.18,0.97,5.0,,0,351,351,0.5555555555555556,0.375,0.5732484076433121,0.5412371134020618,0.5555555555555556,0.375,0.5732484076433121,0.5412371134020618,0.0,0.0,0.0,0.0
bull_to_bear,0.18,0.97,5.0,,0,351,351,0.5555555555555556,0.375,0.5732484076433121,0.5412371134020618,0.5555555555555556,0.375,0.5732484076433121,0.5412371134020618,0.0,0.0,0.0,0.0
bull_to_neutral,0.18,0.97,5.0,0.0,0,351,351,0.5555555555555556,0.375,0.5732484076433121,0.5412371134020618,0.5555555555555556,0.375,0.5732484076433121,0.5412371134020618,0.0,0.0,0.0,0.0
bull_to_bear,0.18,0.97,5.0,0.0,0,351,351,0.5555555555555556,0.375,0.5732484076433121,0.5412371134020618,0.5555555555555556,0.375,0.5732484076433121,0.5412371134020618,0.0,0.0,0.0,0.0
bull_to_neutral,0.18,0.97,5.0,-0.05,0,351,351,0.5555555555555556,0.375,0.5732484076433121,0.5412371134020618,0.5555555555555556,0.375,0.5732484076433121,0.5412371134020618,0.0,0.0,0.0,0.0
bull_to_bear,0.18,0.97,5.0,-0.05,0,351,351,0.5555555555555556,0.375,0.5732484076433121,0.5412371134020618,0.5555555555555556,0.375,0.5732484076433121,0.5412371134020618,0.0,0.0,0.0,0.0
bull_to_neutral,0.18,0.97,5.0,-0.1,0,351,351,0.5555555555555556,0.375,0.5732484076433121,0.5412371134020618,0.5555555555555556,0.375,0.5732484076433121,0.5412371134020618,0.0,0.0,0.0,0.0
bull_to_bear,0.18,0.97,5.0,-0.1,0,351,351,0.5555555555555556,0.375,0.5732484076433121,0.5412371134020618,0.5555555555555556,0.375,0.5732484076433121,0.5412371134020618,0.0,0.0,0.0,0.0
bull_to_neutral,0.18,0.97,10.0,,0,351,351,0.5555555555555556,0.375,0.5732484076433121,0.5412371134020618,0.5555555555555556,0.375,0.5732484076433121,0.5412371134020618,0.0,0.0,0.0,0.0
bull_to_bear,0.18,0.97,10.0,,0,351,351,0.5555555555555556,0.375,0.5732484076433121,0.5412371134020618,0.5555555555555556,0.375,0.5732484076433121,0.5412371134020618,0.0,0.0,0.0,0.0
bull_to_neutral,0.18,0.97,10.0,0.0,0,351,351,0.5555555555555556,0.375,0.5732484076433121,0.5412371134020618,0.5555555555555556,0.375,0.5732484076433121,0.5412371134020618,0.0,0.0,0.0,0.0
bull_to_bear,0.18,0.97,10.0,0.0,0,351,351,0.5555555555555556,0.375,0.5732484076433121,0.5412371134020618,0.5555555555555556,0.375,0.5732484076433121,0.5412371134020618,0.0,0.0,0.0,0.0
bull_to_neutral,0.18,0.97,10.0,-0.05,0,351,351,0.5555555555555556,0.375,0.5732484076433121,0.5412371134020618,0.5555555555555556,0.375,0.5732484076433121,0.5412371134020618,0.0,0.0,0.0,0.0
bull_to_bear,0.18,0.97,10.0,-0.05,0,351,351,0.5555555555555556,0.375,0.5732484076433121,0.5412371134020618,0.5555555555555556,0.375,0.5732484076433121,0.5412371134020618,0.0,0.0,0.0,0.0
bull_to_neutral,0.18,0.97,10.0,-0.1,0,351,351,0.5555555555555556,0.375,0.5732484076433121,0.5412371134020618,0.5555555555555556,0.375,0.5732484076433121,0.5412371134020618,0.0,0.0,0.0,0.0
bull_to_bear,0.18,0.97,10.0,-0.1,0,351,351,0.5555555555555556,0.375,0.5732484076433121,0.5412371134020618,0.5555555555555556,0.375,0.5732484076433121,0.5412371134020618,0.0,0.0,0.0,0.0
bull_to_neutral,0.18,0.97,15.0,,0,351,351,0.5555555555555556,0.375,0.5732484076433121,0.5412371134020618,0.5555555555555556,0.375,0.5732484076433121,0.5412371134020618,0.0,0.0,0.0,0.0
bull_to_bear,0.18,0.97,15.0,,0,351,351,0.5555555555555556,0.375,0.5732484076433121,0.5412371134020618,0.5555555555555556,0.375,0.5732484076433121,0.5412371134020618,0.0,0.0,0.0,0.0
bull_to_neutral,0.18,0.97,15.0,0.0,0,351,351,0.5555555555555556,0.375,0.5732484076433121,0.5412371134020618,0.5555555555555556,0.375,0.5732484076433121,0.5412371134020618,0.0,0.0,0.0,0.0
bull_to_bear,0.18,0.97,15.0,0.0,0,351,351,0.5555555555555556,0.375,0.5732484076433121,0.5412371134020618,0.5555555555555556,0.375,0.5732484076433121,0.5412371134020618,0.0,0.0,0.0,0.0
bull_to_neutral,0.18,0.97,15.0,-0.05,0,351,351,0.5555555555555556,0.375,0.5732484076433121,0.5412371134020618,0.5555555555555556,0.375,0.5732484076433121,0.5412371134020618,0.0,0.0,0.0,0.0
bull_to_bear,0.18,0.97,15.0,-0.05,0,351,351,0.5555555555555556,0.375,0.5732484076433121,0.5412371134020618,0.5555555555555556,0.375,0.5732484076433121,0.5412371134020618,0.0,0.0,0.0,0.0
bull_to_neutral,0.18,0.97,15.0,-0.1,0,351,351,0.5555555555555556,0.375,0.5732484076433121,0.5412371134020618,0.5555555555555556,0.375,0.5732484076433121,0.5412371134020618,0.0,0.0,0.0,0.0
bull_to_bear,0.18,0.97,15.0,-0.1,0,351,351,0.5555555555555556,0.375,0.5732484076433121,0.5412371134020618,0.5555555555555556,0.375,0.5732484076433121,0.5412371134020618,0.0,0.0,0.0,0.0
bull_to_neutral,0.18,0.95,,,0,351,351,0.5555555555555556,0.375,0.5732484076433121,0.5412371134020618,0.5555555555555556,0.375,0.5732484076433121,0.5412371134020618,0.0,0.0,0.0,0.0
bull_to_bear,0.18,0.95,,,0,351,351,0.5555555555555556,0.375,0.5732484076433121,0.5412371134020618,0.5555555555555556,0.375,0.5732484076433121,0.5412371134020618,0.0,0.0,0.0,0.0
bull_to_neutral,0.18,0.95,,0.0,0,351,351,0.5555555555555556,0.375,0.5732484076433121,0.5412371134020618,0.5555555555555556,0.375,0.5732484076433121,0.5412371134020618,0.0,0.0,0.0,0.0
bull_to_bear,0.18,0.95,,0.0,0,351,351,0.5555555555555556,0.375,0.5732484076433121,0.5412371134020618,0.5555555555555556,0.375,0.5732484076433121,0.5412371134020618,0.0,0.0,0.0,0.0
bull_to_neutral,0.18,0.95,,-0.05,0,351,351,0.5555555555555556,0.375,0.5732484076433121,0.5412371134020618,0.5555555555555556,0.375,0.5732484076433121,0.5412371134020618,0.0,0.0,0.0,0.0
bull_to_bear,0.18,0.95,,-0.05,0,351,351,0.5555555555555556,0.375,0.5732484076433121,0.5412371134020618,0.5555555555555556,0.375,0.5732484076433121,0.5412371134020618,0.0,0.0,0.0,0.0
bull_to_neutral,0.18,0.95,,-0.1,0,351,351,0.5555555555555556,0.375,0.5732484076433121,0.5412371134020618,0.5555555555555556,0.375,0.5732484076433121,0.5412371134020618,0.0,0.0,0.0,0.0
bull_to_bear,0.18,0.95,,-0.1,0,351,351,0.5555555555555556,0.375,0.5732484076433121,0.5412371134020618,0.5555555555555556,0.375,0.5732484076433121,0.5412371134020618,0.0,0.0,0.0,0.0
bull_to_neutral,0.18,0.95,0.0,,0,351,351,0.5555555555555556,0.375,0.5732484076433121,0.5412371134020618,0.5555555555555556,0.375,0.5732484076433121,0.5412371134020618,0.0,0.0,0.0,0.0
bull_to_bear,0.18,0.95,0.0,,0,351,351,0.5555555555555556,0.375,0.5732484076433121,0.5412371134020618,0.5555555555555556,0.375,0.5732484076433121,0.5412371134020618,0.0,0.0,0.0,0.0
bull_to_neutral,0.18,0.95,0.0,0.0,0,351,351,0.5555555555555556,0.375,0.5732484076433121,0.5412371134020618,0.5555555555555556,0.375,0.5732484076433121,0.5412371134020618,0.0,0.0,0.0,0.0
bull_to_bear,0.18,0.95,0.0,0.0,0,351,351,0.5555555555555556,0.375,0.5732484076433121,0.5412371134020618,0.5555555555555556,0.375,0.5732484076433121,0.5412371134020618,0.0,0.0,0.0,0.0
bull_to_neutral,0.18,0.95,0.0,-0.05,0,351,351,0.5555555555555556,0.375,0.5732484076433121,0.5412371134020618,0.5555555555555556,0.375,0.5732484076433121,0.5412371134020618,0.0,0.0,0.0,0.0
bull_to_bear,0.18,0.95,0.0,-0.05,0,351,351,0.5555555555555556,0.375,0.5732484076433121,0.5412371134020618,0.5555555555555556,0.375,0.5732484076433121,0.5412371134020618,0.0,0.0,0.0,0.0
bull_to_neutral,0.18,0.95,0.0,-0.1,0,351,351,0.5555555555555556,0.375,0.5732484076433121,0.5412371134020618,0.5555555555555556,0.375,0.5732484076433121,0.5412371134020618,0.0,0.0,0.0,0.0
bull_to_bear,0.18,0.95,0.0,-0.1,0,351,351,0.5555555555555556,0.375,0.5732484076433121,0.5412371134020618,0.5555555555555556,0.375,0.5732484076433121,0.5412371134020618,0.0,0.0,0.0,0.0
bull_to_neutral,0.18,0.95,5.0,,0,351,351,0.5555555555555556,0.375,0.5732484076433121,0.5412371134020618,0.5555555555555556,0.375,0.5732484076433121,0.5412371134020618,0.0,0.0,0.0,0.0
bull_to_bear,0.18,0.95,5.0,,0,351,351,0.5555555555555556,0.375,0.5732484076433121,0.5412371134020618,0.5555555555555556,0.375,0.5732484076433121,0.5412371134020618,0.0,0.0,0.0,0.0
bull_to_neutral,0.18,0.95,5.0,0.0,0,351,351,0.5555555555555556,0.375,0.5732484076433121,0.5412371134020618,0.5555555555555556,0.375,0.5732484076433121,0.5412371134020618,0.0,0.0,0.0,0.0
bull_to_bear,0.18,0.95,5.0,0.0,0,351,351,0.5555555555555556,0.375,0.5732484076433121,0.5412371134020618,0.5555555555555556,0.375,0.5732484076433121,0.5412371134020618,0.0,0.0,0.0,0.0
bull_to_neutral,0.18,0.95,5.0,-0.05,0,351,351,0.5555555555555556,0.375,0.5732484076433121,0.5412371134020618,0.5555555555555556,0.375,0.5732484076433121,0.5412371134020618,0.0,0.0,0.0,0.0
bull_to_bear,0.18,0.95,5.0,-0.05,0,351,351,0.5555555555555556,0.375,0.5732484076433121,0.5412371134020618,0.5555555555555556,0.375,0.5732484076433121,0.5412371134020618,0.0,0.0,0.0,0.0
bull_to_neutral,0.18,0.95,5.0,-0.1,0,351,351,0.5555555555555556,0.375,0.5732484076433121,0.5412371134020618,0.5555555555555556,0.375,0.5732484076433121,0.5412371134020618,0.0,0.0,0.0,0.0
bull_to_bear,0.18,0.95,5.0,-0.1,0,351,351,0.5555555555555556,0.375,0.5732484076433121,0.5412371134020618,0.5555555555555556,0.375,0.5732484076433121,0.5412371134020618,0.0,0.0,0.0,0.0
bull_to_neutral,0.18,0.95,10.0,,0,351,351,0.5555555555555556,0.375,0.5732484076433121,0.5412371134020618,0.5555555555555556,0.375,0.5732484076433121,0.5412371134020618,0.0,0.0,0.0,0.0
bull_to_bear,0.18,0.95,10.0,,0,351,351,0.5555555555555556,0.375,0.5732484076433121,0.5412371134020618,0.5555555555555556,0.375,0.5732484076433121,0.5412371134020618,0.0,0.0,0.0,0.0
bull_to_neutral,0.18,0.95,10.0,0.0,0,351,351,0.5555555555555556,0.375,0.5732484076433121,0.5412371134020618,0.5555555555555556,0.375,0.5732484076433121,0.5412371134020618,0.0,0.0,0.0,0.0
bull_to_bear,0.18,0.95,10.0,0.0,0,351,351,0.5555555555555556,0.375,0.5732484076433121,0.5412371134020618,0.5555555555555556,0.375,0.5732484076433121,0.5412371134020618,0.0,0.0,0.0,0.0
bull_to_neutral,0.18,0.95,10.0,-0.05,0,351,351,0.5555555555555556,0.375,0.5732484076433121,0.5412371134020618,0.5555555555555556,0.375,0.5732484076433121,0.5412371134020618,0.0,0.0,0.0,0.0
bull_to_bear,0.18,0.95,10.0,-0.05,0,351,351,0.5555555555555556,0.375,0.5732484076433121,0.5412371134020618,0.5555555555555556,0.375,0.5732484076433121,0.5412371134020618,0.0,0.0,0.0,0.0
bull_to_neutral,0.18,0.95,10.0,-0.1,0,351,351,0.5555555555555556,0.375,0.5732484076433121,0.5412371134020618,0.5555555555555556,0.375,0.5732484076433121,0.5412371134020618,0.0,0.0,0.0,0.0
bull_to_bear,0.18,0.95,10.0,-0.1,0,351,351,0.5555555555555556,0.375,0.5732484076433121,0.5412371134020618,0.5555555555555556,0.375,0.5732484076433121,0.5412371134020618,0.0,0.0,0.0,0.0
bull_to_neutral,0.18,0.95,15.0,,0,351,351,0.5555555555555556,0.375,0.5732484076433121,0.5412371134020618,0.5555555555555556,0.375,0.5732484076433121,0.5412371134020618,0.0,0.0,0.0,0.0
bull_to_bear,0.18,0.95,15.0,,0,351,351,0.5555555555555556,0.375,0.5732484076433121,0.5412371134020618,0.5555555555555556,0.375,0.5732484076433121,0.5412371134020618,0.0,0.0,0.0,0.0
bull_to_neutral,0.18,0.95,15.0,0.0,0,351,351,0.5555555555555556,0.375,0.5732484076433121,0.5412371134020618,0.5555555555555556,0.375,0.5732484076433121,0.5412371134020618,0.0,0.0,0.0,0.0
bull_to_bear,0.18,0.95,15.0,0.0,0,351,351,0.5555555555555556,0.375,0.5732484076433121,0.5412371134020618,0.5555555555555556,0.375,0.5732484076433121,0.5412371134020618,0.0,0.0,0.0,0.0
bull_to_neutral,0.18,0.95,15.0,-0.05,0,351,351,0.5555555555555556,0.375,0.5732484076433121,0.5412371134020618,0.5555555555555556,0.375,0.5732484076433121,0.5412371134020618,0.0,0.0,0.0,0.0
bull_to_bear,0.18,0.95,15.0,-0.05,0,351,351,0.5555555555555556,0.375,0.5732484076433121,0.5412371134020618,0.5555555555555556,0.375,0.5732484076433121,0.5412371134020618,0.0,0.0,0.0,0.0
bull_to_neutral,0.18,0.95,15.0,-0.1,0,351,351,0.5555555555555556,0.375,0.5732484076433121,0.5412371134020618,0.5555555555555556,0.375,0.5732484076433121,0.5412371134020618,0.0,0.0,0.0,0.0
bull_to_bear,0.18,0.95,15.0,-0.1,0,351,351,0.5555555555555556,0.375,0.5732484076433121,0.5412371134020618,0.5555555555555556,0.375,0.5732484076433121,0.5412371134020618,0.0,0.0,0.0,0.0
bull_to_neutral,0.18,0.93,,,0,351,351,0.5555555555555556,0.375,0.5732484076433121,0.5412371134020618,0.5555555555555556,0.375,0.5732484076433121,0.5412371134020618,0.0,0.0,0.0,0.0
bull_to_bear,0.18,0.93,,,0,351,351,0.5555555555555556,0.375,0.5732484076433121,0.5412371134020618,0.5555555555555556,0.375,0.5732484076433121,0.5412371134020618,0.0,0.0,0.0,0.0
bull_to_neutral,0.18,0.93,,0.0,0,351,351,0.5555555555555556,0.375,0.5732484076433121,0.5412371134020618,0.5555555555555556,0.375,0.5732484076433121,0.5412371134020618,0.0,0.0,0.0,0.0
bull_to_bear,0.18,0.93,,0.0,0,351,351,0.5555555555555556,0.375,0.5732484076433121,0.5412371134020618,0.5555555555555556,0.375,0.5732484076433121,0.5412371134020618,0.0,0.0,0.0,0.0
bull_to_neutral,0.18,0.93,,-0.05,0,351,351,0.5555555555555556,0.375,0.5732484076433121,0.5412371134020618,0.5555555555555556,0.375,0.5732484076433121,0.5412371134020618,0.0,0.0,0.0,0.0
bull_to_bear,0.18,0.93,,-0.05,0,351,351,0.5555555555555556,0.375,0.5732484076433121,0.5412371134020618,0.5555555555555556,0.375,0.5732484076433121,0.5412371134020618,0.0,0.0,0.0,0.0
bull_to_neutral,0.18,0.93,,-0.1,0,351,351,0.5555555555555556,0.375,0.5732484076433121,0.5412371134020618,0.5555555555555556,0.375,0.5732484076433121,0.5412371134020618,0.0,0.0,0.0,0.0
bull_to_bear,0.18,0.93,,-0.1,0,351,351,0.5555555555555556,0.375,0.5732484076433121,0.5412371134020618,0.5555555555555556,0.375,0.5732484076433121,0.5412371134020618,0.0,0.0,0.0,0.0
bull_to_neutral,0.18,0.93,0.0,,0,351,351,0.5555555555555556,0.375,0.5732484076433121,0.5412371134020618,0.5555555555555556,0.375,0.5732484076433121,0.5412371134020618,0.0,0.0,0.0,0.0
bull_to_bear,0.18,0.93,0.0,,0,351,351,0.5555555555555556,0.375,0.5732484076433121,0.5412371134020618,0.5555555555555556,0.375,0.5732484076433121,0.5412371134020618,0.0,0.0,0.0,0.0
bull_to_neutral,0.18,0.93,0.0,0.0,0,351,351,0.5555555555555556,0.375,0.5732484076433121,0.5412371134020618,0.5555555555555556,0.375,0.5732484076433121,0.5412371134020618,0.0,0.0,0.0,0.0
bull_to_bear,0.18,0.93,0.0,0.0,0,351,351,0.5555555555555556,0.375,0.5732484076433121,0.5412371134020618,0.5555555555555556,0.375,0.5732484076433121,0.5412371134020618,0.0,0.0,0.0,0.0
bull_to_neutral,0.18,0.93,0.0,-0.05,0,351,351,0.5555555555555556,0.375,0.5732484076433121,0.5412371134020618,0.5555555555555556,0.375,0.5732484076433121,0.5412371134020618,0.0,0.0,0.0,0.0
bull_to_bear,0.18,0.93,0.0,-0.05,0,351,351,0.5555555555555556,0.375,0.5732484076433121,0.5412371134020618,0.5555555555555556,0.375,0.5732484076433121,0.5412371134020618,0.0,0.0,0.0,0.0
bull_to_neutral,0.18,0.93,0.0,-0.1,0,351,351,0.5555555555555556,0.375,0.5732484076433121,0.5412371134020618,0.5555555555555556,0.375,0.5732484076433121,0.5412371134020618,0.0,0.0,0.0,0.0
bull_to_bear,0.18,0.93,0.0,-0.1,0,351,351,0.5555555555555556,0.375,0.5732484076433121,0.5412371134020618,0.5555555555555556,0.375,0.5732484076433121,0.5412371134020618,0.0,0.0,0.0,0.0
bull_to_neutral,0.18,0.93,5.0,,0,351,351,0.5555555555555556,0.375,0.5732484076433121,0.5412371134020618,0.5555555555555556,0.375,0.5732484076433121,0.5412371134020618,0.0,0.0,0.0,0.0
bull_to_bear,0.18,0.93,5.0,,0,351,351,0.5555555555555556,0.375,0.5732484076433121,0.5412371134020618,0.5555555555555556,0.375,0.5732484076433121,0.5412371134020618,0.0,0.0,0.0,0.0
bull_to_neutral,0.18,0.93,5.0,0.0,0,351,351,0.5555555555555556,0.375,0.5732484076433121,0.5412371134020618,0.5555555555555556,0.375,0.5732484076433121,0.5412371134020618,0.0,0.0,0.0,0.0
bull_to_bear,0.18,0.93,5.0,0.0,0,351,351,0.5555555555555556,0.375,0.5732484076433121,0.5412371134020618,0.5555555555555556,0.375,0.5732484076433121,0.5412371134020618,0.0,0.0,0.0,0.0
bull_to_neutral,0.18,0.93,5.0,-0.05,0,351,351,0.5555555555555556,0.375,0.5732484076433121,0.5412371134020618,0.5555555555555556,0.375,0.5732484076433121,0.5412371134020618,0.0,0.0,0.0,0.0
bull_to_bear,0.18,0.93,5.0,-0.05,0,351,351,0.5555555555555556,0.375,0.5732484076433121,0.5412371134020618,0.5555555555555556,0.375,0.5732484076433121,0.5412371134020618,0.0,0.0,0.0,0.0
bull_to_neutral,0.18,0.93,5.0,-0.1,0,351,351,0.5555555555555556,0.375,0.5732484076433121,0.5412371134020618,0.5555555555555556,0.375,0.5732484076433121,0.5412371134020618,0.0,0.0,0.0,0.0
bull_to_bear,0.18,0.93,5.0,-0.1,0,351,351,0.5555555555555556,0.375,0.5732484076433121,0.5412371134020618,0.5555555555555556,0.375,0.5732484076433121,0.5412371134020618,0.0,0.0,0.0,0.0
bull_to_neutral,0.18,0.93,10.0,,0,351,351,0.5555555555555556,0.375,0.5732484076433121,0.5412371134020618,0.5555555555555556,0.375,0.5732484076433121,0.5412371134020618,0.0,0.0,0.0,0.0
bull_to_bear,0.18,0.93,10.0,,0,351,351,0.5555555555555556,0.375,0.5732484076433121,0.5412371134020618,0.5555555555555556,0.375,0.5732484076433121,0.5412371134020618,0.0,0.0,0.0,0.0
bull_to_neutral,0.18,0.93,10.0,0.0,0,351,351,0.5555555555555556,0.375,0.5732484076433121,0.5412371134020618,0.5555555555555556,0.375,0.5732484076433121,0.5412371134020618,0.0,0.0,0.0,0.0
bull_to_bear,0.18,0.93,10.0,0.0,0,351,351,0.5555555555555556,0.375,0.5732484076433121,0.5412371134020618,0.5555555555555556,0.375,0.5732484076433121,0.5412371134020618,0.0,0.0,0.0,0.0
bull_to_neutral,0.18,0.93,10.0,-0.05,0,351,351,0.5555555555555556,0.375,0.5732484076433121,0.5412371134020618,0.5555555555555556,0.375,0.5732484076433121,0.5412371134020618,0.0,0.0,0.0,0.0
bull_to_bear,0.18,0.93,10.0,-0.05,0,351,351,0.5555555555555556,0.375,0.5732484076433121,0.5412371134020618,0.5555555555555556,0.375,0.5732484076433121,0.5412371134020618,0.0,0.0,0.0,0.0
bull_to_neutral,0.18,0.93,10.0,-0.1,0,351,351,0.5555555555555556,0.375,0.5732484076433121,0.5412371134020618,0.5555555555555556,0.375,0.5732484076433121,0.5412371134020618,0.0,0.0,0.0,0.0
bull_to_bear,0.18,0.93,10.0,-0.1,0,351,351,0.5555555555555556,0.375,0.5732484076433121,0.5412371134020618,0.5555555555555556,0.375,0.5732484076433121,0.5412371134020618,0.0,0.0,0.0,0.0
bull_to_neutral,0.18,0.93,15.0,,0,351,351,0.5555555555555556,0.375,0.5732484076433121,0.5412371134020618,0.5555555555555556,0.375,0.5732484076433121,0.5412371134020618,0.0,0.0,0.0,0.0
bull_to_bear,0.18,0.93,15.0,,0,351,351,0.5555555555555556,0.375,0.5732484076433121,0.5412371134020618,0.5555555555555556,0.375,0.5732484076433121,0.5412371134020618,0.0,0.0,0.0,0.0
bull_to_neutral,0.18,0.93,15.0,0.0,0,351,351,0.5555555555555556,0.375,0.5732484076433121,0.5412371134020618,0.5555555555555556,0.375,0.5732484076433121,0.5412371134020618,0.0,0.0,0.0,0.0
bull_to_bear,0.18,0.93,15.0,0.0,0,351,351,0.5555555555555556,0.375,0.5732484076433121,0.5412371134020618,0.5555555555555556,0.375,0.5732484076433121,0.5412371134020618,0.0,0.0,0.0,0.0
bull_to_neutral,0.18,0.93,15.0,-0.05,0,351,351,0.5555555555555556,0.375,0.5732484076433121,0.5412371134020618,0.5555555555555556,0.375,0.5732484076433121,0.5412371134020618,0.0,0.0,0.0,0.0
bull_to_bear,0.18,0.93,15.0,-0.05,0,351,351,0.5555555555555556,0.375,0.5732484076433121,0.5412371134020618,0.5555555555555556,0.375,0.5732484076433121,0.5412371134020618,0.0,0.0,0.0,0.0
bull_to_neutral,0.18,0.93,15.0,-0.1,0,351,351,0.5555555555555556,0.375,0.5732484076433121,0.5412371134020618,0.5555555555555556,0.375,0.5732484076433121,0.5412371134020618,0.0,0.0,0.0,0.0
bull_to_bear,0.18,0.93,15.0,-0.1,0,351,351,0.5555555555555556,0.375,0.5732484076433121,0.5412371134020618,0.5555555555555556,0.375,0.5732484076433121,0.5412371134020618,0.0,0.0,0.0,0.0
bull_to_neutral,0.18,0.9,,,0,351,351,0.5555555555555556,0.375,0.5732484076433121,0.5412371134020618,0.5555555555555556,0.375,0.5732484076433121,0.5412371134020618,0.0,0.0,0.0,0.0
bull_to_bear,0.18,0.9,,,0,351,351,0.5555555555555556,0.375,0.5732484076433121,0.5412371134020618,0.5555555555555556,0.375,0.5732484076433121,0.5412371134020618,0.0,0.0,0.0,0.0
bull_to_neutral,0.18,0.9,,0.0,0,351,351,0.5555555555555556,0.375,0.5732484076433121,0.5412371134020618,0.5555555555555556,0.375,0.5732484076433121,0.5412371134020618,0.0,0.0,0.0,0.0
bull_to_bear,0.18,0.9,,0.0,0,351,351,0.5555555555555556,0.375,0.5732484076433121,0.5412371134020618,0.5555555555555556,0.375,0.5732484076433121,0.5412371134020618,0.0,0.0,0.0,0.0
bull_to_neutral,0.18,0.9,,-0.05,0,351,351,0.5555555555555556,0.375,0.5732484076433121,0.5412371134020618,0.5555555555555556,0.375,0.5732484076433121,0.5412371134020618,0.0,0.0,0.0,0.0
bull_to_bear,0.18,0.9,,-0.05,0,351,351,0.5555555555555556,0.375,0.5732484076433121,0.5412371134020618,0.5555555555555556,0.375,0.5732484076433121,0.5412371134020618,0.0,0.0,0.0,0.0
bull_to_neutral,0.18,0.9,,-0.1,0,351,351,0.5555555555555556,0.375,0.5732484076433121,0.5412371134020618,0.5555555555555556,0.375,0.5732484076433121,0.5412371134020618,0.0,0.0,0.0,0.0
bull_to_bear,0.18,0.9,,-0.1,0,351,351,0.5555555555555556,0.375,0.5732484076433121,0.5412371134020618,0.5555555555555556,0.375,0.5732484076433121,0.5412371134020618,0.0,0.0,0.0,0.0
bull_to_neutral,0.18,0.9,0.0,,0,351,351,0.5555555555555556,0.375,0.5732484076433121,0.5412371134020618,0.5555555555555556,0.375,0.5732484076433121,0.5412371134020618,0.0,0.0,0.0,0.0
bull_to_bear,0.18,0.9,0.0,,0,351,351,0.5555555555555556,0.375,0.5732484076433121,0.5412371134020618,0.5555555555555556,0.375,0.5732484076433121,0.5412371134020618,0.0,0.0,0.0,0.0
bull_to_neutral,0.18,0.9,0.0,0.0,0,351,351,0.5555555555555556,0.375,0.5732484076433121,0.5412371134020618,0.5555555555555556,0.375,0.5732484076433121,0.5412371134020618,0.0,0.0,0.0,0.0
bull_to_bear,0.18,0.9,0.0,0.0,0,351,351,0.5555555555555556,0.375,0.5732484076433121,0.5412371134020618,0.5555555555555556,0.375,0.5732484076433121,0.5412371134020618,0.0,0.0,0.0,0.0
bull_to_neutral,0.18,0.9,0.0,-0.05,0,351,351,0.5555555555555556,0.375,0.5732484076433121,0.5412371134020618,0.5555555555555556,0.375,0.5732484076433121,0.5412371134020618,0.0,0.0,0.0,0.0
bull_to_bear,0.18,0.9,0.0,-0.05,0,351,351,0.5555555555555556,0.375,0.5732484076433121,0.5412371134020618,0.5555555555555556,0.375,0.5732484076433121,0.5412371134020618,0.0,0.0,0.0,0.0
bull_to_neutral,0.18,0.9,0.0,-0.1,0,351,351,0.5555555555555556,0.375,0.5732484076433121,0.5412371134020618,0.5555555555555556,0.375,0.5732484076433121,0.5412371134020618,0.0,0.0,0.0,0.0
bull_to_bear,0.18,0.9,0.0,-0.1,0,351,351,0.5555555555555556,0.375,0.5732484076433121,0.5412371134020618,0.5555555555555556,0.375,0.5732484076433121,0.5412371134020618,0.0,0.0,0.0,0.0
bull_to_neutral,0.18,0.9,5.0,,0,351,351,0.5555555555555556,0.375,0.5732484076433121,0.5412371134020618,0.5555555555555556,0.375,0.5732484076433121,0.5412371134020618,0.0,0.0,0.0,0.0
bull_to_bear,0.18,0.9,5.0,,0,351,351,0.5555555555555556,0.375,0.5732484076433121,0.5412371134020618,0.5555555555555556,0.375,0.5732484076433121,0.5412371134020618,0.0,0.0,0.0,0.0
bull_to_neutral,0.18,0.9,5.0,0.0,0,351,351,0.5555555555555556,0.375,0.5732484076433121,0.5412371134020618,0.5555555555555556,0.375,0.5732484076433121,0.5412371134020618,0.0,0.0,0.0,0.0
bull_to_bear,0.18,0.9,5.0,0.0,0,351,351,0.5555555555555556,0.375,0.5732484076433121,0.5412371134020618,0.5555555555555556,0.375,0.5732484076433121,0.5412371134020618,0.0,0.0,0.0,0.0
bull_to_neutral,0.18,0.9,5.0,-0.05,0,351,351,0.5555555555555556,0.375,0.5732484076433121,0.5412371134020618,0.5555555555555556,0.375,0.5732484076433121,0.5412371134020618,0.0,0.0,0.0,0.0
bull_to_bear,0.18,0.9,5.0,-0.05,0,351,351,0.5555555555555556,0.375,0.5732484076433121,0.5412371134020618,0.5555555555555556,0.375,0.5732484076433121,0.5412371134020618,0.0,0.0,0.0,0.0
bull_to_neutral,0.18,0.9,5.0,-0.1,0,351,351,0.5555555555555556,0.375,0.5732484076433121,0.5412371134020618,0.5555555555555556,0.375,0.5732484076433121,0.5412371134020618,0.0,0.0,0.0,0.0
bull_to_bear,0.18,0.9,5.0,-0.1,0,351,351,0.5555555555555556,0.375,0.5732484076433121,0.5412371134020618,0.5555555555555556,0.375,0.5732484076433121,0.5412371134020618,0.0,0.0,0.0,0.0
bull_to_neutral,0.18,0.9,10.0,,0,351,351,0.5555555555555556,0.375,0.5732484076433121,0.5412371134020618,0.5555555555555556,0.375,0.5732484076433121,0.5412371134020618,0.0,0.0,0.0,0.0
bull_to_bear,0.18,0.9,10.0,,0,351,351,0.5555555555555556,0.375,0.5732484076433121,0.5412371134020618,0.5555555555555556,0.375,0.5732484076433121,0.5412371134020618,0.0,0.0,0.0,0.0
bull_to_neutral,0.18,0.9,10.0,0.0,0,351,351,0.5555555555555556,0.375,0.5732484076433121,0.5412371134020618,0.5555555555555556,0.375,0.5732484076433121,0.5412371134020618,0.0,0.0,0.0,0.0
bull_to_bear,0.18,0.9,10.0,0.0,0,351,351,0.5555555555555556,0.375,0.5732484076433121,0.5412371134020618,0.5555555555555556,0.375,0.5732484076433121,0.5412371134020618,0.0,0.0,0.0,0.0
bull_to_neutral,0.18,0.9,10.0,-0.05,0,351,351,0.5555555555555556,0.375,0.5732484076433121,0.5412371134020618,0.5555555555555556,0.375,0.5732484076433121,0.5412371134020618,0.0,0.0,0.0,0.0
bull_to_bear,0.18,0.9,10.0,-0.05,0,351,351,0.5555555555555556,0.375,0.5732484076433121,0.5412371134020618,0.5555555555555556,0.375,0.5732484076433121,0.5412371134020618,0.0,0.0,0.0,0.0
bull_to_neutral,0.18,0.9,10.0,-0.1,0,351,351,0.5555555555555556,0.375,0.5732484076433121,0.5412371134020618,0.5555555555555556,0.375,0.5732484076433121,0.5412371134020618,0.0,0.0,0.0,0.0
bull_to_bear,0.18,0.9,10.0,-0.1,0,351,351,0.5555555555555556,0.375,0.5732484076433121,0.5412371134020618,0.5555555555555556,0.375,0.5732484076433121,0.5412371134020618,0.0,0.0,0.0,0.0
bull_to_neutral,0.18,0.9,15.0,,0,351,351,0.5555555555555556,0.375,0.5732484076433121,0.5412371134020618,0.5555555555555556,0.375,0.5732484076433121,0.5412371134020618,0.0,0.0,0.0,0.0
bull_to_bear,0.18,0.9,15.0,,0,351,351,0.5555555555555556,0.375,0.5732484076433121,0.5412371134020618,0.5555555555555556,0.375,0.5732484076433121,0.5412371134020618,0.0,0.0,0.0,0.0
bull_to_neutral,0.18,0.9,15.0,0.0,0,351,351,0.5555555555555556,0.375,0.5732484076433121,0.5412371134020618,0.5555555555555556,0.375,0.5732484076433121,0.5412371134020618,0.0,0.0,0.0,0.0
bull_to_bear,0.18,0.9,15.0,0.0,0,351,351,0.5555555555555556,0.375,0.5732484076433121,0.5412371134020618,0.5555555555555556,0.375,0.5732484076433121,0.5412371134020618,0.0,0.0,0.0,0.0
bull_to_neutral,0.18,0.9,15.0,-0.05,0,351,351,0.5555555555555556,0.375,0.5732484076433121,0.5412371134020618,0.5555555555555556,0.375,0.5732484076433121,0.5412371134020618,0.0,0.0,0.0,0.0
bull_to_bear,0.18,0.9,15.0,-0.05,0,351,351,0.5555555555555556,0.375,0.5732484076433121,0.5412371134020618,0.5555555555555556,0.375,0.5732484076433121,0.5412371134020618,0.0,0.0,0.0,0.0
bull_to_neutral,0.18,0.9,15.0,-0.1,0,351,351,0.5555555555555556,0.375,0.5732484076433121,0.5412371134020618,0.5555555555555556,0.375,0.5732484076433121,0.5412371134020618,0.0,0.0,0.0,0.0
bull_to_bear,0.18,0.9,15.0,-0.1,0,351,351,0.5555555555555556,0.375,0.5732484076433121,0.5412371134020618,0.5555555555555556,0.375,0.5732484076433121,0.5412371134020618,0.0,0.0,0.0,0.0
bull_to_neutral,0.2,1.0,,,9,342,351,0.5555555555555556,0.375,0.5732484076433121,0.5412371134020618,0.5555555555555556,0.36538461538461536,0.5743243243243243,0.5412371134020618,0.0,-0.009615384615384637,0.0010759166810122567,0.0
bull_to_bear,0.2,1.0,,,9,351,351,0.5555555555555556,0.375,0.5732484076433121,0.5412371134020618,0.5527065527065527,0.375,0.5743243243243243,0.5369458128078818,-0.002849002849002913,0.0,0.0010759166810122567,-0.004291300594180036
bull_to_neutral,0.2,1.0,,0.0,8,343,351,0.5555555555555556,0.375,0.5732484076433121,0.5412371134020618,0.5539358600583091,0.36645299145299143,0.5704697986577181,0.5412371134020618,-0.0016196954972464983,-0.008547008547008572,-0.002778608985594011,0.0
bull_to_bear,0.2,1.0,,0.0,8,351,351,0.5555555555555556,0.375,0.5732484076433121,0.5412371134020618,0.5498575498575499,0.375,0.5704697986577181,0.5346534653465347,-0.005698005698005715,0.0,-0.002778608985594011,-0.006583648055527136
bull_to_neutral,0.2,1.0,,-0.05,7,344,351,0.5555555555555556,0.375,0.5732484076433121,0.5412371134020618,0.5523255813953488,0.36752136752136755,0.5666666666666667,0.5412371134020618,-0.003229974160206761,-0.007478632478632452,-0.006581740976645434,0.0
bull_to_bear,0.2,1.0,,-0.05,7,351,351,0.5555555555555556,0.375,0.5732484076433121,0.5412371134020618,0.5470085470085471,0.375,0.5666666666666667,0.5323383084577115,-0.008547008547008517,0.0,-0.006581740976645434,-0.008898804944350358
bull_to_neutral,0.2,1.0,,-0.1,7,344,351,0.5555555555555556,0.375,0.5732484076433121,0.5412371134020618,0.5523255813953488,0.36752136752136755,0.5666666666666667,0.5412371134020618,-0.003229974160206761,-0.007478632478632452,-0.006581740976645434,0.0
bull_to_bear,0.2,1.0,,-0.1,7,351,351,0.5555555555555556,0.375,0.5732484076433121,0.5412371134020618,0.5470085470085471,0.375,0.5666666666666667,0.5323383084577115,-0.008547008547008517,0.0,-0.006581740976645434,-0.008898804944350358
bull_to_neutral,0.2,1.0,0.0,,2,349,351,0.5555555555555556,0.375,0.5732484076433121,0.5412371134020618,0.5558739255014327,0.37286324786324787,0.5741935483870968,0.5412371134020618,0.0003183699458770839,-0.002136752136752129,0.0009451407437847115,0.0
bull_to_bear,0.2,1.0,0.0,,2,351,351,0.5555555555555556,0.375,0.5732484076433121,0.5412371134020618,0.5555555555555556,0.375,0.5741935483870968,0.5408163265306123,0.0,0.0,0.0009451407437847115,-0.00042078687144953
bull_to_neutral,0.2,1.0,0.0,0.0,2,349,351,0.5555555555555556,0.375,0.5732484076433121,0.5412371134020618,0.5558739255014327,0.37286324786324787,0.5741935483870968,0.5412371134020618,0.0003183699458770839,-0.002136752136752129,0.0009451407437847115,0.0
bull_to_bear,0.2,1.0,0.0,0.0,2,351,351,0.5555555555555556,0.375,0.5732484076433121,0.5412371134020618,0.5555555555555556,0.375,0.5741935483870968,0.5408163265306123,0.0,0.0,0.0009451407437847115,-0.00042078687144953
bull_to_neutral,0.2,1.0,0.0,-0.05,2,349,351,0.5555555555555556,0.375,0.5732484076433121,0.5412371134020618,0.5558739255014327,0.37286324786324787,0.5741935483870968,0.5412371134020618,0.0003183699458770839,-0.002136752136752129,0.0009451407437847115,0.0
bull_to_bear,0.2,1.0,0.0,-0.05,2,351,351,0.5555555555555556,0.375,0.5732484076433121,0.5412371134020618,0.5555555555555556,0.375,0.5741935483870968,0.5408163265306123,0.0,0.0,0.0009451407437847115,-0.00042078687144953
bull_to_neutral,0.2,1.0,0.0,-0.1,2,349,351,0.5555555555555556,0.375,0.5732484076433121,0.5412371134020618,0.5558739255014327,0.37286324786324787,0.5741935483870968,0.5412371134020618,0.0003183699458770839,-0.002136752136752129,0.0009451407437847115,0.0
bull_to_bear,0.2,1.0,0.0,-0.1,2,351,351,0.5555555555555556,0.375,0.5732484076433121,0.5412371134020618,0.5555555555555556,0.375,0.5741935483870968,0.5408163265306123,0.0,0.0,0.0009451407437847115,-0.00042078687144953
bull_to_neutral,0.2,1.0,5.0,,2,349,351,0.5555555555555556,0.375,0.5732484076433121,0.5412371134020618,0.5558739255014327,0.37286324786324787,0.5741935483870968,0.5412371134020618,0.0003183699458770839,-0.002136752136752129,0.0009451407437847115,0.0
bull_to_bear,0.2,1.0,5.0,,2,351,351,0.5555555555555556,0.375,0.5732484076433121,0.5412371134020618,0.5555555555555556,0.375,0.5741935483870968,0.5408163265306123,0.0,0.0,0.0009451407437847115,-0.00042078687144953
bull_to_neutral,0.2,1.0,5.0,0.0,2,349,351,0.5555555555555556,0.375,0.5732484076433121,0.5412371134020618,0.5558739255014327,0.37286324786324787,0.5741935483870968,0.5412371134020618,0.0003183699458770839,-0.002136752136752129,0.0009451407437847115,0.0
bull_to_bear,0.2,1.0,5.0,0.0,2,351,351,0.5555555555555556,0.375,0.5732484076433121,0.5412371134020618,0.5555555555555556,0.375,0.5741935483870968,0.5408163265306123,0.0,0.0,0.0009451407437847115,-0.00042078687144953
bull_to_neutral,0.2,1.0,5.0,-0.05,2,349,351,0.5555555555555556,0.375,0.5732484076433121,0.5412371134020618,0.5558739255014327,0.37286324786324787,0.5741935483870968,0.5412371134020618,0.0003183699458770839,-0.002136752136752129,0.0009451407437847115,0.0
bull_to_bear,0.2,1.0,5.0,-0.05,2,351,351,0.5555555555555556,0.375,0.5732484076433121,0.5412371134020618,0.5555555555555556,0.375,0.5741935483870968,0.5408163265306123,0.0,0.0,0.0009451407437847115,-0.00042078687144953
bull_to_neutral,0.2,1.0,5.0,-0.1,2,349,351,0.5555555555555556,0.375,0.5732484076433121,0.5412371134020618,0.5558739255014327,0.37286324786324787,0.5741935483870968,0.5412371134020618,0.0003183699458770839,-0.002136752136752129,0.0009451407437847115,0.0
bull_to_bear,0.2,1.0,5.0,-0.1,2,351,351,0.5555555555555556,0.375,0.5732484076433121,0.5412371134020618,0.5555555555555556,0.375,0.5741935483870968,0.5408163265306123,0.0,0.0,0.0009451407437847115,-0.00042078687144953
bull_to_neutral,0.2,1.0,10.0,,2,349,351,0.5555555555555556,0.375,0.5732484076433121,0.5412371134020618,0.5558739255014327,0.37286324786324787,0.5741935483870968,0.5412371134020618,0.0003183699458770839,-0.002136752136752129,0.0009451407437847115,0.0
bull_to_bear,0.2,1.0,10.0,,2,351,351,0.5555555555555556,0.375,0.5732484076433121,0.5412371134020618,0.5555555555555556,0.375,0.5741935483870968,0.5408163265306123,0.0,0.0,0.0009451407437847115,-0.00042078687144953
bull_to_neutral,0.2,1.0,10.0,0.0,2,349,351,0.5555555555555556,0.375,0.5732484076433121,0.5412371134020618,0.5558739255014327,0.37286324786324787,0.5741935483870968,0.5412371134020618,0.0003183699458770839,-0.002136752136752129,0.0009451407437847115,0.0
bull_to_bear,0.2,1.0,10.0,0.0,2,351,351,0.5555555555555556,0.375,0.5732484076433121,0.5412371134020618,0.5555555555555556,0.375,0.5741935483870968,0.5408163265306123,0.0,0.0,0.0009451407437847115,-0.00042078687144953
bull_to_neutral,0.2,1.0,10.0,-0.05,2,349,351,0.5555555555555556,0.375,0.5732484076433121,0.5412371134020618,0.5558739255014327,0.37286324786324787,0.5741935483870968,0.5412371134020618,0.0003183699458770839,-0.002136752136752129,0.0009451407437847115,0.0
bull_to_bear,0.2,1.0,10.0,-0.05,2,351,351,0.5555555555555556,0.375,0.5732484076433121,0.5412371134020618,0.5555555555555556,0.375,0.5741935483870968,0.5408163265306123,0.0,0.0,0.0009451407437847115,-0.00042078687144953
bull_to_neutral,0.2,1.0,10.0,-0.1,2,349,351,0.5555555555555556,0.375,0.5732484076433121,0.5412371134020618,0.5558739255014327,0.37286324786324787,0.5741935483870968,0.5412371134020618,0.0003183699458770839,-0.002136752136752129,0.0009451407437847115,0.0
bull_to_bear,0.2,1.0,10.0,-0.1,2,351,351,0.5555555555555556,0.375,0.5732484076433121,0.5412371134020618,0.5555555555555556,0.375,0.5741935483870968,0.5408163265306123,0.0,0.0,0.0009451407437847115,-0.00042078687144953
bull_to_neutral,0.2,1.0,15.0,,2,349,351,0.5555555555555556,0.375,0.5732484076433121,0.5412371134020618,0.5558739255014327,0.37286324786324787,0.5741935483870968,0.5412371134020618,0.0003183699458770839,-0.002136752136752129,0.0009451407437847115,0.0
bull_to_bear,0.2,1.0,15.0,,2,351,351,0.5555555555555556,0.375,0.5732484076433121,0.5412371134020618,0.5555555555555556,0.375,0.5741935483870968,0.5408163265306123,0.0,0.0,0.0009451407437847115,-0.00042078687144953
bull_to_neutral,0.2,1.0,15.0,0.0,2,349,351,0.5555555555555556,0.375,0.5732484076433121,0.5412371134020618,0.5558739255014327,0.37286324786324787,0.5741935483870968,0.5412371134020618,0.0003183699458770839,-0.002136752136752129,0.0009451407437847115,0.0
bull_to_bear,0.2,1.0,15.0,0.0,2,351,351,0.5555555555555556,0.375,0.5732484076433121,0.5412371134020618,0.5555555555555556,0.375,0.5741935483870968,0.5408163265306123,0.0,0.0,0.0009451407437847115,-0.00042078687144953
bull_to_neutral,0.2,1.0,15.0,-0.05,2,349,351,0.5555555555555556,0.375,0.5732484076433121,0.5412371134020618,0.5558739255014327,0.37286324786324787,0.5741935483870968,0.5412371134020618,0.0003183699458770839,-0.002136752136752129,0.0009451407437847115,0.0
bull_to_bear,0.2,1.0,15.0,-0.05,2,351,351,0.5555555555555556,0.375,0.5732484076433121,0.5412371134020618,0.5555555555555556,0.375,0.5741935483870968,0.5408163265306123,0.0,0.0,0.0009451407437847115,-0.00042078687144953
bull_to_neutral,0.2,1.0,15.0,-0.1,2,349,351,0.5555555555555556,0.375,0.5732484076433121,0.5412371134020618,0.5558739255014327,0.37286324786324787,0.5741935483870968,0.5412371134020618,0.0003183699458770839,-0.002136752136752129,0.0009451407437847115,0.0
bull_to_bear,0.2,1.0,15.0,-0.1,2,351,351,0.5555555555555556,0.375,0.5732484076433121,0.5412371134020618,0.5555555555555556,0.375,0.5741935483870968,0.5408163265306123,0.0,0.0,0.0009451407437847115,-0.00042078687144953
bull_to_neutral,0.2,0.99,,,0,351,351,0.5555555555555556,0.375,0.5732484076433121,0.5412371134020618,0.5555555555555556,0.375,0.5732484076433121,0.5412371134020618,0.0,0.0,0.0,0.0
bull_to_bear,0.2,0.99,,,0,351,351,0.5555555555555556,0.375,0.5732484076433121,0.5412371134020618,0.5555555555555556,0.375,0.5732484076433121,0.5412371134020618,0.0,0.0,0.0,0.0
bull_to_neutral,0.2,0.99,,0.0,0,351,351,0.5555555555555556,0.375,0.5732484076433121,0.5412371134020618,0.5555555555555556,0.375,0.5732484076433121,0.5412371134020618,0.0,0.0,0.0,0.0
bull_to_bear,0.2,0.99,,0.0,0,351,351,0.5555555555555556,0.375,0.5732484076433121,0.5412371134020618,0.5555555555555556,0.375,0.5732484076433121,0.5412371134020618,0.0,0.0,0.0,0.0
bull_to_neutral,0.2,0.99,,-0.05,0,351,351,0.5555555555555556,0.375,0.5732484076433121,0.5412371134020618,0.5555555555555556,0.375,0.5732484076433121,0.5412371134020618,0.0,0.0,0.0,0.0
bull_to_bear,0.2,0.99,,-0.05,0,351,351,0.5555555555555556,0.375,0.5732484076433121,0.5412371134020618,0.5555555555555556,0.375,0.5732484076433121,0.5412371134020618,0.0,0.0,0.0,0.0
bull_to_neutral,0.2,0.99,,-0.1,0,351,351,0.5555555555555556,0.375,0.5732484076433121,0.5412371134020618,0.5555555555555556,0.375,0.5732484076433121,0.5412371134020618,0.0,0.0,0.0,0.0
bull_to_bear,0.2,0.99,,-0.1,0,351,351,0.5555555555555556,0.375,0.5732484076433121,0.5412371134020618,0.5555555555555556,0.375,0.5732484076433121,0.5412371134020618,0.0,0.0,0.0,0.0
bull_to_neutral,0.2,0.99,0.0,,0,351,351,0.5555555555555556,0.375,0.5732484076433121,0.5412371134020618,0.5555555555555556,0.375,0.5732484076433121,0.5412371134020618,0.0,0.0,0.0,0.0
bull_to_bear,0.2,0.99,0.0,,0,351,351,0.5555555555555556,0.375,0.5732484076433121,0.5412371134020618,0.5555555555555556,0.375,0.5732484076433121,0.5412371134020618,0.0,0.0,0.0,0.0
bull_to_neutral,0.2,0.99,0.0,0.0,0,351,351,0.5555555555555556,0.375,0.5732484076433121,0.5412371134020618,0.5555555555555556,0.375,0.5732484076433121,0.5412371134020618,0.0,0.0,0.0,0.0
bull_to_bear,0.2,0.99,0.0,0.0,0,351,351,0.5555555555555556,0.375,0.5732484076433121,0.5412371134020618,0.5555555555555556,0.375,0.5732484076433121,0.5412371134020618,0.0,0.0,0.0,0.0
bull_to_neutral,0.2,0.99,0.0,-0.05,0,351,351,0.5555555555555556,0.375,0.5732484076433121,0.5412371134020618,0.5555555555555556,0.375,0.5732484076433121,0.5412371134020618,0.0,0.0,0.0,0.0
bull_to_bear,0.2,0.99,0.0,-0.05,0,351,351,0.5555555555555556,0.375,0.5732484076433121,0.5412371134020618,0.5555555555555556,0.375,0.5732484076433121,0.5412371134020618,0.0,0.0,0.0,0.0
bull_to_neutral,0.2,0.99,0.0,-0.1,0,351,351,0.5555555555555556,0.375,0.5732484076433121,0.5412371134020618,0.5555555555555556,0.375,0.5732484076433121,0.5412371134020618,0.0,0.0,0.0,0.0
bull_to_bear,0.2,0.99,0.0,-0.1,0,351,351,0.5555555555555556,0.375,0.5732484076433121,0.5412371134020618,0.5555555555555556,0.375,0.5732484076433121,0.5412371134020618,0.0,0.0,0.0,0.0
bull_to_neutral,0.2,0.99,5.0,,0,351,351,0.5555555555555556,0.375,0.5732484076433121,0.5412371134020618,0.5555555555555556,0.375,0.5732484076433121,0.5412371134020618,0.0,0.0,0.0,0.0
bull_to_bear,0.2,0.99,5.0,,0,351,351,0.5555555555555556,0.375,0.5732484076433121,0.5412371134020618,0.5555555555555556,0.375,0.5732484076433121,0.5412371134020618,0.0,0.0,0.0,0.0
bull_to_neutral,0.2,0.99,5.0,0.0,0,351,351,0.5555555555555556,0.375,0.5732484076433121,0.5412371134020618,0.5555555555555556,0.375,0.5732484076433121,0.5412371134020618,0.0,0.0,0.0,0.0
bull_to_bear,0.2,0.99,5.0,0.0,0,351,351,0.5555555555555556,0.375,0.5732484076433121,0.5412371134020618,0.5555555555555556,0.375,0.5732484076433121,0.5412371134020618,0.0,0.0,0.0,0.0
bull_to_neutral,0.2,0.99,5.0,-0.05,0,351,351,0.5555555555555556,0.375,0.5732484076433121,0.5412371134020618,0.5555555555555556,0.375,0.5732484076433121,0.5412371134020618,0.0,0.0,0.0,0.0
bull_to_bear,0.2,0.99,5.0,-0.05,0,351,351,0.5555555555555556,0.375,0.5732484076433121,0.5412371134020618,0.5555555555555556,0.375,0.5732484076433121,0.5412371134020618,0.0,0.0,0.0,0.0
bull_to_neutral,0.2,0.99,5.0,-0.1,0,351,351,0.5555555555555556,0.375,0.5732484076433121,0.5412371134020618,0.5555555555555556,0.375,0.5732484076433121,0.5412371134020618,0.0,0.0,0.0,0.0
bull_to_bear,0.2,0.99,5.0,-0.1,0,351,351,0.5555555555555556,0.375,0.5732484076433121,0.5412371134020618,0.5555555555555556,0.375,0.5732484076433121,0.5412371134020618,0.0,0.0,0.0,0.0
bull_to_neutral,0.2,0.99,10.0,,0,351,351,0.5555555555555556,0.375,0.5732484076433121,0.5412371134020618,0.5555555555555556,0.375,0.5732484076433121,0.5412371134020618,0.0,0.0,0.0,0.0
bull_to_bear,0.2,0.99,10.0,,0,351,351,0.5555555555555556,0.375,0.5732484076433121,0.5412371134020618,0.5555555555555556,0.375,0.5732484076433121,0.5412371134020618,0.0,0.0,0.0,0.0
bull_to_neutral,0.2,0.99,10.0,0.0,0,351,351,0.5555555555555556,0.375,0.5732484076433121,0.5412371134020618,0.5555555555555556,0.375,0.5732484076433121,0.5412371134020618,0.0,0.0,0.0,0.0
bull_to_bear,0.2,0.99,10.0,0.0,0,351,351,0.5555555555555556,0.375,0.5732484076433121,0.5412371134020618,0.5555555555555556,0.375,0.5732484076433121,0.5412371134020618,0.0,0.0,0.0,0.0
bull_to_neutral,0.2,0.99,10.0,-0.05,0,351,351,0.5555555555555556,0.375,0.5732484076433121,0.5412371134020618,0.5555555555555556,0.375,0.5732484076433121,0.5412371134020618,0.0,0.0,0.0,0.0
bull_to_bear,0.2,0.99,10.0,-0.05,0,351,351,0.5555555555555556,0.375,0.5732484076433121,0.5412371134020618,0.5555555555555556,0.375,0.5732484076433121,0.5412371134020618,0.0,0.0,0.0,0.0
bull_to_neutral,0.2,0.99,10.0,-0.1,0,351,351,0.5555555555555556,0.375,0.5732484076433121,0.5412371134020618,0.5555555555555556,0.375,0.5732484076433121,0.5412371134020618,0.0,0.0,0.0,0.0
bull_to_bear,0.2,0.99,10.0,-0.1,0,351,351,0.5555555555555556,0.375,0.5732484076433121,0.5412371134020618,0.5555555555555556,0.375,0.5732484076433121,0.5412371134020618,0.0,0.0,0.0,0.0
bull_to_neutral,0.2,0.99,15.0,,0,351,351,0.5555555555555556,0.375,0.5732484076433121,0.5412371134020618,0.5555555555555556,0.375,0.5732484076433121,0.5412371134020618,0.0,0.0,0.0,0.0
bull_to_bear,0.2,0.99,15.0,,0,351,351,0.5555555555555556,0.375,0.5732484076433121,0.5412371134020618,0.5555555555555556,0.375,0.5732484076433121,0.5412371134020618,0.0,0.0,0.0,0.0
bull_to_neutral,0.2,0.99,15.0,0.0,0,351,351,0.5555555555555556,0.375,0.5732484076433121,0.5412371134020618,0.5555555555555556,0.375,0.5732484076433121,0.5412371134020618,0.0,0.0,0.0,0.0
bull_to_bear,0.2,0.99,15.0,0.0,0,351,351,0.5555555555555556,0.375,0.5732484076433121,0.5412371134020618,0.5555555555555556,0.375,0.5732484076433121,0.5412371134020618,0.0,0.0,0.0,0.0
bull_to_neutral,0.2,0.99,15.0,-0.05,0,351,351,0.5555555555555556,0.375,0.5732484076433121,0.5412371134020618,0.5555555555555556,0.375,0.5732484076433121,0.5412371134020618,0.0,0.0,0.0,0.0
bull_to_bear,0.2,0.99,15.0,-0.05,0,351,351,0.5555555555555556,0.375,0.5732484076433121,0.5412371134020618,0.5555555555555556,0.375,0.5732484076433121,0.5412371134020618,0.0,0.0,0.0,0.0
bull_to_neutral,0.2,0.99,15.0,-0.1,0,351,351,0.5555555555555556,0.375,0.5732484076433121,0.5412371134020618,0.5555555555555556,0.375,0.5732484076433121,0.5412371134020618,0.0,0.0,0.0,0.0
bull_to_bear,0.2,0.99,15.0,-0.1,0,351,351,0.5555555555555556,0.375,0.5732484076433121,0.5412371134020618,0.5555555555555556,0.375,0.5732484076433121,0.5412371134020618,0.0,0.0,0.0,0.0
bull_to_neutral,0.2,0.98,,,0,351,351,0.5555555555555556,0.375,0.5732484076433121,0.5412371134020618,0.5555555555555556,0.375,0.5732484076433121,0.5412371134020618,0.0,0.0,0.0,0.0
bull_to_bear,0.2,0.98,,,0,351,351,0.5555555555555556,0.375,0.5732484076433121,0.5412371134020618,0.5555555555555556,0.375,0.5732484076433121,0.5412371134020618,0.0,0.0,0.0,0.0
bull_to_neutral,0.2,0.98,,0.0,0,351,351,0.5555555555555556,0.375,0.5732484076433121,0.5412371134020618,0.5555555555555556,0.375,0.5732484076433121,0.5412371134020618,0.0,0.0,0.0,0.0
bull_to_bear,0.2,0.98,,0.0,0,351,351,0.5555555555555556,0.375,0.5732484076433121,0.5412371134020618,0.5555555555555556,0.375,0.5732484076433121,0.5412371134020618,0.0,0.0,0.0,0.0
bull_to_neutral,0.2,0.98,,-0.05,0,351,351,0.5555555555555556,0.375,0.5732484076433121,0.5412371134020618,0.5555555555555556,0.375,0.5732484076433121,0.5412371134020618,0.0,0.0,0.0,0.0
bull_to_bear,0.2,0.98,,-0.05,0,351,351,0.5555555555555556,0.375,0.5732484076433121,0.5412371134020618,0.5555555555555556,0.375,0.5732484076433121,0.5412371134020618,0.0,0.0,0.0,0.0
bull_to_neutral,0.2,0.98,,-0.1,0,351,351,0.5555555555555556,0.375,0.5732484076433121,0.5412371134020618,0.5555555555555556,0.375,0.5732484076433121,0.5412371134020618,0.0,0.0,0.0,0.0
bull_to_bear,0.2,0.98,,-0.1,0,351,351,0.5555555555555556,0.375,0.5732484076433121,0.5412371134020618,0.5555555555555556,0.375,0.5732484076433121,0.5412371134020618,0.0,0.0,0.0,0.0
bull_to_neutral,0.2,0.98,0.0,,0,351,351,0.5555555555555556,0.375,0.5732484076433121,0.5412371134020618,0.5555555555555556,0.375,0.5732484076433121,0.5412371134020618,0.0,0.0,0.0,0.0
bull_to_bear,0.2,0.98,0.0,,0,351,351,0.5555555555555556,0.375,0.5732484076433121,0.5412371134020618,0.5555555555555556,0.375,0.5732484076433121,0.5412371134020618,0.0,0.0,0.0,0.0
bull_to_neutral,0.2,0.98,0.0,0.0,0,351,351,0.5555555555555556,0.375,0.5732484076433121,0.5412371134020618,0.5555555555555556,0.375,0.5732484076433121,0.5412371134020618,0.0,0.0,0.0,0.0
bull_to_bear,0.2,0.98,0.0,0.0,0,351,351,0.5555555555555556,0.375,0.5732484076433121,0.5412371134020618,0.5555555555555556,0.375,0.5732484076433121,0.5412371134020618,0.0,0.0,0.0,0.0
bull_to_neutral,0.2,0.98,0.0,-0.05,0,351,351,0.5555555555555556,0.375,0.5732484076433121,0.5412371134020618,0.5555555555555556,0.375,0.5732484076433121,0.5412371134020618,0.0,0.0,0.0,0.0
bull_to_bear,0.2,0.98,0.0,-0.05,0,351,351,0.5555555555555556,0.375,0.5732484076433121,0.5412371134020618,0.5555555555555556,0.375,0.5732484076433121,0.5412371134020618,0.0,0.0,0.0,0.0
bull_to_neutral,0.2,0.98,0.0,-0.1,0,351,351,0.5555555555555556,0.375,0.5732484076433121,0.5412371134020618,0.5555555555555556,0.375,0.5732484076433121,0.5412371134020618,0.0,0.0,0.0,0.0
bull_to_bear,0.2,0.98,0.0,-0.1,0,351,351,0.5555555555555556,0.375,0.5732484076433121,0.5412371134020618,0.5555555555555556,0.375,0.5732484076433121,0.5412371134020618,0.0,0.0,0.0,0.0
bull_to_neutral,0.2,0.98,5.0,,0,351,351,0.5555555555555556,0.375,0.5732484076433121,0.5412371134020618,0.5555555555555556,0.375,0.5732484076433121,0.5412371134020618,0.0,0.0,0.0,0.0
bull_to_bear,0.2,0.98,5.0,,0,351,351,0.5555555555555556,0.375,0.5732484076433121,0.5412371134020618,0.5555555555555556,0.375,0.5732484076433121,0.5412371134020618,0.0,0.0,0.0,0.0
bull_to_neutral,0.2,0.98,5.0,0.0,0,351,351,0.5555555555555556,0.375,0.5732484076433121,0.5412371134020618,0.5555555555555556,0.375,0.5732484076433121,0.5412371134020618,0.0,0.0,0.0,0.0
bull_to_bear,0.2,0.98,5.0,0.0,0,351,351,0.5555555555555556,0.375,0.5732484076433121,0.5412371134020618,0.5555555555555556,0.375,0.5732484076433121,0.5412371134020618,0.0,0.0,0.0,0.0
bull_to_neutral,0.2,0.98,5.0,-0.05,0,351,351,0.5555555555555556,0.375,0.5732484076433121,0.5412371134020618,0.5555555555555556,0.375,0.5732484076433121,0.5412371134020618,0.0,0.0,0.0,0.0
bull_to_bear,0.2,0.98,5.0,-0.05,0,351,351,0.5555555555555556,0.375,0.5732484076433121,0.5412371134020618,0.5555555555555556,0.375,0.5732484076433121,0.5412371134020618,0.0,0.0,0.0,0.0
bull_to_neutral,0.2,0.98,5.0,-0.1,0,351,351,0.5555555555555556,0.375,0.5732484076433121,0.5412371134020618,0.5555555555555556,0.375,0.5732484076433121,0.5412371134020618,0.0,0.0,0.0,0.0
bull_to_bear,0.2,0.98,5.0,-0.1,0,351,351,0.5555555555555556,0.375,0.5732484076433121,0.5412371134020618,0.5555555555555556,0.375,0.5732484076433121,0.5412371134020618,0.0,0.0,0.0,0.0
bull_to_neutral,0.2,0.98,10.0,,0,351,351,0.5555555555555556,0.375,0.5732484076433121,0.5412371134020618,0.5555555555555556,0.375,0.5732484076433121,0.5412371134020618,0.0,0.0,0.0,0.0
bull_to_bear,0.2,0.98,10.0,,0,351,351,0.5555555555555556,0.375,0.5732484076433121,0.5412371134020618,0.5555555555555556,0.375,0.5732484076433121,0.5412371134020618,0.0,0.0,0.0,0.0
bull_to_neutral,0.2,0.98,10.0,0.0,0,351,351,0.5555555555555556,0.375,0.5732484076433121,0.5412371134020618,0.5555555555555556,0.375,0.5732484076433121,0.5412371134020618,0.0,0.0,0.0,0.0
bull_to_bear,0.2,0.98,10.0,0.0,0,351,351,0.5555555555555556,0.375,0.5732484076433121,0.5412371134020618,0.5555555555555556,0.375,0.5732484076433121,0.5412371134020618,0.0,0.0,0.0,0.0
bull_to_neutral,0.2,0.98,10.0,-0.05,0,351,351,0.5555555555555556,0.375,0.5732484076433121,0.5412371134020618,0.5555555555555556,0.375,0.5732484076433121,0.5412371134020618,0.0,0.0,0.0,0.0
bull_to_bear,0.2,0.98,10.0,-0.05,0,351,351,0.5555555555555556,0.375,0.5732484076433121,0.5412371134020618,0.5555555555555556,0.375,0.5732484076433121,0.5412371134020618,0.0,0.0,0.0,0.0
bull_to_neutral,0.2,0.98,10.0,-0.1,0,351,351,0.5555555555555556,0.375,0.5732484076433121,0.5412371134020618,0.5555555555555556,0.375,0.5732484076433121,0.5412371134020618,0.0,0.0,0.0,0.0
bull_to_bear,0.2,0.98,10.0,-0.1,0,351,351,0.5555555555555556,0.375,0.5732484076433121,0.5412371134020618,0.5555555555555556,0.375,0.5732484076433121,0.5412371134020618,0.0,0.0,0.0,0.0
bull_to_neutral,0.2,0.98,15.0,,0,351,351,0.5555555555555556,0.375,0.5732484076433121,0.5412371134020618,0.5555555555555556,0.375,0.5732484076433121,0.5412371134020618,0.0,0.0,0.0,0.0
bull_to_bear,0.2,0.98,15.0,,0,351,351,0.5555555555555556,0.375,0.5732484076433121,0.5412371134020618,0.5555555555555556,0.375,0.5732484076433121,0.5412371134020618,0.0,0.0,0.0,0.0
bull_to_neutral,0.2,0.98,15.0,0.0,0,351,351,0.5555555555555556,0.375,0.5732484076433121,0.5412371134020618,0.5555555555555556,0.375,0.5732484076433121,0.5412371134020618,0.0,0.0,0.0,0.0
bull_to_bear,0.2,0.98,15.0,0.0,0,351,351,0.5555555555555556,0.375,0.5732484076433121,0.5412371134020618,0.5555555555555556,0.375,0.5732484076433121,0.5412371134020618,0.0,0.0,0.0,0.0
bull_to_neutral,0.2,0.98,15.0,-0.05,0,351,351,0.5555555555555556,0.375,0.5732484076433121,0.5412371134020618,0.5555555555555556,0.375,0.5732484076433121,0.5412371134020618,0.0,0.0,0.0,0.0
bull_to_bear,0.2,0.98,15.0,-0.05,0,351,351,0.5555555555555556,0.375,0.5732484076433121,0.5412371134020618,0.5555555555555556,0.375,0.5732484076433121,0.5412371134020618,0.0,0.0,0.0,0.0
bull_to_neutral,0.2,0.98,15.0,-0.1,0,351,351,0.5555555555555556,0.375,0.5732484076433121,0.5412371134020618,0.5555555555555556,0.375,0.5732484076433121,0.5412371134020618,0.0,0.0,0.0,0.0
bull_to_bear,0.2,0.98,15.0,-0.1,0,351,351,0.5555555555555556,0.375,0.5732484076433121,0.5412371134020618,0.5555555555555556,0.375,0.5732484076433121,0.5412371134020618,0.0,0.0,0.0,0.0
bull_to_neutral,0.2,0.97,,,0,351,351,0.5555555555555556,0.375,0.5732484076433121,0.5412371134020618,0.5555555555555556,0.375,0.5732484076433121,0.5412371134020618,0.0,0.0,0.0,0.0
bull_to_bear,0.2,0.97,,,0,351,351,0.5555555555555556,0.375,0.5732484076433121,0.5412371134020618,0.5555555555555556,0.375,0.5732484076433121,0.5412371134020618,0.0,0.0,0.0,0.0
bull_to_neutral,0.2,0.97,,0.0,0,351,351,0.5555555555555556,0.375,0.5732484076433121,0.5412371134020618,0.5555555555555556,0.375,0.5732484076433121,0.5412371134020618,0.0,0.0,0.0,0.0
bull_to_bear,0.2,0.97,,0.0,0,351,351,0.5555555555555556,0.375,0.5732484076433121,0.5412371134020618,0.5555555555555556,0.375,0.5732484076433121,0.5412371134020618,0.0,0.0,0.0,0.0
bull_to_neutral,0.2,0.97,,-0.05,0,351,351,0.5555555555555556,0.375,0.5732484076433121,0.5412371134020618,0.5555555555555556,0.375,0.5732484076433121,0.5412371134020618,0.0,0.0,0.0,0.0
bull_to_bear,0.2,0.97,,-0.05,0,351,351,0.5555555555555556,0.375,0.5732484076433121,0.5412371134020618,0.5555555555555556,0.375,0.5732484076433121,0.5412371134020618,0.0,0.0,0.0,0.0
bull_to_neutral,0.2,0.97,,-0.1,0,351,351,0.5555555555555556,0.375,0.5732484076433121,0.5412371134020618,0.5555555555555556,0.375,0.5732484076433121,0.5412371134020618,0.0,0.0,0.0,0.0
bull_to_bear,0.2,0.97,,-0.1,0,351,351,0.5555555555555556,0.375,0.5732484076433121,0.5412371134020618,0.5555555555555556,0.375,0.5732484076433121,0.5412371134020618,0.0,0.0,0.0,0.0
bull_to_neutral,0.2,0.97,0.0,,0,351,351,0.5555555555555556,0.375,0.5732484076433121,0.5412371134020618,0.5555555555555556,0.375,0.5732484076433121,0.5412371134020618,0.0,0.0,0.0,0.0
bull_to_bear,0.2,0.97,0.0,,0,351,351,0.5555555555555556,0.375,0.5732484076433121,0.5412371134020618,0.5555555555555556,0.375,0.5732484076433121,0.5412371134020618,0.0,0.0,0.0,0.0
bull_to_neutral,0.2,0.97,0.0,0.0,0,351,351,0.5555555555555556,0.375,0.5732484076433121,0.5412371134020618,0.5555555555555556,0.375,0.5732484076433121,0.5412371134020618,0.0,0.0,0.0,0.0
bull_to_bear,0.2,0.97,0.0,0.0,0,351,351,0.5555555555555556,0.375,0.5732484076433121,0.5412371134020618,0.5555555555555556,0.375,0.5732484076433121,0.5412371134020618,0.0,0.0,0.0,0.0
bull_to_neutral,0.2,0.97,0.0,-0.05,0,351,351,0.5555555555555556,0.375,0.5732484076433121,0.5412371134020618,0.5555555555555556,0.375,0.5732484076433121,0.5412371134020618,0.0,0.0,0.0,0.0
bull_to_bear,0.2,0.97,0.0,-0.05,0,351,351,0.5555555555555556,0.375,0.5732484076433121,0.5412371134020618,0.5555555555555556,0.375,0.5732484076433121,0.5412371134020618,0.0,0.0,0.0,0.0
bull_to_neutral,0.2,0.97,0.0,-0.1,0,351,351,0.5555555555555556,0.375,0.5732484076433121,0.5412371134020618,0.5555555555555556,0.375,0.5732484076433121,0.5412371134020618,0.0,0.0,0.0,0.0
bull_to_bear,0.2,0.97,0.0,-0.1,0,351,351,0.5555555555555556,0.375,0.5732484076433121,0.5412371134020618,0.5555555555555556,0.375,0.5732484076433121,0.5412371134020618,0.0,0.0,0.0,0.0
bull_to_neutral,0.2,0.97,5.0,,0,351,351,0.5555555555555556,0.375,0.5732484076433121,0.5412371134020618,0.5555555555555556,0.375,0.5732484076433121,0.5412371134020618,0.0,0.0,0.0,0.0
bull_to_bear,0.2,0.97,5.0,,0,351,351,0.5555555555555556,0.375,0.5732484076433121,0.5412371134020618,0.5555555555555556,0.375,0.5732484076433121,0.5412371134020618,0.0,0.0,0.0,0.0
bull_to_neutral,0.2,0.97,5.0,0.0,0,351,351,0.5555555555555556,0.375,0.5732484076433121,0.5412371134020618,0.5555555555555556,0.375,0.5732484076433121,0.5412371134020618,0.0,0.0,0.0,0.0
bull_to_bear,0.2,0.97,5.0,0.0,0,351,351,0.5555555555555556,0.375,0.5732484076433121,0.5412371134020618,0.5555555555555556,0.375,0.5732484076433121,0.5412371134020618,0.0,0.0,0.0,0.0
bull_to_neutral,0.2,0.97,5.0,-0.05,0,351,351,0.5555555555555556,0.375,0.5732484076433121,0.5412371134020618,0.5555555555555556,0.375,0.5732484076433121,0.5412371134020618,0.0,0.0,0.0,0.0
bull_to_bear,0.2,0.97,5.0,-0.05,0,351,351,0.5555555555555556,0.375,0.5732484076433121,0.5412371134020618,0.5555555555555556,0.375,0.5732484076433121,0.5412371134020618,0.0,0.0,0.0,0.0
bull_to_neutral,0.2,0.97,5.0,-0.1,0,351,351,0.5555555555555556,0.375,0.5732484076433121,0.5412371134020618,0.5555555555555556,0.375,0.5732484076433121,0.5412371134020618,0.0,0.0,0.0,0.0
bull_to_bear,0.2,0.97,5.0,-0.1,0,351,351,0.5555555555555556,0.375,0.5732484076433121,0.5412371134020618,0.5555555555555556,0.375,0.5732484076433121,0.5412371134020618,0.0,0.0,0.0,0.0
bull_to_neutral,0.2,0.97,10.0,,0,351,351,0.5555555555555556,0.375,0.5732484076433121,0.5412371134020618,0.5555555555555556,0.375,0.5732484076433121,0.5412371134020618,0.0,0.0,0.0,0.0
bull_to_bear,0.2,0.97,10.0,,0,351,351,0.5555555555555556,0.375,0.5732484076433121,0.5412371134020618,0.5555555555555556,0.375,0.5732484076433121,0.5412371134020618,0.0,0.0,0.0,0.0
bull_to_neutral,0.2,0.97,10.0,0.0,0,351,351,0.5555555555555556,0.375,0.5732484076433121,0.5412371134020618,0.5555555555555556,0.375,0.5732484076433121,0.5412371134020618,0.0,0.0,0.0,0.0
bull_to_bear,0.2,0.97,10.0,0.0,0,351,351,0.5555555555555556,0.375,0.5732484076433121,0.5412371134020618,0.5555555555555556,0.375,0.5732484076433121,0.5412371134020618,0.0,0.0,0.0,0.0
bull_to_neutral,0.2,0.97,10.0,-0.05,0,351,351,0.5555555555555556,0.375,0.5732484076433121,0.5412371134020618,0.5555555555555556,0.375,0.5732484076433121,0.5412371134020618,0.0,0.0,0.0,0.0
bull_to_bear,0.2,0.97,10.0,-0.05,0,351,351,0.5555555555555556,0.375,0.5732484076433121,0.5412371134020618,0.5555555555555556,0.375,0.5732484076433121,0.5412371134020618,0.0,0.0,0.0,0.0
bull_to_neutral,0.2,0.97,10.0,-0.1,0,351,351,0.5555555555555556,0.375,0.5732484076433121,0.5412371134020618,0.5555555555555556,0.375,0.5732484076433121,0.5412371134020618,0.0,0.0,0.0,0.0
bull_to_bear,0.2,0.97,10.0,-0.1,0,351,351,0.5555555555555556,0.375,0.5732484076433121,0.5412371134020618,0.5555555555555556,0.375,0.5732484076433121,0.5412371134020618,0.0,0.0,0.0,0.0
bull_to_neutral,0.2,0.97,15.0,,0,351,351,0.5555555555555556,0.375,0.5732484076433121,0.5412371134020618,0.5555555555555556,0.375,0.5732484076433121,0.5412371134020618,0.0,0.0,0.0,0.0
bull_to_bear,0.2,0.97,15.0,,0,351,351,0.5555555555555556,0.375,0.5732484076433121,0.5412371134020618,0.5555555555555556,0.375,0.5732484076433121,0.5412371134020618,0.0,0.0,0.0,0.0
bull_to_neutral,0.2,0.97,15.0,0.0,0,351,351,0.5555555555555556,0.375,0.5732484076433121,0.5412371134020618,0.5555555555555556,0.375,0.5732484076433121,0.5412371134020618,0.0,0.0,0.0,0.0
bull_to_bear,0.2,0.97,15.0,0.0,0,351,351,0.5555555555555556,0.375,0.5732484076433121,0.5412371134020618,0.5555555555555556,0.375,0.5732484076433121,0.5412371134020618,0.0,0.0,0.0,0.0
bull_to_neutral,0.2,0.97,15.0,-0.05,0,351,351,0.5555555555555556,0.375,0.5732484076433121,0.5412371134020618,0.5555555555555556,0.375,0.5732484076433121,0.5412371134020618,0.0,0.0,0.0,0.0
bull_to_bear,0.2,0.97,15.0,-0.05,0,351,351,0.5555555555555556,0.375,0.5732484076433121,0.5412371134020618,0.5555555555555556,0.375,0.5732484076433121,0.5412371134020618,0.0,0.0,0.0,0.0
bull_to_neutral,0.2,0.97,15.0,-0.1,0,351,351,0.5555555555555556,0.375,0.5732484076433121,0.5412371134020618,0.5555555555555556,0.375,0.5732484076433121,0.5412371134020618,0.0,0.0,0.0,0.0
bull_to_bear,0.2,0.97,15.0,-0.1,0,351,351,0.5555555555555556,0.375,0.5732484076433121,0.5412371134020618,0.5555555555555556,0.375,0.5732484076433121,0.5412371134020618,0.0,0.0,0.0,0.0
bull_to_neutral,0.2,0.95,,,0,351,351,0.5555555555555556,0.375,0.5732484076433121,0.5412371134020618,0.5555555555555556,0.375,0.5732484076433121,0.5412371134020618,0.0,0.0,0.0,0.0
bull_to_bear,0.2,0.95,,,0,351,351,0.5555555555555556,0.375,0.5732484076433121,0.5412371134020618,0.5555555555555556,0.375,0.5732484076433121,0.5412371134020618,0.0,0.0,0.0,0.0
bull_to_neutral,0.2,0.95,,0.0,0,351,351,0.5555555555555556,0.375,0.5732484076433121,0.5412371134020618,0.5555555555555556,0.375,0.5732484076433121,0.5412371134020618,0.0,0.0,0.0,0.0
bull_to_bear,0.2,0.95,,0.0,0,351,351,0.5555555555555556,0.375,0.5732484076433121,0.5412371134020618,0.5555555555555556,0.375,0.5732484076433121,0.5412371134020618,0.0,0.0,0.0,0.0
bull_to_neutral,0.2,0.95,,-0.05,0,351,351,0.5555555555555556,0.375,0.5732484076433121,0.5412371134020618,0.5555555555555556,0.375,0.5732484076433121,0.5412371134020618,0.0,0.0,0.0,0.0
bull_to_bear,0.2,0.95,,-0.05,0,351,351,0.5555555555555556,0.375,0.5732484076433121,0.5412371134020618,0.5555555555555556,0.375,0.5732484076433121,0.5412371134020618,0.0,0.0,0.0,0.0
bull_to_neutral,0.2,0.95,,-0.1,0,351,351,0.5555555555555556,0.375,0.5732484076433121,0.5412371134020618,0.5555555555555556,0.375,0.5732484076433121,0.5412371134020618,0.0,0.0,0.0,0.0
bull_to_bear,0.2,0.95,,-0.1,0,351,351,0.5555555555555556,0.375,0.5732484076433121,0.5412371134020618,0.5555555555555556,0.375,0.5732484076433121,0.5412371134020618,0.0,0.0,0.0,0.0
bull_to_neutral,0.2,0.95,0.0,,0,351,351,0.5555555555555556,0.375,0.5732484076433121,0.5412371134020618,0.5555555555555556,0.375,0.5732484076433121,0.5412371134020618,0.0,0.0,0.0,0.0
bull_to_bear,0.2,0.95,0.0,,0,351,351,0.5555555555555556,0.375,0.5732484076433121,0.5412371134020618,0.5555555555555556,0.375,0.5732484076433121,0.5412371134020618,0.0,0.0,0.0,0.0
bull_to_neutral,0.2,0.95,0.0,0.0,0,351,351,0.5555555555555556,0.375,0.5732484076433121,0.5412371134020618,0.5555555555555556,0.375,0.5732484076433121,0.5412371134020618,0.0,0.0,0.0,0.0
bull_to_bear,0.2,0.95,0.0,0.0,0,351,351,0.5555555555555556,0.375,0.5732484076433121,0.5412371134020618,0.5555555555555556,0.375,0.5732484076433121,0.5412371134020618,0.0,0.0,0.0,0.0
bull_to_neutral,0.2,0.95,0.0,-0.05,0,351,351,0.5555555555555556,0.375,0.5732484076433121,0.5412371134020618,0.5555555555555556,0.375,0.5732484076433121,0.5412371134020618,0.0,0.0,0.0,0.0
bull_to_bear,0.2,0.95,0.0,-0.05,0,351,351,0.5555555555555556,0.375,0.5732484076433121,0.5412371134020618,0.5555555555555556,0.375,0.5732484076433121,0.5412371134020618,0.0,0.0,0.0,0.0
bull_to_neutral,0.2,0.95,0.0,-0.1,0,351,351,0.5555555555555556,0.375,0.5732484076433121,0.5412371134020618,0.5555555555555556,0.375,0.5732484076433121,0.5412371134020618,0.0,0.0,0.0,0.0
bull_to_bear,0.2,0.95,0.0,-0.1,0,351,351,0.5555555555555556,0.375,0.5732484076433121,0.5412371134020618,0.5555555555555556,0.375,0.5732484076433121,0.5412371134020618,0.0,0.0,0.0,0.0
bull_to_neutral,0.2,0.95,5.0,,0,351,351,0.5555555555555556,0.375,0.5732484076433121,0.5412371134020618,0.5555555555555556,0.375,0.5732484076433121,0.5412371134020618,0.0,0.0,0.0,0.0
bull_to_bear,0.2,0.95,5.0,,0,351,351,0.5555555555555556,0.375,0.5732484076433121,0.5412371134020618,0.5555555555555556,0.375,0.5732484076433121,0.5412371134020618,0.0,0.0,0.0,0.0
bull_to_neutral,0.2,0.95,5.0,0.0,0,351,351,0.5555555555555556,0.375,0.5732484076433121,0.5412371134020618,0.5555555555555556,0.375,0.5732484076433121,0.5412371134020618,0.0,0.0,0.0,0.0
bull_to_bear,0.2,0.95,5.0,0.0,0,351,351,0.5555555555555556,0.375,0.5732484076433121,0.5412371134020618,0.5555555555555556,0.375,0.5732484076433121,0.5412371134020618,0.0,0.0,0.0,0.0
bull_to_neutral,0.2,0.95,5.0,-0.05,0,351,351,0.5555555555555556,0.375,0.5732484076433121,0.5412371134020618,0.5555555555555556,0.375,0.5732484076433121,0.5412371134020618,0.0,0.0,0.0,0.0
bull_to_bear,0.2,0.95,5.0,-0.05,0,351,351,0.5555555555555556,0.375,0.5732484076433121,0.5412371134020618,0.5555555555555556,0.375,0.5732484076433121,0.5412371134020618,0.0,0.0,0.0,0.0
bull_to_neutral,0.2,0.95,5.0,-0.1,0,351,351,0.5555555555555556,0.375,0.5732484076433121,0.5412371134020618,0.5555555555555556,0.375,0.5732484076433121,0.5412371134020618,0.0,0.0,0.0,0.0
bull_to_bear,0.2,0.95,5.0,-0.1,0,351,351,0.5555555555555556,0.375,0.5732484076433121,0.5412371134020618,0.5555555555555556,0.375,0.5732484076433121,0.5412371134020618,0.0,0.0,0.0,0.0
bull_to_neutral,0.2,0.95,10.0,,0,351,351,0.5555555555555556,0.375,0.5732484076433121,0.5412371134020618,0.5555555555555556,0.375,0.5732484076433121,0.5412371134020618,0.0,0.0,0.0,0.0
bull_to_bear,0.2,0.95,10.0,,0,351,351,0.5555555555555556,0.375,0.5732484076433121,0.5412371134020618,0.5555555555555556,0.375,0.5732484076433121,0.5412371134020618,0.0,0.0,0.0,0.0
bull_to_neutral,0.2,0.95,10.0,0.0,0,351,351,0.5555555555555556,0.375,0.5732484076433121,0.5412371134020618,0.5555555555555556,0.375,0.5732484076433121,0.5412371134020618,0.0,0.0,0.0,0.0
bull_to_bear,0.2,0.95,10.0,0.0,0,351,351,0.5555555555555556,0.375,0.5732484076433121,0.5412371134020618,0.5555555555555556,0.375,0.5732484076433121,0.5412371134020618,0.0,0.0,0.0,0.0
bull_to_neutral,0.2,0.95,10.0,-0.05,0,351,351,0.5555555555555556,0.375,0.5732484076433121,0.5412371134020618,0.5555555555555556,0.375,0.5732484076433121,0.5412371134020618,0.0,0.0,0.0,0.0
bull_to_bear,0.2,0.95,10.0,-0.05,0,351,351,0.5555555555555556,0.375,0.5732484076433121,0.5412371134020618,0.5555555555555556,0.375,0.5732484076433121,0.5412371134020618,0.0,0.0,0.0,0.0
bull_to_neutral,0.2,0.95,10.0,-0.1,0,351,351,0.5555555555555556,0.375,0.5732484076433121,0.5412371134020618,0.5555555555555556,0.375,0.5732484076433121,0.5412371134020618,0.0,0.0,0.0,0.0
bull_to_bear,0.2,0.95,10.0,-0.1,0,351,351,0.5555555555555556,0.375,0.5732484076433121,0.5412371134020618,0.5555555555555556,0.375,0.5732484076433121,0.5412371134020618,0.0,0.0,0.0,0.0
bull_to_neutral,0.2,0.95,15.0,,0,351,351,0.5555555555555556,0.375,0.5732484076433121,0.5412371134020618,0.5555555555555556,0.375,0.5732484076433121,0.5412371134020618,0.0,0.0,0.0,0.0
bull_to_bear,0.2,0.95,15.0,,0,351,351,0.5555555555555556,0.375,0.5732484076433121,0.5412371134020618,0.5555555555555556,0.375,0.5732484076433121,0.5412371134020618,0.0,0.0,0.0,0.0
bull_to_neutral,0.2,0.95,15.0,0.0,0,351,351,0.5555555555555556,0.375,0.5732484076433121,0.5412371134020618,0.5555555555555556,0.375,0.5732484076433121,0.5412371134020618,0.0,0.0,0.0,0.0
bull_to_bear,0.2,0.95,15.0,0.0,0,351,351,0.5555555555555556,0.375,0.5732484076433121,0.5412371134020618,0.5555555555555556,0.375,0.5732484076433121,0.5412371134020618,0.0,0.0,0.0,0.0
bull_to_neutral,0.2,0.95,15.0,-0.05,0,351,351,0.5555555555555556,0.375,0.5732484076433121,0.5412371134020618,0.5555555555555556,0.375,0.5732484076433121,0.5412371134020618,0.0,0.0,0.0,0.0
bull_to_bear,0.2,0.95,15.0,-0.05,0,351,351,0.5555555555555556,0.375,0.5732484076433121,0.5412371134020618,0.5555555555555556,0.375,0.5732484076433121,0.5412371134020618,0.0,0.0,0.0,0.0
bull_to_neutral,0.2,0.95,15.0,-0.1,0,351,351,0.5555555555555556,0.375,0.5732484076433121,0.5412371134020618,0.5555555555555556,0.375,0.5732484076433121,0.5412371134020618,0.0,0.0,0.0,0.0
bull_to_bear,0.2,0.95,15.0,-0.1,0,351,351,0.5555555555555556,0.375,0.5732484076433121,0.5412371134020618,0.5555555555555556,0.375,0.5732484076433121,0.5412371134020618,0.0,0.0,0.0,0.0
bull_to_neutral,0.2,0.93,,,0,351,351,0.5555555555555556,0.375,0.5732484076433121,0.5412371134020618,0.5555555555555556,0.375,0.5732484076433121,0.5412371134020618,0.0,0.0,0.0,0.0
bull_to_bear,0.2,0.93,,,0,351,351,0.5555555555555556,0.375,0.5732484076433121,0.5412371134020618,0.5555555555555556,0.375,0.5732484076433121,0.5412371134020618,0.0,0.0,0.0,0.0
bull_to_neutral,0.2,0.93,,0.0,0,351,351,0.5555555555555556,0.375,0.5732484076433121,0.5412371134020618,0.5555555555555556,0.375,0.5732484076433121,0.5412371134020618,0.0,0.0,0.0,0.0
bull_to_bear,0.2,0.93,,0.0,0,351,351,0.5555555555555556,0.375,0.5732484076433121,0.5412371134020618,0.5555555555555556,0.375,0.5732484076433121,0.5412371134020618,0.0,0.0,0.0,0.0
bull_to_neutral,0.2,0.93,,-0.05,0,351,351,0.5555555555555556,0.375,0.5732484076433121,0.5412371134020618,0.5555555555555556,0.375,0.5732484076433121,0.5412371134020618,0.0,0.0,0.0,0.0
bull_to_bear,0.2,0.93,,-0.05,0,351,351,0.5555555555555556,0.375,0.5732484076433121,0.5412371134020618,0.5555555555555556,0.375,0.5732484076433121,0.5412371134020618,0.0,0.0,0.0,0.0
bull_to_neutral,0.2,0.93,,-0.1,0,351,351,0.5555555555555556,0.375,0.5732484076433121,0.5412371134020618,0.5555555555555556,0.375,0.5732484076433121,0.5412371134020618,0.0,0.0,0.0,0.0
bull_to_bear,0.2,0.93,,-0.1,0,351,351,0.5555555555555556,0.375,0.5732484076433121,0.5412371134020618,0.5555555555555556,0.375,0.5732484076433121,0.5412371134020618,0.0,0.0,0.0,0.0
bull_to_neutral,0.2,0.93,0.0,,0,351,351,0.5555555555555556,0.375,0.5732484076433121,0.5412371134020618,0.5555555555555556,0.375,0.5732484076433121,0.5412371134020618,0.0,0.0,0.0,0.0
bull_to_bear,0.2,0.93,0.0,,0,351,351,0.5555555555555556,0.375,0.5732484076433121,0.5412371134020618,0.5555555555555556,0.375,0.5732484076433121,0.5412371134020618,0.0,0.0,0.0,0.0
bull_to_neutral,0.2,0.93,0.0,0.0,0,351,351,0.5555555555555556,0.375,0.5732484076433121,0.5412371134020618,0.5555555555555556,0.375,0.5732484076433121,0.5412371134020618,0.0,0.0,0.0,0.0
bull_to_bear,0.2,0.93,0.0,0.0,0,351,351,0.5555555555555556,0.375,0.5732484076433121,0.5412371134020618,0.5555555555555556,0.375,0.5732484076433121,0.5412371134020618,0.0,0.0,0.0,0.0
bull_to_neutral,0.2,0.93,0.0,-0.05,0,351,351,0.5555555555555556,0.375,0.5732484076433121,0.5412371134020618,0.5555555555555556,0.375,0.5732484076433121,0.5412371134020618,0.0,0.0,0.0,0.0
bull_to_bear,0.2,0.93,0.0,-0.05,0,351,351,0.5555555555555556,0.375,0.5732484076433121,0.5412371134020618,0.5555555555555556,0.375,0.5732484076433121,0.5412371134020618,0.0,0.0,0.0,0.0
bull_to_neutral,0.2,0.93,0.0,-0.1,0,351,351,0.5555555555555556,0.375,0.5732484076433121,0.5412371134020618,0.5555555555555556,0.375,0.5732484076433121,0.5412371134020618,0.0,0.0,0.0,0.0
bull_to_bear,0.2,0.93,0.0,-0.1,0,351,351,0.5555555555555556,0.375,0.5732484076433121,0.5412371134020618,0.5555555555555556,0.375,0.5732484076433121,0.5412371134020618,0.0,0.0,0.0,0.0
bull_to_neutral,0.2,0.93,5.0,,0,351,351,0.5555555555555556,0.375,0.5732484076433121,0.5412371134020618,0.5555555555555556,0.375,0.5732484076433121,0.5412371134020618,0.0,0.0,0.0,0.0
bull_to_bear,0.2,0.93,5.0,,0,351,351,0.5555555555555556,0.375,0.5732484076433121,0.5412371134020618,0.5555555555555556,0.375,0.5732484076433121,0.5412371134020618,0.0,0.0,0.0,0.0
bull_to_neutral,0.2,0.93,5.0,0.0,0,351,351,0.5555555555555556,0.375,0.5732484076433121,0.5412371134020618,0.5555555555555556,0.375,0.5732484076433121,0.5412371134020618,0.0,0.0,0.0,0.0
bull_to_bear,0.2,0.93,5.0,0.0,0,351,351,0.5555555555555556,0.375,0.5732484076433121,0.5412371134020618,0.5555555555555556,0.375,0.5732484076433121,0.5412371134020618,0.0,0.0,0.0,0.0
bull_to_neutral,0.2,0.93,5.0,-0.05,0,351,351,0.5555555555555556,0.375,0.5732484076433121,0.5412371134020618,0.5555555555555556,0.375,0.5732484076433121,0.5412371134020618,0.0,0.0,0.0,0.0
bull_to_bear,0.2,0.93,5.0,-0.05,0,351,351,0.5555555555555556,0.375,0.5732484076433121,0.5412371134020618,0.5555555555555556,0.375,0.5732484076433121,0.5412371134020618,0.0,0.0,0.0,0.0
bull_to_neutral,0.2,0.93,5.0,-0.1,0,351,351,0.5555555555555556,0.375,0.5732484076433121,0.5412371134020618,0.5555555555555556,0.375,0.5732484076433121,0.5412371134020618,0.0,0.0,0.0,0.0
bull_to_bear,0.2,0.93,5.0,-0.1,0,351,351,0.5555555555555556,0.375,0.5732484076433121,0.5412371134020618,0.5555555555555556,0.375,0.5732484076433121,0.5412371134020618,0.0,0.0,0.0,0.0
bull_to_neutral,0.2,0.93,10.0,,0,351,351,0.5555555555555556,0.375,0.5732484076433121,0.5412371134020618,0.5555555555555556,0.375,0.5732484076433121,0.5412371134020618,0.0,0.0,0.0,0.0
bull_to_bear,0.2,0.93,10.0,,0,351,351,0.5555555555555556,0.375,0.5732484076433121,0.5412371134020618,0.5555555555555556,0.375,0.5732484076433121,0.5412371134020618,0.0,0.0,0.0,0.0
bull_to_neutral,0.2,0.93,10.0,0.0,0,351,351,0.5555555555555556,0.375,0.5732484076433121,0.5412371134020618,0.5555555555555556,0.375,0.5732484076433121,0.5412371134020618,0.0,0.0,0.0,0.0
bull_to_bear,0.2,0.93,10.0,0.0,0,351,351,0.5555555555555556,0.375,0.5732484076433121,0.5412371134020618,0.5555555555555556,0.375,0.5732484076433121,0.5412371134020618,0.0,0.0,0.0,0.0
bull_to_neutral,0.2,0.93,10.0,-0.05,0,351,351,0.5555555555555556,0.375,0.5732484076433121,0.5412371134020618,0.5555555555555556,0.375,0.5732484076433121,0.5412371134020618,0.0,0.0,0.0,0.0
bull_to_bear,0.2,0.93,10.0,-0.05,0,351,351,0.5555555555555556,0.375,0.5732484076433121,0.5412371134020618,0.5555555555555556,0.375,0.5732484076433121,0.5412371134020618,0.0,0.0,0.0,0.0
bull_to_neutral,0.2,0.93,10.0,-0.1,0,351,351,0.5555555555555556,0.375,0.5732484076433121,0.5412371134020618,0.5555555555555556,0.375,0.5732484076433121,0.5412371134020618,0.0,0.0,0.0,0.0
bull_to_bear,0.2,0.93,10.0,-0.1,0,351,351,0.5555555555555556,0.375,0.5732484076433121,0.5412371134020618,0.5555555555555556,0.375,0.5732484076433121,0.5412371134020618,0.0,0.0,0.0,0.0
bull_to_neutral,0.2,0.93,15.0,,0,351,351,0.5555555555555556,0.375,0.5732484076433121,0.5412371134020618,0.5555555555555556,0.375,0.5732484076433121,0.5412371134020618,0.0,0.0,0.0,0.0
bull_to_bear,0.2,0.93,15.0,,0,351,351,0.5555555555555556,0.375,0.5732484076433121,0.5412371134020618,0.5555555555555556,0.375,0.5732484076433121,0.5412371134020618,0.0,0.0,0.0,0.0
bull_to_neutral,0.2,0.93,15.0,0.0,0,351,351,0.5555555555555556,0.375,0.5732484076433121,0.5412371134020618,0.5555555555555556,0.375,0.5732484076433121,0.5412371134020618,0.0,0.0,0.0,0.0
bull_to_bear,0.2,0.93,15.0,0.0,0,351,351,0.5555555555555556,0.375,0.5732484076433121,0.5412371134020618,0.5555555555555556,0.375,0.5732484076433121,0.5412371134020618,0.0,0.0,0.0,0.0
bull_to_neutral,0.2,0.93,15.0,-0.05,0,351,351,0.5555555555555556,0.375,0.5732484076433121,0.5412371134020618,0.5555555555555556,0.375,0.5732484076433121,0.5412371134020618,0.0,0.0,0.0,0.0
bull_to_bear,0.2,0.93,15.0,-0.05,0,351,351,0.5555555555555556,0.375,0.5732484076433121,0.5412371134020618,0.5555555555555556,0.375,0.5732484076433121,0.5412371134020618,0.0,0.0,0.0,0.0
bull_to_neutral,0.2,0.93,15.0,-0.1,0,351,351,0.5555555555555556,0.375,0.5732484076433121,0.5412371134020618,0.5555555555555556,0.375,0.5732484076433121,0.5412371134020618,0.0,0.0,0.0,0.0
bull_to_bear,0.2,0.93,15.0,-0.1,0,351,351,0.5555555555555556,0.375,0.5732484076433121,0.5412371134020618,0.5555555555555556,0.375,0.5732484076433121,0.5412371134020618,0.0,0.0,0.0,0.0
bull_to_neutral,0.2,0.9,,,0,351,351,0.5555555555555556,0.375,0.5732484076433121,0.5412371134020618,0.5555555555555556,0.375,0.5732484076433121,0.5412371134020618,0.0,0.0,0.0,0.0
bull_to_bear,0.2,0.9,,,0,351,351,0.5555555555555556,0.375,0.5732484076433121,0.5412371134020618,0.5555555555555556,0.375,0.5732484076433121,0.5412371134020618,0.0,0.0,0.0,0.0
bull_to_neutral,0.2,0.9,,0.0,0,351,351,0.5555555555555556,0.375,0.5732484076433121,0.5412371134020618,0.5555555555555556,0.375,0.5732484076433121,0.5412371134020618,0.0,0.0,0.0,0.0
bull_to_bear,0.2,0.9,,0.0,0,351,351,0.5555555555555556,0.375,0.5732484076433121,0.5412371134020618,0.5555555555555556,0.375,0.5732484076433121,0.5412371134020618,0.0,0.0,0.0,0.0
bull_to_neutral,0.2,0.9,,-0.05,0,351,351,0.5555555555555556,0.375,0.5732484076433121,0.5412371134020618,0.5555555555555556,0.375,0.5732484076433121,0.5412371134020618,0.0,0.0,0.0,0.0
bull_to_bear,0.2,0.9,,-0.05,0,351,351,0.5555555555555556,0.375,0.5732484076433121,0.5412371134020618,0.5555555555555556,0.375,0.5732484076433121,0.5412371134020618,0.0,0.0,0.0,0.0
bull_to_neutral,0.2,0.9,,-0.1,0,351,351,0.5555555555555556,0.375,0.5732484076433121,0.5412371134020618,0.5555555555555556,0.375,0.5732484076433121,0.5412371134020618,0.0,0.0,0.0,0.0
bull_to_bear,0.2,0.9,,-0.1,0,351,351,0.5555555555555556,0.375,0.5732484076433121,0.5412371134020618,0.5555555555555556,0.375,0.5732484076433121,0.5412371134020618,0.0,0.0,0.0,0.0
bull_to_neutral,0.2,0.9,0.0,,0,351,351,0.5555555555555556,0.375,0.5732484076433121,0.5412371134020618,0.5555555555555556,0.375,0.5732484076433121,0.5412371134020618,0.0,0.0,0.0,0.0
bull_to_bear,0.2,0.9,0.0,,0,351,351,0.5555555555555556,0.375,0.5732484076433121,0.5412371134020618,0.5555555555555556,0.375,0.5732484076433121,0.5412371134020618,0.0,0.0,0.0,0.0
bull_to_neutral,0.2,0.9,0.0,0.0,0,351,351,0.5555555555555556,0.375,0.5732484076433121,0.5412371134020618,0.5555555555555556,0.375,0.5732484076433121,0.5412371134020618,0.0,0.0,0.0,0.0
bull_to_bear,0.2,0.9,0.0,0.0,0,351,351,0.5555555555555556,0.375,0.5732484076433121,0.5412371134020618,0.5555555555555556,0.375,0.5732484076433121,0.5412371134020618,0.0,0.0,0.0,0.0
bull_to_neutral,0.2,0.9,0.0,-0.05,0,351,351,0.5555555555555556,0.375,0.5732484076433121,0.5412371134020618,0.5555555555555556,0.375,0.5732484076433121,0.5412371134020618,0.0,0.0,0.0,0.0
bull_to_bear,0.2,0.9,0.0,-0.05,0,351,351,0.5555555555555556,0.375,0.5732484076433121,0.5412371134020618,0.5555555555555556,0.375,0.5732484076433121,0.5412371134020618,0.0,0.0,0.0,0.0
bull_to_neutral,0.2,0.9,0.0,-0.1,0,351,351,0.5555555555555556,0.375,0.5732484076433121,0.5412371134020618,0.5555555555555556,0.375,0.5732484076433121,0.5412371134020618,0.0,0.0,0.0,0.0
bull_to_bear,0.2,0.9,0.0,-0.1,0,351,351,0.5555555555555556,0.375,0.5732484076433121,0.5412371134020618,0.5555555555555556,0.375,0.5732484076433121,0.5412371134020618,0.0,0.0,0.0,0.0
bull_to_neutral,0.2,0.9,5.0,,0,351,351,0.5555555555555556,0.375,0.5732484076433121,0.5412371134020618,0.5555555555555556,0.375,0.5732484076433121,0.5412371134020618,0.0,0.0,0.0,0.0
bull_to_bear,0.2,0.9,5.0,,0,351,351,0.5555555555555556,0.375,0.5732484076433121,0.5412371134020618,0.5555555555555556,0.375,0.5732484076433121,0.5412371134020618,0.0,0.0,0.0,0.0
bull_to_neutral,0.2,0.9,5.0,0.0,0,351,351,0.5555555555555556,0.375,0.5732484076433121,0.5412371134020618,0.5555555555555556,0.375,0.5732484076433121,0.5412371134020618,0.0,0.0,0.0,0.0
bull_to_bear,0.2,0.9,5.0,0.0,0,351,351,0.5555555555555556,0.375,0.5732484076433121,0.5412371134020618,0.5555555555555556,0.375,0.5732484076433121,0.5412371134020618,0.0,0.0,0.0,0.0
bull_to_neutral,0.2,0.9,5.0,-0.05,0,351,351,0.5555555555555556,0.375,0.5732484076433121,0.5412371134020618,0.5555555555555556,0.375,0.5732484076433121,0.5412371134020618,0.0,0.0,0.0,0.0
bull_to_bear,0.2,0.9,5.0,-0.05,0,351,351,0.5555555555555556,0.375,0.5732484076433121,0.5412371134020618,0.5555555555555556,0.375,0.5732484076433121,0.5412371134020618,0.0,0.0,0.0,0.0
bull_to_neutral,0.2,0.9,5.0,-0.1,0,351,351,0.5555555555555556,0.375,0.5732484076433121,0.5412371134020618,0.5555555555555556,0.375,0.5732484076433121,0.5412371134020618,0.0,0.0,0.0,0.0
bull_to_bear,0.2,0.9,5.0,-0.1,0,351,351,0.5555555555555556,0.375,0.5732484076433121,0.5412371134020618,0.5555555555555556,0.375,0.5732484076433121,0.5412371134020618,0.0,0.0,0.0,0.0
bull_to_neutral,0.2,0.9,10.0,,0,351,351,0.5555555555555556,0.375,0.5732484076433121,0.5412371134020618,0.5555555555555556,0.375,0.5732484076433121,0.5412371134020618,0.0,0.0,0.0,0.0
bull_to_bear,0.2,0.9,10.0,,0,351,351,0.5555555555555556,0.375,0.5732484076433121,0.5412371134020618,0.5555555555555556,0.375,0.5732484076433121,0.5412371134020618,0.0,0.0,0.0,0.0
bull_to_neutral,0.2,0.9,10.0,0.0,0,351,351,0.5555555555555556,0.375,0.5732484076433121,0.5412371134020618,0.5555555555555556,0.375,0.5732484076433121,0.5412371134020618,0.0,0.0,0.0,0.0
bull_to_bear,0.2,0.9,10.0,0.0,0,351,351,0.5555555555555556,0.375,0.5732484076433121,0.5412371134020618,0.5555555555555556,0.375,0.5732484076433121,0.5412371134020618,0.0,0.0,0.0,0.0
bull_to_neutral,0.2,0.9,10.0,-0.05,0,351,351,0.5555555555555556,0.375,0.5732484076433121,0.5412371134020618,0.5555555555555556,0.375,0.5732484076433121,0.5412371134020618,0.0,0.0,0.0,0.0
bull_to_bear,0.2,0.9,10.0,-0.05,0,351,351,0.5555555555555556,0.375,0.5732484076433121,0.5412371134020618,0.5555555555555556,0.375,0.5732484076433121,0.5412371134020618,0.0,0.0,0.0,0.0
bull_to_neutral,0.2,0.9,10.0,-0.1,0,351,351,0.5555555555555556,0.375,0.5732484076433121,0.5412371134020618,0.5555555555555556,0.375,0.5732484076433121,0.5412371134020618,0.0,0.0,0.0,0.0
bull_to_bear,0.2,0.9,10.0,-0.1,0,351,351,0.5555555555555556,0.375,0.5732484076433121,0.5412371134020618,0.5555555555555556,0.375,0.5732484076433121,0.5412371134020618,0.0,0.0,0.0,0.0
bull_to_neutral,0.2,0.9,15.0,,0,351,351,0.5555555555555556,0.375,0.5732484076433121,0.5412371134020618,0.5555555555555556,0.375,0.5732484076433121,0.5412371134020618,0.0,0.0,0.0,0.0
bull_to_bear,0.2,0.9,15.0,,0,351,351,0.5555555555555556,0.375,0.5732484076433121,0.5412371134020618,0.5555555555555556,0.375,0.5732484076433121,0.5412371134020618,0.0,0.0,0.0,0.0
bull_to_neutral,0.2,0.9,15.0,0.0,0,351,351,0.5555555555555556,0.375,0.5732484076433121,0.5412371134020618,0.5555555555555556,0.375,0.5732484076433121,0.5412371134020618,0.0,0.0,0.0,0.0
bull_to_bear,0.2,0.9,15.0,0.0,0,351,351,0.5555555555555556,0.375,0.5732484076433121,0.5412371134020618,0.5555555555555556,0.375,0.5732484076433121,0.5412371134020618,0.0,0.0,0.0,0.0
bull_to_neutral,0.2,0.9,15.0,-0.05,0,351,351,0.5555555555555556,0.375,0.5732484076433121,0.5412371134020618,0.5555555555555556,0.375,0.5732484076433121,0.5412371134020618,0.0,0.0,0.0,0.0
bull_to_bear,0.2,0.9,15.0,-0.05,0,351,351,0.5555555555555556,0.375,0.5732484076433121,0.5412371134020618,0.5555555555555556,0.375,0.5732484076433121,0.5412371134020618,0.0,0.0,0.0,0.0
bull_to_neutral,0.2,0.9,15.0,-0.1,0,351,351,0.5555555555555556,0.375,0.5732484076433121,0.5412371134020618,0.5555555555555556,0.375,0.5732484076433121,0.5412371134020618,0.0,0.0,0.0,0.0
bull_to_bear,0.2,0.9,15.0,-0.1,0,351,351,0.5555555555555556,0.375,0.5732484076433121,0.5412371134020618,0.5555555555555556,0.375,0.5732484076433121,0.5412371134020618,0.0,0.0,0.0,0.0
bull_to_neutral,0.22,1.0,,,8,343,351,0.5555555555555556,0.375,0.5732484076433121,0.5412371134020618,0.5568513119533528,0.36645299145299143,0.5771812080536913,0.5412371134020618,0.0012957563977972208,-0.008547008547008572,0.003932800410379245,0.0
bull_to_bear,0.22,1.0,,,8,351,351,0.5555555555555556,0.375,0.5732484076433121,0.5412371134020618,0.5555555555555556,0.375,0.5771812080536913,0.5396039603960396,0.0,0.0,0.003932800410379245,-0.001633153006022181
bull_to_neutral,0.22,1.0,,0.0,7,344,351,0.5555555555555556,0.375,0.5732484076433121,0.5412371134020618,0.5552325581395349,0.36752136752136755,0.5733333333333334,0.5412371134020618,-0.0003229974160207094,-0.007478632478632452,8.492569002127581e-05,0.0
bull_to_bear,0.22,1.0,,0.0,7,351,351,0.5555555555555556,0.375,0.5732484076433121,0.5412371134020618,0.5527065527065527,0.375,0.5733333333333334,0.5373134328358209,-0.002849002849002913,0.0,8.492569002127581e-05,-0.003923680566240928
bull_to_neutral,0.22,1.0,,-0.05,6,345,351,0.5555555555555556,0.375,0.5732484076433121,0.5412371134020618,0.553623188405797,0.3685897435897436,0.5695364238410596,0.5412371134020618,-0.0019323671497585293,-0.0064102564102563875,-0.003711983802252461,0.0
bull_to_bear,0.22,1.0,,-0.05,6,351,351,0.5555555555555556,0.375,0.5732484076433121,0.5412371134020618,0.5498575498575499,0.375,0.5695364238410596,0.535,-0.005698005698005715,0.0,-0.003711983802252461,-0.006237113402061789
bull_to_neutral,0.22,1.0,,-0.1,6,345,351,0.5555555555555556,0.375,0.5732484076433121,0.5412371134020618,0.553623188405797,0.3685897435897436,0.5695364238410596,0.5412371134020618,-0.0019323671497585293,-0.0064102564102563875,-0.003711983802252461,0.0
bull_to_bear,0.22,1.0,,-0.1,6,351,351,0.5555555555555556,0.375,0.5732484076433121,0.5412371134020618,0.5498575498575499,0.375,0.5695364238410596,0.535,-0.005698005698005715,0.0,-0.003711983802252461,-0.006237113402061789
bull_to_neutral,0.22,1.0,0.0,,2,349,351,0.5555555555555556,0.375,0.5732484076433121,0.5412371134020618,0.5558739255014327,0.37286324786324787,0.5741935483870968,0.5412371134020618,0.0003183699458770839,-0.002136752136752129,0.0009451407437847115,0.0
bull_to_bear,0.22,1.0,0.0,,2,351,351,0.5555555555555556,0.375,0.5732484076433121,0.5412371134020618,0.5555555555555556,0.375,0.5741935483870968,0.5408163265306123,0.0,0.0,0.0009451407437847115,-0.00042078687144953
bull_to_neutral,0.22,1.0,0.0,0.0,2,349,351,0.5555555555555556,0.375,0.5732484076433121,0.5412371134020618,0.5558739255014327,0.37286324786324787,0.5741935483870968,0.5412371134020618,0.0003183699458770839,-0.002136752136752129,0.0009451407437847115,0.0
bull_to_bear,0.22,1.0,0.0,0.0,2,351,351,0.5555555555555556,0.375,0.5732484076433121,0.5412371134020618,0.5555555555555556,0.375,0.5741935483870968,0.5408163265306123,0.0,0.0,0.0009451407437847115,-0.00042078687144953
bull_to_neutral,0.22,1.0,0.0,-0.05,2,349,351,0.5555555555555556,0.375,0.5732484076433121,0.5412371134020618,0.5558739255014327,0.37286324786324787,0.5741935483870968,0.5412371134020618,0.0003183699458770839,-0.002136752136752129,0.0009451407437847115,0.0
bull_to_bear,0.22,1.0,0.0,-0.05,2,351,351,0.5555555555555556,0.375,0.5732484076433121,0.5412371134020618,0.5555555555555556,0.375,0.5741935483870968,0.5408163265306123,0.0,0.0,0.0009451407437847115,-0.00042078687144953
bull_to_neutral,0.22,1.0,0.0,-0.1,2,349,351,0.5555555555555556,0.375,0.5732484076433121,0.5412371134020618,0.5558739255014327,0.37286324786324787,0.5741935483870968,0.5412371134020618,0.0003183699458770839,-0.002136752136752129,0.0009451407437847115,0.0
bull_to_bear,0.22,1.0,0.0,-0.1,2,351,351,0.5555555555555556,0.375,0.5732484076433121,0.5412371134020618,0.5555555555555556,0.375,0.5741935483870968,0.5408163265306123,0.0,0.0,0.0009451407437847115,-0.00042078687144953
bull_to_neutral,0.22,1.0,5.0,,2,349,351,0.5555555555555556,0.375,0.5732484076433121,0.5412371134020618,0.5558739255014327,0.37286324786324787,0.5741935483870968,0.5412371134020618,0.0003183699458770839,-0.002136752136752129,0.0009451407437847115,0.0
bull_to_bear,0.22,1.0,5.0,,2,351,351,0.5555555555555556,0.375,0.5732484076433121,0.5412371134020618,0.5555555555555556,0.375,0.5741935483870968,0.5408163265306123,0.0,0.0,0.0009451407437847115,-0.00042078687144953
bull_to_neutral,0.22,1.0,5.0,0.0,2,349,351,0.5555555555555556,0.375,0.5732484076433121,0.5412371134020618,0.5558739255014327,0.37286324786324787,0.5741935483870968,0.5412371134020618,0.0003183699458770839,-0.002136752136752129,0.0009451407437847115,0.0
bull_to_bear,0.22,1.0,5.0,0.0,2,351,351,0.5555555555555556,0.375,0.5732484076433121,0.5412371134020618,0.5555555555555556,0.375,0.5741935483870968,0.5408163265306123,0.0,0.0,0.0009451407437847115,-0.00042078687144953
bull_to_neutral,0.22,1.0,5.0,-0.05,2,349,351,0.5555555555555556,0.375,0.5732484076433121,0.5412371134020618,0.5558739255014327,0.37286324786324787,0.5741935483870968,0.5412371134020618,0.0003183699458770839,-0.002136752136752129,0.0009451407437847115,0.0
bull_to_bear,0.22,1.0,5.0,-0.05,2,351,351,0.5555555555555556,0.375,0.5732484076433121,0.5412371134020618,0.5555555555555556,0.375,0.5741935483870968,0.5408163265306123,0.0,0.0,0.0009451407437847115,-0.00042078687144953
bull_to_neutral,0.22,1.0,5.0,-0.1,2,349,351,0.5555555555555556,0.375,0.5732484076433121,0.5412371134020618,0.5558739255014327,0.37286324786324787,0.5741935483870968,0.5412371134020618,0.0003183699458770839,-0.002136752136752129,0.0009451407437847115,0.0
bull_to_bear,0.22,1.0,5.0,-0.1,2,351,351,0.5555555555555556,0.375,0.5732484076433121,0.5412371134020618,0.5555555555555556,0.375,0.5741935483870968,0.5408163265306123,0.0,0.0,0.0009451407437847115,-0.00042078687144953
bull_to_neutral,0.22,1.0,10.0,,2,349,351,0.5555555555555556,0.375,0.5732484076433121,0.5412371134020618,0.5558739255014327,0.37286324786324787,0.5741935483870968,0.5412371134020618,0.0003183699458770839,-0.002136752136752129,0.0009451407437847115,0.0
bull_to_bear,0.22,1.0,10.0,,2,351,351,0.5555555555555556,0.375,0.5732484076433121,0.5412371134020618,0.5555555555555556,0.375,0.5741935483870968,0.5408163265306123,0.0,0.0,0.0009451407437847115,-0.00042078687144953
bull_to_neutral,0.22,1.0,10.0,0.0,2,349,351,0.5555555555555556,0.375,0.5732484076433121,0.5412371134020618,0.5558739255014327,0.37286324786324787,0.5741935483870968,0.5412371134020618,0.0003183699458770839,-0.002136752136752129,0.0009451407437847115,0.0
bull_to_bear,0.22,1.0,10.0,0.0,2,351,351,0.5555555555555556,0.375,0.5732484076433121,0.5412371134020618,0.5555555555555556,0.375,0.5741935483870968,0.5408163265306123,0.0,0.0,0.0009451407437847115,-0.00042078687144953
bull_to_neutral,0.22,1.0,10.0,-0.05,2,349,351,0.5555555555555556,0.375,0.5732484076433121,0.5412371134020618,0.5558739255014327,0.37286324786324787,0.5741935483870968,0.5412371134020618,0.0003183699458770839,-0.002136752136752129,0.0009451407437847115,0.0
bull_to_bear,0.22,1.0,10.0,-0.05,2,351,351,0.5555555555555556,0.375,0.5732484076433121,0.5412371134020618,0.5555555555555556,0.375,0.5741935483870968,0.5408163265306123,0.0,0.0,0.0009451407437847115,-0.00042078687144953
bull_to_neutral,0.22,1.0,10.0,-0.1,2,349,351,0.5555555555555556,0.375,0.5732484076433121,0.5412371134020618,0.5558739255014327,0.37286324786324787,0.5741935483870968,0.5412371134020618,0.0003183699458770839,-0.002136752136752129,0.0009451407437847115,0.0
bull_to_bear,0.22,1.0,10.0,-0.1,2,351,351,0.5555555555555556,0.375,0.5732484076433121,0.5412371134020618,0.5555555555555556,0.375,0.5741935483870968,0.5408163265306123,0.0,0.0,0.0009451407437847115,-0.00042078687144953
bull_to_neutral,0.22,1.0,15.0,,2,349,351,0.5555555555555556,0.375,0.5732484076433121,0.5412371134020618,0.5558739255014327,0.37286324786324787,0.5741935483870968,0.5412371134020618,0.0003183699458770839,-0.002136752136752129,0.0009451407437847115,0.0
bull_to_bear,0.22,1.0,15.0,,2,351,351,0.5555555555555556,0.375,0.5732484076433121,0.5412371134020618,0.5555555555555556,0.375,0.5741935483870968,0.5408163265306123,0.0,0.0,0.0009451407437847115,-0.00042078687144953
bull_to_neutral,0.22,1.0,15.0,0.0,2,349,351,0.5555555555555556,0.375,0.5732484076433121,0.5412371134020618,0.5558739255014327,0.37286324786324787,0.5741935483870968,0.5412371134020618,0.0003183699458770839,-0.002136752136752129,0.0009451407437847115,0.0
bull_to_bear,0.22,1.0,15.0,0.0,2,351,351,0.5555555555555556,0.375,0.5732484076433121,0.5412371134020618,0.5555555555555556,0.375,0.5741935483870968,0.5408163265306123,0.0,0.0,0.0009451407437847115,-0.00042078687144953
bull_to_neutral,0.22,1.0,15.0,-0.05,2,349,351,0.5555555555555556,0.375,0.5732484076433121,0.5412371134020618,0.5558739255014327,0.37286324786324787,0.5741935483870968,0.5412371134020618,0.0003183699458770839,-0.002136752136752129,0.0009451407437847115,0.0
bull_to_bear,0.22,1.0,15.0,-0.05,2,351,351,0.5555555555555556,0.375,0.5732484076433121,0.5412371134020618,0.5555555555555556,0.375,0.5741935483870968,0.5408163265306123,0.0,0.0,0.0009451407437847115,-0.00042078687144953
bull_to_neutral,0.22,1.0,15.0,-0.1,2,349,351,0.5555555555555556,0.375,0.5732484076433121,0.5412371134020618,0.5558739255014327,0.37286324786324787,0.5741935483870968,0.5412371134020618,0.0003183699458770839,-0.002136752136752129,0.0009451407437847115,0.0
bull_to_bear,0.22,1.0,15.0,-0.1,2,351,351,0.5555555555555556,0.375,0.5732484076433121,0.5412371134020618,0.5555555555555556,0.375,0.5741935483870968,0.5408163265306123,0.0,0.0,0.0009451407437847115,-0.00042078687144953
bull_to_neutral,0.22,0.99,,,0,351,351,0.5555555555555556,0.375,0.5732484076433121,0.5412371134020618,0.5555555555555556,0.375,0.5732484076433121,0.5412371134020618,0.0,0.0,0.0,0.0
bull_to_bear,0.22,0.99,,,0,351,351,0.5555555555555556,0.375,0.5732484076433121,0.5412371134020618,0.5555555555555556,0.375,0.5732484076433121,0.5412371134020618,0.0,0.0,0.0,0.0
bull_to_neutral,0.22,0.99,,0.0,0,351,351,0.5555555555555556,0.375,0.5732484076433121,0.5412371134020618,0.5555555555555556,0.375,0.5732484076433121,0.5412371134020618,0.0,0.0,0.0,0.0
bull_to_bear,0.22,0.99,,0.0,0,351,351,0.5555555555555556,0.375,0.5732484076433121,0.5412371134020618,0.5555555555555556,0.375,0.5732484076433121,0.5412371134020618,0.0,0.0,0.0,0.0
bull_to_neutral,0.22,0.99,,-0.05,0,351,351,0.5555555555555556,0.375,0.5732484076433121,0.5412371134020618,0.5555555555555556,0.375,0.5732484076433121,0.5412371134020618,0.0,0.0,0.0,0.0
bull_to_bear,0.22,0.99,,-0.05,0,351,351,0.5555555555555556,0.375,0.5732484076433121,0.5412371134020618,0.5555555555555556,0.375,0.5732484076433121,0.5412371134020618,0.0,0.0,0.0,0.0
bull_to_neutral,0.22,0.99,,-0.1,0,351,351,0.5555555555555556,0.375,0.5732484076433121,0.5412371134020618,0.5555555555555556,0.375,0.5732484076433121,0.5412371134020618,0.0,0.0,0.0,0.0
bull_to_bear,0.22,0.99,,-0.1,0,351,351,0.5555555555555556,0.375,0.5732484076433121,0.5412371134020618,0.5555555555555556,0.375,0.5732484076433121,0.5412371134020618,0.0,0.0,0.0,0.0
bull_to_neutral,0.22,0.99,0.0,,0,351,351,0.5555555555555556,0.375,0.5732484076433121,0.5412371134020618,0.5555555555555556,0.375,0.5732484076433121,0.5412371134020618,0.0,0.0,0.0,0.0
bull_to_bear,0.22,0.99,0.0,,0,351,351,0.5555555555555556,0.375,0.5732484076433121,0.5412371134020618,0.5555555555555556,0.375,0.5732484076433121,0.5412371134020618,0.0,0.0,0.0,0.0
bull_to_neutral,0.22,0.99,0.0,0.0,0,351,351,0.5555555555555556,0.375,0.5732484076433121,0.5412371134020618,0.5555555555555556,0.375,0.5732484076433121,0.5412371134020618,0.0,0.0,0.0,0.0
bull_to_bear,0.22,0.99,0.0,0.0,0,351,351,0.5555555555555556,0.375,0.5732484076433121,0.5412371134020618,0.5555555555555556,0.375,0.5732484076433121,0.5412371134020618,0.0,0.0,0.0,0.0
bull_to_neutral,0.22,0.99,0.0,-0.05,0,351,351,0.5555555555555556,0.375,0.5732484076433121,0.5412371134020618,0.5555555555555556,0.375,0.5732484076433121,0.5412371134020618,0.0,0.0,0.0,0.0
bull_to_bear,0.22,0.99,0.0,-0.05,0,351,351,0.5555555555555556,0.375,0.5732484076433121,0.5412371134020618,0.5555555555555556,0.375,0.5732484076433121,0.5412371134020618,0.0,0.0,0.0,0.0
bull_to_neutral,0.22,0.99,0.0,-0.1,0,351,351,0.5555555555555556,0.375,0.5732484076433121,0.5412371134020618,0.5555555555555556,0.375,0.5732484076433121,0.5412371134020618,0.0,0.0,0.0,0.0
bull_to_bear,0.22,0.99,0.0,-0.1,0,351,351,0.5555555555555556,0.375,0.5732484076433121,0.5412371134020618,0.5555555555555556,0.375,0.5732484076433121,0.5412371134020618,0.0,0.0,0.0,0.0
bull_to_neutral,0.22,0.99,5.0,,0,351,351,0.5555555555555556,0.375,0.5732484076433121,0.5412371134020618,0.5555555555555556,0.375,0.5732484076433121,0.5412371134020618,0.0,0.0,0.0,0.0
bull_to_bear,0.22,0.99,5.0,,0,351,351,0.5555555555555556,0.375,0.5732484076433121,0.5412371134020618,0.5555555555555556,0.375,0.5732484076433121,0.5412371134020618,0.0,0.0,0.0,0.0
bull_to_neutral,0.22,0.99,5.0,0.0,0,351,351,0.5555555555555556,0.375,0.5732484076433121,0.5412371134020618,0.5555555555555556,0.375,0.5732484076433121,0.5412371134020618,0.0,0.0,0.0,0.0
bull_to_bear,0.22,0.99,5.0,0.0,0,351,351,0.5555555555555556,0.375,0.5732484076433121,0.5412371134020618,0.5555555555555556,0.375,0.5732484076433121,0.5412371134020618,0.0,0.0,0.0,0.0
bull_to_neutral,0.22,0.99,5.0,-0.05,0,351,351,0.5555555555555556,0.375,0.5732484076433121,0.5412371134020618,0.5555555555555556,0.375,0.5732484076433121,0.5412371134020618,0.0,0.0,0.0,0.0
bull_to_bear,0.22,0.99,5.0,-0.05,0,351,351,0.5555555555555556,0.375,0.5732484076433121,0.5412371134020618,0.5555555555555556,0.375,0.5732484076433121,0.5412371134020618,0.0,0.0,0.0,0.0
bull_to_neutral,0.22,0.99,5.0,-0.1,0,351,351,0.5555555555555556,0.375,0.5732484076433121,0.5412371134020618,0.5555555555555556,0.375,0.5732484076433121,0.5412371134020618,0.0,0.0,0.0,0.0
bull_to_bear,0.22,0.99,5.0,-0.1,0,351,351,0.5555555555555556,0.375,0.5732484076433121,0.5412371134020618,0.5555555555555556,0.375,0.5732484076433121,0.5412371134020618,0.0,0.0,0.0,0.0
bull_to_neutral,0.22,0.99,10.0,,0,351,351,0.5555555555555556,0.375,0.5732484076433121,0.5412371134020618,0.5555555555555556,0.375,0.5732484076433121,0.5412371134020618,0.0,0.0,0.0,0.0
bull_to_bear,0.22,0.99,10.0,,0,351,351,0.5555555555555556,0.375,0.5732484076433121,0.5412371134020618,0.5555555555555556,0.375,0.5732484076433121,0.5412371134020618,0.0,0.0,0.0,0.0
bull_to_neutral,0.22,0.99,10.0,0.0,0,351,351,0.5555555555555556,0.375,0.5732484076433121,0.5412371134020618,0.5555555555555556,0.375,0.5732484076433121,0.5412371134020618,0.0,0.0,0.0,0.0
bull_to_bear,0.22,0.99,10.0,0.0,0,351,351,0.5555555555555556,0.375,0.5732484076433121,0.5412371134020618,0.5555555555555556,0.375,0.5732484076433121,0.5412371134020618,0.0,0.0,0.0,0.0
bull_to_neutral,0.22,0.99,10.0,-0.05,0,351,351,0.5555555555555556,0.375,0.5732484076433121,0.5412371134020618,0.5555555555555556,0.375,0.5732484076433121,0.5412371134020618,0.0,0.0,0.0,0.0
bull_to_bear,0.22,0.99,10.0,-0.05,0,351,351,0.5555555555555556,0.375,0.5732484076433121,0.5412371134020618,0.5555555555555556,0.375,0.5732484076433121,0.5412371134020618,0.0,0.0,0.0,0.0
bull_to_neutral,0.22,0.99,10.0,-0.1,0,351,351,0.5555555555555556,0.375,0.5732484076433121,0.5412371134020618,0.5555555555555556,0.375,0.5732484076433121,0.5412371134020618,0.0,0.0,0.0,0.0
bull_to_bear,0.22,0.99,10.0,-0.1,0,351,351,0.5555555555555556,0.375,0.5732484076433121,0.5412371134020618,0.5555555555555556,0.375,0.5732484076433121,0.5412371134020618,0.0,0.0,0.0,0.0
bull_to_neutral,0.22,0.99,15.0,,0,351,351,0.5555555555555556,0.375,0.5732484076433121,0.5412371134020618,0.5555555555555556,0.375,0.5732484076433121,0.5412371134020618,0.0,0.0,0.0,0.0
bull_to_bear,0.22,0.99,15.0,,0,351,351,0.5555555555555556,0.375,0.5732484076433121,0.5412371134020618,0.5555555555555556,0.375,0.5732484076433121,0.5412371134020618,0.0,0.0,0.0,0.0
bull_to_neutral,0.22,0.99,15.0,0.0,0,351,351,0.5555555555555556,0.375,0.5732484076433121,0.5412371134020618,0.5555555555555556,0.375,0.5732484076433121,0.5412371134020618,0.0,0.0,0.0,0.0
bull_to_bear,0.22,0.99,15.0,0.0,0,351,351,0.5555555555555556,0.375,0.5732484076433121,0.5412371134020618,0.5555555555555556,0.375,0.5732484076433121,0.5412371134020618,0.0,0.0,0.0,0.0
bull_to_neutral,0.22,0.99,15.0,-0.05,0,351,351,0.5555555555555556,0.375,0.5732484076433121,0.5412371134020618,0.5555555555555556,0.375,0.5732484076433121,0.5412371134020618,0.0,0.0,0.0,0.0
bull_to_bear,0.22,0.99,15.0,-0.05,0,351,351,0.5555555555555556,0.375,0.5732484076433121,0.5412371134020618,0.5555555555555556,0.375,0.5732484076433121,0.5412371134020618,0.0,0.0,0.0,0.0
bull_to_neutral,0.22,0.99,15.0,-0.1,0,351,351,0.5555555555555556,0.375,0.5732484076433121,0.5412371134020618,0.5555555555555556,0.375,0.5732484076433121,0.5412371134020618,0.0,0.0,0.0,0.0
bull_to_bear,0.22,0.99,15.0,-0.1,0,351,351,0.5555555555555556,0.375,0.5732484076433121,0.5412371134020618,0.5555555555555556,0.375,0.5732484076433121,0.5412371134020618,0.0,0.0,0.0,0.0
bull_to_neutral,0.22,0.98,,,0,351,351,0.5555555555555556,0.375,0.5732484076433121,0.5412371134020618,0.5555555555555556,0.375,0.5732484076433121,0.5412371134020618,0.0,0.0,0.0,0.0
bull_to_bear,0.22,0.98,,,0,351,351,0.5555555555555556,0.375,0.5732484076433121,0.5412371134020618,0.5555555555555556,0.375,0.5732484076433121,0.5412371134020618,0.0,0.0,0.0,0.0
bull_to_neutral,0.22,0.98,,0.0,0,351,351,0.5555555555555556,0.375,0.5732484076433121,0.5412371134020618,0.5555555555555556,0.375,0.5732484076433121,0.5412371134020618,0.0,0.0,0.0,0.0
bull_to_bear,0.22,0.98,,0.0,0,351,351,0.5555555555555556,0.375,0.5732484076433121,0.5412371134020618,0.5555555555555556,0.375,0.5732484076433121,0.5412371134020618,0.0,0.0,0.0,0.0
bull_to_neutral,0.22,0.98,,-0.05,0,351,351,0.5555555555555556,0.375,0.5732484076433121,0.5412371134020618,0.5555555555555556,0.375,0.5732484076433121,0.5412371134020618,0.0,0.0,0.0,0.0
bull_to_bear,0.22,0.98,,-0.05,0,351,351,0.5555555555555556,0.375,0.5732484076433121,0.5412371134020618,0.5555555555555556,0.375,0.5732484076433121,0.5412371134020618,0.0,0.0,0.0,0.0
bull_to_neutral,0.22,0.98,,-0.1,0,351,351,0.5555555555555556,0.375,0.5732484076433121,0.5412371134020618,0.5555555555555556,0.375,0.5732484076433121,0.5412371134020618,0.0,0.0,0.0,0.0
bull_to_bear,0.22,0.98,,-0.1,0,351,351,0.5555555555555556,0.375,0.5732484076433121,0.5412371134020618,0.5555555555555556,0.375,0.5732484076433121,0.5412371134020618,0.0,0.0,0.0,0.0
bull_to_neutral,0.22,0.98,0.0,,0,351,351,0.5555555555555556,0.375,0.5732484076433121,0.5412371134020618,0.5555555555555556,0.375,0.5732484076433121,0.5412371134020618,0.0,0.0,0.0,0.0
bull_to_bear,0.22,0.98,0.0,,0,351,351,0.5555555555555556,0.375,0.5732484076433121,0.5412371134020618,0.5555555555555556,0.375,0.5732484076433121,0.5412371134020618,0.0,0.0,0.0,0.0
bull_to_neutral,0.22,0.98,0.0,0.0,0,351,351,0.5555555555555556,0.375,0.5732484076433121,0.5412371134020618,0.5555555555555556,0.375,0.5732484076433121,0.5412371134020618,0.0,0.0,0.0,0.0
bull_to_bear,0.22,0.98,0.0,0.0,0,351,351,0.5555555555555556,0.375,0.5732484076433121,0.5412371134020618,0.5555555555555556,0.375,0.5732484076433121,0.5412371134020618,0.0,0.0,0.0,0.0
bull_to_neutral,0.22,0.98,0.0,-0.05,0,351,351,0.5555555555555556,0.375,0.5732484076433121,0.5412371134020618,0.5555555555555556,0.375,0.5732484076433121,0.5412371134020618,0.0,0.0,0.0,0.0
bull_to_bear,0.22,0.98,0.0,-0.05,0,351,351,0.5555555555555556,0.375,0.5732484076433121,0.5412371134020618,0.5555555555555556,0.375,0.5732484076433121,0.5412371134020618,0.0,0.0,0.0,0.0
bull_to_neutral,0.22,0.98,0.0,-0.1,0,351,351,0.5555555555555556,0.375,0.5732484076433121,0.5412371134020618,0.5555555555555556,0.375,0.5732484076433121,0.5412371134020618,0.0,0.0,0.0,0.0
bull_to_bear,0.22,0.98,0.0,-0.1,0,351,351,0.5555555555555556,0.375,0.5732484076433121,0.5412371134020618,0.5555555555555556,0.375,0.5732484076433121,0.5412371134020618,0.0,0.0,0.0,0.0
bull_to_neutral,0.22,0.98,5.0,,0,351,351,0.5555555555555556,0.375,0.5732484076433121,0.5412371134020618,0.5555555555555556,0.375,0.5732484076433121,0.5412371134020618,0.0,0.0,0.0,0.0
bull_to_bear,0.22,0.98,5.0,,0,351,351,0.5555555555555556,0.375,0.5732484076433121,0.5412371134020618,0.5555555555555556,0.375,0.5732484076433121,0.5412371134020618,0.0,0.0,0.0,0.0
bull_to_neutral,0.22,0.98,5.0,0.0,0,351,351,0.5555555555555556,0.375,0.5732484076433121,0.5412371134020618,0.5555555555555556,0.375,0.5732484076433121,0.5412371134020618,0.0,0.0,0.0,0.0
bull_to_bear,0.22,0.98,5.0,0.0,0,351,351,0.5555555555555556,0.375,0.5732484076433121,0.5412371134020618,0.5555555555555556,0.375,0.5732484076433121,0.5412371134020618,0.0,0.0,0.0,0.0
bull_to_neutral,0.22,0.98,5.0,-0.05,0,351,351,0.5555555555555556,0.375,0.5732484076433121,0.5412371134020618,0.5555555555555556,0.375,0.5732484076433121,0.5412371134020618,0.0,0.0,0.0,0.0
bull_to_bear,0.22,0.98,5.0,-0.05,0,351,351,0.5555555555555556,0.375,0.5732484076433121,0.5412371134020618,0.5555555555555556,0.375,0.5732484076433121,0.5412371134020618,0.0,0.0,0.0,0.0
bull_to_neutral,0.22,0.98,5.0,-0.1,0,351,351,0.5555555555555556,0.375,0.5732484076433121,0.5412371134020618,0.5555555555555556,0.375,0.5732484076433121,0.5412371134020618,0.0,0.0,0.0,0.0
bull_to_bear,0.22,0.98,5.0,-0.1,0,351,351,0.5555555555555556,0.375,0.5732484076433121,0.5412371134020618,0.5555555555555556,0.375,0.5732484076433121,0.5412371134020618,0.0,0.0,0.0,0.0
bull_to_neutral,0.22,0.98,10.0,,0,351,351,0.5555555555555556,0.375,0.5732484076433121,0.5412371134020618,0.5555555555555556,0.375,0.5732484076433121,0.5412371134020618,0.0,0.0,0.0,0.0
bull_to_bear,0.22,0.98,10.0,,0,351,351,0.5555555555555556,0.375,0.5732484076433121,0.5412371134020618,0.5555555555555556,0.375,0.5732484076433121,0.5412371134020618,0.0,0.0,0.0,0.0
bull_to_neutral,0.22,0.98,10.0,0.0,0,351,351,0.5555555555555556,0.375,0.5732484076433121,0.5412371134020618,0.5555555555555556,0.375,0.5732484076433121,0.5412371134020618,0.0,0.0,0.0,0.0
bull_to_bear,0.22,0.98,10.0,0.0,0,351,351,0.5555555555555556,0.375,0.5732484076433121,0.5412371134020618,0.5555555555555556,0.375,0.5732484076433121,0.5412371134020618,0.0,0.0,0.0,0.0
bull_to_neutral,0.22,0.98,10.0,-0.05,0,351,351,0.5555555555555556,0.375,0.5732484076433121,0.5412371134020618,0.5555555555555556,0.375,0.5732484076433121,0.5412371134020618,0.0,0.0,0.0,0.0
bull_to_bear,0.22,0.98,10.0,-0.05,0,351,351,0.5555555555555556,0.375,0.5732484076433121,0.5412371134020618,0.5555555555555556,0.375,0.5732484076433121,0.5412371134020618,0.0,0.0,0.0,0.0
bull_to_neutral,0.22,0.98,10.0,-0.1,0,351,351,0.5555555555555556,0.375,0.5732484076433121,0.5412371134020618,0.5555555555555556,0.375,0.5732484076433121,0.5412371134020618,0.0,0.0,0.0,0.0
bull_to_bear,0.22,0.98,10.0,-0.1,0,351,351,0.5555555555555556,0.375,0.5732484076433121,0.5412371134020618,0.5555555555555556,0.375,0.5732484076433121,0.5412371134020618,0.0,0.0,0.0,0.0
bull_to_neutral,0.22,0.98,15.0,,0,351,351,0.5555555555555556,0.375,0.5732484076433121,0.5412371134020618,0.5555555555555556,0.375,0.5732484076433121,0.5412371134020618,0.0,0.0,0.0,0.0
bull_to_bear,0.22,0.98,15.0,,0,351,351,0.5555555555555556,0.375,0.5732484076433121,0.5412371134020618,0.5555555555555556,0.375,0.5732484076433121,0.5412371134020618,0.0,0.0,0.0,0.0
bull_to_neutral,0.22,0.98,15.0,0.0,0,351,351,0.5555555555555556,0.375,0.5732484076433121,0.5412371134020618,0.5555555555555556,0.375,0.5732484076433121,0.5412371134020618,0.0,0.0,0.0,0.0
bull_to_bear,0.22,0.98,15.0,0.0,0,351,351,0.5555555555555556,0.375,0.5732484076433121,0.5412371134020618,0.5555555555555556,0.375,0.5732484076433121,0.5412371134020618,0.0,0.0,0.0,0.0
bull_to_neutral,0.22,0.98,15.0,-0.05,0,351,351,0.5555555555555556,0.375,0.5732484076433121,0.5412371134020618,0.5555555555555556,0.375,0.5732484076433121,0.5412371134020618,0.0,0.0,0.0,0.0
bull_to_bear,0.22,0.98,15.0,-0.05,0,351,351,0.5555555555555556,0.375,0.5732484076433121,0.5412371134020618,0.5555555555555556,0.375,0.5732484076433121,0.5412371134020618,0.0,0.0,0.0,0.0
bull_to_neutral,0.22,0.98,15.0,-0.1,0,351,351,0.5555555555555556,0.375,0.5732484076433121,0.5412371134020618,0.5555555555555556,0.375,0.5732484076433121,0.5412371134020618,0.0,0.0,0.0,0.0
bull_to_bear,0.22,0.98,15.0,-0.1,0,351,351,0.5555555555555556,0.375,0.5732484076433121,0.5412371134020618,0.5555555555555556,0.375,0.5732484076433121,0.5412371134020618,0.0,0.0,0.0,0.0
bull_to_neutral,0.22,0.97,,,0,351,351,0.5555555555555556,0.375,0.5732484076433121,0.5412371134020618,0.5555555555555556,0.375,0.5732484076433121,0.5412371134020618,0.0,0.0,0.0,0.0
bull_to_bear,0.22,0.97,,,0,351,351,0.5555555555555556,0.375,0.5732484076433121,0.5412371134020618,0.5555555555555556,0.375,0.5732484076433121,0.5412371134020618,0.0,0.0,0.0,0.0
bull_to_neutral,0.22,0.97,,0.0,0,351,351,0.5555555555555556,0.375,0.5732484076433121,0.5412371134020618,0.5555555555555556,0.375,0.5732484076433121,0.5412371134020618,0.0,0.0,0.0,0.0
bull_to_bear,0.22,0.97,,0.0,0,351,351,0.5555555555555556,0.375,0.5732484076433121,0.5412371134020618,0.5555555555555556,0.375,0.5732484076433121,0.5412371134020618,0.0,0.0,0.0,0.0
bull_to_neutral,0.22,0.97,,-0.05,0,351,351,0.5555555555555556,0.375,0.5732484076433121,0.5412371134020618,0.5555555555555556,0.375,0.5732484076433121,0.5412371134020618,0.0,0.0,0.0,0.0
bull_to_bear,0.22,0.97,,-0.05,0,351,351,0.5555555555555556,0.375,0.5732484076433121,0.5412371134020618,0.5555555555555556,0.375,0.5732484076433121,0.5412371134020618,0.0,0.0,0.0,0.0
bull_to_neutral,0.22,0.97,,-0.1,0,351,351,0.5555555555555556,0.375,0.5732484076433121,0.5412371134020618,0.5555555555555556,0.375,0.5732484076433121,0.5412371134020618,0.0,0.0,0.0,0.0
bull_to_bear,0.22,0.97,,-0.1,0,351,351,0.5555555555555556,0.375,0.5732484076433121,0.5412371134020618,0.5555555555555556,0.375,0.5732484076433121,0.5412371134020618,0.0,0.0,0.0,0.0
bull_to_neutral,0.22,0.97,0.0,,0,351,351,0.5555555555555556,0.375,0.5732484076433121,0.5412371134020618,0.5555555555555556,0.375,0.5732484076433121,0.5412371134020618,0.0,0.0,0.0,0.0
bull_to_bear,0.22,0.97,0.0,,0,351,351,0.5555555555555556,0.375,0.5732484076433121,0.5412371134020618,0.5555555555555556,0.375,0.5732484076433121,0.5412371134020618,0.0,0.0,0.0,0.0
bull_to_neutral,0.22,0.97,0.0,0.0,0,351,351,0.5555555555555556,0.375,0.5732484076433121,0.5412371134020618,0.5555555555555556,0.375,0.5732484076433121,0.5412371134020618,0.0,0.0,0.0,0.0
bull_to_bear,0.22,0.97,0.0,0.0,0,351,351,0.5555555555555556,0.375,0.5732484076433121,0.5412371134020618,0.5555555555555556,0.375,0.5732484076433121,0.5412371134020618,0.0,0.0,0.0,0.0
bull_to_neutral,0.22,0.97,0.0,-0.05,0,351,351,0.5555555555555556,0.375,0.5732484076433121,0.5412371134020618,0.5555555555555556,0.375,0.5732484076433121,0.5412371134020618,0.0,0.0,0.0,0.0
bull_to_bear,0.22,0.97,0.0,-0.05,0,351,351,0.5555555555555556,0.375,0.5732484076433121,0.5412371134020618,0.5555555555555556,0.375,0.5732484076433121,0.5412371134020618,0.0,0.0,0.0,0.0
bull_to_neutral,0.22,0.97,0.0,-0.1,0,351,351,0.5555555555555556,0.375,0.5732484076433121,0.5412371134020618,0.5555555555555556,0.375,0.5732484076433121,0.5412371134020618,0.0,0.0,0.0,0.0
bull_to_bear,0.22,0.97,0.0,-0.1,0,351,351,0.5555555555555556,0.375,0.5732484076433121,0.5412371134020618,0.5555555555555556,0.375,0.5732484076433121,0.5412371134020618,0.0,0.0,0.0,0.0
bull_to_neutral,0.22,0.97,5.0,,0,351,351,0.5555555555555556,0.375,0.5732484076433121,0.5412371134020618,0.5555555555555556,0.375,0.5732484076433121,0.5412371134020618,0.0,0.0,0.0,0.0
bull_to_bear,0.22,0.97,5.0,,0,351,351,0.5555555555555556,0.375,0.5732484076433121,0.5412371134020618,0.5555555555555556,0.375,0.5732484076433121,0.5412371134020618,0.0,0.0,0.0,0.0
bull_to_neutral,0.22,0.97,5.0,0.0,0,351,351,0.5555555555555556,0.375,0.5732484076433121,0.5412371134020618,0.5555555555555556,0.375,0.5732484076433121,0.5412371134020618,0.0,0.0,0.0,0.0
bull_to_bear,0.22,0.97,5.0,0.0,0,351,351,0.5555555555555556,0.375,0.5732484076433121,0.5412371134020618,0.5555555555555556,0.375,0.5732484076433121,0.5412371134020618,0.0,0.0,0.0,0.0
bull_to_neutral,0.22,0.97,5.0,-0.05,0,351,351,0.5555555555555556,0.375,0.5732484076433121,0.5412371134020618,0.5555555555555556,0.375,0.5732484076433121,0.5412371134020618,0.0,0.0,0.0,0.0
bull_to_bear,0.22,0.97,5.0,-0.05,0,351,351,0.5555555555555556,0.375,0.5732484076433121,0.5412371134020618,0.5555555555555556,0.375,0.5732484076433121,0.5412371134020618,0.0,0.0,0.0,0.0
bull_to_neutral,0.22,0.97,5.0,-0.1,0,351,351,0.5555555555555556,0.375,0.5732484076433121,0.5412371134020618,0.5555555555555556,0.375,0.5732484076433121,0.5412371134020618,0.0,0.0,0.0,0.0
bull_to_bear,0.22,0.97,5.0,-0.1,0,351,351,0.5555555555555556,0.375,0.5732484076433121,0.5412371134020618,0.5555555555555556,0.375,0.5732484076433121,0.5412371134020618,0.0,0.0,0.0,0.0
bull_to_neutral,0.22,0.97,10.0,,0,351,351,0.5555555555555556,0.375,0.5732484076433121,0.5412371134020618,0.5555555555555556,0.375,0.5732484076433121,0.5412371134020618,0.0,0.0,0.0,0.0
bull_to_bear,0.22,0.97,10.0,,0,351,351,0.5555555555555556,0.375,0.5732484076433121,0.5412371134020618,0.5555555555555556,0.375,0.5732484076433121,0.5412371134020618,0.0,0.0,0.0,0.0
bull_to_neutral,0.22,0.97,10.0,0.0,0,351,351,0.5555555555555556,0.375,0.5732484076433121,0.5412371134020618,0.5555555555555556,0.375,0.5732484076433121,0.5412371134020618,0.0,0.0,0.0,0.0
bull_to_bear,0.22,0.97,10.0,0.0,0,351,351,0.5555555555555556,0.375,0.5732484076433121,0.5412371134020618,0.5555555555555556,0.375,0.5732484076433121,0.5412371134020618,0.0,0.0,0.0,0.0
bull_to_neutral,0.22,0.97,10.0,-0.05,0,351,351,0.5555555555555556,0.375,0.5732484076433121,0.5412371134020618,0.5555555555555556,0.375,0.5732484076433121,0.5412371134020618,0.0,0.0,0.0,0.0
bull_to_bear,0.22,0.97,10.0,-0.05,0,351,351,0.5555555555555556,0.375,0.5732484076433121,0.5412371134020618,0.5555555555555556,0.375,0.5732484076433121,0.5412371134020618,0.0,0.0,0.0,0.0
bull_to_neutral,0.22,0.97,10.0,-0.1,0,351,351,0.5555555555555556,0.375,0.5732484076433121,0.5412371134020618,0.5555555555555556,0.375,0.5732484076433121,0.5412371134020618,0.0,0.0,0.0,0.0
bull_to_bear,0.22,0.97,10.0,-0.1,0,351,351,0.5555555555555556,0.375,0.5732484076433121,0.5412371134020618,0.5555555555555556,0.375,0.5732484076433121,0.5412371134020618,0.0,0.0,0.0,0.0
bull_to_neutral,0.22,0.97,15.0,,0,351,351,0.5555555555555556,0.375,0.5732484076433121,0.5412371134020618,0.5555555555555556,0.375,0.5732484076433121,0.5412371134020618,0.0,0.0,0.0,0.0
bull_to_bear,0.22,0.97,15.0,,0,351,351,0.5555555555555556,0.375,0.5732484076433121,0.5412371134020618,0.5555555555555556,0.375,0.5732484076433121,0.5412371134020618,0.0,0.0,0.0,0.0
bull_to_neutral,0.22,0.97,15.0,0.0,0,351,351,0.5555555555555556,0.375,0.5732484076433121,0.5412371134020618,0.5555555555555556,0.375,0.5732484076433121,0.5412371134020618,0.0,0.0,0.0,0.0
bull_to_bear,0.22,0.97,15.0,0.0,0,351,351,0.5555555555555556,0.375,0.5732484076433121,0.5412371134020618,0.5555555555555556,0.375,0.5732484076433121,0.5412371134020618,0.0,0.0,0.0,0.0
bull_to_neutral,0.22,0.97,15.0,-0.05,0,351,351,0.5555555555555556,0.375,0.5732484076433121,0.5412371134020618,0.5555555555555556,0.375,0.5732484076433121,0.5412371134020618,0.0,0.0,0.0,0.0
bull_to_bear,0.22,0.97,15.0,-0.05,0,351,351,0.5555555555555556,0.375,0.5732484076433121,0.5412371134020618,0.5555555555555556,0.375,0.5732484076433121,0.5412371134020618,0.0,0.0,0.0,0.0
bull_to_neutral,0.22,0.97,15.0,-0.1,0,351,351,0.5555555555555556,0.375,0.5732484076433121,0.5412371134020618,0.5555555555555556,0.375,0.5732484076433121,0.5412371134020618,0.0,0.0,0.0,0.0
bull_to_bear,0.22,0.97,15.0,-0.1,0,351,351,0.5555555555555556,0.375,0.5732484076433121,0.5412371134020618,0.5555555555555556,0.375,0.5732484076433121,0.5412371134020618,0.0,0.0,0.0,0.0
bull_to_neutral,0.22,0.95,,,0,351,351,0.5555555555555556,0.375,0.5732484076433121,0.5412371134020618,0.5555555555555556,0.375,0.5732484076433121,0.5412371134020618,0.0,0.0,0.0,0.0
bull_to_bear,0.22,0.95,,,0,351,351,0.5555555555555556,0.375,0.5732484076433121,0.5412371134020618,0.5555555555555556,0.375,0.5732484076433121,0.5412371134020618,0.0,0.0,0.0,0.0
bull_to_neutral,0.22,0.95,,0.0,0,351,351,0.5555555555555556,0.375,0.5732484076433121,0.5412371134020618,0.5555555555555556,0.375,0.5732484076433121,0.5412371134020618,0.0,0.0,0.0,0.0
bull_to_bear,0.22,0.95,,0.0,0,351,351,0.5555555555555556,0.375,0.5732484076433121,0.5412371134020618,0.5555555555555556,0.375,0.5732484076433121,0.5412371134020618,0.0,0.0,0.0,0.0
bull_to_neutral,0.22,0.95,,-0.05,0,351,351,0.5555555555555556,0.375,0.5732484076433121,0.5412371134020618,0.5555555555555556,0.375,0.5732484076433121,0.5412371134020618,0.0,0.0,0.0,0.0
bull_to_bear,0.22,0.95,,-0.05,0,351,351,0.5555555555555556,0.375,0.5732484076433121,0.5412371134020618,0.5555555555555556,0.375,0.5732484076433121,0.5412371134020618,0.0,0.0,0.0,0.0
bull_to_neutral,0.22,0.95,,-0.1,0,351,351,0.5555555555555556,0.375,0.5732484076433121,0.5412371134020618,0.5555555555555556,0.375,0.5732484076433121,0.5412371134020618,0.0,0.0,0.0,0.0
bull_to_bear,0.22,0.95,,-0.1,0,351,351,0.5555555555555556,0.375,0.5732484076433121,0.5412371134020618,0.5555555555555556,0.375,0.5732484076433121,0.5412371134020618,0.0,0.0,0.0,0.0
bull_to_neutral,0.22,0.95,0.0,,0,351,351,0.5555555555555556,0.375,0.5732484076433121,0.5412371134020618,0.5555555555555556,0.375,0.5732484076433121,0.5412371134020618,0.0,0.0,0.0,0.0
bull_to_bear,0.22,0.95,0.0,,0,351,351,0.5555555555555556,0.375,0.5732484076433121,0.5412371134020618,0.5555555555555556,0.375,0.5732484076433121,0.5412371134020618,0.0,0.0,0.0,0.0
bull_to_neutral,0.22,0.95,0.0,0.0,0,351,351,0.5555555555555556,0.375,0.5732484076433121,0.5412371134020618,0.5555555555555556,0.375,0.5732484076433121,0.5412371134020618,0.0,0.0,0.0,0.0
bull_to_bear,0.22,0.95,0.0,0.0,0,351,351,0.5555555555555556,0.375,0.5732484076433121,0.5412371134020618,0.5555555555555556,0.375,0.5732484076433121,0.5412371134020618,0.0,0.0,0.0,0.0
bull_to_neutral,0.22,0.95,0.0,-0.05,0,351,351,0.5555555555555556,0.375,0.5732484076433121,0.5412371134020618,0.5555555555555556,0.375,0.5732484076433121,0.5412371134020618,0.0,0.0,0.0,0.0
bull_to_bear,0.22,0.95,0.0,-0.05,0,351,351,0.5555555555555556,0.375,0.5732484076433121,0.5412371134020618,0.5555555555555556,0.375,0.5732484076433121,0.5412371134020618,0.0,0.0,0.0,0.0
bull_to_neutral,0.22,0.95,0.0,-0.1,0,351,351,0.5555555555555556,0.375,0.5732484076433121,0.5412371134020618,0.5555555555555556,0.375,0.5732484076433121,0.5412371134020618,0.0,0.0,0.0,0.0
bull_to_bear,0.22,0.95,0.0,-0.1,0,351,351,0.5555555555555556,0.375,0.5732484076433121,0.5412371134020618,0.5555555555555556,0.375,0.5732484076433121,0.5412371134020618,0.0,0.0,0.0,0.0
bull_to_neutral,0.22,0.95,5.0,,0,351,351,0.5555555555555556,0.375,0.5732484076433121,0.5412371134020618,0.5555555555555556,0.375,0.5732484076433121,0.5412371134020618,0.0,0.0,0.0,0.0
bull_to_bear,0.22,0.95,5.0,,0,351,351,0.5555555555555556,0.375,0.5732484076433121,0.5412371134020618,0.5555555555555556,0.375,0.5732484076433121,0.5412371134020618,0.0,0.0,0.0,0.0
bull_to_neutral,0.22,0.95,5.0,0.0,0,351,351,0.5555555555555556,0.375,0.5732484076433121,0.5412371134020618,0.5555555555555556,0.375,0.5732484076433121,0.5412371134020618,0.0,0.0,0.0,0.0
bull_to_bear,0.22,0.95,5.0,0.0,0,351,351,0.5555555555555556,0.375,0.5732484076433121,0.5412371134020618,0.5555555555555556,0.375,0.5732484076433121,0.5412371134020618,0.0,0.0,0.0,0.0
bull_to_neutral,0.22,0.95,5.0,-0.05,0,351,351,0.5555555555555556,0.375,0.5732484076433121,0.5412371134020618,0.5555555555555556,0.375,0.5732484076433121,0.5412371134020618,0.0,0.0,0.0,0.0
bull_to_bear,0.22,0.95,5.0,-0.05,0,351,351,0.5555555555555556,0.375,0.5732484076433121,0.5412371134020618,0.5555555555555556,0.375,0.5732484076433121,0.5412371134020618,0.0,0.0,0.0,0.0
bull_to_neutral,0.22,0.95,5.0,-0.1,0,351,351,0.5555555555555556,0.375,0.5732484076433121,0.5412371134020618,0.5555555555555556,0.375,0.5732484076433121,0.5412371134020618,0.0,0.0,0.0,0.0
bull_to_bear,0.22,0.95,5.0,-0.1,0,351,351,0.5555555555555556,0.375,0.5732484076433121,0.5412371134020618,0.5555555555555556,0.375,0.5732484076433121,0.5412371134020618,0.0,0.0,0.0,0.0
bull_to_neutral,0.22,0.95,10.0,,0,351,351,0.5555555555555556,0.375,0.5732484076433121,0.5412371134020618,0.5555555555555556,0.375,0.5732484076433121,0.5412371134020618,0.0,0.0,0.0,0.0
bull_to_bear,0.22,0.95,10.0,,0,351,351,0.5555555555555556,0.375,0.5732484076433121,0.5412371134020618,0.5555555555555556,0.375,0.5732484076433121,0.5412371134020618,0.0,0.0,0.0,0.0
bull_to_neutral,0.22,0.95,10.0,0.0,0,351,351,0.5555555555555556,0.375,0.5732484076433121,0.5412371134020618,0.5555555555555556,0.375,0.5732484076433121,0.5412371134020618,0.0,0.0,0.0,0.0
bull_to_bear,0.22,0.95,10.0,0.0,0,351,351,0.5555555555555556,0.375,0.5732484076433121,0.5412371134020618,0.5555555555555556,0.375,0.5732484076433121,0.5412371134020618,0.0,0.0,0.0,0.0
bull_to_neutral,0.22,0.95,10.0,-0.05,0,351,351,0.5555555555555556,0.375,0.5732484076433121,0.5412371134020618,0.5555555555555556,0.375,0.5732484076433121,0.5412371134020618,0.0,0.0,0.0,0.0
bull_to_bear,0.22,0.95,10.0,-0.05,0,351,351,0.5555555555555556,0.375,0.5732484076433121,0.5412371134020618,0.5555555555555556,0.375,0.5732484076433121,0.5412371134020618,0.0,0.0,0.0,0.0
bull_to_neutral,0.22,0.95,10.0,-0.1,0,351,351,0.5555555555555556,0.375,0.5732484076433121,0.5412371134020618,0.5555555555555556,0.375,0.5732484076433121,0.5412371134020618,0.0,0.0,0.0,0.0
bull_to_bear,0.22,0.95,10.0,-0.1,0,351,351,0.5555555555555556,0.375,0.5732484076433121,0.5412371134020618,0.5555555555555556,0.375,0.5732484076433121,0.5412371134020618,0.0,0.0,0.0,0.0
bull_to_neutral,0.22,0.95,15.0,,0,351,351,0.5555555555555556,0.375,0.5732484076433121,0.5412371134020618,0.5555555555555556,0.375,0.5732484076433121,0.5412371134020618,0.0,0.0,0.0,0.0
bull_to_bear,0.22,0.95,15.0,,0,351,351,0.5555555555555556,0.375,0.5732484076433121,0.5412371134020618,0.5555555555555556,0.375,0.5732484076433121,0.5412371134020618,0.0,0.0,0.0,0.0
bull_to_neutral,0.22,0.95,15.0,0.0,0,351,351,0.5555555555555556,0.375,0.5732484076433121,0.5412371134020618,0.5555555555555556,0.375,0.5732484076433121,0.5412371134020618,0.0,0.0,0.0,0.0
bull_to_bear,0.22,0.95,15.0,0.0,0,351,351,0.5555555555555556,0.375,0.5732484076433121,0.5412371134020618,0.5555555555555556,0.375,0.5732484076433121,0.5412371134020618,0.0,0.0,0.0,0.0
bull_to_neutral,0.22,0.95,15.0,-0.05,0,351,351,0.5555555555555556,0.375,0.5732484076433121,0.5412371134020618,0.5555555555555556,0.375,0.5732484076433121,0.5412371134020618,0.0,0.0,0.0,0.0
bull_to_bear,0.22,0.95,15.0,-0.05,0,351,351,0.5555555555555556,0.375,0.5732484076433121,0.5412371134020618,0.5555555555555556,0.375,0.5732484076433121,0.5412371134020618,0.0,0.0,0.0,0.0
bull_to_neutral,0.22,0.95,15.0,-0.1,0,351,351,0.5555555555555556,0.375,0.5732484076433121,0.5412371134020618,0.5555555555555556,0.375,0.5732484076433121,0.5412371134020618,0.0,0.0,0.0,0.0
bull_to_bear,0.22,0.95,15.0,-0.1,0,351,351,0.5555555555555556,0.375,0.5732484076433121,0.5412371134020618,0.5555555555555556,0.375,0.5732484076433121,0.5412371134020618,0.0,0.0,0.0,0.0
bull_to_neutral,0.22,0.93,,,0,351,351,0.5555555555555556,0.375,0.5732484076433121,0.5412371134020618,0.5555555555555556,0.375,0.5732484076433121,0.5412371134020618,0.0,0.0,0.0,0.0
bull_to_bear,0.22,0.93,,,0,351,351,0.5555555555555556,0.375,0.5732484076433121,0.5412371134020618,0.5555555555555556,0.375,0.5732484076433121,0.5412371134020618,0.0,0.0,0.0,0.0
bull_to_neutral,0.22,0.93,,0.0,0,351,351,0.5555555555555556,0.375,0.5732484076433121,0.5412371134020618,0.5555555555555556,0.375,0.5732484076433121,0.5412371134020618,0.0,0.0,0.0,0.0
bull_to_bear,0.22,0.93,,0.0,0,351,351,0.5555555555555556,0.375,0.5732484076433121,0.5412371134020618,0.5555555555555556,0.375,0.5732484076433121,0.5412371134020618,0.0,0.0,0.0,0.0
bull_to_neutral,0.22,0.93,,-0.05,0,351,351,0.5555555555555556,0.375,0.5732484076433121,0.5412371134020618,0.5555555555555556,0.375,0.5732484076433121,0.5412371134020618,0.0,0.0,0.0,0.0
bull_to_bear,0.22,0.93,,-0.05,0,351,351,0.5555555555555556,0.375,0.5732484076433121,0.5412371134020618,0.5555555555555556,0.375,0.5732484076433121,0.5412371134020618,0.0,0.0,0.0,0.0
bull_to_neutral,0.22,0.93,,-0.1,0,351,351,0.5555555555555556,0.375,0.5732484076433121,0.5412371134020618,0.5555555555555556,0.375,0.5732484076433121,0.5412371134020618,0.0,0.0,0.0,0.0
bull_to_bear,0.22,0.93,,-0.1,0,351,351,0.5555555555555556,0.375,0.5732484076433121,0.5412371134020618,0.5555555555555556,0.375,0.5732484076433121,0.5412371134020618,0.0,0.0,0.0,0.0
bull_to_neutral,0.22,0.93,0.0,,0,351,351,0.5555555555555556,0.375,0.5732484076433121,0.5412371134020618,0.5555555555555556,0.375,0.5732484076433121,0.5412371134020618,0.0,0.0,0.0,0.0
bull_to_bear,0.22,0.93,0.0,,0,351,351,0.5555555555555556,0.375,0.5732484076433121,0.5412371134020618,0.5555555555555556,0.375,0.5732484076433121,0.5412371134020618,0.0,0.0,0.0,0.0
bull_to_neutral,0.22,0.93,0.0,0.0,0,351,351,0.5555555555555556,0.375,0.5732484076433121,0.5412371134020618,0.5555555555555556,0.375,0.5732484076433121,0.5412371134020618,0.0,0.0,0.0,0.0
bull_to_bear,0.22,0.93,0.0,0.0,0,351,351,0.5555555555555556,0.375,0.5732484076433121,0.5412371134020618,0.5555555555555556,0.375,0.5732484076433121,0.5412371134020618,0.0,0.0,0.0,0.0
bull_to_neutral,0.22,0.93,0.0,-0.05,0,351,351,0.5555555555555556,0.375,0.5732484076433121,0.5412371134020618,0.5555555555555556,0.375,0.5732484076433121,0.5412371134020618,0.0,0.0,0.0,0.0
bull_to_bear,0.22,0.93,0.0,-0.05,0,351,351,0.5555555555555556,0.375,0.5732484076433121,0.5412371134020618,0.5555555555555556,0.375,0.5732484076433121,0.5412371134020618,0.0,0.0,0.0,0.0
bull_to_neutral,0.22,0.93,0.0,-0.1,0,351,351,0.5555555555555556,0.375,0.5732484076433121,0.5412371134020618,0.5555555555555556,0.375,0.5732484076433121,0.5412371134020618,0.0,0.0,0.0,0.0
bull_to_bear,0.22,0.93,0.0,-0.1,0,351,351,0.5555555555555556,0.375,0.5732484076433121,0.5412371134020618,0.5555555555555556,0.375,0.5732484076433121,0.5412371134020618,0.0,0.0,0.0,0.0
bull_to_neutral,0.22,0.93,5.0,,0,351,351,0.5555555555555556,0.375,0.5732484076433121,0.5412371134020618,0.5555555555555556,0.375,0.5732484076433121,0.5412371134020618,0.0,0.0,0.0,0.0
bull_to_bear,0.22,0.93,5.0,,0,351,351,0.5555555555555556,0.375,0.5732484076433121,0.5412371134020618,0.5555555555555556,0.375,0.5732484076433121,0.5412371134020618,0.0,0.0,0.0,0.0
bull_to_neutral,0.22,0.93,5.0,0.0,0,351,351,0.5555555555555556,0.375,0.5732484076433121,0.5412371134020618,0.5555555555555556,0.375,0.5732484076433121,0.5412371134020618,0.0,0.0,0.0,0.0
bull_to_bear,0.22,0.93,5.0,0.0,0,351,351,0.5555555555555556,0.375,0.5732484076433121,0.5412371134020618,0.5555555555555556,0.375,0.5732484076433121,0.5412371134020618,0.0,0.0,0.0,0.0
bull_to_neutral,0.22,0.93,5.0,-0.05,0,351,351,0.5555555555555556,0.375,0.5732484076433121,0.5412371134020618,0.5555555555555556,0.375,0.5732484076433121,0.5412371134020618,0.0,0.0,0.0,0.0
bull_to_bear,0.22,0.93,5.0,-0.05,0,351,351,0.5555555555555556,0.375,0.5732484076433121,0.5412371134020618,0.5555555555555556,0.375,0.5732484076433121,0.5412371134020618,0.0,0.0,0.0,0.0
bull_to_neutral,0.22,0.93,5.0,-0.1,0,351,351,0.5555555555555556,0.375,0.5732484076433121,0.5412371134020618,0.5555555555555556,0.375,0.5732484076433121,0.5412371134020618,0.0,0.0,0.0,0.0
bull_to_bear,0.22,0.93,5.0,-0.1,0,351,351,0.5555555555555556,0.375,0.5732484076433121,0.5412371134020618,0.5555555555555556,0.375,0.5732484076433121,0.5412371134020618,0.0,0.0,0.0,0.0
bull_to_neutral,0.22,0.93,10.0,,0,351,351,0.5555555555555556,0.375,0.5732484076433121,0.5412371134020618,0.5555555555555556,0.375,0.5732484076433121,0.5412371134020618,0.0,0.0,0.0,0.0
bull_to_bear,0.22,0.93,10.0,,0,351,351,0.5555555555555556,0.375,0.5732484076433121,0.5412371134020618,0.5555555555555556,0.375,0.5732484076433121,0.5412371134020618,0.0,0.0,0.0,0.0
bull_to_neutral,0.22,0.93,10.0,0.0,0,351,351,0.5555555555555556,0.375,0.5732484076433121,0.5412371134020618,0.5555555555555556,0.375,0.5732484076433121,0.5412371134020618,0.0,0.0,0.0,0.0
bull_to_bear,0.22,0.93,10.0,0.0,0,351,351,0.5555555555555556,0.375,0.5732484076433121,0.5412371134020618,0.5555555555555556,0.375,0.5732484076433121,0.5412371134020618,0.0,0.0,0.0,0.0
bull_to_neutral,0.22,0.93,10.0,-0.05,0,351,351,0.5555555555555556,0.375,0.5732484076433121,0.5412371134020618,0.5555555555555556,0.375,0.5732484076433121,0.5412371134020618,0.0,0.0,0.0,0.0
bull_to_bear,0.22,0.93,10.0,-0.05,0,351,351,0.5555555555555556,0.375,0.5732484076433121,0.5412371134020618,0.5555555555555556,0.375,0.5732484076433121,0.5412371134020618,0.0,0.0,0.0,0.0
bull_to_neutral,0.22,0.93,10.0,-0.1,0,351,351,0.5555555555555556,0.375,0.5732484076433121,0.5412371134020618,0.5555555555555556,0.375,0.5732484076433121,0.5412371134020618,0.0,0.0,0.0,0.0
bull_to_bear,0.22,0.93,10.0,-0.1,0,351,351,0.5555555555555556,0.375,0.5732484076433121,0.5412371134020618,0.5555555555555556,0.375,0.5732484076433121,0.5412371134020618,0.0,0.0,0.0,0.0
bull_to_neutral,0.22,0.93,15.0,,0,351,351,0.5555555555555556,0.375,0.5732484076433121,0.5412371134020618,0.5555555555555556,0.375,0.5732484076433121,0.5412371134020618,0.0,0.0,0.0,0.0
bull_to_bear,0.22,0.93,15.0,,0,351,351,0.5555555555555556,0.375,0.5732484076433121,0.5412371134020618,0.5555555555555556,0.375,0.5732484076433121,0.5412371134020618,0.0,0.0,0.0,0.0
bull_to_neutral,0.22,0.93,15.0,0.0,0,351,351,0.5555555555555556,0.375,0.5732484076433121,0.5412371134020618,0.5555555555555556,0.375,0.5732484076433121,0.5412371134020618,0.0,0.0,0.0,0.0
bull_to_bear,0.22,0.93,15.0,0.0,0,351,351,0.5555555555555556,0.375,0.5732484076433121,0.5412371134020618,0.5555555555555556,0.375,0.5732484076433121,0.5412371134020618,0.0,0.0,0.0,0.0
bull_to_neutral,0.22,0.93,15.0,-0.05,0,351,351,0.5555555555555556,0.375,0.5732484076433121,0.5412371134020618,0.5555555555555556,0.375,0.5732484076433121,0.5412371134020618,0.0,0.0,0.0,0.0
bull_to_bear,0.22,0.93,15.0,-0.05,0,351,351,0.5555555555555556,0.375,0.5732484076433121,0.5412371134020618,0.5555555555555556,0.375,0.5732484076433121,0.5412371134020618,0.0,0.0,0.0,0.0
bull_to_neutral,0.22,0.93,15.0,-0.1,0,351,351,0.5555555555555556,0.375,0.5732484076433121,0.5412371134020618,0.5555555555555556,0.375,0.5732484076433121,0.5412371134020618,0.0,0.0,0.0,0.0
bull_to_bear,0.22,0.93,15.0,-0.1,0,351,351,0.5555555555555556,0.375,0.5732484076433121,0.5412371134020618,0.5555555555555556,0.375,0.5732484076433121,0.5412371134020618,0.0,0.0,0.0,0.0
bull_to_neutral,0.22,0.9,,,0,351,351,0.5555555555555556,0.375,0.5732484076433121,0.5412371134020618,0.5555555555555556,0.375,0.5732484076433121,0.5412371134020618,0.0,0.0,0.0,0.0
bull_to_bear,0.22,0.9,,,0,351,351,0.5555555555555556,0.375,0.5732484076433121,0.5412371134020618,0.5555555555555556,0.375,0.5732484076433121,0.5412371134020618,0.0,0.0,0.0,0.0
bull_to_neutral,0.22,0.9,,0.0,0,351,351,0.5555555555555556,0.375,0.5732484076433121,0.5412371134020618,0.5555555555555556,0.375,0.5732484076433121,0.5412371134020618,0.0,0.0,0.0,0.0
bull_to_bear,0.22,0.9,,0.0,0,351,351,0.5555555555555556,0.375,0.5732484076433121,0.5412371134020618,0.5555555555555556,0.375,0.5732484076433121,0.5412371134020618,0.0,0.0,0.0,0.0
bull_to_neutral,0.22,0.9,,-0.05,0,351,351,0.5555555555555556,0.375,0.5732484076433121,0.5412371134020618,0.5555555555555556,0.375,0.5732484076433121,0.5412371134020618,0.0,0.0,0.0,0.0
bull_to_bear,0.22,0.9,,-0.05,0,351,351,0.5555555555555556,0.375,0.5732484076433121,0.5412371134020618,0.5555555555555556,0.375,0.5732484076433121,0.5412371134020618,0.0,0.0,0.0,0.0
bull_to_neutral,0.22,0.9,,-0.1,0,351,351,0.5555555555555556,0.375,0.5732484076433121,0.5412371134020618,0.5555555555555556,0.375,0.5732484076433121,0.5412371134020618,0.0,0.0,0.0,0.0
bull_to_bear,0.22,0.9,,-0.1,0,351,351,0.5555555555555556,0.375,0.5732484076433121,0.5412371134020618,0.5555555555555556,0.375,0.5732484076433121,0.5412371134020618,0.0,0.0,0.0,0.0
bull_to_neutral,0.22,0.9,0.0,,0,351,351,0.5555555555555556,0.375,0.5732484076433121,0.5412371134020618,0.5555555555555556,0.375,0.5732484076433121,0.5412371134020618,0.0,0.0,0.0,0.0
bull_to_bear,0.22,0.9,0.0,,0,351,351,0.5555555555555556,0.375,0.5732484076433121,0.5412371134020618,0.5555555555555556,0.375,0.5732484076433121,0.5412371134020618,0.0,0.0,0.0,0.0
bull_to_neutral,0.22,0.9,0.0,0.0,0,351,351,0.5555555555555556,0.375,0.5732484076433121,0.5412371134020618,0.5555555555555556,0.375,0.5732484076433121,0.5412371134020618,0.0,0.0,0.0,0.0
bull_to_bear,0.22,0.9,0.0,0.0,0,351,351,0.5555555555555556,0.375,0.5732484076433121,0.5412371134020618,0.5555555555555556,0.375,0.5732484076433121,0.5412371134020618,0.0,0.0,0.0,0.0
bull_to_neutral,0.22,0.9,0.0,-0.05,0,351,351,0.5555555555555556,0.375,0.5732484076433121,0.5412371134020618,0.5555555555555556,0.375,0.5732484076433121,0.5412371134020618,0.0,0.0,0.0,0.0
bull_to_bear,0.22,0.9,0.0,-0.05,0,351,351,0.5555555555555556,0.375,0.5732484076433121,0.5412371134020618,0.5555555555555556,0.375,0.5732484076433121,0.5412371134020618,0.0,0.0,0.0,0.0
bull_to_neutral,0.22,0.9,0.0,-0.1,0,351,351,0.5555555555555556,0.375,0.5732484076433121,0.5412371134020618,0.5555555555555556,0.375,0.5732484076433121,0.5412371134020618,0.0,0.0,0.0,0.0
bull_to_bear,0.22,0.9,0.0,-0.1,0,351,351,0.5555555555555556,0.375,0.5732484076433121,0.5412371134020618,0.5555555555555556,0.375,0.5732484076433121,0.5412371134020618,0.0,0.0,0.0,0.0
bull_to_neutral,0.22,0.9,5.0,,0,351,351,0.5555555555555556,0.375,0.5732484076433121,0.5412371134020618,0.5555555555555556,0.375,0.5732484076433121,0.5412371134020618,0.0,0.0,0.0,0.0
bull_to_bear,0.22,0.9,5.0,,0,351,351,0.5555555555555556,0.375,0.5732484076433121,0.5412371134020618,0.5555555555555556,0.375,0.5732484076433121,0.5412371134020618,0.0,0.0,0.0,0.0
bull_to_neutral,0.22,0.9,5.0,0.0,0,351,351,0.5555555555555556,0.375,0.5732484076433121,0.5412371134020618,0.5555555555555556,0.375,0.5732484076433121,0.5412371134020618,0.0,0.0,0.0,0.0
bull_to_bear,0.22,0.9,5.0,0.0,0,351,351,0.5555555555555556,0.375,0.5732484076433121,0.5412371134020618,0.5555555555555556,0.375,0.5732484076433121,0.5412371134020618,0.0,0.0,0.0,0.0
bull_to_neutral,0.22,0.9,5.0,-0.05,0,351,351,0.5555555555555556,0.375,0.5732484076433121,0.5412371134020618,0.5555555555555556,0.375,0.5732484076433121,0.5412371134020618,0.0,0.0,0.0,0.0
bull_to_bear,0.22,0.9,5.0,-0.05,0,351,351,0.5555555555555556,0.375,0.5732484076433121,0.5412371134020618,0.5555555555555556,0.375,0.5732484076433121,0.5412371134020618,0.0,0.0,0.0,0.0
bull_to_neutral,0.22,0.9,5.0,-0.1,0,351,351,0.5555555555555556,0.375,0.5732484076433121,0.5412371134020618,0.5555555555555556,0.375,0.5732484076433121,0.5412371134020618,0.0,0.0,0.0,0.0
bull_to_bear,0.22,0.9,5.0,-0.1,0,351,351,0.5555555555555556,0.375,0.5732484076433121,0.5412371134020618,0.5555555555555556,0.375,0.5732484076433121,0.5412371134020618,0.0,0.0,0.0,0.0
bull_to_neutral,0.22,0.9,10.0,,0,351,351,0.5555555555555556,0.375,0.5732484076433121,0.5412371134020618,0.5555555555555556,0.375,0.5732484076433121,0.5412371134020618,0.0,0.0,0.0,0.0
bull_to_bear,0.22,0.9,10.0,,0,351,351,0.5555555555555556,0.375,0.5732484076433121,0.5412371134020618,0.5555555555555556,0.375,0.5732484076433121,0.5412371134020618,0.0,0.0,0.0,0.0
bull_to_neutral,0.22,0.9,10.0,0.0,0,351,351,0.5555555555555556,0.375,0.5732484076433121,0.5412371134020618,0.5555555555555556,0.375,0.5732484076433121,0.5412371134020618,0.0,0.0,0.0,0.0
bull_to_bear,0.22,0.9,10.0,0.0,0,351,351,0.5555555555555556,0.375,0.5732484076433121,0.5412371134020618,0.5555555555555556,0.375,0.5732484076433121,0.5412371134020618,0.0,0.0,0.0,0.0
bull_to_neutral,0.22,0.9,10.0,-0.05,0,351,351,0.5555555555555556,0.375,0.5732484076433121,0.5412371134020618,0.5555555555555556,0.375,0.5732484076433121,0.5412371134020618,0.0,0.0,0.0,0.0
bull_to_bear,0.22,0.9,10.0,-0.05,0,351,351,0.5555555555555556,0.375,0.5732484076433121,0.5412371134020618,0.5555555555555556,0.375,0.5732484076433121,0.5412371134020618,0.0,0.0,0.0,0.0
bull_to_neutral,0.22,0.9,10.0,-0.1,0,351,351,0.5555555555555556,0.375,0.5732484076433121,0.5412371134020618,0.5555555555555556,0.375,0.5732484076433121,0.5412371134020618,0.0,0.0,0.0,0.0
bull_to_bear,0.22,0.9,10.0,-0.1,0,351,351,0.5555555555555556,0.375,0.5732484076433121,0.5412371134020618,0.5555555555555556,0.375,0.5732484076433121,0.5412371134020618,0.0,0.0,0.0,0.0
bull_to_neutral,0.22,0.9,15.0,,0,351,351,0.5555555555555556,0.375,0.5732484076433121,0.5412371134020618,0.5555555555555556,0.375,0.5732484076433121,0.5412371134020618,0.0,0.0,0.0,0.0
bull_to_bear,0.22,0.9,15.0,,0,351,351,0.5555555555555556,0.375,0.5732484076433121,0.5412371134020618,0.5555555555555556,0.375,0.5732484076433121,0.5412371134020618,0.0,0.0,0.0,0.0
bull_to_neutral,0.22,0.9,15.0,0.0,0,351,351,0.5555555555555556,0.375,0.5732484076433121,0.5412371134020618,0.5555555555555556,0.375,0.5732484076433121,0.5412371134020618,0.0,0.0,0.0,0.0
bull_to_bear,0.22,0.9,15.0,0.0,0,351,351,0.5555555555555556,0.375,0.5732484076433121,0.5412371134020618,0.5555555555555556,0.375,0.5732484076433121,0.5412371134020618,0.0,0.0,0.0,0.0
bull_to_neutral,0.22,0.9,15.0,-0.05,0,351,351,0.5555555555555556,0.375,0.5732484076433121,0.5412371134020618,0.5555555555555556,0.375,0.5732484076433121,0.5412371134020618,0.0,0.0,0.0,0.0
bull_to_bear,0.22,0.9,15.0,-0.05,0,351,351,0.5555555555555556,0.375,0.5732484076433121,0.5412371134020618,0.5555555555555556,0.375,0.5732484076433121,0.5412371134020618,0.0,0.0,0.0,0.0
bull_to_neutral,0.22,0.9,15.0,-0.1,0,351,351,0.5555555555555556,0.375,0.5732484076433121,0.5412371134020618,0.5555555555555556,0.375,0.5732484076433121,0.5412371134020618,0.0,0.0,0.0,0.0
bull_to_bear,0.22,0.9,15.0,-0.1,0,351,351,0.5555555555555556,0.375,0.5732484076433121,0.5412371134020618,0.5555555555555556,0.375,0.5732484076433121,0.5412371134020618,0.0,0.0,0.0,0.0
bull_to_neutral,0.25,1.0,,,8,343,351,0.5555555555555556,0.375,0.5732484076433121,0.5412371134020618,0.5568513119533528,0.36645299145299143,0.5771812080536913,0.5412371134020618,0.0012957563977972208,-0.008547008547008572,0.003932800410379245,0.0
bull_to_bear,0.25,1.0,,,8,351,351,0.5555555555555556,0.375,0.5732484076433121,0.5412371134020618,0.5555555555555556,0.375,0.5771812080536913,0.5396039603960396,0.0,0.0,0.003932800410379245,-0.001633153006022181
bull_to_neutral,0.25,1.0,,0.0,7,344,351,0.5555555555555556,0.375,0.5732484076433121,0.5412371134020618,0.5552325581395349,0.36752136752136755,0.5733333333333334,0.5412371134020618,-0.0003229974160207094,-0.007478632478632452,8.492569002127581e-05,0.0
bull_to_bear,0.25,1.0,,0.0,7,351,351,0.5555555555555556,0.375,0.5732484076433121,0.5412371134020618,0.5527065527065527,0.375,0.5733333333333334,0.5373134328358209,-0.002849002849002913,0.0,8.492569002127581e-05,-0.003923680566240928
bull_to_neutral,0.25,1.0,,-0.05,6,345,351,0.5555555555555556,0.375,0.5732484076433121,0.5412371134020618,0.553623188405797,0.3685897435897436,0.5695364238410596,0.5412371134020618,-0.0019323671497585293,-0.0064102564102563875,-0.003711983802252461,0.0
bull_to_bear,0.25,1.0,,-0.05,6,351,351,0.5555555555555556,0.375,0.5732484076433121,0.5412371134020618,0.5498575498575499,0.375,0.5695364238410596,0.535,-0.005698005698005715,0.0,-0.003711983802252461,-0.006237113402061789
bull_to_neutral,0.25,1.0,,-0.1,6,345,351,0.5555555555555556,0.375,0.5732484076433121,0.5412371134020618,0.553623188405797,0.3685897435897436,0.5695364238410596,0.5412371134020618,-0.0019323671497585293,-0.0064102564102563875,-0.003711983802252461,0.0
bull_to_bear,0.25,1.0,,-0.1,6,351,351,0.5555555555555556,0.375,0.5732484076433121,0.5412371134020618,0.5498575498575499,0.375,0.5695364238410596,0.535,-0.005698005698005715,0.0,-0.003711983802252461,-0.006237113402061789
bull_to_neutral,0.25,1.0,0.0,,2,349,351,0.5555555555555556,0.375,0.5732484076433121,0.5412371134020618,0.5558739255014327,0.37286324786324787,0.5741935483870968,0.5412371134020618,0.0003183699458770839,-0.002136752136752129,0.0009451407437847115,0.0
bull_to_bear,0.25,1.0,0.0,,2,351,351,0.5555555555555556,0.375,0.5732484076433121,0.5412371134020618,0.5555555555555556,0.375,0.5741935483870968,0.5408163265306123,0.0,0.0,0.0009451407437847115,-0.00042078687144953
bull_to_neutral,0.25,1.0,0.0,0.0,2,349,351,0.5555555555555556,0.375,0.5732484076433121,0.5412371134020618,0.5558739255014327,0.37286324786324787,0.5741935483870968,0.5412371134020618,0.0003183699458770839,-0.002136752136752129,0.0009451407437847115,0.0
bull_to_bear,0.25,1.0,0.0,0.0,2,351,351,0.5555555555555556,0.375,0.5732484076433121,0.5412371134020618,0.5555555555555556,0.375,0.5741935483870968,0.5408163265306123,0.0,0.0,0.0009451407437847115,-0.00042078687144953
bull_to_neutral,0.25,1.0,0.0,-0.05,2,349,351,0.5555555555555556,0.375,0.5732484076433121,0.5412371134020618,0.5558739255014327,0.37286324786324787,0.5741935483870968,0.5412371134020618,0.0003183699458770839,-0.002136752136752129,0.0009451407437847115,0.0
bull_to_bear,0.25,1.0,0.0,-0.05,2,351,351,0.5555555555555556,0.375,0.5732484076433121,0.5412371134020618,0.5555555555555556,0.375,0.5741935483870968,0.5408163265306123,0.0,0.0,0.0009451407437847115,-0.00042078687144953
bull_to_neutral,0.25,1.0,0.0,-0.1,2,349,351,0.5555555555555556,0.375,0.5732484076433121,0.5412371134020618,0.5558739255014327,0.37286324786324787,0.5741935483870968,0.5412371134020618,0.0003183699458770839,-0.002136752136752129,0.0009451407437847115,0.0
bull_to_bear,0.25,1.0,0.0,-0.1,2,351,351,0.5555555555555556,0.375,0.5732484076433121,0.5412371134020618,0.5555555555555556,0.375,0.5741935483870968,0.5408163265306123,0.0,0.0,0.0009451407437847115,-0.00042078687144953
bull_to_neutral,0.25,1.0,5.0,,2,349,351,0.5555555555555556,0.375,0.5732484076433121,0.5412371134020618,0.5558739255014327,0.37286324786324787,0.5741935483870968,0.5412371134020618,0.0003183699458770839,-0.002136752136752129,0.0009451407437847115,0.0
bull_to_bear,0.25,1.0,5.0,,2,351,351,0.5555555555555556,0.375,0.5732484076433121,0.5412371134020618,0.5555555555555556,0.375,0.5741935483870968,0.5408163265306123,0.0,0.0,0.0009451407437847115,-0.00042078687144953
bull_to_neutral,0.25,1.0,5.0,0.0,2,349,351,0.5555555555555556,0.375,0.5732484076433121,0.5412371134020618,0.5558739255014327,0.37286324786324787,0.5741935483870968,0.5412371134020618,0.0003183699458770839,-0.002136752136752129,0.0009451407437847115,0.0
bull_to_bear,0.25,1.0,5.0,0.0,2,351,351,0.5555555555555556,0.375,0.5732484076433121,0.5412371134020618,0.5555555555555556,0.375,0.5741935483870968,0.5408163265306123,0.0,0.0,0.0009451407437847115,-0.00042078687144953
bull_to_neutral,0.25,1.0,5.0,-0.05,2,349,351,0.5555555555555556,0.375,0.5732484076433121,0.5412371134020618,0.5558739255014327,0.37286324786324787,0.5741935483870968,0.5412371134020618,0.0003183699458770839,-0.002136752136752129,0.0009451407437847115,0.0
bull_to_bear,0.25,1.0,5.0,-0.05,2,351,351,0.5555555555555556,0.375,0.5732484076433121,0.5412371134020618,0.5555555555555556,0.375,0.5741935483870968,0.5408163265306123,0.0,0.0,0.0009451407437847115,-0.00042078687144953
bull_to_neutral,0.25,1.0,5.0,-0.1,2,349,351,0.5555555555555556,0.375,0.5732484076433121,0.5412371134020618,0.5558739255014327,0.37286324786324787,0.5741935483870968,0.5412371134020618,0.0003183699458770839,-0.002136752136752129,0.0009451407437847115,0.0
bull_to_bear,0.25,1.0,5.0,-0.1,2,351,351,0.5555555555555556,0.375,0.5732484076433121,0.5412371134020618,0.5555555555555556,0.375,0.5741935483870968,0.5408163265306123,0.0,0.0,0.0009451407437847115,-0.00042078687144953
bull_to_neutral,0.25,1.0,10.0,,2,349,351,0.5555555555555556,0.375,0.5732484076433121,0.5412371134020618,0.5558739255014327,0.37286324786324787,0.5741935483870968,0.5412371134020618,0.0003183699458770839,-0.002136752136752129,0.0009451407437847115,0.0
bull_to_bear,0.25,1.0,10.0,,2,351,351,0.5555555555555556,0.375,0.5732484076433121,0.5412371134020618,0.5555555555555556,0.375,0.5741935483870968,0.5408163265306123,0.0,0.0,0.0009451407437847115,-0.00042078687144953
bull_to_neutral,0.25,1.0,10.0,0.0,2,349,351,0.5555555555555556,0.375,0.5732484076433121,0.5412371134020618,0.5558739255014327,0.37286324786324787,0.5741935483870968,0.5412371134020618,0.0003183699458770839,-0.002136752136752129,0.0009451407437847115,0.0
bull_to_bear,0.25,1.0,10.0,0.0,2,351,351,0.5555555555555556,0.375,0.5732484076433121,0.5412371134020618,0.5555555555555556,0.375,0.5741935483870968,0.5408163265306123,0.0,0.0,0.0009451407437847115,-0.00042078687144953
bull_to_neutral,0.25,1.0,10.0,-0.05,2,349,351,0.5555555555555556,0.375,0.5732484076433121,0.5412371134020618,0.5558739255014327,0.37286324786324787,0.5741935483870968,0.5412371134020618,0.0003183699458770839,-0.002136752136752129,0.0009451407437847115,0.0
bull_to_bear,0.25,1.0,10.0,-0.05,2,351,351,0.5555555555555556,0.375,0.5732484076433121,0.5412371134020618,0.5555555555555556,0.375,0.5741935483870968,0.5408163265306123,0.0,0.0,0.0009451407437847115,-0.00042078687144953
bull_to_neutral,0.25,1.0,10.0,-0.1,2,349,351,0.5555555555555556,0.375,0.5732484076433121,0.5412371134020618,0.5558739255014327,0.37286324786324787,0.5741935483870968,0.5412371134020618,0.0003183699458770839,-0.002136752136752129,0.0009451407437847115,0.0
bull_to_bear,0.25,1.0,10.0,-0.1,2,351,351,0.5555555555555556,0.375,0.5732484076433121,0.5412371134020618,0.5555555555555556,0.375,0.5741935483870968,0.5408163265306123,0.0,0.0,0.0009451407437847115,-0.00042078687144953
bull_to_neutral,0.25,1.0,15.0,,2,349,351,0.5555555555555556,0.375,0.5732484076433121,0.5412371134020618,0.5558739255014327,0.37286324786324787,0.5741935483870968,0.5412371134020618,0.0003183699458770839,-0.002136752136752129,0.0009451407437847115,0.0
bull_to_bear,0.25,1.0,15.0,,2,351,351,0.5555555555555556,0.375,0.5732484076433121,0.5412371134020618,0.5555555555555556,0.375,0.5741935483870968,0.5408163265306123,0.0,0.0,0.0009451407437847115,-0.00042078687144953
bull_to_neutral,0.25,1.0,15.0,0.0,2,349,351,0.5555555555555556,0.375,0.5732484076433121,0.5412371134020618,0.5558739255014327,0.37286324786324787,0.5741935483870968,0.5412371134020618,0.0003183699458770839,-0.002136752136752129,0.0009451407437847115,0.0
bull_to_bear,0.25,1.0,15.0,0.0,2,351,351,0.5555555555555556,0.375,0.5732484076433121,0.5412371134020618,0.5555555555555556,0.375,0.5741935483870968,0.5408163265306123,0.0,0.0,0.0009451407437847115,-0.00042078687144953
bull_to_neutral,0.25,1.0,15.0,-0.05,2,349,351,0.5555555555555556,0.375,0.5732484076433121,0.5412371134020618,0.5558739255014327,0.37286324786324787,0.5741935483870968,0.5412371134020618,0.0003183699458770839,-0.002136752136752129,0.0009451407437847115,0.0
bull_to_bear,0.25,1.0,15.0,-0.05,2,351,351,0.5555555555555556,0.375,0.5732484076433121,0.5412371134020618,0.5555555555555556,0.375,0.5741935483870968,0.5408163265306123,0.0,0.0,0.0009451407437847115,-0.00042078687144953
bull_to_neutral,0.25,1.0,15.0,-0.1,2,349,351,0.5555555555555556,0.375,0.5732484076433121,0.5412371134020618,0.5558739255014327,0.37286324786324787,0.5741935483870968,0.5412371134020618,0.0003183699458770839,-0.002136752136752129,0.0009451407437847115,0.0
bull_to_bear,0.25,1.0,15.0,-0.1,2,351,351,0.5555555555555556,0.375,0.5732484076433121,0.5412371134020618,0.5555555555555556,0.375,0.5741935483870968,0.5408163265306123,0.0,0.0,0.0009451407437847115,-0.00042078687144953
bull_to_neutral,0.25,0.99,,,0,351,351,0.5555555555555556,0.375,0.5732484076433121,0.5412371134020618,0.5555555555555556,0.375,0.5732484076433121,0.5412371134020618,0.0,0.0,0.0,0.0
bull_to_bear,0.25,0.99,,,0,351,351,0.5555555555555556,0.375,0.5732484076433121,0.5412371134020618,0.5555555555555556,0.375,0.5732484076433121,0.5412371134020618,0.0,0.0,0.0,0.0
bull_to_neutral,0.25,0.99,,0.0,0,351,351,0.5555555555555556,0.375,0.5732484076433121,0.5412371134020618,0.5555555555555556,0.375,0.5732484076433121,0.5412371134020618,0.0,0.0,0.0,0.0
bull_to_bear,0.25,0.99,,0.0,0,351,351,0.5555555555555556,0.375,0.5732484076433121,0.5412371134020618,0.5555555555555556,0.375,0.5732484076433121,0.5412371134020618,0.0,0.0,0.0,0.0
bull_to_neutral,0.25,0.99,,-0.05,0,351,351,0.5555555555555556,0.375,0.5732484076433121,0.5412371134020618,0.5555555555555556,0.375,0.5732484076433121,0.5412371134020618,0.0,0.0,0.0,0.0
bull_to_bear,0.25,0.99,,-0.05,0,351,351,0.5555555555555556,0.375,0.5732484076433121,0.5412371134020618,0.5555555555555556,0.375,0.5732484076433121,0.5412371134020618,0.0,0.0,0.0,0.0
bull_to_neutral,0.25,0.99,,-0.1,0,351,351,0.5555555555555556,0.375,0.5732484076433121,0.5412371134020618,0.5555555555555556,0.375,0.5732484076433121,0.5412371134020618,0.0,0.0,0.0,0.0
bull_to_bear,0.25,0.99,,-0.1,0,351,351,0.5555555555555556,0.375,0.5732484076433121,0.5412371134020618,0.5555555555555556,0.375,0.5732484076433121,0.5412371134020618,0.0,0.0,0.0,0.0
bull_to_neutral,0.25,0.99,0.0,,0,351,351,0.5555555555555556,0.375,0.5732484076433121,0.5412371134020618,0.5555555555555556,0.375,0.5732484076433121,0.5412371134020618,0.0,0.0,0.0,0.0
bull_to_bear,0.25,0.99,0.0,,0,351,351,0.5555555555555556,0.375,0.5732484076433121,0.5412371134020618,0.5555555555555556,0.375,0.5732484076433121,0.5412371134020618,0.0,0.0,0.0,0.0
bull_to_neutral,0.25,0.99,0.0,0.0,0,351,351,0.5555555555555556,0.375,0.5732484076433121,0.5412371134020618,0.5555555555555556,0.375,0.5732484076433121,0.5412371134020618,0.0,0.0,0.0,0.0
bull_to_bear,0.25,0.99,0.0,0.0,0,351,351,0.5555555555555556,0.375,0.5732484076433121,0.5412371134020618,0.5555555555555556,0.375,0.5732484076433121,0.5412371134020618,0.0,0.0,0.0,0.0
bull_to_neutral,0.25,0.99,0.0,-0.05,0,351,351,0.5555555555555556,0.375,0.5732484076433121,0.5412371134020618,0.5555555555555556,0.375,0.5732484076433121,0.5412371134020618,0.0,0.0,0.0,0.0
bull_to_bear,0.25,0.99,0.0,-0.05,0,351,351,0.5555555555555556,0.375,0.5732484076433121,0.5412371134020618,0.5555555555555556,0.375,0.5732484076433121,0.5412371134020618,0.0,0.0,0.0,0.0
bull_to_neutral,0.25,0.99,0.0,-0.1,0,351,351,0.5555555555555556,0.375,0.5732484076433121,0.5412371134020618,0.5555555555555556,0.375,0.5732484076433121,0.5412371134020618,0.0,0.0,0.0,0.0
bull_to_bear,0.25,0.99,0.0,-0.1,0,351,351,0.5555555555555556,0.375,0.5732484076433121,0.5412371134020618,0.5555555555555556,0.375,0.5732484076433121,0.5412371134020618,0.0,0.0,0.0,0.0
bull_to_neutral,0.25,0.99,5.0,,0,351,351,0.5555555555555556,0.375,0.5732484076433121,0.5412371134020618,0.5555555555555556,0.375,0.5732484076433121,0.5412371134020618,0.0,0.0,0.0,0.0
bull_to_bear,0.25,0.99,5.0,,0,351,351,0.5555555555555556,0.375,0.5732484076433121,0.5412371134020618,0.5555555555555556,0.375,0.5732484076433121,0.5412371134020618,0.0,0.0,0.0,0.0
bull_to_neutral,0.25,0.99,5.0,0.0,0,351,351,0.5555555555555556,0.375,0.5732484076433121,0.5412371134020618,0.5555555555555556,0.375,0.5732484076433121,0.5412371134020618,0.0,0.0,0.0,0.0
bull_to_bear,0.25,0.99,5.0,0.0,0,351,351,0.5555555555555556,0.375,0.5732484076433121,0.5412371134020618,0.5555555555555556,0.375,0.5732484076433121,0.5412371134020618,0.0,0.0,0.0,0.0
bull_to_neutral,0.25,0.99,5.0,-0.05,0,351,351,0.5555555555555556,0.375,0.5732484076433121,0.5412371134020618,0.5555555555555556,0.375,0.5732484076433121,0.5412371134020618,0.0,0.0,0.0,0.0
bull_to_bear,0.25,0.99,5.0,-0.05,0,351,351,0.5555555555555556,0.375,0.5732484076433121,0.5412371134020618,0.5555555555555556,0.375,0.5732484076433121,0.5412371134020618,0.0,0.0,0.0,0.0
bull_to_neutral,0.25,0.99,5.0,-0.1,0,351,351,0.5555555555555556,0.375,0.5732484076433121,0.5412371134020618,0.5555555555555556,0.375,0.5732484076433121,0.5412371134020618,0.0,0.0,0.0,0.0
bull_to_bear,0.25,0.99,5.0,-0.1,0,351,351,0.5555555555555556,0.375,0.5732484076433121,0.5412371134020618,0.5555555555555556,0.375,0.5732484076433121,0.5412371134020618,0.0,0.0,0.0,0.0
bull_to_neutral,0.25,0.99,10.0,,0,351,351,0.5555555555555556,0.375,0.5732484076433121,0.5412371134020618,0.5555555555555556,0.375,0.5732484076433121,0.5412371134020618,0.0,0.0,0.0,0.0
bull_to_bear,0.25,0.99,10.0,,0,351,351,0.5555555555555556,0.375,0.5732484076433121,0.5412371134020618,0.5555555555555556,0.375,0.5732484076433121,0.5412371134020618,0.0,0.0,0.0,0.0
bull_to_neutral,0.25,0.99,10.0,0.0,0,351,351,0.5555555555555556,0.375,0.5732484076433121,0.5412371134020618,0.5555555555555556,0.375,0.5732484076433121,0.5412371134020618,0.0,0.0,0.0,0.0
bull_to_bear,0.25,0.99,10.0,0.0,0,351,351,0.5555555555555556,0.375,0.5732484076433121,0.5412371134020618,0.5555555555555556,0.375,0.5732484076433121,0.5412371134020618,0.0,0.0,0.0,0.0
bull_to_neutral,0.25,0.99,10.0,-0.05,0,351,351,0.5555555555555556,0.375,0.5732484076433121,0.5412371134020618,0.5555555555555556,0.375,0.5732484076433121,0.5412371134020618,0.0,0.0,0.0,0.0
bull_to_bear,0.25,0.99,10.0,-0.05,0,351,351,0.5555555555555556,0.375,0.5732484076433121,0.5412371134020618,0.5555555555555556,0.375,0.5732484076433121,0.5412371134020618,0.0,0.0,0.0,0.0
bull_to_neutral,0.25,0.99,10.0,-0.1,0,351,351,0.5555555555555556,0.375,0.5732484076433121,0.5412371134020618,0.5555555555555556,0.375,0.5732484076433121,0.5412371134020618,0.0,0.0,0.0,0.0
bull_to_bear,0.25,0.99,10.0,-0.1,0,351,351,0.5555555555555556,0.375,0.5732484076433121,0.5412371134020618,0.5555555555555556,0.375,0.5732484076433121,0.5412371134020618,0.0,0.0,0.0,0.0
bull_to_neutral,0.25,0.99,15.0,,0,351,351,0.5555555555555556,0.375,0.5732484076433121,0.5412371134020618,0.5555555555555556,0.375,0.5732484076433121,0.5412371134020618,0.0,0.0,0.0,0.0
bull_to_bear,0.25,0.99,15.0,,0,351,351,0.5555555555555556,0.375,0.5732484076433121,0.5412371134020618,0.5555555555555556,0.375,0.5732484076433121,0.5412371134020618,0.0,0.0,0.0,0.0
bull_to_neutral,0.25,0.99,15.0,0.0,0,351,351,0.5555555555555556,0.375,0.5732484076433121,0.5412371134020618,0.5555555555555556,0.375,0.5732484076433121,0.5412371134020618,0.0,0.0,0.0,0.0
bull_to_bear,0.25,0.99,15.0,0.0,0,351,351,0.5555555555555556,0.375,0.5732484076433121,0.5412371134020618,0.5555555555555556,0.375,0.5732484076433121,0.5412371134020618,0.0,0.0,0.0,0.0
bull_to_neutral,0.25,0.99,15.0,-0.05,0,351,351,0.5555555555555556,0.375,0.5732484076433121,0.5412371134020618,0.5555555555555556,0.375,0.5732484076433121,0.5412371134020618,0.0,0.0,0.0,0.0
bull_to_bear,0.25,0.99,15.0,-0.05,0,351,351,0.5555555555555556,0.375,0.5732484076433121,0.5412371134020618,0.5555555555555556,0.375,0.5732484076433121,0.5412371134020618,0.0,0.0,0.0,0.0
bull_to_neutral,0.25,0.99,15.0,-0.1,0,351,351,0.5555555555555556,0.375,0.5732484076433121,0.5412371134020618,0.5555555555555556,0.375,0.5732484076433121,0.5412371134020618,0.0,0.0,0.0,0.0
bull_to_bear,0.25,0.99,15.0,-0.1,0,351,351,0.5555555555555556,0.375,0.5732484076433121,0.5412371134020618,0.5555555555555556,0.375,0.5732484076433121,0.5412371134020618,0.0,0.0,0.0,0.0
bull_to_neutral,0.25,0.98,,,0,351,351,0.5555555555555556,0.375,0.5732484076433121,0.5412371134020618,0.5555555555555556,0.375,0.5732484076433121,0.5412371134020618,0.0,0.0,0.0,0.0
bull_to_bear,0.25,0.98,,,0,351,351,0.5555555555555556,0.375,0.5732484076433121,0.5412371134020618,0.5555555555555556,0.375,0.5732484076433121,0.5412371134020618,0.0,0.0,0.0,0.0
bull_to_neutral,0.25,0.98,,0.0,0,351,351,0.5555555555555556,0.375,0.5732484076433121,0.5412371134020618,0.5555555555555556,0.375,0.5732484076433121,0.5412371134020618,0.0,0.0,0.0,0.0
bull_to_bear,0.25,0.98,,0.0,0,351,351,0.5555555555555556,0.375,0.5732484076433121,0.5412371134020618,0.5555555555555556,0.375,0.5732484076433121,0.5412371134020618,0.0,0.0,0.0,0.0
bull_to_neutral,0.25,0.98,,-0.05,0,351,351,0.5555555555555556,0.375,0.5732484076433121,0.5412371134020618,0.5555555555555556,0.375,0.5732484076433121,0.5412371134020618,0.0,0.0,0.0,0.0
bull_to_bear,0.25,0.98,,-0.05,0,351,351,0.5555555555555556,0.375,0.5732484076433121,0.5412371134020618,0.5555555555555556,0.375,0.5732484076433121,0.5412371134020618,0.0,0.0,0.0,0.0
bull_to_neutral,0.25,0.98,,-0.1,0,351,351,0.5555555555555556,0.375,0.5732484076433121,0.5412371134020618,0.5555555555555556,0.375,0.5732484076433121,0.5412371134020618,0.0,0.0,0.0,0.0
bull_to_bear,0.25,0.98,,-0.1,0,351,351,0.5555555555555556,0.375,0.5732484076433121,0.5412371134020618,0.5555555555555556,0.375,0.5732484076433121,0.5412371134020618,0.0,0.0,0.0,0.0
bull_to_neutral,0.25,0.98,0.0,,0,351,351,0.5555555555555556,0.375,0.5732484076433121,0.5412371134020618,0.5555555555555556,0.375,0.5732484076433121,0.5412371134020618,0.0,0.0,0.0,0.0
bull_to_bear,0.25,0.98,0.0,,0,351,351,0.5555555555555556,0.375,0.5732484076433121,0.5412371134020618,0.5555555555555556,0.375,0.5732484076433121,0.5412371134020618,0.0,0.0,0.0,0.0
bull_to_neutral,0.25,0.98,0.0,0.0,0,351,351,0.5555555555555556,0.375,0.5732484076433121,0.5412371134020618,0.5555555555555556,0.375,0.5732484076433121,0.5412371134020618,0.0,0.0,0.0,0.0
bull_to_bear,0.25,0.98,0.0,0.0,0,351,351,0.5555555555555556,0.375,0.5732484076433121,0.5412371134020618,0.5555555555555556,0.375,0.5732484076433121,0.5412371134020618,0.0,0.0,0.0,0.0
bull_to_neutral,0.25,0.98,0.0,-0.05,0,351,351,0.5555555555555556,0.375,0.5732484076433121,0.5412371134020618,0.5555555555555556,0.375,0.5732484076433121,0.5412371134020618,0.0,0.0,0.0,0.0
bull_to_bear,0.25,0.98,0.0,-0.05,0,351,351,0.5555555555555556,0.375,0.5732484076433121,0.5412371134020618,0.5555555555555556,0.375,0.5732484076433121,0.5412371134020618,0.0,0.0,0.0,0.0
bull_to_neutral,0.25,0.98,0.0,-0.1,0,351,351,0.5555555555555556,0.375,0.5732484076433121,0.5412371134020618,0.5555555555555556,0.375,0.5732484076433121,0.5412371134020618,0.0,0.0,0.0,0.0
bull_to_bear,0.25,0.98,0.0,-0.1,0,351,351,0.5555555555555556,0.375,0.5732484076433121,0.5412371134020618,0.5555555555555556,0.375,0.5732484076433121,0.5412371134020618,0.0,0.0,0.0,0.0
bull_to_neutral,0.25,0.98,5.0,,0,351,351,0.5555555555555556,0.375,0.5732484076433121,0.5412371134020618,0.5555555555555556,0.375,0.5732484076433121,0.5412371134020618,0.0,0.0,0.0,0.0
bull_to_bear,0.25,0.98,5.0,,0,351,351,0.5555555555555556,0.375,0.5732484076433121,0.5412371134020618,0.5555555555555556,0.375,0.5732484076433121,0.5412371134020618,0.0,0.0,0.0,0.0
bull_to_neutral,0.25,0.98,5.0,0.0,0,351,351,0.5555555555555556,0.375,0.5732484076433121,0.5412371134020618,0.5555555555555556,0.375,0.5732484076433121,0.5412371134020618,0.0,0.0,0.0,0.0
bull_to_bear,0.25,0.98,5.0,0.0,0,351,351,0.5555555555555556,0.375,0.5732484076433121,0.5412371134020618,0.5555555555555556,0.375,0.5732484076433121,0.5412371134020618,0.0,0.0,0.0,0.0
bull_to_neutral,0.25,0.98,5.0,-0.05,0,351,351,0.5555555555555556,0.375,0.5732484076433121,0.5412371134020618,0.5555555555555556,0.375,0.5732484076433121,0.5412371134020618,0.0,0.0,0.0,0.0
bull_to_bear,0.25,0.98,5.0,-0.05,0,351,351,0.5555555555555556,0.375,0.5732484076433121,0.5412371134020618,0.5555555555555556,0.375,0.5732484076433121,0.5412371134020618,0.0,0.0,0.0,0.0
bull_to_neutral,0.25,0.98,5.0,-0.1,0,351,351,0.5555555555555556,0.375,0.5732484076433121,0.5412371134020618,0.5555555555555556,0.375,0.5732484076433121,0.5412371134020618,0.0,0.0,0.0,0.0
bull_to_bear,0.25,0.98,5.0,-0.1,0,351,351,0.5555555555555556,0.375,0.5732484076433121,0.5412371134020618,0.5555555555555556,0.375,0.5732484076433121,0.5412371134020618,0.0,0.0,0.0,0.0
bull_to_neutral,0.25,0.98,10.0,,0,351,351,0.5555555555555556,0.375,0.5732484076433121,0.5412371134020618,0.5555555555555556,0.375,0.5732484076433121,0.5412371134020618,0.0,0.0,0.0,0.0
bull_to_bear,0.25,0.98,10.0,,0,351,351,0.5555555555555556,0.375,0.5732484076433121,0.5412371134020618,0.5555555555555556,0.375,0.5732484076433121,0.5412371134020618,0.0,0.0,0.0,0.0
bull_to_neutral,0.25,0.98,10.0,0.0,0,351,351,0.5555555555555556,0.375,0.5732484076433121,0.5412371134020618,0.5555555555555556,0.375,0.5732484076433121,0.5412371134020618,0.0,0.0,0.0,0.0
bull_to_bear,0.25,0.98,10.0,0.0,0,351,351,0.5555555555555556,0.375,0.5732484076433121,0.5412371134020618,0.5555555555555556,0.375,0.5732484076433121,0.5412371134020618,0.0,0.0,0.0,0.0
bull_to_neutral,0.25,0.98,10.0,-0.05,0,351,351,0.5555555555555556,0.375,0.5732484076433121,0.5412371134020618,0.5555555555555556,0.375,0.5732484076433121,0.5412371134020618,0.0,0.0,0.0,0.0
bull_to_bear,0.25,0.98,10.0,-0.05,0,351,351,0.5555555555555556,0.375,0.5732484076433121,0.5412371134020618,0.5555555555555556,0.375,0.5732484076433121,0.5412371134020618,0.0,0.0,0.0,0.0
bull_to_neutral,0.25,0.98,10.0,-0.1,0,351,351,0.5555555555555556,0.375,0.5732484076433121,0.5412371134020618,0.5555555555555556,0.375,0.5732484076433121,0.5412371134020618,0.0,0.0,0.0,0.0
bull_to_bear,0.25,0.98,10.0,-0.1,0,351,351,0.5555555555555556,0.375,0.5732484076433121,0.5412371134020618,0.5555555555555556,0.375,0.5732484076433121,0.5412371134020618,0.0,0.0,0.0,0.0
bull_to_neutral,0.25,0.98,15.0,,0,351,351,0.5555555555555556,0.375,0.5732484076433121,0.5412371134020618,0.5555555555555556,0.375,0.5732484076433121,0.5412371134020618,0.0,0.0,0.0,0.0
bull_to_bear,0.25,0.98,15.0,,0,351,351,0.5555555555555556,0.375,0.5732484076433121,0.5412371134020618,0.5555555555555556,0.375,0.5732484076433121,0.5412371134020618,0.0,0.0,0.0,0.0
bull_to_neutral,0.25,0.98,15.0,0.0,0,351,351,0.5555555555555556,0.375,0.5732484076433121,0.5412371134020618,0.5555555555555556,0.375,0.5732484076433121,0.5412371134020618,0.0,0.0,0.0,0.0
bull_to_bear,0.25,0.98,15.0,0.0,0,351,351,0.5555555555555556,0.375,0.5732484076433121,0.5412371134020618,0.5555555555555556,0.375,0.5732484076433121,0.5412371134020618,0.0,0.0,0.0,0.0
bull_to_neutral,0.25,0.98,15.0,-0.05,0,351,351,0.5555555555555556,0.375,0.5732484076433121,0.5412371134020618,0.5555555555555556,0.375,0.5732484076433121,0.5412371134020618,0.0,0.0,0.0,0.0
bull_to_bear,0.25,0.98,15.0,-0.05,0,351,351,0.5555555555555556,0.375,0.5732484076433121,0.5412371134020618,0.5555555555555556,0.375,0.5732484076433121,0.5412371134020618,0.0,0.0,0.0,0.0
bull_to_neutral,0.25,0.98,15.0,-0.1,0,351,351,0.5555555555555556,0.375,0.5732484076433121,0.5412371134020618,0.5555555555555556,0.375,0.5732484076433121,0.5412371134020618,0.0,0.0,0.0,0.0
bull_to_bear,0.25,0.98,15.0,-0.1,0,351,351,0.5555555555555556,0.375,0.5732484076433121,0.5412371134020618,0.5555555555555556,0.375,0.5732484076433121,0.5412371134020618,0.0,0.0,0.0,0.0
bull_to_neutral,0.25,0.97,,,0,351,351,0.5555555555555556,0.375,0.5732484076433121,0.5412371134020618,0.5555555555555556,0.375,0.5732484076433121,0.5412371134020618,0.0,0.0,0.0,0.0
bull_to_bear,0.25,0.97,,,0,351,351,0.5555555555555556,0.375,0.5732484076433121,0.5412371134020618,0.5555555555555556,0.375,0.5732484076433121,0.5412371134020618,0.0,0.0,0.0,0.0
bull_to_neutral,0.25,0.97,,0.0,0,351,351,0.5555555555555556,0.375,0.5732484076433121,0.5412371134020618,0.5555555555555556,0.375,0.5732484076433121,0.5412371134020618,0.0,0.0,0.0,0.0
bull_to_bear,0.25,0.97,,0.0,0,351,351,0.5555555555555556,0.375,0.5732484076433121,0.5412371134020618,0.5555555555555556,0.375,0.5732484076433121,0.5412371134020618,0.0,0.0,0.0,0.0
bull_to_neutral,0.25,0.97,,-0.05,0,351,351,0.5555555555555556,0.375,0.5732484076433121,0.5412371134020618,0.5555555555555556,0.375,0.5732484076433121,0.5412371134020618,0.0,0.0,0.0,0.0
bull_to_bear,0.25,0.97,,-0.05,0,351,351,0.5555555555555556,0.375,0.5732484076433121,0.5412371134020618,0.5555555555555556,0.375,0.5732484076433121,0.5412371134020618,0.0,0.0,0.0,0.0
bull_to_neutral,0.25,0.97,,-0.1,0,351,351,0.5555555555555556,0.375,0.5732484076433121,0.5412371134020618,0.5555555555555556,0.375,0.5732484076433121,0.5412371134020618,0.0,0.0,0.0,0.0
bull_to_bear,0.25,0.97,,-0.1,0,351,351,0.5555555555555556,0.375,0.5732484076433121,0.5412371134020618,0.5555555555555556,0.375,0.5732484076433121,0.5412371134020618,0.0,0.0,0.0,0.0
bull_to_neutral,0.25,0.97,0.0,,0,351,351,0.5555555555555556,0.375,0.5732484076433121,0.5412371134020618,0.5555555555555556,0.375,0.5732484076433121,0.5412371134020618,0.0,0.0,0.0,0.0
bull_to_bear,0.25,0.97,0.0,,0,351,351,0.5555555555555556,0.375,0.5732484076433121,0.5412371134020618,0.5555555555555556,0.375,0.5732484076433121,0.5412371134020618,0.0,0.0,0.0,0.0
bull_to_neutral,0.25,0.97,0.0,0.0,0,351,351,0.5555555555555556,0.375,0.5732484076433121,0.5412371134020618,0.5555555555555556,0.375,0.5732484076433121,0.5412371134020618,0.0,0.0,0.0,0.0
bull_to_bear,0.25,0.97,0.0,0.0,0,351,351,0.5555555555555556,0.375,0.5732484076433121,0.5412371134020618,0.5555555555555556,0.375,0.5732484076433121,0.5412371134020618,0.0,0.0,0.0,0.0
bull_to_neutral,0.25,0.97,0.0,-0.05,0,351,351,0.5555555555555556,0.375,0.5732484076433121,0.5412371134020618,0.5555555555555556,0.375,0.5732484076433121,0.5412371134020618,0.0,0.0,0.0,0.0
bull_to_bear,0.25,0.97,0.0,-0.05,0,351,351,0.5555555555555556,0.375,0.5732484076433121,0.5412371134020618,0.5555555555555556,0.375,0.5732484076433121,0.5412371134020618,0.0,0.0,0.0,0.0
bull_to_neutral,0.25,0.97,0.0,-0.1,0,351,351,0.5555555555555556,0.375,0.5732484076433121,0.5412371134020618,0.5555555555555556,0.375,0.5732484076433121,0.5412371134020618,0.0,0.0,0.0,0.0
bull_to_bear,0.25,0.97,0.0,-0.1,0,351,351,0.5555555555555556,0.375,0.5732484076433121,0.5412371134020618,0.5555555555555556,0.375,0.5732484076433121,0.5412371134020618,0.0,0.0,0.0,0.0
bull_to_neutral,0.25,0.97,5.0,,0,351,351,0.5555555555555556,0.375,0.5732484076433121,0.5412371134020618,0.5555555555555556,0.375,0.5732484076433121,0.5412371134020618,0.0,0.0,0.0,0.0
bull_to_bear,0.25,0.97,5.0,,0,351,351,0.5555555555555556,0.375,0.5732484076433121,0.5412371134020618,0.5555555555555556,0.375,0.5732484076433121,0.5412371134020618,0.0,0.0,0.0,0.0
bull_to_neutral,0.25,0.97,5.0,0.0,0,351,351,0.5555555555555556,0.375,0.5732484076433121,0.5412371134020618,0.5555555555555556,0.375,0.5732484076433121,0.5412371134020618,0.0,0.0,0.0,0.0
bull_to_bear,0.25,0.97,5.0,0.0,0,351,351,0.5555555555555556,0.375,0.5732484076433121,0.5412371134020618,0.5555555555555556,0.375,0.5732484076433121,0.5412371134020618,0.0,0.0,0.0,0.0
bull_to_neutral,0.25,0.97,5.0,-0.05,0,351,351,0.5555555555555556,0.375,0.5732484076433121,0.5412371134020618,0.5555555555555556,0.375,0.5732484076433121,0.5412371134020618,0.0,0.0,0.0,0.0
bull_to_bear,0.25,0.97,5.0,-0.05,0,351,351,0.5555555555555556,0.375,0.5732484076433121,0.5412371134020618,0.5555555555555556,0.375,0.5732484076433121,0.5412371134020618,0.0,0.0,0.0,0.0
bull_to_neutral,0.25,0.97,5.0,-0.1,0,351,351,0.5555555555555556,0.375,0.5732484076433121,0.5412371134020618,0.5555555555555556,0.375,0.5732484076433121,0.5412371134020618,0.0,0.0,0.0,0.0
bull_to_bear,0.25,0.97,5.0,-0.1,0,351,351,0.5555555555555556,0.375,0.5732484076433121,0.5412371134020618,0.5555555555555556,0.375,0.5732484076433121,0.5412371134020618,0.0,0.0,0.0,0.0
bull_to_neutral,0.25,0.97,10.0,,0,351,351,0.5555555555555556,0.375,0.5732484076433121,0.5412371134020618,0.5555555555555556,0.375,0.5732484076433121,0.5412371134020618,0.0,0.0,0.0,0.0
bull_to_bear,0.25,0.97,10.0,,0,351,351,0.5555555555555556,0.375,0.5732484076433121,0.5412371134020618,0.5555555555555556,0.375,0.5732484076433121,0.5412371134020618,0.0,0.0,0.0,0.0
bull_to_neutral,0.25,0.97,10.0,0.0,0,351,351,0.5555555555555556,0.375,0.5732484076433121,0.5412371134020618,0.5555555555555556,0.375,0.5732484076433121,0.5412371134020618,0.0,0.0,0.0,0.0
bull_to_bear,0.25,0.97,10.0,0.0,0,351,351,0.5555555555555556,0.375,0.5732484076433121,0.5412371134020618,0.5555555555555556,0.375,0.5732484076433121,0.5412371134020618,0.0,0.0,0.0,0.0
bull_to_neutral,0.25,0.97,10.0,-0.05,0,351,351,0.5555555555555556,0.375,0.5732484076433121,0.5412371134020618,0.5555555555555556,0.375,0.5732484076433121,0.5412371134020618,0.0,0.0,0.0,0.0
bull_to_bear,0.25,0.97,10.0,-0.05,0,351,351,0.5555555555555556,0.375,0.5732484076433121,0.5412371134020618,0.5555555555555556,0.375,0.5732484076433121,0.5412371134020618,0.0,0.0,0.0,0.0
bull_to_neutral,0.25,0.97,10.0,-0.1,0,351,351,0.5555555555555556,0.375,0.5732484076433121,0.5412371134020618,0.5555555555555556,0.375,0.5732484076433121,0.5412371134020618,0.0,0.0,0.0,0.0
bull_to_bear,0.25,0.97,10.0,-0.1,0,351,351,0.5555555555555556,0.375,0.5732484076433121,0.5412371134020618,0.5555555555555556,0.375,0.5732484076433121,0.5412371134020618,0.0,0.0,0.0,0.0
bull_to_neutral,0.25,0.97,15.0,,0,351,351,0.5555555555555556,0.375,0.5732484076433121,0.5412371134020618,0.5555555555555556,0.375,0.5732484076433121,0.5412371134020618,0.0,0.0,0.0,0.0
bull_to_bear,0.25,0.97,15.0,,0,351,351,0.5555555555555556,0.375,0.5732484076433121,0.5412371134020618,0.5555555555555556,0.375,0.5732484076433121,0.5412371134020618,0.0,0.0,0.0,0.0
bull_to_neutral,0.25,0.97,15.0,0.0,0,351,351,0.5555555555555556,0.375,0.5732484076433121,0.5412371134020618,0.5555555555555556,0.375,0.5732484076433121,0.5412371134020618,0.0,0.0,0.0,0.0
bull_to_bear,0.25,0.97,15.0,0.0,0,351,351,0.5555555555555556,0.375,0.5732484076433121,0.5412371134020618,0.5555555555555556,0.375,0.5732484076433121,0.5412371134020618,0.0,0.0,0.0,0.0
bull_to_neutral,0.25,0.97,15.0,-0.05,0,351,351,0.5555555555555556,0.375,0.5732484076433121,0.5412371134020618,0.5555555555555556,0.375,0.5732484076433121,0.5412371134020618,0.0,0.0,0.0,0.0
bull_to_bear,0.25,0.97,15.0,-0.05,0,351,351,0.5555555555555556,0.375,0.5732484076433121,0.5412371134020618,0.5555555555555556,0.375,0.5732484076433121,0.5412371134020618,0.0,0.0,0.0,0.0
bull_to_neutral,0.25,0.97,15.0,-0.1,0,351,351,0.5555555555555556,0.375,0.5732484076433121,0.5412371134020618,0.5555555555555556,0.375,0.5732484076433121,0.5412371134020618,0.0,0.0,0.0,0.0
bull_to_bear,0.25,0.97,15.0,-0.1,0,351,351,0.5555555555555556,0.375,0.5732484076433121,0.5412371134020618,0.5555555555555556,0.375,0.5732484076433121,0.5412371134020618,0.0,0.0,0.0,0.0
bull_to_neutral,0.25,0.95,,,0,351,351,0.5555555555555556,0.375,0.5732484076433121,0.5412371134020618,0.5555555555555556,0.375,0.5732484076433121,0.5412371134020618,0.0,0.0,0.0,0.0
bull_to_bear,0.25,0.95,,,0,351,351,0.5555555555555556,0.375,0.5732484076433121,0.5412371134020618,0.5555555555555556,0.375,0.5732484076433121,0.5412371134020618,0.0,0.0,0.0,0.0
bull_to_neutral,0.25,0.95,,0.0,0,351,351,0.5555555555555556,0.375,0.5732484076433121,0.5412371134020618,0.5555555555555556,0.375,0.5732484076433121,0.5412371134020618,0.0,0.0,0.0,0.0
bull_to_bear,0.25,0.95,,0.0,0,351,351,0.5555555555555556,0.375,0.5732484076433121,0.5412371134020618,0.5555555555555556,0.375,0.5732484076433121,0.5412371134020618,0.0,0.0,0.0,0.0
bull_to_neutral,0.25,0.95,,-0.05,0,351,351,0.5555555555555556,0.375,0.5732484076433121,0.5412371134020618,0.5555555555555556,0.375,0.5732484076433121,0.5412371134020618,0.0,0.0,0.0,0.0
bull_to_bear,0.25,0.95,,-0.05,0,351,351,0.5555555555555556,0.375,0.5732484076433121,0.5412371134020618,0.5555555555555556,0.375,0.5732484076433121,0.5412371134020618,0.0,0.0,0.0,0.0
bull_to_neutral,0.25,0.95,,-0.1,0,351,351,0.5555555555555556,0.375,0.5732484076433121,0.5412371134020618,0.5555555555555556,0.375,0.5732484076433121,0.5412371134020618,0.0,0.0,0.0,0.0
bull_to_bear,0.25,0.95,,-0.1,0,351,351,0.5555555555555556,0.375,0.5732484076433121,0.5412371134020618,0.5555555555555556,0.375,0.5732484076433121,0.5412371134020618,0.0,0.0,0.0,0.0
bull_to_neutral,0.25,0.95,0.0,,0,351,351,0.5555555555555556,0.375,0.5732484076433121,0.5412371134020618,0.5555555555555556,0.375,0.5732484076433121,0.5412371134020618,0.0,0.0,0.0,0.0
bull_to_bear,0.25,0.95,0.0,,0,351,351,0.5555555555555556,0.375,0.5732484076433121,0.5412371134020618,0.5555555555555556,0.375,0.5732484076433121,0.5412371134020618,0.0,0.0,0.0,0.0
bull_to_neutral,0.25,0.95,0.0,0.0,0,351,351,0.5555555555555556,0.375,0.5732484076433121,0.5412371134020618,0.5555555555555556,0.375,0.5732484076433121,0.5412371134020618,0.0,0.0,0.0,0.0
bull_to_bear,0.25,0.95,0.0,0.0,0,351,351,0.5555555555555556,0.375,0.5732484076433121,0.5412371134020618,0.5555555555555556,0.375,0.5732484076433121,0.5412371134020618,0.0,0.0,0.0,0.0
bull_to_neutral,0.25,0.95,0.0,-0.05,0,351,351,0.5555555555555556,0.375,0.5732484076433121,0.5412371134020618,0.5555555555555556,0.375,0.5732484076433121,0.5412371134020618,0.0,0.0,0.0,0.0
bull_to_bear,0.25,0.95,0.0,-0.05,0,351,351,0.5555555555555556,0.375,0.5732484076433121,0.5412371134020618,0.5555555555555556,0.375,0.5732484076433121,0.5412371134020618,0.0,0.0,0.0,0.0
bull_to_neutral,0.25,0.95,0.0,-0.1,0,351,351,0.5555555555555556,0.375,0.5732484076433121,0.5412371134020618,0.5555555555555556,0.375,0.5732484076433121,0.5412371134020618,0.0,0.0,0.0,0.0
bull_to_bear,0.25,0.95,0.0,-0.1,0,351,351,0.5555555555555556,0.375,0.5732484076433121,0.5412371134020618,0.5555555555555556,0.375,0.5732484076433121,0.5412371134020618,0.0,0.0,0.0,0.0
bull_to_neutral,0.25,0.95,5.0,,0,351,351,0.5555555555555556,0.375,0.5732484076433121,0.5412371134020618,0.5555555555555556,0.375,0.5732484076433121,0.5412371134020618,0.0,0.0,0.0,0.0
bull_to_bear,0.25,0.95,5.0,,0,351,351,0.5555555555555556,0.375,0.5732484076433121,0.5412371134020618,0.5555555555555556,0.375,0.5732484076433121,0.5412371134020618,0.0,0.0,0.0,0.0
bull_to_neutral,0.25,0.95,5.0,0.0,0,351,351,0.5555555555555556,0.375,0.5732484076433121,0.5412371134020618,0.5555555555555556,0.375,0.5732484076433121,0.5412371134020618,0.0,0.0,0.0,0.0
bull_to_bear,0.25,0.95,5.0,0.0,0,351,351,0.5555555555555556,0.375,0.5732484076433121,0.5412371134020618,0.5555555555555556,0.375,0.5732484076433121,0.5412371134020618,0.0,0.0,0.0,0.0
bull_to_neutral,0.25,0.95,5.0,-0.05,0,351,351,0.5555555555555556,0.375,0.5732484076433121,0.5412371134020618,0.5555555555555556,0.375,0.5732484076433121,0.5412371134020618,0.0,0.0,0.0,0.0
bull_to_bear,0.25,0.95,5.0,-0.05,0,351,351,0.5555555555555556,0.375,0.5732484076433121,0.5412371134020618,0.5555555555555556,0.375,0.5732484076433121,0.5412371134020618,0.0,0.0,0.0,0.0
bull_to_neutral,0.25,0.95,5.0,-0.1,0,351,351,0.5555555555555556,0.375,0.5732484076433121,0.5412371134020618,0.5555555555555556,0.375,0.5732484076433121,0.5412371134020618,0.0,0.0,0.0,0.0
bull_to_bear,0.25,0.95,5.0,-0.1,0,351,351,0.5555555555555556,0.375,0.5732484076433121,0.5412371134020618,0.5555555555555556,0.375,0.5732484076433121,0.5412371134020618,0.0,0.0,0.0,0.0
bull_to_neutral,0.25,0.95,10.0,,0,351,351,0.5555555555555556,0.375,0.5732484076433121,0.5412371134020618,0.5555555555555556,0.375,0.5732484076433121,0.5412371134020618,0.0,0.0,0.0,0.0
bull_to_bear,0.25,0.95,10.0,,0,351,351,0.5555555555555556,0.375,0.5732484076433121,0.5412371134020618,0.5555555555555556,0.375,0.5732484076433121,0.5412371134020618,0.0,0.0,0.0,0.0
bull_to_neutral,0.25,0.95,10.0,0.0,0,351,351,0.5555555555555556,0.375,0.5732484076433121,0.5412371134020618,0.5555555555555556,0.375,0.5732484076433121,0.5412371134020618,0.0,0.0,0.0,0.0
bull_to_bear,0.25,0.95,10.0,0.0,0,351,351,0.5555555555555556,0.375,0.5732484076433121,0.5412371134020618,0.5555555555555556,0.375,0.5732484076433121,0.5412371134020618,0.0,0.0,0.0,0.0
bull_to_neutral,0.25,0.95,10.0,-0.05,0,351,351,0.5555555555555556,0.375,0.5732484076433121,0.5412371134020618,0.5555555555555556,0.375,0.5732484076433121,0.5412371134020618,0.0,0.0,0.0,0.0
bull_to_bear,0.25,0.95,10.0,-0.05,0,351,351,0.5555555555555556,0.375,0.5732484076433121,0.5412371134020618,0.5555555555555556,0.375,0.5732484076433121,0.5412371134020618,0.0,0.0,0.0,0.0
bull_to_neutral,0.25,0.95,10.0,-0.1,0,351,351,0.5555555555555556,0.375,0.5732484076433121,0.5412371134020618,0.5555555555555556,0.375,0.5732484076433121,0.5412371134020618,0.0,0.0,0.0,0.0
bull_to_bear,0.25,0.95,10.0,-0.1,0,351,351,0.5555555555555556,0.375,0.5732484076433121,0.5412371134020618,0.5555555555555556,0.375,0.5732484076433121,0.5412371134020618,0.0,0.0,0.0,0.0
bull_to_neutral,0.25,0.95,15.0,,0,351,351,0.5555555555555556,0.375,0.5732484076433121,0.5412371134020618,0.5555555555555556,0.375,0.5732484076433121,0.5412371134020618,0.0,0.0,0.0,0.0
bull_to_bear,0.25,0.95,15.0,,0,351,351,0.5555555555555556,0.375,0.5732484076433121,0.5412371134020618,0.5555555555555556,0.375,0.5732484076433121,0.5412371134020618,0.0,0.0,0.0,0.0
bull_to_neutral,0.25,0.95,15.0,0.0,0,351,351,0.5555555555555556,0.375,0.5732484076433121,0.5412371134020618,0.5555555555555556,0.375,0.5732484076433121,0.5412371134020618,0.0,0.0,0.0,0.0
bull_to_bear,0.25,0.95,15.0,0.0,0,351,351,0.5555555555555556,0.375,0.5732484076433121,0.5412371134020618,0.5555555555555556,0.375,0.5732484076433121,0.5412371134020618,0.0,0.0,0.0,0.0
bull_to_neutral,0.25,0.95,15.0,-0.05,0,351,351,0.5555555555555556,0.375,0.5732484076433121,0.5412371134020618,0.5555555555555556,0.375,0.5732484076433121,0.5412371134020618,0.0,0.0,0.0,0.0
bull_to_bear,0.25,0.95,15.0,-0.05,0,351,351,0.5555555555555556,0.375,0.5732484076433121,0.5412371134020618,0.5555555555555556,0.375,0.5732484076433121,0.5412371134020618,0.0,0.0,0.0,0.0
bull_to_neutral,0.25,0.95,15.0,-0.1,0,351,351,0.5555555555555556,0.375,0.5732484076433121,0.5412371134020618,0.5555555555555556,0.375,0.5732484076433121,0.5412371134020618,0.0,0.0,0.0,0.0
bull_to_bear,0.25,0.95,15.0,-0.1,0,351,351,0.5555555555555556,0.375,0.5732484076433121,0.5412371134020618,0.5555555555555556,0.375,0.5732484076433121,0.5412371134020618,0.0,0.0,0.0,0.0
bull_to_neutral,0.25,0.93,,,0,351,351,0.5555555555555556,0.375,0.5732484076433121,0.5412371134020618,0.5555555555555556,0.375,0.5732484076433121,0.5412371134020618,0.0,0.0,0.0,0.0
bull_to_bear,0.25,0.93,,,0,351,351,0.5555555555555556,0.375,0.5732484076433121,0.5412371134020618,0.5555555555555556,0.375,0.5732484076433121,0.5412371134020618,0.0,0.0,0.0,0.0
bull_to_neutral,0.25,0.93,,0.0,0,351,351,0.5555555555555556,0.375,0.5732484076433121,0.5412371134020618,0.5555555555555556,0.375,0.5732484076433121,0.5412371134020618,0.0,0.0,0.0,0.0
bull_to_bear,0.25,0.93,,0.0,0,351,351,0.5555555555555556,0.375,0.5732484076433121,0.5412371134020618,0.5555555555555556,0.375,0.5732484076433121,0.5412371134020618,0.0,0.0,0.0,0.0
bull_to_neutral,0.25,0.93,,-0.05,0,351,351,0.5555555555555556,0.375,0.5732484076433121,0.5412371134020618,0.5555555555555556,0.375,0.5732484076433121,0.5412371134020618,0.0,0.0,0.0,0.0
bull_to_bear,0.25,0.93,,-0.05,0,351,351,0.5555555555555556,0.375,0.5732484076433121,0.5412371134020618,0.5555555555555556,0.375,0.5732484076433121,0.5412371134020618,0.0,0.0,0.0,0.0
bull_to_neutral,0.25,0.93,,-0.1,0,351,351,0.5555555555555556,0.375,0.5732484076433121,0.5412371134020618,0.5555555555555556,0.375,0.5732484076433121,0.5412371134020618,0.0,0.0,0.0,0.0
bull_to_bear,0.25,0.93,,-0.1,0,351,351,0.5555555555555556,0.375,0.5732484076433121,0.5412371134020618,0.5555555555555556,0.375,0.5732484076433121,0.5412371134020618,0.0,0.0,0.0,0.0
bull_to_neutral,0.25,0.93,0.0,,0,351,351,0.5555555555555556,0.375,0.5732484076433121,0.5412371134020618,0.5555555555555556,0.375,0.5732484076433121,0.5412371134020618,0.0,0.0,0.0,0.0
bull_to_bear,0.25,0.93,0.0,,0,351,351,0.5555555555555556,0.375,0.5732484076433121,0.5412371134020618,0.5555555555555556,0.375,0.5732484076433121,0.5412371134020618,0.0,0.0,0.0,0.0
bull_to_neutral,0.25,0.93,0.0,0.0,0,351,351,0.5555555555555556,0.375,0.5732484076433121,0.5412371134020618,0.5555555555555556,0.375,0.5732484076433121,0.5412371134020618,0.0,0.0,0.0,0.0
bull_to_bear,0.25,0.93,0.0,0.0,0,351,351,0.5555555555555556,0.375,0.5732484076433121,0.5412371134020618,0.5555555555555556,0.375,0.5732484076433121,0.5412371134020618,0.0,0.0,0.0,0.0
bull_to_neutral,0.25,0.93,0.0,-0.05,0,351,351,0.5555555555555556,0.375,0.5732484076433121,0.5412371134020618,0.5555555555555556,0.375,0.5732484076433121,0.5412371134020618,0.0,0.0,0.0,0.0
bull_to_bear,0.25,0.93,0.0,-0.05,0,351,351,0.5555555555555556,0.375,0.5732484076433121,0.5412371134020618,0.5555555555555556,0.375,0.5732484076433121,0.5412371134020618,0.0,0.0,0.0,0.0
bull_to_neutral,0.25,0.93,0.0,-0.1,0,351,351,0.5555555555555556,0.375,0.5732484076433121,0.5412371134020618,0.5555555555555556,0.375,0.5732484076433121,0.5412371134020618,0.0,0.0,0.0,0.0
bull_to_bear,0.25,0.93,0.0,-0.1,0,351,351,0.5555555555555556,0.375,0.5732484076433121,0.5412371134020618,0.5555555555555556,0.375,0.5732484076433121,0.5412371134020618,0.0,0.0,0.0,0.0
bull_to_neutral,0.25,0.93,5.0,,0,351,351,0.5555555555555556,0.375,0.5732484076433121,0.5412371134020618,0.5555555555555556,0.375,0.5732484076433121,0.5412371134020618,0.0,0.0,0.0,0.0
bull_to_bear,0.25,0.93,5.0,,0,351,351,0.5555555555555556,0.375,0.5732484076433121,0.5412371134020618,0.5555555555555556,0.375,0.5732484076433121,0.5412371134020618,0.0,0.0,0.0,0.0
bull_to_neutral,0.25,0.93,5.0,0.0,0,351,351,0.5555555555555556,0.375,0.5732484076433121,0.5412371134020618,0.5555555555555556,0.375,0.5732484076433121,0.5412371134020618,0.0,0.0,0.0,0.0
bull_to_bear,0.25,0.93,5.0,0.0,0,351,351,0.5555555555555556,0.375,0.5732484076433121,0.5412371134020618,0.5555555555555556,0.375,0.5732484076433121,0.5412371134020618,0.0,0.0,0.0,0.0
bull_to_neutral,0.25,0.93,5.0,-0.05,0,351,351,0.5555555555555556,0.375,0.5732484076433121,0.5412371134020618,0.5555555555555556,0.375,0.5732484076433121,0.5412371134020618,0.0,0.0,0.0,0.0
bull_to_bear,0.25,0.93,5.0,-0.05,0,351,351,0.5555555555555556,0.375,0.5732484076433121,0.5412371134020618,0.5555555555555556,0.375,0.5732484076433121,0.5412371134020618,0.0,0.0,0.0,0.0
bull_to_neutral,0.25,0.93,5.0,-0.1,0,351,351,0.5555555555555556,0.375,0.5732484076433121,0.5412371134020618,0.5555555555555556,0.375,0.5732484076433121,0.5412371134020618,0.0,0.0,0.0,0.0
bull_to_bear,0.25,0.93,5.0,-0.1,0,351,351,0.5555555555555556,0.375,0.5732484076433121,0.5412371134020618,0.5555555555555556,0.375,0.5732484076433121,0.5412371134020618,0.0,0.0,0.0,0.0
bull_to_neutral,0.25,0.93,10.0,,0,351,351,0.5555555555555556,0.375,0.5732484076433121,0.5412371134020618,0.5555555555555556,0.375,0.5732484076433121,0.5412371134020618,0.0,0.0,0.0,0.0
bull_to_bear,0.25,0.93,10.0,,0,351,351,0.5555555555555556,0.375,0.5732484076433121,0.5412371134020618,0.5555555555555556,0.375,0.5732484076433121,0.5412371134020618,0.0,0.0,0.0,0.0
bull_to_neutral,0.25,0.93,10.0,0.0,0,351,351,0.5555555555555556,0.375,0.5732484076433121,0.5412371134020618,0.5555555555555556,0.375,0.5732484076433121,0.5412371134020618,0.0,0.0,0.0,0.0
bull_to_bear,0.25,0.93,10.0,0.0,0,351,351,0.5555555555555556,0.375,0.5732484076433121,0.5412371134020618,0.5555555555555556,0.375,0.5732484076433121,0.5412371134020618,0.0,0.0,0.0,0.0
bull_to_neutral,0.25,0.93,10.0,-0.05,0,351,351,0.5555555555555556,0.375,0.5732484076433121,0.5412371134020618,0.5555555555555556,0.375,0.5732484076433121,0.5412371134020618,0.0,0.0,0.0,0.0
bull_to_bear,0.25,0.93,10.0,-0.05,0,351,351,0.5555555555555556,0.375,0.5732484076433121,0.5412371134020618,0.5555555555555556,0.375,0.5732484076433121,0.5412371134020618,0.0,0.0,0.0,0.0
bull_to_neutral,0.25,0.93,10.0,-0.1,0,351,351,0.5555555555555556,0.375,0.5732484076433121,0.5412371134020618,0.5555555555555556,0.375,0.5732484076433121,0.5412371134020618,0.0,0.0,0.0,0.0
bull_to_bear,0.25,0.93,10.0,-0.1,0,351,351,0.5555555555555556,0.375,0.5732484076433121,0.5412371134020618,0.5555555555555556,0.375,0.5732484076433121,0.5412371134020618,0.0,0.0,0.0,0.0
bull_to_neutral,0.25,0.93,15.0,,0,351,351,0.5555555555555556,0.375,0.5732484076433121,0.5412371134020618,0.5555555555555556,0.375,0.5732484076433121,0.5412371134020618,0.0,0.0,0.0,0.0
bull_to_bear,0.25,0.93,15.0,,0,351,351,0.5555555555555556,0.375,0.5732484076433121,0.5412371134020618,0.5555555555555556,0.375,0.5732484076433121,0.5412371134020618,0.0,0.0,0.0,0.0
bull_to_neutral,0.25,0.93,15.0,0.0,0,351,351,0.5555555555555556,0.375,0.5732484076433121,0.5412371134020618,0.5555555555555556,0.375,0.5732484076433121,0.5412371134020618,0.0,0.0,0.0,0.0
bull_to_bear,0.25,0.93,15.0,0.0,0,351,351,0.5555555555555556,0.375,0.5732484076433121,0.5412371134020618,0.5555555555555556,0.375,0.5732484076433121,0.5412371134020618,0.0,0.0,0.0,0.0
bull_to_neutral,0.25,0.93,15.0,-0.05,0,351,351,0.5555555555555556,0.375,0.5732484076433121,0.5412371134020618,0.5555555555555556,0.375,0.5732484076433121,0.5412371134020618,0.0,0.0,0.0,0.0
bull_to_bear,0.25,0.93,15.0,-0.05,0,351,351,0.5555555555555556,0.375,0.5732484076433121,0.5412371134020618,0.5555555555555556,0.375,0.5732484076433121,0.5412371134020618,0.0,0.0,0.0,0.0
bull_to_neutral,0.25,0.93,15.0,-0.1,0,351,351,0.5555555555555556,0.375,0.5732484076433121,0.5412371134020618,0.5555555555555556,0.375,0.5732484076433121,0.5412371134020618,0.0,0.0,0.0,0.0
bull_to_bear,0.25,0.93,15.0,-0.1,0,351,351,0.5555555555555556,0.375,0.5732484076433121,0.5412371134020618,0.5555555555555556,0.375,0.5732484076433121,0.5412371134020618,0.0,0.0,0.0,0.0
bull_to_neutral,0.25,0.9,,,0,351,351,0.5555555555555556,0.375,0.5732484076433121,0.5412371134020618,0.5555555555555556,0.375,0.5732484076433121,0.5412371134020618,0.0,0.0,0.0,0.0
bull_to_bear,0.25,0.9,,,0,351,351,0.5555555555555556,0.375,0.5732484076433121,0.5412371134020618,0.5555555555555556,0.375,0.5732484076433121,0.5412371134020618,0.0,0.0,0.0,0.0
bull_to_neutral,0.25,0.9,,0.0,0,351,351,0.5555555555555556,0.375,0.5732484076433121,0.5412371134020618,0.5555555555555556,0.375,0.5732484076433121,0.5412371134020618,0.0,0.0,0.0,0.0
bull_to_bear,0.25,0.9,,0.0,0,351,351,0.5555555555555556,0.375,0.5732484076433121,0.5412371134020618,0.5555555555555556,0.375,0.5732484076433121,0.5412371134020618,0.0,0.0,0.0,0.0
bull_to_neutral,0.25,0.9,,-0.05,0,351,351,0.5555555555555556,0.375,0.5732484076433121,0.5412371134020618,0.5555555555555556,0.375,0.5732484076433121,0.5412371134020618,0.0,0.0,0.0,0.0
bull_to_bear,0.25,0.9,,-0.05,0,351,351,0.5555555555555556,0.375,0.5732484076433121,0.5412371134020618,0.5555555555555556,0.375,0.5732484076433121,0.5412371134020618,0.0,0.0,0.0,0.0
bull_to_neutral,0.25,0.9,,-0.1,0,351,351,0.5555555555555556,0.375,0.5732484076433121,0.5412371134020618,0.5555555555555556,0.375,0.5732484076433121,0.5412371134020618,0.0,0.0,0.0,0.0
bull_to_bear,0.25,0.9,,-0.1,0,351,351,0.5555555555555556,0.375,0.5732484076433121,0.5412371134020618,0.5555555555555556,0.375,0.5732484076433121,0.5412371134020618,0.0,0.0,0.0,0.0
bull_to_neutral,0.25,0.9,0.0,,0,351,351,0.5555555555555556,0.375,0.5732484076433121,0.5412371134020618,0.5555555555555556,0.375,0.5732484076433121,0.5412371134020618,0.0,0.0,0.0,0.0
bull_to_bear,0.25,0.9,0.0,,0,351,351,0.5555555555555556,0.375,0.5732484076433121,0.5412371134020618,0.5555555555555556,0.375,0.5732484076433121,0.5412371134020618,0.0,0.0,0.0,0.0
bull_to_neutral,0.25,0.9,0.0,0.0,0,351,351,0.5555555555555556,0.375,0.5732484076433121,0.5412371134020618,0.5555555555555556,0.375,0.5732484076433121,0.5412371134020618,0.0,0.0,0.0,0.0
bull_to_bear,0.25,0.9,0.0,0.0,0,351,351,0.5555555555555556,0.375,0.5732484076433121,0.5412371134020618,0.5555555555555556,0.375,0.5732484076433121,0.5412371134020618,0.0,0.0,0.0,0.0
bull_to_neutral,0.25,0.9,0.0,-0.05,0,351,351,0.5555555555555556,0.375,0.5732484076433121,0.5412371134020618,0.5555555555555556,0.375,0.5732484076433121,0.5412371134020618,0.0,0.0,0.0,0.0
bull_to_bear,0.25,0.9,0.0,-0.05,0,351,351,0.5555555555555556,0.375,0.5732484076433121,0.5412371134020618,0.5555555555555556,0.375,0.5732484076433121,0.5412371134020618,0.0,0.0,0.0,0.0
bull_to_neutral,0.25,0.9,0.0,-0.1,0,351,351,0.5555555555555556,0.375,0.5732484076433121,0.5412371134020618,0.5555555555555556,0.375,0.5732484076433121,0.5412371134020618,0.0,0.0,0.0,0.0
bull_to_bear,0.25,0.9,0.0,-0.1,0,351,351,0.5555555555555556,0.375,0.5732484076433121,0.5412371134020618,0.5555555555555556,0.375,0.5732484076433121,0.5412371134020618,0.0,0.0,0.0,0.0
bull_to_neutral,0.25,0.9,5.0,,0,351,351,0.5555555555555556,0.375,0.5732484076433121,0.5412371134020618,0.5555555555555556,0.375,0.5732484076433121,0.5412371134020618,0.0,0.0,0.0,0.0
bull_to_bear,0.25,0.9,5.0,,0,351,351,0.5555555555555556,0.375,0.5732484076433121,0.5412371134020618,0.5555555555555556,0.375,0.5732484076433121,0.5412371134020618,0.0,0.0,0.0,0.0
bull_to_neutral,0.25,0.9,5.0,0.0,0,351,351,0.5555555555555556,0.375,0.5732484076433121,0.5412371134020618,0.5555555555555556,0.375,0.5732484076433121,0.5412371134020618,0.0,0.0,0.0,0.0
bull_to_bear,0.25,0.9,5.0,0.0,0,351,351,0.5555555555555556,0.375,0.5732484076433121,0.5412371134020618,0.5555555555555556,0.375,0.5732484076433121,0.5412371134020618,0.0,0.0,0.0,0.0
bull_to_neutral,0.25,0.9,5.0,-0.05,0,351,351,0.5555555555555556,0.375,0.5732484076433121,0.5412371134020618,0.5555555555555556,0.375,0.5732484076433121,0.5412371134020618,0.0,0.0,0.0,0.0
bull_to_bear,0.25,0.9,5.0,-0.05,0,351,351,0.5555555555555556,0.375,0.5732484076433121,0.5412371134020618,0.5555555555555556,0.375,0.5732484076433121,0.5412371134020618,0.0,0.0,0.0,0.0
bull_to_neutral,0.25,0.9,5.0,-0.1,0,351,351,0.5555555555555556,0.375,0.5732484076433121,0.5412371134020618,0.5555555555555556,0.375,0.5732484076433121,0.5412371134020618,0.0,0.0,0.0,0.0
bull_to_bear,0.25,0.9,5.0,-0.1,0,351,351,0.5555555555555556,0.375,0.5732484076433121,0.5412371134020618,0.5555555555555556,0.375,0.5732484076433121,0.5412371134020618,0.0,0.0,0.0,0.0
bull_to_neutral,0.25,0.9,10.0,,0,351,351,0.5555555555555556,0.375,0.5732484076433121,0.5412371134020618,0.5555555555555556,0.375,0.5732484076433121,0.5412371134020618,0.0,0.0,0.0,0.0
bull_to_bear,0.25,0.9,10.0,,0,351,351,0.5555555555555556,0.375,0.5732484076433121,0.5412371134020618,0.5555555555555556,0.375,0.5732484076433121,0.5412371134020618,0.0,0.0,0.0,0.0
bull_to_neutral,0.25,0.9,10.0,0.0,0,351,351,0.5555555555555556,0.375,0.5732484076433121,0.5412371134020618,0.5555555555555556,0.375,0.5732484076433121,0.5412371134020618,0.0,0.0,0.0,0.0
bull_to_bear,0.25,0.9,10.0,0.0,0,351,351,0.5555555555555556,0.375,0.5732484076433121,0.5412371134020618,0.5555555555555556,0.375,0.5732484076433121,0.5412371134020618,0.0,0.0,0.0,0.0
bull_to_neutral,0.25,0.9,10.0,-0.05,0,351,351,0.5555555555555556,0.375,0.5732484076433121,0.5412371134020618,0.5555555555555556,0.375,0.5732484076433121,0.5412371134020618,0.0,0.0,0.0,0.0
bull_to_bear,0.25,0.9,10.0,-0.05,0,351,351,0.5555555555555556,0.375,0.5732484076433121,0.5412371134020618,0.5555555555555556,0.375,0.5732484076433121,0.5412371134020618,0.0,0.0,0.0,0.0
bull_to_neutral,0.25,0.9,10.0,-0.1,0,351,351,0.5555555555555556,0.375,0.5732484076433121,0.5412371134020618,0.5555555555555556,0.375,0.5732484076433121,0.5412371134020618,0.0,0.0,0.0,0.0
bull_to_bear,0.25,0.9,10.0,-0.1,0,351,351,0.5555555555555556,0.375,0.5732484076433121,0.5412371134020618,0.5555555555555556,0.375,0.5732484076433121,0.5412371134020618,0.0,0.0,0.0,0.0
bull_to_neutral,0.25,0.9,15.0,,0,351,351,0.5555555555555556,0.375,0.5732484076433121,0.5412371134020618,0.5555555555555556,0.375,0.5732484076433121,0.5412371134020618,0.0,0.0,0.0,0.0
bull_to_bear,0.25,0.9,15.0,,0,351,351,0.5555555555555556,0.375,0.5732484076433121,0.5412371134020618,0.5555555555555556,0.375,0.5732484076433121,0.5412371134020618,0.0,0.0,0.0,0.0
bull_to_neutral,0.25,0.9,15.0,0.0,0,351,351,0.5555555555555556,0.375,0.5732484076433121,0.5412371134020618,0.5555555555555556,0.375,0.5732484076433121,0.5412371134020618,0.0,0.0,0.0,0.0
bull_to_bear,0.25,0.9,15.0,0.0,0,351,351,0.5555555555555556,0.375,0.5732484076433121,0.5412371134020618,0.5555555555555556,0.375,0.5732484076433121,0.5412371134020618,0.0,0.0,0.0,0.0
bull_to_neutral,0.25,0.9,15.0,-0.05,0,351,351,0.5555555555555556,0.375,0.5732484076433121,0.5412371134020618,0.5555555555555556,0.375,0.5732484076433121,0.5412371134020618,0.0,0.0,0.0,0.0
bull_to_bear,0.25,0.9,15.0,-0.05,0,351,351,0.5555555555555556,0.375,0.5732484076433121,0.5412371134020618,0.5555555555555556,0.375,0.5732484076433121,0.5412371134020618,0.0,0.0,0.0,0.0
bull_to_neutral,0.25,0.9,15.0,-0.1,0,351,351,0.5555555555555556,0.375,0.5732484076433121,0.5412371134020618,0.5555555555555556,0.375,0.5732484076433121,0.5412371134020618,0.0,0.0,0.0,0.0
bull_to_bear,0.25,0.9,15.0,-0.1,0,351,351,0.5555555555555556,0.375,0.5732484076433121,0.5412371134020618,0.5555555555555556,0.375,0.5732484076433121,0.5412371134020618,0.0,0.0,0.0,0.0
