model_id,epoch,next_epoch,timestamp,prediction,confidence,score,reason,truth,start_price,end_price,price_difference,round_current_timestamp,round_next_epoch_time,correct,directional_called,directional_correct,bull_called,bear_called,neutral_called,bull_called_bear_truth,bear_called_bull_truth,neutral_called_bull_truth,neutral_called_bear_truth,bull_called_neutral_truth,bear_called_neutral_truth,regime,run_direction,g8,g23,g38,g53,g68,g83,slope_g8,slope_g23,slope_g38,slope_g53,slope_g68,slope_g83,fan_width,fan_width_velocity,fan_width_acceleration,fan_order_score,g83_curvature,alignment,compression_velocity,flip_score,slope_sum,slope_magnitude,ratio_8_23_to_23_53,s23,s53,fan_width_raw,alignment_raw,compression_velocity_raw,flip_score_raw,slope_sign_s23,slope_sign_s53,slope_disagreement,slope_gap,abs_slope_sum,abs_compression_velocity,abs_flip_score,fan_to_slope_ratio,collapse_flag,weak_bull_exhaustion_flag,weak_bear_exhaustion_flag,possible_flip_zone,possible_run_zone,possible_transition_zone,fan_energy_total,fan_energy_ratio,fan_energy_velocity,fan_energy_acceleration,fan_sign_conflict,fan_energy_instability,hinge_gap,hinge_velocity,hinge_conflict,hinge_torsion,snap_divergence,snap_velocity,snap_score,phase_alignment,phase_strength,phase_velocity,fan_phase_score,phase_disagreement,outer_fan_width,outer_order_signature,slow_retention,gaussian_wave,wave_strength,inertia_wall_score,reversal_pressure,tail_anchor_type,extrema_pair,v2_2_rule,directional_error_type,truth_direction_group,prediction_direction_group
trend_method_v2_0,320760,320761,2026-03-09T22:14:47.089126,Bull,1.0,0.8600782413795969,regime=RUN|slope_sum=0.860078,Bear,69170.45,69144.92,-25.53,03/09/2026  10:10:15 PM,03/09/2026  10:15:01 PM,False,True,False,True,False,False,True,False,False,False,False,False,RUN,Bull,69231.29944597775,69216.42294541956,69203.07292748151,69194.24877338042,69187.41367964857,69182.25835601237,0.1555863843896077,0.5806280127162609,0.37788916032332054,0.279450228663336,0.22155858652513416,0.16993889945479168,-49.0410899653798,,,1.0,,1.0,9.258734504473978,0.11023262651010773,0.8600782413795969,0.8600782413795969,-0.6708931693712505,0.5806280127162609,0.279450228663336,49.0410899653798,1.0,9.258734504473978,0.11023262651010773,1,1,False,0.30117778405292484,0.8600782413795969,9.258734504473978,0.11023262651010773,57.01933569057171,False,False,False,True,True,False,1.785051272072451,1.660492364925261,,,False,,13.35001793804986,,False,0.21151300998606973,0.6277804807195935,,0.5634848542878783,1.0,1.785051272072451,,1.0,0,11.990417368040653,53>68>83,0.6709477146432619,,,3.2977103793653786,,,,,bull_called_bear_truth,Bear,Bull
trend_method_v2_0,320761,320762,2026-03-09T22:19:48.119197,Bear,1.0,-0.3405815470032394,regime=RUN|slope_sum=-0.340582,Bull,69144.92,69227.26,82.34,03/09/2026  10:15:18 PM,03/09/2026  10:20:02 PM,False,True,False,False,True,False,False,True,False,False,False,False,RUN,Bear,69178.65525025681,69183.11879672864,69189.69728258549,69195.52056031993,69199.04401210777,69200.23448027088,-0.3047661241125752,-0.17031185728228593,-0.21300526619597804,-0.17026968972095347,-0.1056057371897623,-0.04588958595923032,21.57923001407471,70.62031997945451,,1.0,,1.0,4.835977607901441,0.07739991261235746,-0.3405815470032394,0.3405815470032394,0.3599122365633058,-0.17031185728228593,-0.17026968972095347,21.57923001407471,1.0,4.835977607901441,0.07739991261235746,-1,-1,False,4.2167561332462355e-05,0.3405815470032394,4.835977607901441,0.07739991261235746,63.35995066071346,False,False,False,True,True,False,1.0098482604607852,2.138465091196708,-0.7752030116116657,,False,,-6.57848585685133,-19.92850379490119,False,0.11137882003884192,0.17714767574398138,-0.4506328049756121,0.25745093542710434,1.0,1.0098482604607852,0.0,0.5657250725848046,0,4.7139199509547325,83>68>53,0.3217650128699461,,,1.3238928158924879,19.477870989925577,,,,bear_called_bull_truth,Bull,Bear
trend_method_v2_0,320762,320763,2026-03-09T22:24:49.079149,Neutral,1.0,0.0,regime=NOISE|slope_sum=-0.425432,Bear,69227.26,69226.07,-1.19,03/09/2026  10:20:18 PM,03/09/2026  10:25:03 PM,False,False,False,False,False,True,False,False,False,True,False,False,NOISE,Bear,69158.5083378637,69159.11501681109,69166.81557384372,69176.28318811177,69183.12840414388,69187.63250545578,0.42661427244820516,-0.1501291820932238,-0.28201407527194533,-0.27530329276669363,-0.20528173625280033,-0.1502825714469509,29.124167592075537,7.544937578000827,-63.07538240145368,1.0,-30.578099073609337,0.0,-5.44534145257785,0.09647593744157348,-0.4254324748599174,0.4254324748599174,0.03533742392964435,-0.1501291820932238,-0.27530329276669363,29.124167592075537,0.0,-5.44534145257785,0.09647593744157348,-1,-1,False,0.12517411067346984,0.4254324748599174,5.44534145257785,0.09647593744157348,68.45779133730983,True,False,False,True,False,True,1.4896251302798191,1.3612325774511709,0.4797768698190339,1.2549798814306996,True,0.5305969501607591,-7.700557032629149,-1.122071175777819,False,0.30518789991735623,0.7086283477201505,0.5314806719761691,0.8251786134255499,0.8333333333333334,1.4896251302798191,-0.16666666666666663,0.6954165937160818,0,11.349317344007432,83>68>53,0.6308676004664449,,,3.135454561176039,64.72893424920767,,,,neutral_called_bear_truth,Bear,Neutral
trend_method_v2_0,320763,320764,2026-03-09T22:29:51.279721,Bull,1.0,2.09531930396588,regime=RUN|slope_sum=2.095319,Bear,69226.07,69182.46,-43.61,03/09/2026  10:25:19 PM,03/09/2026  10:30:05 PM,False,True,False,True,False,False,True,False,False,False,False,False,RUN,Bull,69363.12798574693,69314.70767051965,69282.79711078136,69262.86680724267,69248.69123820291,69238.62031770969,2.2317290516039066,1.465098042763202,0.9103619240213447,0.6302212612026779,0.4678470027829462,0.34704307444553706,-124.507668037244,-153.63183562931954,-161.17677320732037,1.0,63.58978706900962,1.0,49.65095866515185,0.20680412995972708,2.09531930396588,2.09531930396588,-0.9340183045879861,1.465098042763202,0.6302212612026779,124.507668037244,1.0,49.65095866515185,0.20680412995972708,1,1,False,0.8348767815605243,2.09531930396588,49.65095866515185,0.20680412995972708,59.42181117769699,False,False,False,True,True,False,6.0523003568196145,3.188120455403873,4.562675226539795,4.0828983567207615,False,0.30449176324814503,31.910559738287702,39.61111677091685,False,0.23352787523199361,1.3213671275825618,0.6127387798624113,0.28680549513133763,1.0,6.0523003568196145,0.16666666666666663,1.0,0,24.24648953297583,53>68>83,1.4451113384311611,0,231.79709318677487,6.6746960999012215,201.40062875809963,,,,bull_called_bear_truth,Bear,Bull
trend_method_v2_0,320764,320765,2026-03-09T22:34:52.146492,Bull,1.0,2.520802141934837,regime=RUN|slope_sum=2.520802,Bull,69182.46,69381.43,198.97,03/09/2026  10:30:21 PM,03/09/2026  10:35:06 PM,True,True,True,True,False,False,False,False,False,False,False,False,RUN,Bull,69957.0982028794,69910.40458523143,69879.01333631702,69837.26795789685,69786.29229849715,69733.54775465341,3.7544373647106113,1.1176076922656648,1.1260844644657482,1.4031944496691722,1.582995491418842,1.6005439389973617,-223.55044822598575,-99.04278018874174,54.589055440577795,1.0,443.93962468981044,1.0,31.72688089570147,0.3304053993489582,2.520802141934837,2.520802141934837,-0.6384436820379688,1.1176076922656648,1.4031944496691722,223.55044822598575,1.0,31.72688089570147,0.3304053993489582,1,1,False,0.28558675740350736,2.520802141934837,31.72688089570147,0.3304053993489582,88.68226684955131,False,False,False,True,True,False,10.5848634015274,1.3077125637230946,4.532563044707786,-0.03011218183200981,False,0.23570184265589414,31.391248914413154,-0.5193108238745481,False,0.003778046009855573,2.64530644464503,1.323939317062468,0.44102189444036305,1.0,10.5848634015274,0.0,1.0,0,103.7202032434434,53>68>83,4.586733880085376,0,260.2195533960621,27.765311069796475,-52.74580529964078,,,,correct_bull,Bull,Bull
trend_method_v2_0,320765,320766,2026-03-09T22:39:54.061057,Neutral,1.0,0.0,regime=NOISE|slope_sum=0.221365,Bull,69381.43,70042.99,661.56,03/09/2026  10:35:22 PM,03/09/2026  10:40:08 PM,False,False,False,False,False,True,False,False,True,False,False,False,NOISE,Bull,70046.9127631081,70020.2462536959,70023.79039620826,70027.23687338401,70022.20027633855,70008.47661700356,2.284328890797042,0.2535584031538747,-0.12880525384753128,-0.03219360612274613,0.18846622638739063,0.40796452625909296,-38.43614610454824,185.1143021214375,284.15708231017925,0.6,-219.99857459357008,0.0,-5.981203247749363,0.19438804076427396,0.22136479703112855,0.22136479703112855,-3.8146130955682906,0.2535584031538747,-0.03219360612274613,38.43614610454824,0.0,-5.981203247749363,0.19438804076427396,1,-1,True,0.2857520092766208,0.22136479703112855,5.981203247749363,0.19438804076427396,173.6326038287981,True,True,False,True,False,True,3.2953169065676775,4.242108201183149,-7.289546494959723,-11.822109539667508,False,0.6236948218829745,-3.5441425123572117,-34.935391426770366,True,1.0,2.413134144644573,-0.23217230000045674,0.9049165216428096,0.6666666666666666,3.2953169065676775,-0.33333333333333337,0.20754901167593476,0,18.76025638045394,53>68>83,0.6286243587692297,0,437.7889179394988,5.091513838621177,-249.45386318340934,,,,neutral_called_bull_truth,Bull,Neutral
trend_method_v2_0,320766,320767,2026-03-09T22:44:55.067943,Bear,1.0,0.7870405918547476,regime=REVERSAL|slope_sum=0.787041,Bear,70042.99,70028.96,-14.03,03/09/2026  10:40:24 PM,03/09/2026  10:45:09 PM,True,True,True,False,True,False,False,False,False,False,False,False,REVERSAL,Bull,70277.36600876488,70313.91046388556,70288.82695730554,70248.10870715485,70213.84075347253,70187.15745191506,-2.099714091189526,-0.39127384674793575,1.0450226406283036,1.1783144386026834,1.0175855842880992,0.8425492413971369,-90.20855684981507,-51.772410745266825,-236.88671286670433,0.8,-96.24802743864711,0.0,0.6169462283869507,0.603980626263434,0.7870405918547476,0.7870405918547476,0.5553720285871645,-0.39127384674793575,1.1783144386026834,90.20855684981507,0.0,0.6169462283869507,0.603980626263434,-1,1,True,1.5695882853506191,0.7870405918547476,0.6169462283869507,0.603980626263434,114.61741336266874,False,False,False,True,False,True,6.574459842853685,1.1637550181027796,3.279142936286007,10.56868943124573,True,0.5151361884069817,25.083506580020185,28.627649092377396,True,1.0,3.1447367318178294,0.7316025871732563,0.8893459626168201,0.6666666666666666,6.574459842853685,0.0,0.41407933785301926,1,60.95125523979368,53>68>83,3.0384492642879195,0,335.9294930554461,16.803193515663587,266.245964546255,,,,correct_bear,Bear,Bear
trend_method_v2_0,320767,320768,2026-03-09T22:49:57.107503,Bull,1.0,1.8675566587426147,regime=RUN|slope_sum=1.867557,Bull,70028.96,70288.99,260.03,03/09/2026  10:45:25 PM,03/09/2026  10:50:11 PM,True,True,True,True,False,False,False,False,False,False,False,False,RUN,Bull,70492.15747160713,70438.9243441282,70411.7351423226,70394.87911688554,70381.43023212047,70366.84385362765,3.4978285456618323,1.3255057270471298,0.796205551674575,0.5420509316954849,0.46579894787100784,0.4852709860770119,-125.31361797948193,-35.105061129666865,16.66734961559996,1.0,1.0055668010900263,1.0,61.90614536330395,0.11523911506200879,1.8675566587426147,1.8675566587426147,-1.2086014946509622,1.3255057270471298,0.5420509316954849,125.31361797948193,1.0,61.90614536330395,0.11523911506200879,1,1,False,0.7834547953516449,1.8675566587426147,61.90614536330395,0.11523911506200879,67.10030316502036,False,False,False,True,True,False,7.112660690027042,3.7636201821890887,0.538200847173357,-2.74094208911265,False,0.6160302491169263,27.189201805595076,2.105695225574891,False,0.24946852132088831,2.7016229939872574,-0.44311373783057206,0.4807552003216963,1.0,7.112660690027042,0.33333333333333337,0.6719652791174123,0,28.03526325788698,53>68>83,1.4931208656435047,0,271.9917739963712,7.64348443892728,-15.004768127855641,,,,correct_bull,Bull,Bull
trend_method_v2_0,320768,320769,2026-03-09T22:54:58.106169,Neutral,1.0,0.0,regime=NOISE|slope_sum=-0.688193,Bull,70288.99,70520.0,231.01,03/09/2026  10:50:26 PM,03/09/2026  10:55:12 PM,False,False,False,False,False,True,False,False,True,False,False,False,NOISE,Bear,70340.29925554871,70328.64774934392,70344.88770258712,70368.22316319472,70384.91230540037,70393.60880031806,1.1039494618362369,-0.01917203019365843,-0.6385510505479033,-0.6690208627715037,-0.48205171719382633,-0.2884862519476883,53.30954476934858,178.6231627488305,213.72822387849737,0.8,-152.92145502218045,0.0,-3.8982772779418156,0.29561524262563105,-0.6881928929651622,0.6881928929651622,-0.29441274444857873,-0.01917203019365843,-0.6690208627715037,53.30954476934858,0.0,-3.8982772779418156,0.29561524262563105,-1,-1,False,0.6498488325778453,0.6881928929651622,3.8982772779418156,0.29561524262563105,77.46308529816105,True,False,False,True,False,True,3.201231374490817,1.2237586290493774,-3.9114293155362247,-4.449630162709582,True,0.820124362970547,-16.239953243202763,-43.42915504879784,False,0.9417018172084136,1.7425005123841402,-0.9591224816031172,0.9891171430953879,0.8333333333333334,3.201231374490817,-0.16666666666666663,0.25202902587205156,1,25.38563712334144,83>68>53,1.4395588319130184,0,265.5006346237642,7.263488086181829,-171.25819131130265,,,,neutral_called_bull_truth,Bull,Neutral
trend_method_v2_0,320769,320770,2026-03-09T23:00:00.078914,Neutral,1.0,0.0,regime=NOISE|slope_sum=-0.351230,Bear,70520.0,70403.56,-116.44,03/09/2026  10:55:27 PM,03/09/2026  11:00:14 PM,False,False,False,False,False,True,False,False,False,True,False,False,NOISE,Bear,70268.59160928965,70271.00029168591,70275.16617381123,70284.78685141138,70295.05053763898,70305.26446225854,0.06994714013853809,-0.05024494569806848,-0.2039871493307146,-0.30098460415501904,-0.31069091959579964,-0.31472965631837724,36.6728529688844,-16.636691800464178,-195.2598545492947,1.0,-115.10928474993852,0.0,-4.365963927062694,0.054626167481737424,-0.3512295498530875,0.3512295498530875,0.174712360737262,-0.05024494569806848,-0.30098460415501904,36.6728529688844,0.0,-4.365963927062694,0.054626167481737424,-1,-1,False,0.25073965845695056,0.3512295498530875,4.365963927062694,0.054626167481737424,104.41277786628129,True,False,False,True,False,True,1.250584415236517,0.34993245087760333,-1.9506469592542999,1.9607823562819249,True,0.40368887736571085,-4.165882125322241,12.074071117880521,False,0.6047316866709534,0.2739342894692527,-1.4685662229148875,0.845008747484597,0.8333333333333334,1.250584415236517,0.0,0.0984569795405561,0,20.47761084715603,83>68>53,0.9264051800691959,0,230.36491567896155,5.5806745368173285,205.86535944426032,,,,neutral_called_bear_truth,Bear,Neutral
trend_method_v2_0,320770,320771,2026-03-09T23:05:01.075253,Bear,1.0,-2.1816502281162684,regime=RUN|slope_sum=-2.181650,Bear,70403.56,70281.6,-121.96,03/09/2026  11:00:31 PM,03/09/2026  11:05:15 PM,True,True,True,False,True,False,False,False,False,False,False,False,RUN,Bear,70078.98204170313,70114.67185369176,70153.80331044043,70182.51157647409,70201.27886213853,70214.80718434986,-1.6643627186367667,-1.3266187195058592,-1.1955188404936052,-0.8550315086104092,-0.6108318139649782,-0.4723622610890743,135.82514264673227,99.15228967784788,115.78898147831205,1.0,-2.112939849146642,1.0,26.782094618974952,0.36638069378192695,-2.1816502281162684,2.1816502281162684,0.5260901802712243,-1.3266187195058592,-0.8550315086104092,135.82514264673227,1.0,26.782094618974952,0.36638069378192695,-1,-1,False,0.47158721089544997,2.1816502281162684,26.782094618974952,0.36638069378192695,62.257982923325706,False,False,False,True,True,False,6.124725862300693,2.159965441546345,4.874141447064176,6.824788406318476,False,0.27341633717226416,-39.131456748669734,-34.96557462334749,False,0.05197967037621921,0.4688438781431614,0.19490958867390873,0.11198945346682006,1.0,6.124725862300693,0.16666666666666663,0.578630600128188,0,32.295607875770656,83>68>53,1.9382255836644617,1,294.41214422714256,8.856989152964882,-80.62849726629065,,,,correct_bear,Bear,Bear
trend_method_v2_0,320771,320772,2026-03-09T23:10:02.084063,Neutral,1.0,0.0,regime=NOISE|slope_sum=0.396279,Bear,70281.6,70110.45,-171.15,03/09/2026  11:05:32 PM,03/09/2026  11:10:16 PM,False,False,False,False,False,True,False,False,False,True,False,False,NOISE,Bull,70157.97430948485,70153.51143529329,70145.20240714893,70136.89744187167,70133.15991017979,70134.73701328381,0.4941593312596524,0.16284566296781122,0.28853136904035637,0.2334337999964191,0.09982922003655403,-0.032393350840720814,-23.237296201041318,-159.0624388477736,-258.21472852562147,0.8,10.387106842623325,0.0,-0.08275968648376875,0.0970740539117417,0.39627946296423033,0.39627946296423033,-0.2686214011310403,0.16284566296781122,0.2334337999964191,23.237296201041318,0.0,-0.08275968648376875,0.0970740539117417,1,1,False,0.07058813702860789,0.39627946296423033,0.08275968648376875,0.0970740539117417,58.63865875668355,False,False,False,True,False,True,1.311192734141514,2.5858604924852515,-4.813533128159179,-9.687674575223355,True,0.8884507635368792,8.309028144358308,47.44048489302804,False,0.27844949379318634,0.4569993743643863,-0.011844503778775106,0.4833228970538733,0.8333333333333334,1.311192734141514,-0.16666666666666663,0.10322859826674037,0,2.160428587856586,53>83>68,0.36565637087369396,0,274.85142032608564,0.7281371193826021,305.64336891487073,,,,neutral_called_bear_truth,Bear,Neutral
trend_method_v2_0,320772,320773,2026-03-09T23:15:04.065181,Neutral,1.0,0.0,regime=NOISE|slope_sum=0.224283,Bull,70110.45,70202.61,92.16,03/09/2026  11:10:32 PM,03/09/2026  11:15:18 PM,False,False,False,False,False,True,False,False,True,False,False,False,NOISE,Bull,70176.16821865091,70171.44919964315,70166.56823428039,70167.27958172305,70167.94718216121,70166.89768426544,0.09917166019840806,0.23979624911225983,0.08295658151837415,-0.015513429085331154,-0.0007103007246769266,0.03484772199408326,-9.270534385475912,13.966761815565405,173.029200663339,0.6,112.23084204767656,0.0,-1.243224131394527,0.08215867825617483,0.22428282002692868,0.22428282002692868,-1.1317629329757732,0.23979624911225983,-0.015513429085331154,9.270534385475912,0.0,-1.243224131394527,0.08215867825617483,1,-1,True,0.255309678197591,0.22428282002692868,1.243224131394527,0.08215867825617483,41.33412619104236,True,True,False,True,False,True,0.4729959426331334,8.261454803508085,-0.8381967915083806,3.9753363366507983,False,0.3568102411028895,4.880965362754068,-3.4280627816042397,False,0.48594358502583274,0.29746425650773745,-0.15953511785664887,0.7050177531132362,0.6666666666666666,0.4729959426331334,-0.16666666666666674,0.029790713064524438,0,0.3818974576133769,68>53>83,0.05107145180409134,1,272.1814903411869,0.18879448287885567,-169.7606729995914,,,,neutral_called_bull_truth,Bull,Neutral
trend_method_v2_0,320773,320774,2026-03-09T23:20:04.053751,Neutral,1.0,0.0,regime=NOISE|slope_sum=-0.076636,Bear,70202.61,70184.01,-18.6,03/09/2026  11:15:33 PM,03/09/2026  11:20:18 PM,False,False,False,False,False,True,False,False,False,True,False,False,NOISE,Bear,70162.97111897342,70159.35533605733,70163.32259130207,70165.3414639833,70165.90248398946,70166.08233780354,0.5341014613404695,-0.02678795288557012,-0.10512561003270093,-0.04984771890849515,-0.02130103025046992,-0.01137937693601998,3.111218830119469,12.381753215595381,-1.585008599970024,0.8,-32.976017443521414,0.0,1.7225117152265739,0.09571908072130533,-0.07663567179406527,0.07663567179406527,-0.604027003799737,-0.02678795288557012,-0.04984771890849515,3.111218830119469,0.0,1.7225117152265739,0.09571908072130533,-1,-1,False,0.023059766022925032,0.07663567179406527,1.7225117152265739,0.09571908072130533,40.597527982528945,False,False,True,True,False,True,0.7485431503537257,8.070158087585755,0.27554720772059227,1.1137439992289728,True,0.6558993353657776,-3.9672552447445923,-8.84822060749866,False,0.5938559721540235,0.6392270713731705,0.34176281486543303,0.9597787558690819,0.8333333333333334,0.7485431503537257,0.16666666666666674,0.05893188555821063,1,0.7408738202357199,83>68>53,0.08252812609498505,0,185.41095387893438,0.5073081013200276,10.774992022334118,,,,neutral_called_bear_truth,Bear,Neutral
trend_method_v2_0,320774,320775,2026-03-09T23:25:05.089499,Neutral,0.7690408847590868,0.0,regime=NOISE|slope_sum=-0.076235,Bear,70184.01,70171.8,-12.21,03/09/2026  11:20:35 PM,03/09/2026  11:25:19 PM,False,False,False,False,False,True,False,False,False,True,False,False,NOISE,Bear,70199.80010626541,70201.28317336839,70204.17441419559,70205.7077647613,70204.30807066249,70201.62540177142,-0.161558037292707,-0.051588838894531364,-0.09774609271153167,-0.024645904981298372,0.04073124739988998,0.07039701819303446,1.8252955060161185,-1.2859233241033508,-13.667676539698732,0.6,36.358410429776995,0.0,-0.44022880372358486,0.04159834453755701,-0.07623474387582974,0.07623474387582974,0.3351873587730487,-0.051588838894531364,-0.024645904981298372,1.8252955060161185,0.0,-0.44022880372358486,0.04159834453755701,-1,-1,False,0.02694293391323299,0.07623474387582974,0.44022880372358486,0.04159834453755701,23.943092259733156,False,False,False,True,False,True,0.44666713947299286,2.2897799160468164,-0.3018760108807328,-0.5774232186013251,True,0.7516382848151923,-2.891240827200818,1.0760144175437745,False,0.30908544518412134,0.15612645221517596,-0.4831006191579945,0.5021871442387374,0.6666666666666666,0.44666713947299286,-0.16666666666666674,0.028132445520177966,1,4.082362989880494,53>68>83,0.1357741705742228,0,27.634438355264137,1.3212632324774307,14.260590338084512,,,,neutral_called_bear_truth,Bear,Neutral
trend_method_v2_0,320775,320776,2026-03-09T23:30:06.096786,Bear,1.0,-0.6295605465256813,regime=RUN|slope_sum=-0.629561,Bear,70171.8,70169.58,-2.22,03/09/2026  11:25:35 PM,03/09/2026  11:30:20 PM,True,True,True,False,True,False,False,False,False,False,False,False,RUN,Bear,70116.03270984965,70131.45000275613,70140.76041822082,70148.61660015177,70155.15674055209,70160.74780071921,-0.6226156110551528,-0.3835302067327575,-0.299482094562336,-0.24603033979292377,-0.2097944294437184,-0.1804375238752982,44.71509086956212,42.889795363546,44.17571868764935,1.0,-76.42066502009402,1.0,18.67920934470021,0.05127396250734037,-0.6295605465256813,0.6295605465256813,0.8980983563753775,-0.3835302067327575,-0.24603033979292377,44.71509086956212,1.0,18.67920934470021,0.05127396250734037,-1,-1,False,0.13749986693983374,0.6295605465256813,18.67920934470021,0.05127396250734037,71.02587847400645,False,False,False,True,True,False,1.9418902054621867,2.0520277981026633,1.4952230659891939,1.7970990768699266,False,0.2689395947675622,-9.31041546468623,-6.419174637485412,False,0.12305504895161291,0.32313351649281685,0.1670070642776409,0.24749280666889834,1.0,1.9418902054621867,0.33333333333333337,0.1834591653948006,0,12.131200567440828,83>68>53,0.6362622931119404,1,56.55747190324473,3.305763316447725,-37.5895369858863,,,,correct_bear,Bear,Bear
trend_method_v2_0,320776,320777,2026-03-09T23:35:06.084531,Neutral,1.0,0.0,regime=NOISE|slope_sum=0.095704,Bear,70169.58,70119.71,-49.87,03/09/2026  11:30:37 PM,03/09/2026  11:35:20 PM,False,False,False,False,False,True,False,False,False,True,False,False,NOISE,Bull,70091.35247259834,70095.1392089966,70090.41719355588,70089.57813644667,70092.28597474287,70096.95460413958,-0.638643049995153,0.09458110216655768,0.1118823530505324,0.0011227548948227195,-0.08143148579074477,-0.1305178150323627,5.602131541236304,-39.112959328325815,-82.00275469187181,0.4,-22.91559552741819,0.0,-4.666911046660971,0.11488653045158745,0.0957038570613804,0.0957038570613804,0.6809363416090165,0.09458110216655768,0.0011227548948227195,5.602131541236304,0.0,-4.666911046660971,0.11488653045158745,1,1,False,0.09345834727173497,0.0957038570613804,4.666911046660971,0.11488653045158745,58.53611038522025,True,True,False,True,False,True,1.0581785609301733,3.9662944179363198,-0.8837116445320135,-2.3789347105212073,False,0.6194570506018822,4.722015440711402,14.032430905397632,False,0.08379812720746621,0.7505254030456854,0.4273918865528685,0.8880838076819628,0.5,1.0581785609301733,-0.5,0.04998546135122904,0,7.376467692913138,83>68>53,0.2130720557179302,0,83.28867801597517,1.9419154645965766,96.46257748382232,,,,neutral_called_bear_truth,Bear,Neutral
trend_method_v2_0,320777,320778,2026-03-09T23:40:07.124305,Neutral,1.0,0.0,regime=NOISE|slope_sum=-0.172680,Bear,70119.71,70043.59,-76.12,03/09/2026  11:35:35 PM,03/09/2026  11:40:21 PM,False,False,False,False,False,True,False,False,False,True,False,False,NOISE,Bear,70049.30047425476,70047.66368185011,70050.80709989065,70054.0267684985,70057.38739938884,70060.66980500767,0.5315685692603438,-0.07050613826868357,-0.09458158700363128,-0.10217382293740229,-0.1036600360457669,-0.1023247120083397,11.369330752902897,5.767199211666593,44.88015853999241,0.8,27.50839744771656,0.0,-3.6884724992269184,0.06065218391013332,-0.17267996120608586,0.17267996120608586,-0.25723245569939146,-0.07050613826868357,-0.10217382293740229,11.369330752902897,0.0,-3.6884724992269184,0.06065218391013332,-1,-1,False,0.03166768466871872,0.17267996120608586,3.6884724992269184,0.06065218391013332,65.84047548710129,True,False,False,True,False,True,1.0048148655241675,2.260707181666722,-0.05336369540600572,0.8303479491260077,True,0.5773272245208052,-3.1434180405340157,-7.865433481245418,False,0.1458342750512485,0.6261501562639751,-0.1243752467817103,0.8987935100536463,0.8333333333333334,1.0048148655241675,0.33333333333333337,0.07910784386214284,1,6.64303650916554,83>68>53,0.3081585709915089,1,87.76995390353841,2.005897696945676,-37.1391003055287,,,,neutral_called_bear_truth,Bear,Neutral
trend_method_v2_0,320778,320779,2026-03-09T23:45:08.078842,Bear,1.0,-2.018393175840174,regime=RUN|slope_sum=-2.018393,Bull,70043.59,70073.01,29.42,03/09/2026  11:40:37 PM,03/09/2026  11:45:22 PM,False,True,False,False,True,False,False,True,False,False,False,False,RUN,Bear,69863.93003978182,69899.1789358062,69932.64945054517,69958.49337493656,69976.83433775044,69989.997218742,-1.9853308342517266,-1.2320358628021495,-1.0279427110108372,-0.7863573130380246,-0.586919011469945,-0.44828012337166,126.06717896019109,114.69784820728819,108.9306489956216,1.0,-34.387787133746315,1.0,24.559051315227407,0.29265377969866324,-2.018393175840174,2.018393175840174,0.5942717581179956,-1.2320358628021495,-0.7863573130380246,126.06717896019109,1.0,24.559051315227407,0.29265377969866324,-1,-1,False,0.4456785497641249,2.018393175840174,24.559051315227407,0.29265377969866324,62.459178156760515,False,False,False,True,True,False,6.066865855944343,2.330594483089688,5.062050990420175,5.115414685826181,False,0.2799013203105613,-33.47051473897591,-30.327096698441892,False,0.09030756050353643,0.9573881232408894,0.3312379669769143,0.22551668941306421,1.0,6.066865855944343,0.16666666666666663,0.5731643031943985,0,31.503843805447104,83>68>53,1.8215564478796296,0,159.5780067472806,8.618129664589159,-78.27231433020279,,,,bear_called_bull_truth,Bull,Bear
trend_method_v2_0,320779,320780,2026-03-09T23:50:10.081636,Neutral,1.0,0.0,regime=NOISE|slope_sum=-0.167490,Bear,70073.01,69820.8,-252.21,03/09/2026  11:45:39 PM,03/09/2026  11:50:24 PM,False,False,False,False,False,True,False,False,False,True,False,False,NOISE,Bear,69567.63137051082,69553.6176818842,69548.96041824772,69565.83634140916,69596.35399884239,69631.51908533495,0.5620606178181333,0.4389726262725162,-0.049772096010201494,-0.6064624156588252,-0.9112696207848785,-1.0259803848603042,63.887714824129944,-62.17946413606114,-176.87731234334933,0.6,-287.80554714139726,0.0,-22.20237449502747,0.20542917724607318,-0.16748978938630898,0.16748978938630898,-1.146908840274008,0.4389726262725162,-0.6064624156588252,63.887714824129944,0.0,-22.20237449502747,0.20542917724607318,1,-1,True,1.0454350419313414,0.16748978938630898,22.20237449502747,0.20542917724607318,381.4424452870694,True,False,False,True,False,True,3.594517761404859,0.41309911108668745,-2.472348094539484,-7.534399084959659,True,0.7169342214840146,4.657263636487187,38.127778375463095,True,1.0,0.6118327138283348,-0.3455554094125546,0.582251241480762,0.6666666666666666,3.594517761404859,-0.33333333333333337,0.22639358519488428,1,65.68274392579042,83>68>53,2.543712421304008,0,182.64451155501592,17.788170949969206,214.65953530939987,,,,neutral_called_bear_truth,Bear,Neutral
trend_method_v2_0,320780,320781,2026-03-09T23:55:11.071784,Neutral,1.0,0.0,regime=NOISE|slope_sum=-0.169714,Bear,69820.8,69490.01,-330.79,03/09/2026  11:50:40 PM,03/09/2026  11:55:25 PM,False,False,False,False,False,True,False,False,False,True,False,False,NOISE,Bear,69507.90479210406,69494.98974182505,69500.45784103179,69501.48391517437,69503.65340825112,69508.74849672838,1.7527565790715016,-0.12884490645046753,-0.08250468119149446,-0.040868877918910584,-0.08285624681593617,-0.1635833413238288,0.8437046243197983,-63.044010199810145,-0.8645460637490032,0.8,235.70754480049072,0.0,-10.132365329918684,0.17000671518839056,-0.16971378436937812,0.16971378436937812,-1.9887135101471012,-0.12884490645046753,-0.040868877918910584,0.8437046243197983,0.0,-10.132365329918684,0.17000671518839056,-1,-1,False,0.08797602853155695,0.16971378436937812,10.132365329918684,0.17000671518839056,4.971338229565931,True,False,False,True,False,True,2.251414632772139,6.836227952685335,-1.3431031286327197,1.1292449659067643,True,0.6489550326489766,-5.468099206744228,-10.125362843231414,False,0.2192586499741651,1.9279417107809422,1.3161089969526074,0.981587321222541,0.8333333333333334,2.251414632772139,0.16666666666666674,0.17725111694617768,1,7.264581554016331,83>68>53,0.28730846605867555,0,239.92132254315948,2.163957572423678,12.306017903933025,,,,neutral_called_bear_truth,Bear,Neutral
trend_method_v2_0,320781,320782,2026-03-10T00:00:13.106020,Neutral,1.0,0.0,regime=NOISE|slope_sum=-0.697615,Bull,69490.01,69512.23,22.22,03/10/2026  11:55:41 PM,03/10/2026  12:00:27 AM,False,False,False,False,False,True,False,False,True,False,False,False,NOISE,Bear,69439.904076486,69442.05361376927,69456.23104540491,69468.57369678901,69476.97347514797,69482.54341457807,0.7186209390474687,-0.33789365639313473,-0.4457992166499025,-0.35972145984123927,-0.2611636525780341,-0.1907954779399006,42.639338092078106,41.79563346775831,104.83964366756845,1.0,96.56550645625975,0.0,-7.4483101068326505,0.19422370472235517,-0.697615116234374,0.697615116234374,0.08105318831736313,-0.33789365639313473,-0.35972145984123927,42.639338092078106,0.0,-7.4483101068326505,0.19422370472235517,-1,-1,False,0.021827803448104532,0.697615116234374,7.4483101068326505,0.19422370472235517,61.1215799368556,True,False,False,True,False,True,2.31399440244968,1.8508682232080014,0.06257976967754075,1.4056828983102605,True,0.559691866237896,-14.177431635645917,-8.70933242890169,False,0.137688581800899,1.1644201556973712,-0.763521555083571,0.7750845038674393,0.8333333333333334,2.31399440244968,0.0,0.18217794557743733,0,13.969717789062997,83>68>53,0.811680590359174,0,167.0191078036296,3.837754970679554,-96.89383279375033,,,,neutral_called_bull_truth,Bull,Neutral
trend_method_v2_0,320782,320783,2026-03-10T00:05:14.102134,Neutral,1.0,0.0,regime=NOISE|slope_sum=0.920606,Bear,69512.23,69442.18,-70.05,03/10/2026  12:00:42 AM,03/10/2026  12:05:28 AM,False,False,False,False,False,True,False,False,False,True,False,False,NOISE,Bull,69600.96057576667,69595.2546358691,69579.0444750425,69560.99260385118,69545.79659652356,69534.72826037408,-0.07801876643134165,0.37114746360020945,0.5571860533145809,0.5494581041548372,0.4600645209720824,0.353633059110507,-66.23231539259723,-108.87165348467533,-150.66728695243364,1.0,78.38992794630758,0.0,-4.8092197822988965,0.21639711136674689,0.9206055677550466,0.9206055677550466,-0.1665382804620835,0.37114746360020945,0.5494581041548372,66.23231539259723,0.0,-4.8092197822988965,0.21639711136674689,1,1,False,0.17831064055462775,0.9206055677550466,4.8092197822988965,0.21639711136674689,71.94429157549938,True,True,False,True,False,True,2.3695079675835586,0.7382519069412847,0.05551356513387873,-0.007066204543662025,True,0.47200361733500484,16.210160826609354,30.38759246225527,False,0.2004005956099154,0.6352048197459226,-0.5292153359514487,0.6311952884270902,0.8333333333333334,2.3695079675835586,0.0,0.18654846057827867,0,26.264343477101647,53>68>83,1.3631556842374266,0,213.7112971522438,7.14140823231187,180.52566407873746,,,,neutral_called_bear_truth,Bear,Neutral
trend_method_v2_0,320783,320784,2026-03-10T00:10:16.062239,Neutral,1.0,0.0,regime=NOISE|slope_sum=-0.274743,Bull,69442.18,69542.19,100.01,03/10/2026  12:05:44 AM,03/10/2026  12:10:30 AM,False,False,False,False,False,True,False,False,True,False,False,False,NOISE,Bear,69590.89970580055,69586.50089925478,69592.36216221828,69591.08651894504,69588.38510770598,69584.62978360734,2.5795995524349564,-0.31404043070506305,-0.07302878408518154,0.039297677925787866,0.07633991596958367,0.11070145715711988,-6.269922193212551,59.96239319938468,168.83404668406,0.2,-2.283322562740068,0.0,-17.17300285572128,0.12159128079365478,-0.2747427527792752,0.2747427527792752,-0.9592610905240274,-0.31404043070506305,0.039297677925787866,6.269922193212551,0.0,-17.17300285572128,0.12159128079365478,-1,1,True,0.3533381086308509,0.2747427527792752,17.17300285572128,0.12159128079365478,22.821064904484402,True,False,False,True,False,True,3.1930078182776924,13.107189207651075,0.8234998506941338,0.767986285560255,False,0.37164566278142364,-5.861262963502668,-22.07142379011202,False,0.6226577506312078,3.134651629759901,2.4994468100139784,1.0566233967170586,0.6666666666666666,3.1930078182776924,-0.16666666666666674,0.20110527628959543,0,6.45673533770605,53>68>83,0.2263390510524914,1,210.62968015181832,1.7981181174421903,-144.263176083934,,,,neutral_called_bull_truth,Bull,Neutral
trend_method_v2_0,320784,320785,2026-03-10T00:15:17.070238,Neutral,1.0,0.0,regime=NOISE|slope_sum=0.227238,Bull,69542.19,69643.28,101.09,03/10/2026  12:10:46 AM,03/10/2026  12:15:31 AM,False,False,False,False,False,True,False,False,True,False,False,False,NOISE,Bull,69725.9897081252,69734.932525475,69731.58158025453,69723.18912918461,69711.80027733457,69699.92188012265,-1.137279148946618,-0.05087180994087248,0.14327307476924034,0.27810943122130993,0.34207097933540354,0.3536488874688075,-26.067828002545866,-19.797905809333315,-79.760299008718,0.8,65.39057328205672,0.0,-6.232381449575769,0.12521456379701185,0.22723762128043745,0.22723762128043745,0.761518825380983,-0.05087180994087248,0.27810943122130993,26.067828002545866,0.0,-6.232381449575769,0.12521456379701185,-1,1,True,0.3289812411621824,0.22723762128043745,6.232381449575769,0.12521456379701185,114.71616300003052,True,True,False,True,False,True,2.305253331682252,1.3672047414842088,-0.8877544865954405,-1.7112543372895743,True,0.8310243330497873,3.3509452204743866,9.212208183977054,True,1.0,1.2805522237158584,-1.8540994060440426,0.961791428834919,0.6666666666666666,2.305253331682252,0.0,0.14519181742421622,1,23.267249061958864,53>68>83,0.973829298025521,0,188.63195249339333,6.556343984699925,87.118407786651,,,,neutral_called_bull_truth,Bull,Neutral
trend_method_v2_0,320785,320786,2026-03-10T00:20:19.112068,Neutral,1.0,0.0,regime=NOISE|slope_sum=-0.584481,Bull,69643.28,69683.25,39.97,03/10/2026  12:15:47 AM,03/10/2026  12:20:33 AM,False,False,False,False,False,True,False,False,True,False,False,False,NOISE,Bear,69622.18731782888,69621.46095771324,69631.80607204525,69643.03544423432,69653.50272293076,69661.7662961655,0.28228020791357267,-0.23543927003447607,-0.3366828788402927,-0.34904134039607015,-0.3178198200366751,-0.2555522210714116,39.57897833661991,65.64680633916578,85.4447121484991,0.8,-153.44768047246907,0.0,-13.209946291375672,0.17103045099855602,-0.5844806104305462,0.5844806104305462,-0.033667550553336006,-0.23543927003447607,-0.34904134039607015,39.57897833661991,0.0,-13.209946291375672,0.17103045099855602,-1,-1,False,0.11360207036159409,0.5844806104305462,13.209946291375672,0.17103045099855602,67.7164950047955,True,False,False,True,False,True,1.7768157382924983,0.9262683889029109,-0.5284375933897536,0.35931689320568694,True,0.49234461703033167,-10.3451143320126,-13.696059552486986,False,0.17696152649384272,0.6189630867538654,-0.6615891369619931,0.7244398167164692,0.8333333333333334,1.7768157382924983,0.16666666666666674,0.1398865271796283,0,18.730851931177313,83>68>53,0.9224133815041569,1,145.40710534788377,5.078222564370067,-72.4102417329741,,,,neutral_called_bull_truth,Bull,Neutral
trend_method_v2_0,320786,320787,2026-03-10T00:25:21.090364,Neutral,1.0,0.0,regime=NOISE|slope_sum=0.155916,Bear,69683.25,69637.81,-45.44,03/10/2026  12:20:48 AM,03/10/2026  12:25:35 AM,False,False,False,False,False,True,False,False,False,True,False,False,NOISE,Bull,69737.99061962546,69737.02020432986,69737.59991657147,69731.18202664545,69721.76874771829,69713.35822006382,0.35058347188351036,-0.0667437407282705,0.05466974499177013,0.22265984825025953,0.27151060731193866,0.24357868626975687,-24.63239956164034,-64.21137789826025,-129.85818423742603,0.8,89.74750785547076,0.0,-9.099274955442525,0.08469113373430448,0.15591610752198903,0.15591610752198903,-0.16621886963465737,-0.0667437407282705,0.22265984825025953,24.63239956164034,0.0,-9.099274955442525,0.08469113373430448,-1,1,True,0.28940358897853,0.15591610752198903,9.099274955442525,0.08469113373430448,157.98495712296054,True,True,False,True,False,True,1.209746099435506,0.6397797446859826,-0.5670696388569922,-0.03863204546723864,False,0.16765441362548922,-0.5797122416115599,9.76540209040104,True,1.0,0.5387406983318215,-0.08022238842204388,1.1414071418323235,0.8333333333333334,1.209746099435506,0.0,0.09524182894831841,0,17.82380658162583,53>68>83,0.7377491418319551,0,149.65609004675935,4.901051302139241,139.54336393940503,,,,neutral_called_bear_truth,Bear,Neutral
trend_method_v2_0,320787,320788,2026-03-10T00:30:23.107123,Neutral,1.0,0.0,regime=NOISE|slope_sum=-0.245562,Bull,69637.81,69740.91,103.1,03/10/2026  12:25:51 AM,03/10/2026  12:30:37 AM,False,False,False,False,False,True,False,False,True,False,False,False,NOISE,Bear,69784.32581464174,69797.90655896204,69801.73246021806,69799.82144124666,69794.98332653016,69788.8428243299,-0.46847057145714643,-0.3139281137191574,-0.06987752201166586,0.06836618193119648,0.13873676086950582,0.17640702810604125,4.517009688162943,29.149409249803284,93.36078714806354,0.4,23.892680367760477,0.0,7.340376464009751,0.037665955458041495,-0.24556193178796093,0.24556193178796093,7.092208446601158,-0.3139281137191574,0.06836618193119648,4.517009688162943,0.0,7.340376464009751,0.037665955458041495,-1,1,True,0.3822942956503539,0.24556193178796093,7.340376464009751,0.037665955458041495,18.394584434460768,False,False,False,True,False,True,1.2357861780947133,2.222305211968567,0.02604007865920721,0.5931097175161995,True,0.5758652661100243,-3.8259012560156407,-3.246189014404081,False,0.6358702660600144,0.3985930494454806,-0.1401476488863409,0.4676806017624411,0.5,1.2357861780947133,-0.33333333333333337,0.05837515947141976,1,10.978616916763713,53>68>83,0.38350997090674355,1,159.00759348722931,3.1934387574626277,-90.2547457825458,,,,neutral_called_bull_truth,Bull,Neutral
trend_method_v2_0,320788,320789,2026-03-10T00:35:25.207894,Neutral,1.0,0.0,regime=NOISE|slope_sum=0.353332,Bull,69740.91,69792.47,51.56,03/10/2026  12:30:52 AM,03/10/2026  12:35:39 AM,False,False,False,False,False,True,False,False,True,False,False,False,NOISE,Bull,69848.90648585153,69853.79523298476,69845.43095773364,69836.53183736822,69829.79762449164,69824.72970462727,-0.5614199347783142,0.0943238195777667,0.2809366073397541,0.2590084033636231,0.20529868966514186,0.1668411685495812,-24.176781224261504,-28.693790912424447,-57.84320016222773,0.8,-39.597723968705395,0.0,-5.861126649135258,0.15279017653111143,0.3533322229413898,0.3533322229413898,0.28318572090539257,0.0943238195777667,0.2590084033636231,24.176781224261504,0.0,-5.861126649135258,0.15279017653111143,1,1,False,0.16468458378585638,0.3533322229413898,5.861126649135258,0.15279017653111143,68.42506755539223,True,True,False,True,False,True,1.5678286232741812,1.4840892682702294,0.3320424451794679,0.3060023665202607,True,0.5389751909847684,8.364275251122308,12.190176507137949,False,0.4972887476968185,0.8423565421180683,0.44376349267258774,0.8992998856013209,0.8333333333333334,1.5678286232741812,0.33333333333333337,0.12343322754074959,1,11.802132740951492,53>68>83,0.6311482615783461,0,122.05457806048798,3.4775858020237345,70.47714016203827,,,,neutral_called_bull_truth,Bull,Neutral
trend_method_v2_0,320789,320790,2026-03-10T00:40:26.066078,Bull,1.0,0.19407565612164035,regime=RUN|slope_sum=0.194076,Bull,69792.47,69840.01,47.54,03/10/2026  12:35:53 AM,03/10/2026  12:40:40 AM,True,True,True,True,False,False,False,False,False,False,False,False,RUN,Bull,69957.65502982614,69948.6097371896,69950.15758105618,69947.63076931209,69940.14866597347,69930.55001830938,0.8967474610308273,0.07160880754418031,-0.019636094959423644,0.12246684857746004,0.22921117934311042,0.27837959094540565,-27.105011516759987,-2.9282302924984833,25.765560619925964,0.8,69.93343338473642,1.0,-3.368797084389371,0.11492718962891516,0.19407565612164035,0.19407565612164035,-9.239621477964281,0.07160880754418031,0.12246684857746004,27.105011516759987,1.0,-3.368797084389371,0.11492718962891516,1,1,False,0.05085804103327973,0.19407565612164035,3.368797084389371,0.11492718962891516,139.66208878753676,False,False,False,True,True,False,1.6180499824004073,1.5680984309223849,0.05022135912622616,-0.28182108605324174,False,0.32878905608533693,-1.5478438665741123,-9.91211911769642,True,1.0,0.9163835559902509,0.07402701387218258,0.9275208896473573,0.8333333333333334,1.6180499824004073,0.0,0.12738709364346656,0,17.080751002707984,53>68>83,0.6300576188659761,0,60.771430454726215,4.672210798223387,-15.77941448835736,,,,correct_bull,Bull,Bull
trend_method_v2_0,320790,320791,2026-03-10T00:45:27.073786,Neutral,1.0,0.0,regime=NOISE|slope_sum=-0.127840,Bull,69840.01,69985.41,145.4,03/10/2026  12:40:57 AM,03/10/2026  12:45:41 AM,False,False,False,False,False,True,False,False,True,False,False,False,NOISE,Bear,69963.40110315804,69967.45893523992,69969.57562544459,69970.63472707088,69970.43139403229,69969.02947219019,-0.12638412942760624,-0.10002242883638246,-0.0608744398887211,-0.02781708038128272,0.0067009231861447915,0.04008235674518801,5.628369032143382,32.73338054890337,35.66161084140185,0.6,-67.34085980130476,0.0,3.6747022164199734,0.014931494995003694,-0.12783950921766518,0.12783950921766518,1.277738685841768,-0.10002242883638246,-0.02781708038128272,5.628369032143382,0.0,3.6747022164199734,0.014931494995003694,-1,-1,False,0.07220534845509974,0.12783950921766518,3.6747022164199734,0.014931494995003694,44.02683541721263,False,False,False,True,False,True,0.3618813584653253,3.8509331181357345,-1.256168623935082,-1.3063899830613082,True,0.917541637813031,-2.116690204667975,-0.5688463380938629,False,0.24331106787756515,0.06550968953888514,-0.8508738664513658,0.22803349320048724,0.6666666666666666,0.3618813584653253,-0.16666666666666674,0.0227923809524146,1,1.6052548806910636,53>68>83,0.07460036031261552,0,64.3554017538263,0.6676505244794468,-35.943638369759356,,,,neutral_called_bull_truth,Bull,Neutral
trend_method_v2_0,320791,320792,2026-03-10T00:50:29.105915,Neutral,1.0,0.0,regime=NOISE|slope_sum=0.178981,Bear,69985.41,69959.37,-26.04,03/10/2026  12:45:57 AM,03/10/2026  12:50:43 AM,False,False,False,False,False,True,False,False,False,True,False,False,NOISE,Bull,69937.82263055388,69930.83101093513,69927.69529806334,69928.38516893046,69931.25156392665,69934.79608849084,-0.04844152905207011,0.20922664661156887,0.06480843058670871,-0.030245650494180154,-0.08060831147122371,-0.09792766805549036,-3.026542063045781,-8.654911095189163,-41.38829164409253,0.4,-72.71283758015488,0.0,3.6534803435206413,0.025808633173472213,0.1789809961173887,0.1789809961173887,-2.858573694678881,0.20922664661156887,-0.030245650494180154,3.026542063045781,0.0,3.6534803435206413,0.025808633173472213,1,-1,True,0.23947229710574902,0.1789809961173887,3.6534803435206413,0.025808633173472213,16.909851485354096,False,False,False,True,False,True,0.5312582362712419,1.5445640797903304,0.1693768778059166,1.4255455017409986,False,0.2428021509943819,3.1357128717936575,5.252403076461633,False,0.5270063143061303,0.40208639168849913,0.336576702149614,1.2468699555103484,0.6666666666666666,0.5312582362712419,0.0,0.03346024828842421,1,6.410919560381444,83>68>53,0.20878163002089423,0,44.316521936591016,1.9652934892496383,46.97727142270378,,,,neutral_called_bear_truth,Bear,Neutral
trend_method_v2_0,320792,320793,2026-03-10T00:55:30.067390,Neutral,1.0,0.0,regime=NOISE|slope_sum=0.101447,Bear,69959.37,69911.56,-47.81,03/10/2026  12:50:58 AM,03/10/2026  12:55:44 AM,False,False,False,False,False,True,False,False,False,True,False,False,NOISE,Bull,69914.59839597202,69918.1522573658,69915.34813951209,69911.8547004671,69910.30408144696,69910.40151001122,-0.6599326597770414,0.009793360868570744,0.10694948040509189,0.09165345576730033,0.04281770674606378,0.0030691705305798678,-4.1968859608023195,-1.1703438977565384,7.484567197432625,0.6,9.838805219726055,0.0,-0.7108750649786089,0.042509509730596265,0.10144681663587107,0.10144681663587107,0.5643238243628255,0.009793360868570744,0.09165345576730033,4.1968859608023195,0.0,-0.7108750649786089,0.042509509730596265,1,1,False,0.08186009489872959,0.10144681663587107,0.7108750649786089,0.042509509730596265,41.37030712226728,False,False,False,True,False,True,0.914215834094648,5.64689268857999,0.3829575978234061,0.2135807200174895,True,0.6398215047630844,2.804117853709613,-0.33159501808404457,False,0.8322233592788162,0.7668821401821333,0.36479574849363416,0.9873906659147584,0.8333333333333334,0.914215834094648,0.16666666666666674,0.07197509306565751,1,1.4531904558825772,53>83>68,0.13754033304394397,0,42.55863554184907,0.7431472510800443,-6.788176430854946,,,,neutral_called_bear_truth,Bear,Neutral
trend_method_v2_0,320793,320794,2026-03-10T01:00:32.077626,Neutral,1.0,0.0,regime=NOISE|slope_sum=0.081290,Bull,69911.56,69917.21,5.65,03/10/2026  12:55:59 AM,03/10/2026  01:00:46 AM,False,False,False,False,False,True,False,False,True,False,False,False,NOISE,Bull,70042.2097907372,70042.94729360973,70045.5406941478,70043.75368084405,70035.78549032379,70025.26988063885,-0.44433829871013586,-0.022586518858588533,-0.06963682520290604,0.10387619697576156,0.2412870420885156,0.2989357506703527,-16.939910098342807,-12.743024137540488,-11.57268023978395,0.6,139.26294910725846,0.0,-5.515984274286893,0.08632849202757435,0.08128967811717303,0.08128967811717303,0.9145765709505147,-0.022586518858588533,0.10387619697576156,16.939910098342807,0.0,-5.515984274286893,0.08632849202757435,-1,1,True,0.1264627158343501,0.08128967811717303,5.515984274286893,0.08632849202757435,208.3894350513381,True,True,False,True,False,True,1.1806606325062603,0.8330422051937932,0.2664447984116123,-0.11651279941179382,True,0.5167373694844326,-2.5934005380695453,-5.397518391779158,False,0.5101778386277593,0.46880208619586483,-0.29808005398626847,0.8737152431810986,0.5,1.1806606325062603,-0.33333333333333337,0.055771179453099534,1,18.48380020519835,53>68>83,0.6440989897346299,0,22.56827913048619,5.155116322987603,16.67211857757684,,,,neutral_called_bull_truth,Bull,Neutral
trend_method_v2_0,320794,320795,2026-03-10T01:05:33.104378,Neutral,1.0,0.0,regime=NOISE|slope_sum=0.725129,Bull,69917.21,70015.85,98.64,03/10/2026  01:01:01 AM,03/10/2026  01:05:47 AM,False,False,False,False,False,True,False,False,True,False,False,False,NOISE,Bull,70209.64354000216,70209.44338072816,70198.79734434957,70184.58042449917,70168.6454290994,70153.68665889115,-0.7406777817432157,0.2622609491681942,0.35939415486791404,0.4628685260177008,0.4831170553297852,0.4585846256231889,-55.95688111100753,-39.016971012664726,-26.27394687512424,1.0,13.548407624664833,0.0,-15.840292138876976,0.19100064314053658,0.725129475185895,0.725129475185895,-0.008050501804632283,0.2622609491681942,0.4628685260177008,55.95688111100753,0.0,-15.840292138876976,0.19100064314053658,1,1,False,0.20060757684950659,0.725129475185895,15.840292138876976,0.19100064314053658,77.16812379839114,True,True,False,True,False,True,2.766903092749999,0.9699286507846078,1.5862424602437386,1.3197976618321263,True,0.4969469605710425,10.646036378588178,13.239436916657723,False,0.1562493496298519,1.1000719366111298,0.631269850415265,0.8074912879915047,0.8333333333333334,2.766903092749999,0.33333333333333337,0.21783489213086538,1,30.893765608023386,53>68>83,1.404570206970675,0,52.93033904796175,8.508706887238594,40.14465364219723,,,,neutral_called_bull_truth,Bull,Neutral
trend_method_v2_0,320795,320796,2026-03-10T01:10:35.073183,Bull,1.0,0.6642001272120979,regime=RUN|slope_sum=0.664200,Bull,70015.85,70182.7,166.85,03/10/2026  01:06:02 AM,03/10/2026  01:10:49 AM,True,True,True,True,False,False,False,False,False,False,False,False,RUN,Bull,70213.73636743348,70192.314786695,70181.26342834275,70177.8270171673,70177.87939704896,70177.79031734714,1.4836571345076663,0.5652186246225028,0.29067894594118115,0.09898150258959504,0.024660349197802134,0.027324141561621218,-35.94605008633516,20.01083102467237,59.027802037337096,0.8,-104.31311979630846,1.0,24.295715013620793,0.074861060022626,0.6642001272120979,0.6642001272120979,-1.4785975643832703,0.5652186246225028,0.09898150258959504,35.94605008633516,1.0,24.295715013620793,0.074861060022626,1,1,False,0.4662371220329078,0.6642001272120979,24.295715013620793,0.074861060022626,54.11930623562885,False,False,False,True,True,False,2.4905206984203687,15.497229893771719,-0.2763823943296302,-1.8626248545733688,False,0.6757535051293058,11.051358352255193,0.4053219736670144,False,0.3207623062891896,1.1929781885664852,0.0929062519553554,0.50991677432484,1.0,2.4905206984203687,0.16666666666666663,0.23529077362122458,0,0.03669982016435824,68>53>83,0.1509659933490184,0,71.77082617487758,0.11767569832407535,-58.52957381171473,,,,correct_bull,Bull,Bull
trend_method_v2_0,320796,320797,2026-03-10T01:15:36.076967,Neutral,1.0,0.0,regime=NOISE|slope_sum=-1.098609,Bull,70182.7,70221.92,39.22,03/10/2026  01:11:04 AM,03/10/2026  01:15:50 AM,False,False,False,False,False,True,False,False,True,False,False,False,NOISE,Bear,70166.88235114256,70189.24814599802,70209.2398957854,70215.80119431086,70216.13367910532,70214.01423734815,-0.5779227366110717,-0.9087705959427694,-0.4952389307109115,-0.18983807430413435,-0.03898690497044299,0.030635093453383888,47.13188620559231,83.07793629192747,63.0671052672551,0.8,12.120261545016547,0.0,10.7287551486952,0.21597131610587453,-1.0986086702469038,1.0986086702469038,0.8423061108130703,-0.9087705959427694,-0.18983807430413435,47.13188620559231,0.0,10.7287551486952,0.21597131610587453,-1,-1,False,0.7189325216386351,1.0986086702469038,10.7287551486952,0.21597131610587453,42.90143295064273,False,False,True,True,False,True,2.241392335992714,7.638679209586014,-0.2491283624276548,0.027254031901975395,True,0.6536966253410434,-19.991749787383014,-31.043108139638207,False,0.29453622456356837,0.7443795245635556,-0.4485986640029296,0.3755827272004599,0.8333333333333334,2.241392335992714,-0.16666666666666663,0.17646207379408096,0,1.786956962707336,68>53>83,0.25946007272796123,0,142.10573832926457,0.5947037034525537,-32.472595791619824,,,,neutral_called_bull_truth,Bull,Neutral
trend_method_v2_0,320797,320798,2026-03-10T01:20:38.064272,Neutral,1.0,0.0,regime=NOISE|slope_sum=-0.242088,Bear,70221.92,70135.76,-86.16,03/10/2026  01:16:06 AM,03/10/2026  01:20:52 AM,False,False,False,False,False,True,False,False,False,True,False,False,NOISE,Bear,70217.84229343275,70238.05139624166,70241.34389718549,70235.06575202655,70228.28242283248,70223.85343391898,-1.3291666173099657,-0.4250639242272882,-0.0015904997999314219,0.18297641112440033,0.176716069376198,0.12978291182480461,6.011140486225486,-41.12074571936682,-124.1986820112943,0.4,-26.384723430179292,0.0,8.776633571673301,0.06373205475739224,-0.2420875131028879,0.2420875131028879,6.768757878076274,-0.4250639242272882,0.18297641112440033,6.011140486225486,0.0,8.776633571673301,0.06373205475739224,-1,1,True,0.6080403353516886,0.2420875131028879,8.776633571673301,0.06373205475739224,24.830444202509256,False,False,True,True,False,True,2.2452964336625882,3.58714874918557,0.003904097669874318,0.2530324600975291,True,0.6127998628623024,-3.292500943833147,16.699248843549867,False,0.9925443182568291,1.3275761175100342,0.5831965929464786,0.7560999021284017,0.5,2.2452964336625882,-0.33333333333333337,0.10606166317359329,1,11.212318107573083,53>68>83,0.48947539232540294,0,144.20951303596667,3.3477513315619563,141.48112744779064,,,,neutral_called_bear_truth,Bear,Neutral
trend_method_v2_0,320798,320799,2026-03-10T01:25:40.088674,Neutral,1.0,0.0,regime=NOISE|slope_sum=-0.322828,Bull,70135.76,70176.01,40.25,03/10/2026  01:21:06 AM,03/10/2026  01:25:54 AM,False,False,False,False,False,True,False,False,True,False,False,False,NOISE,Bear,70122.58296512572,70121.62235227677,70126.7475053601,70135.23259950618,70145.13414673944,70154.3294408305,0.1802290436171461,-0.04873521911758871,-0.19879569070326397,-0.2740927335598826,-0.29883021201931115,-0.2755095764387079,31.746475704771,25.735335218545515,66.85608093791234,0.8,-79.36318965931423,0.0,-5.324114151153481,0.10595488630337749,-0.32282795267747133,0.32282795267747133,-0.07058011751670025,-0.04873521911758871,-0.2740927335598826,31.746475704771,0.0,-5.324114151153481,0.10595488630337749,-1,-1,False,0.2253575144422939,0.32282795267747133,5.324114151153481,0.10595488630337749,98.33868300892782,True,False,False,True,False,True,1.2761924754559004,0.5041767522308311,-0.9691039582066878,-0.9730080558765621,True,0.7259762219811629,-5.125153083325131,-1.8326521394919837,False,0.6062292248442006,0.37902473432041006,-0.9485513831896242,0.8860687665455981,0.8333333333333334,1.2761924754559004,0.33333333333333337,0.10047307076188826,0,19.096841324309935,83>68>53,0.8484325220179016,1,149.9340172298398,5.204517723611274,-65.97198018160998,,,,neutral_called_bull_truth,Bull,Neutral
trend_method_v2_0,320799,320800,2026-03-10T01:30:42.074571,Neutral,1.0,0.0,regime=NOISE|slope_sum=0.007953,Bear,70176.01,70131.46,-44.55,03/10/2026  01:26:08 AM,03/10/2026  01:30:56 AM,False,False,False,False,False,True,False,False,False,True,False,False,NOISE,Bull,70057.33958197599,70043.80274695228,70044.0929839458,70051.32262619672,70060.3213591835,70069.353823875,1.042441148259968,0.23322160706447903,-0.08149999996931001,-0.22526864241626754,-0.2631704609029839,-0.2701522344705154,12.01424189901445,-19.73223380575655,-45.467569024302065,0.2,-15.451623867003946,0.0,1.225737482367549,0.09061167279058804,0.007952964648211491,0.007952964648211491,-1.8001399466507846,0.23322160706447903,-0.22526864241626754,12.01424189901445,0.0,1.225737482367549,0.09061167279058804,1,-1,True,0.45849024948074657,0.007952964648211491,1.225737482367549,0.09061167279058804,1510.662052510982,False,False,False,True,False,True,2.115754093083524,1.7890564888968927,0.8395616176276235,1.8086655758343113,True,0.5565823239535012,-0.2902369935181923,4.8349160898069385,True,1.0,1.123941148229278,0.744916413908868,0.8281550196136952,0.6666666666666666,2.115754093083524,-0.16666666666666674,0.13325658302957533,1,18.031197678283206,83>68>53,0.7585913377897668,0,86.58831474366889,5.161235954686709,51.04740152801787,,,,neutral_called_bear_truth,Bear,Neutral
trend_method_v2_0,320800,320801,2026-03-10T01:35:43.122464,Neutral,1.0,0.0,regime=NOISE|slope_sum=0.039093,Bear,70131.46,70083.17,-48.29,03/10/2026  01:31:11 AM,03/10/2026  01:35:57 AM,False,False,False,False,False,True,False,False,False,True,False,False,NOISE,Bull,70095.71627545291,70096.77993295893,70097.35151276787,70095.87123159003,70092.66231013907,70089.38988864084,-0.30265522115041676,-0.019581086442485685,-0.0014425485915126046,0.05867375972593436,0.09438779674746911,0.09074903890723363,-6.326386812070268,-18.34062871108472,1.3916050946718315,0.6,105.01168172132748,0.0,-1.3368037867039675,0.03403647847201986,0.039092673283448676,0.039092673283448676,1.1705248184433543,-0.019581086442485685,0.05867375972593436,6.326386812070268,0.0,-1.3368037867039675,0.03403647847201986,-1,1,True,0.07825484616842004,0.039092673283448676,1.3368037867039675,0.03403647847201986,161.83049867681413,True,False,False,True,False,True,0.5674894515650521,1.3275832236867624,-1.5482646415184718,-2.3878262591460953,True,0.8281479278895891,-0.5715798089368036,-0.2813428154186113,False,0.862768870447019,0.30121267255890416,-0.8227284756703739,0.9305911300776754,0.5,0.5674894515650521,-0.16666666666666663,0.026806649743026593,1,6.481342949191458,53>68>83,0.2438105953806371,0,63.808197735386784,2.047275306017172,-1.932990754923594,,,,neutral_called_bear_truth,Bear,Neutral
trend_method_v2_0,320801,320802,2026-03-10T01:40:44.138771,Bear,1.0,-0.8624116344017239,regime=RUN|slope_sum=-0.862412,Bull,70083.17,70094.01,10.84,03/10/2026  01:36:11 AM,03/10/2026  01:40:58 AM,False,True,False,False,True,False,False,True,False,False,False,False,RUN,Bear,69934.9456337576,69954.80153957331,69964.58620329267,69975.93935663978,69988.82533854908,70000.74450226028,-1.0835673838519142,-0.47828454985210556,-0.3305013337958371,-0.3841270845496183,-0.3973473651931272,-0.3648180784621218,65.7988685026794,72.12525531474967,90.46588402583438,1.0,-108.68145114640356,1.0,18.86048506820225,0.056938083598340294,-0.8624116344017239,0.8624116344017239,0.9393546056499036,-0.47828454985210556,-0.3841270845496183,65.7988685026794,1.0,18.86048506820225,0.056938083598340294,-1,-1,False,0.09415746530248725,0.8624116344017239,18.86048506820225,0.056938083598340294,76.29635997237641,False,False,False,True,True,False,3.038645795704724,1.6508467262395454,2.471156344139672,4.019420985658144,False,0.24910481770198972,-9.784663719357923,-9.213083910421119,False,0.18272229899674802,0.7530660500560771,0.4518533774971729,0.397952149310374,1.0,3.038645795704724,0.5,0.2870746348286598,0,24.80514562049939,83>68>53,1.1462925282048673,0,110.19811783159093,6.687211761256306,-80.80094673791609,,,,bear_called_bull_truth,Bull,Bear
trend_method_v2_0,320802,320803,2026-03-10T01:45:46.067534,Bear,1.0,-0.47755724369380914,regime=RUN|slope_sum=-0.477557,Bear,70094.01,69923.53,-170.48,03/10/2026  01:41:14 AM,03/10/2026  01:46:00 AM,True,True,True,False,True,False,False,False,False,False,False,False,RUN,Bear,69919.61073126002,69929.3423799395,69936.83209331504,69939.89067293551,69942.28589109702,69945.71625822129,-0.17348751049939892,-0.3763328022978385,-0.18903300517740718,-0.10122444139597064,-0.09165772010055662,-0.1157790980541904,26.10552696126979,-39.69334154140961,-111.81859685615927,1.0,33.61714234157989,1.0,6.244675312162144,0.05485724047258762,-0.47755724369380914,0.47755724369380914,0.9225804291016138,-0.3763328022978385,-0.10122444139597064,26.10552696126979,1.0,6.244675312162144,0.05485724047258762,-1,-1,False,0.27510836090186785,0.47755724369380914,6.244675312162144,0.05485724047258762,54.664707332986495,False,False,False,True,True,False,1.0475145775253623,2.393735187402875,-1.991131218179362,-4.462287562319034,False,0.5821357654879054,-7.489713375543943,2.29495034381398,False,0.33128957330627423,0.3901450889188709,-0.3629209611372062,0.5280413302986069,1.0,1.0475145775253623,0.0,0.09896344787729669,0,5.825585285783745,83>68>53,0.30866125955071766,0,130.159225567244,1.6295542612621645,113.75062623883605,,,,correct_bear,Bear,Bear
trend_method_v2_0,320803,320804,2026-03-10T01:50:47.081241,Neutral,1.0,0.0,regime=NOISE|slope_sum=0.230224,Bear,69923.53,69910.13,-13.4,03/10/2026  01:46:16 AM,03/10/2026  01:51:01 AM,False,False,False,False,False,True,False,False,False,True,False,False,NOISE,Bull,69949.74950367524,69948.09141555129,69943.19651161262,69938.03179837414,69934.9867300327,69933.81618699605,-0.18401535214979958,0.08427300108269264,0.1716872695415077,0.14595058821942075,0.089940368254247,0.04415058301492536,-15.933316679191194,-42.03884364046098,-2.345502099051373,1.0,43.12817281374009,0.0,1.9457811633183155,0.06152638402639975,0.2302235893021134,0.2302235893021134,-0.16482616530892474,0.08427300108269264,0.14595058821942075,15.933316679191194,0.0,1.9457811633183155,0.06152638402639975,1,1,False,0.06167758713672811,0.2302235893021134,1.9457811633183155,0.06152638402639975,69.20801090579178,False,False,False,True,False,True,0.720017162262593,1.5711084276192582,-0.3274974152627692,1.6636338029165927,True,0.5444250753087128,4.894903938664356,12.384617314208299,False,0.3415149868596454,0.3557026216913073,-0.03444246722756361,0.8084598402262374,0.8333333333333334,0.720017162262593,-0.16666666666666663,0.05668606944884257,0,4.2156113780947635,53>68>83,0.2800415394885931,0,153.85744049662026,1.217146708348075,14.695676946032108,,,,neutral_called_bear_truth,Bear,Neutral
trend_method_v2_0,320804,320805,2026-03-10T01:55:49.099140,Bull,1.0,0.06583163863433583,regime=RUN|slope_sum=0.065832,Bull,69910.13,69946.33,36.2,03/10/2026  01:51:15 AM,03/10/2026  01:56:03 AM,True,True,True,True,False,False,False,False,False,False,False,False,RUN,Bull,69964.00926233259,69958.38398908565,69959.14211213957,69958.62582076545,69957.12214314494,69955.12841154663,0.740384583688865,0.03962738349400752,-0.0067107847025908995,0.026204255140328314,0.0465824844159215,0.05852945461265335,-8.880850785964867,7.052465893226326,49.09130953368731,0.8,33.21229577582562,1.0,1.370271475345362,0.05333030974531237,0.06583163863433583,0.06583163863433583,-23.261109662513228,0.03962738349400752,0.026204255140328314,8.880850785964867,1.0,1.370271475345362,0.05333030974531237,1,1,False,0.013423128353679203,0.06583163863433583,1.370271475345362,0.05333030974531237,134.9024719754261,False,False,False,True,True,False,0.9180389460543665,5.991056600936477,0.1980217837917735,0.5255191990545427,False,0.34278404212227115,-0.7581230539217358,-5.653026992586092,True,1.0,0.7470953683914558,0.39139274670014856,0.9496297985547814,0.8333333333333334,0.9180389460543665,0.0,0.07227608198844693,0,3.497409218820394,53>68>83,0.13131619416890317,0,88.78465107509692,1.0768787823726598,-43.04688979440107,,,,correct_bull,Bull,Bull
trend_method_v2_0,320805,320806,2026-03-10T02:00:50.064119,Neutral,0.4427771300443777,0.0,regime=NOISE|slope_sum=0.012735,Bull,69946.33,69952.68,6.35,03/10/2026  01:56:20 AM,03/10/2026  02:01:04 AM,False,False,False,False,False,True,False,False,True,False,False,False,NOISE,Bull,69962.21854850305,69964.84974996468,69964.43890418157,69964.22795687834,69963.85375688503,69963.3458021431,-0.6528608711723791,0.0056224892468890175,0.0034866140285885194,0.007112689709174447,0.011340740456944332,0.015421827160025714,1.127253640050185,10.008104426015052,2.9556385327887256,0.8,-13.094833954106434,0.0,-0.18242950017156545,0.01864824991138275,0.012735178956063464,0.012735178956063464,4.231635113385465,0.0056224892468890175,0.007112689709174447,1.127253640050185,0.0,-0.18242950017156545,0.01864824991138275,1,1,False,0.0014902004622854292,0.012735178956063464,0.18242950017156545,0.01864824991138275,88.51494305178002,False,False,False,True,False,True,0.6958452317740011,19.541400617994913,-0.22219371428036538,-0.42021549807213887,True,0.8065917805828154,0.4108457831025589,1.1689688370242948,False,0.23447700105129465,0.6606192356375686,-0.08647613275388721,0.9979595165001031,0.8333333333333334,0.6958452317740011,0.0,0.054783042962525015,1,0.8821547352417838,53>68>83,0.03387525732614449,0,59.09941395970236,0.469260336898598,-1.873145828518318,,,,neutral_called_bull_truth,Bull,Neutral
trend_method_v2_0,320806,320807,2026-03-10T02:05:52.069846,Neutral,1.0,0.0,regime=NOISE|slope_sum=-0.383107,Bear,69952.68,69924.69,-27.99,03/10/2026  02:01:19 AM,03/10/2026  02:06:06 AM,False,False,False,False,False,True,False,False,False,True,False,False,NOISE,Bear,69894.02079466247,69899.45465562628,69905.39971693832,69908.87558488904,69912.75447258502,69917.04413551133,0.08480447936926794,-0.2634654035045969,-0.15444976055732695,-0.11964188059573644,-0.12875720161537174,-0.13294703015344567,23.023340848856606,21.89608720880642,11.887982782791369,1.0,-54.51905722824449,0.0,0.1587011509691365,0.06441279022727116,-0.38310728410033335,0.38310728410033335,0.57678609101839,-0.2634654035045969,-0.11964188059573644,23.023340848856606,0.0,0.1587011509691365,0.06441279022727116,-1,-1,False,0.14382352290886047,0.38310728410033335,0.1587011509691365,0.06441279022727116,60.09632759377903,False,False,False,True,False,True,0.8840657557957456,1.3182765659103115,0.1882205240217445,0.4104142383021099,True,0.5274580324531154,-5.945061312042526,-6.355907095145085,False,0.26085591603734376,0.4572855258211348,-0.20333370981643384,0.9096233493086576,0.8333333333333334,0.8840657557957456,0.0,0.06960141432309955,0,8.168550622285693,83>68>53,0.38134611236455385,0,38.9566575280478,2.2338044879228462,-5.735409397462718,,,,neutral_called_bear_truth,Bear,Neutral
trend_method_v2_0,320807,320808,2026-03-10T02:10:53.115404,Neutral,1.0,0.0,regime=NOISE|slope_sum=0.394770,Bear,69924.69,69918.0,-6.69,03/10/2026  02:06:22 AM,03/10/2026  02:11:07 AM,False,False,False,False,False,True,False,False,False,True,False,False,NOISE,Bull,69909.41805897038,69903.95366541794,69897.05029849857,69895.58814314417,69896.12839267842,69897.45010856398,-0.7368911241992464,0.3524831187332893,0.15382572385533422,0.04228730027170968,-0.00605346331212786,-0.030418946109421086,-11.967950406396994,-34.9912912552536,-56.88737846406002,0.6,26.70763968442043,0.0,-2.153166111180326,0.0752487382572976,0.394770419004999,0.394770419004999,-0.6532041124216567,0.3524831187332893,0.04228730027170968,11.967950406396994,0.0,-2.153166111180326,0.0752487382572976,1,1,False,0.3101958184615796,0.394770419004999,2.153166111180326,0.0752487382572976,30.316228952923254,True,True,False,True,False,True,1.3219596764811286,15.784720025374606,0.4378939206853829,0.24967339666363841,False,0.37616880118373786,6.903366919374093,12.84842823141662,False,0.3923640635274554,1.2880316378104908,0.830746111989356,1.0360615124037167,0.5,1.3219596764811286,-0.33333333333333337,0.0624457598711368,1,1.8619654198118951,83>68>53,0.07875970969325863,0,66.89548289007507,0.7558498483593956,70.566552807466,,,,neutral_called_bear_truth,Bear,Neutral
trend_method_v2_0,320808,320809,2026-03-10T02:15:55.066389,Neutral,0.699934585644847,0.0,regime=NOISE|slope_sum=0.138174,Bear,69918.0,69887.0,-31.0,03/10/2026  02:11:24 AM,03/10/2026  02:16:09 AM,False,False,False,False,False,True,False,False,False,True,False,False,NOISE,Bull,69871.71786933701,69865.15529449645,69862.92043974494,69864.32754644826,69867.00864668524,69869.78918023525,0.35640575183788314,0.18429818725417135,0.03481280648156826,-0.04612463696139457,-0.07365590316658199,-0.07877414564609353,-1.9286891017545713,10.039261304642423,45.03055255989602,0.4,-8.066901381374919,0.0,0.1529501533950679,0.018164501784901525,0.13817355029277678,0.13817355029277678,-7.928227492609839,0.18429818725417135,-0.04612463696139457,1.9286891017545713,0.0,0.1529501533950679,0.018164501784901525,1,-1,True,0.23042282421556592,0.13817355029277678,0.1529501533950679,0.018164501784901525,13.958453681387358,False,False,False,True,False,True,0.7740714313476929,2.8985301622570994,-0.5478882451334357,-0.9857821658188186,True,0.8931318780978779,2.2348547515139217,-4.668512167860172,False,0.6822358760915986,0.3215929453563149,-0.9664386924541759,0.5587899011275168,0.5,0.7740714313476929,0.0,0.03656501751529425,1,5.461633786995662,83>68>53,0.1985546857740701,1,66.92663976870244,1.7471657024722833,-41.32847908449003,,,,neutral_called_bear_truth,Bear,Neutral
trend_method_v2_0,320809,320810,2026-03-10T02:20:57.066664,Bear,1.0,-0.6023447590850992,regime=RUN|slope_sum=-0.602345,Bear,69887.0,69874.0,-13.0,03/10/2026  02:16:24 AM,03/10/2026  02:21:11 AM,True,True,True,False,True,False,False,False,False,False,False,False,RUN,Bear,69787.27111605101,69804.76349024274,69811.27066514245,69814.53678136466,69818.66667223223,69823.1602744892,-0.7342218385201704,-0.4736302502460603,-0.1610000264536211,-0.1287145088390389,-0.13812873863935238,-0.1411442208191147,35.88915843819268,37.81784753994725,27.77858623530483,1.0,-18.967977417327347,1.0,17.637786090184818,0.01354764205087644,-0.6023447590850992,0.6023447590850992,1.7898140935048854,-0.4736302502460603,-0.1287145088390389,35.88915843819268,1.0,17.637786090184818,0.01354764205087644,-1,-1,False,0.3449157414070214,0.6023447590850992,17.637786090184818,0.01354764205087644,59.58242002919505,False,False,False,False,True,False,1.7768395835173578,3.3551327469246672,1.002768152169665,1.5506563973031007,False,0.3081543495356242,-6.5071748997143,-8.742029651228222,False,0.49261788362546327,0.5732218120665493,0.25162886671023443,0.41876094991786894,1.0,1.7768395835173578,0.5,0.1678660853819766,0,8.62349312454171,83>68>53,0.407987468297506,0,82.84840009984327,2.3929609509982495,-18.784927717366372,,,,correct_bear,Bear,Bear
trend_method_v2_0,320810,320811,2026-03-10T02:25:58.108575,Bull,1.0,2.505816738381327,regime=RUN|slope_sum=2.505817,Bear,69874.0,69772.07,-101.93,03/10/2026  02:21:27 AM,03/10/2026  02:26:12 AM,False,True,False,True,False,False,True,False,False,False,False,False,RUN,Bull,69952.07666687181,69897.83379931397,69857.9373127186,69836.35671346539,69825.04236789934,69819.41131575202,1.3349077582388418,1.8469352154006629,1.1060077960773924,0.6588815229806642,0.3921996946355648,0.23205514175788267,-132.66535111979465,-168.55450955798733,-206.37235709793458,1.0,42.87994700887066,1.0,53.088011690735584,0.264227299757823,2.505816738381327,2.505816738381327,-0.8823265906024769,1.8469352154006629,0.6588815229806642,132.66535111979465,1.0,53.088011690735584,0.264227299757823,1,1,False,1.1880536924199987,2.505816738381327,53.088011690735584,0.264227299757823,52.94295831286209,False,False,False,True,True,False,5.570987129091009,3.341695322084416,3.794147545573651,2.791379393403986,False,0.30787008983210673,39.89648659537488,46.40366149508918,False,0.25091151994579447,1.2529548764850915,0.6797330644185422,0.29221046714921406,1.0,5.570987129091009,0.0,0.5263163933024505,0,16.94539771336713,53>68>83,1.2831363593741116,0,216.411618402577,4.787240700083296,253.4557516574423,,,,bull_called_bear_truth,Bear,Bull
trend_method_v2_0,320811,320812,2026-03-10T02:31:00.089036,Neutral,1.0,0.0,regime=NOISE|slope_sum=-0.097831,Bull,69772.07,69973.2,201.13,03/10/2026  02:26:29 AM,03/10/2026  02:31:14 AM,False,False,False,False,False,True,False,False,True,False,False,False,NOISE,Bear,70102.14508448218,70122.73801576026,70126.49152979291,70115.38253031635,70094.97641455467,70070.70533131792,-0.8987233842199203,-0.4872983909153845,0.020008605089969933,0.38946736290199624,0.6114786867528892,0.7051259446761833,-31.439753164260765,101.22559795553389,269.7801075135212,0.4,255.0429743030836,0.0,-3.697348492045421,0.11952374368917107,-0.09783102801338828,0.09783102801338828,2.7996699106133893,-0.4872983909153845,0.38946736290199624,31.439753164260765,0.0,-3.697348492045421,0.11952374368917107,-1,1,True,0.8767657538173808,0.09783102801338828,3.697348492045421,0.11952374368917107,321.3679116195958,True,False,False,True,False,True,3.1121023745563434,0.8241330875234038,-2.4588847545346653,-6.253032300108316,True,0.7807177542384949,-3.7535140326508554,-43.65000062802574,True,1.0,0.9187319893098902,-0.3342228871752013,0.6534225733889837,0.6666666666666666,3.1121023745563434,-0.33333333333333337,0.19600960708397147,1,44.67719899842632,53>68>83,1.7060719943310687,1,307.59795505346847,12.201728547339007,-226.46432977267068,,,,neutral_called_bull_truth,Bull,Neutral
trend_method_v2_0,320812,320813,2026-03-10T02:36:01.442297,Bear,1.0,-0.404101383734087,regime=RUN|slope_sum=-0.404101,Bull,69973.2,70160.35,187.15,03/10/2026  02:31:30 AM,03/10/2026  02:36:15 AM,False,True,False,False,True,False,False,True,False,False,False,False,RUN,Bear,70016.37350593034,70024.29810722188,70029.48208450107,70039.75866716787,70050.4299464795,70058.51440302274,-0.9438519234190608,-0.07830025885596115,-0.2414911687701533,-0.32580112487812585,-0.31518543279707956,-0.24072995220740268,42.14089709239488,73.58065025665564,-27.64494769887824,1.0,-263.4849438610836,1.0,-2.5117906441009836,0.05606485611462543,-0.404101383734087,0.404101383734087,0.5125688408900047,-0.07830025885596115,-0.32580112487812585,42.14089709239488,1.0,-2.5117906441009836,0.05606485611462543,-1,-1,False,0.2475008660221647,0.404101383734087,2.5117906441009836,0.05606485611462543,104.28298142162532,False,False,False,True,True,False,2.1453598609277833,1.433162855500366,-0.9667425136285601,1.4921422409061051,False,0.23560492093828947,-5.183977279186365,-1.4304632465355098,False,0.5103042039794373,1.0287425744772918,0.11001058516740159,0.8141083270262973,1.0,2.1453598609277833,0.33333333333333337,0.2026818655607976,0,18.755735854865634,83>68>53,0.8817165098826081,0,343.36075777017686,5.118166198266367,29.185421530581152,,,,bear_called_bull_truth,Bull,Bear
trend_method_v2_0,320813,320814,2026-03-10T02:41:02.107004,Neutral,1.0,0.0,regime=NOISE|slope_sum=0.264381,Bear,70160.35,69995.05,-165.3,03/10/2026  02:36:31 AM,03/10/2026  02:41:16 AM,False,False,False,False,False,True,False,False,False,True,False,False,NOISE,Bull,70030.01215481211,70036.95145109197,70029.46482358499,70021.8427041812,70017.99762747005,70017.64902740903,-0.8919107318815804,0.057763566097492,0.255066723915661,0.20661706077225972,0.10981594666191086,0.02290756444381259,-12.36312740307767,-54.50402449547255,-128.0846747521282,0.8,-28.67444731852447,0.0,-1.857559768788633,0.13116869160744718,0.2643806268697517,0.2643806268697517,0.4592899940928846,0.057763566097492,0.20661706077225972,12.36312740307767,0.0,-1.857559768788633,0.13116869160744718,1,1,False,0.14885349467476772,0.2643806268697517,1.857559768788633,0.13116869160744718,46.762607190459605,True,True,False,True,False,True,1.5440815937727166,3.5502416207629977,-0.6012782671550667,0.3654642464734934,True,0.6120925802764454,7.486627506979858,12.670604786166223,False,0.6307034968061224,1.1469774557972414,0.11823488131994964,0.9520531259019922,0.8333333333333334,1.5440815937727166,-0.16666666666666663,0.12156365298881303,1,4.193676772163599,53>68>83,0.33934057187798317,0,229.31027270766208,1.4787609463130111,140.87351441961437,,,,neutral_called_bear_truth,Bear,Neutral
trend_method_v2_0,320814,320815,2026-03-10T02:46:04.119901,Bear,1.0,-1.0747459654630802,regime=RUN|slope_sum=-1.074746,Bull,69995.05,70053.09,58.04,03/10/2026  02:41:32 AM,03/10/2026  02:46:18 AM,False,True,False,False,True,False,False,True,False,False,False,False,RUN,Bear,69916.89658082815,69940.12073103512,69956.15475005413,69970.08130145758,69980.74738238753,69988.0139078399,-0.9064067136441736,-0.6431827359756426,-0.5129709603079391,-0.43156322948743764,-0.33255817939971166,-0.24290353636934015,71.11732701174333,83.480454414821,137.98447891029355,1.0,11.230256044567795,1.0,26.19764397999097,0.1072314211258864,-1.0747459654630802,1.0747459654630802,0.7751571441635821,-0.6431827359756426,-0.43156322948743764,71.11732701174333,1.0,26.19764397999097,0.1072314211258864,-1,-1,False,0.21161950648820493,1.0747459654630802,26.19764397999097,0.1072314211258864,66.17129005094773,False,False,False,True,True,False,3.0695853551842447,2.0481721129583543,1.525503761411528,2.126782028566595,False,0.26877381421491114,-16.03401901901816,-23.520646525998018,False,0.11262497026672577,0.3934357533362345,-0.7535417024610069,0.19075114185383557,1.0,3.0695853551842447,0.16666666666666663,0.289997635183587,0,17.93260638231004,83>68>53,1.0070249452564894,1,211.5651291669492,4.902855319220115,-115.21737408675654,,,,bear_called_bull_truth,Bull,Bear
trend_method_v2_0,320815,320816,2026-03-10T02:51:06.069382,Bull,1.0,0.9520123465918005,regime=RUN|slope_sum=0.952012,Bear,70053.09,69925.53,-127.56,03/10/2026  02:46:34 AM,03/10/2026  02:51:20 AM,False,True,False,True,False,False,True,False,False,False,False,False,RUN,Bull,70016.95019049228,69993.99245699024,69980.69814751977,69974.51806246946,69970.86738462126,69969.65565019604,0.2650449588527408,0.7479567997106642,0.33936143373102823,0.20405554688113625,0.12357592843909515,0.05319678015985119,-47.29454029623594,-118.41186730797926,-201.89232172280026,1.0,11.276861925289268,1.0,22.347179078424233,0.06327703966013534,0.9520123465918005,0.9520123465918005,-1.178867639575422,0.7479567997106642,0.20405554688113625,47.29454029623594,1.0,22.347179078424233,0.06327703966013534,1,1,False,0.543901252829528,0.9520123465918005,22.347179078424233,0.06327703966013534,49.67849468082022,False,False,False,True,True,False,1.7331914477745158,3.551110435830469,-1.3363939074097289,-2.861897668821257,False,0.6121093619590425,13.294309470467851,29.32832848948601,False,0.37578268570582835,0.8915072068375594,0.49807145350132487,0.6592217326804193,1.0,1.7331914477745158,0.0,0.16374244825156795,0,4.862412273418158,53>68>83,0.3808282554800826,0,256.3963462182728,1.4243017734024468,231.7187216657876,,,,bull_called_bear_truth,Bear,Bull
trend_method_v2_0,320816,320817,2026-03-10T02:56:08.128563,Bear,1.0,-0.5757185453931015,regime=RUN|slope_sum=-0.575719,Bull,69925.53,69962.24,36.71,03/10/2026  02:51:35 AM,03/10/2026  02:56:22 AM,False,True,False,False,True,False,False,True,False,False,False,False,RUN,Bear,69888.47939568343,69897.81073269335,69905.72918265374,69913.48524487896,69921.00134600418,69927.16574362162,-0.2214834071437508,-0.32351081660817727,-0.24983357129895012,-0.25220772878492426,-0.231169679784216,-0.19379117272728763,38.68634793818637,85.98088823442231,204.39275554240157,1.0,-24.131648930575466,1.0,5.645992012199713,0.07264935575824763,-0.5757185453931015,0.5757185453931015,0.5953191333056749,-0.32351081660817727,-0.25220772878492426,38.68634793818637,1.0,5.645992012199713,0.07264935575824763,-1,-1,False,0.07130308782325301,0.5757185453931015,5.645992012199713,0.07264935575824763,67.19663322947375,False,False,False,True,True,False,1.471996376347306,1.1737517318496875,-0.26119507142720977,1.075198835982519,False,0.21598634557055313,-7.918449960387079,-21.21275943085493,False,0.12850434549149486,0.1757046547736536,-0.7158025520639058,0.22106002818183587,1.0,1.471996376347306,0.0,0.1390661665161306,0,13.680498742658528,83>68>53,0.6771685812964279,1,287.87320995722257,3.7102677700069275,-183.89579866361055,,,,bear_called_bull_truth,Bull,Bear
trend_method_v2_0,320817,320818,2026-03-10T03:01:08.054912,Neutral,1.0,0.0,regime=NOISE|slope_sum=0.081595,Bear,69962.24,69870.77,-91.47,03/10/2026  02:56:37 AM,03/10/2026  03:01:22 AM,False,False,False,False,False,True,False,False,False,True,False,False,NOISE,Bull,69918.8897385284,69926.0039897837,69922.19146637719,69916.5293639487,69912.64312282132,69911.01207598328,-0.5015442241528945,-0.07606095188748441,0.14895976352090656,0.15765619433659595,0.10953250541388115,0.05399094593121845,-7.87766254512826,-46.56401048331463,-132.54489871773694,0.8,26.336238936084555,0.0,3.078934949473478,0.10506700426076783,0.08159524244911154,0.08159524244911154,0.7508741113834311,-0.07606095188748441,0.15765619433659595,7.87766254512826,0.0,3.078934949473478,0.10506700426076783,-1,1,True,0.23371714622408035,0.08159524244911154,3.078934949473478,0.10506700426076783,96.54561110032019,False,False,False,True,False,True,1.047744585242981,2.2621761662983655,-0.4242517911043251,-0.16305671967711532,True,0.6262994809789293,3.8125234065082623,11.730973366895341,True,1.0,0.650503987673801,0.4747993329001474,0.8953143101930964,0.6666666666666666,1.047744585242981,-0.33333333333333337,0.06599011849894953,1,5.517287965427386,53>68>83,0.32117964568169555,0,250.9567660257162,1.8577938496295245,144.75067141753243,,,,neutral_called_bear_truth,Bear,Neutral
trend_method_v2_0,320818,320819,2026-03-10T03:06:10.072720,Neutral,1.0,0.0,regime=NOISE|slope_sum=1.543214,Bear,69870.77,69863.98,-6.79,03/10/2026  03:01:36 AM,03/10/2026  03:06:24 AM,False,False,False,False,False,True,False,False,False,True,False,False,NOISE,Bull,69965.91699385269,69907.86862030864,69886.82175142573,69881.47168611371,69881.65649169749,69883.42714472814,3.099073981426045,1.3632243281099363,0.5253170332634909,0.1799897843902727,0.03716932367024128,-0.016325204125678283,-82.4898491245549,-74.61218657942663,-28.048176096112,0.6,-11.431263616803335,0.0,74.50357316755981,0.051753513082041375,1.543214112500209,1.543214112500209,-2.19905740239362,1.3632243281099363,0.1799897843902727,82.4898491245549,0.0,74.50357316755981,0.051753513082041375,1,1,False,1.1832345437196636,1.543214112500209,74.50357316755981,0.051753513082041375,53.45327550880839,False,False,False,True,False,True,5.2210996549856645,21.361672208718222,4.1733550697426836,4.597606860847009,True,0.6821122500917418,21.04686888291326,17.234345476404997,False,0.44367961008652934,2.573756948162554,1.9232529604887532,0.5160295594723918,0.8333333333333334,5.2210996549856645,0.16666666666666674,0.4110507820560898,0,1.9554586144222412,83>68>53,0.23348431218619226,0,207.15708529716358,0.6488103199930166,47.20577453300575,,,,neutral_called_bear_truth,Bear,Neutral
trend_method_v2_0,320819,320820,2026-03-10T03:11:12.102190,Bull,1.0,3.5468619937237236,regime=RUN|slope_sum=3.546862,Bull,69863.98,70020.0,156.02,03/10/2026  03:06:38 AM,03/10/2026  03:11:26 AM,True,True,True,True,False,False,False,False,False,False,False,False,RUN,Bull,70372.67742429193,70276.80786772653,70233.82400521675,70202.27978326044,70170.09420434173,70139.4377883626,3.6545500635947974,2.466806165404705,1.2550383496200084,1.0800558283190185,1.0411649045308877,0.9665500125865947,-233.23963592933433,-150.74978680477943,-76.1376002253528,1.0,283.59557488960854,1.0,106.24001840634446,0.12481681792678057,3.5468619937237236,3.5468619937237236,-1.2863547647966358,2.466806165404705,1.0800558283190185,233.23963592933433,1.0,106.24001840634446,0.12481681792678057,1,1,False,1.3867503370856866,3.5468619937237236,106.24001840634446,0.12481681792678057,65.75943364643415,False,False,False,True,True,False,10.464165324056012,2.388906167830394,5.243065669070347,1.0697105993276637,False,0.28196781492593426,42.98386250977637,21.936993626863114,False,0.3255826004801951,2.399511713974789,-0.17424523418776516,0.32529600855813445,1.0,10.464165324056012,0.16666666666666663,0.9885971058016704,0,62.84199489784078,53>68>83,3.087770745436501,0,271.9259838675207,16.994444412706827,97.90034861802815,,,,correct_bull,Bull,Bull
trend_method_v2_0,320820,320821,2026-03-10T03:16:14.069327,Neutral,1.0,0.0,regime=NOISE|slope_sum=0.252998,Bull,70020.0,70303.83,283.83,03/10/2026  03:11:41 AM,03/10/2026  03:16:28 AM,False,False,False,False,False,True,False,False,True,False,False,False,NOISE,Bull,70290.48041893497,70273.43867518491,70272.09246674598,70273.95745609037,70273.510672259,70268.40248311654,1.0890479837489693,0.28666539992264006,0.011315249890685664,-0.03366753048794635,0.042673957968872855,0.15981081748759607,-22.077935818422702,211.16170011091162,361.91148691569106,0.8,-127.04594888052088,0.0,2.3739626853057416,0.07049332277148052,0.2529978694346937,0.2529978694346937,-32.849597079948595,0.28666539992264006,-0.03366753048794635,22.077935818422702,0.0,2.3739626853057416,0.07049332277148052,1,-1,True,0.3203329304105864,0.2529978694346937,2.3739626853057416,0.07049332277148052,87.26530333142459,False,False,False,True,False,True,1.6231809395067103,5.873449458879174,-8.840984384549301,-14.084050053619649,False,0.6418050569233069,1.3462084389320808,-41.63765407084429,False,0.9240537941119716,1.0777327338582836,-1.3217789801165054,0.7770082807089216,0.8333333333333334,1.6231809395067103,-0.16666666666666663,0.1277910476130538,0,5.554972973826807,53>68>83,0.23615230594441528,0,436.5236734951177,1.6218122349512636,-321.59561182496327,,,,neutral_called_bull_truth,Bull,Neutral
trend_method_v2_0,320821,320822,2026-03-10T03:21:16.074418,Neutral,1.0,0.0,regime=NOISE|slope_sum=-0.217989,Bear,70303.83,70300.0,-3.83,03/10/2026  03:16:43 AM,03/10/2026  03:21:30 AM,False,False,False,False,False,True,False,False,False,True,False,False,NOISE,Bear,70338.65852652477,70357.1395242201,70360.0037172415,70359.72131162658,70355.15307738494,70348.72383194683,-1.351059293392609,-0.2491489967051166,-0.09842182467400562,0.031160072627244517,0.13390668734245992,0.17871345114872383,10.065305422060192,32.143241240482894,-179.01845887042873,0.4,-48.64334592365776,0.0,5.458719153495622,0.09544020126160742,-0.21798892407787207,0.21798892407787207,7.158218233527581,-0.2491489967051166,0.031160072627244517,10.065305422060192,0.0,5.458719153495622,0.09544020126160742,-1,1,True,0.2803090693323611,0.21798892407787207,5.458719153495622,0.09544020126160742,46.173471724024694,False,False,True,True,False,True,2.0424103258901596,4.941035172575925,0.4192293863834493,9.26021377093275,True,0.6326716660681597,-2.864193021407118,-4.210401460339199,False,0.43365887686728816,1.2526374687186035,0.17490473486031988,0.7374398097769143,0.5,2.0424103258901596,-0.33333333333333337,0.09647787828775566,1,10.997479679746903,53>68>83,0.34378021111842827,0,394.05472815617395,3.1519308359141904,183.40376506562825,,,,neutral_called_bear_truth,Bear,Neutral
trend_method_v2_0,320822,320823,2026-03-10T03:26:18.139406,Neutral,1.0,0.0,regime=NOISE|slope_sum=-0.644757,Bull,70300.0,70320.79,20.79,03/10/2026  03:21:45 AM,03/10/2026  03:26:32 AM,False,False,False,False,False,True,False,False,True,False,False,False,NOISE,Bear,70389.66756658933,70395.87639666063,70409.96216411404,70412.33333692097,70409.29892362762,70404.71699914025,0.639622796792537,-0.5943702660078998,-0.31812878148048185,-0.05038688317836204,0.0687077742531983,0.11560316551913274,15.049432550920756,4.984127128860564,-27.15911411162233,0.6,-24.328181636868976,0.0,-11.185588758991798,0.213099455855055,-0.6447571491862618,0.6447571491862618,0.3772773050585905,-0.5943702660078998,-0.05038688317836204,15.049432550920756,0.0,-11.185588758991798,0.213099455855055,-1,-1,False,0.5439833828295377,0.6447571491862618,11.185588758991798,0.213099455855055,23.341241845731243,True,False,False,True,False,True,1.7868196672316117,6.61327755309856,-0.2555906586585479,-0.6748200450419972,False,0.5499062240184933,-14.085767453405424,-11.221574431998306,False,0.3027307100076016,1.5102345473278547,0.2575970786092512,0.9730128809749019,0.5,1.7868196672316117,0.0,0.08440447455249034,1,7.61633778072428,53>68>83,0.23469782295069308,0,248.28906848025508,2.2433731808624873,38.63828562222989,,,,neutral_called_bull_truth,Bull,Neutral
trend_method_v2_0,320823,320824,2026-03-10T03:31:20.073307,Neutral,1.0,0.0,regime=NOISE|slope_sum=-0.117903,Bull,70320.79,70375.84,55.05,03/10/2026  03:26:47 AM,03/10/2026  03:31:34 AM,False,False,False,False,False,True,False,False,True,False,False,False,NOISE,Bear,70324.87688912236,70315.32411908865,70317.20954651484,70324.13535077783,70332.82196973216,70341.283625684,1.112094884578255,0.10207765157065296,-0.1087936002513743,-0.2199802459726925,-0.257655635707124,-0.24978172963528777,16.406736561635626,1.35730401071487,-3.626823118145694,0.8,-119.42654064967064,0.0,-2.8849934690078953,0.08701032062526792,-0.11790259440203954,0.11790259440203954,-1.0841583072159768,0.10207765157065296,-0.2199802459726925,16.406736561635626,0.0,-2.8849934690078953,0.08701032062526792,1,-1,True,0.32205789754334546,0.11790259440203954,2.8849934690078953,0.08701032062526792,139.15500880065292,True,False,False,True,False,True,2.0503837477153866,1.8187161210030107,0.2635640804837749,0.5191547391423228,True,0.5580914207644068,-1.885427426197566,12.200340027207858,True,1.0,1.2208884848296293,-0.28934606249822536,0.9228418258320651,0.6666666666666666,2.0503837477153866,0.16666666666666663,0.12913936123915182,1,17.14827490616881,83>68>53,0.7274176113151043,0,38.48467238005833,4.928035771068244,15.537817082855327,,,,neutral_called_bull_truth,Bull,Neutral
trend_method_v2_0,320824,320825,2026-03-10T03:36:21.060419,Bear,1.0,-0.382008389566181,regime=RUN|slope_sum=-0.382008,Bear,70375.84,70331.88,-43.96,03/10/2026  03:31:49 AM,03/10/2026  03:36:35 AM,True,True,True,False,True,False,False,False,False,False,False,False,RUN,Bear,70302.6409114405,70317.92716170556,70322.64083674441,70324.0457198993,70324.4928724029,70325.09234210092,-0.8175851895484811,-0.3318110508080281,-0.12075481494321139,-0.05019733875815291,-0.025214439861883875,-0.028591104652150534,22.451430660425103,6.044694098789478,4.687390088074608,1.0,47.24208987317979,1.0,19.12141978336149,0.015643446460238727,-0.382008389566181,0.382008389566181,2.498341893394115,-0.3318110508080281,-0.05019733875815291,22.451430660425103,1.0,19.12141978336149,0.015643446460238727,-1,-1,False,0.2816137120498752,0.382008389566181,19.12141978336149,0.015643446460238727,58.77208792697341,False,False,False,False,True,False,1.374153938571908,12.212652335566425,-0.6762298091434786,-0.9397938896272535,False,0.6516641545369041,-4.713675038845395,-2.8282476126478286,False,0.46635473825334267,0.6968303746052698,-0.5240581102243596,0.5486200808145902,1.0,1.374153938571908,0.33333333333333337,0.1298225481467826,0,1.0466222016257234,83>68>53,0.10400288327218732,0,12.386125238364912,0.3732099144533072,-2.3832005856511387,,,,correct_bear,Bear,Bear
trend_method_v2_0,320825,320826,2026-03-10T03:41:23.129768,Bull,1.0,0.8297250174491637,regime=RUN|slope_sum=0.829725,Bear,70331.88,70304.1,-27.78,03/10/2026  03:36:51 AM,03/10/2026  03:41:37 AM,False,True,False,True,False,False,True,False,False,False,False,False,RUN,Bull,70386.07421547937,70367.39499576345,70354.25120239602,70345.06891315733,70339.15754594114,70335.50443024834,1.040840678879249,0.5489316370913002,0.3961173646202951,0.2807933803578635,0.19202781590320228,0.13114873442827957,-50.56978523102589,-73.02121589145099,-79.06590999024047,1.0,26.603371730496292,1.0,19.900664793298347,0.08542249550560627,0.8297250174491637,0.8297250174491637,-0.8366546001209076,0.5489316370913002,0.2807933803578635,50.56978523102589,1.0,19.900664793298347,0.08542249550560627,1,1,False,0.2681382567334367,0.8297250174491637,19.900664793298347,0.08542249550560627,60.94764430087133,False,False,False,True,True,False,2.5898596112801897,3.288060513748152,1.2157056727082818,1.8919354818517604,False,0.3067177343422414,13.143793367431499,17.857468406276894,False,0.161699840108016,0.6447233142589539,-0.05210706034631585,0.3246521297533179,1.0,2.5898596112801897,0.0,0.2446757707715408,0,9.564482908986975,53>68>83,0.6039699306893453,0,80.42321400095534,2.6569636755386843,96.87127133617105,,,,bull_called_bear_truth,Bear,Bull
trend_method_v2_0,320826,320827,2026-03-10T03:46:25.115425,Neutral,1.0,0.0,regime=NOISE|slope_sum=-0.511634,Bull,70304.1,70396.82,92.72,03/10/2026  03:41:53 AM,03/10/2026  03:46:39 AM,False,False,False,False,False,True,False,False,True,False,False,False,NOISE,Bear,70321.11823077717,70315.9036892171,70326.35584596306,70333.87906089127,70338.85807607624,70341.3566521895,1.5086884131742408,-0.2889154435488308,-0.28715105192350165,-0.22271835757601366,-0.1521919100650848,-0.08803660828743887,20.238421412330354,70.80820664335624,143.82942253480724,0.8,-4.559866206269362,0.0,-12.823425486829365,0.17081871368891802,-0.5116338011248445,0.5116338011248445,-0.29009367117962775,-0.2889154435488308,-0.22271835757601366,20.238421412330354,0.0,-12.823425486829365,0.17081871368891802,-1,-1,False,0.06619708597281715,0.5116338011248445,12.823425486829365,0.17081871368891802,39.55645887319307,True,False,False,True,False,True,2.5477017845751107,4.5032270807858,-0.04215782670507906,-1.2578634994133608,True,0.9273153743924947,-10.452156745959655,-23.595950113391154,False,0.0030628263216080313,1.7993682483484008,1.154644934089447,0.8631078122831014,0.8333333333333334,2.5477017845751107,-0.16666666666666663,0.2005774415731144,1,7.477591298229527,83>68>53,0.46294687592853734,1,149.8741166335967,2.255035998877038,-119.07882748732663,,,,neutral_called_bull_truth,Bull,Neutral
trend_method_v2_0,320827,320828,2026-03-10T03:51:26.085841,Bull,1.0,1.161652659295214,regime=RUN|slope_sum=1.161653,Bear,70396.82,70339.02,-57.8,03/10/2026  03:46:55 AM,03/10/2026  03:51:40 AM,False,True,False,True,False,False,True,False,False,False,False,False,RUN,Bull,70450.2872825323,70425.71130808536,70407.08061257997,70395.152161324,70386.30688075567,70379.7524511169,0.664721539707898,0.7860625765715668,0.5283156051009428,0.37559008272364736,0.2890289301831217,0.22131757323040802,-70.53483141539618,-90.77325282772654,-161.58145947108278,1.0,32.54357698625245,1.0,25.49903478268243,0.15429847474747688,1.161652659295214,1.161652659295214,-0.8042100991253295,0.7860625765715668,0.37559008272364736,70.53483141539618,1.0,25.49903478268243,0.15429847474747688,1,1,False,0.4104724938479194,1.161652659295214,25.49903478268243,0.15429847474747688,60.71938186599628,False,False,False,True,True,False,2.8650363075175846,2.233906751734448,0.317334522942474,0.35949234964755306,False,0.27631059560221793,18.63069550538785,29.082852251347504,False,0.19609802952042932,0.3790880083342927,-1.4202802400141081,0.19154568324120705,1.0,2.8650363075175846,0.16666666666666663,0.2706729599461963,0,15.399710207100725,53>68>83,0.8859365861371771,0,234.60267536253377,4.233716890658116,189.24403148241618,,,,bull_called_bear_truth,Bear,Bull
trend_method_v2_0,320828,320829,2026-03-10T03:56:28.059910,Neutral,1.0,0.0,regime=NOISE|slope_sum=-0.009284,Bull,70339.02,70425.06,86.04,03/10/2026  03:51:56 AM,03/10/2026  03:56:42 AM,False,False,False,False,False,True,False,False,True,False,False,False,NOISE,Bear,70395.28001916209,70406.43382647504,70402.87624046228,70402.99450601709,70403.91801753466,70403.63299891731,-1.1059828981433384,0.006880071288833278,0.057240891033870867,-0.016163893093107617,-0.01665993749156769,0.01315876819899131,8.352979755218257,78.88781117061444,169.66106399834098,0.6,-14.515251126998919,0.0,-2.3780557380232494,0.13727161702339624,-0.00928382180427434,0.00928382180427434,3.2430264774866955,0.006880071288833278,-0.016163893093107617,8.352979755218257,0.0,-2.3780557380232494,0.13727161702339624,1,-1,True,0.023043964381940896,0.00928382180427434,2.3780557380232494,0.13727161702339624,899.7350370698073,True,False,False,True,False,True,1.2160864592497092,25.446666596009635,-1.6489498482678755,-1.9662843712103495,True,0.9848752205292914,3.5575860127573833,-15.073109492630465,False,0.7854033676473018,1.1632237891772093,0.7841357808429166,0.9941201191438741,0.5,1.2160864592497092,-0.5,0.057444598627235346,0,0.6384929002233548,68>83>53,0.04598259878366662,1,240.46927064169722,0.29582676971640065,-153.8038187248676,,,,neutral_called_bull_truth,Bull,Neutral
trend_method_v2_0,320829,320830,2026-03-10T04:01:30.072806,Bull,1.0,1.6041471208718576,regime=RUN|slope_sum=1.604147,Bear,70425.06,70315.07,-109.99,03/10/2026  03:56:57 AM,03/10/2026  04:01:44 AM,False,True,False,True,False,False,True,False,False,False,False,False,RUN,Bull,70486.5069796189,70462.33932779601,70432.54243963519,70412.36779506836,70401.43050420846,70396.09392227925,0.950755842955914,1.0160722235159483,0.8844639101171197,0.5880748973559093,0.35702833269533585,0.21055220933521923,-90.41305733965419,-98.76603709487244,-177.6538482654869,1.0,-31.41962443846569,1.0,15.272488639951916,0.29112760293799156,1.6041471208718576,1.6041471208718576,-0.4836283880689628,1.0160722235159483,0.5880748973559093,90.41305733965419,1.0,15.272488639951916,0.29112760293799156,1,1,False,0.42799732616003894,1.6041471208718576,15.272488639951916,0.29112760293799156,56.362073131119345,False,False,False,True,True,False,4.006947415975446,2.4672509464436287,2.790860956725737,4.439810804993613,False,0.2846348285201908,29.796888160824892,26.23930214806751,False,0.0692479932740063,0.19692469395886292,-0.9662990952183463,0.06906507491191595,1.0,4.006947415975446,0.5,0.37855447576179796,0,16.27387278911192,53>68>83,1.1556554393864644,0,268.4271010932134,4.5411175720236665,202.92685131833605,,,,bull_called_bear_truth,Bear,Bull
trend_method_v2_0,320830,320831,2026-03-10T04:06:31.093881,Neutral,1.0,0.0,regime=NOISE|slope_sum=0.771399,Bull,70315.07,70476.09,161.02,03/10/2026  04:01:59 AM,03/10/2026  04:06:45 AM,False,False,False,False,False,True,False,False,True,False,False,False,NOISE,Bull,70527.32232111447,70540.34527543333,70522.47928959015,70509.46741262967,70499.43652648045,70489.69695582787,-3.1949730449487106,0.39143213469833427,0.5035670250344992,0.37996669356107304,0.32683986809388443,0.3148929035396577,-37.625365286599845,52.78769205305434,151.5537291479268,0.8,101.14211018667265,0.0,-20.133284494659165,0.3112052447941442,0.7713988282594073,0.7713988282594073,0.4217569849717499,0.39143213469833427,0.37996669356107304,37.625365286599845,0.0,-20.133284494659165,0.3112052447941442,1,1,False,0.011465441137261223,0.7713988282594073,20.133284494659165,0.3112052447941442,48.77550225412985,True,True,False,True,False,True,5.111671669876159,4.003106925285978,1.104724253900713,-1.6861367028250243,True,0.9200496799342068,17.86598584317835,-11.930902317646542,False,0.12529049789235377,3.69854006998321,3.501615376024347,0.9042946711837587,0.8333333333333334,5.111671669876159,-0.16666666666666663,0.40243565079439625,1,19.770456801808905,53>68>83,1.0216994651946152,1,230.44154031854123,5.570087561213925,-136.1212114542559,,,,neutral_called_bull_truth,Bull,Neutral
trend_method_v2_0,320831,320832,2026-03-10T04:11:33.076271,Neutral,1.0,0.0,regime=NOISE|slope_sum=0.172913,Bear,70476.09,70426.92,-49.17,03/10/2026  04:07:00 AM,03/10/2026  04:11:47 AM,False,False,False,False,False,True,False,False,False,True,False,False,NOISE,Bull,70815.98875256491,70846.4354312624,70846.90468054781,70821.10626053516,70786.55514701459,70753.20610031563,-1.5566745791402354,-0.6659474059615604,0.25204295375988295,0.8388605024865683,1.0047629070231778,0.9848066911345086,-62.782652249283274,-25.15728696268343,-77.94497901573777,0.6,169.90611093914777,0.0,-1.371646595929633,0.24298352013394742,0.17291309652500786,0.17291309652500786,1.2020400914091212,-0.6659474059615604,0.8388605024865683,62.782652249283274,0.0,-1.371646595929633,0.24298352013394742,-1,1,True,1.5048079084481287,0.17291309652500786,1.371646595929633,0.24298352013394742,363.0878950814649,True,True,False,True,False,True,5.3030950395059335,0.8749252591739863,0.19142336962977424,-0.9133008842709387,True,0.7606484277638633,-0.4692492854082957,-18.335235128586646,True,1.0,1.8087175329001184,-1.8898225370830914,0.7308939099174009,0.6666666666666666,5.3030950395059335,-0.16666666666666674,0.334004942613978,1,67.90016021953488,53>68>83,2.8284301006442547,0,176.71101611061022,18.45641209514142,94.39039160724133,,,,neutral_called_bear_truth,Bear,Neutral
trend_method_v2_0,320832,320833,2026-03-10T04:16:34.070748,Neutral,1.0,0.0,regime=NOISE|slope_sum=0.406930,Bull,70426.92,70793.51,366.59,03/10/2026  04:12:01 AM,03/10/2026  04:16:48 AM,False,False,False,False,False,True,False,False,True,False,False,False,NOISE,Bull,70861.76741272208,70886.56952563462,70872.27482540808,70858.99787502101,70850.7451888809,70843.72288547459,-3.0906977518807253,0.045788477935275296,0.4453513700846088,0.3611416972871666,0.2577485457750299,0.24507110903505236,-18.044527247489896,44.73812500179338,69.8954119644768,0.8,-172.99235932879674,0.0,-8.100474912091158,0.3250659261731752,0.4069301752224419,0.4069301752224419,0.8995512549908663,0.045788477935275296,0.3611416972871666,18.044527247489896,0.0,-8.100474912091158,0.3250659261731752,1,1,False,0.3153532193518913,0.4069301752224419,8.100474912091158,0.3250659261731752,44.34305526157195,True,True,False,True,False,True,4.445798951997858,4.145830818943197,-0.8572960875080753,-1.0487194571378495,True,0.9222671684954173,14.294700226542773,14.763949511951068,False,0.8135419957477305,3.536049121965334,1.7273315890652157,0.987216484092817,0.8333333333333334,4.445798951997858,0.16666666666666674,0.3500123071464112,1,15.274989546422148,53>68>83,0.8639613520972489,1,122.68310401753115,4.4863632268065965,-53.40413086346052,,,,neutral_called_bull_truth,Bull,Neutral
trend_method_v2_0,320833,320834,2026-03-10T04:21:36.071240,Bull,1.0,0.7335367633186252,regime=RUN|slope_sum=0.733537,Bull,70793.51,70826.65,33.14,03/10/2026  04:17:04 AM,03/10/2026  04:21:50 AM,True,True,True,True,False,False,False,False,False,False,False,False,RUN,Bull,70880.68752705742,70851.13087708122,70839.81978009113,70830.5454450572,70826.87061779974,70826.07841026419,2.806183812166637,0.47189539501050604,0.40205304246774176,0.2616413683081191,0.123099490911045,0.054322169216902694,-54.609116793231806,-36.56458954574191,-81.30271454753529,1.0,-108.16126036936475,1.0,26.686101819723262,0.007475010955074302,0.7335367633186252,0.7335367633186252,-1.4358042104866002,0.47189539501050604,0.2616413683081191,54.609116793231806,1.0,26.686101819723262,0.007475010955074302,1,1,False,0.2102540267023869,0.7335367633186252,26.686101819723262,0.007475010955074302,74.44632569766831,False,False,False,False,True,False,4.1191952780809515,8.381785783133319,-0.3266036739169067,0.5306924135911686,False,0.3573641938489872,11.311096990088117,-2.9836032364546554,False,0.07991587323422913,2.404130769698895,-1.1319183522664389,0.6532729278766768,1.0,4.1191952780809515,0.16666666666666663,0.3891590398310242,0,4.46703479300777,53>68>83,0.4390630284360668,0,106.46000151021872,1.3043712906115035,83.1543994317235,,,,correct_bull,Bull,Bull
trend_method_v2_0,320834,320835,2026-03-10T04:26:36.074678,Neutral,1.0,0.0,regime=NOISE|slope_sum=-0.884313,Bull,70826.65,70925.0,98.35,03/10/2026  04:22:06 AM,03/10/2026  04:26:50 AM,False,False,False,False,False,True,False,False,True,False,False,False,NOISE,Bear,70832.5791774074,70838.73007733315,70856.62212774587,70869.56623059633,70875.17108668797,70875.55920364235,0.18862191794323735,-0.5221102760806389,-0.540962338407553,-0.36220317996230733,-0.17463432586919225,-0.0454934429617424,42.9800262349454,97.5891430281772,134.15373257391911,1.0,67.12526858855563,0.0,-5.208940381111461,0.20633850125762238,-0.8843134560429462,0.8843134560429462,0.1994704032326215,-0.5221102760806389,-0.36220317996230733,42.9800262349454,0.0,-5.208940381111461,0.20633850125762238,-1,-1,False,0.15990709611833154,0.8843134560429462,5.208940381111461,0.20633850125762238,48.60270522996328,True,False,False,True,False,True,1.8340254812246712,2.149455623173218,-2.2851697968562803,-1.9585661229393736,True,0.872993924074732,-17.892050412716344,-29.20314740280446,False,0.017733560313742392,0.7295842563507904,-1.6745465133481048,0.5828772415691276,0.8333333333333334,1.8340254812246712,-0.16666666666666663,0.1443905801813828,0,5.992973046013503,83>68>53,0.582330948793242,1,178.8918575757125,1.733835675067734,-106.62513168446276,,,,neutral_called_bull_truth,Bull,Neutral
trend_method_v2_0,320835,320836,2026-03-10T04:31:37.113376,Bull,1.0,1.1983634718199028,regime=RUN|slope_sum=1.198363,Bear,70925.0,70808.43,-116.57,03/10/2026  04:27:05 AM,03/10/2026  04:31:51 AM,False,True,False,True,False,False,True,False,False,False,False,False,RUN,Bull,70931.02809781136,70895.19775613397,70877.782742366,70867.3666713091,70861.67654365725,70859.64626242498,1.8337067265183578,0.8740241798222996,0.5068274009954621,0.32433929199760314,0.1888665356182173,0.09097600480708934,-71.38183538637531,-114.36186162132071,-211.95100464949792,1.0,-65.39373459552007,1.0,48.95199500875606,0.058402128846639645,1.1983634718199028,1.1983634718199028,-1.2874216690276612,0.8740241798222996,0.32433929199760314,71.38183538637531,1.0,48.95199500875606,0.058402128846639645,1,1,False,0.5496848878246965,1.1983634718199028,48.95199500875606,0.058402128846639645,59.56609748624164,False,False,False,True,True,False,3.8187401397590293,5.320514677584714,1.984714658534358,4.269884455390638,False,0.336714014537681,17.41501376796805,35.30706418068439,False,0.2659205260925855,1.3268793255228957,0.5972950691721053,0.4127718954404254,1.0,3.8187401397590293,0.16666666666666663,0.36077368170929663,0,7.720408884109929,53>68>83,0.6041818324229098,0,248.51559419523983,2.211663032910534,247.85536389935442,,,,bull_called_bear_truth,Bear,Bull
trend_method_v2_0,320836,320837,2026-03-10T04:36:39.110361,Neutral,1.0,0.0,regime=NOISE|slope_sum=0.535533,Bull,70808.43,70923.03,114.6,03/10/2026  04:32:09 AM,03/10/2026  04:36:53 AM,False,False,False,False,False,True,False,False,True,False,False,False,NOISE,Bull,70982.75683354598,70984.60066366263,70974.02367807912,70964.0277062282,70954.7621749817,70945.57013278255,-0.7628035205907508,0.23004760142430314,0.3356899300870282,0.3054853622616065,0.29420515220044763,0.28793706190845114,-37.186700763428234,34.19513462294708,148.5569962442678,0.8,101.83681157493265,0.0,-12.945145073274034,0.1644435407466344,0.5355329636859096,0.5355329636859096,0.08962396983677194,0.23004760142430314,0.3054853622616065,37.186700763428234,0.0,-12.945145073274034,0.1644435407466344,1,1,False,0.07543776083730336,0.5355329636859096,12.945145073274034,0.1644435407466344,69.43867751386122,True,True,False,True,False,True,2.2161686284725874,1.4967325120006578,-1.6025715112864418,-3.5872861698208,True,0.8397906070925172,10.576985583509668,-6.838028184458381,False,0.18673381697075742,1.098493450677779,-0.22838587484511663,0.8268419323134121,0.8333333333333334,2.2161686284725874,-0.16666666666666663,0.17447624219008137,1,18.45757344564481,53>68>83,0.8876275763705053,1,246.146139272445,5.197454464505019,-141.94735393465453,,,,neutral_called_bull_truth,Bull,Neutral
trend_method_v2_0,320837,320838,2026-03-10T04:41:40.079399,Bull,1.0,0.2535668932705448,regime=RUN|slope_sum=0.253567,Bull,70923.03,70961.51,38.48,03/10/2026  04:37:07 AM,03/10/2026  04:41:54 AM,True,True,True,True,False,False,False,False,False,False,False,False,RUN,Bull,70962.05079414614,70954.7479909644,70950.13936430696,70946.6888492603,70945.89927035593,70945.90616195997,0.14988893325789832,0.16397416403196985,0.15819414061115822,0.08959272923857498,0.030257038886702503,0.014325990190627635,-16.144632186173112,21.042068577255122,-13.153066045691958,0.8,-85.58784118015319,1.0,7.745414820834412,0.019575966480659276,0.2535668932705448,0.2535668932705448,-0.9061514797681908,0.16397416403196985,0.08959272923857498,16.144632186173112,1.0,7.745414820834412,0.019575966480659276,1,1,False,0.07438143479339487,0.2535668932705448,7.745414820834412,0.019575966480659276,63.67011078590411,False,False,False,False,True,False,0.6062329962169315,3.518200633452794,-1.609935632255656,-0.007364120969214127,False,0.31367841784095996,4.608626657442073,-5.968358926067594,False,0.017941005795757196,0.019865254194883164,-1.0786281964828959,0.0420822997719785,1.0,0.6062329962169315,0.16666666666666663,0.05727357767597188,0,0.7826873003359651,53>83>68,0.1341757583159051,0,169.59906482152292,0.2520332792797169,18.042796775276656,,,,correct_bull,Bull,Bull
trend_method_v2_0,320838,320839,2026-03-10T04:46:41.079153,Bear,1.0,-2.1499475148502825,regime=RUN|slope_sum=-2.149948,Bull,70961.51,71000.09,38.58,03/10/2026  04:42:09 AM,03/10/2026  04:46:55 AM,False,True,False,False,True,False,False,True,False,False,False,False,RUN,Bear,70797.1057863676,70830.71806859737,70868.79778275557,70896.42628895918,70913.46169544048,70923.4700603921,-1.252975529023388,-1.329718300352397,-1.1485831314239476,-0.8202292144978856,-0.5472223910437606,-0.36326536168780876,126.36427402449772,142.50890621067083,121.46683763341571,1.0,-22.77213074528845,1.0,23.479922342856298,0.3608403898196274,-2.1499475148502825,2.1499475148502825,0.5115384657229802,-1.329718300352397,-0.8202292144978856,126.36427402449772,1.0,23.479922342856298,0.3608403898196274,-1,-1,False,0.5094890858545114,2.1499475148502825,23.479922342856298,0.3608403898196274,58.775515751740315,False,False,False,True,True,False,5.461993928029187,2.155914012198534,4.855760931812256,6.465696564067912,False,0.2732538344030026,-38.07971415820066,-42.68834081564273,False,0.07308843331402953,0.25787794025745825,0.23801268606257509,0.06911251642981407,1.0,5.461993928029187,0.0,0.5160193118071811,0,27.0437714329164,83>68>53,1.730716967229455,0,197.74610941087303,7.464192910117987,-78.5404841317104,,,,bear_called_bull_truth,Bull,Bear
trend_method_v2_0,320839,320840,2026-03-10T04:51:43.074963,Bear,1.0,-0.7322291932141525,regime=RUN|slope_sum=-0.732229,Bear,71000.09,70785.8,-214.29,03/10/2026  04:47:12 AM,03/10/2026  04:51:57 AM,True,True,True,False,True,False,False,False,False,False,False,False,RUN,Bear,70779.91188970914,70817.19264653623,70825.15133979586,70826.05211977568,70827.58760438953,70832.45850465377,-2.4497286500500195,-0.6762006260796625,-0.19543225871530012,-0.056028567134490004,-0.0858944920473732,-0.15806871933455113,52.546614944629255,-73.81765907986846,-216.3265652905393,1.0,-68.57545417045185,1.0,31.55148709443165,0.07733769057432206,-0.7322291932141525,0.7322291932141525,4.208010545922441,-0.6762006260796625,-0.056028567134490004,52.546614944629255,1.0,31.55148709443165,0.07733769057432206,-1,-1,False,0.6201720589451725,0.7322291932141525,31.55148709443165,0.07733769057432206,71.76252385400473,False,False,False,True,True,False,3.6213533133613964,11.07150853023544,-1.840640614667791,-6.696401546480047,False,0.6668641248110688,-7.95869325962849,30.12102089857217,False,0.5515720847056559,2.2542963913347194,1.9964184510772611,0.6787265907925119,1.0,3.6213533133613964,0.0,0.3421256539634544,0,6.406384878093377,83>68>53,0.29999177851641434,0,237.36863386779441,1.8043287436357582,248.44400464018872,,,,correct_bear,Bear,Bear
trend_method_v2_0,320840,320841,2026-03-10T04:56:44.104024,Bear,1.0,-0.3091489823473239,regime=RUN|slope_sum=-0.309149,Bear,70785.8,70772.09,-13.71,03/10/2026  04:52:14 AM,03/10/2026  04:56:58 AM,True,True,True,False,True,False,False,False,False,False,False,False,RUN,Bear,70690.06842913663,70707.74325263884,70707.66634134477,70710.47603469715,70717.76272425998,70726.97669078442,-1.6530453539253358,-0.17764921936395695,-0.027894451426618616,-0.13149976298336696,-0.22797751949292433,-0.269311805443067,36.90826164778264,-15.638353296846617,58.179305783021846,0.8,-14.47025813102664,1.0,2.3806245580199175,0.13293291367742877,-0.3091489823473239,0.3091489823473239,6.467703285028179,-0.17764921936395695,-0.13149976298336696,36.90826164778264,1.0,2.3806245580199175,0.13293291367742877,-1,-1,False,0.04614945638058998,0.3091489823473239,2.3806245580199175,0.13293291367742877,119.38665095237738,False,False,False,True,True,False,2.4873781126352696,2.95582264454671,-1.1339752007261268,0.7066654139416642,False,0.29888323215111295,0.07691129407612607,8.035604553704616,False,0.7285788336918462,1.6251509024987172,-0.6291454888360022,0.8744003547245333,1.0,2.4873781126352696,0.0,0.23499387930470034,0,16.500656087271636,83>68>53,0.6287890879193583,0,231.9649185873859,4.48596648203943,-50.77284671815323,,,,correct_bear,Bear,Bear
trend_method_v2_0,320841,320842,2026-03-10T05:01:46.074514,Neutral,1.0,0.0,regime=NOISE|slope_sum=0.626105,Bear,70772.09,70683.51,-88.58,03/10/2026  04:57:16 AM,03/10/2026  05:02:00 AM,False,False,False,False,False,True,False,False,False,True,False,False,NOISE,Bull,70708.46982298525,70694.45147483576,70683.18300255649,70677.9952620477,70677.12259493477,70678.68387985259,0.6364286905227345,0.4804128560826939,0.3102290707829525,0.14569227254469297,0.038614530823906534,-0.02833083825862559,-29.785943132665125,-66.69420478044776,-51.055851483601145,0.8,57.189002937520854,0.0,9.272845804778626,0.10183845850905143,0.6261051286273869,0.6261051286273869,-0.8518574917070769,0.4804128560826939,0.14569227254469297,29.785943132665125,0.0,9.272845804778626,0.10183845850905143,1,1,False,0.33472058353800094,0.6261051286273869,9.272845804778626,0.10183845850905143,47.57338946889795,False,False,False,True,False,True,1.639708259015606,6.711279369295195,-0.8476698536196636,0.28630534710646316,True,0.6481279330129419,11.268472279276466,11.19156098520034,False,0.21524761022275096,0.32619961973978207,-1.2989512827589351,0.2285798724780317,0.8333333333333334,1.639708259015606,-0.16666666666666663,0.12909222323856312,0,0.6886178048880538,83>53>68,0.2126376416272251,0,156.15021715716284,0.28949664940631614,60.94846118604255,,,,neutral_called_bear_truth,Bear,Neutral
trend_method_v2_0,320842,320843,2026-03-10T05:06:47.106489,Bull,1.0,0.6229040532743966,regime=RUN|slope_sum=0.622904,Bull,70683.51,70739.27,55.76,03/10/2026  05:02:15 AM,03/10/2026  05:07:01 AM,True,True,True,True,False,False,False,False,False,False,False,False,RUN,Bull,70772.96479451534,70759.89025201277,70750.82586845235,70744.505829434,70738.4782133775,70732.42597516962,0.5181155601894716,0.4153148497334769,0.2630832488939632,0.2075892035409197,0.198492520596119,0.19131994528106588,-40.538819345718366,-10.752876213053241,55.94132856739452,1.0,102.03490624886763,1.0,10.846322012177552,0.06444308905837329,0.6229040532743966,0.6229040532743966,-0.8498559133284874,0.4153148497334769,0.2075892035409197,40.538819345718366,1.0,10.846322012177552,0.06444308905837329,1,1,False,0.20772564619255718,0.6229040532743966,10.846322012177552,0.06444308905837329,65.08035889736061,False,False,False,True,True,False,1.7939153282350162,2.0028629313713977,0.1542070692194102,1.0018769228390738,False,0.2667937867489272,9.064383560427814,-2.204088718848652,False,0.22439862544944372,0.2550323112955084,-0.07116730844427366,0.21314617632336866,1.0,1.7939153282350162,0.16666666666666663,0.16947930834668623,0,12.079854264375172,53>68>83,0.5974016694181046,0,93.08543429034762,3.2925840276784513,-53.80840715699014,,,,correct_bull,Bull,Bull
trend_method_v2_0,320843,320844,2026-03-10T05:11:49.083908,Bear,1.0,-0.38329950785009714,regime=RUN|slope_sum=-0.383300,Bull,70739.27,70778.38,39.11,03/10/2026  05:07:17 AM,03/10/2026  05:12:03 AM,False,True,False,False,True,False,False,True,False,False,False,False,RUN,Bear,70733.5046259656,70735.6213273033,70744.95179128386,70753.0631183884,70757.27835489859,70758.4560509974,-0.4708202804049506,-0.1571000461717631,-0.30544771524728276,-0.22619946167833405,-0.12796323729344294,-0.051499589237209875,24.9514250318025,65.49024437752087,76.24312059057411,1.0,-27.712019489263184,1.0,0.44335374602815136,0.13514677420399884,-0.38329950785009714,0.38329950785009714,0.12135802609175268,-0.1571000461717631,-0.22619946167833405,24.9514250318025,1.0,0.44335374602815136,0.13514677420399884,-1,-1,False,0.06909941550657095,0.38329950785009714,0.44335374602815136,0.13514677420399884,65.09641812939827,False,False,False,True,True,False,1.3390303300329833,2.3008499161823717,-0.4548849982020329,-0.6090920674214431,False,0.46154670920136465,-9.330463980557397,-18.39484754098521,False,0.3207185969734353,0.4620679033087072,0.20703559201319877,0.49505434362818956,1.0,1.3390303300329833,0.0,0.12650426172148435,0,5.392932609000127,83>68>53,0.40566228820898687,0,142.93732537102187,1.5586058570796417,-57.6412374575757,,,,bear_called_bull_truth,Bull,Bear
trend_method_v2_0,320844,320845,2026-03-10T05:16:50.081455,Neutral,1.0,0.0,regime=NOISE|slope_sum=-0.350579,Bull,70778.38,70785.8,7.42,03/10/2026  05:12:19 AM,03/10/2026  05:17:04 AM,False,False,False,False,False,True,False,False,True,False,False,False,NOISE,Bear,70781.72944424383,70787.32619291286,70795.52696642478,70800.36309575825,70800.44824025294,70798.4324122256,-0.4807268128806754,-0.2316780174132873,-0.2505352348798624,-0.11890096072602319,-0.009648252938859514,0.040616015226987656,16.702967981764232,-8.248457050038269,-73.73870142755914,0.8,13.946285400423221,0.0,-0.7794063190813176,0.10263287936062881,-0.3505789781393105,0.3505789781393105,0.4293004814856478,-0.2316780174132873,-0.11890096072602319,16.702967981764232,0.0,-0.7794063190813176,0.10263287936062881,-1,-1,False,0.11277705668726412,0.3505789781393105,0.7794063190813176,0.10263287936062881,47.64395192893434,False,False,False,True,False,True,1.1321052940656955,5.6923049227174936,-0.20692503596728784,0.24795996223474503,True,0.6402298603217895,-8.200773511911393,1.1296904686460039,False,0.03910555625939395,0.2679060129339632,-0.19416189037474396,0.2782167059230235,0.8333333333333334,1.1321052940656955,-0.16666666666666663,0.08912926342081501,0,1.9306835326569853,68>53>83,0.16916522889187036,0,84.49157764061238,0.5562028081599036,74.6742300058304,,,,neutral_called_bull_truth,Bull,Neutral
trend_method_v2_0,320845,320846,2026-03-10T05:21:51.102029,Bull,1.0,0.793387279198214,regime=RUN|slope_sum=0.793387,Bull,70785.8,70821.82,36.02,03/10/2026  05:17:19 AM,03/10/2026  05:22:05 AM,True,True,True,True,False,False,False,False,False,False,False,False,RUN,Bull,70905.61984361608,70870.2837178048,70863.51868691224,70858.23732417596,70852.10415986115,70846.41565334031,3.351894640016326,0.5923038014861959,0.21854808963325922,0.20108347771201807,0.1985947274861246,0.18003483851862256,-59.20419027576281,-75.90715825752704,-67.65870120748878,1.0,8.006879886524985,1.0,32.27229990808701,0.11237250525376852,0.793387279198214,0.793387279198214,-2.9333364737252388,0.5923038014861959,0.20108347771201807,59.20419027576281,1.0,32.27229990808701,0.11237250525376852,1,1,False,0.3912203237741778,0.793387279198214,32.27229990808701,0.11237250525376852,74.62205637528463,False,False,False,True,True,False,4.742459574852546,7.180701859745639,3.6103542807868507,3.8172793167541386,False,0.3511044398319587,6.765030892565846,14.96580440447724,False,0.46094202399519935,3.1333465503830666,2.8654405374491034,0.7527113474113332,1.0,4.742459574852546,0.16666666666666663,0.4480416416302744,0,11.821670835648547,53>68>83,0.5797130437167652,0,149.64585968508618,3.256444229998123,85.48994614941512,,,,correct_bull,Bull,Bull
trend_method_v2_0,320846,320847,2026-03-10T05:26:53.164305,Neutral,1.0,0.0,regime=NOISE|slope_sum=0.545824,Bull,70821.82,70969.86,148.04,03/10/2026  05:22:21 AM,03/10/2026  05:27:07 AM,False,False,False,False,False,True,False,False,True,False,False,False,NOISE,Bull,71092.556429026,71088.98324890524,71081.70833608837,71064.25799245511,71043.96007087943,71024.11387235929,0.08802714825105795,-0.01191572183779499,0.36518115949002095,0.557740086762351,0.612049846091395,0.6001453867484088,-68.44255666670506,-9.238366390942247,66.6687918665848,1.0,129.714977904252,0.0,-17.43665700321435,0.12816395605692552,0.545824364924556,0.545824364924556,-0.14451539169357724,-0.01191572183779499,0.557740086762351,68.44255666670506,0.0,-17.43665700321435,0.12816395605692552,-1,1,True,0.569655808600146,0.545824364924556,17.43665700321435,0.12816395605692552,125.39300380290867,True,True,False,True,False,True,2.2350593491810287,0.26279154070072136,-2.5074002256715175,-6.117754506458368,False,0.3832414637668221,7.274912816865253,0.5098819242994068,True,1.0,0.4770397514166689,-2.6563067989663978,1.0256183750570436,0.8333333333333334,2.2350593491810287,-0.16666666666666663,0.17596348549779967,0,40.14412009582156,53>68>83,1.7699353196021548,0,93.39398169850756,10.894004151796253,-68.81521674125179,,,,neutral_called_bull_truth,Bull,Neutral
trend_method_v2_0,320847,320848,2026-03-10T05:31:54.079407,Neutral,1.0,0.0,regime=NOISE|slope_sum=0.019782,Bull,70969.86,71116.36,146.5,03/10/2026  05:27:23 AM,03/10/2026  05:32:08 AM,False,False,False,False,False,True,False,False,True,False,False,False,NOISE,Bull,71202.3647283684,71202.9304796118,71204.87025066314,71199.98589273986,71190.5544754674,71178.42971423944,0.4864214058579819,-0.1592900111554627,0.012757128881276003,0.17907152676889382,0.28765336464493885,0.35949641554179834,-23.935014128961484,44.507542537743575,53.74590892868582,0.6,-23.382377138826996,0.0,-19.477491616620682,0.08479839364909345,0.01978151561343111,0.01978151561343111,0.19213263789141521,-0.1592900111554627,0.17907152676889382,23.935014128961484,0.0,-19.477491616620682,0.08479839364909345,-1,1,True,0.3383615379243565,0.01978151561343111,19.477491616620682,0.08479839364909345,1209.9686695750584,True,True,False,True,False,True,1.4846898528503516,0.7969638889137013,-0.7503694963306771,1.7570307293408405,False,0.17740231594647818,-1.939771051343996,-9.21468386820925,True,1.0,0.8177585570501833,0.3407188056335144,1.2419098256835048,0.8333333333333334,1.4846898528503516,0.0,0.11688781395737476,0,21.55617850042472,53>68>83,0.826221306955631,0,129.65306718621287,5.869533147888433,-44.19050625484306,,,,neutral_called_bull_truth,Bull,Neutral
trend_method_v2_0,320848,320849,2026-03-10T05:36:56.100563,Bear,1.0,-0.7289311924032518,regime=RUN|slope_sum=-0.728931,Bull,71116.36,71198.26,81.9,03/10/2026  05:32:24 AM,03/10/2026  05:37:10 AM,False,True,False,False,True,False,False,True,False,False,False,False,RUN,Bear,71122.3858133374,71145.52912720517,71154.56789705242,71165.51154499383,71174.409434719,71180.11198093623,-2.0622545206661016,-0.3877505747605028,-0.3445428729082778,-0.341180617642749,-0.26934380805869296,-0.18429339808608347,57.72616759882658,81.66118172778806,37.15363919004449,1.0,-152.63357518335397,1.0,20.13693517174397,0.03698421494988169,-0.7289311924032518,0.7289311924032518,1.1581838650046004,-0.3877505747605028,-0.341180617642749,57.72616759882658,1.0,20.13693517174397,0.03698421494988169,-1,-1,False,0.0465699571177538,0.7289311924032518,20.13693517174397,0.03698421494988169,79.19288980967617,False,False,False,False,True,False,3.5893657921224076,3.51596036814838,2.104675939272056,2.855045435602733,False,0.3114252634232026,-9.03876984724775,-7.0989987959037535,False,0.05900326158833532,1.7177116477578238,0.8999530907076405,0.6146652937152172,1.0,3.5893657921224076,0.16666666666666663,0.33910364791334585,0,14.60043594239687,83>68>53,0.7948178237875254,0,135.40709065647388,3.976886604352478,-29.154687303433093,,,,bear_called_bull_truth,Bull,Bear
trend_method_v2_0,320849,320850,2026-03-10T05:41:57.060033,Neutral,0.6924663062915594,0.0,regime=NOISE|slope_sum=-0.049820,Bear,71198.26,71118.94,-79.32,03/10/2026  05:37:26 AM,03/10/2026  05:42:11 AM,False,False,False,False,False,True,False,False,False,True,False,False,NOISE,Bear,71128.74526423555,71135.75000543211,71133.14797538439,71129.23154609931,71128.41963425094,71130.3981474507,-0.17492744895753276,-0.14069257328628737,0.1164303159348492,0.09087240906592342,0.014267692980865831,-0.052344957388413604,1.652883215152542,-56.073284383674036,-137.7344661114621,0.4,-51.39610018231906,0.0,-0.34359478986880276,0.08092091385333335,-0.04982016422036395,0.04982016422036395,1.0746007358274672,-0.14069257328628737,0.09087240906592342,1.652883215152542,0.0,-0.34359478986880276,0.08092091385333335,-1,1,True,0.2315649823522108,0.04982016422036395,0.34359478986880276,0.08092091385333335,33.176992509328734,False,False,False,True,False,True,0.5895353976138722,2.7434369947736927,-2.9998303945085354,-5.104506333780591,False,0.5931463250060172,2.6020300477248384,11.640799894972588,True,1.0,0.29135776489238197,-1.4263538828654418,0.6743606916745298,0.5,0.5895353976138722,-0.5,0.027848039943944955,1,1.166601351389545,83>53>68,0.15748505943520286,0,182.24200864920567,0.7046443616214674,147.94891212356924,,,,neutral_called_bear_truth,Bear,Neutral
trend_method_v2_0,320850,320851,2026-03-10T05:46:59.103255,Bear,1.0,-0.8651831045335712,regime=RUN|slope_sum=-0.865183,Bear,71118.94,71109.58,-9.36,03/10/2026  05:47:31 AM,03/10/2026  05:47:13 AM,True,True,True,False,True,False,False,False,False,False,False,False,RUN,Bear,71016.54876848958,71027.49597937313,71042.69422824928,71053.75823601952,71062.70814158837,71070.19262657661,-0.10674211730474781,-0.5215791794089455,-0.444964191674444,-0.3436039251246257,-0.28794708917666867,-0.24444769475303474,53.64385808703082,51.99097487187828,108.06425925555232,1.0,-10.491687388566788,1.0,3.011965550162131,0.1724902217272236,-0.8651831045335712,0.8651831045335712,0.4168419732746676,-0.5215791794089455,-0.3436039251246257,53.64385808703082,1.0,3.011965550162131,0.1724902217272236,-1,-1,False,0.17797525428431982,0.8651831045335712,3.011965550162131,0.1724902217272236,62.0028960412383,False,False,False,True,True,False,1.9492841974424664,1.225213550310806,1.3597487998285942,4.35957919433713,False,0.22024197185742908,-15.198248876156867,-17.800278923881706,False,0.07926699414287479,0.49145204983869917,0.2000942849463172,0.4578949917386501,1.0,1.9492841974424664,0.5,0.18415770931547248,0,16.434390557085862,83>68>53,0.8759987090543291,1,189.72544098334038,4.470887172014629,-90.06388604672429,,,,correct_bear,Bear,Bear
trend_method_v2_0,320850,320851,2026-03-10T05:48:20.596466,Neutral,1.0,0.0,regime=NOISE|slope_sum=-1.106466,Bear,71118.94,71109.58,-9.36,03/10/2026  05:47:31 AM,03/10/2026  05:47:13 AM,False,False,False,False,False,True,False,False,False,True,False,False,NOISE,Bear,70963.4545416795,70978.37483760044,70996.18500661182,71011.840785352,71024.87681885528,71035.84592675962,0.19313131995295407,-0.6231420495569182,-0.5602647334617359,-0.48332380528336216,-0.4117305889431009,-0.3540466971680871,72.3913850801182,18.747526993087376,-33.2434478787909,1.0,25.85882105710334,0.0,6.76871956542891,0.173306781595983,-1.1064658548402804,1.1064658548402804,0.4458351525332667,-0.6231420495569182,-0.48332380528336216,72.3913850801182,0.0,6.76871956542891,0.173306781595983,-1,-1,False,0.13981824427355605,1.1064658548402804,6.76871956542891,0.173306781595983,65.4257741108224,False,False,True,True,False,True,2.6256391943661583,1.1020229767270333,0.6763549969236919,-0.6833938029049023,True,0.7147252637580044,-17.81016901138355,-2.6119201352266828,False,0.0531324621401897,0.8791506856050546,0.38769863576635544,0.6386678899096101,0.8333333333333334,2.6256391943661583,-0.16666666666666663,0.20671335840347874,0,24.005141407615156,83>68>53,1.2491010913945502,0,126.81178624863969,6.508895657782638,36.24306664978394,,,,neutral_called_bear_truth,Bear,Neutral
trend_method_v2_0,320851,320852,2026-03-10T05:52:33.086818,Neutral,1.0,0.0,regime=NOISE|slope_sum=0.548179,Bear,71109.58,71010.01,-99.57,03/10/2026  05:48:21 AM,03/10/2026  05:52:47 AM,False,False,False,False,False,True,False,False,False,True,False,False,NOISE,Bull,71043.94043112092,71045.34227595614,71034.00839665423,71025.02468222077,71020.10549394031,71019.02676781939,-1.0615474073110818,0.2907144050295756,0.34102083421203133,0.25746482325484976,0.14693480664573144,0.049310211468764464,-24.913663301529596,-97.3050483816478,-116.05257537473517,0.8,17.52754087676294,0.0,-8.992493601734168,0.1562049092449126,0.5481792282844253,0.5481792282844253,0.06899659740244171,0.2907144050295756,0.25746482325484976,24.913663301529596,0.0,-8.992493601734168,0.1562049092449126,1,1,False,0.03324958177472581,0.5481792282844253,8.992493601734168,0.1562049092449126,45.448025054687086,True,True,False,True,False,True,2.1469924879220343,3.7320826928553665,-0.478646706444124,-1.155001703367816,True,0.9154706234098717,11.333879301906563,29.144048313290114,False,0.07963214026630559,1.402568241523113,0.5234175559180585,0.8283131256193798,0.8333333333333334,2.1469924879220343,0.0,0.1690300893579334,1,5.997914401377784,53>68>83,0.45370984136934567,0,168.04355024661345,1.89290735793213,145.72004124394334,,,,neutral_called_bear_truth,Bear,Neutral
trend_method_v2_0,320852,320853,2026-03-10T05:57:35.084435,Neutral,1.0,0.0,regime=NOISE|slope_sum=-0.544269,Bull,71010.01,71035.77,25.76,03/10/2026  05:53:02 AM,03/10/2026  05:57:49 AM,False,False,False,False,False,True,False,False,True,False,False,False,NOISE,Bear,71035.91236661053,71045.74817584714,71055.96259167002,71060.65209057917,71061.35807097839,71059.54166187225,-0.18739602102868957,-0.41301595933327917,-0.27444771975024196,-0.1312535276665585,-0.02917703567436547,0.036321334233434754,23.62929526172229,48.54295856325189,145.84800694489968,0.8,57.334052993086516,0.0,2.835027488821652,0.10914070004738673,-0.5442694869998377,0.5442694869998377,0.6599480346471106,-0.41301595933327917,-0.1312535276665585,23.62929526172229,0.0,2.835027488821652,0.10914070004738673,-1,-1,False,0.28176243166672066,0.5442694869998377,2.835027488821652,0.10914070004738673,43.4146977299305,False,False,True,True,False,True,1.0716115976865694,4.4465121348147285,-1.075380890235465,-0.5967341837913409,True,0.8055787589837162,-10.214415822876617,-21.54829512478318,False,0.2015644517653162,0.3641881778876268,-1.0383800636354863,0.4162818082041218,0.8333333333333334,1.0716115976865694,0.0,0.08436666878572531,0,1.110428706917446,68>53>83,0.19675189757435874,1,164.59553393798706,0.38654260352390246,-125.33809188375199,,,,neutral_called_bull_truth,Bull,Neutral
trend_method_v2_0,320853,320854,2026-03-10T06:02:36.067478,Neutral,1.0,0.0,regime=NOISE|slope_sum=-0.449149,Bear,71035.77,71034.52,-1.25,03/10/2026  05:58:03 AM,03/10/2026  06:02:50 AM,False,False,False,False,False,True,False,False,False,True,False,False,NOISE,Bear,71010.28623795338,71012.26349837692,71021.36731189262,71025.99634852236,71029.21585387978,71032.32146062874,0.4562102137715556,-0.3086808195530466,-0.23674659008065646,-0.14046798747767753,-0.11275341243344883,-0.10348573314331588,22.035222675360274,-1.5940725863620173,-50.137031149613904,1.0,-67.73509529637522,0.0,-7.164516016971902,0.12229209197865287,-0.44914880703072413,0.44914880703072413,0.143980339293326,-0.3086808195530466,-0.14046798747767753,22.035222675360274,0.0,-7.164516016971902,0.12229209197865287,-1,-1,False,0.16821283207536908,0.44914880703072413,7.164516016971902,0.12229209197865287,49.05996037489853,True,False,False,True,False,True,1.3583447564597009,2.808011196267231,0.28673315877313144,1.3621140490085963,True,0.5949582920365107,-9.103813515699585,1.1106023071770323,False,0.13188598189573855,0.8368252627969923,0.4726370849093655,0.8354570986980748,0.8333333333333334,1.3583447564597009,0.0,0.10694081924128336,0,6.325112106380402,83>68>53,0.35670713305444224,0,147.4420795312617,1.7437437771012383,51.7202705417003,,,,neutral_called_bear_truth,Bear,Neutral
trend_method_v2_0,320854,320855,2026-03-10T06:07:38.126113,Bear,1.0,-0.8318431575025897,regime=RUN|slope_sum=-0.831843,Bear,71034.52,71013.38,-21.14,03/10/2026  06:03:05 AM,03/10/2026  06:07:52 AM,True,True,True,False,True,False,False,False,False,False,False,False,RUN,Bear,70940.564881177,70973.29531861885,70982.92172999313,70987.41277424672,70991.00190122555,70994.61171865869,-2.1258621501947346,-0.6716936906741466,-0.2701817013639811,-0.1601494668284431,-0.1313339509324578,-0.12327143674338004,54.046837481699185,32.01161480633891,33.60568739270093,1.0,-10.489540726528503,1.0,39.23115565675835,0.04077487075424177,-0.8318431575025897,0.8318431575025897,2.3184374225993065,-0.6716936906741466,-0.1601494668284431,54.046837481699185,1.0,39.23115565675835,0.04077487075424177,-1,-1,False,0.5115442238457035,0.8318431575025897,39.23115565675835,0.04077487075424177,64.97238931911383,False,False,False,False,True,False,3.4824923967371433,7.396507862215265,2.1241476402774424,1.837414481504311,False,0.352361147447974,-9.626411374279996,-0.5225978585804114,False,0.4262899240220431,1.8556804488307534,1.0188551860337611,0.6049019589466218,1.0,3.4824923967371433,0.16666666666666663,0.3290068340640672,0,7.198944411968114,83>68>53,0.41475485450428096,1,82.14864595595282,2.0295815333970473,-32.06423434808676,,,,correct_bear,Bear,Bear
trend_method_v2_0,320855,320856,2026-03-10T06:12:38.148073,Neutral,1.0,0.0,regime=NOISE|slope_sum=0.245973,Bear,71013.38,70954.32,-59.06,03/10/2026  06:08:08 AM,03/10/2026  06:12:52 AM,False,False,False,False,False,True,False,False,False,True,False,False,NOISE,Bull,70944.60319627772,70940.6282997275,70934.81785170609,70931.0686702419,70931.68380397237,70935.07230669862,0.32724522569151304,0.15768994066638697,0.1867907121340977,0.08828272877690324,-0.019534297092832276,-0.08616118910322257,-9.530889579094946,-63.57772706079413,-95.58934186713304,0.6,-21.82966999002383,0.0,-1.612300818262156,0.06807226782853137,0.24597266944329021,0.24597266944329021,-0.4158002729914108,0.15768994066638697,0.08828272877690324,9.530889579094946,0.0,-1.612300818262156,0.06807226782853137,1,1,False,0.06940721188948373,0.24597266944329021,1.612300818262156,0.06807226782853137,38.747758442700984,True,True,False,True,False,True,0.8657040934649558,3.4628933902997354,-2.6167883032721875,-4.74093594354963,True,0.9103720467826064,5.810448021409684,15.43685939568968,False,0.08447723037892996,0.1986560564928368,-1.6570243923379167,0.2957397695304118,0.6666666666666666,0.8657040934649558,-0.33333333333333337,0.054524658506853244,1,4.003636456720415,83>68>53,0.19397821497295809,0,97.18341445349506,1.2911719847261263,109.36917687048481,,,,neutral_called_bear_truth,Bear,Neutral
trend_method_v2_0,320856,320857,2026-03-10T06:17:39.116764,Bear,1.0,-1.1041228741760278,regime=RUN|slope_sum=-1.104123,Bear,70954.32,70953.26,-1.06,03/10/2026  06:13:06 AM,03/10/2026  06:17:53 AM,True,True,True,False,True,False,False,False,False,False,False,False,RUN,Bear,70816.70581999393,70855.08461716995,70868.41595594345,70875.74138758254,70882.27043875163,70887.95489176878,-2.484390950125089,-0.8455673776497861,-0.36799925502418773,-0.25855549652624177,-0.22004046097754326,-0.18874975637845637,71.2490717748442,80.77996135393914,144.35768841473327,1.0,12.421997030221974,1.0,49.53404275265348,0.01429451222634065,-1.1041228741760278,1.1041228741760278,1.857928243747378,-0.8455673776497861,-0.25855549652624177,71.2490717748442,1.0,49.53404275265348,0.01429451222634065,-1,-1,False,0.5870118811235443,1.1041228741760278,49.53404275265348,0.01429451222634065,64.53002056316888,False,False,False,False,True,False,4.365303296681304,5.541292175664737,3.4995992032163485,6.116387506488536,False,0.3388500025288427,-13.3313387734961,-19.141786794905784,False,0.39352443431418704,2.1163916951009014,1.9177356386080646,0.5723136752420398,1.0,4.365303296681304,0.33333333333333337,0.41240997933439455,0,12.213504186234786,83>68>53,0.6673457138822414,1,176.3693032210722,3.3793429972587212,-123.29816598121943,,,,correct_bear,Bear,Bear
trend_method_v2_0,320857,320858,2026-03-10T06:22:40.062515,Bear,1.0,-0.5052633728100773,regime=RUN|slope_sum=-0.505263,Bear,70953.26,70809.63,-143.63,03/10/2026  06:18:08 AM,03/10/2026  06:22:54 AM,True,True,True,False,True,False,False,False,False,False,False,False,RUN,Bear,70779.77651281012,70803.78593732997,70807.4069116649,70808.73078336693,70812.19171986914,70817.42255787634,-1.993365568401714,-0.4290894581172324,-0.09040669193018402,-0.07617391469284485,-0.12241873601851694,-0.1592517724766367,37.64604506622709,-33.60302670861711,-114.38298806255625,1.0,-23.41491896258958,1.0,22.873335083480924,0.08124994307096736,-0.5052633728100773,0.5052633728100773,4.855444302116111,-0.4290894581172324,-0.07617391469284485,37.64604506622709,1.0,22.873335083480924,0.08124994307096736,-1,-1,False,0.3529155434243876,0.5052633728100773,22.873335083480924,0.08124994307096736,74.50776583478535,False,False,False,True,True,False,2.870706141637129,7.02221847154221,-1.4945971550441755,-4.994196358260524,False,0.650138480843055,-3.620974334931816,9.710364438564284,False,0.6519447086492085,1.90295887647153,-0.21343281862937147,0.7572875429237643,1.0,2.870706141637129,0.0,0.27120861486251063,0,8.691774509410607,83>68>53,0.3578444231879985,0,177.96071512335038,2.4138731029252325,123.87991968249116,,,,correct_bear,Bear,Bear
trend_method_v2_0,320858,320859,2026-03-10T06:27:42.068375,Neutral,1.0,0.0,regime=NOISE|slope_sum=0.076150,Bear,70809.63,70802.35,-7.28,03/10/2026  06:23:10 AM,03/10/2026  06:27:56 AM,False,False,False,False,False,True,False,False,False,True,False,False,NOISE,Bull,70783.21823193973,70778.6752988752,70776.91705565162,70778.74027939881,70781.58727710198,70784.59662086716,0.22007983765251993,0.13429669175093295,0.013733431327636936,-0.05814707401623309,-0.08090646132041002,-0.08801156830304535,1.378388927434571,-36.26765613879252,-2.6646294301754097,0.4,37.70639688325173,0.0,-1.6000867731199833,0.034448968859977044,0.07614961773469986,0.07614961773469986,-69.91222510583326,0.13429669175093295,-0.05814707401623309,1.378388927434571,0.0,-1.6000867731199833,0.034448968859977044,1,-1,True,0.19244376576716604,0.07614961773469986,1.6000867731199833,0.034448968859977044,18.101061678822674,True,False,False,True,False,True,0.5951750643707783,1.6211648325989105,-2.2755310772663506,-0.7809339222221752,True,0.7816762675094416,1.758243223579484,5.3792175585113,False,0.8144508557849722,0.206346406324883,-1.696612470146647,0.5605564324178186,0.5,0.5951750643707783,-0.5,0.02811444237839169,1,5.856341468344908,83>68>53,0.22706510363968846,0,150.65064420134877,1.8770790369098482,6.347234518540063,,,,neutral_called_bear_truth,Bear,Neutral
trend_method_v2_0,320859,320860,2026-03-10T06:32:44.092881,Neutral,1.0,0.0,regime=NOISE|slope_sum=0.930116,Bear,70802.35,70777.17,-25.18,03/10/2026  06:28:12 AM,03/10/2026  06:32:58 AM,False,False,False,False,False,True,False,False,False,True,False,False,NOISE,Bull,70889.85563709185,70888.07677503568,70868.24069991669,70850.39321652638,70837.54897706461,70828.42526330767,-0.45036658010394603,0.4071822727491963,0.6365640934891417,0.5229334537962131,0.3997989467206935,0.302890763623509,-61.43037378418376,-62.80876271161833,-26.54110657282581,1.0,76.65457944969239,0.0,-11.264631045778515,0.2882753670979236,0.9301157265454094,0.9301157265454094,-0.047205256788342614,0.4071822727491963,0.5229334537962131,61.43037378418376,0.0,-11.264631045778515,0.2882753670979236,1,1,False,0.11575118104701687,0.9301157265454094,11.264631045778515,0.2882753670979236,66.04594679024025,True,True,False,True,False,True,2.7197361104826996,1.2190638934196159,2.1245610461119213,4.400092123378272,True,0.5197438112592634,19.836075118990266,18.07783189541078,False,0.21976777899274277,1.0869306735930877,0.8805842672682047,0.7274755742221408,0.8333333333333334,2.7197361104826996,0.33333333333333337,0.21412149337784875,0,21.967953218714683,53>68>83,1.2256231641404156,0,132.67944555902795,6.015202737183748,45.4995227355048,,,,neutral_called_bear_truth,Bear,Neutral
trend_method_v2_0,320860,320861,2026-03-10T06:37:44.101773,Bear,1.0,-1.4395663564137067,regime=RUN|slope_sum=-1.439566,Bull,70777.17,70895.57,118.4,03/10/2026  06:33:13 AM,03/10/2026  06:37:58 AM,False,True,False,False,True,False,False,True,False,False,False,False,RUN,Bear,70744.98008790886,70765.2684122359,70790.0677885298,70807.89307614432,70819.84291403033,70826.61074583139,-0.3622402046512434,-0.8982176690660708,-0.730672141067771,-0.5413486873476359,-0.37755591240238573,-0.23796225547266658,81.63065792253474,143.0610317067185,205.86979441833682,1.0,-45.6431599167845,1.0,10.722483524747076,0.2489306387811666,-1.4395663564137067,1.4395663564137067,0.47597617121780306,-0.8982176690660708,-0.5413486873476359,81.63065792253474,1.0,10.722483524747076,0.2489306387811666,-1,-1,False,0.35686898171843495,1.4395663564137067,10.722483524747076,0.2489306387811666,56.70503312254089,False,False,False,True,True,False,3.1479968700077734,1.7211401690662214,0.4282607595250738,-1.6963002865868475,False,0.5530027947302462,-24.799376293900423,-44.63545141289069,False,0.10285872436302675,0.7035229924131272,-0.3834076811799605,0.3533285055165334,1.0,3.1479968700077734,0.16666666666666663,0.29740552623036365,0,18.717669687073794,83>68>53,1.1568668552226882,0,242.13745055712934,5.157592972511978,-161.6177506866261,,,,bear_called_bull_truth,Bull,Bear
trend_method_v2_0,320861,320862,2026-03-10T06:42:45.200089,Neutral,1.0,0.0,regime=NOISE|slope_sum=0.114875,Bear,70895.57,70699.07,-196.5,03/10/2026  06:38:14 AM,03/10/2026  06:42:59 AM,False,False,False,False,False,True,False,False,False,True,False,False,NOISE,Bull,70730.93980123443,70724.90235648134,70723.5352573811,70724.8189684326,70728.62572130606,70735.04028647304,0.3639398039358639,0.16181427190531394,0.01818308968540805,-0.04693928973756556,-0.12260075410813442,-0.18727186587602773,4.100485238610418,-77.53017268392432,-220.59120439064282,0.4,-89.7559418820747,0.0,-3.1452519561134977,0.03242039031784295,0.11487498216774839,0.11487498216774839,-72.40179824794458,0.16181427190531394,-0.04693928973756556,4.100485238610418,0.0,-3.1452519561134977,0.03242039031784295,1,-1,True,0.2087535616428795,0.11487498216774839,3.1452519561134977,0.03242039031784295,35.69519804253467,True,False,False,True,False,True,0.9007490752483136,1.5244366869670756,-2.24724779475946,-2.6755085542845336,True,0.8415488088629506,1.3670991002436494,26.166475394144072,False,0.7979627087340007,0.34575671425045584,-0.35776627816267137,0.6356556164271816,0.5,0.9007490752483136,-0.5,0.04254892297988159,1,10.221318040436017,83>68>53,0.3568119097217277,0,283.39996710226114,3.017748680307796,246.39991350662422,,,,neutral_called_bear_truth,Bear,Neutral
trend_method_v2_0,320862,320863,2026-03-10T06:47:46.081392,Neutral,1.0,0.0,regime=NOISE|slope_sum=-0.328050,Bull,70699.07,70749.99,50.92,03/10/2026  06:43:14 AM,03/10/2026  06:48:00 AM,False,False,False,False,False,True,False,False,True,False,False,False,NOISE,Bear,70686.01244909076,70682.15256178977,70689.64686761798,70698.92365633942,70705.76860860332,70710.42991221136,0.6132031298657239,-0.06036306596615759,-0.27332555395878444,-0.2676873153886845,-0.20463778390512743,-0.154593938294056,24.41746312059695,20.31697788198653,97.84715056591085,0.8,66.96008509666717,0.0,-3.7783126440190244,0.128233150974986,-0.3280503813548421,0.3280503813548421,-0.23015118597853756,-0.06036306596615759,-0.2676873153886845,24.41746312059695,0.0,-3.7783126440190244,0.128233150974986,-1,-1,False,0.20732424942252692,0.3280503813548421,3.7783126440190244,0.128233150974986,74.4320522346393,True,False,False,True,False,True,1.5738107873785339,1.5103892097996006,0.6730617121302203,2.92030950688968,True,0.5406621577090306,-7.494305828207871,-8.86140492845152,False,0.6382072245692089,0.8865286838245083,0.5407719695740525,0.9362513550471822,0.8333333333333334,1.5738107873785339,0.33333333333333337,0.12390419599490157,1,11.506255871936446,83>68>53,0.6269190375878679,1,240.90818227262935,3.42306266670464,-88.44497366788528,,,,neutral_called_bull_truth,Bull,Neutral
trend_method_v2_0,320863,320864,2026-03-10T06:52:48.089729,Bull,1.0,1.842318514811268,regime=RUN|slope_sum=1.842319,Bear,70749.99,70709.66,-40.33,03/10/2026  06:48:14 AM,03/10/2026  06:53:02 AM,False,True,False,True,False,False,True,False,False,False,False,False,RUN,Bull,70847.8866994514,70816.12897131829,70785.00788202754,70764.84086550857,70751.75377042865,70743.29143445833,0.4383103587624646,1.2284882963012933,0.8977842769272684,0.6138302185099747,0.4289956088305189,0.2993982044663426,-104.59526499306958,-129.01272811366653,-149.32970599565306,1.0,57.47189650865039,1.0,24.750722093580407,0.26609880911058825,1.842318514811268,1.842318514811268,-0.6192025934882823,1.2284882963012933,0.6138302185099747,104.59526499306958,1.0,24.750722093580407,0.26609880911058825,1,1,False,0.6146580777913186,1.842318514811268,24.750722093580407,0.26609880911058825,56.77371429108424,False,False,False,True,True,False,3.9068069637978624,1.910696628295882,2.3329961764193285,1.6599344642891083,False,0.26257585345327217,31.121089290754753,38.615395118962624,False,0.15553227913384565,1.1208819569128536,0.2343532730883453,0.4370620824660373,1.0,3.9068069637978624,0.16666666666666663,0.36909375356077895,0,21.549431050239946,53>68>83,1.3422240318068361,0,226.85987867957738,5.947577217152798,188.17945438770403,,,,bull_called_bear_truth,Bear,Bull
trend_method_v2_0,320864,320865,2026-03-10T06:57:49.087465,Neutral,1.0,0.0,regime=NOISE|slope_sum=-0.455779,Bull,70709.66,70843.52,133.86,03/10/2026  06:53:19 AM,03/10/2026  06:58:03 AM,False,False,False,False,False,True,False,False,True,False,False,False,NOISE,Bear,70819.13209961462,70830.24147727125,70838.2348441343,70842.19660047551,70841.19676890933,70836.01440731095,-0.5146915182795055,-0.3531286258712498,-0.22862992303089413,-0.10265054974297527,0.03379081534149009,0.1379326501810283,16.882307696330827,121.4775726894004,250.49030080306693,0.6,59.86145060566196,0.0,5.658206304811756,0.06619905945886527,-0.4557791756142251,0.4557791756142251,0.9292566430215463,-0.3531286258712498,-0.10265054974297527,16.882307696330827,0.0,5.658206304811756,0.06619905945886527,-1,-1,False,0.25047807612827455,0.4557791756142251,5.658206304811756,0.06619905945886527,37.040541998391205,False,False,True,True,False,True,1.3708240824471432,3.99618770793833,-2.5359828813507193,-4.868979057770048,True,0.9199389567840999,-7.993366863054689,-39.11445615380944,False,0.2140040796569322,0.2860615952486114,-0.8348203616642422,0.2608979686452237,0.6666666666666666,1.3708240824471432,-0.33333333333333337,0.08633864103523103,1,6.18219316455361,53>68>83,0.27437401526549365,1,270.80727868505346,1.8873985091931398,-212.21066501092173,,,,neutral_called_bull_truth,Bull,Neutral
trend_method_v2_0,320865,320866,2026-03-10T07:02:51.112517,Bear,1.0,-1.2139971835676988,regime=RUN|slope_sum=-1.213997,Bear,70843.52,70809.81,-33.71,03/10/2026  06:58:19 AM,03/10/2026  07:03:05 AM,True,True,True,False,True,False,False,False,False,False,False,False,RUN,Bear,70673.65255488826,70699.5006973425,70717.12776679176,70730.83632581172,70743.18473487125,70754.25988321457,-1.0163343034328136,-0.7716800458802027,-0.5327146949530288,-0.44231713768749614,-0.39723759998923924,-0.35315586589968007,80.60732832631038,63.725020629979554,-57.75255205942085,1.0,-174.47749694900995,1.0,25.04687817589729,0.12466056318482427,-1.2139971835676988,1.2139971835676988,0.8248802949272762,-0.7716800458802027,-0.44231713768749614,80.60732832631038,1.0,25.04687817589729,0.12466056318482427,-1,-1,False,0.3293629081927065,1.2139971835676988,25.04687817589729,0.12466056318482427,66.39828281102045,False,False,False,True,True,False,3.5134396478424605,1.9457603858867336,2.1426155653953174,4.678598446746037,False,0.26421163041080414,-17.62706944925594,-9.633702586201252,False,0.1832001797052062,0.4836196084797848,0.1975580132311734,0.2083912422584148,1.0,3.5134396478424605,0.33333333333333337,0.33193056108173014,0,23.423557402857114,83>68>53,1.1927106035764155,0,314.2153214330465,6.360453619100626,67.58381265885328,,,,correct_bear,Bear,Bear
trend_method_v2_0,320866,320867,2026-03-10T07:07:53.083504,Neutral,1.0,0.0,regime=NOISE|slope_sum=0.524651,Bear,70809.81,70655.1,-154.71,03/10/2026  07:03:21 AM,03/10/2026  07:08:07 AM,False,False,False,False,False,True,False,False,False,True,False,False,NOISE,Bull,70811.86401745894,70814.78006528973,70808.18443419895,70793.35997376595,70779.29294540807,70769.768940123,-1.2257672129762796,0.06724020115325402,0.31154804755351506,0.4574107469070441,0.4039167213941255,0.2924771268026234,-42.09507733593637,-122.70240566224675,-186.4274262922263,0.8,97.26358100480866,0.0,-6.381616442915401,0.09502269932542856,0.5246509480602981,0.5246509480602981,0.13613610508698282,0.06724020115325402,0.4574107469070441,42.09507733593637,0.0,-6.381616442915401,0.09502269932542856,1,1,False,0.39017054575379007,0.5246509480602981,6.381616442915401,0.09502269932542856,80.2344444274184,True,True,False,True,False,True,2.7583600567868416,1.3906648218355444,-0.755079591055619,-2.8976951564509363,True,0.8326825256528929,6.595631090778625,24.222700540034566,False,0.6449720846260645,1.5373152605297946,1.0536956520500098,0.9580941869826521,0.8333333333333334,2.7583600567868416,-0.16666666666666663,0.2171623093713243,1,23.591033642951516,53>68>83,1.153804595103793,0,307.9049989816267,6.656026061473306,211.70382248431088,,,,neutral_called_bear_truth,Bear,Neutral
trend_method_v2_0,320867,320868,2026-03-10T07:12:54.103769,Neutral,1.0,0.0,regime=NOISE|slope_sum=0.082998,Bull,70655.1,70800.8,145.7,03/10/2026  07:08:22 AM,03/10/2026  07:13:08 AM,False,False,False,False,False,True,False,False,True,False,False,False,NOISE,Bull,70730.02701082997,70727.96189787416,70723.59363228551,70725.7001713374,70731.65124691406,70737.28531870026,-0.1712257066701568,0.17547213531179295,0.08013367997591558,-0.09247397776925936,-0.16520442104592803,-0.1529930451833934,7.258307870288263,49.35338520622463,172.05579086847138,0.4,-47.99267833116755,0.0,-7.84021023454261,0.10176162344411878,0.08299815754253359,0.08299815754253359,-0.9130692510051533,0.17547213531179295,-0.09247397776925936,7.258307870288263,0.0,-7.84021023454261,0.10176162344411878,1,-1,True,0.2679461130810523,0.08299815754253359,7.84021023454261,0.10176162344411878,87.4514336847615,True,True,False,True,False,True,0.8375029659564461,1.039350381419119,-1.9208570908303955,-1.1657774997747765,False,0.503859109427948,4.368265588651411,-2.2273655021272134,False,0.37299016545677927,0.4420362973178271,-1.0952789632119675,1.035622428470648,0.6666666666666666,0.8375029659564461,-0.16666666666666674,0.0527484663200342,1,11.585147362857242,83>68>53,0.4106714439985808,1,235.78081149845093,3.31650394313226,-170.92370432955613,,,,neutral_called_bull_truth,Bull,Neutral
trend_method_v2_0,320868,320869,2026-03-10T07:17:55.074552,Neutral,1.0,0.0,regime=NOISE|slope_sum=0.837731,Bear,70800.8,70718.14,-82.66,03/10/2026  07:13:23 AM,03/10/2026  07:18:09 AM,False,False,False,False,False,True,False,False,False,True,False,False,NOISE,Bull,70685.62955624677,70660.9433670632,70645.84050814755,70644.78412772696,70649.97040503535,70657.02013147737,0.6967328978753358,0.8225398767372099,0.34095195417830837,0.015191606202279218,-0.12800433569282177,-0.18495847044869151,-28.609424769398174,-35.86773263968644,-85.22111784591107,0.6,-47.78156580014911,0.0,20.93855282838922,0.15269230913614762,0.8377314829394891,0.8377314829394891,-1.5276826259195249,0.8225398767372099,0.015191606202279218,28.609424769398174,0.0,20.93855282838922,0.15269230913614762,1,1,False,0.8073482705349306,0.8377314829394891,20.93855282838922,0.15269230913614762,34.15106791619134,False,False,False,True,False,True,2.1883791411346465,5.668748183224125,1.3508761751782004,3.271733266008596,True,0.6400187278016827,15.10285891564854,10.734593326997128,False,0.41391603255173165,0.6073949014207756,0.16535860410294845,0.3265169482052753,0.6666666666666666,2.1883791411346465,0.0,0.13783072790647208,1,12.236003750411328,83>68>53,0.3281544123437925,0,207.9235235081578,3.452350107423109,96.12106977701114,,,,neutral_called_bear_truth,Bear,Neutral
trend_method_v2_0,320869,320870,2026-03-10T07:22:56.066659,Bull,1.0,0.7047053697096999,regime=RUN|slope_sum=0.704705,Bear,70718.14,70672.57,-45.57,03/10/2026  07:18:24 AM,03/10/2026  07:23:10 AM,False,True,False,True,False,False,True,False,False,False,False,False,RUN,Bull,70695.01267790797,70670.02470402009,70659.94585526103,70657.43866922363,70656.63813805456,70655.9824630792,1.8256788866037823,0.6159566855912999,0.24839783589959552,0.08874868411839998,0.04818646877720312,0.03164594407098775,-39.03021482877375,-10.420790059375577,25.44694258031086,1.0,79.22751882471493,1.0,31.208841482308344,0.041003183405596985,0.7047053697096999,0.7047053697096999,-1.98537301779258,0.6159566855912999,0.08874868411839998,39.03021482877375,1.0,31.208841482308344,0.041003183405596985,1,1,False,0.5272080014728999,0.7047053697096999,31.208841482308344,0.041003183405596985,55.38515315251829,False,False,False,False,True,False,2.8586145050612686,15.956910095488254,0.6702353639266221,-0.6806408112515783,False,0.5806030400508402,10.078848759061657,-5.024010156586883,False,0.425240848000326,1.5772810507041868,0.9698861492834112,0.5863425509727622,1.0,2.8586145050612686,0.33333333333333337,0.2700662631743334,0,1.4562061444303254,53>68>83,0.16858109696659085,0,95.64190790528664,0.4952701020942666,-19.453046274440567,,,,bull_called_bear_truth,Bear,Bull
trend_method_v2_0,320870,320871,2026-03-10T07:27:58.353710,Neutral,1.0,0.0,regime=NOISE|slope_sum=-0.937390,Bull,70672.57,70730.16,57.59,03/10/2026  07:23:25 AM,03/10/2026  07:28:12 AM,False,False,False,False,False,True,False,False,True,False,False,False,NOISE,Bear,70650.57969979361,70688.41085295443,70701.37239352657,70707.88901554556,70709.08828504504,70707.07505981042,-2.710465503108935,-0.7432353808108019,-0.38510607505122607,-0.19415486631805834,-0.05126403323265549,0.03206010760004574,56.49536001680826,95.52557484558201,105.94636490495759,0.8,52.13026512939541,0.0,38.374342175753554,0.027714328358360074,-0.9373902471288602,0.9373902471288602,1.9422341805540855,-0.7432353808108019,-0.19415486631805834,56.49536001680826,0.0,38.374342175753554,0.027714328358360074,-1,-1,False,0.5490805144927435,0.9373902471288602,38.374342175753554,0.027714328358360074,60.26877300019745,False,False,False,True,False,True,4.116285966121723,13.83458517597069,1.257671461060454,0.5874360971338319,True,0.6730359834632973,-12.96154057214153,-23.040389331203187,False,0.317394441105572,2.325359428057709,0.7480783773535222,0.6057505503431329,0.8333333333333334,4.116285966121723,-0.16666666666666663,0.32407015329139255,0,0.8139557351387339,68>53>83,0.27747900715075957,0,141.81409754464403,0.36208970281082314,-82.15789719640088,,,,neutral_called_bull_truth,Bull,Neutral
trend_method_v2_0,320871,320872,2026-03-10T07:33:00.087538,Bear,1.0,-0.5358148613995581,regime=RUN|slope_sum=-0.535815,Bear,70730.16,70601.77,-128.39,03/10/2026  07:28:27 AM,03/10/2026  07:33:14 AM,True,True,True,False,True,False,False,False,False,False,False,False,RUN,Bear,70590.97121080534,70596.62935386658,70607.22320331915,70614.85695676821,70621.95327489158,70629.5385623771,-0.26146514486754313,-0.2978842173015437,-0.31103091896147816,-0.23793064409801445,-0.23455028207899886,-0.23790351759816986,38.56735157176445,-17.928008445043815,-113.45358329062583,1.0,-128.62909416454204,1.0,-0.6738465671805898,0.14556918406867358,-0.5358148613995581,0.5358148613995581,0.31041619084340144,-0.2978842173015437,-0.23793064409801445,38.56735157176445,1.0,-0.6738465671805898,0.14556918406867358,-1,-1,False,0.05995357320352923,0.5358148613995581,0.6738465671805898,0.14556918406867358,71.97887619433665,False,False,False,True,True,False,1.5807647249057482,1.2252242975720566,-2.5355212412159744,-3.7931927022764285,False,0.5202428400424891,-10.59384945257625,2.3676911195652792,False,0.02159036765060105,0.04956577409393503,-2.275793653963774,0.05694726221227399,1.0,1.5807647249057482,0.16666666666666663,0.14934200517671709,0,14.681605608886457,83>68>53,0.7103844437751832,0,123.8743733500014,3.9577937348792775,113.54548075622733,,,,correct_bear,Bear,Bear
trend_method_v2_0,320872,320873,2026-03-10T07:38:01.085278,Neutral,1.0,0.0,regime=NOISE|slope_sum=-0.182389,Bull,70601.77,70615.92,14.15,03/10/2026  07:33:30 AM,03/10/2026  07:38:15 AM,False,False,False,False,False,True,False,False,True,False,False,False,NOISE,Bear,70617.54187371543,70625.39880657433,70627.63589335616,70625.23891026137,70622.5955324257,70621.1707937307,0.1279497862633434,-0.2500073540813901,-0.012734710800941684,0.06761883015860803,0.06646426840234199,0.03816968142200494,3.628920015267795,-34.93843155649665,-17.010423111452837,0.4,69.16872878691356,0.0,-1.0975071164575638,0.02030853532639973,-0.18238852392278204,0.18238852392278204,49.13767343383603,-0.2500073540813901,0.06761883015860803,3.628920015267795,0.0,-1.0975071164575638,0.02030853532639973,-1,1,True,0.3176261842399981,0.18238852392278204,1.0975071164575638,0.02030853532639973,19.896646659655918,True,False,False,True,False,True,0.5629446311286301,2.2681308898720562,-1.017820093777118,1.5177011474388564,False,0.27760588131901304,-2.2370867818244733,8.356762670751777,False,0.9030630226138713,0.6152297836251819,0.5656640095312468,1.5747187503938609,0.6666666666666666,0.5629446311286301,-0.33333333333333337,0.03545595313948639,1,4.0681165306741605,53>68>83,0.17225277998295496,0,148.39201484712248,1.4213896980538028,25.932849791735862,,,,neutral_called_bull_truth,Bull,Neutral
trend_method_v2_0,320873,320874,2026-03-10T07:43:03.117682,Neutral,1.0,0.0,regime=NOISE|slope_sum=0.055950,Bull,70615.92,70624.83,8.91,03/10/2026  07:38:30 AM,03/10/2026  07:43:17 AM,False,False,False,False,False,True,False,False,True,False,False,False,NOISE,Bull,70614.22548200806,70616.92776689888,70615.13136848272,70615.42868708832,70616.39217466282,70617.26415033075,-0.620572525778698,0.068912188809918,0.025271669792346074,-0.012962217235326534,-0.025609037018512026,-0.022907300754013704,3.038668322697049,-0.590251692570746,34.34817986392591,0.2,4.461125246467418,0.0,-4.0302052682236535,0.04862996887892396,0.05594997157459147,0.05594997157459147,1.802629099524998,0.068912188809918,-0.012962217235326534,3.038668322697049,0.0,-4.0302052682236535,0.04862996887892396,1,-1,True,0.08187440604524454,0.05594997157459147,4.0302052682236535,0.04862996887892396,54.31045337790659,True,False,False,True,False,True,0.7762349393888144,11.626109043871816,0.21329030826018425,1.2311104020373023,False,0.36831961464849355,1.7963984161615372,4.0334851979860105,False,0.4633545457281027,0.733125233606188,0.1178954499810061,1.0256994545646974,0.6666666666666666,0.7762349393888144,0.0,0.04888962095796804,0,1.8354632424307056,83>68>53,0.061478555007852265,0,53.456691694111214,0.5529604144700327,-30.19679921595889,,,,neutral_called_bull_truth,Bull,Neutral
trend_method_v2_0,320879,320880,2026-03-10T08:13:12.036877,Neutral,1.0,0.0,regime=NOISE|slope_sum=-0.011368,Bear,70554.89,70432.93,-121.96,03/10/2026  08:08:39 AM,03/10/2026  08:13:26 AM,False,False,False,False,False,True,False,False,False,True,False,False,NOISE,Bear,70409.72986075992,70402.83075674868,70403.3957328183,70405.50038396228,70410.02227701015,70416.37213585147,0.5503893004588463,0.06650672820069303,-0.01735407561136526,-0.07787475903387531,-0.14167174174508546,-0.18649732867379498,6.64227509155171,3.603606768854661,4.193858461425407,0.8,-196.98537107933953,0.0,-2.3465688920696266,0.07076144120392633,-0.011368030833182274,0.011368030833182274,-2.5842949058602662,0.06650672820069303,-0.07787475903387531,6.64227509155171,0.0,-2.3465688920696266,0.07076144120392633,1,-1,True,0.14438148723456834,0.011368030833182274,2.3465688920696266,0.07076144120392633,584.2942536858272,True,False,False,True,False,True,1.0402939337236603,1.5620237478444459,0.2640589943348459,0.05076868607466167,True,0.5438734221973784,-0.5649760696251178,-2.361374485786655,True,1.0,0.5677433760702115,-0.16538185753597645,0.8951411631581123,0.6666666666666666,1.0402939337236603,0.0,0.06552085396293639,1,10.871751889193547,83>68>53,0.40604382945275574,0,39.13229001792206,3.230355504079489,-1.9978658331747283,,,,neutral_called_bear_truth,Bear,Neutral
trend_method_v2_0,320880,320881,2026-03-10T08:18:13.057088,Neutral,1.0,0.0,regime=NOISE|slope_sum=-0.366376,Bear,70432.93,70427.71,-5.22,03/10/2026  08:13:41 AM,03/10/2026  08:18:27 AM,False,False,False,False,False,True,False,False,False,True,False,False,NOISE,Bear,70411.22860820769,70413.7369090577,70421.35049554863,70424.77160951447,70425.34958777015,70424.78381584426,0.7896800355265441,-0.27420580525176774,-0.1969271396210388,-0.09217036817244662,-0.025641078269472928,0.0019948509234382072,13.55520763657114,6.91293254501943,3.309325776164769,0.8,209.30369447206613,0.0,-4.830948347065714,0.10242361919400057,-0.36637617342421436,0.36637617342421436,0.2273102799306818,-0.27420580525176774,-0.09217036817244662,13.55520763657114,0.0,-4.830948347065714,0.10242361919400057,-1,-1,False,0.18203543707932113,0.36637617342421436,4.830948347065714,0.10242361919400057,36.998059971754856,True,False,False,True,False,True,1.3806192777647084,10.523762173823071,0.3403253440410481,0.07626634970620216,False,0.36528911357537175,-7.6135864909301745,-7.048610421305057,False,0.164027301575338,1.1411645064090408,0.5734211303388292,0.9051021239070585,0.6666666666666666,1.3806192777647084,0.0,0.08695557202092215,1,0.012206329789478332,68>83>53,0.11980629736535775,0,11.106791006444837,0.2755781966298134,4.312705775479117,,,,neutral_called_bear_truth,Bear,Neutral
trend_method_v2_0,320881,320882,2026-03-10T08:23:15.161548,Bull,1.0,0.8399198620390962,regime=RUN|slope_sum=0.839920,Bear,70427.71,70406.96,-20.75,03/10/2026  08:18:41 AM,03/10/2026  08:23:29 AM,False,True,False,True,False,False,True,False,False,False,False,False,RUN,Bull,70540.90884777211,70520.84623335404,70509.74207100781,70499.29481503805,70489.59055268242,70481.50541522022,1.2188520872332447,0.5008973567455541,0.35923629453827743,0.33902250529354205,0.3029291275142896,0.2575255613646732,-59.40343255188782,-72.95864018845896,-79.87157273347839,1.0,48.30991938317311,1.0,21.7963221945829,0.06421247932261659,0.8399198620390962,0.8399198620390962,-0.9309185188179308,0.5008973567455541,0.33902250529354205,59.40343255188782,1.0,21.7963221945829,0.06421247932261659,1,1,False,0.16187485145201208,0.8399198620390962,21.7963221945829,0.06421247932261659,70.72511942707546,False,False,False,True,True,False,2.978462932689581,2.3113267929262933,1.5978436549248727,1.2575183108838246,False,0.279202499477102,11.104162346222438,18.717748837152612,False,0.16469657011539315,0.8596157926949672,-0.28154871371407353,0.4134784461331246,1.0,2.978462932689581,0.33333333333333337,0.28138888710267035,0,17.789399817833328,53>68>83,0.8994771941725048,0,83.47517950233305,4.8318453176446425,98.30777285691693,,,,bull_called_bear_truth,Bear,Bull
trend_method_v2_0,320882,320883,2026-03-10T08:28:16.085280,Bear,1.0,-0.2490602556081285,regime=RUN|slope_sum=-0.249060,Bull,70406.96,70528.55,121.59,03/10/2026  08:23:44 AM,03/10/2026  08:28:30 AM,False,True,False,False,True,False,False,True,False,False,False,False,RUN,Bear,70458.4318307123,70463.12820080927,70465.44875394134,70470.25436838485,70475.53982107858,70479.15438177309,-0.43415275912411744,-0.08925708350943751,-0.10093560926543432,-0.159803172098691,-0.15241651993892447,-0.10794682925552479,20.72255106078228,80.1259836126701,153.08462380112906,1.0,-59.07263282309577,1.0,3.5839756202040007,0.023432168984575036,-0.2490602556081285,0.2490602556081285,0.659031666950713,-0.08925708350943751,-0.159803172098691,20.72255106078228,1.0,3.5839756202040007,0.023432168984575036,-1,-1,False,0.07054608858925349,0.2490602556081285,3.5839756202040007,0.023432168984575036,83.20296231200834,False,False,False,False,True,False,1.0445119731921295,1.485947642799932,-1.9339509594974515,-3.5317946144223242,False,0.5390955653637667,-2.320553132070927,-13.424715478293365,False,0.06140365113722065,0.35657420137067675,-0.5030415913242905,0.571116839701694,1.0,1.0445119731921295,0.0,0.0986797782427127,0,8.900013388236403,83>68>53,0.42016652129314025,1,159.99755634614849,2.40228050324694,-140.16294991415998,,,,bear_called_bull_truth,Bull,Bear
trend_method_v2_0,320883,320884,2026-03-10T08:33:18.076402,Neutral,1.0,0.0,regime=NOISE|slope_sum=0.121573,Bear,70528.55,70415.8,-112.75,03/10/2026  08:28:45 AM,03/10/2026  08:33:32 AM,False,False,False,False,False,True,False,False,False,True,False,False,NOISE,Bull,70369.83674883451,70359.73604581272,70356.81104378877,70361.37979088583,70369.67170528806,70379.16945321183,0.2956093979337311,0.2792485519366892,0.017295107054451364,-0.15767605022483622,-0.2431527134940552,-0.27557988863554783,9.332704377316986,-11.389846683465294,-91.51583029613539,0.4,-97.63389511412242,0.0,-3.346614726120606,0.05088094275907637,0.12157250171185296,0.12157250171185296,-6.144932800666416,0.2792485519366892,-0.15767605022483622,9.332704377316986,0.0,-3.346614726120606,0.05088094275907637,1,-1,True,0.4369246021615254,0.12157250171185296,3.346614726120606,0.05088094275907637,76.76657341013716,True,True,False,True,False,True,1.268561709279311,0.8754368455573547,0.22404973608718137,2.158000695584633,True,0.4867163584060196,2.92500202395604,5.245555156026967,False,0.8833554080145206,0.2783142908792797,-0.07825991049139702,0.4700039755339646,0.5,1.268561709279311,-0.5,0.059923385931284524,1,17.789662326002144,83>68>53,0.6764086523544393,0,164.47447048459435,5.05048235364449,96.68312554167096,,,,neutral_called_bear_truth,Bear,Neutral
trend_method_v2_0,320884,320885,2026-03-10T08:38:20.073306,Neutral,1.0,0.0,regime=NOISE|slope_sum=-0.187928,Bear,70415.8,70390.7,-25.1,03/10/2026  08:33:47 AM,03/10/2026  08:38:34 AM,False,False,False,False,False,True,False,False,False,True,False,False,NOISE,Bear,70418.7714191034,70419.36171782727,70425.45931450892,70424.09007173698,70419.09443794697,70413.78580948609,0.8222327436978958,-0.25157126719204825,-0.10889881892035191,0.063643069972386,0.13823261170364276,0.14364708128596249,-4.985609617317095,-14.318313994634082,-2.928467311168788,0.4,134.6012848355167,0.0,-11.843302781970124,0.132457678704772,-0.18792819721966225,0.18792819721966225,0.12484233097034879,-0.25157126719204825,0.063643069972386,4.985609617317095,0.0,-11.843302781970124,0.132457678704772,-1,1,True,0.31521433716443426,0.18792819721966225,11.843302781970124,0.132457678704772,26.529332431628674,True,False,False,True,False,True,1.5282255927722872,3.4229375213128796,0.2596638834929763,0.03561414740579494,False,0.30956236707561124,-6.097596681647701,-9.022598705603741,False,0.39579552858432987,1.2164764591616404,0.9381621682823607,1.0285563105964342,0.6666666666666666,1.5282255927722872,0.16666666666666663,0.09625226355790058,0,10.30426225089468,53>68>83,0.34552276296199125,0,105.83414429076947,2.773643997196116,12.88922818505489,,,,neutral_called_bear_truth,Bear,Neutral
trend_method_v2_0,320885,320886,2026-03-10T08:43:21.208647,Bull,1.0,0.19203856920103135,regime=RUN|slope_sum=0.192039,Bull,70390.7,70467.48,76.78,03/10/2026  08:38:48 AM,03/10/2026  08:43:35 AM,True,True,True,True,False,False,False,False,False,False,False,False,RUN,Bull,70454.11058066467,70449.95165498077,70446.47665258594,70444.77337467372,70443.59939899234,70442.12436184514,0.1360378872777801,0.13906114200290176,0.09514045689502382,0.05297742719812959,0.04345074164302787,0.05089477012916177,-11.986218819525675,-7.0006092022085795,7.317704792425502,1.0,-6.277803915203549,1.0,3.660865142723196,0.02893832150342255,0.19203856920103135,0.19203856920103135,-0.8031480407549354,0.13906114200290176,0.05297742719812959,11.986218819525675,1.0,3.660865142723196,0.02893832150342255,1,1,False,0.08608371480477217,0.19203856920103135,3.660865142723196,0.02893832150342255,62.41568487722987,False,False,False,False,True,False,0.5175624251460249,2.5131149891755613,-1.0106631676262623,-1.2703270511192386,False,0.5861409315571906,3.475002394829062,9.572599076476763,False,0.1875336689183763,0.046943939832999604,-1.1695325193286408,0.12679344474544046,1.0,0.5175624251460249,0.33333333333333337,0.048896467107108856,0,2.649012828580453,53>68>83,0.14732293897031923,0,32.708769880307955,0.7493124330709974,1.0853617647226201,,,,correct_bull,Bull,Bull
trend_method_v2_0,320886,320887,2026-03-10T08:48:23.077370,Neutral,1.0,0.0,regime=NOISE|slope_sum=-0.266561,Bear,70467.48,70439.71,-27.77,03/10/2026  08:43:50 AM,03/10/2026  08:48:37 AM,False,False,False,False,False,True,False,False,False,True,False,False,NOISE,Bear,70468.57420047656,70486.15383287646,70488.70863965907,70484.59942592608,70479.5995283692,70475.09618376345,-0.7644910782382794,-0.38316155738539237,-0.004232397639498231,0.11660061207294348,0.137597255215951,0.13074661091195594,6.521983286889736,18.50820210641541,25.50881130862399,0.4,4.6332695592573145,0.0,7.806525984502514,0.06542665842127814,-0.2665609453124489,0.2665609453124489,11.309543092478853,-0.38316155738539237,0.11660061207294348,6.521983286889736,0.0,7.806525984502514,0.06542665842127814,-1,1,True,0.49976216945833585,0.2665609453124489,7.806525984502514,0.06542665842127814,24.467137446729136,False,False,True,True,False,True,1.5368295114640205,2.992340710137832,1.0192670863179956,2.029930253944258,True,0.5998081503955132,-2.5548067826166516,-6.029809177445713,False,0.9781493872859927,0.7602586805987812,0.7133147407657816,0.660012638974089,0.5,1.5368295114640205,-0.5,0.0725956232577482,1,9.503242162623792,53>68>83,0.3849444782008504,0,39.82712530325807,2.8765107400291874,-18.765687390412495,,,,neutral_called_bear_truth,Bear,Neutral
trend_method_v2_0,320887,320888,2026-03-10T08:53:24.068548,Neutral,1.0,0.0,regime=NOISE|slope_sum=0.201549,Bull,70439.71,70461.84,22.13,03/10/2026  08:48:52 AM,03/10/2026  08:53:38 AM,False,False,False,False,False,True,False,False,True,False,False,False,NOISE,Bull,70533.53518879449,70538.3680791216,70534.4256824167,70527.9144073366,70521.67877127415,70516.31237442339,-0.22922038555589097,0.003372850795130944,0.15447624641637958,0.1981761580809689,0.185757824267057,0.1672473551134317,-17.22281437109632,-23.744797657986055,-42.252999764401466,0.8,8.244368741623475,0.0,-5.123389746280736,0.0915190608467951,0.20154900887609983,0.20154900887609983,0.4623151009572193,0.003372850795130944,0.1981761580809689,17.22281437109632,0.0,-5.123389746280736,0.0915190608467951,1,1,False,0.19480330728583795,0.20154900887609983,5.123389746280736,0.0915190608467951,85.45224046070038,True,True,False,True,False,True,0.9382508202288591,0.7022543334832487,-0.5985786912351614,-1.617845777553157,True,0.7650174876150866,3.9423967049078783,6.49720348752453,False,0.9572648706300616,0.38369663197227055,-0.37656204862651066,0.9912861877639737,0.8333333333333334,0.9382508202288591,0.33333333333333337,0.07386733809065729,1,11.602032913215226,53>68>83,0.5511813374614576,0,49.253608966610045,3.4645704938828987,48.373641203299485,,,,neutral_called_bull_truth,Bull,Neutral
trend_method_v2_0,320888,320889,2026-03-10T08:58:26.084203,Bear,1.0,-0.7670667084876186,regime=RUN|slope_sum=-0.767067,Bull,70461.84,70551.01,89.17,03/10/2026  08:53:53 AM,03/10/2026  08:58:40 AM,False,True,False,False,True,False,False,True,False,False,False,False,RUN,Bear,70474.98746306809,70484.80498850273,70499.27586872758,70511.43518973707,70519.06232927725,70523.04494398354,-0.41330193413523375,-0.4117727207358257,-0.46098659700874123,-0.3552939877517929,-0.23706377833332226,-0.14261919539239898,48.05748091544956,65.28029528654588,89.02509294453193,1.0,-34.48362109978916,1.0,6.0025971285649575,0.157614710768463,-0.7670667084876186,0.7670667084876186,0.368661331091076,-0.4117727207358257,-0.3552939877517929,48.05748091544956,1.0,6.0025971285649575,0.157614710768463,-1,-1,False,0.05647873298403283,0.7670667084876186,6.0025971285649575,0.157614710768463,62.650979873969156,False,False,False,True,True,False,2.021038213357315,1.7497980471312315,1.0827873931284557,1.6813660843636171,False,0.25453477195632385,-14.47088022484968,-18.413276929757558,False,0.05638882939697137,0.05074308967232355,-0.332953542299947,0.03945619977132019,1.0,2.021038213357315,0.16666666666666663,0.19093663627871457,0,11.609754246470402,83>68>53,0.7349769614775141,1,107.53329505094734,3.2048876706181515,-70.94476955707432,,,,bear_called_bull_truth,Bull,Bear
trend_method_v2_0,320888,320889,2026-03-10T08:59:24.583127,Neutral,1.0,0.0,regime=NOISE|slope_sum=-0.060117,Bull,70461.84,70551.01,89.17,03/10/2026  08:53:53 AM,03/10/2026  08:58:40 AM,False,False,False,False,False,True,False,False,True,False,False,False,NOISE,Bear,70502.08298798934,70490.45849757396,70492.79402737854,70500.89465885631,70508.61978711904,70514.09705121073,0.8162836894716747,0.1796291796854348,-0.14357652270155086,-0.23974587918564794,-0.21910047684832534,-0.16555414411959646,12.014063221387914,-36.043417694061645,-101.32371298060752,0.8,-15.68046233295172,0.0,1.8975316842697794,0.1032865997377528,-0.060116699500213144,0.060116699500213144,-1.1138664974376833,0.1796291796854348,-0.23974587918564794,12.014063221387914,0.0,1.8975316842697794,0.1032865997377528,1,-1,True,0.41937505887108273,0.060116699500213144,1.8975316842697794,0.1032865997377528,199.8456888230419,False,False,True,True,False,True,1.7638898920122301,1.8249335027412787,-0.2571483213450847,-1.3399357144735404,True,0.8584037466326746,-2.3355298045789823,12.135350420270697,True,1.0,0.9598602121732256,0.909117122500902,0.842359936855195,0.6666666666666666,1.7638898920122301,-0.33333333333333337,0.11109511290482345,1,13.202392354418407,83>68>53,0.6244005001535697,0,125.06851063859358,3.90035828866603,114.36818052337912,,,,neutral_called_bull_truth,Bull,Neutral
trend_method_v2_0,320889,320890,2026-03-10T09:03:27.079570,Bull,1.0,0.48820353431983676,regime=RUN|slope_sum=0.488204,Bear,70551.01,70487.99,-63.02,03/10/2026  08:58:55 AM,03/10/2026  09:03:41 AM,False,True,False,True,False,False,True,False,False,False,False,False,RUN,Bull,70592.14514990865,70585.54462892887,70579.62867473793,70570.26018433333,70560.91484538182,70553.96756224321,0.08035539277989301,0.18859210207665456,0.23298255245026667,0.2996114322431822,0.2757100660674041,0.21445775805295852,-38.17758766544284,-50.19165088683076,-14.148233192769112,1.0,48.818403805285925,1.0,4.0982800659839995,0.05421435109566944,0.48820353431983676,0.48820353431983676,-0.4318456544558509,0.18859210207665456,0.2996114322431822,38.17758766544284,1.0,4.0982800659839995,0.05421435109566944,1,1,False,0.11101933016652765,0.48820353431983676,4.0982800659839995,0.05421435109566944,78.20014600802043,False,False,False,True,True,False,1.291709303670359,0.6355320721107542,-0.47218058834187104,-0.21503226699678635,False,0.21994095116926596,5.915954190932098,8.25148399551108,False,0.10529677222513716,0.15262715967037366,-0.8072330525028519,0.3040805396873908,1.0,1.291709303670359,0.33333333333333337,0.1220336299742862,0,16.292622090113582,53>68>83,0.7897792563635448,0,151.51536386743828,4.4048617409075845,21.59248413577734,,,,bull_called_bear_truth,Bear,Bull
trend_method_v2_0,320889,320890,2026-03-10T09:04:25.181657,Bull,1.0,0.24087445524855866,regime=RUN|slope_sum=0.240874,Bear,70551.01,70487.99,-63.02,03/10/2026  08:58:55 AM,03/10/2026  09:03:41 AM,False,True,False,True,False,False,True,False,False,False,False,False,RUN,Bull,70587.97315383262,70587.56590792292,70584.8042174199,70579.13887887179,70571.5039353593,70564.38408134812,0.11124041377479443,0.046940359239670215,0.11092742212713347,0.19393409600888845,0.2279052593421511,0.209768351065577,-23.589072484493954,14.588515180948889,64.78016606777965,1.0,-29.453991927570314,1.0,-4.175148932845332,0.06448462632833982,0.24087445524855866,0.24087445524855866,-0.04832615470693945,0.046940359239670215,0.19393409600888845,23.589072484493954,1.0,-4.175148932845332,0.06448462632833982,1,1,False,0.14699373676921823,0.24087445524855866,4.175148932845332,0.06448462632833982,97.93098425548014,False,False,False,True,True,False,0.9007159015582147,0.42606857454030317,-0.3909934021121444,0.08118718622972665,False,0.1195085796425035,2.7616905030154157,-3.154263687916682,False,0.4053205938125536,0.12828711742258747,-0.024340042247786187,0.4767120427346553,1.0,0.9007159015582147,0.0,0.08509471189096697,0,14.754797523666639,53>68>83,0.6316077064166166,0,100.82358376184129,4.00214055255519,-61.65024242211075,,,,bull_called_bear_truth,Bear,Bull
trend_method_v2_0,320891,320892,2026-03-10T09:13:28.088344,Neutral,1.0,0.0,regime=NOISE|slope_sum=-0.188326,Bull,70587.04,70729.37,142.33,03/10/2026  09:08:56 AM,03/10/2026  09:13:42 AM,False,False,False,False,False,True,False,False,True,False,False,False,NOISE,Bear,70703.61792857022,70705.28842319649,70709.41932342203,70711.1076114906,70710.10578766135,70706.77218279705,0.19314563564512355,-0.14971956237241102,-0.11043199238883972,-0.03860678607634327,0.03292968941786967,0.09359645302538411,3.1542542268289253,26.74332671132288,12.15481153037399,0.6,131.97158234402013,0.0,-4.806803329556715,0.05620073832535473,-0.1883263484487543,0.1883263484487543,0.2870666047467981,-0.14971956237241102,-0.03860678607634327,3.1542542268289253,0.0,-4.806803329556715,0.05620073832535473,-1,-1,False,0.11111277629606775,0.1883263484487543,4.806803329556715,0.05620073832535473,16.748873712098938,True,False,False,True,False,True,0.6184301189259713,2.7450442166207907,-0.28228578263224335,0.10870761947990104,False,0.2931921822912612,-4.130900225543883,-6.892590728559298,False,0.15101800955841582,0.38215276800110587,0.2538656505785184,0.8430512610468897,0.5,0.6184301189259713,-0.5,0.029212947558526433,1,4.335428693550057,53>68>83,0.16513292851959704,0,91.52349277910253,1.3725630462291152,-5.008355151236174,,,,neutral_called_bull_truth,Bull,Neutral
trend_method_v2_0,320892,320893,2026-03-10T09:18:29.075107,Neutral,1.0,0.0,regime=NOISE|slope_sum=-0.034238,Bear,70729.37,70700.72,-28.65,03/10/2026  09:13:56 AM,03/10/2026  09:18:43 AM,False,False,False,False,False,True,False,False,False,True,False,False,NOISE,Bear,70769.96432301824,70769.12577679646,70773.7158314956,70771.57130114286,70765.77395032944,70759.69323849691,0.4044341140142933,-0.12801872660020308,-0.08366004901654378,0.09378090197242273,0.1624278878880432,0.17234646393080766,-10.271084521329612,-13.425338748158538,-40.16866545948142,0.2,-89.46704574907199,0.0,-7.898358010308584,0.12317296244824927,-0.034237824627780356,0.034237824627780356,-0.34289015469221584,-0.12801872660020308,0.09378090197242273,10.271084521329612,0.0,-7.898358010308584,0.12317296244824927,-1,1,True,0.2217996285726258,0.034237824627780356,7.898358010308584,0.12317296244824927,299.99232232166173,True,False,False,True,False,True,1.0446681434223137,1.4376510010798185,0.4262380244963424,0.7085238071285858,False,0.2359076012838548,-4.590054699147004,-0.459154473603121,False,0.20955656727707322,0.5768115181981557,0.1946587501970498,0.9362107625172066,0.6666666666666666,1.0446681434223137,0.16666666666666663,0.06579635490125567,0,11.878062645948376,53>68>83,0.42855525379127357,0,54.757180640430306,3.1723712480951645,40.82247868328159,,,,neutral_called_bear_truth,Bear,Neutral
trend_method_v2_0,320893,320894,2026-03-10T09:23:29.072891,Neutral,1.0,0.0,regime=NOISE|slope_sum=-0.067229,Bull,70700.72,70741.28,40.56,03/10/2026  09:18:57 AM,03/10/2026  09:23:43 AM,False,False,False,False,False,True,False,False,True,False,False,False,NOISE,Bear,70700.94098705496,70689.83091791403,70692.16050166263,70698.64366672629,70706.34140072022,70713.38549449012,0.8041296315041109,0.13513385897749686,-0.1122745456341363,-0.2023630796265934,-0.22668979727313854,-0.2076962358169112,12.444507435167907,22.71559195649752,36.14093070465606,0.8,-99.22879970664508,0.0,-0.36797502530680504,0.11563936021508803,-0.06722922064909653,0.06722922064909653,-1.2606814713942556,0.13513385897749686,-0.2023630796265934,12.444507435167907,0.0,-0.36797502530680504,0.11563936021508803,1,-1,True,0.33749693860409025,0.06722922064909653,0.36797502530680504,0.11563936021508803,185.10563286345553,False,False,False,True,False,True,1.6882871488323872,1.6514165706952217,0.6436190054100734,0.21738098091373104,True,0.5491372482087502,-2.329583748592995,2.2604709505540086,True,1.0,0.9164041771382472,0.3395926589400915,0.8714893286441019,0.6666666666666666,1.6882871488323872,0.0,0.10633342379513791,1,14.741827763835317,83>68>53,0.6367491127166431,1,62.88425741597894,4.290156586045487,-33.54086709516196,,,,neutral_called_bull_truth,Bull,Neutral
trend_method_v2_0,320894,320895,2026-03-10T09:28:30.088617,Neutral,1.0,0.0,regime=NOISE|slope_sum=0.649722,Bear,70741.28,70732.95,-8.33,03/10/2026  09:23:58 AM,03/10/2026  09:28:44 AM,False,False,False,False,False,True,False,False,False,True,False,False,NOISE,Bull,70881.11095754594,70880.7889209702,70871.74039068716,70859.63401946898,70844.45596817622,70829.71722659483,-0.8568108172094071,0.24255703328890377,0.2984938124445762,0.407164498237762,0.46218127853535407,0.4411778304584004,-51.39373095110932,-63.838238386277226,-86.55383034277475,1.0,162.63947611149342,0.0,-14.65280240678112,0.1668131767560096,0.6497215315266658,0.6497215315266658,-0.015222787764366804,0.24255703328890377,0.407164498237762,51.39373095110932,0.0,-14.65280240678112,0.1668131767560096,1,1,False,0.16460746494885825,0.6497215315266658,14.65280240678112,0.1668131767560096,79.10116635714422,True,True,False,True,False,True,2.7083852701744036,1.0666436340630845,1.0200981213420164,0.37647911593194294,True,0.5064494558195368,9.04853028303478,11.378114031627774,False,0.10338543890425171,1.1553046296539833,0.2389004525157361,0.8264799445330994,0.8333333333333334,2.7083852701744036,0.16666666666666674,0.21322785562066415,1,29.916792874151724,53>68>83,1.3105236072315165,0,99.97916909093328,8.218915477266176,98.17084482691826,,,,neutral_called_bear_truth,Bear,Neutral
trend_method_v2_0,320895,320896,2026-03-10T09:33:31.086337,Bear,1.0,-1.9198707254709007,regime=RUN|slope_sum=-1.919871,Bull,70732.95,70863.42,130.47,03/10/2026  09:28:58 AM,03/10/2026  09:33:45 AM,False,True,False,False,True,False,False,True,False,False,False,False,RUN,Bear,70642.90996611537,70671.78546442927,70705.20997281608,70733.47169357979,70754.74373232527,70769.76085241411,-1.916847703012536,-1.0606681315912283,-1.056384378023722,-0.8592025938796723,-0.6679009008785215,-0.4962334305582772,126.85088629873644,178.24461724984576,242.08285563612299,1.0,-176.2881062854285,1.0,19.589065319902147,0.34919293939102714,-1.9198707254709007,1.9198707254709007,0.46810282799041764,-1.0606681315912283,-0.8592025938796723,126.85088629873644,1.0,19.589065319902147,0.34919293939102714,-1,-1,False,0.20146553771155595,1.9198707254709007,19.589065319902147,0.34919293939102714,66.0726186486451,False,False,False,True,True,False,6.057237137943957,1.9936868458012955,3.348851867769554,2.3287537464275374,False,0.2663854903324281,-33.42450838681543,-42.47303866985021,False,0.0020234517320901688,0.8604633249888138,-0.29484130466516945,0.21330803431757422,1.0,6.057237137943957,0.16666666666666663,0.5722546345822371,0,36.289158834319096,83>68>53,2.023336925316471,1,264.7984475926205,9.881927996466176,-199.90465827093794,,,,bear_called_bull_truth,Bull,Bear
trend_method_v2_0,320896,320897,2026-03-10T09:38:32.104524,Bear,1.0,-2.971463836283874,regime=RUN|slope_sum=-2.971464,Bear,70863.42,70461.09,-402.33,03/10/2026  09:34:00 AM,03/10/2026  09:38:46 AM,True,True,True,False,True,False,False,False,False,False,False,False,RUN,Bear,69951.13391599174,69984.48797665966,70023.13420168306,70077.8514875095,70141.321730737,70204.4580702349,-0.7154009867481363,-1.1739017623567634,-1.4068818682899291,-1.7975620739271108,-1.95070060803846,-1.9230968759948155,253.32415424316423,126.47326794442779,-51.77134930541797,1.0,-505.3464079984842,1.0,-1.0694763293868164,0.4912716307793745,-2.971463836283874,2.971463836283874,0.3572494260761339,-1.1739017623567634,-1.7975620739271108,253.32415424316423,1.0,-1.0694763293868164,0.4912716307793745,-1,-1,False,0.6236603115703474,2.971463836283874,1.0694763293868164,0.4912716307793745,85.25230936681112,False,False,False,True,True,False,8.967544175355215,0.581198314744172,2.9103070374112576,-0.43854483035829617,False,0.2785907534815657,-38.64622502340353,-5.2217166365880985,False,0.09027494717749183,0.6914808815417928,-0.16898244344702107,0.20978220634022354,1.0,8.967544175355215,0.0,0.8472045254793931,0,126.60658272540604,83>68>53,5.671359557960386,0,368.5561235805508,33.93373074661229,56.82408349855905,,,,correct_bear,Bear,Bear
trend_method_v2_0,320897,320898,2026-03-10T09:43:34.071852,Bear,1.0,-1.4040570314209617,regime=RUN|slope_sum=-1.404057,Bear,70461.09,69820.81,-640.28,03/10/2026  09:39:01 AM,03/10/2026  09:43:48 AM,True,True,True,False,True,False,False,False,False,False,False,False,RUN,Bear,69839.19215733706,69890.37317265537,69910.66755291991,69910.43444089957,69911.57041768265,69921.80456955303,-2.408066516809413,-1.357038191114043,-0.40670448828132066,-0.04701884030691872,-0.12517406561164535,-0.3439622472942574,82.6124122159672,-170.71174202719703,-297.1850099716248,0.8,282.6492814973317,1.0,47.369957971415715,0.11416971387349933,-1.4040570314209617,1.4040570314209617,2.551235280478721,-1.357038191114043,-0.04701884030691872,82.6124122159672,1.0,47.369957971415715,0.11416971387349933,-1,-1,False,1.3100193508071243,1.4040570314209617,47.369957971415715,0.11416971387349933,58.83835938798023,False,False,False,True,True,False,4.687964349417598,8.082471269030716,-4.279579825937617,-7.189886863348875,False,0.6559591230016973,-20.294380264545907,18.351844758857624,False,0.5388165257522205,2.001362028528092,1.3098811469862994,0.47973479476213654,1.0,4.687964349417598,0.0,0.4428932307941851,0,11.370128653463325,83>68>53,0.5161551532128215,0,475.4296272214706,3.129816703513793,316.84673587746875,,,,correct_bear,Bear,Bear
trend_method_v2_0,320898,320899,2026-03-10T09:48:36.076771,Bull,1.0,1.3649267391283502,regime=RUN|slope_sum=1.364927,Bear,69820.81,69760.64,-60.17,03/10/2026  09:44:04 AM,03/10/2026  09:48:50 AM,False,True,False,True,False,False,True,False,False,False,False,False,RUN,Bull,70102.34289443708,70100.40557706417,70071.17325922154,70034.86058440326,70007.10218208651,69987.95828093677,1.6098739432072762,0.30014056800973776,1.0910786247677606,1.0647861711186124,0.8341448843511898,0.6232512556180154,-114.38461350031139,-196.99702571627859,-26.285283689081552,1.0,348.8072120656143,1.0,-14.642894747681567,0.45339472415701787,1.3649267391283502,1.3649267391283502,-0.02955706140518967,0.30014056800973776,1.0647861711186124,114.38461350031139,1.0,-14.642894747681567,0.45339472415701787,1,1,False,0.7646456031088746,1.3649267391283502,14.642894747681567,0.45339472415701787,83.80274942328263,False,False,False,True,True,False,5.523275447072592,1.1898795431208946,0.8353110976549942,5.114890923592611,False,0.2173415513850857,29.232317842630437,49.526698107176344,False,0.5685215247634381,2.1006714319555613,0.09930940342746908,0.6999687569730321,1.0,5.523275447072592,0.0,0.521808854545594,0,46.902303466486046,53>68>83,2.5221823110878177,0,494.1820356879034,12.819727019771156,75.91129119968537,,,,bull_called_bear_truth,Bear,Bull
trend_method_v2_0,320898,320899,2026-03-10T09:49:33.568132,Neutral,1.0,0.0,regime=NOISE|slope_sum=0.789231,Bear,69820.81,69760.64,-60.17,03/10/2026  09:44:04 AM,03/10/2026  09:48:50 AM,False,False,False,False,False,True,False,False,False,True,False,False,NOISE,Bull,70103.1486865652,70106.95272316161,70098.02111724007,70073.8887705488,70047.55369146157,70025.61263725188,-0.6767723257617035,0.023541901258795406,0.4631269565434195,0.7656888479195914,0.7703124157233106,0.6639061528985621,-77.53604931331938,36.84856418699201,233.8455899032706,0.8,-28.49935506863403,0.0,-16.428130550237256,0.16184868381644185,0.7892307491783868,0.7892307491783868,0.11505087249680773,0.023541901258795406,0.7656888479195914,77.53604931331938,0.0,-16.428130550237256,0.16184868381644185,1,1,False,0.742146946660796,0.7892307491783868,16.428130550237256,0.16184868381644185,98.24256010556707,True,True,False,True,False,True,3.3633486001053825,0.5288591578062848,-2.1599268469672097,-2.995237944622204,True,0.7383670052551157,8.931605921534356,-20.30071192109608,False,0.9032528961680019,1.139899282305123,-0.9607721496504382,0.9797652845787352,0.8333333333333334,3.3633486001053825,-0.16666666666666663,0.2647923165152396,1,48.276133296923945,53>68>83,2.199907416541464,0,404.5573319304676,13.28448422527277,-214.50565013182495,,,,neutral_called_bear_truth,Bear,Neutral
trend_method_v2_0,320901,320902,2026-03-10T10:03:40.272737,Neutral,1.0,0.0,regime=NOISE|slope_sum=1.004355,Bear,70252.94,69889.75,-363.19,03/10/2026  09:59:07 AM,03/10/2026  10:03:54 AM,False,False,False,False,False,True,False,False,False,True,False,False,NOISE,Bull,69839.86024210209,69819.03830538991,69801.4296123088,69812.5459256378,69831.85242160487,69854.51365798236,-1.4005869854281627,1.3503380295114766,0.18221831165647018,-0.34598253339572693,-0.5531871537423285,-0.6556467316731869,14.653415880267858,92.18946519358724,55.34090100659523,0.4,-208.75333558462444,0.0,-62.104991081985645,0.28994966499657093,1.0043554961157497,1.0043554961157497,-3.2071347493461273,1.3503380295114766,-0.34598253339572693,14.653415880267858,0.0,-62.104991081985645,0.28994966499657093,1,-1,True,1.6963205629072036,1.0043554961157497,62.104991081985645,0.28994966499657093,14.589869759202358,True,True,False,True,False,True,4.487959745407352,1.8864885211584577,1.1246111453019694,3.284537992269179,False,0.2614233186558924,17.608693081114325,8.677087159579969,False,0.7622034417115089,3.919044732794646,2.7791454504895228,1.3361245245873026,0.6666666666666666,4.487959745407352,-0.16666666666666674,0.28266525982500235,1,41.967732344564865,83>68>53,1.5548164188112423,0,326.03505509685783,11.42819016992244,-43.88466839652574,,,,neutral_called_bear_truth,Bear,Neutral
trend_method_v2_0,320902,320903,2026-03-10T10:08:42.074750,Bear,1.0,-3.6194723919361422,regime=RUN|slope_sum=-3.619472,Bear,69889.75,69885.22,-4.53,03/10/2026  10:04:09 AM,03/10/2026  10:08:56 AM,True,True,True,False,True,False,False,False,False,False,False,False,RUN,Bear,69683.10310826966,69755.38765469402,69819.30670101654,69856.67495366247,69871.8322724021,69876.36767266021,-2.118890371026282,-2.545136790340621,-1.8544290439731412,-1.0743356015955214,-0.531169953983408,-0.2606852324661304,193.2645643905562,178.61114851028833,86.42168331670109,1.0,192.9529939473723,1.0,72.20768574094109,0.5195451346248208,-3.6194723919361422,3.6194723919361422,0.7136585451464865,-2.545136790340621,-1.0743356015955214,193.2645643905562,1.0,72.20768574094109,0.5195451346248208,-1,-1,False,1.4708011887450994,3.6194723919361422,72.20768574094109,0.5195451346248208,53.39578354600306,False,False,False,True,True,False,8.384646993385104,3.492920577626736,3.896687247977752,2.7720761026757827,False,0.31097105032484484,-63.91904632252408,-81.5277394036384,False,0.15699452454612836,1.1169541656818183,-2.8020905671128276,0.17135256117342448,1.0,8.384646993385104,0.33333333333333337,0.7921355878976384,0,19.692718997743214,83>68>53,1.86619078804506,0,307.6491778908676,5.693205243335746,-7.696034480175513,,,,correct_bear,Bear,Bear
trend_method_v2_0,320904,320905,2026-03-10T10:18:43.086711,Neutral,1.0,0.0,regime=NOISE|slope_sum=1.756451,Bear,69652.98,69504.2,-148.78,03/10/2026  10:14:11 AM,03/10/2026  10:18:57 AM,False,False,False,False,False,True,False,False,False,True,False,False,NOISE,Bull,69526.07451467204,69476.5186034457,69445.44373239104,69440.10067591118,69445.85628329022,69455.80763444677,2.5467542558872083,1.612880186714392,0.7312921028278652,0.14357051560909895,-0.120878036990689,-0.25106900366881746,-70.26688022527378,-263.53144461582997,-442.1425931261183,0.6,-442.4140528912976,0.0,43.33428587479284,0.3086448448697669,1.756450702323491,1.756450702323491,-1.3607559402715932,1.612880186714392,0.14357051560909895,70.26688022527378,0.0,43.33428587479284,0.3086448448697669,1,1,False,1.469309671105293,1.756450702323491,43.33428587479284,0.3086448448697669,40.00503978410691,False,False,False,True,False,True,5.406444101698071,9.487410246181986,-2.978202891687033,-6.874890139664785,True,0.9618590299596965,31.074871054661344,94.99391737718543,False,0.3760764888397658,1.815462153059343,0.6985079873775248,0.3711898218458993,0.6666666666666666,5.406444101698071,-0.33333333333333337,0.3405141786977253,1,15.706958535593003,83>68>53,0.5155175562686054,0,534.3320583197055,4.389358129731658,537.8350184906813,,,,neutral_called_bear_truth,Bear,Neutral
trend_method_v2_0,320905,320906,2026-03-10T10:23:44.098316,Neutral,1.0,0.0,regime=NOISE|slope_sum=1.440711,Bull,69504.2,69561.35,57.15,03/10/2026  10:19:11 AM,03/10/2026  10:23:58 AM,False,False,False,False,False,True,False,False,True,False,False,False,NOISE,Bull,69738.58811827881,69722.80249528847,69700.1706665093,69679.93226249103,69658.57588238246,69637.32571380181,-0.6763204645922087,0.7841453006367374,0.6888279693193908,0.6565656698494422,0.6775274528299633,0.6535097844534903,-101.26240447700548,-30.995524251731695,232.53592036409827,1.0,602.0781175684824,0.0,0.1623823914123932,0.27444398480223575,1.4407109704861796,1.4407109704861796,-0.3682187373359239,0.7841453006367374,0.6565656698494422,101.26240447700548,0.0,0.1623823914123932,0.27444398480223575,1,1,False,0.12757963078729517,1.4407109704861796,0.1623823914123932,0.27444398480223575,70.28641174491345,False,False,False,True,False,True,4.136896641681233,1.081349663373495,-1.2695474600168382,1.708655431670195,True,0.5078170107411593,22.63182877918007,-8.443042275481275,False,0.06471083573715192,1.5557830965462927,-0.25967905651305045,0.7238578289873592,0.8333333333333334,4.136896641681233,0.16666666666666674,0.32569280653827154,0,42.60654868921847,53>68>83,1.9876029071328958,0,473.13811737785,11.45638496051835,-224.35255714513005,,,,neutral_called_bull_truth,Bull,Neutral
trend_method_v2_0,320907,320908,2026-03-10T10:33:47.072136,Neutral,1.0,0.0,regime=NOISE|slope_sum=-0.451548,Bull,69792.08,69842.5,50.42,03/10/2026  10:29:14 AM,03/10/2026  10:34:01 AM,False,False,False,False,False,True,False,False,True,False,False,False,NOISE,Bear,69846.84916783232,69844.7513077147,69859.35452309396,69864.40904685686,69862.59367506119,69857.92138503451,1.0009230897831003,-0.3415440089756885,-0.37506209036109794,-0.11000386617706681,0.038973604738202994,0.11708952219851199,11.072217202192405,112.33462167919788,143.33014593092958,0.4,39.07759187766351,0.0,-14.632002194412053,0.2750089957378805,-0.4515478751527553,0.4515478751527553,-0.1067192977961314,-0.3415440089756885,-0.11000386617706681,11.072217202192405,0.0,-14.632002194412053,0.2750089957378805,-1,-1,False,0.23154014279862167,0.4515478751527553,14.632002194412053,0.2750089957378805,24.520583113023743,True,False,False,True,False,True,1.9835961822336685,6.4552508712923915,-2.153300459447564,-0.883752999430726,False,0.6114724404211297,-14.60321537926211,-37.23504415844218,False,0.04677336882344456,1.3759851801441982,-0.17979791640209442,0.8011422390144614,0.5,1.9835961822336685,-0.33333333333333337,0.0936996589841412,0,6.487661822349764,53>68>83,0.2660669931137818,0,406.86159054675954,1.7353582581564704,-106.27489968888949,,,,neutral_called_bull_truth,Bull,Neutral
trend_method_v2_0,320908,320909,2026-03-10T10:38:49.073642,Bull,1.0,0.5549251353131694,regime=RUN|slope_sum=0.554925,Bull,69842.5,69920.25,77.75,03/10/2026  10:34:15 AM,03/10/2026  10:39:03 AM,True,True,True,True,False,False,False,False,False,False,False,False,RUN,Bull,69989.08580510177,69973.92687797455,69967.02355397138,69961.21477824094,69954.1687683803,69946.60691058658,0.7953368285834586,0.35126200955164677,0.2088381044977723,0.20366312576152268,0.22599116556739318,0.23363241210790875,-42.47889451519586,-53.55111171738827,-165.88573339658615,1.0,-131.91014568063838,1.0,17.27903977112146,0.03818002875112658,0.5549251353131694,0.5549251353131694,-1.1924801916052874,0.35126200955164677,0.20366312576152268,42.47889451519586,1.0,17.27903977112146,0.03818002875112658,1,1,False,0.1475988837901241,0.5549251353131694,17.27903977112146,0.03818002875112658,76.54887445533187,False,False,False,False,True,False,2.0187236460697022,2.0435159269885435,0.03512746383603371,2.188427923283598,False,0.2685730551126813,6.903324003171292,21.506539382433402,False,0.2542829424264464,0.5864987240856863,-0.789486456058512,0.43270085508104705,1.0,2.0187236460697022,0.5,0.19071796862096488,0,14.607867654369329,53>68>83,0.6632867034368246,0,196.88125764831784,3.955424036331029,186.60278632296104,,,,correct_bull,Bull,Bull
trend_method_v2_0,320910,320911,2026-03-10T10:48:52.103274,Bull,1.0,1.4368546175010124,regime=RUN|slope_sum=1.436855,Bull,70074.86,70464.79,389.93,03/10/2026  10:44:20 AM,03/10/2026  10:49:06 AM,True,True,True,True,False,False,False,False,False,False,False,False,RUN,Bull,70601.83996488104,70594.41368369345,70563.98231601065,70538.450405546,70518.57052078792,70499.7385934199,0.7826599899835855,0.6768621437677211,0.9504928545011353,0.7599924737332913,0.640814610191228,0.6198794713945972,-102.10137146114721,-59.62247694595135,-6.0713652285630815,1.0,464.4461572812579,1.0,-13.278477909669164,0.44981278276370307,1.4368546175010124,1.4368546175010124,-0.13269918120051535,0.6768621437677211,0.7599924737332913,102.10137146114721,1.0,-13.278477909669164,0.44981278276370307,1,1,False,0.08313032996557013,1.4368546175010124,13.278477909669164,0.44981278276370307,71.05894376337297,False,False,False,True,True,False,4.430701543571558,1.1926713630614725,2.411977897501856,2.3768504336658225,False,0.21757412134871498,30.431367682802374,23.528043679631082,False,0.16814444975097403,0.3794285569492786,-0.2070701671364077,0.15743825610993858,1.0,4.430701543571558,0.0,0.4185884480032313,0,38.711812126100995,53>68>83,2.0206865553191165,0,225.5082103425375,10.51144932111554,29.392338741057756,,,,correct_bull,Bull,Bull
trend_method_v2_0,320912,320913,2026-03-10T10:58:55.107198,Neutral,1.0,0.0,regime=NOISE|slope_sum=1.074668,Bull,70672.36,71152.64,480.28,03/10/2026  10:54:24 AM,03/10/2026  10:59:09 AM,False,False,False,False,False,True,False,False,True,False,False,False,NOISE,Bull,71410.39026014681,71449.58321577286,71427.84078258689,71382.6908693124,71331.32066314532,71279.88373004147,-2.99206528843024,-0.3364829926558741,0.9543444878745504,1.4111506693679985,1.5508747980038606,1.5598659188854072,-130.50653010534006,-28.405158644192852,31.217318301758496,0.8,227.013453788255,0.0,-21.9631205790065,0.6202181086991915,1.0746676767121244,1.0746676767121244,0.5859109105796599,-0.3364829926558741,1.4111506693679985,130.50653010534006,0.0,-21.9631205790065,0.6202181086991915,-1,1,True,1.7476336620238726,1.0746676767121244,21.9631205790065,0.6202181086991915,121.43896474547022,True,True,False,True,False,True,8.80478415521793,0.9471463162465698,4.374082611646372,1.962104714144516,True,0.4945711646513228,21.742433185965638,-8.688934496836737,True,1.0,3.9464097763047903,3.5669812193555117,0.9214355785196254,0.6666666666666666,8.80478415521793,-0.33333333333333337,0.5545518993312277,1,102.80713927092438,53>68>83,4.521891386257266,0,141.57874730753247,27.860541372234,-18.961402585566248,,,,neutral_called_bull_truth,Bull,Neutral
trend_method_v2_0,320913,320914,2026-03-10T11:03:57.068520,Neutral,1.0,0.0,regime=NOISE|slope_sum=-1.460699,Bull,71152.64,71412.83,260.19,03/10/2026  10:59:23 AM,03/10/2026  11:04:11 AM,False,False,False,False,False,True,False,False,True,False,False,False,NOISE,Bear,71390.1325280626,71441.16068457271,71461.75210742405,71466.29585141747,71463.93008914795,71455.92370387592,-1.6261830128514703,-1.315574085158005,-0.5079864833223837,-0.14512527451006463,0.04662341191578889,0.2196742030864698,65.7911758133123,196.29770591865235,224.7028645628452,0.6,-604.1051627871348,0.0,59.95384232843935,0.06073799981330967,-1.4606993596680695,1.4606993596680695,2.0301499020568428,-1.315574085158005,-0.14512527451006463,65.7911758133123,0.0,59.95384232843935,0.06073799981330967,-1,-1,False,1.1704488106479403,1.4606993596680695,59.95384232843935,0.06073799981330967,45.040874001795096,False,False,True,True,False,True,3.861166470844182,8.384909224231505,-4.9436176843737485,-9.31770029602012,True,0.9573783836963268,-20.59142285134294,-42.33385603730858,False,0.44286305362952705,1.1181965295290865,-2.8282132467757037,0.324139027486031,0.6666666666666666,3.861166470844182,0.0,0.24318792627889207,1,10.372147541551385,53>68>83,0.4114228895123233,0,284.32534150879655,3.0240354992372045,-185.19722177231233,,,,neutral_called_bull_truth,Bull,Neutral
trend_method_v2_0,320914,320915,2026-03-10T11:08:58.061103,Neutral,1.0,0.0,regime=NOISE|slope_sum=-1.228702,Bull,71412.83,71472.14,59.31,03/10/2026  11:04:25 AM,03/10/2026  11:09:12 AM,False,False,False,False,False,True,False,False,True,False,False,False,NOISE,Bear,71260.87799852717,71247.32220290227,71273.05121832356,71314.43694970151,71347.84132045227,71371.43921761298,1.0837915280790185,-0.020806605918551213,-1.0792596387400408,-1.2078952501651656,-0.9873052763996384,-0.7522923395281396,110.56121908580826,44.77004327249597,-151.5276626461564,0.8,-260.52446009738196,0.0,-10.744213343321462,0.4401881897072251,-1.2287018560837168,1.2287018560837168,-0.20197939009206062,-0.020806605918551213,-1.2078952501651656,110.56121908580826,0.0,-10.744213343321462,0.4401881897072251,-1,-1,False,1.1870886442466144,1.2287018560837168,10.744213343321462,0.4401881897072251,89.98213727633146,True,False,False,True,False,True,5.131350638830554,0.7409204608635503,1.270184167986372,6.21380185236012,True,0.4702364875408566,-25.729015421282384,-5.137592569939443,False,0.9621720855092529,2.1630511668190593,1.0448546372899727,0.990472545337754,0.8333333333333334,5.131350638830554,0.16666666666666674,0.40398495192122635,0,57.002267911462695,83>68>53,2.9474928660929436,0,269.4729078353412,15.57388993712924,157.7101098533858,,,,neutral_called_bull_truth,Bull,Neutral
trend_method_v2_0,320915,320916,2026-03-10T11:14:00.071068,Bear,1.0,-0.8486194028209866,regime=RUN|slope_sum=-0.848619,Bear,71472.14,71190.47,-281.67,03/10/2026  11:09:27 AM,03/10/2026  11:14:14 AM,True,True,True,False,True,False,False,False,False,False,False,False,RUN,Bear,71171.59036010318,71195.82038515869,71209.62564967717,71214.26418690066,71218.50817950505,71226.6506749225,-1.4295963666845637,-0.6878614097131504,-0.33980099297332345,-0.16075799310783623,-0.17514017762732692,-0.2673093284120114,55.06031481931859,-55.50090426648967,-100.27094753898564,1.0,-60.3040564275434,1.0,24.062843267282005,0.10923453526352422,-0.8486194028209866,0.8486194028209866,1.3137218342060346,-0.6878614097131504,-0.16075799310783623,55.06031481931859,1.0,24.062843267282005,0.10923453526352422,-1,-1,False,0.5271034166053141,0.8486194028209866,24.062843267282005,0.10923453526352422,64.88222474796912,False,False,False,True,True,False,3.060466268518212,4.073654211602398,-2.070884370312342,-3.341068538298714,False,0.6211613595807766,-13.805264518479817,11.923750902802567,False,0.33869139887762884,1.0897953737112402,-1.073255793107819,0.44350045151743844,1.0,3.060466268518212,0.16666666666666663,0.28913611375245385,0,12.38648802183161,83>68>53,0.6032074991471745,0,296.568653457638,3.3887087149484167,111.12144264868039,,,,correct_bear,Bear,Bear
trend_method_v2_0,320916,320917,2026-03-10T11:19:00.214138,Neutral,1.0,0.0,regime=NOISE|slope_sum=0.652849,Bull,71190.47,71191.04,0.57,03/10/2026  11:14:30 AM,03/10/2026  11:19:14 AM,False,False,False,False,False,True,False,False,True,False,False,False,NOISE,Bull,71182.82195141811,71191.83559726163,71169.62550049947,71157.87341499023,71156.63497031426,71159.90846507113,-1.0281845982026425,0.36608990663626173,0.6285708218256332,0.28675907688739244,0.0569316331675509,-0.05876466599511332,-22.91348634698079,-77.97380116629938,-22.47289689980971,0.6,78.04633283911971,0.0,-19.797623461912735,0.41911962401174524,0.6528489835236542,0.6528489835236542,0.2654024341316115,0.36608990663626173,0.28675907688739244,22.91348634698079,0.0,-19.797623461912735,0.41911962401174524,1,1,False,0.07933082974886929,0.6528489835236542,19.797623461912735,0.41911962401174524,35.09768250431929,True,True,False,True,False,True,2.425300702714594,5.026259921082381,-0.6351655658036179,1.4357188045087241,False,0.33362383879251006,22.210096762151807,36.01536128063162,False,0.26388989499491133,1.6567554200282757,0.5669600463170354,0.8190222940871579,0.6666666666666666,2.425300702714594,-0.33333333333333337,0.15275276343289873,1,2.035050080899964,83>53>68,0.40245537605005666,0,178.24474870528502,0.9093281548942503,59.05521822675837,,,,neutral_called_bull_truth,Bull,Neutral
trend_method_v2_0,320917,320918,2026-03-10T11:24:01.061868,Neutral,1.0,0.0,regime=NOISE|slope_sum=1.037763,Bull,71191.04,71192.51,1.47,03/10/2026  11:19:29 AM,03/10/2026  11:24:15 AM,False,False,False,False,False,True,False,False,True,False,False,False,NOISE,Bull,71244.93988205738,71201.98277766173,71193.66747109735,71196.61328830507,71197.55096036661,71195.86584420345,1.1013950612359622,1.0683109461460845,0.11611862431345799,-0.030548272628948325,0.008987031987999217,0.05507536635559518,-49.07403785393399,-26.160551506953198,51.813249659346184,0.6,102.6995889836835,0.0,24.671827731624944,0.13929053746840167,1.0377626735171361,1.0377626735171361,-8.000221535851297,1.0683109461460845,-0.030548272628948325,49.07403785393399,0.0,24.671827731624944,0.13929053746840167,1,-1,True,1.0988592187750328,1.0377626735171361,24.671827731624944,0.13929053746840167,47.288305029910724,False,False,False,True,False,True,2.3804353026680474,24.160325766623952,-0.04486540004654671,0.5903001657570712,False,0.38410195465232755,8.315306564385537,-13.89479019776627,False,0.8039248137507989,0.9852764369225042,-0.6714789831057715,0.43103763222276503,0.8333333333333334,2.3804353026680474,0.16666666666666674,0.18740875628781928,0,0.7474441016238416,68>53>83,0.09461067097254272,0,159.63525693974225,0.34529401585759734,-38.589938444685686,,,,neutral_called_bull_truth,Bull,Neutral
trend_method_v2_0,320918,320919,2026-03-10T11:29:02.066996,Bull,1.0,1.2237422690141102,regime=RUN|slope_sum=1.223742,Bull,71192.51,71253.75,61.24,03/10/2026  11:24:29 AM,03/10/2026  11:29:16 AM,True,True,True,True,False,False,False,False,False,False,False,False,RUN,Bull,71355.08387093179,71325.06587712727,71309.3109161733,71300.71153667416,71291.56679497907,71282.35737331647,1.1762461838134186,0.916101838080067,0.4094164544767409,0.30764043093404325,0.3044900761688041,0.29112197835456755,-72.72649761532375,-23.652459761389764,2.5080917455634335,1.0,50.534149980696384,1.0,27.249160255290917,0.0833321861500042,1.2237422690141102,1.2237422690141102,-1.232552113701555,0.916101838080067,0.30764043093404325,72.72649761532375,1.0,27.249160255290917,0.0833321861500042,1,1,False,0.6084614071460237,1.2237422690141102,27.249160255290917,0.0833321861500042,59.42958697824075,False,False,False,True,True,False,3.4050169618276414,2.769728859481977,1.024581659159594,1.0694470592061407,False,0.2938915728663396,15.754960953971022,7.439654389585485,False,0.38225453880834387,0.7668297293366777,-0.21844670758582652,0.3065155559524371,1.0,3.4050169618276414,0.16666666666666663,0.3216873787276552,0,18.35416335769696,53>68>83,0.9032524854574149,0,127.78681243464234,5.007180014428458,4.713115936436225,,,,correct_bull,Bull,Bull
trend_method_v2_0,320919,320920,2026-03-10T11:34:03.078336,Neutral,1.0,0.0,regime=NOISE|slope_sum=2.589827,Bull,71253.75,71354.74,100.99,03/10/2026  11:29:31 AM,03/10/2026  11:34:17 AM,False,False,False,False,False,True,False,False,True,False,False,False,NOISE,Bull,71573.13837691497,71533.42404621039,71492.10481390008,71467.6323778112,71448.34817724687,71431.27053733845,-0.5017432741278753,1.8102518054220127,1.1160978031075501,0.7795750691548164,0.6428330276357883,0.5661618341582653,-141.86783957651642,-69.14134196119267,-45.4888821998029,1.0,62.42163490896928,0.0,11.40997248464555,0.37959246095810406,2.589826874576829,2.589826874576829,-0.6036376895476385,1.8102518054220127,0.7795750691548164,141.86783957651642,0.0,11.40997248464555,0.37959246095810406,1,1,False,1.0306767362671962,2.589826874576829,11.40997248464555,0.37959246095810406,54.7788892644406,False,False,False,True,False,True,5.416662813606308,1.7238985812390728,2.011645851778667,0.9870641926190729,True,0.5531516544870608,41.319232310313964,25.564271356342942,False,0.23720815868725345,3.0061490818643506,2.239319352527673,0.876915878526022,0.8333333333333334,5.416662813606308,-0.16666666666666663,0.426447230046814,0,36.361840472745826,53>68>83,1.98856993094887,0,118.95435322953563,9.921469314369093,73.29247290867352,,,,neutral_called_bull_truth,Bull,Neutral
trend_method_v2_0,320920,320921,2026-03-10T11:39:05.202186,Bear,1.0,-2.558604705674952,regime=RUN|slope_sum=-2.558605,Bull,71354.74,71419.48,64.74,03/10/2026  11:34:32 AM,03/10/2026  11:39:19 AM,False,True,False,False,True,False,False,True,False,False,False,False,RUN,Bear,71192.4212931149,71253.9919888447,71288.25237293562,71306.59718797452,71323.13101991473,71336.99165373313,-1.9477563604359602,-1.9227143288462685,-0.9008296278461785,-0.6358903768286837,-0.5495251370684855,-0.45070482742266904,144.570360618236,286.4382001947524,355.5795421559451,1.0,-243.19204762730806,1.0,57.57114320402616,0.16663458084429805,-2.558604705674952,2.558604705674952,1.1704298576401073,-1.9227143288462685,-0.6358903768286837,144.570360618236,1.0,57.57114320402616,0.16663458084429805,-1,-1,False,1.2868239520175848,2.558604705674952,57.57114320402616,0.16663458084429805,56.50359365695718,False,False,False,True,True,False,6.407420658448245,2.9162282239455917,0.9907578448419372,-1.0208880069367297,False,0.5978609066871489,-34.26038409091416,-75.57961640122812,False,0.3619156339245184,1.0469267325897817,-1.9592223492745688,0.21942168025589123,1.0,6.407420658448245,0.16666666666666663,0.6053380582619188,0,30.39446575861075,83>68>53,1.6361203413198382,0,379.23200191733486,8.307351921269301,-281.95914810399154,,,,bear_called_bull_truth,Bull,Bear
trend_method_v2_0,320921,320922,2026-03-10T11:44:06.071505,Neutral,1.0,0.0,regime=NOISE|slope_sum=1.764465,Bear,71419.48,71171.17,-248.31,03/10/2026  11:39:34 AM,03/10/2026  11:44:20 AM,False,False,False,False,False,True,False,False,False,True,False,False,NOISE,Bull,71190.62588617156,71165.59710692389,71127.95049581243,71113.04774909501,71115.95810725121,71128.31833172184,-0.35425851163017796,1.3900025185484992,0.9949600946201826,0.3744622133544908,-0.056136766464987886,-0.29967033133834775,-62.30755444972601,-206.87791506796202,-493.31611526271445,0.6,-114.39443840597232,0.0,-8.252783910211292,0.48865928377171725,1.76446473190299,1.76446473190299,-0.47629086788659897,1.3900025185484992,0.3744622133544908,62.30755444972601,0.0,-8.252783910211292,0.48865928377171725,1,1,False,1.0155403051940084,1.76446473190299,8.252783910211292,0.48865928377171725,35.31243970092097,True,True,False,True,False,True,3.4694904359566863,3.7509738981854284,-2.937930222491559,-3.9286880673334963,False,0.6158067359299164,37.64661111145688,71.90699520237104,False,0.1656388329725051,2.1393034541069937,1.092376721517212,0.7809896889080403,0.5,3.4694904359566863,-0.5,0.16388923996204038,0,15.270582626821124,83>68>53,0.7302693111578265,0,562.4574572239071,4.134599206114288,566.3154871866027,,,,neutral_called_bear_truth,Bear,Neutral
trend_method_v2_0,320922,320923,2026-03-10T11:49:07.263921,Bear,1.0,-1.018597011168822,regime=RUN|slope_sum=-1.018597,Bull,71171.17,71184.91,13.74,03/10/2026  11:44:35 AM,03/10/2026  11:49:21 AM,False,True,False,False,True,False,False,True,False,False,False,False,RUN,Bear,71042.33171931475,71053.73637185273,71072.94693844787,71088.8324858807,71098.92087742817,71104.3957677628,-0.11659472326937248,-0.5494176190713915,-0.6049726105520676,-0.46917939209743054,-0.3125417185401602,-0.2004060161743837,62.064048448053654,124.37160289777967,331.2495179657417,1.0,184.75075805226516,1.0,5.802741925755981,0.21201770202938597,-1.018597011168822,1.018597011168822,0.3249548519408223,-0.5494176190713915,-0.46917939209743054,62.064048448053654,1.0,5.802741925755981,0.21201770202938597,-1,-1,False,0.08023822697396099,1.018597011168822,5.802741925755981,0.21201770202938597,60.93091553138984,False,False,False,True,True,False,2.253112079704806,1.2941144971919285,-1.2163783562518802,1.721551866239679,False,0.22564078624252926,-19.210566595138516,-56.857177706595394,False,0.04812496680502669,0.48837788728269516,-1.6509255668242986,0.3842515099577853,1.0,2.253112079704806,0.5,0.21286170583738295,0,15.563281882103183,83>68>53,0.9821271268119744,1,617.6877181604941,4.29089006627134,-276.0432658259706,,,,bear_called_bull_truth,Bull,Bear
trend_method_v2_0,320922,320923,2026-03-10T11:50:04.233227,Neutral,1.0,0.0,regime=NOISE|slope_sum=0.183597,Bull,71171.17,71184.91,13.74,03/10/2026  11:44:35 AM,03/10/2026  11:49:21 AM,False,False,False,False,False,True,False,False,True,False,False,False,NOISE,Bull,71094.00539272216,71070.34681298045,71069.90504615783,71078.96416641971,71088.26931501145,71094.9794501173,0.8658486117328721,0.4470885886930773,-0.09868393067881698,-0.26349119157748646,-0.25665344553453906,-0.20009785166439542,0.9740573951421538,-61.0899910529115,-185.46159395069117,0.4,14.50624631352548,0.0,6.133658878286951,0.13085927145356047,0.18359739711559087,0.18359739711559087,-2.745457744738546,0.4470885886930773,-0.26349119157748646,0.9740573951421538,0.0,6.133658878286951,0.13085927145356047,1,-1,True,0.7105797802705638,0.18359739711559087,6.133658878286951,0.13085927145356047,5.3053987172209105,False,False,False,True,False,True,2.1318636198811873,1.9599248212957963,-0.12124845982361876,1.0951298964282614,True,0.5648614325870317,0.4417668226233218,19.652333417761838,True,1.0,0.9645325424116891,0.4761546551289939,0.6832800396355814,0.6666666666666666,2.1318636198811873,-0.33333333333333337,0.13427120968316314,1,16.01528369759035,83>68>53,0.7202424887764209,0,392.3395090186532,4.641917919908156,205.590082023582,,,,neutral_called_bull_truth,Bull,Neutral
trend_method_v2_0,320923,320924,2026-03-10T11:54:08.083687,Neutral,1.0,0.0,regime=NOISE|slope_sum=-1.256224,Bear,71184.91,71036.0,-148.91,03/10/2026  11:49:37 AM,03/10/2026  11:54:22 AM,False,False,False,False,False,True,False,False,False,True,False,False,NOISE,Bear,70940.14866580111,70941.82159411862,70968.87042430342,70994.23155861914,71011.85727776837,71024.94604027021,0.4684122361923073,-0.5233376571213739,-0.8942171814469475,-0.7328861710848287,-0.5520758376187587,-0.43903000538557535,84.79737446909712,83.82331707395497,144.91330812686647,1.0,-60.61709220158809,0.0,-16.65362055771402,0.3797705480773445,-1.2562238282062026,1.2562238282062026,0.03192004294259174,-0.5233376571213739,-0.7328861710848287,84.79737446909712,0.0,-16.65362055771402,0.3797705480773445,-1,-1,False,0.20954851396345475,1.2562238282062026,16.65362055771402,0.3797705480773445,67.50180387055839,True,False,False,True,False,True,3.6099590888497914,1.0939534866447989,1.478095468968604,1.5993439287922229,True,0.5089737892693446,-27.048830184794497,-27.49059700741782,False,0.26163328164443245,1.3626294176392548,0.39809687522756576,0.722509653469005,0.8333333333333334,3.6099590888497914,0.16666666666666674,0.2842076582938293,0,30.714481651069946,83>68>53,1.7239920140891627,1,269.28491102464614,8.407462210649816,-117.02461424422108,,,,neutral_called_bear_truth,Bear,Neutral
trend_method_v2_0,320924,320925,2026-03-10T11:59:10.084926,Bull,1.0,2.898809541351511,regime=RUN|slope_sum=2.898810,Bear,71036.0,70936.17,-99.83,03/10/2026  11:54:37 AM,03/10/2026  11:59:24 AM,False,True,False,True,False,False,True,False,False,False,False,False,RUN,Bull,71338.7201697376,71303.84186444966,71252.7080039692,71200.5595292527,71160.13658038579,71132.33216430052,1.8923628633856424,1.32792740709192,1.7321386030325812,1.5708821342595911,1.2355212015081634,0.9109000248990924,-206.38800543708203,-291.18537990617915,-375.0086969801341,1.0,177.41953387740068,1.0,21.142191658494994,0.5902370713999041,2.898809541351511,2.898809541351511,-0.33769865118846093,1.32792740709192,1.5708821342595911,206.38800543708203,1.0,21.142191658494994,0.5902370713999041,1,1,False,0.24295472716767108,2.898809541351511,21.142191658494994,0.5902370713999041,71.19750452486016,False,False,False,True,True,False,8.66973223417699,1.3322638463979781,5.059773145327199,3.581677676358595,False,0.22849281798979448,51.13386048046232,78.18269066525681,False,0.13209231258518359,0.9686466522343835,-0.3939827654048713,0.19559021986474967,1.0,8.66973223417699,0.16666666666666663,0.8190688821667689,0,68.22736495218123,53>68>83,3.717303360666847,0,436.0986880330456,18.563576429199827,452.79740487998606,,,,bull_called_bear_truth,Bear,Bull
trend_method_v2_0,320925,320926,2026-03-10T12:04:11.074058,Neutral,1.0,0.0,regime=NOISE|slope_sum=-0.184061,Bull,70936.17,71338.28,402.11,03/10/2026  11:59:39 AM,03/10/2026  12:04:25 PM,False,False,False,False,False,True,False,False,True,False,False,False,NOISE,Bear,71248.19675665609,71229.51942018293,71238.25490432848,71255.00785583032,71264.8061262111,71264.80396272277,1.1050847376245656,0.2730772421855363,-0.4153531126485177,-0.4571377869397111,-0.25486991011530336,-0.01501892660962767,16.607206066677463,222.9952115037595,514.1805914099386,0.6,25.08567439194303,0.0,8.976807755301706,0.20708666292623443,-0.18406054475417477,0.18406054475417477,-0.7327768848121373,0.2730772421855363,-0.4571377869397111,16.607206066677463,0.0,8.976807755301706,0.20708666292623443,1,-1,True,0.7302150291252474,0.18406054475417477,8.976807755301706,0.20708666292623443,90.22686577863551,False,False,True,True,False,True,2.5205417161232617,2.466918038597057,-6.149190518053729,-11.208963663380928,True,0.8846237506780326,-8.735484145552618,-59.869344626014936,True,1.0,1.5204378502730833,0.5517911980386998,0.8477418766456035,0.6666666666666666,2.5205417161232617,-0.33333333333333337,0.1587513301153889,1,9.796106892448734,68>83>53,0.7270266236646421,1,598.0039084838936,3.08983737257804,-453.759455585885,,,,neutral_called_bull_truth,Bull,Neutral
trend_method_v2_0,320926,320927,2026-03-10T12:09:13.075830,Neutral,1.0,0.0,regime=NOISE|slope_sum=0.420368,Bear,71338.28,71289.95,-48.33,03/10/2026  12:04:39 PM,03/10/2026  12:09:27 PM,False,False,False,False,False,True,False,False,False,True,False,False,NOISE,Bull,71077.98666802341,71065.92727605192,71052.62079303405,71056.47790590663,71071.1481322071,71089.2240325134,-0.3481267518036475,0.6045137604432966,0.27079437076645263,-0.18414609702631424,-0.4204183634738001,-0.5075849027434742,11.237364489992615,-5.369841576684848,-228.36505308044434,0.4,-308.05172863161715,0.0,-11.40306688999408,0.23517438064140847,0.4203676634169824,0.4203676634169824,-1.2762111955393276,0.6045137604432966,-0.18414609702631424,11.237364489992615,0.0,-11.40306688999408,0.23517438064140847,1,-1,True,0.7886598574696109,0.4203676634169824,11.40306688999408,0.23517438064140847,26.73222863682963,True,True,False,True,False,True,2.3355842462569854,1.1000634657967554,-0.18495746986627637,5.964233048187452,False,0.209529565884695,13.306483017877326,22.041967163429945,False,0.3812593277473794,1.2863599019237881,-0.23407794834929518,1.0514330756659505,0.6666666666666666,2.3355842462569854,0.0,0.14710215003309723,1,32.746126606769394,83>68>53,1.1121493632435886,0,519.5504329866235,8.88858029615189,250.172942295525,,,,neutral_called_bear_truth,Bear,Neutral
trend_method_v2_0,320927,320928,2026-03-10T12:14:14.072369,Neutral,1.0,0.0,regime=NOISE|slope_sum=-0.746757,Bear,71289.95,71123.36,-166.59,03/10/2026  12:09:42 PM,03/10/2026  12:14:28 PM,False,False,False,False,False,True,False,False,False,True,False,False,NOISE,Bear,71092.95366946576,71097.95265978246,71116.97252660462,71127.55536082716,71128.67670937341,71125.84562557112,0.6789384440980939,-0.47995984022963967,-0.5501793549192371,-0.26679715620775823,-0.04961464097686985,0.03924106008162198,32.891956105362624,21.65459161537001,27.024433192054857,0.8,212.20152326708194,0.0,-9.274227486355812,0.2793602697969791,-0.7467569964373979,0.7467569964373979,0.16886939840332085,-0.47995984022963967,-0.26679715620775823,32.891956105362624,0.0,-9.274227486355812,0.2793602697969791,-1,-1,False,0.21316268402188143,0.7467569964373979,9.274227486355812,0.2793602697969791,44.04639830933277,True,False,False,True,False,True,2.0647304965132207,4.805465791513423,-0.27085374974376464,-0.08589627987748827,False,0.35686829710857415,-19.019866822156473,-32.3263498400338,False,0.06816507421547942,1.229117799017331,-0.05724210290645715,0.7191702534701041,0.6666666666666666,2.0647304965132207,0.0,0.13004296281016275,0,1.7097352560376748,68>53>83,0.35565285726625007,1,250.01964469581435,0.5799197180482407,5.244674545072485,,,,neutral_called_bear_truth,Bear,Neutral
trend_method_v2_0,320928,320929,2026-03-10T12:19:14.077088,Bull,1.0,1.2258226201556681,regime=RUN|slope_sum=1.225823,Bull,71123.36,71131.73,8.37,03/10/2026  12:14:43 PM,03/10/2026  12:19:28 PM,True,True,True,True,False,False,False,False,False,False,False,False,RUN,Bull,71355.47765176793,71335.66271925946,71318.4069717612,71295.23242823541,71272.80381025972,71254.2366773803,1.4024984946991026,0.493158969686192,0.6470105982589303,0.7326636504694761,0.67892171373569,0.5801069276622002,-101.2409743876342,-134.13293049299682,-155.78752210836683,1.0,91.76945875145611,1.0,17.01603616963257,0.17313096076236212,1.2258226201556681,1.2258226201556681,-0.4901011594546582,0.493158969686192,0.7326636504694761,101.2409743876342,1.0,17.01603616963257,0.17313096076236212,1,1,False,0.23950468078328413,1.2258226201556681,17.01603616963257,0.17313096076236212,82.5902318353185,False,False,False,True,True,False,4.534360354511591,1.2766369950954,2.4696298579983704,2.740483607742135,False,0.22430224894801976,17.25574749826046,36.275614320416935,False,0.13493749780571526,1.0631911535856489,-0.16592664543168212,0.418139972419362,1.0,4.534360354511591,0.33333333333333337,0.42838156549637485,0,40.99575085511606,53>68>83,1.9916922918673663,0,161.15736368505168,11.065855255196817,191.89720978335208,,,,correct_bull,Bull,Bull
trend_method_v2_0,320929,320930,2026-03-10T12:24:15.102694,Neutral,1.0,0.0,regime=NOISE|slope_sum=1.409524,Bull,71131.73,71394.89,263.16,03/10/2026  12:19:43 PM,03/10/2026  12:24:29 PM,False,False,False,False,False,True,False,False,True,False,False,False,NOISE,Bull,71526.9260873832,71516.81059417977,71493.0224693682,71475.74387446603,71459.38530066541,71442.17731352324,-0.9492732106245967,0.8579957220863434,0.6707234770201467,0.551528324956962,0.5335472234237386,0.5468816653810791,-84.74877385995933,16.492200527674868,150.6251310206717,1.0,59.549584333770326,0.0,-18.03043594355404,0.3001725713870699,1.4095240470433055,1.4095240470433055,-0.24631850982234538,0.8579957220863434,0.551528324956962,84.74877385995933,0.0,-18.03043594355404,0.3001725713870699,1,1,False,0.3064673971293814,1.4095240470433055,18.03043594355404,0.3001725713870699,60.12580916071136,True,True,False,True,False,True,4.1099496234928665,1.518417510480642,-0.4244107310187246,-2.894040589017095,True,0.8411701005352128,23.788124811573653,6.532377313313191,False,0.12250271022674024,1.994541177777137,0.931350024191488,0.8049020529459917,0.8333333333333334,4.1099496234928665,-0.16666666666666663,0.323571300795735,0,33.56656094279606,53>68>83,1.6319572137617797,1,172.2797226360417,9.062798527737737,-143.161403683167,,,,neutral_called_bull_truth,Bull,Neutral
trend_method_v2_0,320930,320931,2026-03-10T12:29:16.089281,Bear,1.0,-2.2614533127743925,regime=RUN|slope_sum=-2.261453,Bull,71394.89,71533.92,139.03,03/10/2026  12:24:44 PM,03/10/2026  12:29:30 PM,False,True,False,False,True,False,False,True,False,False,False,False,RUN,Bear,71363.53828015542,71424.36867120565,71461.18892879054,71486.14815215334,71498.649654432,71502.61921008902,-3.8558176978003758,-1.5243615394956578,-1.1373971156081097,-0.7370917732787348,-0.41076681312733854,-0.18352688486265833,139.08092993359605,223.82970379355538,207.3375032658805,1.0,-127.49873957716045,1.0,79.46943899620965,0.18685821723248364,-2.2614533127743925,2.2614533127743925,0.9846374575524509,-1.5243615394956578,-0.7370917732787348,139.08092993359605,1.0,79.46943899620965,0.18685821723248364,-1,-1,False,0.787269766216923,2.2614533127743925,79.46943899620965,0.18685821723248364,61.5006859296905,False,False,False,True,True,False,7.848961824172875,4.8953338409899265,3.7390122006800084,4.163422931698733,False,0.33214972878739757,-36.82025758488453,-60.60838239645818,False,0.14537923006113504,2.718420582192266,0.7238794044151291,0.41709071516760593,1.0,7.848961824172875,0.16666666666666663,0.7415269830539586,0,16.471057935676072,83>68>53,1.3313854712687316,0,374.45483481422707,4.672125556935681,-146.0052414650072,,,,bear_called_bull_truth,Bull,Bear
trend_method_v2_0,320931,320932,2026-03-10T12:34:18.076727,Neutral,1.0,0.0,regime=NOISE|slope_sum=-0.203108,Bear,71533.92,71372.44,-161.48,03/10/2026  12:29:45 PM,03/10/2026  12:34:32 PM,False,False,False,False,False,True,False,False,False,True,False,False,NOISE,Bear,71330.07819116686,71322.48603649573,71326.22028813325,71332.55340252408,71342.17689518895,71354.8213530534,1.3209070429056737,0.0078364665787376,-0.13500886243127752,-0.21094472786353435,-0.30603356243773305,-0.3762165505268058,24.743161886537564,-114.33776804705849,-338.16747184061387,0.8,-208.2397536014032,0.0,-7.378818275974481,0.11215513971553828,-0.20310826128479675,0.20310826128479675,-0.7541351579945064,0.0078364665787376,-0.21094472786353435,24.743161886537564,0.0,-7.378818275974481,0.11215513971553828,1,-1,True,0.21878119444227195,0.20310826128479675,7.378818275974481,0.11215513971553828,121.82252819270066,True,False,False,True,False,True,2.356947212743762,1.6387828332714693,-5.492014611429113,-9.231026812109121,True,0.8484149605050695,-3.7342516375210835,33.08600594736345,True,1.0,1.4559159053369513,-1.2625046768553148,0.9946463167342426,0.6666666666666666,2.356947212743762,-0.33333333333333337,0.14844765418535638,1,22.267950529319933,83>68>53,0.8931948408280732,0,354.65967236828874,6.274265568661213,369.990973111122,,,,neutral_called_bear_truth,Bear,Neutral
trend_method_v2_0,320932,320933,2026-03-10T12:39:19.071206,Bear,1.0,-1.2775564292842319,regime=RUN|slope_sum=-1.277556,Bear,71372.44,71364.89,-7.55,03/10/2026  12:34:46 PM,03/10/2026  12:39:33 PM,True,True,True,False,True,False,False,False,False,False,False,False,RUN,Bear,71294.76204833176,71325.71359635923,71346.80160937126,71357.96294706546,71361.71975627811,71362.36365920989,-0.8372111483113258,-0.9549635617695458,-0.6045324250426347,-0.3225928675146861,-0.142172175241285,-0.06265392048408103,67.60161087813322,42.85844899159565,157.19621703865414,1.0,155.34016319211514,1.0,36.73164294734306,0.13222563396765108,-1.2775564292842319,1.2775564292842319,0.9597572462297834,-0.9549635617695458,-0.3225928675146861,67.60161087813322,1.0,36.73164294734306,0.13222563396765108,-1,-1,False,0.6323706942548597,1.2775564292842319,36.73164294734306,0.13222563396765108,52.91477490039945,False,False,False,True,True,False,2.9241260983635584,4.544218737225527,0.5671788856197963,6.059193497048909,False,0.3278527744018681,-21.088013012034935,-17.35376137451385,False,0.22470794390644083,0.468183550185131,-0.9877323551518202,0.19534449717445546,1.0,2.9241260983635584,0.33333333333333337,0.27625544019222825,0,4.400712144430145,83>68>53,0.5274189632400521,1,381.0259208322095,1.3448518129895233,-140.8301880192921,,,,correct_bear,Bear,Bear
trend_method_v2_0,320932,320933,2026-03-10T12:40:15.824973,Bear,1.0,-0.9181164550045651,regime=RUN|slope_sum=-0.918116,Bear,71372.44,71364.89,-7.55,03/10/2026  12:34:46 PM,03/10/2026  12:39:33 PM,True,True,True,False,True,False,False,False,False,False,False,False,RUN,Bear,71286.06956873782,71297.13922343952,71314.39487505658,71329.93776000998,71339.75798718203,71345.05065890649,-0.9430366215037793,-0.463598305494088,-0.5643903010404756,-0.4545181495104771,-0.3019820484751108,-0.1923820650063135,58.98109016867238,-8.620520709460834,-51.478969701056485,1.0,-24.855306459896383,1.0,6.252607867325423,0.19472857980997232,-0.9181164550045651,0.9181164550045651,0.33750453095916155,-0.463598305494088,-0.4545181495104771,58.98109016867238,1.0,6.252607867325423,0.19472857980997232,-1,-1,False,0.009080155983610894,0.9181164550045651,6.252607867325423,0.19472857980997232,64.24140406935535,False,False,False,True,True,False,2.9199074910302443,2.0772073679863543,-0.004218607333314139,-0.5713974929531105,False,0.4414312580736801,-17.255651617058902,3.832361394976033,False,0.09804777495167573,0.580230311556079,0.11204676137094793,0.29437995176426607,1.0,2.9199074910302443,0.0,0.27585688924515556,0,15.112898896506522,83>68>53,0.9488822629919014,0,165.81673774811497,4.172484795566143,55.423377857403466,,,,correct_bear,Bear,Bear
trend_method_v2_0,320933,320934,2026-03-10T12:44:21.079155,Neutral,1.0,0.0,regime=NOISE|slope_sum=1.504986,Bear,71364.89,71304.78,-60.11,03/10/2026  12:39:47 PM,03/10/2026  12:44:35 PM,False,False,False,False,False,True,False,False,False,True,False,False,NOISE,Bull,71362.42580873882,71328.04168681141,71301.67038552035,71288.95055613668,71286.37449731627,71289.3268754864,1.1739062445121817,1.1453930718471383,0.7322765385961247,0.35959288233607367,0.10521989906192175,-0.038431835626397515,-73.09893325241865,-132.08002342109103,-123.4595027116302,0.8,-38.410783116691164,0.0,23.33760624032584,0.21829296779455742,1.504985954183212,1.504985954183212,-0.879588830843202,1.1453930718471383,0.35959288233607367,73.09893325241865,0.0,23.33760624032584,0.21829296779455742,1,1,False,0.7858001895110647,1.504985954183212,23.33760624032584,0.21829296779455742,48.5711730725693,False,False,False,True,False,True,3.5548204719798377,6.063802277705299,0.6349129809495935,0.6391315882829076,True,0.6433732734475771,26.371301291059353,43.626952908118255,False,0.22001556128582644,0.441629705916057,-0.13860060564002197,0.1447218509082433,0.8333333333333334,3.5548204719798377,-0.16666666666666663,0.27986666251064357,0,0.376319349714322,83>53>68,0.5032446170243929,0,183.5589931221475,0.3283800184312116,166.94785501410843,,,,neutral_called_bear_truth,Bear,Neutral
trend_method_v2_0,320933,320934,2026-03-10T12:45:17.878401,Neutral,1.0,0.0,regime=NOISE|slope_sum=1.181097,Bear,71364.89,71304.78,-60.11,03/10/2026  12:39:47 PM,03/10/2026  12:44:35 PM,False,False,False,False,False,True,False,False,False,True,False,False,NOISE,Bull,71376.78056525967,71370.5996126395,71346.69220240883,71326.32265840548,71314.54247545022,71309.85900969253,-0.47428763082643854,0.5966750777079142,0.759231311867552,0.5844218924958113,0.3592627946254652,0.18154303840674402,-66.92155556713988,6.1773776852787705,138.2574011063698,1.0,76.25591762622935,0.0,-7.0118515874492005,0.29759878598713496,1.1810969702037255,1.1810969702037255,-0.13959751132292916,0.5966750777079142,0.5844218924958113,66.92155556713988,0.0,-7.0118515874492005,0.29759878598713496,1,1,False,0.012253185212102835,1.1810969702037255,7.0118515874492005,0.29759878598713496,56.6605090482932,True,True,False,True,False,True,2.9554217459299252,1.6265098867369927,-0.5993987260499125,-1.234311706999506,True,0.8477066459868026,23.90741023067676,-2.4638910603825934,False,0.11988750507366082,1.2335189426939905,0.7918892367779335,0.673982610009355,0.8333333333333334,2.9554217459299252,0.0,0.23267673483497328,0,16.46364871294645,53>68>83,1.1252277255280205,0,146.87792181583063,4.583986394208869,-135.00162080920927,,,,neutral_called_bear_truth,Bear,Neutral
trend_method_v2_0,320934,320935,2026-03-10T12:49:23.064262,Neutral,1.0,0.0,regime=NOISE|slope_sum=0.123412,Bull,71304.78,71393.81,89.03,03/10/2026  12:44:49 PM,03/10/2026  12:49:37 PM,False,False,False,False,False,True,False,False,True,False,False,False,NOISE,Bull,71268.04328661613,71241.14884538672,71242.54858150297,71254.46597935299,71265.46777343635,71272.51214107069,2.4112594690177502,0.46642774517567887,-0.16338542742050777,-0.3430155164660391,-0.30066591786999197,-0.21501453457130992,4.46885445456428,71.39041002170416,65.21303233642539,0.2,-57.879002827976365,0.0,13.427969972326537,0.17898126851969637,0.12341222870963975,0.12341222870963975,-2.0195367333178096,0.46642774517567887,-0.3430155164660391,4.46885445456428,0.0,13.427969972326537,0.17898126851969637,1,-1,True,0.809443261641718,0.12341222870963975,13.427969972326537,0.17898126851969637,36.210791274813246,False,False,False,True,False,True,3.899768610521278,3.5415010105189966,0.9443468645913526,1.5437455906412652,True,0.61192339293253,-1.399736116247368,-25.307146346924128,True,1.0,2.574644896438258,1.3411259537442675,0.8466239382798368,0.6666666666666666,3.899768610521278,-0.16666666666666674,0.2456192056264382,1,18.046161717706127,83>68>53,0.858695968907341,0,209.64781112807395,5.205018816989469,-38.56476003575699,,,,neutral_called_bull_truth,Bull,Neutral
trend_method_v2_0,320935,320936,2026-03-10T12:54:24.069155,Neutral,1.0,0.0,regime=NOISE|slope_sum=0.339284,Bear,71393.81,71273.66,-120.15,03/10/2026  12:49:52 PM,03/10/2026  12:54:38 PM,False,False,False,False,False,True,False,False,False,True,False,False,NOISE,Bull,71335.12211619354,71347.41795691338,71340.16880499512,71327.77101926485,71316.20733599024,71307.67549249217,-1.2188964717588533,-0.033751436581951566,0.29167674354539486,0.37303592221178405,0.33830890411991277,0.2616895727242081,-27.44662370136939,-31.91547815593367,-103.30588817763783,0.8,72.51022004331753,0.0,-5.429322032490745,0.17377708851833762,0.3392844856298325,0.3392844856298325,0.6258400641963685,-0.033751436581951566,0.37303592221178405,27.44662370136939,0.0,-5.429322032490745,0.17377708851833762,-1,1,True,0.4067873587937356,0.3392844856298325,5.429322032490745,0.17377708851833762,80.89560490930998,True,True,False,True,False,True,2.5173590509421047,1.5871223600980542,-1.3824095595791732,-2.326756424170526,True,0.8453880627490538,7.249151918265852,8.64888803451322,True,1.0,1.5105732153042482,-1.0640716811340099,0.9781448566914163,0.6666666666666666,2.5173590509421047,0.0,0.1585508762496232,1,20.095526772682206,53>68>83,0.9730343990559049,0,109.4832658629166,5.763095452792914,110.89070453101704,,,,neutral_called_bear_truth,Bear,Neutral
trend_method_v2_0,320936,320937,2026-03-10T12:59:26.067229,Neutral,1.0,0.0,regime=NOISE|slope_sum=-0.362931,Bull,71273.66,71334.14,60.48,03/10/2026  12:54:52 PM,03/10/2026  12:59:40 PM,False,False,False,False,False,True,False,False,True,False,False,False,NOISE,Bear,71210.9051007387,71209.29097454935,71214.26041686352,71226.08800089001,71239.14722420658,71249.89747184816,0.06672766591145773,0.01278020743302477,-0.23822947136977746,-0.3757110272108548,-0.3828608830954181,-0.32260980644969095,38.99237110945978,66.43899481082917,98.35447296676284,0.8,-92.94137206548476,0.0,-4.539867289538961,0.10848807652322909,-0.36293081977783004,0.36293081977783004,-0.09609594915895978,0.01278020743302477,-0.3757110272108548,38.99237110945978,0.0,-4.539867289538961,0.10848807652322909,1,-1,True,0.3884912346438796,0.36293081977783004,4.539867289538961,0.10848807652322909,107.4374756415814,True,False,False,True,False,True,1.3989190614702238,0.293879687188585,-1.1184399894718808,0.2639695701072924,True,0.3908522454130626,-4.969442314162734,-12.218594232428586,True,1.0,0.3049571372812352,-1.205616078023013,0.9597774462283684,0.6666666666666666,1.3989190614702238,0.0,0.08810814766983573,0,23.809470958149177,83>68>53,1.0811817167559639,1,169.744882988467,6.53484042623968,-87.34149481235727,,,,neutral_called_bull_truth,Bull,Neutral
trend_method_v2_0,320937,320938,2026-03-10T13:04:27.070275,Neutral,1.0,0.0,regime=NOISE|slope_sum=-0.295640,Bear,71334.14,71235.99,-98.15,03/10/2026  12:59:54 PM,03/10/2026  01:04:41 PM,False,False,False,False,False,True,False,False,False,True,False,False,NOISE,Bear,71236.05349285899,71242.0332220489,71246.85006528912,71247.02721664276,71245.5626251612,71244.48631856186,0.3211776027492306,-0.29298633608414093,-0.09886394512977859,-0.0026538824422459584,0.03197711934990366,0.020392050018926966,8.432825702868286,-30.559545406591496,-96.99854021742067,0.6,52.366867357704905,0.0,-0.07374439759587403,0.047904604019381014,-0.2956402185263869,0.2956402185263869,1.19738399318225,-0.29298633608414093,-0.0026538824422459584,8.432825702868286,0.0,-0.07374439759587403,0.047904604019381014,-1,-1,False,0.29033245364189497,0.2956402185263869,0.07374439759587403,0.047904604019381014,28.523946250958502,False,False,False,True,False,True,0.7680509357742267,12.958712039662108,-0.6308681256959972,0.4875718637758837,False,0.371344061052091,-4.816843240216258,0.15259907394647598,False,0.49539939170896435,0.8082863297877338,0.5033291925064987,1.1335970836022828,0.5,0.7680509357742267,-0.16666666666666663,0.0362806257690296,1,2.5408980809006607,53>68>83,0.055023051811076584,0,128.91401837335434,0.9315436497059405,97.65446848387364,,,,neutral_called_bear_truth,Bear,Neutral
trend_method_v2_0,320938,320939,2026-03-10T13:09:29.070681,Neutral,1.0,0.0,regime=NOISE|slope_sum=-0.700362,Bull,71235.99,71248.66,12.67,03/10/2026  01:04:55 PM,03/10/2026  01:09:43 PM,False,False,False,False,False,True,False,False,True,False,False,False,NOISE,Bear,71314.3779100331,71319.0538124207,71338.43052497556,71342.26170640075,71336.88212305268,71328.91973586143,0.13766157934514922,-0.6356281883890915,-0.46567794065049384,-0.06473381682553736,0.13218844319453638,0.20254890196702036,14.541825828331639,6.1090001254633535,36.66854553205485,0.6,89.84457058587577,0.0,-16.332751186622772,0.3413547493538187,-0.7003620052146289,0.7003620052146289,0.2014789619174319,-0.6356281883890915,-0.06473381682553736,14.541825828331639,0.0,-16.332751186622772,0.3413547493538187,-1,-1,False,0.5708943715635542,0.7003620052146289,16.332751186622772,0.3413547493538187,20.763299151094348,True,False,False,True,False,True,1.6384388703718287,3.1015197748486347,0.870387934597602,1.5012560602935991,False,0.3024751745797052,-19.376712554862024,-14.559869314645766,False,0.15431699075969546,0.9432400154728384,0.13495368568510457,0.7613112182742503,0.5,1.6384388703718287,0.0,0.07739537149508237,1,13.341970539317117,53>68>83,0.3994711619870941,1,103.10754034288402,3.7184286482380715,-21.97372253172398,,,,neutral_called_bull_truth,Bull,Neutral
trend_method_v2_0,320939,320940,2026-03-10T13:14:31.419475,Neutral,1.0,0.0,regime=NOISE|slope_sum=-0.517824,Bull,71248.66,71328.79,80.13,03/10/2026  01:09:58 PM,03/10/2026  01:14:45 PM,False,False,False,False,False,True,False,False,True,False,False,False,NOISE,Bear,71258.2958237533,71247.73825699813,71260.93049373532,71273.92418195168,71283.83560219922,71291.53043335075,1.2802780456713663,-0.14301335915115487,-0.43027490883469,-0.3748104639034864,-0.3070390158427472,-0.2463546218623378,33.23460959744989,18.69278376911825,12.583783643654897,0.8,-121.82271981025406,0.0,-9.693966206701589,0.24708475919323972,-0.5178238230546413,0.5178238230546413,-0.40317715618218136,-0.14301335915115487,-0.3748104639034864,33.23460959744989,0.0,-9.693966206701589,0.24708475919323972,-1,-1,False,0.2317971047523315,0.5178238230546413,9.693966206701589,0.24708475919323972,64.18130668728028,True,False,False,True,False,True,2.7817704152657825,1.99693829239172,1.1433315448939538,0.27294361029635184,True,0.5665304517562229,-13.192236737188068,6.184475817673956,False,0.5010769724850325,1.7105529545060563,0.7673129390332178,0.9228442176050449,0.8333333333333334,2.7817704152657825,0.33333333333333337,0.2190053782259464,1,17.606251399076427,83>68>53,0.9282041016085714,0,55.3613293011731,5.04800603628529,-5.631994886947723,,,,neutral_called_bull_truth,Bull,Neutral
trend_method_v2_0,320940,320941,2026-03-10T13:19:32.058375,Neutral,1.0,0.0,regime=NOISE|slope_sum=-0.095794,Bear,71328.79,71274.74,-54.05,03/10/2026  01:15:02 PM,03/10/2026  01:19:46 PM,False,False,False,False,False,True,False,False,False,True,False,False,NOISE,Bear,71250.01052418849,71258.1136271779,71259.36077342577,71263.52193986611,71266.15159761116,71268.3953514653,-1.0195373051064962,0.017432779884984484,-0.11192911563193775,-0.1132268491146533,-0.0814365335390903,-0.0769755868732318,18.38482727680821,-14.84978232064168,-33.54256608975993,1.0,14.254220625225571,0.0,-5.651621437762515,0.051379090878513764,-0.09579406922966882,0.09579406922966882,1.4982682132196323,0.017432779884984484,-0.1132268491146533,18.38482727680821,0.0,-5.651621437762515,0.051379090878513764,1,-1,True,0.1306596289996378,0.09579406922966882,5.651621437762515,0.051379090878513764,191.92030805926095,True,False,False,True,False,True,1.4205381701503939,4.229508021710139,-1.3612322451153887,-2.5045637900093425,False,0.6235109692270453,-1.2471462478715694,11.945090489316499,True,1.0,1.166331980508403,-0.5442209739976533,1.015173463325177,0.8333333333333334,1.4205381701503939,0.0,0.11183723053883164,0,4.873411599182873,83>68>53,0.2716389695269754,0,39.65156621522328,1.4770084876065084,44.943435605078776,,,,neutral_called_bear_truth,Bear,Neutral
trend_method_v2_0,320941,320942,2026-03-10T13:24:34.084622,Bull,1.0,0.7142167821530165,regime=RUN|slope_sum=0.714217,Bear,71274.74,71248.39,-26.35,03/10/2026  01:20:00 PM,03/10/2026  01:24:48 PM,False,True,False,True,False,False,True,False,False,False,False,False,RUN,Bull,71296.94540276044,71271.6770976947,71261.44224839636,71256.68158723775,71254.80082265512,71254.53235318515,1.8310293658323644,0.5647819072019047,0.28757979034526215,0.14943487495111185,0.07220809308819298,0.025610337586840615,-42.41304957529064,-60.79787685209885,-45.94809453145717,1.0,9.272083605304942,1.0,35.239620963911875,0.0285281988987533,0.7142167821530165,0.7142167821530165,-1.6850580136360374,0.5647819072019047,0.14943487495111185,42.41304957529064,1.0,35.239620963911875,0.0285281988987533,1,1,False,0.41534703225079284,0.7142167821530165,35.239620963911875,0.0285281988987533,59.384000257507125,False,False,False,False,True,False,2.9306443690056767,10.85280156956486,1.5101061988552829,2.8713384439706715,False,0.36625270425288287,10.234849298343761,11.48199554621533,False,0.3252165338427858,1.5434495754871023,0.37711759497869934,0.5751862248297281,1.0,2.9306443690056767,0.16666666666666663,0.27687125075065055,0,2.149234052601969,53>68>83,0.24725330562614545,0,94.34044294185878,0.6849923154773683,57.8072076726512,,,,bull_called_bear_truth,Bear,Bull
trend_method_v2_0,320941,320942,2026-03-10T13:25:31.309165,Neutral,1.0,0.0,regime=NOISE|slope_sum=-0.220532,Bear,71274.74,71248.39,-26.35,03/10/2026  01:20:00 PM,03/10/2026  01:24:48 PM,False,False,False,False,False,True,False,False,False,True,False,False,NOISE,Bear,71235.03267735729,71268.43994317061,71266.14348428558,71261.75259298501,71258.88255845661,71257.48947155804,-3.3294525846886245,-0.32471084669668926,0.07663751672043873,0.10417867937758274,0.07517322552484984,0.04264767752101761,22.45679420075612,64.86984377604676,125.66772062814562,0.2,16.8201166530489,0.0,5.206903590122238,0.2018526073021349,-0.22053216731910652,0.22053216731910652,4.9955909113673895,-0.32471084669668926,0.10417867937758274,22.45679420075612,0.0,5.206903590122238,0.2018526073021349,-1,1,True,0.428889526074272,0.22053216731910652,5.206903590122238,0.2018526073021349,101.83001633617239,False,False,True,True,False,True,3.9528005305292027,16.805441286774517,1.022156161523526,-0.4879500373317569,True,0.823919968432117,2.296458885030006,-7.938390413313755,True,1.0,3.406090101409063,1.862640525921961,0.9129648428813777,0.6666666666666666,3.9528005305292027,-0.33333333333333337,0.24895931612172478,1,4.263121426964062,53>68>83,0.2219995824234502,0,140.5175029487873,1.5045801897103954,-115.8666896889099,,,,neutral_called_bear_truth,Bear,Neutral
trend_method_v2_0,320943,320944,2026-03-10T13:34:37.071900,Neutral,1.0,0.0,regime=NOISE|slope_sum=-0.508207,Bear,71325.53,71064.9,-260.63,03/10/2026  01:30:04 PM,03/10/2026  01:34:51 PM,False,False,False,False,False,True,False,False,False,True,False,False,NOISE,Bear,71115.42770189837,71150.22061527081,71152.72010559274,71141.10208168018,71130.24845496625,71123.24414990925,-1.343943284742636,-0.824969795798097,0.10204131163118291,0.31676296405385074,0.2921590076675784,0.20317482937025488,7.8164480108825956,-14.640346189873526,-79.51018996592029,0.4,-137.20244002169056,0.0,12.786122857200098,0.1783492274204036,-0.5082068317442463,0.5082068317442463,3.8156259471765472,-0.824969795798097,0.31676296405385074,7.8164480108825956,0.0,12.786122857200098,0.1783492274204036,-1,1,True,1.1417327598519478,0.5082068317442463,12.786122857200098,0.1783492274204036,15.38044654782642,False,False,True,True,False,True,3.0830511932636,2.796408493567665,-0.8697493372656027,-1.8919054987891286,True,0.8946372602743544,-2.4994903219339903,-4.795949206963996,True,1.0,1.445984596373819,-1.9601055050352443,0.6367299146817718,0.6666666666666666,3.0830511932636,0.0,0.19417987594238986,1,17.857931770922733,53>68>83,0.812096801091684,0,140.30806681801914,5.139321663167357,82.34603366784904,,,,neutral_called_bear_truth,Bear,Neutral
trend_method_v2_0,320943,320944,2026-03-10T13:35:34.674997,Neutral,1.0,0.0,regime=NOISE|slope_sum=-1.774378,Bear,71325.53,71064.9,-260.63,03/10/2026  01:30:04 PM,03/10/2026  01:34:51 PM,False,False,False,False,False,True,False,False,False,True,False,False,NOISE,Bear,71020.50294121775,71075.42100647812,71105.89132012568,71114.82662268882,71114.16841493208,71111.60183570712,-3.3047283349660574,-1.515471386608624,-0.780550980794942,-0.25890688467552536,-0.0406291224371671,0.01979387523169862,91.09889448936156,83.28244647847896,97.92279266835249,0.6,122.60300744665437,0.0,60.91111205596826,0.2426581450789291,-1.7743782712841494,1.7743782712841494,1.3936608671547988,-1.515471386608624,-0.25890688467552536,91.09889448936156,0.0,60.91111205596826,0.2426581450789291,-1,-1,False,1.2565645019330987,1.7743782712841494,60.91111205596826,0.2426581450789291,51.34130414222873,False,False,True,True,False,True,5.9200805847140145,17.539074831491412,2.8370293914504146,3.706778728716017,True,0.6784239502976417,-30.470313647558214,-27.970823325624224,False,0.3200841665339521,2.5241773541711154,1.0781927577972965,0.45068553990506316,0.8333333333333334,5.9200805847140145,0.16666666666666674,0.46608069467857166,0,3.224786981707439,53>68>83,0.3193298823443911,1,162.79263644439925,0.981941323344709,-68.87377658493097,,,,neutral_called_bear_truth,Bear,Neutral
trend_method_v2_0,320943,320944,2026-03-10T13:36:19.804971,Bear,1.0,-1.7053916001750622,regime=RUN|slope_sum=-1.705392,Bear,71325.53,71064.9,-260.63,03/10/2026  01:30:04 PM,03/10/2026  01:34:51 PM,True,True,True,False,True,False,False,False,False,False,False,False,RUN,Bear,71003.42071377707,71027.70760006686,71061.37895441205,71082.2097957268,71090.82523729677,71093.83589050795,-0.5454767075716518,-1.121241024840856,-0.9916502141331875,-0.5841505753342062,-0.2973146140611789,-0.154906586443758,90.41517673087947,-0.6837177584820893,-83.96616423696105,1.0,-6.123630997026339,1.0,12.30786311031261,0.3463374501450396,-1.7053916001750622,1.7053916001750622,0.44561298852763936,-1.121241024840856,-0.5841505753342062,90.41517673087947,1.0,12.30786311031261,0.3463374501450396,-1,-1,False,0.5370904495066497,1.7053916001750622,12.30786311031261,0.3463374501450396,53.0172522965389,False,False,False,True,True,False,3.6947397223848384,2.5650717324805887,-2.225340862329176,-5.062370253779591,False,0.5878002940710316,-33.6713543451915,-3.201040697633289,False,0.06133340340347752,0.7053551279768726,-1.8188222261942428,0.26533389739874674,1.0,3.6947397223848384,0.16666666666666663,0.3490588004991813,0,11.62609478115337,83>68>53,1.036371775839143,0,98.60651042683457,3.3302724161345214,85.3483827084001,,,,correct_bear,Bear,Bear
trend_method_v2_0,320945,320946,2026-03-10T13:44:40.067965,Neutral,1.0,0.0,regime=NOISE|slope_sum=-0.054317,Bear,71090.24,70657.98,-432.26,03/10/2026  01:40:07 PM,03/10/2026  01:44:54 PM,False,False,False,False,False,True,False,False,False,True,False,False,NOISE,Bear,70669.0931447196,70676.88918642521,70675.4482623982,70668.63150287553,70666.5616039005,70672.95131467626,-0.05589765145305137,-0.2290573498030426,0.13085616489479435,0.17474053792466293,0.02000394718379539,-0.19233670481662557,3.8581699566566385,-86.55700677422283,-85.87328901574074,0.4,-403.1186306325253,0.0,-11.205586646057782,0.06134600582355193,-0.05431681187837967,0.05431681187837967,0.9440954788061161,-0.2290573498030426,0.17474053792466293,3.8581699566566385,0.0,-11.205586646057782,0.06134600582355193,-1,1,True,0.40379788772770553,0.05431681187837967,11.205586646057782,0.06134600582355193,71.03086177619252,True,False,False,True,False,True,0.8028923560759722,1.074222093383987,-2.891847366308866,-0.66650650397969,False,0.4071085708848001,1.4409240270033479,35.11227837219485,True,1.0,0.5330732130478282,-0.17228191492904443,1.2820079315868784,0.5,0.8028923560759722,-0.5,0.03792643918107221,1,4.319811800727621,83>53>68,0.3870811899250839,0,170.52317101118388,1.5847854261519385,120.81328547300654,,,,neutral_called_bear_truth,Bear,Neutral
trend_method_v2_0,320947,320948,2026-03-10T13:54:43.700213,Bull,1.0,1.0455169755368843,regime=RUN|slope_sum=1.045517,Bull,70699.83,70803.75,103.92,03/10/2026  01:50:12 PM,03/10/2026  01:54:57 PM,True,True,True,True,False,False,False,False,False,False,False,False,RUN,Bull,70925.94142956112,70908.84234018537,70892.14503554036,70879.23451001999,70867.74578780243,70855.60346638139,0.4505031832104578,0.6394943822997448,0.5037209275269561,0.4060225932371395,0.3781832740023674,0.3896846722018381,-70.33796317972883,-74.19613313638547,12.360873637837358,1.0,603.536727536819,1.0,8.944681364911958,0.15464903322780243,1.0455169755368843,1.0455169755368843,-0.5775191656960309,0.6394943822997448,0.4060225932371395,70.33796317972883,1.0,8.944681364911958,0.15464903322780243,1,1,False,0.23347178906260524,1.0455169755368843,8.944681364911958,0.15464903322780243,67.27577344558134,False,False,False,True,True,False,2.7676090324785037,1.3576380756894164,1.9647166764025314,4.856564042711398,False,0.2303386749117408,16.69730464500026,15.25638061799691,False,0.11876455257878805,0.32476465386207565,-0.20830855918575253,0.20377792896358363,1.0,2.7676090324785037,0.5,0.26146856388143247,0,23.631043638597475,53>68>83,1.173890539441345,0,161.4368576690904,6.395131808312725,2.6871984209738002,,,,correct_bull,Bull,Bull
trend_method_v2_0,320948,320949,2026-03-10T13:59:45.077231,Neutral,1.0,0.0,regime=NOISE|slope_sum=0.143102,Bull,70803.75,70953.11,149.36,03/10/2026  01:55:12 PM,03/10/2026  01:59:59 PM,False,False,False,False,False,True,False,False,True,False,False,False,NOISE,Bull,70873.94061692902,70879.16313559366,70871.50618280921,70868.15590845683,70868.72649950701,70869.39620295864,-0.5175487253600295,0.07530481173489534,0.21582466253676102,0.06779684520006413,-0.002175446470573661,-0.0013765275580226444,-4.544413970375899,65.79354920935293,139.9896823457384,0.4,-168.85941512788122,0.0,-2.7006238103786018,0.16700776300318207,0.14310165693495946,0.14310165693495946,0.47446269612190173,0.07530481173489534,0.06779684520006413,4.544413970375899,0.0,-2.7006238103786018,0.16700776300318207,1,1,False,0.007507966534831212,0.14310165693495946,2.7006238103786018,0.16700776300318207,31.75654333926659,True,True,False,True,False,True,0.8800270188603463,11.334149722086,-1.8875820136181574,-3.852298690020689,False,0.6675697142476109,7.656952784440364,-9.040351860559895,False,0.4826713308689073,0.7333733878967905,0.40860873403471487,0.9068791371287206,0.5,0.8800270188603463,-0.5,0.04157006970601803,1,1.2402945018111495,83>68>53,0.07134881922866043,0,226.54668911996123,0.6110138527745876,-130.5407217511438,,,,neutral_called_bull_truth,Bull,Neutral
trend_method_v2_0,320951,320952,2026-03-10T14:14:50.069209,Bear,1.0,-3.784618597725057,regime=RUN|slope_sum=-3.784619,Bear,70857.71,70711.56,-146.15,03/10/2026  02:10:16 PM,03/10/2026  02:15:04 PM,True,True,True,False,True,False,False,False,False,False,False,False,RUN,Bear,70484.89493862016,70594.0113338155,70649.23644324497,70674.95510999397,70689.43119428113,70700.35432234961,-4.884429841409656,-2.960859589611573,-1.4990195400750963,-0.823759008113484,-0.5366536638994148,-0.4165063322416245,215.45938372945238,220.00379769982828,154.21024849047535,1.0,-182.8346171862795,1.0,132.74121476999426,0.2233918246440314,-3.784618597725057,3.784618597725057,1.3480517013861781,-2.960859589611573,-0.823759008113484,215.45938372945238,1.0,132.74121476999426,0.2233918246440314,-1,-1,False,2.137100581498089,3.784618597725057,132.74121476999426,0.2233918246440314,56.930276635792445,False,False,False,True,True,False,11.121227975350848,5.25871407122272,10.241200956490502,12.12878297010866,False,0.33608910785057566,-55.225109429462464,-62.88206221390283,False,0.3277757102890766,3.3854103013345593,2.652036913437769,0.3622964856798142,1.0,11.121227975350848,0.5,1.0,0,25.399212355638156,83>68>53,1.7769190042545233,0,359.9934800455667,7.109737047154709,-88.67614936313475,,,,correct_bear,Bear,Bear
trend_method_v2_0,320952,320953,2026-03-10T14:19:51.065417,Bear,1.0,-3.4206452125163196,regime=RUN|slope_sum=-3.420645,Bear,70711.56,70364.0,-347.56,03/10/2026  02:15:19 PM,03/10/2026  02:20:05 PM,True,True,True,False,True,False,False,False,False,False,False,False,RUN,Bear,70235.52730305857,70314.21613642442,70366.43601139309,70392.81105880742,70414.49748343587,70437.75409351641,-1.8119394289624324,-2.55636424367367,-1.395551221947244,-0.8642809688426496,-0.764872531122819,-0.7633629163301521,202.22679045784753,-13.232593271604856,-233.23639097143314,1.0,-93.55834822416364,1.0,72.16634640315897,0.3319187846429743,-3.4206452125163196,3.4206452125163196,1.001194873396561,-2.55636424367367,-0.8642809688426496,202.22679045784753,1.0,72.16634640315897,0.3319187846429743,-1,-1,False,1.6920832748310204,3.4206452125163196,72.16634640315897,0.3319187846429743,59.11948708328158,False,False,False,True,True,False,8.156371310878967,2.4091182218543077,-2.9648566644718812,-13.206057620962383,False,0.5826676067037565,-52.21987496866495,3.00523446079751,False,0.29373427438535615,1.9052378364376636,-1.4801724648968957,0.33054923680124815,1.0,8.156371310878967,0.0,0.7334056391035948,0,44.943034708994674,83>68>53,2.3925164162956207,0,299.02994018078607,12.236825384924721,234.76145296733375,,,,correct_bear,Bear,Bear
trend_method_v2_0,320953,320954,2026-03-10T14:24:51.073951,Neutral,1.0,0.0,regime=NOISE|slope_sum=1.651213,Bear,70364.0,70187.38,-176.62,03/10/2026  02:20:20 PM,03/10/2026  02:25:05 PM,False,False,False,False,False,True,False,False,False,True,False,False,NOISE,Bull,70355.38628373266,70314.20970563506,70285.54093301325,70273.8373706238,70273.41862095353,70280.58339278011,2.324860849603283,1.3167474065066926,0.7577706360862067,0.3344653331932932,0.03519692270492669,-0.16615686152726994,-74.80289095254557,-277.0296814103931,-263.79708813878824,0.8,105.4295280968945,0.0,30.323286008278956,0.2621517580002546,1.6512127396999858,1.6512127396999858,-1.0199206482631813,1.3167474065066926,0.3344653331932932,74.80289095254557,0.0,30.323286008278956,0.2621517580002546,1,1,False,0.9822820733133995,1.6512127396999858,30.323286008278956,0.2621517580002546,45.301788893741666,False,False,False,True,False,True,4.935198009621672,8.21056724018055,-3.221173301257295,-0.2563166367854137,True,0.7334666125688752,28.668772621807875,80.88864759047283,False,0.2694489799287703,1.5670902135170763,-0.3381476229205873,0.35620714921755253,0.8333333333333334,4.935198009621672,-0.16666666666666663,0.36980313838844003,0,6.746022156308754,83>53>68,0.5358191174254898,0,510.26607238182623,1.9412505330367003,344.3475881063405,,,,neutral_called_bear_truth,Bear,Neutral
trend_method_v2_0,320954,320955,2026-03-10T14:29:52.067710,Neutral,1.0,0.0,regime=NOISE|slope_sum=0.086075,Bull,70187.38,70312.0,124.62,03/10/2026  02:25:20 PM,03/10/2026  02:30:06 PM,False,False,False,False,False,True,False,False,True,False,False,False,NOISE,Bull,70388.5987139193,70401.02254364098,70399.31412575666,70393.0837070968,70383.80039181362,70373.28372530821,-1.282323813335097,-0.11879799305279448,0.08567680666055821,0.20487289383345342,0.28154888952121837,0.30741630291595357,-15.314988611091394,59.48790234145417,336.51758375184727,0.8,249.87103326439683,0.0,-5.037709085765528,0.11283170979087508,0.08607490078065894,0.08607490078065894,1.5649433831983388,-0.11879799305279448,0.20487289383345342,15.314988611091394,0.0,-5.037709085765528,0.11283170979087508,-1,1,True,0.3236708868862479,0.08607490078065894,5.037709085765528,0.11283170979087508,177.9262999107944,True,True,False,True,False,True,2.280636699319075,1.8729242634770598,-2.654561310302597,0.5666119909546978,True,0.5607690411177475,1.708417884321534,-26.96035473748634,True,1.0,1.3680006199956551,-0.1990895935214212,0.9200981276077346,0.6666666666666666,2.280636699319075,-0.16666666666666674,0.13671372168456522,1,19.799981788586592,53>68>83,0.7938380862706254,0,349.7501770234521,5.617530681654899,-309.75631860788235,,,,neutral_called_bull_truth,Bull,Neutral
trend_method_v2_0,320955,320956,2026-03-10T14:34:53.064819,Neutral,1.0,0.0,regime=NOISE|slope_sum=-0.051369,Bull,70312.0,70340.56,28.56,03/10/2026  02:30:21 PM,03/10/2026  02:35:07 PM,False,False,False,False,False,True,False,False,True,False,False,False,NOISE,Bear,70359.23790213297,70337.55458971384,70344.07979682805,70350.35385647987,70354.93860626678,70358.34263241732,1.589602970472697,0.11749419166517328,-0.19886519580359163,-0.16886307489949104,-0.13922721549897688,-0.10612346488233015,-0.8952697156491922,14.419718895442202,-45.06818344601197,0.8,-107.64142541898764,0.0,-3.5353038969187764,0.21588867302329856,-0.051368883234317764,0.051368883234317764,-1.694105827607924,0.11749419166517328,-0.16886307489949104,0.8952697156491922,0.0,-3.5353038969187764,0.21588867302329856,1,-1,True,0.2863572665646643,0.051368883234317764,3.5353038969187764,0.21588867302329856,17.428249540980747,True,False,False,True,False,True,2.32017611322226,4.601398030949982,0.03953941390318505,2.694100724205782,True,0.628589256148226,-6.525207114216755,-8.23362499853829,True,1.0,1.7884681662762887,0.42046754628063354,0.9383544007699748,0.6666666666666666,2.32017611322226,0.0,0.13908392840339281,1,7.988775937454193,83>68>53,0.41421375528079807,0,350.93730264728947,2.5128794864758675,53.722275990830894,,,,neutral_called_bull_truth,Bull,Neutral
trend_method_v2_0,320956,320957,2026-03-10T14:39:56.086957,Bear,1.0,-1.6943877668109053,regime=RUN|slope_sum=-1.694388,Bull,70340.56,70388.61,48.05,03/10/2026  02:35:22 PM,03/10/2026  02:40:10 PM,False,True,False,False,True,False,False,True,False,False,False,False,RUN,Bear,70141.57690048564,70184.23697274283,70206.29913974424,70223.73928954435,70239.4572374634,70253.24838648173,-2.036522890561173,-1.123424023782718,-0.6722751076977147,-0.5709637430281873,-0.5042086116809514,-0.4439383915905637,111.67148599609209,112.56675571174128,98.14703681629908,1.0,-90.1531530446955,1.0,44.39966509968508,0.0897988257946315,-1.6943877668109053,1.6943877668109053,1.0799384874172828,-1.123424023782718,-0.5709637430281873,111.67148599609209,1.0,44.39966509968508,0.0897988257946315,-1,-1,False,0.5524602807545307,1.6943877668109053,44.39966509968508,0.0897988257946315,65.90668805776069,False,False,False,True,True,False,5.351332768341308,2.5226745524486955,3.031156655119048,2.991617241215863,False,0.2864499135402814,-22.062167001407943,-15.536959887191188,False,0.25123858901299434,1.3642477828634583,-0.4242203834128304,0.3559939312014754,1.0,5.351332768341308,0.33333333333333337,0.4811818245432997,0,29.50909693738504,83>68>53,1.5191107462997024,0,186.47437694863766,8.02260432121809,-83.03429731252072,,,,bear_called_bull_truth,Bull,Bear
trend_method_v2_0,320964,320965,2026-03-10T15:20:09.085543,Neutral,1.0,0.0,regime=NOISE|slope_sum=0.776840,Bull,70059.47,70088.48,29.01,03/10/2026  03:15:37 PM,03/10/2026  03:20:23 PM,False,False,False,False,False,True,False,False,True,False,False,False,NOISE,Bull,70243.93587544718,70245.51783364927,70232.82857718918,70214.87739030982,70194.68430490368,70174.79272945577,-0.21300396253536746,0.20329749616212212,0.463141912699939,0.5735422689049301,0.6200486855941563,0.6025357221133163,-69.14314599140198,-180.81463198749407,-293.38138769923535,0.8,26.638588909627288,0.0,-18.809834703381057,0.23089114618432224,0.7768397650670522,0.7768397650670522,0.05162974257633642,0.20329749616212212,0.5735422689049301,69.14314599140198,0.0,-18.809834703381057,0.23089114618432224,1,1,False,0.370244772742808,0.7768397650670522,18.809834703381057,0.23089114618432224,89.00567285640167,True,True,False,True,False,True,2.6755700480098312,0.489633266321788,-2.675762720331477,-5.706919375450525,True,0.7314775327301313,12.689256460085744,34.75142346149369,False,0.3898995363757055,0.6761458752353064,-0.6881019076281518,0.7688338979244519,0.8333333333333334,2.6755700480098312,-0.16666666666666663,0.20048520825367935,0,40.08466085404507,53>68>83,1.7961266766124027,0,307.80110659467755,10.798100814612583,327.4447092531009,,,,neutral_called_bull_truth,Bull,Neutral
trend_method_v2_0,320965,320966,2026-03-10T15:25:11.069718,Neutral,1.0,0.0,regime=NOISE|slope_sum=0.612386,Bull,70088.48,70230.73,142.25,03/10/2026  03:20:37 PM,03/10/2026  03:25:25 PM,False,False,False,False,False,True,False,False,True,False,False,False,NOISE,Bull,70136.19400623167,70125.04138671023,70106.46720543999,70099.70571344232,70104.5284788745,70112.21548421531,0.4690838311162224,0.48469572966132546,0.52593819802496,0.12769075961477938,-0.1169206159611349,-0.18025610559743654,-23.97852201636124,45.16462397504074,225.9792559625348,0.6,15.8784117854957,0.0,6.096788328679395,0.2902819317741973,0.6123864892761048,0.6123864892761048,-0.44019432217438165,0.48469572966132546,0.12769075961477938,23.97852201636124,0.0,6.096788328679395,0.2902819317741973,1,1,False,0.3570049700465461,0.6123864892761048,6.096788328679395,0.2902819317741973,39.15586388051438,False,False,False,True,False,True,1.9045852399758587,3.4827748047838143,-0.7709848080339725,1.9047779122975044,True,0.610769552917729,18.57418127024721,5.884924810161465,False,0.04080851358122698,0.056854366908737575,-0.6192915083265689,0.038422440070428124,0.6666666666666666,1.9045852399758587,-0.16666666666666674,0.1141711595276584,1,12.509770772987395,83>68>53,0.4248674811733508,1,338.5460116742761,3.5035109627533734,-220.7136226606999,,,,neutral_called_bull_truth,Bull,Neutral
trend_method_v2_0,320966,320967,2026-03-10T15:30:13.067837,Bear,1.0,-0.6086044689636765,regime=RUN|slope_sum=-0.608604,Bear,70230.73,70073.72,-157.01,03/10/2026  03:25:40 PM,03/10/2026  03:30:27 PM,True,True,True,False,True,False,False,False,False,False,False,False,RUN,Bear,69969.4390145551,70000.90190566641,70002.28283884683,70001.91139969534,70006.8531004717,70014.10622975905,-1.8129162436162005,-0.5481301464787975,0.002090322072035633,-0.06047432248487894,-0.16273764184734318,-0.21185634064931946,44.667215203953674,68.64573722031491,23.481113245274173,0.8,-35.53200921579264,1.0,14.480481261198292,0.16589599142704772,-0.6086044689636765,0.6086044689636765,31.16699076821338,-0.5481301464787975,-0.06047432248487894,44.667215203953674,1.0,14.480481261198292,0.16589599142704772,-1,-1,False,0.4876558239939186,0.6086044689636765,14.480481261198292,0.16589599142704772,73.39284787049364,False,False,False,True,True,False,2.7982050171485753,5.431645295943342,0.8936197771727166,1.664604585206689,False,0.33780751555868704,-1.3809331804222893,-19.955114450669498,True,1.0,1.8150065656882362,1.7581521987794986,0.7680497519857183,0.8333333333333334,2.7982050171485753,0.16666666666666674,0.20967446395836656,0,12.194830063715926,83>68>53,0.4350683049815416,0,294.6249931828497,3.3727348379215982,-1.7678465958251763,,,,correct_bear,Bear,Bear
trend_method_v2_0,320967,320968,2026-03-10T15:35:14.079611,Bear,1.0,-0.9349166540632723,regime=RUN|slope_sum=-0.934917,Bear,70073.72,69994.62,-79.1,03/10/2026  03:30:42 PM,03/10/2026  03:35:28 PM,True,True,True,False,True,False,False,False,False,False,False,False,RUN,Bear,69848.25100418727,69871.20720909534,69883.24573897458,69895.48721408537,69907.67610230761,69918.76722406791,-1.6745852110507258,-0.5345373880682018,-0.4022318022125546,-0.40037926599507045,-0.3813880466423143,-0.3493309427267377,70.51621988063562,25.849004676681943,-42.79673254363297,1.0,2.770248765111319,1.0,24.584342630711035,0.06986564321726169,-0.9349166540632723,0.9349166540632723,0.9454777672638859,-0.5345373880682018,-0.40037926599507045,70.51621988063562,1.0,24.584342630711035,0.06986564321726169,-1,-1,False,0.13415812207313138,0.9349166540632723,24.584342630711035,0.06986564321726169,75.42514038461368,False,False,False,True,True,False,3.7424526566956047,2.3086892663368457,0.9442476395470294,0.050627862374312826,False,0.27910620556917615,-12.038529879238922,-10.657596698816633,False,0.14123605604064998,1.2723534088381712,-0.542653156850065,0.48723888576342655,1.0,3.7424526566956047,0.16666666666666663,0.33651433681517884,0,23.280009982539923,83>68>53,1.1310982553641225,0,139.6593658720376,6.293627206186727,52.91167608559954,,,,correct_bear,Bear,Bear
trend_method_v2_0,320968,320969,2026-03-10T15:40:16.084093,Bull,1.0,1.203798913047649,regime=RUN|slope_sum=1.203799,Bear,69994.62,69838.28,-156.34,03/10/2026  03:35:43 PM,03/10/2026  03:40:30 PM,False,True,False,True,False,False,True,False,False,False,False,False,RUN,Bull,69957.29864986448,69929.96886663322,69911.26675169203,69895.6918990677,69886.02414208822,69881.94025149876,1.8394181876119546,0.7357233727670973,0.6022165838421643,0.46807554028055165,0.2987713917536894,0.1538581269196584,-75.3583983657154,-145.87461824635102,-171.72362292303296,1.0,58.512033121995046,1.0,32.560011938316165,0.1163678355377799,1.203798913047649,1.203798913047649,-0.7973220845224341,0.7357233727670973,0.46807554028055165,75.3583983657154,1.0,32.560011938316165,0.1163678355377799,1,1,False,0.26764783248654567,1.203798913047649,32.560011938316165,0.1163678355377799,62.60048713196716,False,False,False,True,True,False,4.098063203175116,3.4510054151666276,0.35561054647951096,-0.5886370930675184,False,0.4867237917366114,18.702114941188483,30.740644820427406,False,0.09978533660305582,1.2372016037697904,-0.03515180506838078,0.3893805946993847,1.0,4.098063203175116,0.0,0.36849017143233515,0,13.75164756893355,53>68>83,0.9207050589538994,0,240.36936014334788,3.8211617163054052,202.429115938392,,,,bull_called_bear_truth,Bear,Bull
trend_method_v2_0,320969,320970,2026-03-10T15:45:18.086138,Neutral,1.0,0.0,regime=NOISE|slope_sum=-0.647091,Bull,69838.28,69954.0,115.72,03/10/2026  03:40:45 PM,03/10/2026  03:45:32 PM,False,False,False,False,False,True,False,False,True,False,False,False,NOISE,Bear,70006.5248152342,70028.04939782344,70038.73700559132,70037.61003417204,70029.95382769778,70018.78181534949,-0.407875343802516,-0.7010379445582657,-0.21654364538881055,0.05394701643490407,0.22045377204085526,0.31162152306023927,12.257000115292612,87.61539848100801,233.49001672735903,0.4,173.66853641987836,0.0,6.65320020809304,0.10274032203915773,-0.6470909281233617,0.6470909281233617,2.251375515412066,-0.7010379445582657,0.05394701643490407,12.257000115292612,0.0,6.65320020809304,0.10274032203915773,-1,1,True,0.7549849609931698,0.6470909281233617,6.65320020809304,0.10274032203915773,18.941696726979817,False,False,True,True,False,True,1.9114792452855909,2.2617857847007437,-2.1865839578895248,-2.5421945043690357,True,0.8773677897928853,-10.687607767875306,-29.38972270906379,False,0.5280122274438828,0.7776568999252049,-0.45954470384458546,0.5867085381079015,0.5,1.9114792452855909,-0.5,0.08593831767149294,1,18.828218822556664,53>68>83,0.5860223115359986,1,259.339021404041,5.220665464370148,-204.55983872213983,,,,neutral_called_bull_truth,Bull,Neutral
trend_method_v2_0,320970,320971,2026-03-10T15:50:19.069729,Neutral,0.5058366762605377,0.0,regime=NOISE|slope_sum=0.164320,Bull,69954.0,70022.15,68.15,03/10/2026  03:45:47 PM,03/10/2026  03:50:33 PM,False,False,False,False,False,True,False,False,True,False,False,False,NOISE,Bull,69992.30278023513,69982.30518540696,69980.47431877407,69983.46549588632,69988.25188345705,69993.02810622136,0.08007863679995353,0.25941809033793106,0.004489287590331514,-0.09509780644293642,-0.13720062549509748,-0.13322798724220775,0.7253259862336563,-11.531674129058956,-99.14707261006697,0.4,-162.59527297885506,0.0,0.7442606172990054,0.04792342524895156,0.16432028389499465,0.16432028389499465,-8.616310028546927,0.25941809033793106,-0.09509780644293642,0.7253259862336563,0.0,0.7442606172990054,0.04792342524895156,1,-1,True,0.3545158967808675,0.16432028389499465,0.7442606172990054,0.04792342524895156,4.414098911228515,False,False,False,True,False,True,0.7095124339084578,0.9410701844743979,-1.2019668113771331,0.9846171465123916,True,0.4939281107919795,1.830866632895777,12.518474400771083,False,0.9659783093176589,0.4342682562855771,-0.34338864363962784,1.2624590468559982,0.5,0.7095124339084578,0.0,0.03189901490559428,1,9.56261033503688,83>68>53,0.36552641918024165,0,245.021690856418,2.8817598978289656,111.32215836719843,,,,neutral_called_bull_truth,Bull,Neutral
trend_method_v2_0,320971,320972,2026-03-10T15:55:20.072550,Neutral,1.0,0.0,regime=NOISE|slope_sum=0.527356,Bear,70022.15,69989.62,-32.53,03/10/2026  03:50:48 PM,03/10/2026  03:55:34 PM,False,False,False,False,False,True,False,False,False,True,False,False,NOISE,Bull,70028.62547819917,70023.98133276109,70014.08138721202,70007.00247743547,70002.206956538,69999.1277206009,-0.8155471174050035,0.31656705036220956,0.2871798783617123,0.21078907729497587,0.15247115145029966,0.10484626461220614,-29.49775759827753,-30.223083584511187,-18.69140945545223,1.0,31.853323507661116,0.0,1.484708370277076,0.11823838364659986,0.5273561276571854,0.5273561276571854,-0.2735252376408421,0.31656705036220956,0.21078907729497587,29.49775759827753,0.0,1.484708370277076,0.11823838364659986,1,1,False,0.10577797306723369,0.5273561276571854,1.484708370277076,0.11823838364659986,55.93517558869236,False,False,False,True,False,True,1.887400539486407,3.031989656774628,1.1778881055779493,2.3798549169550824,True,0.6007933963005307,9.899945549070253,8.069078916174476,False,0.048674652577711475,1.1615013397677103,0.7272330834821332,0.8183655409079355,0.8333333333333334,1.887400539486407,0.33333333333333337,0.14142626932847496,1,7.874756834571599,53>68>83,0.46810649335748167,0,129.37015619457816,2.3632330038725495,27.48772145510884,,,,neutral_called_bear_truth,Bear,Neutral
trend_method_v2_0,320972,320973,2026-03-10T16:00:21.072199,Bull,1.0,0.31435629846237134,regime=RUN|slope_sum=0.314356,Bull,69989.62,70023.2,33.58,03/10/2026  03:55:48 PM,03/10/2026  04:00:35 PM,True,True,True,True,False,False,False,False,False,False,False,False,RUN,Bull,70041.92613182301,70040.0429580493,70032.79701594681,70027.11613142259,70023.63183167783,70020.86694641976,0.2081579809600953,0.15331003976643842,0.22987903790635755,0.16104625869593292,0.11459970959367638,0.09601745029067388,-21.05918540325365,8.43857219502388,38.66165577953507,1.0,15.639611439328291,1.0,-1.575985422517988,0.09551407120708885,0.31435629846237134,0.31435629846237134,-0.1456795103667851,0.15331003976643842,0.16104625869593292,21.05918540325365,1.0,-1.575985422517988,0.09551407120708885,1,1,False,0.007736218929494498,0.31435629846237134,1.575985422517988,0.09551407120708885,66.99145366662488,False,False,False,True,True,False,0.9630104772131745,1.5910822240503988,-0.9243900622732326,-2.102278167851182,False,0.5456243509807586,7.245942102483241,-2.654003446587012,False,0.19982040877819898,0.131416939333576,-1.0300844004341343,0.22223318339892134,1.0,0.9630104772131745,0.16666666666666663,0.08659209930302628,0,6.249185002830927,53>68>83,0.3716634185802832,0,50.19332990859402,1.740934679456575,-37.03773673338219,,,,correct_bull,Bull,Bull
trend_method_v2_0,320973,320974,2026-03-10T16:05:23.087285,Bull,1.0,1.9442794526767102,regime=RUN|slope_sum=1.944279,Bull,70023.2,70044.49,21.29,03/10/2026  04:00:50 PM,03/10/2026  04:05:37 PM,True,True,True,True,False,False,False,False,False,False,False,False,RUN,Bull,70199.34894547843,70149.20638225503,70119.7143048987,70103.5599378219,70092.72008759607,70084.12708964624,2.4917635098408937,1.43083826190923,0.8191195181771036,0.5134411907674803,0.3745394553643564,0.3016829529988172,-115.22185583219107,-94.16267042893742,-102.6012426239613,1.0,41.52091740761534,1.0,54.70336232376576,0.16230005345562304,1.9442794526767102,1.9442794526767102,-1.0984987734536444,1.43083826190923,0.5134411907674803,115.22185583219107,1.0,54.70336232376576,0.16230005345562304,1,1,False,0.9173970711417496,1.9442794526767102,54.70336232376576,0.16230005345562304,59.261982979640045,False,False,False,True,True,False,5.931384889057881,3.98576647498691,4.968374411844707,5.892764474117939,False,0.3197716134506581,29.492077356320806,22.246135253837565,False,0.27188009888285725,1.67264399166379,1.541227052330214,0.3527503810097326,1.0,5.931384889057881,0.0,0.5333390253490204,0,19.43284817566746,53>68>83,1.189663599130654,0,132.82432620847248,5.374859498401555,126.38860493012908,,,,correct_bull,Bull,Bull
trend_method_v2_0,320974,320975,2026-03-10T16:10:24.087163,Neutral,1.0,0.0,regime=NOISE|slope_sum=-0.396159,Bull,70044.49,70193.1,148.61,03/10/2026  04:05:53 PM,03/10/2026  04:10:38 PM,False,False,False,False,False,True,False,False,True,False,False,False,NOISE,Bear,70110.28809065637,70102.73700914801,70112.37841774084,70123.9740998139,70130.67260212995,70132.17313208332,0.937530912742659,-0.07240384585020365,-0.34942079019856465,-0.32375547905212443,-0.1884373179073009,-0.06340227889631933,21.885041426954558,137.10689725914563,231.26956768808304,0.8,-15.214100789395161,0.0,-3.9475512143108062,0.1621490523212179,-0.3961593249023281,0.3961593249023281,-0.35556101477340163,-0.07240384585020365,-0.32375547905212443,21.885041426954558,0.0,-3.9475512143108062,0.1621490523212179,-1,-1,False,0.2513516332019208,0.3961593249023281,3.9475512143108062,0.1621490523212179,55.24302989043676,True,False,False,True,False,True,1.934950624647172,2.361652498104602,-3.996434264410709,-8.964808676255416,True,0.8810109015653664,-9.641408592826338,-39.13348594914714,False,0.65671115595139,1.2869517029412236,-0.38569228872256645,0.9467366386118949,0.8333333333333334,1.934950624647172,-0.16666666666666663,0.14498928152956725,1,8.19903226941824,83>68>53,0.5755950758557447,1,239.70813988310692,2.5785027710895667,-192.52177402765847,,,,neutral_called_bull_truth,Bull,Neutral
trend_method_v2_0,320974,320975,2026-03-10T16:11:22.134455,Bear,1.0,-0.78789029224572,regime=RUN|slope_sum=-0.787890,Bull,70044.49,70193.1,148.61,03/10/2026  04:05:53 PM,03/10/2026  04:10:38 PM,False,True,False,False,True,False,False,True,False,False,False,False,RUN,Bear,70060.46335325127,70085.44907928516,70094.37813714714,70104.8383236252,70113.94075475962,70119.22539919254,-1.695911517537752,-0.44978149537382706,-0.3252039186172624,-0.338108796871893,-0.2707964433611778,-0.16973963218697463,58.762045941271936,36.87700451431738,-100.22989274482825,1.0,-60.99377532786457,1.0,22.357098410328035,0.05287726844669255,-0.78789029224572,0.78789029224572,1.288638463387902,-0.44978149537382706,-0.338108796871893,58.762045941271936,1.0,22.357098410328035,0.05287726844669255,-1,-1,False,0.11167269850193406,0.78789029224572,22.357098410328035,0.05287726844669255,74.58150775507431,False,False,False,True,True,False,3.249541803948887,3.173329741258347,1.3145911793017149,5.311025443712424,False,0.30415327213531146,-8.929057861983893,0.712350730842445,False,0.16074828571934519,1.3707075989204895,0.08375589597926592,0.5547409045800946,1.0,3.249541803948887,0.16666666666666663,0.2921927156921151,0,14.387075567341526,83>68>53,0.7786448724200454,0,268.1465722024004,3.9323390836613017,101.02599937164996,,,,bear_called_bull_truth,Bull,Bear
