variant,flip_score_threshold,alignment_threshold,compression_velocity_min,ratio_threshold,changed_rows_count,new_directional_called,baseline_directional_called,baseline_directional_accuracy,baseline_directional_coverage,baseline_bull_precision,baseline_bear_precision,new_directional_accuracy,new_directional_coverage,new_bull_precision,new_bear_precision,delta_directional_accuracy,delta_directional_coverage,delta_bull_precision,delta_bear_precision
bull_to_neutral,0.12,1.0,,,28,75,103,0.5339805825242718,0.412,0.625,0.425531914893617,0.5066666666666667,0.3,0.6428571428571429,0.425531914893617,-0.02731391585760512,-0.11199999999999999,0.017857142857142905,0.0
bull_to_bear,0.12,1.0,,,28,103,103,0.5339805825242718,0.412,0.625,0.425531914893617,0.47572815533980584,0.412,0.6428571428571429,0.41333333333333333,-0.058252427184465994,0.0,0.017857142857142905,-0.012198581560283694
bull_to_neutral,0.12,1.0,,0.0,26,77,103,0.5339805825242718,0.412,0.625,0.425531914893617,0.5064935064935064,0.308,0.6333333333333333,0.425531914893617,-0.02748707603076539,-0.10399999999999998,0.008333333333333304,0.0
bull_to_bear,0.12,1.0,,0.0,26,103,103,0.5339805825242718,0.412,0.625,0.425531914893617,0.47572815533980584,0.412,0.6333333333333333,0.410958904109589,-0.058252427184465994,0.0,0.008333333333333304,-0.014573010784028007
bull_to_neutral,0.12,1.0,,-0.05,26,77,103,0.5339805825242718,0.412,0.625,0.425531914893617,0.5064935064935064,0.308,0.6333333333333333,0.425531914893617,-0.02748707603076539,-0.10399999999999998,0.008333333333333304,0.0
bull_to_bear,0.12,1.0,,-0.05,26,103,103,0.5339805825242718,0.412,0.625,0.425531914893617,0.47572815533980584,0.412,0.6333333333333333,0.410958904109589,-0.058252427184465994,0.0,0.008333333333333304,-0.014573010784028007
bull_to_neutral,0.12,1.0,,-0.1,26,77,103,0.5339805825242718,0.412,0.625,0.425531914893617,0.5064935064935064,0.308,0.6333333333333333,0.425531914893617,-0.02748707603076539,-0.10399999999999998,0.008333333333333304,0.0
bull_to_bear,0.12,1.0,,-0.1,26,103,103,0.5339805825242718,0.412,0.625,0.425531914893617,0.47572815533980584,0.412,0.6333333333333333,0.410958904109589,-0.058252427184465994,0.0,0.008333333333333304,-0.014573010784028007
bull_to_neutral,0.12,1.0,0.0,,20,83,103,0.5339805825242718,0.412,0.625,0.425531914893617,0.5421686746987951,0.332,0.6944444444444444,0.425531914893617,0.00818809217452332,-0.07999999999999996,0.06944444444444442,0.0
bull_to_bear,0.12,1.0,0.0,,20,103,103,0.5339805825242718,0.412,0.625,0.425531914893617,0.5339805825242718,0.412,0.6944444444444444,0.44776119402985076,0.0,0.0,0.06944444444444442,0.022229279136233737
bull_to_neutral,0.12,1.0,0.0,0.0,20,83,103,0.5339805825242718,0.412,0.625,0.425531914893617,0.5421686746987951,0.332,0.6944444444444444,0.425531914893617,0.00818809217452332,-0.07999999999999996,0.06944444444444442,0.0
bull_to_bear,0.12,1.0,0.0,0.0,20,103,103,0.5339805825242718,0.412,0.625,0.425531914893617,0.5339805825242718,0.412,0.6944444444444444,0.44776119402985076,0.0,0.0,0.06944444444444442,0.022229279136233737
bull_to_neutral,0.12,1.0,0.0,-0.05,20,83,103,0.5339805825242718,0.412,0.625,0.425531914893617,0.5421686746987951,0.332,0.6944444444444444,0.425531914893617,0.00818809217452332,-0.07999999999999996,0.06944444444444442,0.0
bull_to_bear,0.12,1.0,0.0,-0.05,20,103,103,0.5339805825242718,0.412,0.625,0.425531914893617,0.5339805825242718,0.412,0.6944444444444444,0.44776119402985076,0.0,0.0,0.06944444444444442,0.022229279136233737
bull_to_neutral,0.12,1.0,0.0,-0.1,20,83,103,0.5339805825242718,0.412,0.625,0.425531914893617,0.5421686746987951,0.332,0.6944444444444444,0.425531914893617,0.00818809217452332,-0.07999999999999996,0.06944444444444442,0.0
bull_to_bear,0.12,1.0,0.0,-0.1,20,103,103,0.5339805825242718,0.412,0.625,0.425531914893617,0.5339805825242718,0.412,0.6944444444444444,0.44776119402985076,0.0,0.0,0.06944444444444442,0.022229279136233737
bull_to_neutral,0.12,1.0,5.0,,17,86,103,0.5339805825242718,0.412,0.625,0.425531914893617,0.5465116279069767,0.344,0.6923076923076923,0.425531914893617,0.012531045382704886,-0.068,0.06730769230769229,0.0
bull_to_bear,0.12,1.0,5.0,,17,103,103,0.5339805825242718,0.412,0.625,0.425531914893617,0.5436893203883495,0.412,0.6923076923076923,0.453125,0.009708737864077666,0.0,0.06730769230769229,0.027593085106382975
bull_to_neutral,0.12,1.0,5.0,0.0,17,86,103,0.5339805825242718,0.412,0.625,0.425531914893617,0.5465116279069767,0.344,0.6923076923076923,0.425531914893617,0.012531045382704886,-0.068,0.06730769230769229,0.0
bull_to_bear,0.12,1.0,5.0,0.0,17,103,103,0.5339805825242718,0.412,0.625,0.425531914893617,0.5436893203883495,0.412,0.6923076923076923,0.453125,0.009708737864077666,0.0,0.06730769230769229,0.027593085106382975
bull_to_neutral,0.12,1.0,5.0,-0.05,17,86,103,0.5339805825242718,0.412,0.625,0.425531914893617,0.5465116279069767,0.344,0.6923076923076923,0.425531914893617,0.012531045382704886,-0.068,0.06730769230769229,0.0
bull_to_bear,0.12,1.0,5.0,-0.05,17,103,103,0.5339805825242718,0.412,0.625,0.425531914893617,0.5436893203883495,0.412,0.6923076923076923,0.453125,0.009708737864077666,0.0,0.06730769230769229,0.027593085106382975
bull_to_neutral,0.12,1.0,5.0,-0.1,17,86,103,0.5339805825242718,0.412,0.625,0.425531914893617,0.5465116279069767,0.344,0.6923076923076923,0.425531914893617,0.012531045382704886,-0.068,0.06730769230769229,0.0
bull_to_bear,0.12,1.0,5.0,-0.1,17,103,103,0.5339805825242718,0.412,0.625,0.425531914893617,0.5436893203883495,0.412,0.6923076923076923,0.453125,0.009708737864077666,0.0,0.06730769230769229,0.027593085106382975
bull_to_neutral,0.12,1.0,10.0,,14,89,103,0.5339805825242718,0.412,0.625,0.425531914893617,0.550561797752809,0.356,0.6904761904761905,0.425531914893617,0.01658121522853717,-0.055999999999999994,0.06547619047619047,0.0
bull_to_bear,0.12,1.0,10.0,,14,103,103,0.5339805825242718,0.412,0.625,0.425531914893617,0.5533980582524272,0.412,0.6904761904761905,0.45901639344262296,0.01941747572815533,0.0,0.06547619047619047,0.033484478549005936
bull_to_neutral,0.12,1.0,10.0,0.0,14,89,103,0.5339805825242718,0.412,0.625,0.425531914893617,0.550561797752809,0.356,0.6904761904761905,0.425531914893617,0.01658121522853717,-0.055999999999999994,0.06547619047619047,0.0
bull_to_bear,0.12,1.0,10.0,0.0,14,103,103,0.5339805825242718,0.412,0.625,0.425531914893617,0.5533980582524272,0.412,0.6904761904761905,0.45901639344262296,0.01941747572815533,0.0,0.06547619047619047,0.033484478549005936
bull_to_neutral,0.12,1.0,10.0,-0.05,14,89,103,0.5339805825242718,0.412,0.625,0.425531914893617,0.550561797752809,0.356,0.6904761904761905,0.425531914893617,0.01658121522853717,-0.055999999999999994,0.06547619047619047,0.0
bull_to_bear,0.12,1.0,10.0,-0.05,14,103,103,0.5339805825242718,0.412,0.625,0.425531914893617,0.5533980582524272,0.412,0.6904761904761905,0.45901639344262296,0.01941747572815533,0.0,0.06547619047619047,0.033484478549005936
bull_to_neutral,0.12,1.0,10.0,-0.1,14,89,103,0.5339805825242718,0.412,0.625,0.425531914893617,0.550561797752809,0.356,0.6904761904761905,0.425531914893617,0.01658121522853717,-0.055999999999999994,0.06547619047619047,0.0
bull_to_bear,0.12,1.0,10.0,-0.1,14,103,103,0.5339805825242718,0.412,0.625,0.425531914893617,0.5533980582524272,0.412,0.6904761904761905,0.45901639344262296,0.01941747572815533,0.0,0.06547619047619047,0.033484478549005936
bull_to_neutral,0.12,1.0,15.0,,12,91,103,0.5339805825242718,0.412,0.625,0.425531914893617,0.5494505494505495,0.364,0.6818181818181818,0.425531914893617,0.015469966926277667,-0.04799999999999999,0.05681818181818177,0.0
bull_to_bear,0.12,1.0,15.0,,12,103,103,0.5339805825242718,0.412,0.625,0.425531914893617,0.5533980582524272,0.412,0.6818181818181818,0.4576271186440678,0.01941747572815533,0.0,0.05681818181818177,0.032095203750450774
bull_to_neutral,0.12,1.0,15.0,0.0,12,91,103,0.5339805825242718,0.412,0.625,0.425531914893617,0.5494505494505495,0.364,0.6818181818181818,0.425531914893617,0.015469966926277667,-0.04799999999999999,0.05681818181818177,0.0
bull_to_bear,0.12,1.0,15.0,0.0,12,103,103,0.5339805825242718,0.412,0.625,0.425531914893617,0.5533980582524272,0.412,0.6818181818181818,0.4576271186440678,0.01941747572815533,0.0,0.05681818181818177,0.032095203750450774
bull_to_neutral,0.12,1.0,15.0,-0.05,12,91,103,0.5339805825242718,0.412,0.625,0.425531914893617,0.5494505494505495,0.364,0.6818181818181818,0.425531914893617,0.015469966926277667,-0.04799999999999999,0.05681818181818177,0.0
bull_to_bear,0.12,1.0,15.0,-0.05,12,103,103,0.5339805825242718,0.412,0.625,0.425531914893617,0.5533980582524272,0.412,0.6818181818181818,0.4576271186440678,0.01941747572815533,0.0,0.05681818181818177,0.032095203750450774
bull_to_neutral,0.12,1.0,15.0,-0.1,12,91,103,0.5339805825242718,0.412,0.625,0.425531914893617,0.5494505494505495,0.364,0.6818181818181818,0.425531914893617,0.015469966926277667,-0.04799999999999999,0.05681818181818177,0.0
bull_to_bear,0.12,1.0,15.0,-0.1,12,103,103,0.5339805825242718,0.412,0.625,0.425531914893617,0.5533980582524272,0.412,0.6818181818181818,0.4576271186440678,0.01941747572815533,0.0,0.05681818181818177,0.032095203750450774
bull_to_neutral,0.12,0.99,,,0,103,103,0.5339805825242718,0.412,0.625,0.425531914893617,0.5339805825242718,0.412,0.625,0.425531914893617,0.0,0.0,0.0,0.0
bull_to_bear,0.12,0.99,,,0,103,103,0.5339805825242718,0.412,0.625,0.425531914893617,0.5339805825242718,0.412,0.625,0.425531914893617,0.0,0.0,0.0,0.0
bull_to_neutral,0.12,0.99,,0.0,0,103,103,0.5339805825242718,0.412,0.625,0.425531914893617,0.5339805825242718,0.412,0.625,0.425531914893617,0.0,0.0,0.0,0.0
bull_to_bear,0.12,0.99,,0.0,0,103,103,0.5339805825242718,0.412,0.625,0.425531914893617,0.5339805825242718,0.412,0.625,0.425531914893617,0.0,0.0,0.0,0.0
bull_to_neutral,0.12,0.99,,-0.05,0,103,103,0.5339805825242718,0.412,0.625,0.425531914893617,0.5339805825242718,0.412,0.625,0.425531914893617,0.0,0.0,0.0,0.0
bull_to_bear,0.12,0.99,,-0.05,0,103,103,0.5339805825242718,0.412,0.625,0.425531914893617,0.5339805825242718,0.412,0.625,0.425531914893617,0.0,0.0,0.0,0.0
bull_to_neutral,0.12,0.99,,-0.1,0,103,103,0.5339805825242718,0.412,0.625,0.425531914893617,0.5339805825242718,0.412,0.625,0.425531914893617,0.0,0.0,0.0,0.0
bull_to_bear,0.12,0.99,,-0.1,0,103,103,0.5339805825242718,0.412,0.625,0.425531914893617,0.5339805825242718,0.412,0.625,0.425531914893617,0.0,0.0,0.0,0.0
bull_to_neutral,0.12,0.99,0.0,,0,103,103,0.5339805825242718,0.412,0.625,0.425531914893617,0.5339805825242718,0.412,0.625,0.425531914893617,0.0,0.0,0.0,0.0
bull_to_bear,0.12,0.99,0.0,,0,103,103,0.5339805825242718,0.412,0.625,0.425531914893617,0.5339805825242718,0.412,0.625,0.425531914893617,0.0,0.0,0.0,0.0
bull_to_neutral,0.12,0.99,0.0,0.0,0,103,103,0.5339805825242718,0.412,0.625,0.425531914893617,0.5339805825242718,0.412,0.625,0.425531914893617,0.0,0.0,0.0,0.0
bull_to_bear,0.12,0.99,0.0,0.0,0,103,103,0.5339805825242718,0.412,0.625,0.425531914893617,0.5339805825242718,0.412,0.625,0.425531914893617,0.0,0.0,0.0,0.0
bull_to_neutral,0.12,0.99,0.0,-0.05,0,103,103,0.5339805825242718,0.412,0.625,0.425531914893617,0.5339805825242718,0.412,0.625,0.425531914893617,0.0,0.0,0.0,0.0
bull_to_bear,0.12,0.99,0.0,-0.05,0,103,103,0.5339805825242718,0.412,0.625,0.425531914893617,0.5339805825242718,0.412,0.625,0.425531914893617,0.0,0.0,0.0,0.0
bull_to_neutral,0.12,0.99,0.0,-0.1,0,103,103,0.5339805825242718,0.412,0.625,0.425531914893617,0.5339805825242718,0.412,0.625,0.425531914893617,0.0,0.0,0.0,0.0
bull_to_bear,0.12,0.99,0.0,-0.1,0,103,103,0.5339805825242718,0.412,0.625,0.425531914893617,0.5339805825242718,0.412,0.625,0.425531914893617,0.0,0.0,0.0,0.0
bull_to_neutral,0.12,0.99,5.0,,0,103,103,0.5339805825242718,0.412,0.625,0.425531914893617,0.5339805825242718,0.412,0.625,0.425531914893617,0.0,0.0,0.0,0.0
bull_to_bear,0.12,0.99,5.0,,0,103,103,0.5339805825242718,0.412,0.625,0.425531914893617,0.5339805825242718,0.412,0.625,0.425531914893617,0.0,0.0,0.0,0.0
bull_to_neutral,0.12,0.99,5.0,0.0,0,103,103,0.5339805825242718,0.412,0.625,0.425531914893617,0.5339805825242718,0.412,0.625,0.425531914893617,0.0,0.0,0.0,0.0
bull_to_bear,0.12,0.99,5.0,0.0,0,103,103,0.5339805825242718,0.412,0.625,0.425531914893617,0.5339805825242718,0.412,0.625,0.425531914893617,0.0,0.0,0.0,0.0
bull_to_neutral,0.12,0.99,5.0,-0.05,0,103,103,0.5339805825242718,0.412,0.625,0.425531914893617,0.5339805825242718,0.412,0.625,0.425531914893617,0.0,0.0,0.0,0.0
bull_to_bear,0.12,0.99,5.0,-0.05,0,103,103,0.5339805825242718,0.412,0.625,0.425531914893617,0.5339805825242718,0.412,0.625,0.425531914893617,0.0,0.0,0.0,0.0
bull_to_neutral,0.12,0.99,5.0,-0.1,0,103,103,0.5339805825242718,0.412,0.625,0.425531914893617,0.5339805825242718,0.412,0.625,0.425531914893617,0.0,0.0,0.0,0.0
bull_to_bear,0.12,0.99,5.0,-0.1,0,103,103,0.5339805825242718,0.412,0.625,0.425531914893617,0.5339805825242718,0.412,0.625,0.425531914893617,0.0,0.0,0.0,0.0
bull_to_neutral,0.12,0.99,10.0,,0,103,103,0.5339805825242718,0.412,0.625,0.425531914893617,0.5339805825242718,0.412,0.625,0.425531914893617,0.0,0.0,0.0,0.0
bull_to_bear,0.12,0.99,10.0,,0,103,103,0.5339805825242718,0.412,0.625,0.425531914893617,0.5339805825242718,0.412,0.625,0.425531914893617,0.0,0.0,0.0,0.0
bull_to_neutral,0.12,0.99,10.0,0.0,0,103,103,0.5339805825242718,0.412,0.625,0.425531914893617,0.5339805825242718,0.412,0.625,0.425531914893617,0.0,0.0,0.0,0.0
bull_to_bear,0.12,0.99,10.0,0.0,0,103,103,0.5339805825242718,0.412,0.625,0.425531914893617,0.5339805825242718,0.412,0.625,0.425531914893617,0.0,0.0,0.0,0.0
bull_to_neutral,0.12,0.99,10.0,-0.05,0,103,103,0.5339805825242718,0.412,0.625,0.425531914893617,0.5339805825242718,0.412,0.625,0.425531914893617,0.0,0.0,0.0,0.0
bull_to_bear,0.12,0.99,10.0,-0.05,0,103,103,0.5339805825242718,0.412,0.625,0.425531914893617,0.5339805825242718,0.412,0.625,0.425531914893617,0.0,0.0,0.0,0.0
bull_to_neutral,0.12,0.99,10.0,-0.1,0,103,103,0.5339805825242718,0.412,0.625,0.425531914893617,0.5339805825242718,0.412,0.625,0.425531914893617,0.0,0.0,0.0,0.0
bull_to_bear,0.12,0.99,10.0,-0.1,0,103,103,0.5339805825242718,0.412,0.625,0.425531914893617,0.5339805825242718,0.412,0.625,0.425531914893617,0.0,0.0,0.0,0.0
bull_to_neutral,0.12,0.99,15.0,,0,103,103,0.5339805825242718,0.412,0.625,0.425531914893617,0.5339805825242718,0.412,0.625,0.425531914893617,0.0,0.0,0.0,0.0
bull_to_bear,0.12,0.99,15.0,,0,103,103,0.5339805825242718,0.412,0.625,0.425531914893617,0.5339805825242718,0.412,0.625,0.425531914893617,0.0,0.0,0.0,0.0
bull_to_neutral,0.12,0.99,15.0,0.0,0,103,103,0.5339805825242718,0.412,0.625,0.425531914893617,0.5339805825242718,0.412,0.625,0.425531914893617,0.0,0.0,0.0,0.0
bull_to_bear,0.12,0.99,15.0,0.0,0,103,103,0.5339805825242718,0.412,0.625,0.425531914893617,0.5339805825242718,0.412,0.625,0.425531914893617,0.0,0.0,0.0,0.0
bull_to_neutral,0.12,0.99,15.0,-0.05,0,103,103,0.5339805825242718,0.412,0.625,0.425531914893617,0.5339805825242718,0.412,0.625,0.425531914893617,0.0,0.0,0.0,0.0
bull_to_bear,0.12,0.99,15.0,-0.05,0,103,103,0.5339805825242718,0.412,0.625,0.425531914893617,0.5339805825242718,0.412,0.625,0.425531914893617,0.0,0.0,0.0,0.0
bull_to_neutral,0.12,0.99,15.0,-0.1,0,103,103,0.5339805825242718,0.412,0.625,0.425531914893617,0.5339805825242718,0.412,0.625,0.425531914893617,0.0,0.0,0.0,0.0
bull_to_bear,0.12,0.99,15.0,-0.1,0,103,103,0.5339805825242718,0.412,0.625,0.425531914893617,0.5339805825242718,0.412,0.625,0.425531914893617,0.0,0.0,0.0,0.0
bull_to_neutral,0.12,0.98,,,0,103,103,0.5339805825242718,0.412,0.625,0.425531914893617,0.5339805825242718,0.412,0.625,0.425531914893617,0.0,0.0,0.0,0.0
bull_to_bear,0.12,0.98,,,0,103,103,0.5339805825242718,0.412,0.625,0.425531914893617,0.5339805825242718,0.412,0.625,0.425531914893617,0.0,0.0,0.0,0.0
bull_to_neutral,0.12,0.98,,0.0,0,103,103,0.5339805825242718,0.412,0.625,0.425531914893617,0.5339805825242718,0.412,0.625,0.425531914893617,0.0,0.0,0.0,0.0
bull_to_bear,0.12,0.98,,0.0,0,103,103,0.5339805825242718,0.412,0.625,0.425531914893617,0.5339805825242718,0.412,0.625,0.425531914893617,0.0,0.0,0.0,0.0
bull_to_neutral,0.12,0.98,,-0.05,0,103,103,0.5339805825242718,0.412,0.625,0.425531914893617,0.5339805825242718,0.412,0.625,0.425531914893617,0.0,0.0,0.0,0.0
bull_to_bear,0.12,0.98,,-0.05,0,103,103,0.5339805825242718,0.412,0.625,0.425531914893617,0.5339805825242718,0.412,0.625,0.425531914893617,0.0,0.0,0.0,0.0
bull_to_neutral,0.12,0.98,,-0.1,0,103,103,0.5339805825242718,0.412,0.625,0.425531914893617,0.5339805825242718,0.412,0.625,0.425531914893617,0.0,0.0,0.0,0.0
bull_to_bear,0.12,0.98,,-0.1,0,103,103,0.5339805825242718,0.412,0.625,0.425531914893617,0.5339805825242718,0.412,0.625,0.425531914893617,0.0,0.0,0.0,0.0
bull_to_neutral,0.12,0.98,0.0,,0,103,103,0.5339805825242718,0.412,0.625,0.425531914893617,0.5339805825242718,0.412,0.625,0.425531914893617,0.0,0.0,0.0,0.0
bull_to_bear,0.12,0.98,0.0,,0,103,103,0.5339805825242718,0.412,0.625,0.425531914893617,0.5339805825242718,0.412,0.625,0.425531914893617,0.0,0.0,0.0,0.0
bull_to_neutral,0.12,0.98,0.0,0.0,0,103,103,0.5339805825242718,0.412,0.625,0.425531914893617,0.5339805825242718,0.412,0.625,0.425531914893617,0.0,0.0,0.0,0.0
bull_to_bear,0.12,0.98,0.0,0.0,0,103,103,0.5339805825242718,0.412,0.625,0.425531914893617,0.5339805825242718,0.412,0.625,0.425531914893617,0.0,0.0,0.0,0.0
bull_to_neutral,0.12,0.98,0.0,-0.05,0,103,103,0.5339805825242718,0.412,0.625,0.425531914893617,0.5339805825242718,0.412,0.625,0.425531914893617,0.0,0.0,0.0,0.0
bull_to_bear,0.12,0.98,0.0,-0.05,0,103,103,0.5339805825242718,0.412,0.625,0.425531914893617,0.5339805825242718,0.412,0.625,0.425531914893617,0.0,0.0,0.0,0.0
bull_to_neutral,0.12,0.98,0.0,-0.1,0,103,103,0.5339805825242718,0.412,0.625,0.425531914893617,0.5339805825242718,0.412,0.625,0.425531914893617,0.0,0.0,0.0,0.0
bull_to_bear,0.12,0.98,0.0,-0.1,0,103,103,0.5339805825242718,0.412,0.625,0.425531914893617,0.5339805825242718,0.412,0.625,0.425531914893617,0.0,0.0,0.0,0.0
bull_to_neutral,0.12,0.98,5.0,,0,103,103,0.5339805825242718,0.412,0.625,0.425531914893617,0.5339805825242718,0.412,0.625,0.425531914893617,0.0,0.0,0.0,0.0
bull_to_bear,0.12,0.98,5.0,,0,103,103,0.5339805825242718,0.412,0.625,0.425531914893617,0.5339805825242718,0.412,0.625,0.425531914893617,0.0,0.0,0.0,0.0
bull_to_neutral,0.12,0.98,5.0,0.0,0,103,103,0.5339805825242718,0.412,0.625,0.425531914893617,0.5339805825242718,0.412,0.625,0.425531914893617,0.0,0.0,0.0,0.0
bull_to_bear,0.12,0.98,5.0,0.0,0,103,103,0.5339805825242718,0.412,0.625,0.425531914893617,0.5339805825242718,0.412,0.625,0.425531914893617,0.0,0.0,0.0,0.0
bull_to_neutral,0.12,0.98,5.0,-0.05,0,103,103,0.5339805825242718,0.412,0.625,0.425531914893617,0.5339805825242718,0.412,0.625,0.425531914893617,0.0,0.0,0.0,0.0
bull_to_bear,0.12,0.98,5.0,-0.05,0,103,103,0.5339805825242718,0.412,0.625,0.425531914893617,0.5339805825242718,0.412,0.625,0.425531914893617,0.0,0.0,0.0,0.0
bull_to_neutral,0.12,0.98,5.0,-0.1,0,103,103,0.5339805825242718,0.412,0.625,0.425531914893617,0.5339805825242718,0.412,0.625,0.425531914893617,0.0,0.0,0.0,0.0
bull_to_bear,0.12,0.98,5.0,-0.1,0,103,103,0.5339805825242718,0.412,0.625,0.425531914893617,0.5339805825242718,0.412,0.625,0.425531914893617,0.0,0.0,0.0,0.0
bull_to_neutral,0.12,0.98,10.0,,0,103,103,0.5339805825242718,0.412,0.625,0.425531914893617,0.5339805825242718,0.412,0.625,0.425531914893617,0.0,0.0,0.0,0.0
bull_to_bear,0.12,0.98,10.0,,0,103,103,0.5339805825242718,0.412,0.625,0.425531914893617,0.5339805825242718,0.412,0.625,0.425531914893617,0.0,0.0,0.0,0.0
bull_to_neutral,0.12,0.98,10.0,0.0,0,103,103,0.5339805825242718,0.412,0.625,0.425531914893617,0.5339805825242718,0.412,0.625,0.425531914893617,0.0,0.0,0.0,0.0
bull_to_bear,0.12,0.98,10.0,0.0,0,103,103,0.5339805825242718,0.412,0.625,0.425531914893617,0.5339805825242718,0.412,0.625,0.425531914893617,0.0,0.0,0.0,0.0
bull_to_neutral,0.12,0.98,10.0,-0.05,0,103,103,0.5339805825242718,0.412,0.625,0.425531914893617,0.5339805825242718,0.412,0.625,0.425531914893617,0.0,0.0,0.0,0.0
bull_to_bear,0.12,0.98,10.0,-0.05,0,103,103,0.5339805825242718,0.412,0.625,0.425531914893617,0.5339805825242718,0.412,0.625,0.425531914893617,0.0,0.0,0.0,0.0
bull_to_neutral,0.12,0.98,10.0,-0.1,0,103,103,0.5339805825242718,0.412,0.625,0.425531914893617,0.5339805825242718,0.412,0.625,0.425531914893617,0.0,0.0,0.0,0.0
bull_to_bear,0.12,0.98,10.0,-0.1,0,103,103,0.5339805825242718,0.412,0.625,0.425531914893617,0.5339805825242718,0.412,0.625,0.425531914893617,0.0,0.0,0.0,0.0
bull_to_neutral,0.12,0.98,15.0,,0,103,103,0.5339805825242718,0.412,0.625,0.425531914893617,0.5339805825242718,0.412,0.625,0.425531914893617,0.0,0.0,0.0,0.0
bull_to_bear,0.12,0.98,15.0,,0,103,103,0.5339805825242718,0.412,0.625,0.425531914893617,0.5339805825242718,0.412,0.625,0.425531914893617,0.0,0.0,0.0,0.0
bull_to_neutral,0.12,0.98,15.0,0.0,0,103,103,0.5339805825242718,0.412,0.625,0.425531914893617,0.5339805825242718,0.412,0.625,0.425531914893617,0.0,0.0,0.0,0.0
bull_to_bear,0.12,0.98,15.0,0.0,0,103,103,0.5339805825242718,0.412,0.625,0.425531914893617,0.5339805825242718,0.412,0.625,0.425531914893617,0.0,0.0,0.0,0.0
bull_to_neutral,0.12,0.98,15.0,-0.05,0,103,103,0.5339805825242718,0.412,0.625,0.425531914893617,0.5339805825242718,0.412,0.625,0.425531914893617,0.0,0.0,0.0,0.0
bull_to_bear,0.12,0.98,15.0,-0.05,0,103,103,0.5339805825242718,0.412,0.625,0.425531914893617,0.5339805825242718,0.412,0.625,0.425531914893617,0.0,0.0,0.0,0.0
bull_to_neutral,0.12,0.98,15.0,-0.1,0,103,103,0.5339805825242718,0.412,0.625,0.425531914893617,0.5339805825242718,0.412,0.625,0.425531914893617,0.0,0.0,0.0,0.0
bull_to_bear,0.12,0.98,15.0,-0.1,0,103,103,0.5339805825242718,0.412,0.625,0.425531914893617,0.5339805825242718,0.412,0.625,0.425531914893617,0.0,0.0,0.0,0.0
bull_to_neutral,0.12,0.97,,,0,103,103,0.5339805825242718,0.412,0.625,0.425531914893617,0.5339805825242718,0.412,0.625,0.425531914893617,0.0,0.0,0.0,0.0
bull_to_bear,0.12,0.97,,,0,103,103,0.5339805825242718,0.412,0.625,0.425531914893617,0.5339805825242718,0.412,0.625,0.425531914893617,0.0,0.0,0.0,0.0
bull_to_neutral,0.12,0.97,,0.0,0,103,103,0.5339805825242718,0.412,0.625,0.425531914893617,0.5339805825242718,0.412,0.625,0.425531914893617,0.0,0.0,0.0,0.0
bull_to_bear,0.12,0.97,,0.0,0,103,103,0.5339805825242718,0.412,0.625,0.425531914893617,0.5339805825242718,0.412,0.625,0.425531914893617,0.0,0.0,0.0,0.0
bull_to_neutral,0.12,0.97,,-0.05,0,103,103,0.5339805825242718,0.412,0.625,0.425531914893617,0.5339805825242718,0.412,0.625,0.425531914893617,0.0,0.0,0.0,0.0
bull_to_bear,0.12,0.97,,-0.05,0,103,103,0.5339805825242718,0.412,0.625,0.425531914893617,0.5339805825242718,0.412,0.625,0.425531914893617,0.0,0.0,0.0,0.0
bull_to_neutral,0.12,0.97,,-0.1,0,103,103,0.5339805825242718,0.412,0.625,0.425531914893617,0.5339805825242718,0.412,0.625,0.425531914893617,0.0,0.0,0.0,0.0
bull_to_bear,0.12,0.97,,-0.1,0,103,103,0.5339805825242718,0.412,0.625,0.425531914893617,0.5339805825242718,0.412,0.625,0.425531914893617,0.0,0.0,0.0,0.0
bull_to_neutral,0.12,0.97,0.0,,0,103,103,0.5339805825242718,0.412,0.625,0.425531914893617,0.5339805825242718,0.412,0.625,0.425531914893617,0.0,0.0,0.0,0.0
bull_to_bear,0.12,0.97,0.0,,0,103,103,0.5339805825242718,0.412,0.625,0.425531914893617,0.5339805825242718,0.412,0.625,0.425531914893617,0.0,0.0,0.0,0.0
bull_to_neutral,0.12,0.97,0.0,0.0,0,103,103,0.5339805825242718,0.412,0.625,0.425531914893617,0.5339805825242718,0.412,0.625,0.425531914893617,0.0,0.0,0.0,0.0
bull_to_bear,0.12,0.97,0.0,0.0,0,103,103,0.5339805825242718,0.412,0.625,0.425531914893617,0.5339805825242718,0.412,0.625,0.425531914893617,0.0,0.0,0.0,0.0
bull_to_neutral,0.12,0.97,0.0,-0.05,0,103,103,0.5339805825242718,0.412,0.625,0.425531914893617,0.5339805825242718,0.412,0.625,0.425531914893617,0.0,0.0,0.0,0.0
bull_to_bear,0.12,0.97,0.0,-0.05,0,103,103,0.5339805825242718,0.412,0.625,0.425531914893617,0.5339805825242718,0.412,0.625,0.425531914893617,0.0,0.0,0.0,0.0
bull_to_neutral,0.12,0.97,0.0,-0.1,0,103,103,0.5339805825242718,0.412,0.625,0.425531914893617,0.5339805825242718,0.412,0.625,0.425531914893617,0.0,0.0,0.0,0.0
bull_to_bear,0.12,0.97,0.0,-0.1,0,103,103,0.5339805825242718,0.412,0.625,0.425531914893617,0.5339805825242718,0.412,0.625,0.425531914893617,0.0,0.0,0.0,0.0
bull_to_neutral,0.12,0.97,5.0,,0,103,103,0.5339805825242718,0.412,0.625,0.425531914893617,0.5339805825242718,0.412,0.625,0.425531914893617,0.0,0.0,0.0,0.0
bull_to_bear,0.12,0.97,5.0,,0,103,103,0.5339805825242718,0.412,0.625,0.425531914893617,0.5339805825242718,0.412,0.625,0.425531914893617,0.0,0.0,0.0,0.0
bull_to_neutral,0.12,0.97,5.0,0.0,0,103,103,0.5339805825242718,0.412,0.625,0.425531914893617,0.5339805825242718,0.412,0.625,0.425531914893617,0.0,0.0,0.0,0.0
bull_to_bear,0.12,0.97,5.0,0.0,0,103,103,0.5339805825242718,0.412,0.625,0.425531914893617,0.5339805825242718,0.412,0.625,0.425531914893617,0.0,0.0,0.0,0.0
bull_to_neutral,0.12,0.97,5.0,-0.05,0,103,103,0.5339805825242718,0.412,0.625,0.425531914893617,0.5339805825242718,0.412,0.625,0.425531914893617,0.0,0.0,0.0,0.0
bull_to_bear,0.12,0.97,5.0,-0.05,0,103,103,0.5339805825242718,0.412,0.625,0.425531914893617,0.5339805825242718,0.412,0.625,0.425531914893617,0.0,0.0,0.0,0.0
bull_to_neutral,0.12,0.97,5.0,-0.1,0,103,103,0.5339805825242718,0.412,0.625,0.425531914893617,0.5339805825242718,0.412,0.625,0.425531914893617,0.0,0.0,0.0,0.0
bull_to_bear,0.12,0.97,5.0,-0.1,0,103,103,0.5339805825242718,0.412,0.625,0.425531914893617,0.5339805825242718,0.412,0.625,0.425531914893617,0.0,0.0,0.0,0.0
bull_to_neutral,0.12,0.97,10.0,,0,103,103,0.5339805825242718,0.412,0.625,0.425531914893617,0.5339805825242718,0.412,0.625,0.425531914893617,0.0,0.0,0.0,0.0
bull_to_bear,0.12,0.97,10.0,,0,103,103,0.5339805825242718,0.412,0.625,0.425531914893617,0.5339805825242718,0.412,0.625,0.425531914893617,0.0,0.0,0.0,0.0
bull_to_neutral,0.12,0.97,10.0,0.0,0,103,103,0.5339805825242718,0.412,0.625,0.425531914893617,0.5339805825242718,0.412,0.625,0.425531914893617,0.0,0.0,0.0,0.0
bull_to_bear,0.12,0.97,10.0,0.0,0,103,103,0.5339805825242718,0.412,0.625,0.425531914893617,0.5339805825242718,0.412,0.625,0.425531914893617,0.0,0.0,0.0,0.0
bull_to_neutral,0.12,0.97,10.0,-0.05,0,103,103,0.5339805825242718,0.412,0.625,0.425531914893617,0.5339805825242718,0.412,0.625,0.425531914893617,0.0,0.0,0.0,0.0
bull_to_bear,0.12,0.97,10.0,-0.05,0,103,103,0.5339805825242718,0.412,0.625,0.425531914893617,0.5339805825242718,0.412,0.625,0.425531914893617,0.0,0.0,0.0,0.0
bull_to_neutral,0.12,0.97,10.0,-0.1,0,103,103,0.5339805825242718,0.412,0.625,0.425531914893617,0.5339805825242718,0.412,0.625,0.425531914893617,0.0,0.0,0.0,0.0
bull_to_bear,0.12,0.97,10.0,-0.1,0,103,103,0.5339805825242718,0.412,0.625,0.425531914893617,0.5339805825242718,0.412,0.625,0.425531914893617,0.0,0.0,0.0,0.0
bull_to_neutral,0.12,0.97,15.0,,0,103,103,0.5339805825242718,0.412,0.625,0.425531914893617,0.5339805825242718,0.412,0.625,0.425531914893617,0.0,0.0,0.0,0.0
bull_to_bear,0.12,0.97,15.0,,0,103,103,0.5339805825242718,0.412,0.625,0.425531914893617,0.5339805825242718,0.412,0.625,0.425531914893617,0.0,0.0,0.0,0.0
bull_to_neutral,0.12,0.97,15.0,0.0,0,103,103,0.5339805825242718,0.412,0.625,0.425531914893617,0.5339805825242718,0.412,0.625,0.425531914893617,0.0,0.0,0.0,0.0
bull_to_bear,0.12,0.97,15.0,0.0,0,103,103,0.5339805825242718,0.412,0.625,0.425531914893617,0.5339805825242718,0.412,0.625,0.425531914893617,0.0,0.0,0.0,0.0
bull_to_neutral,0.12,0.97,15.0,-0.05,0,103,103,0.5339805825242718,0.412,0.625,0.425531914893617,0.5339805825242718,0.412,0.625,0.425531914893617,0.0,0.0,0.0,0.0
bull_to_bear,0.12,0.97,15.0,-0.05,0,103,103,0.5339805825242718,0.412,0.625,0.425531914893617,0.5339805825242718,0.412,0.625,0.425531914893617,0.0,0.0,0.0,0.0
bull_to_neutral,0.12,0.97,15.0,-0.1,0,103,103,0.5339805825242718,0.412,0.625,0.425531914893617,0.5339805825242718,0.412,0.625,0.425531914893617,0.0,0.0,0.0,0.0
bull_to_bear,0.12,0.97,15.0,-0.1,0,103,103,0.5339805825242718,0.412,0.625,0.425531914893617,0.5339805825242718,0.412,0.625,0.425531914893617,0.0,0.0,0.0,0.0
bull_to_neutral,0.12,0.95,,,0,103,103,0.5339805825242718,0.412,0.625,0.425531914893617,0.5339805825242718,0.412,0.625,0.425531914893617,0.0,0.0,0.0,0.0
bull_to_bear,0.12,0.95,,,0,103,103,0.5339805825242718,0.412,0.625,0.425531914893617,0.5339805825242718,0.412,0.625,0.425531914893617,0.0,0.0,0.0,0.0
bull_to_neutral,0.12,0.95,,0.0,0,103,103,0.5339805825242718,0.412,0.625,0.425531914893617,0.5339805825242718,0.412,0.625,0.425531914893617,0.0,0.0,0.0,0.0
bull_to_bear,0.12,0.95,,0.0,0,103,103,0.5339805825242718,0.412,0.625,0.425531914893617,0.5339805825242718,0.412,0.625,0.425531914893617,0.0,0.0,0.0,0.0
bull_to_neutral,0.12,0.95,,-0.05,0,103,103,0.5339805825242718,0.412,0.625,0.425531914893617,0.5339805825242718,0.412,0.625,0.425531914893617,0.0,0.0,0.0,0.0
bull_to_bear,0.12,0.95,,-0.05,0,103,103,0.5339805825242718,0.412,0.625,0.425531914893617,0.5339805825242718,0.412,0.625,0.425531914893617,0.0,0.0,0.0,0.0
bull_to_neutral,0.12,0.95,,-0.1,0,103,103,0.5339805825242718,0.412,0.625,0.425531914893617,0.5339805825242718,0.412,0.625,0.425531914893617,0.0,0.0,0.0,0.0
bull_to_bear,0.12,0.95,,-0.1,0,103,103,0.5339805825242718,0.412,0.625,0.425531914893617,0.5339805825242718,0.412,0.625,0.425531914893617,0.0,0.0,0.0,0.0
bull_to_neutral,0.12,0.95,0.0,,0,103,103,0.5339805825242718,0.412,0.625,0.425531914893617,0.5339805825242718,0.412,0.625,0.425531914893617,0.0,0.0,0.0,0.0
bull_to_bear,0.12,0.95,0.0,,0,103,103,0.5339805825242718,0.412,0.625,0.425531914893617,0.5339805825242718,0.412,0.625,0.425531914893617,0.0,0.0,0.0,0.0
bull_to_neutral,0.12,0.95,0.0,0.0,0,103,103,0.5339805825242718,0.412,0.625,0.425531914893617,0.5339805825242718,0.412,0.625,0.425531914893617,0.0,0.0,0.0,0.0
bull_to_bear,0.12,0.95,0.0,0.0,0,103,103,0.5339805825242718,0.412,0.625,0.425531914893617,0.5339805825242718,0.412,0.625,0.425531914893617,0.0,0.0,0.0,0.0
bull_to_neutral,0.12,0.95,0.0,-0.05,0,103,103,0.5339805825242718,0.412,0.625,0.425531914893617,0.5339805825242718,0.412,0.625,0.425531914893617,0.0,0.0,0.0,0.0
bull_to_bear,0.12,0.95,0.0,-0.05,0,103,103,0.5339805825242718,0.412,0.625,0.425531914893617,0.5339805825242718,0.412,0.625,0.425531914893617,0.0,0.0,0.0,0.0
bull_to_neutral,0.12,0.95,0.0,-0.1,0,103,103,0.5339805825242718,0.412,0.625,0.425531914893617,0.5339805825242718,0.412,0.625,0.425531914893617,0.0,0.0,0.0,0.0
bull_to_bear,0.12,0.95,0.0,-0.1,0,103,103,0.5339805825242718,0.412,0.625,0.425531914893617,0.5339805825242718,0.412,0.625,0.425531914893617,0.0,0.0,0.0,0.0
bull_to_neutral,0.12,0.95,5.0,,0,103,103,0.5339805825242718,0.412,0.625,0.425531914893617,0.5339805825242718,0.412,0.625,0.425531914893617,0.0,0.0,0.0,0.0
bull_to_bear,0.12,0.95,5.0,,0,103,103,0.5339805825242718,0.412,0.625,0.425531914893617,0.5339805825242718,0.412,0.625,0.425531914893617,0.0,0.0,0.0,0.0
bull_to_neutral,0.12,0.95,5.0,0.0,0,103,103,0.5339805825242718,0.412,0.625,0.425531914893617,0.5339805825242718,0.412,0.625,0.425531914893617,0.0,0.0,0.0,0.0
bull_to_bear,0.12,0.95,5.0,0.0,0,103,103,0.5339805825242718,0.412,0.625,0.425531914893617,0.5339805825242718,0.412,0.625,0.425531914893617,0.0,0.0,0.0,0.0
bull_to_neutral,0.12,0.95,5.0,-0.05,0,103,103,0.5339805825242718,0.412,0.625,0.425531914893617,0.5339805825242718,0.412,0.625,0.425531914893617,0.0,0.0,0.0,0.0
bull_to_bear,0.12,0.95,5.0,-0.05,0,103,103,0.5339805825242718,0.412,0.625,0.425531914893617,0.5339805825242718,0.412,0.625,0.425531914893617,0.0,0.0,0.0,0.0
bull_to_neutral,0.12,0.95,5.0,-0.1,0,103,103,0.5339805825242718,0.412,0.625,0.425531914893617,0.5339805825242718,0.412,0.625,0.425531914893617,0.0,0.0,0.0,0.0
bull_to_bear,0.12,0.95,5.0,-0.1,0,103,103,0.5339805825242718,0.412,0.625,0.425531914893617,0.5339805825242718,0.412,0.625,0.425531914893617,0.0,0.0,0.0,0.0
bull_to_neutral,0.12,0.95,10.0,,0,103,103,0.5339805825242718,0.412,0.625,0.425531914893617,0.5339805825242718,0.412,0.625,0.425531914893617,0.0,0.0,0.0,0.0
bull_to_bear,0.12,0.95,10.0,,0,103,103,0.5339805825242718,0.412,0.625,0.425531914893617,0.5339805825242718,0.412,0.625,0.425531914893617,0.0,0.0,0.0,0.0
bull_to_neutral,0.12,0.95,10.0,0.0,0,103,103,0.5339805825242718,0.412,0.625,0.425531914893617,0.5339805825242718,0.412,0.625,0.425531914893617,0.0,0.0,0.0,0.0
bull_to_bear,0.12,0.95,10.0,0.0,0,103,103,0.5339805825242718,0.412,0.625,0.425531914893617,0.5339805825242718,0.412,0.625,0.425531914893617,0.0,0.0,0.0,0.0
bull_to_neutral,0.12,0.95,10.0,-0.05,0,103,103,0.5339805825242718,0.412,0.625,0.425531914893617,0.5339805825242718,0.412,0.625,0.425531914893617,0.0,0.0,0.0,0.0
bull_to_bear,0.12,0.95,10.0,-0.05,0,103,103,0.5339805825242718,0.412,0.625,0.425531914893617,0.5339805825242718,0.412,0.625,0.425531914893617,0.0,0.0,0.0,0.0
bull_to_neutral,0.12,0.95,10.0,-0.1,0,103,103,0.5339805825242718,0.412,0.625,0.425531914893617,0.5339805825242718,0.412,0.625,0.425531914893617,0.0,0.0,0.0,0.0
bull_to_bear,0.12,0.95,10.0,-0.1,0,103,103,0.5339805825242718,0.412,0.625,0.425531914893617,0.5339805825242718,0.412,0.625,0.425531914893617,0.0,0.0,0.0,0.0
bull_to_neutral,0.12,0.95,15.0,,0,103,103,0.5339805825242718,0.412,0.625,0.425531914893617,0.5339805825242718,0.412,0.625,0.425531914893617,0.0,0.0,0.0,0.0
bull_to_bear,0.12,0.95,15.0,,0,103,103,0.5339805825242718,0.412,0.625,0.425531914893617,0.5339805825242718,0.412,0.625,0.425531914893617,0.0,0.0,0.0,0.0
bull_to_neutral,0.12,0.95,15.0,0.0,0,103,103,0.5339805825242718,0.412,0.625,0.425531914893617,0.5339805825242718,0.412,0.625,0.425531914893617,0.0,0.0,0.0,0.0
bull_to_bear,0.12,0.95,15.0,0.0,0,103,103,0.5339805825242718,0.412,0.625,0.425531914893617,0.5339805825242718,0.412,0.625,0.425531914893617,0.0,0.0,0.0,0.0
bull_to_neutral,0.12,0.95,15.0,-0.05,0,103,103,0.5339805825242718,0.412,0.625,0.425531914893617,0.5339805825242718,0.412,0.625,0.425531914893617,0.0,0.0,0.0,0.0
bull_to_bear,0.12,0.95,15.0,-0.05,0,103,103,0.5339805825242718,0.412,0.625,0.425531914893617,0.5339805825242718,0.412,0.625,0.425531914893617,0.0,0.0,0.0,0.0
bull_to_neutral,0.12,0.95,15.0,-0.1,0,103,103,0.5339805825242718,0.412,0.625,0.425531914893617,0.5339805825242718,0.412,0.625,0.425531914893617,0.0,0.0,0.0,0.0
bull_to_bear,0.12,0.95,15.0,-0.1,0,103,103,0.5339805825242718,0.412,0.625,0.425531914893617,0.5339805825242718,0.412,0.625,0.425531914893617,0.0,0.0,0.0,0.0
bull_to_neutral,0.12,0.93,,,0,103,103,0.5339805825242718,0.412,0.625,0.425531914893617,0.5339805825242718,0.412,0.625,0.425531914893617,0.0,0.0,0.0,0.0
bull_to_bear,0.12,0.93,,,0,103,103,0.5339805825242718,0.412,0.625,0.425531914893617,0.5339805825242718,0.412,0.625,0.425531914893617,0.0,0.0,0.0,0.0
bull_to_neutral,0.12,0.93,,0.0,0,103,103,0.5339805825242718,0.412,0.625,0.425531914893617,0.5339805825242718,0.412,0.625,0.425531914893617,0.0,0.0,0.0,0.0
bull_to_bear,0.12,0.93,,0.0,0,103,103,0.5339805825242718,0.412,0.625,0.425531914893617,0.5339805825242718,0.412,0.625,0.425531914893617,0.0,0.0,0.0,0.0
bull_to_neutral,0.12,0.93,,-0.05,0,103,103,0.5339805825242718,0.412,0.625,0.425531914893617,0.5339805825242718,0.412,0.625,0.425531914893617,0.0,0.0,0.0,0.0
bull_to_bear,0.12,0.93,,-0.05,0,103,103,0.5339805825242718,0.412,0.625,0.425531914893617,0.5339805825242718,0.412,0.625,0.425531914893617,0.0,0.0,0.0,0.0
bull_to_neutral,0.12,0.93,,-0.1,0,103,103,0.5339805825242718,0.412,0.625,0.425531914893617,0.5339805825242718,0.412,0.625,0.425531914893617,0.0,0.0,0.0,0.0
bull_to_bear,0.12,0.93,,-0.1,0,103,103,0.5339805825242718,0.412,0.625,0.425531914893617,0.5339805825242718,0.412,0.625,0.425531914893617,0.0,0.0,0.0,0.0
bull_to_neutral,0.12,0.93,0.0,,0,103,103,0.5339805825242718,0.412,0.625,0.425531914893617,0.5339805825242718,0.412,0.625,0.425531914893617,0.0,0.0,0.0,0.0
bull_to_bear,0.12,0.93,0.0,,0,103,103,0.5339805825242718,0.412,0.625,0.425531914893617,0.5339805825242718,0.412,0.625,0.425531914893617,0.0,0.0,0.0,0.0
bull_to_neutral,0.12,0.93,0.0,0.0,0,103,103,0.5339805825242718,0.412,0.625,0.425531914893617,0.5339805825242718,0.412,0.625,0.425531914893617,0.0,0.0,0.0,0.0
bull_to_bear,0.12,0.93,0.0,0.0,0,103,103,0.5339805825242718,0.412,0.625,0.425531914893617,0.5339805825242718,0.412,0.625,0.425531914893617,0.0,0.0,0.0,0.0
bull_to_neutral,0.12,0.93,0.0,-0.05,0,103,103,0.5339805825242718,0.412,0.625,0.425531914893617,0.5339805825242718,0.412,0.625,0.425531914893617,0.0,0.0,0.0,0.0
bull_to_bear,0.12,0.93,0.0,-0.05,0,103,103,0.5339805825242718,0.412,0.625,0.425531914893617,0.5339805825242718,0.412,0.625,0.425531914893617,0.0,0.0,0.0,0.0
bull_to_neutral,0.12,0.93,0.0,-0.1,0,103,103,0.5339805825242718,0.412,0.625,0.425531914893617,0.5339805825242718,0.412,0.625,0.425531914893617,0.0,0.0,0.0,0.0
bull_to_bear,0.12,0.93,0.0,-0.1,0,103,103,0.5339805825242718,0.412,0.625,0.425531914893617,0.5339805825242718,0.412,0.625,0.425531914893617,0.0,0.0,0.0,0.0
bull_to_neutral,0.12,0.93,5.0,,0,103,103,0.5339805825242718,0.412,0.625,0.425531914893617,0.5339805825242718,0.412,0.625,0.425531914893617,0.0,0.0,0.0,0.0
bull_to_bear,0.12,0.93,5.0,,0,103,103,0.5339805825242718,0.412,0.625,0.425531914893617,0.5339805825242718,0.412,0.625,0.425531914893617,0.0,0.0,0.0,0.0
bull_to_neutral,0.12,0.93,5.0,0.0,0,103,103,0.5339805825242718,0.412,0.625,0.425531914893617,0.5339805825242718,0.412,0.625,0.425531914893617,0.0,0.0,0.0,0.0
bull_to_bear,0.12,0.93,5.0,0.0,0,103,103,0.5339805825242718,0.412,0.625,0.425531914893617,0.5339805825242718,0.412,0.625,0.425531914893617,0.0,0.0,0.0,0.0
bull_to_neutral,0.12,0.93,5.0,-0.05,0,103,103,0.5339805825242718,0.412,0.625,0.425531914893617,0.5339805825242718,0.412,0.625,0.425531914893617,0.0,0.0,0.0,0.0
bull_to_bear,0.12,0.93,5.0,-0.05,0,103,103,0.5339805825242718,0.412,0.625,0.425531914893617,0.5339805825242718,0.412,0.625,0.425531914893617,0.0,0.0,0.0,0.0
bull_to_neutral,0.12,0.93,5.0,-0.1,0,103,103,0.5339805825242718,0.412,0.625,0.425531914893617,0.5339805825242718,0.412,0.625,0.425531914893617,0.0,0.0,0.0,0.0
bull_to_bear,0.12,0.93,5.0,-0.1,0,103,103,0.5339805825242718,0.412,0.625,0.425531914893617,0.5339805825242718,0.412,0.625,0.425531914893617,0.0,0.0,0.0,0.0
bull_to_neutral,0.12,0.93,10.0,,0,103,103,0.5339805825242718,0.412,0.625,0.425531914893617,0.5339805825242718,0.412,0.625,0.425531914893617,0.0,0.0,0.0,0.0
bull_to_bear,0.12,0.93,10.0,,0,103,103,0.5339805825242718,0.412,0.625,0.425531914893617,0.5339805825242718,0.412,0.625,0.425531914893617,0.0,0.0,0.0,0.0
bull_to_neutral,0.12,0.93,10.0,0.0,0,103,103,0.5339805825242718,0.412,0.625,0.425531914893617,0.5339805825242718,0.412,0.625,0.425531914893617,0.0,0.0,0.0,0.0
bull_to_bear,0.12,0.93,10.0,0.0,0,103,103,0.5339805825242718,0.412,0.625,0.425531914893617,0.5339805825242718,0.412,0.625,0.425531914893617,0.0,0.0,0.0,0.0
bull_to_neutral,0.12,0.93,10.0,-0.05,0,103,103,0.5339805825242718,0.412,0.625,0.425531914893617,0.5339805825242718,0.412,0.625,0.425531914893617,0.0,0.0,0.0,0.0
bull_to_bear,0.12,0.93,10.0,-0.05,0,103,103,0.5339805825242718,0.412,0.625,0.425531914893617,0.5339805825242718,0.412,0.625,0.425531914893617,0.0,0.0,0.0,0.0
bull_to_neutral,0.12,0.93,10.0,-0.1,0,103,103,0.5339805825242718,0.412,0.625,0.425531914893617,0.5339805825242718,0.412,0.625,0.425531914893617,0.0,0.0,0.0,0.0
bull_to_bear,0.12,0.93,10.0,-0.1,0,103,103,0.5339805825242718,0.412,0.625,0.425531914893617,0.5339805825242718,0.412,0.625,0.425531914893617,0.0,0.0,0.0,0.0
bull_to_neutral,0.12,0.93,15.0,,0,103,103,0.5339805825242718,0.412,0.625,0.425531914893617,0.5339805825242718,0.412,0.625,0.425531914893617,0.0,0.0,0.0,0.0
bull_to_bear,0.12,0.93,15.0,,0,103,103,0.5339805825242718,0.412,0.625,0.425531914893617,0.5339805825242718,0.412,0.625,0.425531914893617,0.0,0.0,0.0,0.0
bull_to_neutral,0.12,0.93,15.0,0.0,0,103,103,0.5339805825242718,0.412,0.625,0.425531914893617,0.5339805825242718,0.412,0.625,0.425531914893617,0.0,0.0,0.0,0.0
bull_to_bear,0.12,0.93,15.0,0.0,0,103,103,0.5339805825242718,0.412,0.625,0.425531914893617,0.5339805825242718,0.412,0.625,0.425531914893617,0.0,0.0,0.0,0.0
bull_to_neutral,0.12,0.93,15.0,-0.05,0,103,103,0.5339805825242718,0.412,0.625,0.425531914893617,0.5339805825242718,0.412,0.625,0.425531914893617,0.0,0.0,0.0,0.0
bull_to_bear,0.12,0.93,15.0,-0.05,0,103,103,0.5339805825242718,0.412,0.625,0.425531914893617,0.5339805825242718,0.412,0.625,0.425531914893617,0.0,0.0,0.0,0.0
bull_to_neutral,0.12,0.93,15.0,-0.1,0,103,103,0.5339805825242718,0.412,0.625,0.425531914893617,0.5339805825242718,0.412,0.625,0.425531914893617,0.0,0.0,0.0,0.0
bull_to_bear,0.12,0.93,15.0,-0.1,0,103,103,0.5339805825242718,0.412,0.625,0.425531914893617,0.5339805825242718,0.412,0.625,0.425531914893617,0.0,0.0,0.0,0.0
bull_to_neutral,0.12,0.9,,,0,103,103,0.5339805825242718,0.412,0.625,0.425531914893617,0.5339805825242718,0.412,0.625,0.425531914893617,0.0,0.0,0.0,0.0
bull_to_bear,0.12,0.9,,,0,103,103,0.5339805825242718,0.412,0.625,0.425531914893617,0.5339805825242718,0.412,0.625,0.425531914893617,0.0,0.0,0.0,0.0
bull_to_neutral,0.12,0.9,,0.0,0,103,103,0.5339805825242718,0.412,0.625,0.425531914893617,0.5339805825242718,0.412,0.625,0.425531914893617,0.0,0.0,0.0,0.0
bull_to_bear,0.12,0.9,,0.0,0,103,103,0.5339805825242718,0.412,0.625,0.425531914893617,0.5339805825242718,0.412,0.625,0.425531914893617,0.0,0.0,0.0,0.0
bull_to_neutral,0.12,0.9,,-0.05,0,103,103,0.5339805825242718,0.412,0.625,0.425531914893617,0.5339805825242718,0.412,0.625,0.425531914893617,0.0,0.0,0.0,0.0
bull_to_bear,0.12,0.9,,-0.05,0,103,103,0.5339805825242718,0.412,0.625,0.425531914893617,0.5339805825242718,0.412,0.625,0.425531914893617,0.0,0.0,0.0,0.0
bull_to_neutral,0.12,0.9,,-0.1,0,103,103,0.5339805825242718,0.412,0.625,0.425531914893617,0.5339805825242718,0.412,0.625,0.425531914893617,0.0,0.0,0.0,0.0
bull_to_bear,0.12,0.9,,-0.1,0,103,103,0.5339805825242718,0.412,0.625,0.425531914893617,0.5339805825242718,0.412,0.625,0.425531914893617,0.0,0.0,0.0,0.0
bull_to_neutral,0.12,0.9,0.0,,0,103,103,0.5339805825242718,0.412,0.625,0.425531914893617,0.5339805825242718,0.412,0.625,0.425531914893617,0.0,0.0,0.0,0.0
bull_to_bear,0.12,0.9,0.0,,0,103,103,0.5339805825242718,0.412,0.625,0.425531914893617,0.5339805825242718,0.412,0.625,0.425531914893617,0.0,0.0,0.0,0.0
bull_to_neutral,0.12,0.9,0.0,0.0,0,103,103,0.5339805825242718,0.412,0.625,0.425531914893617,0.5339805825242718,0.412,0.625,0.425531914893617,0.0,0.0,0.0,0.0
bull_to_bear,0.12,0.9,0.0,0.0,0,103,103,0.5339805825242718,0.412,0.625,0.425531914893617,0.5339805825242718,0.412,0.625,0.425531914893617,0.0,0.0,0.0,0.0
bull_to_neutral,0.12,0.9,0.0,-0.05,0,103,103,0.5339805825242718,0.412,0.625,0.425531914893617,0.5339805825242718,0.412,0.625,0.425531914893617,0.0,0.0,0.0,0.0
bull_to_bear,0.12,0.9,0.0,-0.05,0,103,103,0.5339805825242718,0.412,0.625,0.425531914893617,0.5339805825242718,0.412,0.625,0.425531914893617,0.0,0.0,0.0,0.0
bull_to_neutral,0.12,0.9,0.0,-0.1,0,103,103,0.5339805825242718,0.412,0.625,0.425531914893617,0.5339805825242718,0.412,0.625,0.425531914893617,0.0,0.0,0.0,0.0
bull_to_bear,0.12,0.9,0.0,-0.1,0,103,103,0.5339805825242718,0.412,0.625,0.425531914893617,0.5339805825242718,0.412,0.625,0.425531914893617,0.0,0.0,0.0,0.0
bull_to_neutral,0.12,0.9,5.0,,0,103,103,0.5339805825242718,0.412,0.625,0.425531914893617,0.5339805825242718,0.412,0.625,0.425531914893617,0.0,0.0,0.0,0.0
bull_to_bear,0.12,0.9,5.0,,0,103,103,0.5339805825242718,0.412,0.625,0.425531914893617,0.5339805825242718,0.412,0.625,0.425531914893617,0.0,0.0,0.0,0.0
bull_to_neutral,0.12,0.9,5.0,0.0,0,103,103,0.5339805825242718,0.412,0.625,0.425531914893617,0.5339805825242718,0.412,0.625,0.425531914893617,0.0,0.0,0.0,0.0
bull_to_bear,0.12,0.9,5.0,0.0,0,103,103,0.5339805825242718,0.412,0.625,0.425531914893617,0.5339805825242718,0.412,0.625,0.425531914893617,0.0,0.0,0.0,0.0
bull_to_neutral,0.12,0.9,5.0,-0.05,0,103,103,0.5339805825242718,0.412,0.625,0.425531914893617,0.5339805825242718,0.412,0.625,0.425531914893617,0.0,0.0,0.0,0.0
bull_to_bear,0.12,0.9,5.0,-0.05,0,103,103,0.5339805825242718,0.412,0.625,0.425531914893617,0.5339805825242718,0.412,0.625,0.425531914893617,0.0,0.0,0.0,0.0
bull_to_neutral,0.12,0.9,5.0,-0.1,0,103,103,0.5339805825242718,0.412,0.625,0.425531914893617,0.5339805825242718,0.412,0.625,0.425531914893617,0.0,0.0,0.0,0.0
bull_to_bear,0.12,0.9,5.0,-0.1,0,103,103,0.5339805825242718,0.412,0.625,0.425531914893617,0.5339805825242718,0.412,0.625,0.425531914893617,0.0,0.0,0.0,0.0
bull_to_neutral,0.12,0.9,10.0,,0,103,103,0.5339805825242718,0.412,0.625,0.425531914893617,0.5339805825242718,0.412,0.625,0.425531914893617,0.0,0.0,0.0,0.0
bull_to_bear,0.12,0.9,10.0,,0,103,103,0.5339805825242718,0.412,0.625,0.425531914893617,0.5339805825242718,0.412,0.625,0.425531914893617,0.0,0.0,0.0,0.0
bull_to_neutral,0.12,0.9,10.0,0.0,0,103,103,0.5339805825242718,0.412,0.625,0.425531914893617,0.5339805825242718,0.412,0.625,0.425531914893617,0.0,0.0,0.0,0.0
bull_to_bear,0.12,0.9,10.0,0.0,0,103,103,0.5339805825242718,0.412,0.625,0.425531914893617,0.5339805825242718,0.412,0.625,0.425531914893617,0.0,0.0,0.0,0.0
bull_to_neutral,0.12,0.9,10.0,-0.05,0,103,103,0.5339805825242718,0.412,0.625,0.425531914893617,0.5339805825242718,0.412,0.625,0.425531914893617,0.0,0.0,0.0,0.0
bull_to_bear,0.12,0.9,10.0,-0.05,0,103,103,0.5339805825242718,0.412,0.625,0.425531914893617,0.5339805825242718,0.412,0.625,0.425531914893617,0.0,0.0,0.0,0.0
bull_to_neutral,0.12,0.9,10.0,-0.1,0,103,103,0.5339805825242718,0.412,0.625,0.425531914893617,0.5339805825242718,0.412,0.625,0.425531914893617,0.0,0.0,0.0,0.0
bull_to_bear,0.12,0.9,10.0,-0.1,0,103,103,0.5339805825242718,0.412,0.625,0.425531914893617,0.5339805825242718,0.412,0.625,0.425531914893617,0.0,0.0,0.0,0.0
bull_to_neutral,0.12,0.9,15.0,,0,103,103,0.5339805825242718,0.412,0.625,0.425531914893617,0.5339805825242718,0.412,0.625,0.425531914893617,0.0,0.0,0.0,0.0
bull_to_bear,0.12,0.9,15.0,,0,103,103,0.5339805825242718,0.412,0.625,0.425531914893617,0.5339805825242718,0.412,0.625,0.425531914893617,0.0,0.0,0.0,0.0
bull_to_neutral,0.12,0.9,15.0,0.0,0,103,103,0.5339805825242718,0.412,0.625,0.425531914893617,0.5339805825242718,0.412,0.625,0.425531914893617,0.0,0.0,0.0,0.0
bull_to_bear,0.12,0.9,15.0,0.0,0,103,103,0.5339805825242718,0.412,0.625,0.425531914893617,0.5339805825242718,0.412,0.625,0.425531914893617,0.0,0.0,0.0,0.0
bull_to_neutral,0.12,0.9,15.0,-0.05,0,103,103,0.5339805825242718,0.412,0.625,0.425531914893617,0.5339805825242718,0.412,0.625,0.425531914893617,0.0,0.0,0.0,0.0
bull_to_bear,0.12,0.9,15.0,-0.05,0,103,103,0.5339805825242718,0.412,0.625,0.425531914893617,0.5339805825242718,0.412,0.625,0.425531914893617,0.0,0.0,0.0,0.0
bull_to_neutral,0.12,0.9,15.0,-0.1,0,103,103,0.5339805825242718,0.412,0.625,0.425531914893617,0.5339805825242718,0.412,0.625,0.425531914893617,0.0,0.0,0.0,0.0
bull_to_bear,0.12,0.9,15.0,-0.1,0,103,103,0.5339805825242718,0.412,0.625,0.425531914893617,0.5339805825242718,0.412,0.625,0.425531914893617,0.0,0.0,0.0,0.0
bull_to_neutral,0.14,1.0,,,23,80,103,0.5339805825242718,0.412,0.625,0.425531914893617,0.5125,0.32,0.6363636363636364,0.425531914893617,-0.021480582524271874,-0.09199999999999997,0.011363636363636354,0.0
bull_to_bear,0.14,1.0,,,23,103,103,0.5339805825242718,0.412,0.625,0.425531914893617,0.4854368932038835,0.412,0.6363636363636364,0.4142857142857143,-0.04854368932038833,0.0,0.011363636363636354,-0.011246200607902712
bull_to_neutral,0.14,1.0,,0.0,21,82,103,0.5339805825242718,0.412,0.625,0.425531914893617,0.5121951219512195,0.328,0.6285714285714286,0.425531914893617,-0.021785460573052307,-0.08399999999999996,0.0035714285714285587,0.0
bull_to_bear,0.14,1.0,,0.0,21,103,103,0.5339805825242718,0.412,0.625,0.425531914893617,0.4854368932038835,0.412,0.6285714285714286,0.4117647058823529,-0.04854368932038833,0.0,0.0035714285714285587,-0.013767209011264103
bull_to_neutral,0.14,1.0,,-0.05,21,82,103,0.5339805825242718,0.412,0.625,0.425531914893617,0.5121951219512195,0.328,0.6285714285714286,0.425531914893617,-0.021785460573052307,-0.08399999999999996,0.0035714285714285587,0.0
bull_to_bear,0.14,1.0,,-0.05,21,103,103,0.5339805825242718,0.412,0.625,0.425531914893617,0.4854368932038835,0.412,0.6285714285714286,0.4117647058823529,-0.04854368932038833,0.0,0.0035714285714285587,-0.013767209011264103
bull_to_neutral,0.14,1.0,,-0.1,21,82,103,0.5339805825242718,0.412,0.625,0.425531914893617,0.5121951219512195,0.328,0.6285714285714286,0.425531914893617,-0.021785460573052307,-0.08399999999999996,0.0035714285714285587,0.0
bull_to_bear,0.14,1.0,,-0.1,21,103,103,0.5339805825242718,0.412,0.625,0.425531914893617,0.4854368932038835,0.412,0.6285714285714286,0.4117647058823529,-0.04854368932038833,0.0,0.0035714285714285587,-0.013767209011264103
bull_to_neutral,0.14,1.0,0.0,,16,87,103,0.5339805825242718,0.412,0.625,0.425531914893617,0.5402298850574713,0.348,0.675,0.425531914893617,0.006249302533199441,-0.064,0.050000000000000044,0.0
bull_to_bear,0.14,1.0,0.0,,16,103,103,0.5339805825242718,0.412,0.625,0.425531914893617,0.5339805825242718,0.412,0.675,0.4444444444444444,0.0,0.0,0.050000000000000044,0.018912529550827395
bull_to_neutral,0.14,1.0,0.0,0.0,16,87,103,0.5339805825242718,0.412,0.625,0.425531914893617,0.5402298850574713,0.348,0.675,0.425531914893617,0.006249302533199441,-0.064,0.050000000000000044,0.0
bull_to_bear,0.14,1.0,0.0,0.0,16,103,103,0.5339805825242718,0.412,0.625,0.425531914893617,0.5339805825242718,0.412,0.675,0.4444444444444444,0.0,0.0,0.050000000000000044,0.018912529550827395
bull_to_neutral,0.14,1.0,0.0,-0.05,16,87,103,0.5339805825242718,0.412,0.625,0.425531914893617,0.5402298850574713,0.348,0.675,0.425531914893617,0.006249302533199441,-0.064,0.050000000000000044,0.0
bull_to_bear,0.14,1.0,0.0,-0.05,16,103,103,0.5339805825242718,0.412,0.625,0.425531914893617,0.5339805825242718,0.412,0.675,0.4444444444444444,0.0,0.0,0.050000000000000044,0.018912529550827395
bull_to_neutral,0.14,1.0,0.0,-0.1,16,87,103,0.5339805825242718,0.412,0.625,0.425531914893617,0.5402298850574713,0.348,0.675,0.425531914893617,0.006249302533199441,-0.064,0.050000000000000044,0.0
bull_to_bear,0.14,1.0,0.0,-0.1,16,103,103,0.5339805825242718,0.412,0.625,0.425531914893617,0.5339805825242718,0.412,0.675,0.4444444444444444,0.0,0.0,0.050000000000000044,0.018912529550827395
bull_to_neutral,0.14,1.0,5.0,,14,89,103,0.5339805825242718,0.412,0.625,0.425531914893617,0.550561797752809,0.356,0.6904761904761905,0.425531914893617,0.01658121522853717,-0.055999999999999994,0.06547619047619047,0.0
bull_to_bear,0.14,1.0,5.0,,14,103,103,0.5339805825242718,0.412,0.625,0.425531914893617,0.5533980582524272,0.412,0.6904761904761905,0.45901639344262296,0.01941747572815533,0.0,0.06547619047619047,0.033484478549005936
bull_to_neutral,0.14,1.0,5.0,0.0,14,89,103,0.5339805825242718,0.412,0.625,0.425531914893617,0.550561797752809,0.356,0.6904761904761905,0.425531914893617,0.01658121522853717,-0.055999999999999994,0.06547619047619047,0.0
bull_to_bear,0.14,1.0,5.0,0.0,14,103,103,0.5339805825242718,0.412,0.625,0.425531914893617,0.5533980582524272,0.412,0.6904761904761905,0.45901639344262296,0.01941747572815533,0.0,0.06547619047619047,0.033484478549005936
bull_to_neutral,0.14,1.0,5.0,-0.05,14,89,103,0.5339805825242718,0.412,0.625,0.425531914893617,0.550561797752809,0.356,0.6904761904761905,0.425531914893617,0.01658121522853717,-0.055999999999999994,0.06547619047619047,0.0
bull_to_bear,0.14,1.0,5.0,-0.05,14,103,103,0.5339805825242718,0.412,0.625,0.425531914893617,0.5533980582524272,0.412,0.6904761904761905,0.45901639344262296,0.01941747572815533,0.0,0.06547619047619047,0.033484478549005936
bull_to_neutral,0.14,1.0,5.0,-0.1,14,89,103,0.5339805825242718,0.412,0.625,0.425531914893617,0.550561797752809,0.356,0.6904761904761905,0.425531914893617,0.01658121522853717,-0.055999999999999994,0.06547619047619047,0.0
bull_to_bear,0.14,1.0,5.0,-0.1,14,103,103,0.5339805825242718,0.412,0.625,0.425531914893617,0.5533980582524272,0.412,0.6904761904761905,0.45901639344262296,0.01941747572815533,0.0,0.06547619047619047,0.033484478549005936
bull_to_neutral,0.14,1.0,10.0,,12,91,103,0.5339805825242718,0.412,0.625,0.425531914893617,0.5494505494505495,0.364,0.6818181818181818,0.425531914893617,0.015469966926277667,-0.04799999999999999,0.05681818181818177,0.0
bull_to_bear,0.14,1.0,10.0,,12,103,103,0.5339805825242718,0.412,0.625,0.425531914893617,0.5533980582524272,0.412,0.6818181818181818,0.4576271186440678,0.01941747572815533,0.0,0.05681818181818177,0.032095203750450774
bull_to_neutral,0.14,1.0,10.0,0.0,12,91,103,0.5339805825242718,0.412,0.625,0.425531914893617,0.5494505494505495,0.364,0.6818181818181818,0.425531914893617,0.015469966926277667,-0.04799999999999999,0.05681818181818177,0.0
bull_to_bear,0.14,1.0,10.0,0.0,12,103,103,0.5339805825242718,0.412,0.625,0.425531914893617,0.5533980582524272,0.412,0.6818181818181818,0.4576271186440678,0.01941747572815533,0.0,0.05681818181818177,0.032095203750450774
bull_to_neutral,0.14,1.0,10.0,-0.05,12,91,103,0.5339805825242718,0.412,0.625,0.425531914893617,0.5494505494505495,0.364,0.6818181818181818,0.425531914893617,0.015469966926277667,-0.04799999999999999,0.05681818181818177,0.0
bull_to_bear,0.14,1.0,10.0,-0.05,12,103,103,0.5339805825242718,0.412,0.625,0.425531914893617,0.5533980582524272,0.412,0.6818181818181818,0.4576271186440678,0.01941747572815533,0.0,0.05681818181818177,0.032095203750450774
bull_to_neutral,0.14,1.0,10.0,-0.1,12,91,103,0.5339805825242718,0.412,0.625,0.425531914893617,0.5494505494505495,0.364,0.6818181818181818,0.425531914893617,0.015469966926277667,-0.04799999999999999,0.05681818181818177,0.0
bull_to_bear,0.14,1.0,10.0,-0.1,12,103,103,0.5339805825242718,0.412,0.625,0.425531914893617,0.5533980582524272,0.412,0.6818181818181818,0.4576271186440678,0.01941747572815533,0.0,0.05681818181818177,0.032095203750450774
bull_to_neutral,0.14,1.0,15.0,,11,92,103,0.5339805825242718,0.412,0.625,0.425531914893617,0.5434782608695652,0.368,0.6666666666666666,0.425531914893617,0.009497678345293359,-0.043999999999999984,0.04166666666666663,0.0
bull_to_bear,0.14,1.0,15.0,,11,103,103,0.5339805825242718,0.412,0.625,0.425531914893617,0.5436893203883495,0.412,0.6666666666666666,0.4482758620689655,0.009708737864077666,0.0,0.04166666666666663,0.0227439471753485
bull_to_neutral,0.14,1.0,15.0,0.0,11,92,103,0.5339805825242718,0.412,0.625,0.425531914893617,0.5434782608695652,0.368,0.6666666666666666,0.425531914893617,0.009497678345293359,-0.043999999999999984,0.04166666666666663,0.0
bull_to_bear,0.14,1.0,15.0,0.0,11,103,103,0.5339805825242718,0.412,0.625,0.425531914893617,0.5436893203883495,0.412,0.6666666666666666,0.4482758620689655,0.009708737864077666,0.0,0.04166666666666663,0.0227439471753485
bull_to_neutral,0.14,1.0,15.0,-0.05,11,92,103,0.5339805825242718,0.412,0.625,0.425531914893617,0.5434782608695652,0.368,0.6666666666666666,0.425531914893617,0.009497678345293359,-0.043999999999999984,0.04166666666666663,0.0
bull_to_bear,0.14,1.0,15.0,-0.05,11,103,103,0.5339805825242718,0.412,0.625,0.425531914893617,0.5436893203883495,0.412,0.6666666666666666,0.4482758620689655,0.009708737864077666,0.0,0.04166666666666663,0.0227439471753485
bull_to_neutral,0.14,1.0,15.0,-0.1,11,92,103,0.5339805825242718,0.412,0.625,0.425531914893617,0.5434782608695652,0.368,0.6666666666666666,0.425531914893617,0.009497678345293359,-0.043999999999999984,0.04166666666666663,0.0
bull_to_bear,0.14,1.0,15.0,-0.1,11,103,103,0.5339805825242718,0.412,0.625,0.425531914893617,0.5436893203883495,0.412,0.6666666666666666,0.4482758620689655,0.009708737864077666,0.0,0.04166666666666663,0.0227439471753485
bull_to_neutral,0.14,0.99,,,0,103,103,0.5339805825242718,0.412,0.625,0.425531914893617,0.5339805825242718,0.412,0.625,0.425531914893617,0.0,0.0,0.0,0.0
bull_to_bear,0.14,0.99,,,0,103,103,0.5339805825242718,0.412,0.625,0.425531914893617,0.5339805825242718,0.412,0.625,0.425531914893617,0.0,0.0,0.0,0.0
bull_to_neutral,0.14,0.99,,0.0,0,103,103,0.5339805825242718,0.412,0.625,0.425531914893617,0.5339805825242718,0.412,0.625,0.425531914893617,0.0,0.0,0.0,0.0
bull_to_bear,0.14,0.99,,0.0,0,103,103,0.5339805825242718,0.412,0.625,0.425531914893617,0.5339805825242718,0.412,0.625,0.425531914893617,0.0,0.0,0.0,0.0
bull_to_neutral,0.14,0.99,,-0.05,0,103,103,0.5339805825242718,0.412,0.625,0.425531914893617,0.5339805825242718,0.412,0.625,0.425531914893617,0.0,0.0,0.0,0.0
bull_to_bear,0.14,0.99,,-0.05,0,103,103,0.5339805825242718,0.412,0.625,0.425531914893617,0.5339805825242718,0.412,0.625,0.425531914893617,0.0,0.0,0.0,0.0
bull_to_neutral,0.14,0.99,,-0.1,0,103,103,0.5339805825242718,0.412,0.625,0.425531914893617,0.5339805825242718,0.412,0.625,0.425531914893617,0.0,0.0,0.0,0.0
bull_to_bear,0.14,0.99,,-0.1,0,103,103,0.5339805825242718,0.412,0.625,0.425531914893617,0.5339805825242718,0.412,0.625,0.425531914893617,0.0,0.0,0.0,0.0
bull_to_neutral,0.14,0.99,0.0,,0,103,103,0.5339805825242718,0.412,0.625,0.425531914893617,0.5339805825242718,0.412,0.625,0.425531914893617,0.0,0.0,0.0,0.0
bull_to_bear,0.14,0.99,0.0,,0,103,103,0.5339805825242718,0.412,0.625,0.425531914893617,0.5339805825242718,0.412,0.625,0.425531914893617,0.0,0.0,0.0,0.0
bull_to_neutral,0.14,0.99,0.0,0.0,0,103,103,0.5339805825242718,0.412,0.625,0.425531914893617,0.5339805825242718,0.412,0.625,0.425531914893617,0.0,0.0,0.0,0.0
bull_to_bear,0.14,0.99,0.0,0.0,0,103,103,0.5339805825242718,0.412,0.625,0.425531914893617,0.5339805825242718,0.412,0.625,0.425531914893617,0.0,0.0,0.0,0.0
bull_to_neutral,0.14,0.99,0.0,-0.05,0,103,103,0.5339805825242718,0.412,0.625,0.425531914893617,0.5339805825242718,0.412,0.625,0.425531914893617,0.0,0.0,0.0,0.0
bull_to_bear,0.14,0.99,0.0,-0.05,0,103,103,0.5339805825242718,0.412,0.625,0.425531914893617,0.5339805825242718,0.412,0.625,0.425531914893617,0.0,0.0,0.0,0.0
bull_to_neutral,0.14,0.99,0.0,-0.1,0,103,103,0.5339805825242718,0.412,0.625,0.425531914893617,0.5339805825242718,0.412,0.625,0.425531914893617,0.0,0.0,0.0,0.0
bull_to_bear,0.14,0.99,0.0,-0.1,0,103,103,0.5339805825242718,0.412,0.625,0.425531914893617,0.5339805825242718,0.412,0.625,0.425531914893617,0.0,0.0,0.0,0.0
bull_to_neutral,0.14,0.99,5.0,,0,103,103,0.5339805825242718,0.412,0.625,0.425531914893617,0.5339805825242718,0.412,0.625,0.425531914893617,0.0,0.0,0.0,0.0
bull_to_bear,0.14,0.99,5.0,,0,103,103,0.5339805825242718,0.412,0.625,0.425531914893617,0.5339805825242718,0.412,0.625,0.425531914893617,0.0,0.0,0.0,0.0
bull_to_neutral,0.14,0.99,5.0,0.0,0,103,103,0.5339805825242718,0.412,0.625,0.425531914893617,0.5339805825242718,0.412,0.625,0.425531914893617,0.0,0.0,0.0,0.0
bull_to_bear,0.14,0.99,5.0,0.0,0,103,103,0.5339805825242718,0.412,0.625,0.425531914893617,0.5339805825242718,0.412,0.625,0.425531914893617,0.0,0.0,0.0,0.0
bull_to_neutral,0.14,0.99,5.0,-0.05,0,103,103,0.5339805825242718,0.412,0.625,0.425531914893617,0.5339805825242718,0.412,0.625,0.425531914893617,0.0,0.0,0.0,0.0
bull_to_bear,0.14,0.99,5.0,-0.05,0,103,103,0.5339805825242718,0.412,0.625,0.425531914893617,0.5339805825242718,0.412,0.625,0.425531914893617,0.0,0.0,0.0,0.0
bull_to_neutral,0.14,0.99,5.0,-0.1,0,103,103,0.5339805825242718,0.412,0.625,0.425531914893617,0.5339805825242718,0.412,0.625,0.425531914893617,0.0,0.0,0.0,0.0
bull_to_bear,0.14,0.99,5.0,-0.1,0,103,103,0.5339805825242718,0.412,0.625,0.425531914893617,0.5339805825242718,0.412,0.625,0.425531914893617,0.0,0.0,0.0,0.0
bull_to_neutral,0.14,0.99,10.0,,0,103,103,0.5339805825242718,0.412,0.625,0.425531914893617,0.5339805825242718,0.412,0.625,0.425531914893617,0.0,0.0,0.0,0.0
bull_to_bear,0.14,0.99,10.0,,0,103,103,0.5339805825242718,0.412,0.625,0.425531914893617,0.5339805825242718,0.412,0.625,0.425531914893617,0.0,0.0,0.0,0.0
bull_to_neutral,0.14,0.99,10.0,0.0,0,103,103,0.5339805825242718,0.412,0.625,0.425531914893617,0.5339805825242718,0.412,0.625,0.425531914893617,0.0,0.0,0.0,0.0
bull_to_bear,0.14,0.99,10.0,0.0,0,103,103,0.5339805825242718,0.412,0.625,0.425531914893617,0.5339805825242718,0.412,0.625,0.425531914893617,0.0,0.0,0.0,0.0
bull_to_neutral,0.14,0.99,10.0,-0.05,0,103,103,0.5339805825242718,0.412,0.625,0.425531914893617,0.5339805825242718,0.412,0.625,0.425531914893617,0.0,0.0,0.0,0.0
bull_to_bear,0.14,0.99,10.0,-0.05,0,103,103,0.5339805825242718,0.412,0.625,0.425531914893617,0.5339805825242718,0.412,0.625,0.425531914893617,0.0,0.0,0.0,0.0
bull_to_neutral,0.14,0.99,10.0,-0.1,0,103,103,0.5339805825242718,0.412,0.625,0.425531914893617,0.5339805825242718,0.412,0.625,0.425531914893617,0.0,0.0,0.0,0.0
bull_to_bear,0.14,0.99,10.0,-0.1,0,103,103,0.5339805825242718,0.412,0.625,0.425531914893617,0.5339805825242718,0.412,0.625,0.425531914893617,0.0,0.0,0.0,0.0
bull_to_neutral,0.14,0.99,15.0,,0,103,103,0.5339805825242718,0.412,0.625,0.425531914893617,0.5339805825242718,0.412,0.625,0.425531914893617,0.0,0.0,0.0,0.0
bull_to_bear,0.14,0.99,15.0,,0,103,103,0.5339805825242718,0.412,0.625,0.425531914893617,0.5339805825242718,0.412,0.625,0.425531914893617,0.0,0.0,0.0,0.0
bull_to_neutral,0.14,0.99,15.0,0.0,0,103,103,0.5339805825242718,0.412,0.625,0.425531914893617,0.5339805825242718,0.412,0.625,0.425531914893617,0.0,0.0,0.0,0.0
bull_to_bear,0.14,0.99,15.0,0.0,0,103,103,0.5339805825242718,0.412,0.625,0.425531914893617,0.5339805825242718,0.412,0.625,0.425531914893617,0.0,0.0,0.0,0.0
bull_to_neutral,0.14,0.99,15.0,-0.05,0,103,103,0.5339805825242718,0.412,0.625,0.425531914893617,0.5339805825242718,0.412,0.625,0.425531914893617,0.0,0.0,0.0,0.0
bull_to_bear,0.14,0.99,15.0,-0.05,0,103,103,0.5339805825242718,0.412,0.625,0.425531914893617,0.5339805825242718,0.412,0.625,0.425531914893617,0.0,0.0,0.0,0.0
bull_to_neutral,0.14,0.99,15.0,-0.1,0,103,103,0.5339805825242718,0.412,0.625,0.425531914893617,0.5339805825242718,0.412,0.625,0.425531914893617,0.0,0.0,0.0,0.0
bull_to_bear,0.14,0.99,15.0,-0.1,0,103,103,0.5339805825242718,0.412,0.625,0.425531914893617,0.5339805825242718,0.412,0.625,0.425531914893617,0.0,0.0,0.0,0.0
bull_to_neutral,0.14,0.98,,,0,103,103,0.5339805825242718,0.412,0.625,0.425531914893617,0.5339805825242718,0.412,0.625,0.425531914893617,0.0,0.0,0.0,0.0
bull_to_bear,0.14,0.98,,,0,103,103,0.5339805825242718,0.412,0.625,0.425531914893617,0.5339805825242718,0.412,0.625,0.425531914893617,0.0,0.0,0.0,0.0
bull_to_neutral,0.14,0.98,,0.0,0,103,103,0.5339805825242718,0.412,0.625,0.425531914893617,0.5339805825242718,0.412,0.625,0.425531914893617,0.0,0.0,0.0,0.0
bull_to_bear,0.14,0.98,,0.0,0,103,103,0.5339805825242718,0.412,0.625,0.425531914893617,0.5339805825242718,0.412,0.625,0.425531914893617,0.0,0.0,0.0,0.0
bull_to_neutral,0.14,0.98,,-0.05,0,103,103,0.5339805825242718,0.412,0.625,0.425531914893617,0.5339805825242718,0.412,0.625,0.425531914893617,0.0,0.0,0.0,0.0
bull_to_bear,0.14,0.98,,-0.05,0,103,103,0.5339805825242718,0.412,0.625,0.425531914893617,0.5339805825242718,0.412,0.625,0.425531914893617,0.0,0.0,0.0,0.0
bull_to_neutral,0.14,0.98,,-0.1,0,103,103,0.5339805825242718,0.412,0.625,0.425531914893617,0.5339805825242718,0.412,0.625,0.425531914893617,0.0,0.0,0.0,0.0
bull_to_bear,0.14,0.98,,-0.1,0,103,103,0.5339805825242718,0.412,0.625,0.425531914893617,0.5339805825242718,0.412,0.625,0.425531914893617,0.0,0.0,0.0,0.0
bull_to_neutral,0.14,0.98,0.0,,0,103,103,0.5339805825242718,0.412,0.625,0.425531914893617,0.5339805825242718,0.412,0.625,0.425531914893617,0.0,0.0,0.0,0.0
bull_to_bear,0.14,0.98,0.0,,0,103,103,0.5339805825242718,0.412,0.625,0.425531914893617,0.5339805825242718,0.412,0.625,0.425531914893617,0.0,0.0,0.0,0.0
bull_to_neutral,0.14,0.98,0.0,0.0,0,103,103,0.5339805825242718,0.412,0.625,0.425531914893617,0.5339805825242718,0.412,0.625,0.425531914893617,0.0,0.0,0.0,0.0
bull_to_bear,0.14,0.98,0.0,0.0,0,103,103,0.5339805825242718,0.412,0.625,0.425531914893617,0.5339805825242718,0.412,0.625,0.425531914893617,0.0,0.0,0.0,0.0
bull_to_neutral,0.14,0.98,0.0,-0.05,0,103,103,0.5339805825242718,0.412,0.625,0.425531914893617,0.5339805825242718,0.412,0.625,0.425531914893617,0.0,0.0,0.0,0.0
bull_to_bear,0.14,0.98,0.0,-0.05,0,103,103,0.5339805825242718,0.412,0.625,0.425531914893617,0.5339805825242718,0.412,0.625,0.425531914893617,0.0,0.0,0.0,0.0
bull_to_neutral,0.14,0.98,0.0,-0.1,0,103,103,0.5339805825242718,0.412,0.625,0.425531914893617,0.5339805825242718,0.412,0.625,0.425531914893617,0.0,0.0,0.0,0.0
bull_to_bear,0.14,0.98,0.0,-0.1,0,103,103,0.5339805825242718,0.412,0.625,0.425531914893617,0.5339805825242718,0.412,0.625,0.425531914893617,0.0,0.0,0.0,0.0
bull_to_neutral,0.14,0.98,5.0,,0,103,103,0.5339805825242718,0.412,0.625,0.425531914893617,0.5339805825242718,0.412,0.625,0.425531914893617,0.0,0.0,0.0,0.0
bull_to_bear,0.14,0.98,5.0,,0,103,103,0.5339805825242718,0.412,0.625,0.425531914893617,0.5339805825242718,0.412,0.625,0.425531914893617,0.0,0.0,0.0,0.0
bull_to_neutral,0.14,0.98,5.0,0.0,0,103,103,0.5339805825242718,0.412,0.625,0.425531914893617,0.5339805825242718,0.412,0.625,0.425531914893617,0.0,0.0,0.0,0.0
bull_to_bear,0.14,0.98,5.0,0.0,0,103,103,0.5339805825242718,0.412,0.625,0.425531914893617,0.5339805825242718,0.412,0.625,0.425531914893617,0.0,0.0,0.0,0.0
bull_to_neutral,0.14,0.98,5.0,-0.05,0,103,103,0.5339805825242718,0.412,0.625,0.425531914893617,0.5339805825242718,0.412,0.625,0.425531914893617,0.0,0.0,0.0,0.0
bull_to_bear,0.14,0.98,5.0,-0.05,0,103,103,0.5339805825242718,0.412,0.625,0.425531914893617,0.5339805825242718,0.412,0.625,0.425531914893617,0.0,0.0,0.0,0.0
bull_to_neutral,0.14,0.98,5.0,-0.1,0,103,103,0.5339805825242718,0.412,0.625,0.425531914893617,0.5339805825242718,0.412,0.625,0.425531914893617,0.0,0.0,0.0,0.0
bull_to_bear,0.14,0.98,5.0,-0.1,0,103,103,0.5339805825242718,0.412,0.625,0.425531914893617,0.5339805825242718,0.412,0.625,0.425531914893617,0.0,0.0,0.0,0.0
bull_to_neutral,0.14,0.98,10.0,,0,103,103,0.5339805825242718,0.412,0.625,0.425531914893617,0.5339805825242718,0.412,0.625,0.425531914893617,0.0,0.0,0.0,0.0
bull_to_bear,0.14,0.98,10.0,,0,103,103,0.5339805825242718,0.412,0.625,0.425531914893617,0.5339805825242718,0.412,0.625,0.425531914893617,0.0,0.0,0.0,0.0
bull_to_neutral,0.14,0.98,10.0,0.0,0,103,103,0.5339805825242718,0.412,0.625,0.425531914893617,0.5339805825242718,0.412,0.625,0.425531914893617,0.0,0.0,0.0,0.0
bull_to_bear,0.14,0.98,10.0,0.0,0,103,103,0.5339805825242718,0.412,0.625,0.425531914893617,0.5339805825242718,0.412,0.625,0.425531914893617,0.0,0.0,0.0,0.0
bull_to_neutral,0.14,0.98,10.0,-0.05,0,103,103,0.5339805825242718,0.412,0.625,0.425531914893617,0.5339805825242718,0.412,0.625,0.425531914893617,0.0,0.0,0.0,0.0
bull_to_bear,0.14,0.98,10.0,-0.05,0,103,103,0.5339805825242718,0.412,0.625,0.425531914893617,0.5339805825242718,0.412,0.625,0.425531914893617,0.0,0.0,0.0,0.0
bull_to_neutral,0.14,0.98,10.0,-0.1,0,103,103,0.5339805825242718,0.412,0.625,0.425531914893617,0.5339805825242718,0.412,0.625,0.425531914893617,0.0,0.0,0.0,0.0
bull_to_bear,0.14,0.98,10.0,-0.1,0,103,103,0.5339805825242718,0.412,0.625,0.425531914893617,0.5339805825242718,0.412,0.625,0.425531914893617,0.0,0.0,0.0,0.0
bull_to_neutral,0.14,0.98,15.0,,0,103,103,0.5339805825242718,0.412,0.625,0.425531914893617,0.5339805825242718,0.412,0.625,0.425531914893617,0.0,0.0,0.0,0.0
bull_to_bear,0.14,0.98,15.0,,0,103,103,0.5339805825242718,0.412,0.625,0.425531914893617,0.5339805825242718,0.412,0.625,0.425531914893617,0.0,0.0,0.0,0.0
bull_to_neutral,0.14,0.98,15.0,0.0,0,103,103,0.5339805825242718,0.412,0.625,0.425531914893617,0.5339805825242718,0.412,0.625,0.425531914893617,0.0,0.0,0.0,0.0
bull_to_bear,0.14,0.98,15.0,0.0,0,103,103,0.5339805825242718,0.412,0.625,0.425531914893617,0.5339805825242718,0.412,0.625,0.425531914893617,0.0,0.0,0.0,0.0
bull_to_neutral,0.14,0.98,15.0,-0.05,0,103,103,0.5339805825242718,0.412,0.625,0.425531914893617,0.5339805825242718,0.412,0.625,0.425531914893617,0.0,0.0,0.0,0.0
bull_to_bear,0.14,0.98,15.0,-0.05,0,103,103,0.5339805825242718,0.412,0.625,0.425531914893617,0.5339805825242718,0.412,0.625,0.425531914893617,0.0,0.0,0.0,0.0
bull_to_neutral,0.14,0.98,15.0,-0.1,0,103,103,0.5339805825242718,0.412,0.625,0.425531914893617,0.5339805825242718,0.412,0.625,0.425531914893617,0.0,0.0,0.0,0.0
bull_to_bear,0.14,0.98,15.0,-0.1,0,103,103,0.5339805825242718,0.412,0.625,0.425531914893617,0.5339805825242718,0.412,0.625,0.425531914893617,0.0,0.0,0.0,0.0
bull_to_neutral,0.14,0.97,,,0,103,103,0.5339805825242718,0.412,0.625,0.425531914893617,0.5339805825242718,0.412,0.625,0.425531914893617,0.0,0.0,0.0,0.0
bull_to_bear,0.14,0.97,,,0,103,103,0.5339805825242718,0.412,0.625,0.425531914893617,0.5339805825242718,0.412,0.625,0.425531914893617,0.0,0.0,0.0,0.0
bull_to_neutral,0.14,0.97,,0.0,0,103,103,0.5339805825242718,0.412,0.625,0.425531914893617,0.5339805825242718,0.412,0.625,0.425531914893617,0.0,0.0,0.0,0.0
bull_to_bear,0.14,0.97,,0.0,0,103,103,0.5339805825242718,0.412,0.625,0.425531914893617,0.5339805825242718,0.412,0.625,0.425531914893617,0.0,0.0,0.0,0.0
bull_to_neutral,0.14,0.97,,-0.05,0,103,103,0.5339805825242718,0.412,0.625,0.425531914893617,0.5339805825242718,0.412,0.625,0.425531914893617,0.0,0.0,0.0,0.0
bull_to_bear,0.14,0.97,,-0.05,0,103,103,0.5339805825242718,0.412,0.625,0.425531914893617,0.5339805825242718,0.412,0.625,0.425531914893617,0.0,0.0,0.0,0.0
bull_to_neutral,0.14,0.97,,-0.1,0,103,103,0.5339805825242718,0.412,0.625,0.425531914893617,0.5339805825242718,0.412,0.625,0.425531914893617,0.0,0.0,0.0,0.0
bull_to_bear,0.14,0.97,,-0.1,0,103,103,0.5339805825242718,0.412,0.625,0.425531914893617,0.5339805825242718,0.412,0.625,0.425531914893617,0.0,0.0,0.0,0.0
bull_to_neutral,0.14,0.97,0.0,,0,103,103,0.5339805825242718,0.412,0.625,0.425531914893617,0.5339805825242718,0.412,0.625,0.425531914893617,0.0,0.0,0.0,0.0
bull_to_bear,0.14,0.97,0.0,,0,103,103,0.5339805825242718,0.412,0.625,0.425531914893617,0.5339805825242718,0.412,0.625,0.425531914893617,0.0,0.0,0.0,0.0
bull_to_neutral,0.14,0.97,0.0,0.0,0,103,103,0.5339805825242718,0.412,0.625,0.425531914893617,0.5339805825242718,0.412,0.625,0.425531914893617,0.0,0.0,0.0,0.0
bull_to_bear,0.14,0.97,0.0,0.0,0,103,103,0.5339805825242718,0.412,0.625,0.425531914893617,0.5339805825242718,0.412,0.625,0.425531914893617,0.0,0.0,0.0,0.0
bull_to_neutral,0.14,0.97,0.0,-0.05,0,103,103,0.5339805825242718,0.412,0.625,0.425531914893617,0.5339805825242718,0.412,0.625,0.425531914893617,0.0,0.0,0.0,0.0
bull_to_bear,0.14,0.97,0.0,-0.05,0,103,103,0.5339805825242718,0.412,0.625,0.425531914893617,0.5339805825242718,0.412,0.625,0.425531914893617,0.0,0.0,0.0,0.0
bull_to_neutral,0.14,0.97,0.0,-0.1,0,103,103,0.5339805825242718,0.412,0.625,0.425531914893617,0.5339805825242718,0.412,0.625,0.425531914893617,0.0,0.0,0.0,0.0
bull_to_bear,0.14,0.97,0.0,-0.1,0,103,103,0.5339805825242718,0.412,0.625,0.425531914893617,0.5339805825242718,0.412,0.625,0.425531914893617,0.0,0.0,0.0,0.0
bull_to_neutral,0.14,0.97,5.0,,0,103,103,0.5339805825242718,0.412,0.625,0.425531914893617,0.5339805825242718,0.412,0.625,0.425531914893617,0.0,0.0,0.0,0.0
bull_to_bear,0.14,0.97,5.0,,0,103,103,0.5339805825242718,0.412,0.625,0.425531914893617,0.5339805825242718,0.412,0.625,0.425531914893617,0.0,0.0,0.0,0.0
bull_to_neutral,0.14,0.97,5.0,0.0,0,103,103,0.5339805825242718,0.412,0.625,0.425531914893617,0.5339805825242718,0.412,0.625,0.425531914893617,0.0,0.0,0.0,0.0
bull_to_bear,0.14,0.97,5.0,0.0,0,103,103,0.5339805825242718,0.412,0.625,0.425531914893617,0.5339805825242718,0.412,0.625,0.425531914893617,0.0,0.0,0.0,0.0
bull_to_neutral,0.14,0.97,5.0,-0.05,0,103,103,0.5339805825242718,0.412,0.625,0.425531914893617,0.5339805825242718,0.412,0.625,0.425531914893617,0.0,0.0,0.0,0.0
bull_to_bear,0.14,0.97,5.0,-0.05,0,103,103,0.5339805825242718,0.412,0.625,0.425531914893617,0.5339805825242718,0.412,0.625,0.425531914893617,0.0,0.0,0.0,0.0
bull_to_neutral,0.14,0.97,5.0,-0.1,0,103,103,0.5339805825242718,0.412,0.625,0.425531914893617,0.5339805825242718,0.412,0.625,0.425531914893617,0.0,0.0,0.0,0.0
bull_to_bear,0.14,0.97,5.0,-0.1,0,103,103,0.5339805825242718,0.412,0.625,0.425531914893617,0.5339805825242718,0.412,0.625,0.425531914893617,0.0,0.0,0.0,0.0
bull_to_neutral,0.14,0.97,10.0,,0,103,103,0.5339805825242718,0.412,0.625,0.425531914893617,0.5339805825242718,0.412,0.625,0.425531914893617,0.0,0.0,0.0,0.0
bull_to_bear,0.14,0.97,10.0,,0,103,103,0.5339805825242718,0.412,0.625,0.425531914893617,0.5339805825242718,0.412,0.625,0.425531914893617,0.0,0.0,0.0,0.0
bull_to_neutral,0.14,0.97,10.0,0.0,0,103,103,0.5339805825242718,0.412,0.625,0.425531914893617,0.5339805825242718,0.412,0.625,0.425531914893617,0.0,0.0,0.0,0.0
bull_to_bear,0.14,0.97,10.0,0.0,0,103,103,0.5339805825242718,0.412,0.625,0.425531914893617,0.5339805825242718,0.412,0.625,0.425531914893617,0.0,0.0,0.0,0.0
bull_to_neutral,0.14,0.97,10.0,-0.05,0,103,103,0.5339805825242718,0.412,0.625,0.425531914893617,0.5339805825242718,0.412,0.625,0.425531914893617,0.0,0.0,0.0,0.0
bull_to_bear,0.14,0.97,10.0,-0.05,0,103,103,0.5339805825242718,0.412,0.625,0.425531914893617,0.5339805825242718,0.412,0.625,0.425531914893617,0.0,0.0,0.0,0.0
bull_to_neutral,0.14,0.97,10.0,-0.1,0,103,103,0.5339805825242718,0.412,0.625,0.425531914893617,0.5339805825242718,0.412,0.625,0.425531914893617,0.0,0.0,0.0,0.0
bull_to_bear,0.14,0.97,10.0,-0.1,0,103,103,0.5339805825242718,0.412,0.625,0.425531914893617,0.5339805825242718,0.412,0.625,0.425531914893617,0.0,0.0,0.0,0.0
bull_to_neutral,0.14,0.97,15.0,,0,103,103,0.5339805825242718,0.412,0.625,0.425531914893617,0.5339805825242718,0.412,0.625,0.425531914893617,0.0,0.0,0.0,0.0
bull_to_bear,0.14,0.97,15.0,,0,103,103,0.5339805825242718,0.412,0.625,0.425531914893617,0.5339805825242718,0.412,0.625,0.425531914893617,0.0,0.0,0.0,0.0
bull_to_neutral,0.14,0.97,15.0,0.0,0,103,103,0.5339805825242718,0.412,0.625,0.425531914893617,0.5339805825242718,0.412,0.625,0.425531914893617,0.0,0.0,0.0,0.0
bull_to_bear,0.14,0.97,15.0,0.0,0,103,103,0.5339805825242718,0.412,0.625,0.425531914893617,0.5339805825242718,0.412,0.625,0.425531914893617,0.0,0.0,0.0,0.0
bull_to_neutral,0.14,0.97,15.0,-0.05,0,103,103,0.5339805825242718,0.412,0.625,0.425531914893617,0.5339805825242718,0.412,0.625,0.425531914893617,0.0,0.0,0.0,0.0
bull_to_bear,0.14,0.97,15.0,-0.05,0,103,103,0.5339805825242718,0.412,0.625,0.425531914893617,0.5339805825242718,0.412,0.625,0.425531914893617,0.0,0.0,0.0,0.0
bull_to_neutral,0.14,0.97,15.0,-0.1,0,103,103,0.5339805825242718,0.412,0.625,0.425531914893617,0.5339805825242718,0.412,0.625,0.425531914893617,0.0,0.0,0.0,0.0
bull_to_bear,0.14,0.97,15.0,-0.1,0,103,103,0.5339805825242718,0.412,0.625,0.425531914893617,0.5339805825242718,0.412,0.625,0.425531914893617,0.0,0.0,0.0,0.0
bull_to_neutral,0.14,0.95,,,0,103,103,0.5339805825242718,0.412,0.625,0.425531914893617,0.5339805825242718,0.412,0.625,0.425531914893617,0.0,0.0,0.0,0.0
bull_to_bear,0.14,0.95,,,0,103,103,0.5339805825242718,0.412,0.625,0.425531914893617,0.5339805825242718,0.412,0.625,0.425531914893617,0.0,0.0,0.0,0.0
bull_to_neutral,0.14,0.95,,0.0,0,103,103,0.5339805825242718,0.412,0.625,0.425531914893617,0.5339805825242718,0.412,0.625,0.425531914893617,0.0,0.0,0.0,0.0
bull_to_bear,0.14,0.95,,0.0,0,103,103,0.5339805825242718,0.412,0.625,0.425531914893617,0.5339805825242718,0.412,0.625,0.425531914893617,0.0,0.0,0.0,0.0
bull_to_neutral,0.14,0.95,,-0.05,0,103,103,0.5339805825242718,0.412,0.625,0.425531914893617,0.5339805825242718,0.412,0.625,0.425531914893617,0.0,0.0,0.0,0.0
bull_to_bear,0.14,0.95,,-0.05,0,103,103,0.5339805825242718,0.412,0.625,0.425531914893617,0.5339805825242718,0.412,0.625,0.425531914893617,0.0,0.0,0.0,0.0
bull_to_neutral,0.14,0.95,,-0.1,0,103,103,0.5339805825242718,0.412,0.625,0.425531914893617,0.5339805825242718,0.412,0.625,0.425531914893617,0.0,0.0,0.0,0.0
bull_to_bear,0.14,0.95,,-0.1,0,103,103,0.5339805825242718,0.412,0.625,0.425531914893617,0.5339805825242718,0.412,0.625,0.425531914893617,0.0,0.0,0.0,0.0
bull_to_neutral,0.14,0.95,0.0,,0,103,103,0.5339805825242718,0.412,0.625,0.425531914893617,0.5339805825242718,0.412,0.625,0.425531914893617,0.0,0.0,0.0,0.0
bull_to_bear,0.14,0.95,0.0,,0,103,103,0.5339805825242718,0.412,0.625,0.425531914893617,0.5339805825242718,0.412,0.625,0.425531914893617,0.0,0.0,0.0,0.0
bull_to_neutral,0.14,0.95,0.0,0.0,0,103,103,0.5339805825242718,0.412,0.625,0.425531914893617,0.5339805825242718,0.412,0.625,0.425531914893617,0.0,0.0,0.0,0.0
bull_to_bear,0.14,0.95,0.0,0.0,0,103,103,0.5339805825242718,0.412,0.625,0.425531914893617,0.5339805825242718,0.412,0.625,0.425531914893617,0.0,0.0,0.0,0.0
bull_to_neutral,0.14,0.95,0.0,-0.05,0,103,103,0.5339805825242718,0.412,0.625,0.425531914893617,0.5339805825242718,0.412,0.625,0.425531914893617,0.0,0.0,0.0,0.0
bull_to_bear,0.14,0.95,0.0,-0.05,0,103,103,0.5339805825242718,0.412,0.625,0.425531914893617,0.5339805825242718,0.412,0.625,0.425531914893617,0.0,0.0,0.0,0.0
bull_to_neutral,0.14,0.95,0.0,-0.1,0,103,103,0.5339805825242718,0.412,0.625,0.425531914893617,0.5339805825242718,0.412,0.625,0.425531914893617,0.0,0.0,0.0,0.0
bull_to_bear,0.14,0.95,0.0,-0.1,0,103,103,0.5339805825242718,0.412,0.625,0.425531914893617,0.5339805825242718,0.412,0.625,0.425531914893617,0.0,0.0,0.0,0.0
bull_to_neutral,0.14,0.95,5.0,,0,103,103,0.5339805825242718,0.412,0.625,0.425531914893617,0.5339805825242718,0.412,0.625,0.425531914893617,0.0,0.0,0.0,0.0
bull_to_bear,0.14,0.95,5.0,,0,103,103,0.5339805825242718,0.412,0.625,0.425531914893617,0.5339805825242718,0.412,0.625,0.425531914893617,0.0,0.0,0.0,0.0
bull_to_neutral,0.14,0.95,5.0,0.0,0,103,103,0.5339805825242718,0.412,0.625,0.425531914893617,0.5339805825242718,0.412,0.625,0.425531914893617,0.0,0.0,0.0,0.0
bull_to_bear,0.14,0.95,5.0,0.0,0,103,103,0.5339805825242718,0.412,0.625,0.425531914893617,0.5339805825242718,0.412,0.625,0.425531914893617,0.0,0.0,0.0,0.0
bull_to_neutral,0.14,0.95,5.0,-0.05,0,103,103,0.5339805825242718,0.412,0.625,0.425531914893617,0.5339805825242718,0.412,0.625,0.425531914893617,0.0,0.0,0.0,0.0
bull_to_bear,0.14,0.95,5.0,-0.05,0,103,103,0.5339805825242718,0.412,0.625,0.425531914893617,0.5339805825242718,0.412,0.625,0.425531914893617,0.0,0.0,0.0,0.0
bull_to_neutral,0.14,0.95,5.0,-0.1,0,103,103,0.5339805825242718,0.412,0.625,0.425531914893617,0.5339805825242718,0.412,0.625,0.425531914893617,0.0,0.0,0.0,0.0
bull_to_bear,0.14,0.95,5.0,-0.1,0,103,103,0.5339805825242718,0.412,0.625,0.425531914893617,0.5339805825242718,0.412,0.625,0.425531914893617,0.0,0.0,0.0,0.0
bull_to_neutral,0.14,0.95,10.0,,0,103,103,0.5339805825242718,0.412,0.625,0.425531914893617,0.5339805825242718,0.412,0.625,0.425531914893617,0.0,0.0,0.0,0.0
bull_to_bear,0.14,0.95,10.0,,0,103,103,0.5339805825242718,0.412,0.625,0.425531914893617,0.5339805825242718,0.412,0.625,0.425531914893617,0.0,0.0,0.0,0.0
bull_to_neutral,0.14,0.95,10.0,0.0,0,103,103,0.5339805825242718,0.412,0.625,0.425531914893617,0.5339805825242718,0.412,0.625,0.425531914893617,0.0,0.0,0.0,0.0
bull_to_bear,0.14,0.95,10.0,0.0,0,103,103,0.5339805825242718,0.412,0.625,0.425531914893617,0.5339805825242718,0.412,0.625,0.425531914893617,0.0,0.0,0.0,0.0
bull_to_neutral,0.14,0.95,10.0,-0.05,0,103,103,0.5339805825242718,0.412,0.625,0.425531914893617,0.5339805825242718,0.412,0.625,0.425531914893617,0.0,0.0,0.0,0.0
bull_to_bear,0.14,0.95,10.0,-0.05,0,103,103,0.5339805825242718,0.412,0.625,0.425531914893617,0.5339805825242718,0.412,0.625,0.425531914893617,0.0,0.0,0.0,0.0
bull_to_neutral,0.14,0.95,10.0,-0.1,0,103,103,0.5339805825242718,0.412,0.625,0.425531914893617,0.5339805825242718,0.412,0.625,0.425531914893617,0.0,0.0,0.0,0.0
bull_to_bear,0.14,0.95,10.0,-0.1,0,103,103,0.5339805825242718,0.412,0.625,0.425531914893617,0.5339805825242718,0.412,0.625,0.425531914893617,0.0,0.0,0.0,0.0
bull_to_neutral,0.14,0.95,15.0,,0,103,103,0.5339805825242718,0.412,0.625,0.425531914893617,0.5339805825242718,0.412,0.625,0.425531914893617,0.0,0.0,0.0,0.0
bull_to_bear,0.14,0.95,15.0,,0,103,103,0.5339805825242718,0.412,0.625,0.425531914893617,0.5339805825242718,0.412,0.625,0.425531914893617,0.0,0.0,0.0,0.0
bull_to_neutral,0.14,0.95,15.0,0.0,0,103,103,0.5339805825242718,0.412,0.625,0.425531914893617,0.5339805825242718,0.412,0.625,0.425531914893617,0.0,0.0,0.0,0.0
bull_to_bear,0.14,0.95,15.0,0.0,0,103,103,0.5339805825242718,0.412,0.625,0.425531914893617,0.5339805825242718,0.412,0.625,0.425531914893617,0.0,0.0,0.0,0.0
bull_to_neutral,0.14,0.95,15.0,-0.05,0,103,103,0.5339805825242718,0.412,0.625,0.425531914893617,0.5339805825242718,0.412,0.625,0.425531914893617,0.0,0.0,0.0,0.0
bull_to_bear,0.14,0.95,15.0,-0.05,0,103,103,0.5339805825242718,0.412,0.625,0.425531914893617,0.5339805825242718,0.412,0.625,0.425531914893617,0.0,0.0,0.0,0.0
bull_to_neutral,0.14,0.95,15.0,-0.1,0,103,103,0.5339805825242718,0.412,0.625,0.425531914893617,0.5339805825242718,0.412,0.625,0.425531914893617,0.0,0.0,0.0,0.0
bull_to_bear,0.14,0.95,15.0,-0.1,0,103,103,0.5339805825242718,0.412,0.625,0.425531914893617,0.5339805825242718,0.412,0.625,0.425531914893617,0.0,0.0,0.0,0.0
bull_to_neutral,0.14,0.93,,,0,103,103,0.5339805825242718,0.412,0.625,0.425531914893617,0.5339805825242718,0.412,0.625,0.425531914893617,0.0,0.0,0.0,0.0
bull_to_bear,0.14,0.93,,,0,103,103,0.5339805825242718,0.412,0.625,0.425531914893617,0.5339805825242718,0.412,0.625,0.425531914893617,0.0,0.0,0.0,0.0
bull_to_neutral,0.14,0.93,,0.0,0,103,103,0.5339805825242718,0.412,0.625,0.425531914893617,0.5339805825242718,0.412,0.625,0.425531914893617,0.0,0.0,0.0,0.0
bull_to_bear,0.14,0.93,,0.0,0,103,103,0.5339805825242718,0.412,0.625,0.425531914893617,0.5339805825242718,0.412,0.625,0.425531914893617,0.0,0.0,0.0,0.0
bull_to_neutral,0.14,0.93,,-0.05,0,103,103,0.5339805825242718,0.412,0.625,0.425531914893617,0.5339805825242718,0.412,0.625,0.425531914893617,0.0,0.0,0.0,0.0
bull_to_bear,0.14,0.93,,-0.05,0,103,103,0.5339805825242718,0.412,0.625,0.425531914893617,0.5339805825242718,0.412,0.625,0.425531914893617,0.0,0.0,0.0,0.0
bull_to_neutral,0.14,0.93,,-0.1,0,103,103,0.5339805825242718,0.412,0.625,0.425531914893617,0.5339805825242718,0.412,0.625,0.425531914893617,0.0,0.0,0.0,0.0
bull_to_bear,0.14,0.93,,-0.1,0,103,103,0.5339805825242718,0.412,0.625,0.425531914893617,0.5339805825242718,0.412,0.625,0.425531914893617,0.0,0.0,0.0,0.0
bull_to_neutral,0.14,0.93,0.0,,0,103,103,0.5339805825242718,0.412,0.625,0.425531914893617,0.5339805825242718,0.412,0.625,0.425531914893617,0.0,0.0,0.0,0.0
bull_to_bear,0.14,0.93,0.0,,0,103,103,0.5339805825242718,0.412,0.625,0.425531914893617,0.5339805825242718,0.412,0.625,0.425531914893617,0.0,0.0,0.0,0.0
bull_to_neutral,0.14,0.93,0.0,0.0,0,103,103,0.5339805825242718,0.412,0.625,0.425531914893617,0.5339805825242718,0.412,0.625,0.425531914893617,0.0,0.0,0.0,0.0
bull_to_bear,0.14,0.93,0.0,0.0,0,103,103,0.5339805825242718,0.412,0.625,0.425531914893617,0.5339805825242718,0.412,0.625,0.425531914893617,0.0,0.0,0.0,0.0
bull_to_neutral,0.14,0.93,0.0,-0.05,0,103,103,0.5339805825242718,0.412,0.625,0.425531914893617,0.5339805825242718,0.412,0.625,0.425531914893617,0.0,0.0,0.0,0.0
bull_to_bear,0.14,0.93,0.0,-0.05,0,103,103,0.5339805825242718,0.412,0.625,0.425531914893617,0.5339805825242718,0.412,0.625,0.425531914893617,0.0,0.0,0.0,0.0
bull_to_neutral,0.14,0.93,0.0,-0.1,0,103,103,0.5339805825242718,0.412,0.625,0.425531914893617,0.5339805825242718,0.412,0.625,0.425531914893617,0.0,0.0,0.0,0.0
bull_to_bear,0.14,0.93,0.0,-0.1,0,103,103,0.5339805825242718,0.412,0.625,0.425531914893617,0.5339805825242718,0.412,0.625,0.425531914893617,0.0,0.0,0.0,0.0
bull_to_neutral,0.14,0.93,5.0,,0,103,103,0.5339805825242718,0.412,0.625,0.425531914893617,0.5339805825242718,0.412,0.625,0.425531914893617,0.0,0.0,0.0,0.0
bull_to_bear,0.14,0.93,5.0,,0,103,103,0.5339805825242718,0.412,0.625,0.425531914893617,0.5339805825242718,0.412,0.625,0.425531914893617,0.0,0.0,0.0,0.0
bull_to_neutral,0.14,0.93,5.0,0.0,0,103,103,0.5339805825242718,0.412,0.625,0.425531914893617,0.5339805825242718,0.412,0.625,0.425531914893617,0.0,0.0,0.0,0.0
bull_to_bear,0.14,0.93,5.0,0.0,0,103,103,0.5339805825242718,0.412,0.625,0.425531914893617,0.5339805825242718,0.412,0.625,0.425531914893617,0.0,0.0,0.0,0.0
bull_to_neutral,0.14,0.93,5.0,-0.05,0,103,103,0.5339805825242718,0.412,0.625,0.425531914893617,0.5339805825242718,0.412,0.625,0.425531914893617,0.0,0.0,0.0,0.0
bull_to_bear,0.14,0.93,5.0,-0.05,0,103,103,0.5339805825242718,0.412,0.625,0.425531914893617,0.5339805825242718,0.412,0.625,0.425531914893617,0.0,0.0,0.0,0.0
bull_to_neutral,0.14,0.93,5.0,-0.1,0,103,103,0.5339805825242718,0.412,0.625,0.425531914893617,0.5339805825242718,0.412,0.625,0.425531914893617,0.0,0.0,0.0,0.0
bull_to_bear,0.14,0.93,5.0,-0.1,0,103,103,0.5339805825242718,0.412,0.625,0.425531914893617,0.5339805825242718,0.412,0.625,0.425531914893617,0.0,0.0,0.0,0.0
bull_to_neutral,0.14,0.93,10.0,,0,103,103,0.5339805825242718,0.412,0.625,0.425531914893617,0.5339805825242718,0.412,0.625,0.425531914893617,0.0,0.0,0.0,0.0
bull_to_bear,0.14,0.93,10.0,,0,103,103,0.5339805825242718,0.412,0.625,0.425531914893617,0.5339805825242718,0.412,0.625,0.425531914893617,0.0,0.0,0.0,0.0
bull_to_neutral,0.14,0.93,10.0,0.0,0,103,103,0.5339805825242718,0.412,0.625,0.425531914893617,0.5339805825242718,0.412,0.625,0.425531914893617,0.0,0.0,0.0,0.0
bull_to_bear,0.14,0.93,10.0,0.0,0,103,103,0.5339805825242718,0.412,0.625,0.425531914893617,0.5339805825242718,0.412,0.625,0.425531914893617,0.0,0.0,0.0,0.0
bull_to_neutral,0.14,0.93,10.0,-0.05,0,103,103,0.5339805825242718,0.412,0.625,0.425531914893617,0.5339805825242718,0.412,0.625,0.425531914893617,0.0,0.0,0.0,0.0
bull_to_bear,0.14,0.93,10.0,-0.05,0,103,103,0.5339805825242718,0.412,0.625,0.425531914893617,0.5339805825242718,0.412,0.625,0.425531914893617,0.0,0.0,0.0,0.0
bull_to_neutral,0.14,0.93,10.0,-0.1,0,103,103,0.5339805825242718,0.412,0.625,0.425531914893617,0.5339805825242718,0.412,0.625,0.425531914893617,0.0,0.0,0.0,0.0
bull_to_bear,0.14,0.93,10.0,-0.1,0,103,103,0.5339805825242718,0.412,0.625,0.425531914893617,0.5339805825242718,0.412,0.625,0.425531914893617,0.0,0.0,0.0,0.0
bull_to_neutral,0.14,0.93,15.0,,0,103,103,0.5339805825242718,0.412,0.625,0.425531914893617,0.5339805825242718,0.412,0.625,0.425531914893617,0.0,0.0,0.0,0.0
bull_to_bear,0.14,0.93,15.0,,0,103,103,0.5339805825242718,0.412,0.625,0.425531914893617,0.5339805825242718,0.412,0.625,0.425531914893617,0.0,0.0,0.0,0.0
bull_to_neutral,0.14,0.93,15.0,0.0,0,103,103,0.5339805825242718,0.412,0.625,0.425531914893617,0.5339805825242718,0.412,0.625,0.425531914893617,0.0,0.0,0.0,0.0
bull_to_bear,0.14,0.93,15.0,0.0,0,103,103,0.5339805825242718,0.412,0.625,0.425531914893617,0.5339805825242718,0.412,0.625,0.425531914893617,0.0,0.0,0.0,0.0
bull_to_neutral,0.14,0.93,15.0,-0.05,0,103,103,0.5339805825242718,0.412,0.625,0.425531914893617,0.5339805825242718,0.412,0.625,0.425531914893617,0.0,0.0,0.0,0.0
bull_to_bear,0.14,0.93,15.0,-0.05,0,103,103,0.5339805825242718,0.412,0.625,0.425531914893617,0.5339805825242718,0.412,0.625,0.425531914893617,0.0,0.0,0.0,0.0
bull_to_neutral,0.14,0.93,15.0,-0.1,0,103,103,0.5339805825242718,0.412,0.625,0.425531914893617,0.5339805825242718,0.412,0.625,0.425531914893617,0.0,0.0,0.0,0.0
bull_to_bear,0.14,0.93,15.0,-0.1,0,103,103,0.5339805825242718,0.412,0.625,0.425531914893617,0.5339805825242718,0.412,0.625,0.425531914893617,0.0,0.0,0.0,0.0
bull_to_neutral,0.14,0.9,,,0,103,103,0.5339805825242718,0.412,0.625,0.425531914893617,0.5339805825242718,0.412,0.625,0.425531914893617,0.0,0.0,0.0,0.0
bull_to_bear,0.14,0.9,,,0,103,103,0.5339805825242718,0.412,0.625,0.425531914893617,0.5339805825242718,0.412,0.625,0.425531914893617,0.0,0.0,0.0,0.0
bull_to_neutral,0.14,0.9,,0.0,0,103,103,0.5339805825242718,0.412,0.625,0.425531914893617,0.5339805825242718,0.412,0.625,0.425531914893617,0.0,0.0,0.0,0.0
bull_to_bear,0.14,0.9,,0.0,0,103,103,0.5339805825242718,0.412,0.625,0.425531914893617,0.5339805825242718,0.412,0.625,0.425531914893617,0.0,0.0,0.0,0.0
bull_to_neutral,0.14,0.9,,-0.05,0,103,103,0.5339805825242718,0.412,0.625,0.425531914893617,0.5339805825242718,0.412,0.625,0.425531914893617,0.0,0.0,0.0,0.0
bull_to_bear,0.14,0.9,,-0.05,0,103,103,0.5339805825242718,0.412,0.625,0.425531914893617,0.5339805825242718,0.412,0.625,0.425531914893617,0.0,0.0,0.0,0.0
bull_to_neutral,0.14,0.9,,-0.1,0,103,103,0.5339805825242718,0.412,0.625,0.425531914893617,0.5339805825242718,0.412,0.625,0.425531914893617,0.0,0.0,0.0,0.0
bull_to_bear,0.14,0.9,,-0.1,0,103,103,0.5339805825242718,0.412,0.625,0.425531914893617,0.5339805825242718,0.412,0.625,0.425531914893617,0.0,0.0,0.0,0.0
bull_to_neutral,0.14,0.9,0.0,,0,103,103,0.5339805825242718,0.412,0.625,0.425531914893617,0.5339805825242718,0.412,0.625,0.425531914893617,0.0,0.0,0.0,0.0
bull_to_bear,0.14,0.9,0.0,,0,103,103,0.5339805825242718,0.412,0.625,0.425531914893617,0.5339805825242718,0.412,0.625,0.425531914893617,0.0,0.0,0.0,0.0
bull_to_neutral,0.14,0.9,0.0,0.0,0,103,103,0.5339805825242718,0.412,0.625,0.425531914893617,0.5339805825242718,0.412,0.625,0.425531914893617,0.0,0.0,0.0,0.0
bull_to_bear,0.14,0.9,0.0,0.0,0,103,103,0.5339805825242718,0.412,0.625,0.425531914893617,0.5339805825242718,0.412,0.625,0.425531914893617,0.0,0.0,0.0,0.0
bull_to_neutral,0.14,0.9,0.0,-0.05,0,103,103,0.5339805825242718,0.412,0.625,0.425531914893617,0.5339805825242718,0.412,0.625,0.425531914893617,0.0,0.0,0.0,0.0
bull_to_bear,0.14,0.9,0.0,-0.05,0,103,103,0.5339805825242718,0.412,0.625,0.425531914893617,0.5339805825242718,0.412,0.625,0.425531914893617,0.0,0.0,0.0,0.0
bull_to_neutral,0.14,0.9,0.0,-0.1,0,103,103,0.5339805825242718,0.412,0.625,0.425531914893617,0.5339805825242718,0.412,0.625,0.425531914893617,0.0,0.0,0.0,0.0
bull_to_bear,0.14,0.9,0.0,-0.1,0,103,103,0.5339805825242718,0.412,0.625,0.425531914893617,0.5339805825242718,0.412,0.625,0.425531914893617,0.0,0.0,0.0,0.0
bull_to_neutral,0.14,0.9,5.0,,0,103,103,0.5339805825242718,0.412,0.625,0.425531914893617,0.5339805825242718,0.412,0.625,0.425531914893617,0.0,0.0,0.0,0.0
bull_to_bear,0.14,0.9,5.0,,0,103,103,0.5339805825242718,0.412,0.625,0.425531914893617,0.5339805825242718,0.412,0.625,0.425531914893617,0.0,0.0,0.0,0.0
bull_to_neutral,0.14,0.9,5.0,0.0,0,103,103,0.5339805825242718,0.412,0.625,0.425531914893617,0.5339805825242718,0.412,0.625,0.425531914893617,0.0,0.0,0.0,0.0
bull_to_bear,0.14,0.9,5.0,0.0,0,103,103,0.5339805825242718,0.412,0.625,0.425531914893617,0.5339805825242718,0.412,0.625,0.425531914893617,0.0,0.0,0.0,0.0
bull_to_neutral,0.14,0.9,5.0,-0.05,0,103,103,0.5339805825242718,0.412,0.625,0.425531914893617,0.5339805825242718,0.412,0.625,0.425531914893617,0.0,0.0,0.0,0.0
bull_to_bear,0.14,0.9,5.0,-0.05,0,103,103,0.5339805825242718,0.412,0.625,0.425531914893617,0.5339805825242718,0.412,0.625,0.425531914893617,0.0,0.0,0.0,0.0
bull_to_neutral,0.14,0.9,5.0,-0.1,0,103,103,0.5339805825242718,0.412,0.625,0.425531914893617,0.5339805825242718,0.412,0.625,0.425531914893617,0.0,0.0,0.0,0.0
bull_to_bear,0.14,0.9,5.0,-0.1,0,103,103,0.5339805825242718,0.412,0.625,0.425531914893617,0.5339805825242718,0.412,0.625,0.425531914893617,0.0,0.0,0.0,0.0
bull_to_neutral,0.14,0.9,10.0,,0,103,103,0.5339805825242718,0.412,0.625,0.425531914893617,0.5339805825242718,0.412,0.625,0.425531914893617,0.0,0.0,0.0,0.0
bull_to_bear,0.14,0.9,10.0,,0,103,103,0.5339805825242718,0.412,0.625,0.425531914893617,0.5339805825242718,0.412,0.625,0.425531914893617,0.0,0.0,0.0,0.0
bull_to_neutral,0.14,0.9,10.0,0.0,0,103,103,0.5339805825242718,0.412,0.625,0.425531914893617,0.5339805825242718,0.412,0.625,0.425531914893617,0.0,0.0,0.0,0.0
bull_to_bear,0.14,0.9,10.0,0.0,0,103,103,0.5339805825242718,0.412,0.625,0.425531914893617,0.5339805825242718,0.412,0.625,0.425531914893617,0.0,0.0,0.0,0.0
bull_to_neutral,0.14,0.9,10.0,-0.05,0,103,103,0.5339805825242718,0.412,0.625,0.425531914893617,0.5339805825242718,0.412,0.625,0.425531914893617,0.0,0.0,0.0,0.0
bull_to_bear,0.14,0.9,10.0,-0.05,0,103,103,0.5339805825242718,0.412,0.625,0.425531914893617,0.5339805825242718,0.412,0.625,0.425531914893617,0.0,0.0,0.0,0.0
bull_to_neutral,0.14,0.9,10.0,-0.1,0,103,103,0.5339805825242718,0.412,0.625,0.425531914893617,0.5339805825242718,0.412,0.625,0.425531914893617,0.0,0.0,0.0,0.0
bull_to_bear,0.14,0.9,10.0,-0.1,0,103,103,0.5339805825242718,0.412,0.625,0.425531914893617,0.5339805825242718,0.412,0.625,0.425531914893617,0.0,0.0,0.0,0.0
bull_to_neutral,0.14,0.9,15.0,,0,103,103,0.5339805825242718,0.412,0.625,0.425531914893617,0.5339805825242718,0.412,0.625,0.425531914893617,0.0,0.0,0.0,0.0
bull_to_bear,0.14,0.9,15.0,,0,103,103,0.5339805825242718,0.412,0.625,0.425531914893617,0.5339805825242718,0.412,0.625,0.425531914893617,0.0,0.0,0.0,0.0
bull_to_neutral,0.14,0.9,15.0,0.0,0,103,103,0.5339805825242718,0.412,0.625,0.425531914893617,0.5339805825242718,0.412,0.625,0.425531914893617,0.0,0.0,0.0,0.0
bull_to_bear,0.14,0.9,15.0,0.0,0,103,103,0.5339805825242718,0.412,0.625,0.425531914893617,0.5339805825242718,0.412,0.625,0.425531914893617,0.0,0.0,0.0,0.0
bull_to_neutral,0.14,0.9,15.0,-0.05,0,103,103,0.5339805825242718,0.412,0.625,0.425531914893617,0.5339805825242718,0.412,0.625,0.425531914893617,0.0,0.0,0.0,0.0
bull_to_bear,0.14,0.9,15.0,-0.05,0,103,103,0.5339805825242718,0.412,0.625,0.425531914893617,0.5339805825242718,0.412,0.625,0.425531914893617,0.0,0.0,0.0,0.0
bull_to_neutral,0.14,0.9,15.0,-0.1,0,103,103,0.5339805825242718,0.412,0.625,0.425531914893617,0.5339805825242718,0.412,0.625,0.425531914893617,0.0,0.0,0.0,0.0
bull_to_bear,0.14,0.9,15.0,-0.1,0,103,103,0.5339805825242718,0.412,0.625,0.425531914893617,0.5339805825242718,0.412,0.625,0.425531914893617,0.0,0.0,0.0,0.0
bull_to_neutral,0.16,1.0,,,17,86,103,0.5339805825242718,0.412,0.625,0.425531914893617,0.5348837209302325,0.344,0.6666666666666666,0.425531914893617,0.0009031384059606795,-0.068,0.04166666666666663,0.0
bull_to_bear,0.16,1.0,,,17,103,103,0.5339805825242718,0.412,0.625,0.425531914893617,0.5242718446601942,0.412,0.6666666666666666,0.4375,-0.009708737864077666,0.0,0.04166666666666663,0.011968085106382975
bull_to_neutral,0.16,1.0,,0.0,15,88,103,0.5339805825242718,0.412,0.625,0.425531914893617,0.5340909090909091,0.352,0.6585365853658537,0.425531914893617,0.00011032656663723106,-0.06,0.03353658536585369,0.0
bull_to_bear,0.16,1.0,,0.0,15,103,103,0.5339805825242718,0.412,0.625,0.425531914893617,0.5242718446601942,0.412,0.6585365853658537,0.43548387096774194,-0.009708737864077666,0.0,0.03353658536585369,0.009951956074124912
bull_to_neutral,0.16,1.0,,-0.05,15,88,103,0.5339805825242718,0.412,0.625,0.425531914893617,0.5340909090909091,0.352,0.6585365853658537,0.425531914893617,0.00011032656663723106,-0.06,0.03353658536585369,0.0
bull_to_bear,0.16,1.0,,-0.05,15,103,103,0.5339805825242718,0.412,0.625,0.425531914893617,0.5242718446601942,0.412,0.6585365853658537,0.43548387096774194,-0.009708737864077666,0.0,0.03353658536585369,0.009951956074124912
bull_to_neutral,0.16,1.0,,-0.1,15,88,103,0.5339805825242718,0.412,0.625,0.425531914893617,0.5340909090909091,0.352,0.6585365853658537,0.425531914893617,0.00011032656663723106,-0.06,0.03353658536585369,0.0
bull_to_bear,0.16,1.0,,-0.1,15,103,103,0.5339805825242718,0.412,0.625,0.425531914893617,0.5242718446601942,0.412,0.6585365853658537,0.43548387096774194,-0.009708737864077666,0.0,0.03353658536585369,0.009951956074124912
bull_to_neutral,0.16,1.0,0.0,,10,93,103,0.5339805825242718,0.412,0.625,0.425531914893617,0.5591397849462365,0.372,0.6956521739130435,0.425531914893617,0.025159202421964677,-0.03999999999999998,0.07065217391304346,0.0
bull_to_bear,0.16,1.0,0.0,,10,103,103,0.5339805825242718,0.412,0.625,0.425531914893617,0.5728155339805825,0.412,0.6956521739130435,0.47368421052631576,0.03883495145631066,0.0,0.07065217391304346,0.04815229563269874
bull_to_neutral,0.16,1.0,0.0,0.0,10,93,103,0.5339805825242718,0.412,0.625,0.425531914893617,0.5591397849462365,0.372,0.6956521739130435,0.425531914893617,0.025159202421964677,-0.03999999999999998,0.07065217391304346,0.0
bull_to_bear,0.16,1.0,0.0,0.0,10,103,103,0.5339805825242718,0.412,0.625,0.425531914893617,0.5728155339805825,0.412,0.6956521739130435,0.47368421052631576,0.03883495145631066,0.0,0.07065217391304346,0.04815229563269874
bull_to_neutral,0.16,1.0,0.0,-0.05,10,93,103,0.5339805825242718,0.412,0.625,0.425531914893617,0.5591397849462365,0.372,0.6956521739130435,0.425531914893617,0.025159202421964677,-0.03999999999999998,0.07065217391304346,0.0
bull_to_bear,0.16,1.0,0.0,-0.05,10,103,103,0.5339805825242718,0.412,0.625,0.425531914893617,0.5728155339805825,0.412,0.6956521739130435,0.47368421052631576,0.03883495145631066,0.0,0.07065217391304346,0.04815229563269874
bull_to_neutral,0.16,1.0,0.0,-0.1,10,93,103,0.5339805825242718,0.412,0.625,0.425531914893617,0.5591397849462365,0.372,0.6956521739130435,0.425531914893617,0.025159202421964677,-0.03999999999999998,0.07065217391304346,0.0
bull_to_bear,0.16,1.0,0.0,-0.1,10,103,103,0.5339805825242718,0.412,0.625,0.425531914893617,0.5728155339805825,0.412,0.6956521739130435,0.47368421052631576,0.03883495145631066,0.0,0.07065217391304346,0.04815229563269874
bull_to_neutral,0.16,1.0,5.0,,10,93,103,0.5339805825242718,0.412,0.625,0.425531914893617,0.5591397849462365,0.372,0.6956521739130435,0.425531914893617,0.025159202421964677,-0.03999999999999998,0.07065217391304346,0.0
bull_to_bear,0.16,1.0,5.0,,10,103,103,0.5339805825242718,0.412,0.625,0.425531914893617,0.5728155339805825,0.412,0.6956521739130435,0.47368421052631576,0.03883495145631066,0.0,0.07065217391304346,0.04815229563269874
bull_to_neutral,0.16,1.0,5.0,0.0,10,93,103,0.5339805825242718,0.412,0.625,0.425531914893617,0.5591397849462365,0.372,0.6956521739130435,0.425531914893617,0.025159202421964677,-0.03999999999999998,0.07065217391304346,0.0
bull_to_bear,0.16,1.0,5.0,0.0,10,103,103,0.5339805825242718,0.412,0.625,0.425531914893617,0.5728155339805825,0.412,0.6956521739130435,0.47368421052631576,0.03883495145631066,0.0,0.07065217391304346,0.04815229563269874
bull_to_neutral,0.16,1.0,5.0,-0.05,10,93,103,0.5339805825242718,0.412,0.625,0.425531914893617,0.5591397849462365,0.372,0.6956521739130435,0.425531914893617,0.025159202421964677,-0.03999999999999998,0.07065217391304346,0.0
bull_to_bear,0.16,1.0,5.0,-0.05,10,103,103,0.5339805825242718,0.412,0.625,0.425531914893617,0.5728155339805825,0.412,0.6956521739130435,0.47368421052631576,0.03883495145631066,0.0,0.07065217391304346,0.04815229563269874
bull_to_neutral,0.16,1.0,5.0,-0.1,10,93,103,0.5339805825242718,0.412,0.625,0.425531914893617,0.5591397849462365,0.372,0.6956521739130435,0.425531914893617,0.025159202421964677,-0.03999999999999998,0.07065217391304346,0.0
bull_to_bear,0.16,1.0,5.0,-0.1,10,103,103,0.5339805825242718,0.412,0.625,0.425531914893617,0.5728155339805825,0.412,0.6956521739130435,0.47368421052631576,0.03883495145631066,0.0,0.07065217391304346,0.04815229563269874
bull_to_neutral,0.16,1.0,10.0,,9,94,103,0.5339805825242718,0.412,0.625,0.425531914893617,0.5531914893617021,0.376,0.6808510638297872,0.425531914893617,0.01921090683743032,-0.035999999999999976,0.05585106382978722,0.0
bull_to_bear,0.16,1.0,10.0,,9,103,103,0.5339805825242718,0.412,0.625,0.425531914893617,0.5631067961165048,0.412,0.6808510638297872,0.4642857142857143,0.029126213592232997,0.0,0.05585106382978722,0.03875379939209728
bull_to_neutral,0.16,1.0,10.0,0.0,9,94,103,0.5339805825242718,0.412,0.625,0.425531914893617,0.5531914893617021,0.376,0.6808510638297872,0.425531914893617,0.01921090683743032,-0.035999999999999976,0.05585106382978722,0.0
bull_to_bear,0.16,1.0,10.0,0.0,9,103,103,0.5339805825242718,0.412,0.625,0.425531914893617,0.5631067961165048,0.412,0.6808510638297872,0.4642857142857143,0.029126213592232997,0.0,0.05585106382978722,0.03875379939209728
bull_to_neutral,0.16,1.0,10.0,-0.05,9,94,103,0.5339805825242718,0.412,0.625,0.425531914893617,0.5531914893617021,0.376,0.6808510638297872,0.425531914893617,0.01921090683743032,-0.035999999999999976,0.05585106382978722,0.0
bull_to_bear,0.16,1.0,10.0,-0.05,9,103,103,0.5339805825242718,0.412,0.625,0.425531914893617,0.5631067961165048,0.412,0.6808510638297872,0.4642857142857143,0.029126213592232997,0.0,0.05585106382978722,0.03875379939209728
bull_to_neutral,0.16,1.0,10.0,-0.1,9,94,103,0.5339805825242718,0.412,0.625,0.425531914893617,0.5531914893617021,0.376,0.6808510638297872,0.425531914893617,0.01921090683743032,-0.035999999999999976,0.05585106382978722,0.0
bull_to_bear,0.16,1.0,10.0,-0.1,9,103,103,0.5339805825242718,0.412,0.625,0.425531914893617,0.5631067961165048,0.412,0.6808510638297872,0.4642857142857143,0.029126213592232997,0.0,0.05585106382978722,0.03875379939209728
bull_to_neutral,0.16,1.0,15.0,,8,95,103,0.5339805825242718,0.412,0.625,0.425531914893617,0.5473684210526316,0.38,0.6666666666666666,0.425531914893617,0.013387838528359786,-0.03199999999999997,0.04166666666666663,0.0
bull_to_bear,0.16,1.0,15.0,,8,103,103,0.5339805825242718,0.412,0.625,0.425531914893617,0.5533980582524272,0.412,0.6666666666666666,0.45454545454545453,0.01941747572815533,0.0,0.04166666666666663,0.029013539651837505
bull_to_neutral,0.16,1.0,15.0,0.0,8,95,103,0.5339805825242718,0.412,0.625,0.425531914893617,0.5473684210526316,0.38,0.6666666666666666,0.425531914893617,0.013387838528359786,-0.03199999999999997,0.04166666666666663,0.0
bull_to_bear,0.16,1.0,15.0,0.0,8,103,103,0.5339805825242718,0.412,0.625,0.425531914893617,0.5533980582524272,0.412,0.6666666666666666,0.45454545454545453,0.01941747572815533,0.0,0.04166666666666663,0.029013539651837505
bull_to_neutral,0.16,1.0,15.0,-0.05,8,95,103,0.5339805825242718,0.412,0.625,0.425531914893617,0.5473684210526316,0.38,0.6666666666666666,0.425531914893617,0.013387838528359786,-0.03199999999999997,0.04166666666666663,0.0
bull_to_bear,0.16,1.0,15.0,-0.05,8,103,103,0.5339805825242718,0.412,0.625,0.425531914893617,0.5533980582524272,0.412,0.6666666666666666,0.45454545454545453,0.01941747572815533,0.0,0.04166666666666663,0.029013539651837505
bull_to_neutral,0.16,1.0,15.0,-0.1,8,95,103,0.5339805825242718,0.412,0.625,0.425531914893617,0.5473684210526316,0.38,0.6666666666666666,0.425531914893617,0.013387838528359786,-0.03199999999999997,0.04166666666666663,0.0
bull_to_bear,0.16,1.0,15.0,-0.1,8,103,103,0.5339805825242718,0.412,0.625,0.425531914893617,0.5533980582524272,0.412,0.6666666666666666,0.45454545454545453,0.01941747572815533,0.0,0.04166666666666663,0.029013539651837505
bull_to_neutral,0.16,0.99,,,0,103,103,0.5339805825242718,0.412,0.625,0.425531914893617,0.5339805825242718,0.412,0.625,0.425531914893617,0.0,0.0,0.0,0.0
bull_to_bear,0.16,0.99,,,0,103,103,0.5339805825242718,0.412,0.625,0.425531914893617,0.5339805825242718,0.412,0.625,0.425531914893617,0.0,0.0,0.0,0.0
bull_to_neutral,0.16,0.99,,0.0,0,103,103,0.5339805825242718,0.412,0.625,0.425531914893617,0.5339805825242718,0.412,0.625,0.425531914893617,0.0,0.0,0.0,0.0
bull_to_bear,0.16,0.99,,0.0,0,103,103,0.5339805825242718,0.412,0.625,0.425531914893617,0.5339805825242718,0.412,0.625,0.425531914893617,0.0,0.0,0.0,0.0
bull_to_neutral,0.16,0.99,,-0.05,0,103,103,0.5339805825242718,0.412,0.625,0.425531914893617,0.5339805825242718,0.412,0.625,0.425531914893617,0.0,0.0,0.0,0.0
bull_to_bear,0.16,0.99,,-0.05,0,103,103,0.5339805825242718,0.412,0.625,0.425531914893617,0.5339805825242718,0.412,0.625,0.425531914893617,0.0,0.0,0.0,0.0
bull_to_neutral,0.16,0.99,,-0.1,0,103,103,0.5339805825242718,0.412,0.625,0.425531914893617,0.5339805825242718,0.412,0.625,0.425531914893617,0.0,0.0,0.0,0.0
bull_to_bear,0.16,0.99,,-0.1,0,103,103,0.5339805825242718,0.412,0.625,0.425531914893617,0.5339805825242718,0.412,0.625,0.425531914893617,0.0,0.0,0.0,0.0
bull_to_neutral,0.16,0.99,0.0,,0,103,103,0.5339805825242718,0.412,0.625,0.425531914893617,0.5339805825242718,0.412,0.625,0.425531914893617,0.0,0.0,0.0,0.0
bull_to_bear,0.16,0.99,0.0,,0,103,103,0.5339805825242718,0.412,0.625,0.425531914893617,0.5339805825242718,0.412,0.625,0.425531914893617,0.0,0.0,0.0,0.0
bull_to_neutral,0.16,0.99,0.0,0.0,0,103,103,0.5339805825242718,0.412,0.625,0.425531914893617,0.5339805825242718,0.412,0.625,0.425531914893617,0.0,0.0,0.0,0.0
bull_to_bear,0.16,0.99,0.0,0.0,0,103,103,0.5339805825242718,0.412,0.625,0.425531914893617,0.5339805825242718,0.412,0.625,0.425531914893617,0.0,0.0,0.0,0.0
bull_to_neutral,0.16,0.99,0.0,-0.05,0,103,103,0.5339805825242718,0.412,0.625,0.425531914893617,0.5339805825242718,0.412,0.625,0.425531914893617,0.0,0.0,0.0,0.0
bull_to_bear,0.16,0.99,0.0,-0.05,0,103,103,0.5339805825242718,0.412,0.625,0.425531914893617,0.5339805825242718,0.412,0.625,0.425531914893617,0.0,0.0,0.0,0.0
bull_to_neutral,0.16,0.99,0.0,-0.1,0,103,103,0.5339805825242718,0.412,0.625,0.425531914893617,0.5339805825242718,0.412,0.625,0.425531914893617,0.0,0.0,0.0,0.0
bull_to_bear,0.16,0.99,0.0,-0.1,0,103,103,0.5339805825242718,0.412,0.625,0.425531914893617,0.5339805825242718,0.412,0.625,0.425531914893617,0.0,0.0,0.0,0.0
bull_to_neutral,0.16,0.99,5.0,,0,103,103,0.5339805825242718,0.412,0.625,0.425531914893617,0.5339805825242718,0.412,0.625,0.425531914893617,0.0,0.0,0.0,0.0
bull_to_bear,0.16,0.99,5.0,,0,103,103,0.5339805825242718,0.412,0.625,0.425531914893617,0.5339805825242718,0.412,0.625,0.425531914893617,0.0,0.0,0.0,0.0
bull_to_neutral,0.16,0.99,5.0,0.0,0,103,103,0.5339805825242718,0.412,0.625,0.425531914893617,0.5339805825242718,0.412,0.625,0.425531914893617,0.0,0.0,0.0,0.0
bull_to_bear,0.16,0.99,5.0,0.0,0,103,103,0.5339805825242718,0.412,0.625,0.425531914893617,0.5339805825242718,0.412,0.625,0.425531914893617,0.0,0.0,0.0,0.0
bull_to_neutral,0.16,0.99,5.0,-0.05,0,103,103,0.5339805825242718,0.412,0.625,0.425531914893617,0.5339805825242718,0.412,0.625,0.425531914893617,0.0,0.0,0.0,0.0
bull_to_bear,0.16,0.99,5.0,-0.05,0,103,103,0.5339805825242718,0.412,0.625,0.425531914893617,0.5339805825242718,0.412,0.625,0.425531914893617,0.0,0.0,0.0,0.0
bull_to_neutral,0.16,0.99,5.0,-0.1,0,103,103,0.5339805825242718,0.412,0.625,0.425531914893617,0.5339805825242718,0.412,0.625,0.425531914893617,0.0,0.0,0.0,0.0
bull_to_bear,0.16,0.99,5.0,-0.1,0,103,103,0.5339805825242718,0.412,0.625,0.425531914893617,0.5339805825242718,0.412,0.625,0.425531914893617,0.0,0.0,0.0,0.0
bull_to_neutral,0.16,0.99,10.0,,0,103,103,0.5339805825242718,0.412,0.625,0.425531914893617,0.5339805825242718,0.412,0.625,0.425531914893617,0.0,0.0,0.0,0.0
bull_to_bear,0.16,0.99,10.0,,0,103,103,0.5339805825242718,0.412,0.625,0.425531914893617,0.5339805825242718,0.412,0.625,0.425531914893617,0.0,0.0,0.0,0.0
bull_to_neutral,0.16,0.99,10.0,0.0,0,103,103,0.5339805825242718,0.412,0.625,0.425531914893617,0.5339805825242718,0.412,0.625,0.425531914893617,0.0,0.0,0.0,0.0
bull_to_bear,0.16,0.99,10.0,0.0,0,103,103,0.5339805825242718,0.412,0.625,0.425531914893617,0.5339805825242718,0.412,0.625,0.425531914893617,0.0,0.0,0.0,0.0
bull_to_neutral,0.16,0.99,10.0,-0.05,0,103,103,0.5339805825242718,0.412,0.625,0.425531914893617,0.5339805825242718,0.412,0.625,0.425531914893617,0.0,0.0,0.0,0.0
bull_to_bear,0.16,0.99,10.0,-0.05,0,103,103,0.5339805825242718,0.412,0.625,0.425531914893617,0.5339805825242718,0.412,0.625,0.425531914893617,0.0,0.0,0.0,0.0
bull_to_neutral,0.16,0.99,10.0,-0.1,0,103,103,0.5339805825242718,0.412,0.625,0.425531914893617,0.5339805825242718,0.412,0.625,0.425531914893617,0.0,0.0,0.0,0.0
bull_to_bear,0.16,0.99,10.0,-0.1,0,103,103,0.5339805825242718,0.412,0.625,0.425531914893617,0.5339805825242718,0.412,0.625,0.425531914893617,0.0,0.0,0.0,0.0
bull_to_neutral,0.16,0.99,15.0,,0,103,103,0.5339805825242718,0.412,0.625,0.425531914893617,0.5339805825242718,0.412,0.625,0.425531914893617,0.0,0.0,0.0,0.0
bull_to_bear,0.16,0.99,15.0,,0,103,103,0.5339805825242718,0.412,0.625,0.425531914893617,0.5339805825242718,0.412,0.625,0.425531914893617,0.0,0.0,0.0,0.0
bull_to_neutral,0.16,0.99,15.0,0.0,0,103,103,0.5339805825242718,0.412,0.625,0.425531914893617,0.5339805825242718,0.412,0.625,0.425531914893617,0.0,0.0,0.0,0.0
bull_to_bear,0.16,0.99,15.0,0.0,0,103,103,0.5339805825242718,0.412,0.625,0.425531914893617,0.5339805825242718,0.412,0.625,0.425531914893617,0.0,0.0,0.0,0.0
bull_to_neutral,0.16,0.99,15.0,-0.05,0,103,103,0.5339805825242718,0.412,0.625,0.425531914893617,0.5339805825242718,0.412,0.625,0.425531914893617,0.0,0.0,0.0,0.0
bull_to_bear,0.16,0.99,15.0,-0.05,0,103,103,0.5339805825242718,0.412,0.625,0.425531914893617,0.5339805825242718,0.412,0.625,0.425531914893617,0.0,0.0,0.0,0.0
bull_to_neutral,0.16,0.99,15.0,-0.1,0,103,103,0.5339805825242718,0.412,0.625,0.425531914893617,0.5339805825242718,0.412,0.625,0.425531914893617,0.0,0.0,0.0,0.0
bull_to_bear,0.16,0.99,15.0,-0.1,0,103,103,0.5339805825242718,0.412,0.625,0.425531914893617,0.5339805825242718,0.412,0.625,0.425531914893617,0.0,0.0,0.0,0.0
bull_to_neutral,0.16,0.98,,,0,103,103,0.5339805825242718,0.412,0.625,0.425531914893617,0.5339805825242718,0.412,0.625,0.425531914893617,0.0,0.0,0.0,0.0
bull_to_bear,0.16,0.98,,,0,103,103,0.5339805825242718,0.412,0.625,0.425531914893617,0.5339805825242718,0.412,0.625,0.425531914893617,0.0,0.0,0.0,0.0
bull_to_neutral,0.16,0.98,,0.0,0,103,103,0.5339805825242718,0.412,0.625,0.425531914893617,0.5339805825242718,0.412,0.625,0.425531914893617,0.0,0.0,0.0,0.0
bull_to_bear,0.16,0.98,,0.0,0,103,103,0.5339805825242718,0.412,0.625,0.425531914893617,0.5339805825242718,0.412,0.625,0.425531914893617,0.0,0.0,0.0,0.0
bull_to_neutral,0.16,0.98,,-0.05,0,103,103,0.5339805825242718,0.412,0.625,0.425531914893617,0.5339805825242718,0.412,0.625,0.425531914893617,0.0,0.0,0.0,0.0
bull_to_bear,0.16,0.98,,-0.05,0,103,103,0.5339805825242718,0.412,0.625,0.425531914893617,0.5339805825242718,0.412,0.625,0.425531914893617,0.0,0.0,0.0,0.0
bull_to_neutral,0.16,0.98,,-0.1,0,103,103,0.5339805825242718,0.412,0.625,0.425531914893617,0.5339805825242718,0.412,0.625,0.425531914893617,0.0,0.0,0.0,0.0
bull_to_bear,0.16,0.98,,-0.1,0,103,103,0.5339805825242718,0.412,0.625,0.425531914893617,0.5339805825242718,0.412,0.625,0.425531914893617,0.0,0.0,0.0,0.0
bull_to_neutral,0.16,0.98,0.0,,0,103,103,0.5339805825242718,0.412,0.625,0.425531914893617,0.5339805825242718,0.412,0.625,0.425531914893617,0.0,0.0,0.0,0.0
bull_to_bear,0.16,0.98,0.0,,0,103,103,0.5339805825242718,0.412,0.625,0.425531914893617,0.5339805825242718,0.412,0.625,0.425531914893617,0.0,0.0,0.0,0.0
bull_to_neutral,0.16,0.98,0.0,0.0,0,103,103,0.5339805825242718,0.412,0.625,0.425531914893617,0.5339805825242718,0.412,0.625,0.425531914893617,0.0,0.0,0.0,0.0
bull_to_bear,0.16,0.98,0.0,0.0,0,103,103,0.5339805825242718,0.412,0.625,0.425531914893617,0.5339805825242718,0.412,0.625,0.425531914893617,0.0,0.0,0.0,0.0
bull_to_neutral,0.16,0.98,0.0,-0.05,0,103,103,0.5339805825242718,0.412,0.625,0.425531914893617,0.5339805825242718,0.412,0.625,0.425531914893617,0.0,0.0,0.0,0.0
bull_to_bear,0.16,0.98,0.0,-0.05,0,103,103,0.5339805825242718,0.412,0.625,0.425531914893617,0.5339805825242718,0.412,0.625,0.425531914893617,0.0,0.0,0.0,0.0
bull_to_neutral,0.16,0.98,0.0,-0.1,0,103,103,0.5339805825242718,0.412,0.625,0.425531914893617,0.5339805825242718,0.412,0.625,0.425531914893617,0.0,0.0,0.0,0.0
bull_to_bear,0.16,0.98,0.0,-0.1,0,103,103,0.5339805825242718,0.412,0.625,0.425531914893617,0.5339805825242718,0.412,0.625,0.425531914893617,0.0,0.0,0.0,0.0
bull_to_neutral,0.16,0.98,5.0,,0,103,103,0.5339805825242718,0.412,0.625,0.425531914893617,0.5339805825242718,0.412,0.625,0.425531914893617,0.0,0.0,0.0,0.0
bull_to_bear,0.16,0.98,5.0,,0,103,103,0.5339805825242718,0.412,0.625,0.425531914893617,0.5339805825242718,0.412,0.625,0.425531914893617,0.0,0.0,0.0,0.0
bull_to_neutral,0.16,0.98,5.0,0.0,0,103,103,0.5339805825242718,0.412,0.625,0.425531914893617,0.5339805825242718,0.412,0.625,0.425531914893617,0.0,0.0,0.0,0.0
bull_to_bear,0.16,0.98,5.0,0.0,0,103,103,0.5339805825242718,0.412,0.625,0.425531914893617,0.5339805825242718,0.412,0.625,0.425531914893617,0.0,0.0,0.0,0.0
bull_to_neutral,0.16,0.98,5.0,-0.05,0,103,103,0.5339805825242718,0.412,0.625,0.425531914893617,0.5339805825242718,0.412,0.625,0.425531914893617,0.0,0.0,0.0,0.0
bull_to_bear,0.16,0.98,5.0,-0.05,0,103,103,0.5339805825242718,0.412,0.625,0.425531914893617,0.5339805825242718,0.412,0.625,0.425531914893617,0.0,0.0,0.0,0.0
bull_to_neutral,0.16,0.98,5.0,-0.1,0,103,103,0.5339805825242718,0.412,0.625,0.425531914893617,0.5339805825242718,0.412,0.625,0.425531914893617,0.0,0.0,0.0,0.0
bull_to_bear,0.16,0.98,5.0,-0.1,0,103,103,0.5339805825242718,0.412,0.625,0.425531914893617,0.5339805825242718,0.412,0.625,0.425531914893617,0.0,0.0,0.0,0.0
bull_to_neutral,0.16,0.98,10.0,,0,103,103,0.5339805825242718,0.412,0.625,0.425531914893617,0.5339805825242718,0.412,0.625,0.425531914893617,0.0,0.0,0.0,0.0
bull_to_bear,0.16,0.98,10.0,,0,103,103,0.5339805825242718,0.412,0.625,0.425531914893617,0.5339805825242718,0.412,0.625,0.425531914893617,0.0,0.0,0.0,0.0
bull_to_neutral,0.16,0.98,10.0,0.0,0,103,103,0.5339805825242718,0.412,0.625,0.425531914893617,0.5339805825242718,0.412,0.625,0.425531914893617,0.0,0.0,0.0,0.0
bull_to_bear,0.16,0.98,10.0,0.0,0,103,103,0.5339805825242718,0.412,0.625,0.425531914893617,0.5339805825242718,0.412,0.625,0.425531914893617,0.0,0.0,0.0,0.0
bull_to_neutral,0.16,0.98,10.0,-0.05,0,103,103,0.5339805825242718,0.412,0.625,0.425531914893617,0.5339805825242718,0.412,0.625,0.425531914893617,0.0,0.0,0.0,0.0
bull_to_bear,0.16,0.98,10.0,-0.05,0,103,103,0.5339805825242718,0.412,0.625,0.425531914893617,0.5339805825242718,0.412,0.625,0.425531914893617,0.0,0.0,0.0,0.0
bull_to_neutral,0.16,0.98,10.0,-0.1,0,103,103,0.5339805825242718,0.412,0.625,0.425531914893617,0.5339805825242718,0.412,0.625,0.425531914893617,0.0,0.0,0.0,0.0
bull_to_bear,0.16,0.98,10.0,-0.1,0,103,103,0.5339805825242718,0.412,0.625,0.425531914893617,0.5339805825242718,0.412,0.625,0.425531914893617,0.0,0.0,0.0,0.0
bull_to_neutral,0.16,0.98,15.0,,0,103,103,0.5339805825242718,0.412,0.625,0.425531914893617,0.5339805825242718,0.412,0.625,0.425531914893617,0.0,0.0,0.0,0.0
bull_to_bear,0.16,0.98,15.0,,0,103,103,0.5339805825242718,0.412,0.625,0.425531914893617,0.5339805825242718,0.412,0.625,0.425531914893617,0.0,0.0,0.0,0.0
bull_to_neutral,0.16,0.98,15.0,0.0,0,103,103,0.5339805825242718,0.412,0.625,0.425531914893617,0.5339805825242718,0.412,0.625,0.425531914893617,0.0,0.0,0.0,0.0
bull_to_bear,0.16,0.98,15.0,0.0,0,103,103,0.5339805825242718,0.412,0.625,0.425531914893617,0.5339805825242718,0.412,0.625,0.425531914893617,0.0,0.0,0.0,0.0
bull_to_neutral,0.16,0.98,15.0,-0.05,0,103,103,0.5339805825242718,0.412,0.625,0.425531914893617,0.5339805825242718,0.412,0.625,0.425531914893617,0.0,0.0,0.0,0.0
bull_to_bear,0.16,0.98,15.0,-0.05,0,103,103,0.5339805825242718,0.412,0.625,0.425531914893617,0.5339805825242718,0.412,0.625,0.425531914893617,0.0,0.0,0.0,0.0
bull_to_neutral,0.16,0.98,15.0,-0.1,0,103,103,0.5339805825242718,0.412,0.625,0.425531914893617,0.5339805825242718,0.412,0.625,0.425531914893617,0.0,0.0,0.0,0.0
bull_to_bear,0.16,0.98,15.0,-0.1,0,103,103,0.5339805825242718,0.412,0.625,0.425531914893617,0.5339805825242718,0.412,0.625,0.425531914893617,0.0,0.0,0.0,0.0
bull_to_neutral,0.16,0.97,,,0,103,103,0.5339805825242718,0.412,0.625,0.425531914893617,0.5339805825242718,0.412,0.625,0.425531914893617,0.0,0.0,0.0,0.0
bull_to_bear,0.16,0.97,,,0,103,103,0.5339805825242718,0.412,0.625,0.425531914893617,0.5339805825242718,0.412,0.625,0.425531914893617,0.0,0.0,0.0,0.0
bull_to_neutral,0.16,0.97,,0.0,0,103,103,0.5339805825242718,0.412,0.625,0.425531914893617,0.5339805825242718,0.412,0.625,0.425531914893617,0.0,0.0,0.0,0.0
bull_to_bear,0.16,0.97,,0.0,0,103,103,0.5339805825242718,0.412,0.625,0.425531914893617,0.5339805825242718,0.412,0.625,0.425531914893617,0.0,0.0,0.0,0.0
bull_to_neutral,0.16,0.97,,-0.05,0,103,103,0.5339805825242718,0.412,0.625,0.425531914893617,0.5339805825242718,0.412,0.625,0.425531914893617,0.0,0.0,0.0,0.0
bull_to_bear,0.16,0.97,,-0.05,0,103,103,0.5339805825242718,0.412,0.625,0.425531914893617,0.5339805825242718,0.412,0.625,0.425531914893617,0.0,0.0,0.0,0.0
bull_to_neutral,0.16,0.97,,-0.1,0,103,103,0.5339805825242718,0.412,0.625,0.425531914893617,0.5339805825242718,0.412,0.625,0.425531914893617,0.0,0.0,0.0,0.0
bull_to_bear,0.16,0.97,,-0.1,0,103,103,0.5339805825242718,0.412,0.625,0.425531914893617,0.5339805825242718,0.412,0.625,0.425531914893617,0.0,0.0,0.0,0.0
bull_to_neutral,0.16,0.97,0.0,,0,103,103,0.5339805825242718,0.412,0.625,0.425531914893617,0.5339805825242718,0.412,0.625,0.425531914893617,0.0,0.0,0.0,0.0
bull_to_bear,0.16,0.97,0.0,,0,103,103,0.5339805825242718,0.412,0.625,0.425531914893617,0.5339805825242718,0.412,0.625,0.425531914893617,0.0,0.0,0.0,0.0
bull_to_neutral,0.16,0.97,0.0,0.0,0,103,103,0.5339805825242718,0.412,0.625,0.425531914893617,0.5339805825242718,0.412,0.625,0.425531914893617,0.0,0.0,0.0,0.0
bull_to_bear,0.16,0.97,0.0,0.0,0,103,103,0.5339805825242718,0.412,0.625,0.425531914893617,0.5339805825242718,0.412,0.625,0.425531914893617,0.0,0.0,0.0,0.0
bull_to_neutral,0.16,0.97,0.0,-0.05,0,103,103,0.5339805825242718,0.412,0.625,0.425531914893617,0.5339805825242718,0.412,0.625,0.425531914893617,0.0,0.0,0.0,0.0
bull_to_bear,0.16,0.97,0.0,-0.05,0,103,103,0.5339805825242718,0.412,0.625,0.425531914893617,0.5339805825242718,0.412,0.625,0.425531914893617,0.0,0.0,0.0,0.0
bull_to_neutral,0.16,0.97,0.0,-0.1,0,103,103,0.5339805825242718,0.412,0.625,0.425531914893617,0.5339805825242718,0.412,0.625,0.425531914893617,0.0,0.0,0.0,0.0
bull_to_bear,0.16,0.97,0.0,-0.1,0,103,103,0.5339805825242718,0.412,0.625,0.425531914893617,0.5339805825242718,0.412,0.625,0.425531914893617,0.0,0.0,0.0,0.0
bull_to_neutral,0.16,0.97,5.0,,0,103,103,0.5339805825242718,0.412,0.625,0.425531914893617,0.5339805825242718,0.412,0.625,0.425531914893617,0.0,0.0,0.0,0.0
bull_to_bear,0.16,0.97,5.0,,0,103,103,0.5339805825242718,0.412,0.625,0.425531914893617,0.5339805825242718,0.412,0.625,0.425531914893617,0.0,0.0,0.0,0.0
bull_to_neutral,0.16,0.97,5.0,0.0,0,103,103,0.5339805825242718,0.412,0.625,0.425531914893617,0.5339805825242718,0.412,0.625,0.425531914893617,0.0,0.0,0.0,0.0
bull_to_bear,0.16,0.97,5.0,0.0,0,103,103,0.5339805825242718,0.412,0.625,0.425531914893617,0.5339805825242718,0.412,0.625,0.425531914893617,0.0,0.0,0.0,0.0
bull_to_neutral,0.16,0.97,5.0,-0.05,0,103,103,0.5339805825242718,0.412,0.625,0.425531914893617,0.5339805825242718,0.412,0.625,0.425531914893617,0.0,0.0,0.0,0.0
bull_to_bear,0.16,0.97,5.0,-0.05,0,103,103,0.5339805825242718,0.412,0.625,0.425531914893617,0.5339805825242718,0.412,0.625,0.425531914893617,0.0,0.0,0.0,0.0
bull_to_neutral,0.16,0.97,5.0,-0.1,0,103,103,0.5339805825242718,0.412,0.625,0.425531914893617,0.5339805825242718,0.412,0.625,0.425531914893617,0.0,0.0,0.0,0.0
bull_to_bear,0.16,0.97,5.0,-0.1,0,103,103,0.5339805825242718,0.412,0.625,0.425531914893617,0.5339805825242718,0.412,0.625,0.425531914893617,0.0,0.0,0.0,0.0
bull_to_neutral,0.16,0.97,10.0,,0,103,103,0.5339805825242718,0.412,0.625,0.425531914893617,0.5339805825242718,0.412,0.625,0.425531914893617,0.0,0.0,0.0,0.0
bull_to_bear,0.16,0.97,10.0,,0,103,103,0.5339805825242718,0.412,0.625,0.425531914893617,0.5339805825242718,0.412,0.625,0.425531914893617,0.0,0.0,0.0,0.0
bull_to_neutral,0.16,0.97,10.0,0.0,0,103,103,0.5339805825242718,0.412,0.625,0.425531914893617,0.5339805825242718,0.412,0.625,0.425531914893617,0.0,0.0,0.0,0.0
bull_to_bear,0.16,0.97,10.0,0.0,0,103,103,0.5339805825242718,0.412,0.625,0.425531914893617,0.5339805825242718,0.412,0.625,0.425531914893617,0.0,0.0,0.0,0.0
bull_to_neutral,0.16,0.97,10.0,-0.05,0,103,103,0.5339805825242718,0.412,0.625,0.425531914893617,0.5339805825242718,0.412,0.625,0.425531914893617,0.0,0.0,0.0,0.0
bull_to_bear,0.16,0.97,10.0,-0.05,0,103,103,0.5339805825242718,0.412,0.625,0.425531914893617,0.5339805825242718,0.412,0.625,0.425531914893617,0.0,0.0,0.0,0.0
bull_to_neutral,0.16,0.97,10.0,-0.1,0,103,103,0.5339805825242718,0.412,0.625,0.425531914893617,0.5339805825242718,0.412,0.625,0.425531914893617,0.0,0.0,0.0,0.0
bull_to_bear,0.16,0.97,10.0,-0.1,0,103,103,0.5339805825242718,0.412,0.625,0.425531914893617,0.5339805825242718,0.412,0.625,0.425531914893617,0.0,0.0,0.0,0.0
bull_to_neutral,0.16,0.97,15.0,,0,103,103,0.5339805825242718,0.412,0.625,0.425531914893617,0.5339805825242718,0.412,0.625,0.425531914893617,0.0,0.0,0.0,0.0
bull_to_bear,0.16,0.97,15.0,,0,103,103,0.5339805825242718,0.412,0.625,0.425531914893617,0.5339805825242718,0.412,0.625,0.425531914893617,0.0,0.0,0.0,0.0
bull_to_neutral,0.16,0.97,15.0,0.0,0,103,103,0.5339805825242718,0.412,0.625,0.425531914893617,0.5339805825242718,0.412,0.625,0.425531914893617,0.0,0.0,0.0,0.0
bull_to_bear,0.16,0.97,15.0,0.0,0,103,103,0.5339805825242718,0.412,0.625,0.425531914893617,0.5339805825242718,0.412,0.625,0.425531914893617,0.0,0.0,0.0,0.0
bull_to_neutral,0.16,0.97,15.0,-0.05,0,103,103,0.5339805825242718,0.412,0.625,0.425531914893617,0.5339805825242718,0.412,0.625,0.425531914893617,0.0,0.0,0.0,0.0
bull_to_bear,0.16,0.97,15.0,-0.05,0,103,103,0.5339805825242718,0.412,0.625,0.425531914893617,0.5339805825242718,0.412,0.625,0.425531914893617,0.0,0.0,0.0,0.0
bull_to_neutral,0.16,0.97,15.0,-0.1,0,103,103,0.5339805825242718,0.412,0.625,0.425531914893617,0.5339805825242718,0.412,0.625,0.425531914893617,0.0,0.0,0.0,0.0
bull_to_bear,0.16,0.97,15.0,-0.1,0,103,103,0.5339805825242718,0.412,0.625,0.425531914893617,0.5339805825242718,0.412,0.625,0.425531914893617,0.0,0.0,0.0,0.0
bull_to_neutral,0.16,0.95,,,0,103,103,0.5339805825242718,0.412,0.625,0.425531914893617,0.5339805825242718,0.412,0.625,0.425531914893617,0.0,0.0,0.0,0.0
bull_to_bear,0.16,0.95,,,0,103,103,0.5339805825242718,0.412,0.625,0.425531914893617,0.5339805825242718,0.412,0.625,0.425531914893617,0.0,0.0,0.0,0.0
bull_to_neutral,0.16,0.95,,0.0,0,103,103,0.5339805825242718,0.412,0.625,0.425531914893617,0.5339805825242718,0.412,0.625,0.425531914893617,0.0,0.0,0.0,0.0
bull_to_bear,0.16,0.95,,0.0,0,103,103,0.5339805825242718,0.412,0.625,0.425531914893617,0.5339805825242718,0.412,0.625,0.425531914893617,0.0,0.0,0.0,0.0
bull_to_neutral,0.16,0.95,,-0.05,0,103,103,0.5339805825242718,0.412,0.625,0.425531914893617,0.5339805825242718,0.412,0.625,0.425531914893617,0.0,0.0,0.0,0.0
bull_to_bear,0.16,0.95,,-0.05,0,103,103,0.5339805825242718,0.412,0.625,0.425531914893617,0.5339805825242718,0.412,0.625,0.425531914893617,0.0,0.0,0.0,0.0
bull_to_neutral,0.16,0.95,,-0.1,0,103,103,0.5339805825242718,0.412,0.625,0.425531914893617,0.5339805825242718,0.412,0.625,0.425531914893617,0.0,0.0,0.0,0.0
bull_to_bear,0.16,0.95,,-0.1,0,103,103,0.5339805825242718,0.412,0.625,0.425531914893617,0.5339805825242718,0.412,0.625,0.425531914893617,0.0,0.0,0.0,0.0
bull_to_neutral,0.16,0.95,0.0,,0,103,103,0.5339805825242718,0.412,0.625,0.425531914893617,0.5339805825242718,0.412,0.625,0.425531914893617,0.0,0.0,0.0,0.0
bull_to_bear,0.16,0.95,0.0,,0,103,103,0.5339805825242718,0.412,0.625,0.425531914893617,0.5339805825242718,0.412,0.625,0.425531914893617,0.0,0.0,0.0,0.0
bull_to_neutral,0.16,0.95,0.0,0.0,0,103,103,0.5339805825242718,0.412,0.625,0.425531914893617,0.5339805825242718,0.412,0.625,0.425531914893617,0.0,0.0,0.0,0.0
bull_to_bear,0.16,0.95,0.0,0.0,0,103,103,0.5339805825242718,0.412,0.625,0.425531914893617,0.5339805825242718,0.412,0.625,0.425531914893617,0.0,0.0,0.0,0.0
bull_to_neutral,0.16,0.95,0.0,-0.05,0,103,103,0.5339805825242718,0.412,0.625,0.425531914893617,0.5339805825242718,0.412,0.625,0.425531914893617,0.0,0.0,0.0,0.0
bull_to_bear,0.16,0.95,0.0,-0.05,0,103,103,0.5339805825242718,0.412,0.625,0.425531914893617,0.5339805825242718,0.412,0.625,0.425531914893617,0.0,0.0,0.0,0.0
bull_to_neutral,0.16,0.95,0.0,-0.1,0,103,103,0.5339805825242718,0.412,0.625,0.425531914893617,0.5339805825242718,0.412,0.625,0.425531914893617,0.0,0.0,0.0,0.0
bull_to_bear,0.16,0.95,0.0,-0.1,0,103,103,0.5339805825242718,0.412,0.625,0.425531914893617,0.5339805825242718,0.412,0.625,0.425531914893617,0.0,0.0,0.0,0.0
bull_to_neutral,0.16,0.95,5.0,,0,103,103,0.5339805825242718,0.412,0.625,0.425531914893617,0.5339805825242718,0.412,0.625,0.425531914893617,0.0,0.0,0.0,0.0
bull_to_bear,0.16,0.95,5.0,,0,103,103,0.5339805825242718,0.412,0.625,0.425531914893617,0.5339805825242718,0.412,0.625,0.425531914893617,0.0,0.0,0.0,0.0
bull_to_neutral,0.16,0.95,5.0,0.0,0,103,103,0.5339805825242718,0.412,0.625,0.425531914893617,0.5339805825242718,0.412,0.625,0.425531914893617,0.0,0.0,0.0,0.0
bull_to_bear,0.16,0.95,5.0,0.0,0,103,103,0.5339805825242718,0.412,0.625,0.425531914893617,0.5339805825242718,0.412,0.625,0.425531914893617,0.0,0.0,0.0,0.0
bull_to_neutral,0.16,0.95,5.0,-0.05,0,103,103,0.5339805825242718,0.412,0.625,0.425531914893617,0.5339805825242718,0.412,0.625,0.425531914893617,0.0,0.0,0.0,0.0
bull_to_bear,0.16,0.95,5.0,-0.05,0,103,103,0.5339805825242718,0.412,0.625,0.425531914893617,0.5339805825242718,0.412,0.625,0.425531914893617,0.0,0.0,0.0,0.0
bull_to_neutral,0.16,0.95,5.0,-0.1,0,103,103,0.5339805825242718,0.412,0.625,0.425531914893617,0.5339805825242718,0.412,0.625,0.425531914893617,0.0,0.0,0.0,0.0
bull_to_bear,0.16,0.95,5.0,-0.1,0,103,103,0.5339805825242718,0.412,0.625,0.425531914893617,0.5339805825242718,0.412,0.625,0.425531914893617,0.0,0.0,0.0,0.0
bull_to_neutral,0.16,0.95,10.0,,0,103,103,0.5339805825242718,0.412,0.625,0.425531914893617,0.5339805825242718,0.412,0.625,0.425531914893617,0.0,0.0,0.0,0.0
bull_to_bear,0.16,0.95,10.0,,0,103,103,0.5339805825242718,0.412,0.625,0.425531914893617,0.5339805825242718,0.412,0.625,0.425531914893617,0.0,0.0,0.0,0.0
bull_to_neutral,0.16,0.95,10.0,0.0,0,103,103,0.5339805825242718,0.412,0.625,0.425531914893617,0.5339805825242718,0.412,0.625,0.425531914893617,0.0,0.0,0.0,0.0
bull_to_bear,0.16,0.95,10.0,0.0,0,103,103,0.5339805825242718,0.412,0.625,0.425531914893617,0.5339805825242718,0.412,0.625,0.425531914893617,0.0,0.0,0.0,0.0
bull_to_neutral,0.16,0.95,10.0,-0.05,0,103,103,0.5339805825242718,0.412,0.625,0.425531914893617,0.5339805825242718,0.412,0.625,0.425531914893617,0.0,0.0,0.0,0.0
bull_to_bear,0.16,0.95,10.0,-0.05,0,103,103,0.5339805825242718,0.412,0.625,0.425531914893617,0.5339805825242718,0.412,0.625,0.425531914893617,0.0,0.0,0.0,0.0
bull_to_neutral,0.16,0.95,10.0,-0.1,0,103,103,0.5339805825242718,0.412,0.625,0.425531914893617,0.5339805825242718,0.412,0.625,0.425531914893617,0.0,0.0,0.0,0.0
bull_to_bear,0.16,0.95,10.0,-0.1,0,103,103,0.5339805825242718,0.412,0.625,0.425531914893617,0.5339805825242718,0.412,0.625,0.425531914893617,0.0,0.0,0.0,0.0
bull_to_neutral,0.16,0.95,15.0,,0,103,103,0.5339805825242718,0.412,0.625,0.425531914893617,0.5339805825242718,0.412,0.625,0.425531914893617,0.0,0.0,0.0,0.0
bull_to_bear,0.16,0.95,15.0,,0,103,103,0.5339805825242718,0.412,0.625,0.425531914893617,0.5339805825242718,0.412,0.625,0.425531914893617,0.0,0.0,0.0,0.0
bull_to_neutral,0.16,0.95,15.0,0.0,0,103,103,0.5339805825242718,0.412,0.625,0.425531914893617,0.5339805825242718,0.412,0.625,0.425531914893617,0.0,0.0,0.0,0.0
bull_to_bear,0.16,0.95,15.0,0.0,0,103,103,0.5339805825242718,0.412,0.625,0.425531914893617,0.5339805825242718,0.412,0.625,0.425531914893617,0.0,0.0,0.0,0.0
bull_to_neutral,0.16,0.95,15.0,-0.05,0,103,103,0.5339805825242718,0.412,0.625,0.425531914893617,0.5339805825242718,0.412,0.625,0.425531914893617,0.0,0.0,0.0,0.0
bull_to_bear,0.16,0.95,15.0,-0.05,0,103,103,0.5339805825242718,0.412,0.625,0.425531914893617,0.5339805825242718,0.412,0.625,0.425531914893617,0.0,0.0,0.0,0.0
bull_to_neutral,0.16,0.95,15.0,-0.1,0,103,103,0.5339805825242718,0.412,0.625,0.425531914893617,0.5339805825242718,0.412,0.625,0.425531914893617,0.0,0.0,0.0,0.0
bull_to_bear,0.16,0.95,15.0,-0.1,0,103,103,0.5339805825242718,0.412,0.625,0.425531914893617,0.5339805825242718,0.412,0.625,0.425531914893617,0.0,0.0,0.0,0.0
bull_to_neutral,0.16,0.93,,,0,103,103,0.5339805825242718,0.412,0.625,0.425531914893617,0.5339805825242718,0.412,0.625,0.425531914893617,0.0,0.0,0.0,0.0
bull_to_bear,0.16,0.93,,,0,103,103,0.5339805825242718,0.412,0.625,0.425531914893617,0.5339805825242718,0.412,0.625,0.425531914893617,0.0,0.0,0.0,0.0
bull_to_neutral,0.16,0.93,,0.0,0,103,103,0.5339805825242718,0.412,0.625,0.425531914893617,0.5339805825242718,0.412,0.625,0.425531914893617,0.0,0.0,0.0,0.0
bull_to_bear,0.16,0.93,,0.0,0,103,103,0.5339805825242718,0.412,0.625,0.425531914893617,0.5339805825242718,0.412,0.625,0.425531914893617,0.0,0.0,0.0,0.0
bull_to_neutral,0.16,0.93,,-0.05,0,103,103,0.5339805825242718,0.412,0.625,0.425531914893617,0.5339805825242718,0.412,0.625,0.425531914893617,0.0,0.0,0.0,0.0
bull_to_bear,0.16,0.93,,-0.05,0,103,103,0.5339805825242718,0.412,0.625,0.425531914893617,0.5339805825242718,0.412,0.625,0.425531914893617,0.0,0.0,0.0,0.0
bull_to_neutral,0.16,0.93,,-0.1,0,103,103,0.5339805825242718,0.412,0.625,0.425531914893617,0.5339805825242718,0.412,0.625,0.425531914893617,0.0,0.0,0.0,0.0
bull_to_bear,0.16,0.93,,-0.1,0,103,103,0.5339805825242718,0.412,0.625,0.425531914893617,0.5339805825242718,0.412,0.625,0.425531914893617,0.0,0.0,0.0,0.0
bull_to_neutral,0.16,0.93,0.0,,0,103,103,0.5339805825242718,0.412,0.625,0.425531914893617,0.5339805825242718,0.412,0.625,0.425531914893617,0.0,0.0,0.0,0.0
bull_to_bear,0.16,0.93,0.0,,0,103,103,0.5339805825242718,0.412,0.625,0.425531914893617,0.5339805825242718,0.412,0.625,0.425531914893617,0.0,0.0,0.0,0.0
bull_to_neutral,0.16,0.93,0.0,0.0,0,103,103,0.5339805825242718,0.412,0.625,0.425531914893617,0.5339805825242718,0.412,0.625,0.425531914893617,0.0,0.0,0.0,0.0
bull_to_bear,0.16,0.93,0.0,0.0,0,103,103,0.5339805825242718,0.412,0.625,0.425531914893617,0.5339805825242718,0.412,0.625,0.425531914893617,0.0,0.0,0.0,0.0
bull_to_neutral,0.16,0.93,0.0,-0.05,0,103,103,0.5339805825242718,0.412,0.625,0.425531914893617,0.5339805825242718,0.412,0.625,0.425531914893617,0.0,0.0,0.0,0.0
bull_to_bear,0.16,0.93,0.0,-0.05,0,103,103,0.5339805825242718,0.412,0.625,0.425531914893617,0.5339805825242718,0.412,0.625,0.425531914893617,0.0,0.0,0.0,0.0
bull_to_neutral,0.16,0.93,0.0,-0.1,0,103,103,0.5339805825242718,0.412,0.625,0.425531914893617,0.5339805825242718,0.412,0.625,0.425531914893617,0.0,0.0,0.0,0.0
bull_to_bear,0.16,0.93,0.0,-0.1,0,103,103,0.5339805825242718,0.412,0.625,0.425531914893617,0.5339805825242718,0.412,0.625,0.425531914893617,0.0,0.0,0.0,0.0
bull_to_neutral,0.16,0.93,5.0,,0,103,103,0.5339805825242718,0.412,0.625,0.425531914893617,0.5339805825242718,0.412,0.625,0.425531914893617,0.0,0.0,0.0,0.0
bull_to_bear,0.16,0.93,5.0,,0,103,103,0.5339805825242718,0.412,0.625,0.425531914893617,0.5339805825242718,0.412,0.625,0.425531914893617,0.0,0.0,0.0,0.0
bull_to_neutral,0.16,0.93,5.0,0.0,0,103,103,0.5339805825242718,0.412,0.625,0.425531914893617,0.5339805825242718,0.412,0.625,0.425531914893617,0.0,0.0,0.0,0.0
bull_to_bear,0.16,0.93,5.0,0.0,0,103,103,0.5339805825242718,0.412,0.625,0.425531914893617,0.5339805825242718,0.412,0.625,0.425531914893617,0.0,0.0,0.0,0.0
bull_to_neutral,0.16,0.93,5.0,-0.05,0,103,103,0.5339805825242718,0.412,0.625,0.425531914893617,0.5339805825242718,0.412,0.625,0.425531914893617,0.0,0.0,0.0,0.0
bull_to_bear,0.16,0.93,5.0,-0.05,0,103,103,0.5339805825242718,0.412,0.625,0.425531914893617,0.5339805825242718,0.412,0.625,0.425531914893617,0.0,0.0,0.0,0.0
bull_to_neutral,0.16,0.93,5.0,-0.1,0,103,103,0.5339805825242718,0.412,0.625,0.425531914893617,0.5339805825242718,0.412,0.625,0.425531914893617,0.0,0.0,0.0,0.0
bull_to_bear,0.16,0.93,5.0,-0.1,0,103,103,0.5339805825242718,0.412,0.625,0.425531914893617,0.5339805825242718,0.412,0.625,0.425531914893617,0.0,0.0,0.0,0.0
bull_to_neutral,0.16,0.93,10.0,,0,103,103,0.5339805825242718,0.412,0.625,0.425531914893617,0.5339805825242718,0.412,0.625,0.425531914893617,0.0,0.0,0.0,0.0
bull_to_bear,0.16,0.93,10.0,,0,103,103,0.5339805825242718,0.412,0.625,0.425531914893617,0.5339805825242718,0.412,0.625,0.425531914893617,0.0,0.0,0.0,0.0
bull_to_neutral,0.16,0.93,10.0,0.0,0,103,103,0.5339805825242718,0.412,0.625,0.425531914893617,0.5339805825242718,0.412,0.625,0.425531914893617,0.0,0.0,0.0,0.0
bull_to_bear,0.16,0.93,10.0,0.0,0,103,103,0.5339805825242718,0.412,0.625,0.425531914893617,0.5339805825242718,0.412,0.625,0.425531914893617,0.0,0.0,0.0,0.0
bull_to_neutral,0.16,0.93,10.0,-0.05,0,103,103,0.5339805825242718,0.412,0.625,0.425531914893617,0.5339805825242718,0.412,0.625,0.425531914893617,0.0,0.0,0.0,0.0
bull_to_bear,0.16,0.93,10.0,-0.05,0,103,103,0.5339805825242718,0.412,0.625,0.425531914893617,0.5339805825242718,0.412,0.625,0.425531914893617,0.0,0.0,0.0,0.0
bull_to_neutral,0.16,0.93,10.0,-0.1,0,103,103,0.5339805825242718,0.412,0.625,0.425531914893617,0.5339805825242718,0.412,0.625,0.425531914893617,0.0,0.0,0.0,0.0
bull_to_bear,0.16,0.93,10.0,-0.1,0,103,103,0.5339805825242718,0.412,0.625,0.425531914893617,0.5339805825242718,0.412,0.625,0.425531914893617,0.0,0.0,0.0,0.0
bull_to_neutral,0.16,0.93,15.0,,0,103,103,0.5339805825242718,0.412,0.625,0.425531914893617,0.5339805825242718,0.412,0.625,0.425531914893617,0.0,0.0,0.0,0.0
bull_to_bear,0.16,0.93,15.0,,0,103,103,0.5339805825242718,0.412,0.625,0.425531914893617,0.5339805825242718,0.412,0.625,0.425531914893617,0.0,0.0,0.0,0.0
bull_to_neutral,0.16,0.93,15.0,0.0,0,103,103,0.5339805825242718,0.412,0.625,0.425531914893617,0.5339805825242718,0.412,0.625,0.425531914893617,0.0,0.0,0.0,0.0
bull_to_bear,0.16,0.93,15.0,0.0,0,103,103,0.5339805825242718,0.412,0.625,0.425531914893617,0.5339805825242718,0.412,0.625,0.425531914893617,0.0,0.0,0.0,0.0
bull_to_neutral,0.16,0.93,15.0,-0.05,0,103,103,0.5339805825242718,0.412,0.625,0.425531914893617,0.5339805825242718,0.412,0.625,0.425531914893617,0.0,0.0,0.0,0.0
bull_to_bear,0.16,0.93,15.0,-0.05,0,103,103,0.5339805825242718,0.412,0.625,0.425531914893617,0.5339805825242718,0.412,0.625,0.425531914893617,0.0,0.0,0.0,0.0
bull_to_neutral,0.16,0.93,15.0,-0.1,0,103,103,0.5339805825242718,0.412,0.625,0.425531914893617,0.5339805825242718,0.412,0.625,0.425531914893617,0.0,0.0,0.0,0.0
bull_to_bear,0.16,0.93,15.0,-0.1,0,103,103,0.5339805825242718,0.412,0.625,0.425531914893617,0.5339805825242718,0.412,0.625,0.425531914893617,0.0,0.0,0.0,0.0
bull_to_neutral,0.16,0.9,,,0,103,103,0.5339805825242718,0.412,0.625,0.425531914893617,0.5339805825242718,0.412,0.625,0.425531914893617,0.0,0.0,0.0,0.0
bull_to_bear,0.16,0.9,,,0,103,103,0.5339805825242718,0.412,0.625,0.425531914893617,0.5339805825242718,0.412,0.625,0.425531914893617,0.0,0.0,0.0,0.0
bull_to_neutral,0.16,0.9,,0.0,0,103,103,0.5339805825242718,0.412,0.625,0.425531914893617,0.5339805825242718,0.412,0.625,0.425531914893617,0.0,0.0,0.0,0.0
bull_to_bear,0.16,0.9,,0.0,0,103,103,0.5339805825242718,0.412,0.625,0.425531914893617,0.5339805825242718,0.412,0.625,0.425531914893617,0.0,0.0,0.0,0.0
bull_to_neutral,0.16,0.9,,-0.05,0,103,103,0.5339805825242718,0.412,0.625,0.425531914893617,0.5339805825242718,0.412,0.625,0.425531914893617,0.0,0.0,0.0,0.0
bull_to_bear,0.16,0.9,,-0.05,0,103,103,0.5339805825242718,0.412,0.625,0.425531914893617,0.5339805825242718,0.412,0.625,0.425531914893617,0.0,0.0,0.0,0.0
bull_to_neutral,0.16,0.9,,-0.1,0,103,103,0.5339805825242718,0.412,0.625,0.425531914893617,0.5339805825242718,0.412,0.625,0.425531914893617,0.0,0.0,0.0,0.0
bull_to_bear,0.16,0.9,,-0.1,0,103,103,0.5339805825242718,0.412,0.625,0.425531914893617,0.5339805825242718,0.412,0.625,0.425531914893617,0.0,0.0,0.0,0.0
bull_to_neutral,0.16,0.9,0.0,,0,103,103,0.5339805825242718,0.412,0.625,0.425531914893617,0.5339805825242718,0.412,0.625,0.425531914893617,0.0,0.0,0.0,0.0
bull_to_bear,0.16,0.9,0.0,,0,103,103,0.5339805825242718,0.412,0.625,0.425531914893617,0.5339805825242718,0.412,0.625,0.425531914893617,0.0,0.0,0.0,0.0
bull_to_neutral,0.16,0.9,0.0,0.0,0,103,103,0.5339805825242718,0.412,0.625,0.425531914893617,0.5339805825242718,0.412,0.625,0.425531914893617,0.0,0.0,0.0,0.0
bull_to_bear,0.16,0.9,0.0,0.0,0,103,103,0.5339805825242718,0.412,0.625,0.425531914893617,0.5339805825242718,0.412,0.625,0.425531914893617,0.0,0.0,0.0,0.0
bull_to_neutral,0.16,0.9,0.0,-0.05,0,103,103,0.5339805825242718,0.412,0.625,0.425531914893617,0.5339805825242718,0.412,0.625,0.425531914893617,0.0,0.0,0.0,0.0
bull_to_bear,0.16,0.9,0.0,-0.05,0,103,103,0.5339805825242718,0.412,0.625,0.425531914893617,0.5339805825242718,0.412,0.625,0.425531914893617,0.0,0.0,0.0,0.0
bull_to_neutral,0.16,0.9,0.0,-0.1,0,103,103,0.5339805825242718,0.412,0.625,0.425531914893617,0.5339805825242718,0.412,0.625,0.425531914893617,0.0,0.0,0.0,0.0
bull_to_bear,0.16,0.9,0.0,-0.1,0,103,103,0.5339805825242718,0.412,0.625,0.425531914893617,0.5339805825242718,0.412,0.625,0.425531914893617,0.0,0.0,0.0,0.0
bull_to_neutral,0.16,0.9,5.0,,0,103,103,0.5339805825242718,0.412,0.625,0.425531914893617,0.5339805825242718,0.412,0.625,0.425531914893617,0.0,0.0,0.0,0.0
bull_to_bear,0.16,0.9,5.0,,0,103,103,0.5339805825242718,0.412,0.625,0.425531914893617,0.5339805825242718,0.412,0.625,0.425531914893617,0.0,0.0,0.0,0.0
bull_to_neutral,0.16,0.9,5.0,0.0,0,103,103,0.5339805825242718,0.412,0.625,0.425531914893617,0.5339805825242718,0.412,0.625,0.425531914893617,0.0,0.0,0.0,0.0
bull_to_bear,0.16,0.9,5.0,0.0,0,103,103,0.5339805825242718,0.412,0.625,0.425531914893617,0.5339805825242718,0.412,0.625,0.425531914893617,0.0,0.0,0.0,0.0
bull_to_neutral,0.16,0.9,5.0,-0.05,0,103,103,0.5339805825242718,0.412,0.625,0.425531914893617,0.5339805825242718,0.412,0.625,0.425531914893617,0.0,0.0,0.0,0.0
bull_to_bear,0.16,0.9,5.0,-0.05,0,103,103,0.5339805825242718,0.412,0.625,0.425531914893617,0.5339805825242718,0.412,0.625,0.425531914893617,0.0,0.0,0.0,0.0
bull_to_neutral,0.16,0.9,5.0,-0.1,0,103,103,0.5339805825242718,0.412,0.625,0.425531914893617,0.5339805825242718,0.412,0.625,0.425531914893617,0.0,0.0,0.0,0.0
bull_to_bear,0.16,0.9,5.0,-0.1,0,103,103,0.5339805825242718,0.412,0.625,0.425531914893617,0.5339805825242718,0.412,0.625,0.425531914893617,0.0,0.0,0.0,0.0
bull_to_neutral,0.16,0.9,10.0,,0,103,103,0.5339805825242718,0.412,0.625,0.425531914893617,0.5339805825242718,0.412,0.625,0.425531914893617,0.0,0.0,0.0,0.0
bull_to_bear,0.16,0.9,10.0,,0,103,103,0.5339805825242718,0.412,0.625,0.425531914893617,0.5339805825242718,0.412,0.625,0.425531914893617,0.0,0.0,0.0,0.0
bull_to_neutral,0.16,0.9,10.0,0.0,0,103,103,0.5339805825242718,0.412,0.625,0.425531914893617,0.5339805825242718,0.412,0.625,0.425531914893617,0.0,0.0,0.0,0.0
bull_to_bear,0.16,0.9,10.0,0.0,0,103,103,0.5339805825242718,0.412,0.625,0.425531914893617,0.5339805825242718,0.412,0.625,0.425531914893617,0.0,0.0,0.0,0.0
bull_to_neutral,0.16,0.9,10.0,-0.05,0,103,103,0.5339805825242718,0.412,0.625,0.425531914893617,0.5339805825242718,0.412,0.625,0.425531914893617,0.0,0.0,0.0,0.0
bull_to_bear,0.16,0.9,10.0,-0.05,0,103,103,0.5339805825242718,0.412,0.625,0.425531914893617,0.5339805825242718,0.412,0.625,0.425531914893617,0.0,0.0,0.0,0.0
bull_to_neutral,0.16,0.9,10.0,-0.1,0,103,103,0.5339805825242718,0.412,0.625,0.425531914893617,0.5339805825242718,0.412,0.625,0.425531914893617,0.0,0.0,0.0,0.0
bull_to_bear,0.16,0.9,10.0,-0.1,0,103,103,0.5339805825242718,0.412,0.625,0.425531914893617,0.5339805825242718,0.412,0.625,0.425531914893617,0.0,0.0,0.0,0.0
bull_to_neutral,0.16,0.9,15.0,,0,103,103,0.5339805825242718,0.412,0.625,0.425531914893617,0.5339805825242718,0.412,0.625,0.425531914893617,0.0,0.0,0.0,0.0
bull_to_bear,0.16,0.9,15.0,,0,103,103,0.5339805825242718,0.412,0.625,0.425531914893617,0.5339805825242718,0.412,0.625,0.425531914893617,0.0,0.0,0.0,0.0
bull_to_neutral,0.16,0.9,15.0,0.0,0,103,103,0.5339805825242718,0.412,0.625,0.425531914893617,0.5339805825242718,0.412,0.625,0.425531914893617,0.0,0.0,0.0,0.0
bull_to_bear,0.16,0.9,15.0,0.0,0,103,103,0.5339805825242718,0.412,0.625,0.425531914893617,0.5339805825242718,0.412,0.625,0.425531914893617,0.0,0.0,0.0,0.0
bull_to_neutral,0.16,0.9,15.0,-0.05,0,103,103,0.5339805825242718,0.412,0.625,0.425531914893617,0.5339805825242718,0.412,0.625,0.425531914893617,0.0,0.0,0.0,0.0
bull_to_bear,0.16,0.9,15.0,-0.05,0,103,103,0.5339805825242718,0.412,0.625,0.425531914893617,0.5339805825242718,0.412,0.625,0.425531914893617,0.0,0.0,0.0,0.0
bull_to_neutral,0.16,0.9,15.0,-0.1,0,103,103,0.5339805825242718,0.412,0.625,0.425531914893617,0.5339805825242718,0.412,0.625,0.425531914893617,0.0,0.0,0.0,0.0
bull_to_bear,0.16,0.9,15.0,-0.1,0,103,103,0.5339805825242718,0.412,0.625,0.425531914893617,0.5339805825242718,0.412,0.625,0.425531914893617,0.0,0.0,0.0,0.0
bull_to_neutral,0.18,1.0,,,15,88,103,0.5339805825242718,0.412,0.625,0.425531914893617,0.5454545454545454,0.352,0.6829268292682927,0.425531914893617,0.011473962930273585,-0.06,0.057926829268292734,0.0
bull_to_bear,0.18,1.0,,,15,103,103,0.5339805825242718,0.412,0.625,0.425531914893617,0.5436893203883495,0.412,0.6829268292682927,0.45161290322580644,0.009708737864077666,0.0,0.057926829268292734,0.026080988332189414
bull_to_neutral,0.18,1.0,,0.0,13,90,103,0.5339805825242718,0.412,0.625,0.425531914893617,0.5444444444444444,0.36,0.6744186046511628,0.425531914893617,0.010463861920172568,-0.05199999999999999,0.04941860465116277,0.0
bull_to_bear,0.18,1.0,,0.0,13,103,103,0.5339805825242718,0.412,0.625,0.425531914893617,0.5436893203883495,0.412,0.6744186046511628,0.45,0.009708737864077666,0.0,0.04941860465116277,0.024468085106382986
bull_to_neutral,0.18,1.0,,-0.05,13,90,103,0.5339805825242718,0.412,0.625,0.425531914893617,0.5444444444444444,0.36,0.6744186046511628,0.425531914893617,0.010463861920172568,-0.05199999999999999,0.04941860465116277,0.0
bull_to_bear,0.18,1.0,,-0.05,13,103,103,0.5339805825242718,0.412,0.625,0.425531914893617,0.5436893203883495,0.412,0.6744186046511628,0.45,0.009708737864077666,0.0,0.04941860465116277,0.024468085106382986
bull_to_neutral,0.18,1.0,,-0.1,13,90,103,0.5339805825242718,0.412,0.625,0.425531914893617,0.5444444444444444,0.36,0.6744186046511628,0.425531914893617,0.010463861920172568,-0.05199999999999999,0.04941860465116277,0.0
bull_to_bear,0.18,1.0,,-0.1,13,103,103,0.5339805825242718,0.412,0.625,0.425531914893617,0.5436893203883495,0.412,0.6744186046511628,0.45,0.009708737864077666,0.0,0.04941860465116277,0.024468085106382986
bull_to_neutral,0.18,1.0,0.0,,8,95,103,0.5339805825242718,0.412,0.625,0.425531914893617,0.5684210526315789,0.38,0.7083333333333334,0.425531914893617,0.03444047010730711,-0.03199999999999997,0.08333333333333337,0.0
bull_to_bear,0.18,1.0,0.0,,8,103,103,0.5339805825242718,0.412,0.625,0.425531914893617,0.5922330097087378,0.412,0.7083333333333334,0.4909090909090909,0.058252427184465994,0.0,0.08333333333333337,0.06537717601547388
bull_to_neutral,0.18,1.0,0.0,0.0,8,95,103,0.5339805825242718,0.412,0.625,0.425531914893617,0.5684210526315789,0.38,0.7083333333333334,0.425531914893617,0.03444047010730711,-0.03199999999999997,0.08333333333333337,0.0
bull_to_bear,0.18,1.0,0.0,0.0,8,103,103,0.5339805825242718,0.412,0.625,0.425531914893617,0.5922330097087378,0.412,0.7083333333333334,0.4909090909090909,0.058252427184465994,0.0,0.08333333333333337,0.06537717601547388
bull_to_neutral,0.18,1.0,0.0,-0.05,8,95,103,0.5339805825242718,0.412,0.625,0.425531914893617,0.5684210526315789,0.38,0.7083333333333334,0.425531914893617,0.03444047010730711,-0.03199999999999997,0.08333333333333337,0.0
bull_to_bear,0.18,1.0,0.0,-0.05,8,103,103,0.5339805825242718,0.412,0.625,0.425531914893617,0.5922330097087378,0.412,0.7083333333333334,0.4909090909090909,0.058252427184465994,0.0,0.08333333333333337,0.06537717601547388
bull_to_neutral,0.18,1.0,0.0,-0.1,8,95,103,0.5339805825242718,0.412,0.625,0.425531914893617,0.5684210526315789,0.38,0.7083333333333334,0.425531914893617,0.03444047010730711,-0.03199999999999997,0.08333333333333337,0.0
bull_to_bear,0.18,1.0,0.0,-0.1,8,103,103,0.5339805825242718,0.412,0.625,0.425531914893617,0.5922330097087378,0.412,0.7083333333333334,0.4909090909090909,0.058252427184465994,0.0,0.08333333333333337,0.06537717601547388
bull_to_neutral,0.18,1.0,5.0,,8,95,103,0.5339805825242718,0.412,0.625,0.425531914893617,0.5684210526315789,0.38,0.7083333333333334,0.425531914893617,0.03444047010730711,-0.03199999999999997,0.08333333333333337,0.0
bull_to_bear,0.18,1.0,5.0,,8,103,103,0.5339805825242718,0.412,0.625,0.425531914893617,0.5922330097087378,0.412,0.7083333333333334,0.4909090909090909,0.058252427184465994,0.0,0.08333333333333337,0.06537717601547388
bull_to_neutral,0.18,1.0,5.0,0.0,8,95,103,0.5339805825242718,0.412,0.625,0.425531914893617,0.5684210526315789,0.38,0.7083333333333334,0.425531914893617,0.03444047010730711,-0.03199999999999997,0.08333333333333337,0.0
bull_to_bear,0.18,1.0,5.0,0.0,8,103,103,0.5339805825242718,0.412,0.625,0.425531914893617,0.5922330097087378,0.412,0.7083333333333334,0.4909090909090909,0.058252427184465994,0.0,0.08333333333333337,0.06537717601547388
bull_to_neutral,0.18,1.0,5.0,-0.05,8,95,103,0.5339805825242718,0.412,0.625,0.425531914893617,0.5684210526315789,0.38,0.7083333333333334,0.425531914893617,0.03444047010730711,-0.03199999999999997,0.08333333333333337,0.0
bull_to_bear,0.18,1.0,5.0,-0.05,8,103,103,0.5339805825242718,0.412,0.625,0.425531914893617,0.5922330097087378,0.412,0.7083333333333334,0.4909090909090909,0.058252427184465994,0.0,0.08333333333333337,0.06537717601547388
bull_to_neutral,0.18,1.0,5.0,-0.1,8,95,103,0.5339805825242718,0.412,0.625,0.425531914893617,0.5684210526315789,0.38,0.7083333333333334,0.425531914893617,0.03444047010730711,-0.03199999999999997,0.08333333333333337,0.0
bull_to_bear,0.18,1.0,5.0,-0.1,8,103,103,0.5339805825242718,0.412,0.625,0.425531914893617,0.5922330097087378,0.412,0.7083333333333334,0.4909090909090909,0.058252427184465994,0.0,0.08333333333333337,0.06537717601547388
bull_to_neutral,0.18,1.0,10.0,,7,96,103,0.5339805825242718,0.412,0.625,0.425531914893617,0.5625,0.384,0.6938775510204082,0.425531914893617,0.02851941747572817,-0.02799999999999997,0.06887755102040816,0.0
bull_to_bear,0.18,1.0,10.0,,7,103,103,0.5339805825242718,0.412,0.625,0.425531914893617,0.5825242718446602,0.412,0.6938775510204082,0.48148148148148145,0.04854368932038833,0.0,0.06887755102040816,0.05594956658786443
bull_to_neutral,0.18,1.0,10.0,0.0,7,96,103,0.5339805825242718,0.412,0.625,0.425531914893617,0.5625,0.384,0.6938775510204082,0.425531914893617,0.02851941747572817,-0.02799999999999997,0.06887755102040816,0.0
bull_to_bear,0.18,1.0,10.0,0.0,7,103,103,0.5339805825242718,0.412,0.625,0.425531914893617,0.5825242718446602,0.412,0.6938775510204082,0.48148148148148145,0.04854368932038833,0.0,0.06887755102040816,0.05594956658786443
bull_to_neutral,0.18,1.0,10.0,-0.05,7,96,103,0.5339805825242718,0.412,0.625,0.425531914893617,0.5625,0.384,0.6938775510204082,0.425531914893617,0.02851941747572817,-0.02799999999999997,0.06887755102040816,0.0
bull_to_bear,0.18,1.0,10.0,-0.05,7,103,103,0.5339805825242718,0.412,0.625,0.425531914893617,0.5825242718446602,0.412,0.6938775510204082,0.48148148148148145,0.04854368932038833,0.0,0.06887755102040816,0.05594956658786443
bull_to_neutral,0.18,1.0,10.0,-0.1,7,96,103,0.5339805825242718,0.412,0.625,0.425531914893617,0.5625,0.384,0.6938775510204082,0.425531914893617,0.02851941747572817,-0.02799999999999997,0.06887755102040816,0.0
bull_to_bear,0.18,1.0,10.0,-0.1,7,103,103,0.5339805825242718,0.412,0.625,0.425531914893617,0.5825242718446602,0.412,0.6938775510204082,0.48148148148148145,0.04854368932038833,0.0,0.06887755102040816,0.05594956658786443
bull_to_neutral,0.18,1.0,15.0,,6,97,103,0.5339805825242718,0.412,0.625,0.425531914893617,0.5567010309278351,0.388,0.68,0.425531914893617,0.022720448403563243,-0.023999999999999966,0.05500000000000005,0.0
bull_to_bear,0.18,1.0,15.0,,6,103,103,0.5339805825242718,0.412,0.625,0.425531914893617,0.5728155339805825,0.412,0.68,0.4716981132075472,0.03883495145631066,0.0,0.05500000000000005,0.04616619831393015
bull_to_neutral,0.18,1.0,15.0,0.0,6,97,103,0.5339805825242718,0.412,0.625,0.425531914893617,0.5567010309278351,0.388,0.68,0.425531914893617,0.022720448403563243,-0.023999999999999966,0.05500000000000005,0.0
bull_to_bear,0.18,1.0,15.0,0.0,6,103,103,0.5339805825242718,0.412,0.625,0.425531914893617,0.5728155339805825,0.412,0.68,0.4716981132075472,0.03883495145631066,0.0,0.05500000000000005,0.04616619831393015
bull_to_neutral,0.18,1.0,15.0,-0.05,6,97,103,0.5339805825242718,0.412,0.625,0.425531914893617,0.5567010309278351,0.388,0.68,0.425531914893617,0.022720448403563243,-0.023999999999999966,0.05500000000000005,0.0
bull_to_bear,0.18,1.0,15.0,-0.05,6,103,103,0.5339805825242718,0.412,0.625,0.425531914893617,0.5728155339805825,0.412,0.68,0.4716981132075472,0.03883495145631066,0.0,0.05500000000000005,0.04616619831393015
bull_to_neutral,0.18,1.0,15.0,-0.1,6,97,103,0.5339805825242718,0.412,0.625,0.425531914893617,0.5567010309278351,0.388,0.68,0.425531914893617,0.022720448403563243,-0.023999999999999966,0.05500000000000005,0.0
bull_to_bear,0.18,1.0,15.0,-0.1,6,103,103,0.5339805825242718,0.412,0.625,0.425531914893617,0.5728155339805825,0.412,0.68,0.4716981132075472,0.03883495145631066,0.0,0.05500000000000005,0.04616619831393015
bull_to_neutral,0.18,0.99,,,0,103,103,0.5339805825242718,0.412,0.625,0.425531914893617,0.5339805825242718,0.412,0.625,0.425531914893617,0.0,0.0,0.0,0.0
bull_to_bear,0.18,0.99,,,0,103,103,0.5339805825242718,0.412,0.625,0.425531914893617,0.5339805825242718,0.412,0.625,0.425531914893617,0.0,0.0,0.0,0.0
bull_to_neutral,0.18,0.99,,0.0,0,103,103,0.5339805825242718,0.412,0.625,0.425531914893617,0.5339805825242718,0.412,0.625,0.425531914893617,0.0,0.0,0.0,0.0
bull_to_bear,0.18,0.99,,0.0,0,103,103,0.5339805825242718,0.412,0.625,0.425531914893617,0.5339805825242718,0.412,0.625,0.425531914893617,0.0,0.0,0.0,0.0
bull_to_neutral,0.18,0.99,,-0.05,0,103,103,0.5339805825242718,0.412,0.625,0.425531914893617,0.5339805825242718,0.412,0.625,0.425531914893617,0.0,0.0,0.0,0.0
bull_to_bear,0.18,0.99,,-0.05,0,103,103,0.5339805825242718,0.412,0.625,0.425531914893617,0.5339805825242718,0.412,0.625,0.425531914893617,0.0,0.0,0.0,0.0
bull_to_neutral,0.18,0.99,,-0.1,0,103,103,0.5339805825242718,0.412,0.625,0.425531914893617,0.5339805825242718,0.412,0.625,0.425531914893617,0.0,0.0,0.0,0.0
bull_to_bear,0.18,0.99,,-0.1,0,103,103,0.5339805825242718,0.412,0.625,0.425531914893617,0.5339805825242718,0.412,0.625,0.425531914893617,0.0,0.0,0.0,0.0
bull_to_neutral,0.18,0.99,0.0,,0,103,103,0.5339805825242718,0.412,0.625,0.425531914893617,0.5339805825242718,0.412,0.625,0.425531914893617,0.0,0.0,0.0,0.0
bull_to_bear,0.18,0.99,0.0,,0,103,103,0.5339805825242718,0.412,0.625,0.425531914893617,0.5339805825242718,0.412,0.625,0.425531914893617,0.0,0.0,0.0,0.0
bull_to_neutral,0.18,0.99,0.0,0.0,0,103,103,0.5339805825242718,0.412,0.625,0.425531914893617,0.5339805825242718,0.412,0.625,0.425531914893617,0.0,0.0,0.0,0.0
bull_to_bear,0.18,0.99,0.0,0.0,0,103,103,0.5339805825242718,0.412,0.625,0.425531914893617,0.5339805825242718,0.412,0.625,0.425531914893617,0.0,0.0,0.0,0.0
bull_to_neutral,0.18,0.99,0.0,-0.05,0,103,103,0.5339805825242718,0.412,0.625,0.425531914893617,0.5339805825242718,0.412,0.625,0.425531914893617,0.0,0.0,0.0,0.0
bull_to_bear,0.18,0.99,0.0,-0.05,0,103,103,0.5339805825242718,0.412,0.625,0.425531914893617,0.5339805825242718,0.412,0.625,0.425531914893617,0.0,0.0,0.0,0.0
bull_to_neutral,0.18,0.99,0.0,-0.1,0,103,103,0.5339805825242718,0.412,0.625,0.425531914893617,0.5339805825242718,0.412,0.625,0.425531914893617,0.0,0.0,0.0,0.0
bull_to_bear,0.18,0.99,0.0,-0.1,0,103,103,0.5339805825242718,0.412,0.625,0.425531914893617,0.5339805825242718,0.412,0.625,0.425531914893617,0.0,0.0,0.0,0.0
bull_to_neutral,0.18,0.99,5.0,,0,103,103,0.5339805825242718,0.412,0.625,0.425531914893617,0.5339805825242718,0.412,0.625,0.425531914893617,0.0,0.0,0.0,0.0
bull_to_bear,0.18,0.99,5.0,,0,103,103,0.5339805825242718,0.412,0.625,0.425531914893617,0.5339805825242718,0.412,0.625,0.425531914893617,0.0,0.0,0.0,0.0
bull_to_neutral,0.18,0.99,5.0,0.0,0,103,103,0.5339805825242718,0.412,0.625,0.425531914893617,0.5339805825242718,0.412,0.625,0.425531914893617,0.0,0.0,0.0,0.0
bull_to_bear,0.18,0.99,5.0,0.0,0,103,103,0.5339805825242718,0.412,0.625,0.425531914893617,0.5339805825242718,0.412,0.625,0.425531914893617,0.0,0.0,0.0,0.0
bull_to_neutral,0.18,0.99,5.0,-0.05,0,103,103,0.5339805825242718,0.412,0.625,0.425531914893617,0.5339805825242718,0.412,0.625,0.425531914893617,0.0,0.0,0.0,0.0
bull_to_bear,0.18,0.99,5.0,-0.05,0,103,103,0.5339805825242718,0.412,0.625,0.425531914893617,0.5339805825242718,0.412,0.625,0.425531914893617,0.0,0.0,0.0,0.0
bull_to_neutral,0.18,0.99,5.0,-0.1,0,103,103,0.5339805825242718,0.412,0.625,0.425531914893617,0.5339805825242718,0.412,0.625,0.425531914893617,0.0,0.0,0.0,0.0
bull_to_bear,0.18,0.99,5.0,-0.1,0,103,103,0.5339805825242718,0.412,0.625,0.425531914893617,0.5339805825242718,0.412,0.625,0.425531914893617,0.0,0.0,0.0,0.0
bull_to_neutral,0.18,0.99,10.0,,0,103,103,0.5339805825242718,0.412,0.625,0.425531914893617,0.5339805825242718,0.412,0.625,0.425531914893617,0.0,0.0,0.0,0.0
bull_to_bear,0.18,0.99,10.0,,0,103,103,0.5339805825242718,0.412,0.625,0.425531914893617,0.5339805825242718,0.412,0.625,0.425531914893617,0.0,0.0,0.0,0.0
bull_to_neutral,0.18,0.99,10.0,0.0,0,103,103,0.5339805825242718,0.412,0.625,0.425531914893617,0.5339805825242718,0.412,0.625,0.425531914893617,0.0,0.0,0.0,0.0
bull_to_bear,0.18,0.99,10.0,0.0,0,103,103,0.5339805825242718,0.412,0.625,0.425531914893617,0.5339805825242718,0.412,0.625,0.425531914893617,0.0,0.0,0.0,0.0
bull_to_neutral,0.18,0.99,10.0,-0.05,0,103,103,0.5339805825242718,0.412,0.625,0.425531914893617,0.5339805825242718,0.412,0.625,0.425531914893617,0.0,0.0,0.0,0.0
bull_to_bear,0.18,0.99,10.0,-0.05,0,103,103,0.5339805825242718,0.412,0.625,0.425531914893617,0.5339805825242718,0.412,0.625,0.425531914893617,0.0,0.0,0.0,0.0
bull_to_neutral,0.18,0.99,10.0,-0.1,0,103,103,0.5339805825242718,0.412,0.625,0.425531914893617,0.5339805825242718,0.412,0.625,0.425531914893617,0.0,0.0,0.0,0.0
bull_to_bear,0.18,0.99,10.0,-0.1,0,103,103,0.5339805825242718,0.412,0.625,0.425531914893617,0.5339805825242718,0.412,0.625,0.425531914893617,0.0,0.0,0.0,0.0
bull_to_neutral,0.18,0.99,15.0,,0,103,103,0.5339805825242718,0.412,0.625,0.425531914893617,0.5339805825242718,0.412,0.625,0.425531914893617,0.0,0.0,0.0,0.0
bull_to_bear,0.18,0.99,15.0,,0,103,103,0.5339805825242718,0.412,0.625,0.425531914893617,0.5339805825242718,0.412,0.625,0.425531914893617,0.0,0.0,0.0,0.0
bull_to_neutral,0.18,0.99,15.0,0.0,0,103,103,0.5339805825242718,0.412,0.625,0.425531914893617,0.5339805825242718,0.412,0.625,0.425531914893617,0.0,0.0,0.0,0.0
bull_to_bear,0.18,0.99,15.0,0.0,0,103,103,0.5339805825242718,0.412,0.625,0.425531914893617,0.5339805825242718,0.412,0.625,0.425531914893617,0.0,0.0,0.0,0.0
bull_to_neutral,0.18,0.99,15.0,-0.05,0,103,103,0.5339805825242718,0.412,0.625,0.425531914893617,0.5339805825242718,0.412,0.625,0.425531914893617,0.0,0.0,0.0,0.0
bull_to_bear,0.18,0.99,15.0,-0.05,0,103,103,0.5339805825242718,0.412,0.625,0.425531914893617,0.5339805825242718,0.412,0.625,0.425531914893617,0.0,0.0,0.0,0.0
bull_to_neutral,0.18,0.99,15.0,-0.1,0,103,103,0.5339805825242718,0.412,0.625,0.425531914893617,0.5339805825242718,0.412,0.625,0.425531914893617,0.0,0.0,0.0,0.0
bull_to_bear,0.18,0.99,15.0,-0.1,0,103,103,0.5339805825242718,0.412,0.625,0.425531914893617,0.5339805825242718,0.412,0.625,0.425531914893617,0.0,0.0,0.0,0.0
bull_to_neutral,0.18,0.98,,,0,103,103,0.5339805825242718,0.412,0.625,0.425531914893617,0.5339805825242718,0.412,0.625,0.425531914893617,0.0,0.0,0.0,0.0
bull_to_bear,0.18,0.98,,,0,103,103,0.5339805825242718,0.412,0.625,0.425531914893617,0.5339805825242718,0.412,0.625,0.425531914893617,0.0,0.0,0.0,0.0
bull_to_neutral,0.18,0.98,,0.0,0,103,103,0.5339805825242718,0.412,0.625,0.425531914893617,0.5339805825242718,0.412,0.625,0.425531914893617,0.0,0.0,0.0,0.0
bull_to_bear,0.18,0.98,,0.0,0,103,103,0.5339805825242718,0.412,0.625,0.425531914893617,0.5339805825242718,0.412,0.625,0.425531914893617,0.0,0.0,0.0,0.0
bull_to_neutral,0.18,0.98,,-0.05,0,103,103,0.5339805825242718,0.412,0.625,0.425531914893617,0.5339805825242718,0.412,0.625,0.425531914893617,0.0,0.0,0.0,0.0
bull_to_bear,0.18,0.98,,-0.05,0,103,103,0.5339805825242718,0.412,0.625,0.425531914893617,0.5339805825242718,0.412,0.625,0.425531914893617,0.0,0.0,0.0,0.0
bull_to_neutral,0.18,0.98,,-0.1,0,103,103,0.5339805825242718,0.412,0.625,0.425531914893617,0.5339805825242718,0.412,0.625,0.425531914893617,0.0,0.0,0.0,0.0
bull_to_bear,0.18,0.98,,-0.1,0,103,103,0.5339805825242718,0.412,0.625,0.425531914893617,0.5339805825242718,0.412,0.625,0.425531914893617,0.0,0.0,0.0,0.0
bull_to_neutral,0.18,0.98,0.0,,0,103,103,0.5339805825242718,0.412,0.625,0.425531914893617,0.5339805825242718,0.412,0.625,0.425531914893617,0.0,0.0,0.0,0.0
bull_to_bear,0.18,0.98,0.0,,0,103,103,0.5339805825242718,0.412,0.625,0.425531914893617,0.5339805825242718,0.412,0.625,0.425531914893617,0.0,0.0,0.0,0.0
bull_to_neutral,0.18,0.98,0.0,0.0,0,103,103,0.5339805825242718,0.412,0.625,0.425531914893617,0.5339805825242718,0.412,0.625,0.425531914893617,0.0,0.0,0.0,0.0
bull_to_bear,0.18,0.98,0.0,0.0,0,103,103,0.5339805825242718,0.412,0.625,0.425531914893617,0.5339805825242718,0.412,0.625,0.425531914893617,0.0,0.0,0.0,0.0
bull_to_neutral,0.18,0.98,0.0,-0.05,0,103,103,0.5339805825242718,0.412,0.625,0.425531914893617,0.5339805825242718,0.412,0.625,0.425531914893617,0.0,0.0,0.0,0.0
bull_to_bear,0.18,0.98,0.0,-0.05,0,103,103,0.5339805825242718,0.412,0.625,0.425531914893617,0.5339805825242718,0.412,0.625,0.425531914893617,0.0,0.0,0.0,0.0
bull_to_neutral,0.18,0.98,0.0,-0.1,0,103,103,0.5339805825242718,0.412,0.625,0.425531914893617,0.5339805825242718,0.412,0.625,0.425531914893617,0.0,0.0,0.0,0.0
bull_to_bear,0.18,0.98,0.0,-0.1,0,103,103,0.5339805825242718,0.412,0.625,0.425531914893617,0.5339805825242718,0.412,0.625,0.425531914893617,0.0,0.0,0.0,0.0
bull_to_neutral,0.18,0.98,5.0,,0,103,103,0.5339805825242718,0.412,0.625,0.425531914893617,0.5339805825242718,0.412,0.625,0.425531914893617,0.0,0.0,0.0,0.0
bull_to_bear,0.18,0.98,5.0,,0,103,103,0.5339805825242718,0.412,0.625,0.425531914893617,0.5339805825242718,0.412,0.625,0.425531914893617,0.0,0.0,0.0,0.0
bull_to_neutral,0.18,0.98,5.0,0.0,0,103,103,0.5339805825242718,0.412,0.625,0.425531914893617,0.5339805825242718,0.412,0.625,0.425531914893617,0.0,0.0,0.0,0.0
bull_to_bear,0.18,0.98,5.0,0.0,0,103,103,0.5339805825242718,0.412,0.625,0.425531914893617,0.5339805825242718,0.412,0.625,0.425531914893617,0.0,0.0,0.0,0.0
bull_to_neutral,0.18,0.98,5.0,-0.05,0,103,103,0.5339805825242718,0.412,0.625,0.425531914893617,0.5339805825242718,0.412,0.625,0.425531914893617,0.0,0.0,0.0,0.0
bull_to_bear,0.18,0.98,5.0,-0.05,0,103,103,0.5339805825242718,0.412,0.625,0.425531914893617,0.5339805825242718,0.412,0.625,0.425531914893617,0.0,0.0,0.0,0.0
bull_to_neutral,0.18,0.98,5.0,-0.1,0,103,103,0.5339805825242718,0.412,0.625,0.425531914893617,0.5339805825242718,0.412,0.625,0.425531914893617,0.0,0.0,0.0,0.0
bull_to_bear,0.18,0.98,5.0,-0.1,0,103,103,0.5339805825242718,0.412,0.625,0.425531914893617,0.5339805825242718,0.412,0.625,0.425531914893617,0.0,0.0,0.0,0.0
bull_to_neutral,0.18,0.98,10.0,,0,103,103,0.5339805825242718,0.412,0.625,0.425531914893617,0.5339805825242718,0.412,0.625,0.425531914893617,0.0,0.0,0.0,0.0
bull_to_bear,0.18,0.98,10.0,,0,103,103,0.5339805825242718,0.412,0.625,0.425531914893617,0.5339805825242718,0.412,0.625,0.425531914893617,0.0,0.0,0.0,0.0
bull_to_neutral,0.18,0.98,10.0,0.0,0,103,103,0.5339805825242718,0.412,0.625,0.425531914893617,0.5339805825242718,0.412,0.625,0.425531914893617,0.0,0.0,0.0,0.0
bull_to_bear,0.18,0.98,10.0,0.0,0,103,103,0.5339805825242718,0.412,0.625,0.425531914893617,0.5339805825242718,0.412,0.625,0.425531914893617,0.0,0.0,0.0,0.0
bull_to_neutral,0.18,0.98,10.0,-0.05,0,103,103,0.5339805825242718,0.412,0.625,0.425531914893617,0.5339805825242718,0.412,0.625,0.425531914893617,0.0,0.0,0.0,0.0
bull_to_bear,0.18,0.98,10.0,-0.05,0,103,103,0.5339805825242718,0.412,0.625,0.425531914893617,0.5339805825242718,0.412,0.625,0.425531914893617,0.0,0.0,0.0,0.0
bull_to_neutral,0.18,0.98,10.0,-0.1,0,103,103,0.5339805825242718,0.412,0.625,0.425531914893617,0.5339805825242718,0.412,0.625,0.425531914893617,0.0,0.0,0.0,0.0
bull_to_bear,0.18,0.98,10.0,-0.1,0,103,103,0.5339805825242718,0.412,0.625,0.425531914893617,0.5339805825242718,0.412,0.625,0.425531914893617,0.0,0.0,0.0,0.0
bull_to_neutral,0.18,0.98,15.0,,0,103,103,0.5339805825242718,0.412,0.625,0.425531914893617,0.5339805825242718,0.412,0.625,0.425531914893617,0.0,0.0,0.0,0.0
bull_to_bear,0.18,0.98,15.0,,0,103,103,0.5339805825242718,0.412,0.625,0.425531914893617,0.5339805825242718,0.412,0.625,0.425531914893617,0.0,0.0,0.0,0.0
bull_to_neutral,0.18,0.98,15.0,0.0,0,103,103,0.5339805825242718,0.412,0.625,0.425531914893617,0.5339805825242718,0.412,0.625,0.425531914893617,0.0,0.0,0.0,0.0
bull_to_bear,0.18,0.98,15.0,0.0,0,103,103,0.5339805825242718,0.412,0.625,0.425531914893617,0.5339805825242718,0.412,0.625,0.425531914893617,0.0,0.0,0.0,0.0
bull_to_neutral,0.18,0.98,15.0,-0.05,0,103,103,0.5339805825242718,0.412,0.625,0.425531914893617,0.5339805825242718,0.412,0.625,0.425531914893617,0.0,0.0,0.0,0.0
bull_to_bear,0.18,0.98,15.0,-0.05,0,103,103,0.5339805825242718,0.412,0.625,0.425531914893617,0.5339805825242718,0.412,0.625,0.425531914893617,0.0,0.0,0.0,0.0
bull_to_neutral,0.18,0.98,15.0,-0.1,0,103,103,0.5339805825242718,0.412,0.625,0.425531914893617,0.5339805825242718,0.412,0.625,0.425531914893617,0.0,0.0,0.0,0.0
bull_to_bear,0.18,0.98,15.0,-0.1,0,103,103,0.5339805825242718,0.412,0.625,0.425531914893617,0.5339805825242718,0.412,0.625,0.425531914893617,0.0,0.0,0.0,0.0
bull_to_neutral,0.18,0.97,,,0,103,103,0.5339805825242718,0.412,0.625,0.425531914893617,0.5339805825242718,0.412,0.625,0.425531914893617,0.0,0.0,0.0,0.0
bull_to_bear,0.18,0.97,,,0,103,103,0.5339805825242718,0.412,0.625,0.425531914893617,0.5339805825242718,0.412,0.625,0.425531914893617,0.0,0.0,0.0,0.0
bull_to_neutral,0.18,0.97,,0.0,0,103,103,0.5339805825242718,0.412,0.625,0.425531914893617,0.5339805825242718,0.412,0.625,0.425531914893617,0.0,0.0,0.0,0.0
bull_to_bear,0.18,0.97,,0.0,0,103,103,0.5339805825242718,0.412,0.625,0.425531914893617,0.5339805825242718,0.412,0.625,0.425531914893617,0.0,0.0,0.0,0.0
bull_to_neutral,0.18,0.97,,-0.05,0,103,103,0.5339805825242718,0.412,0.625,0.425531914893617,0.5339805825242718,0.412,0.625,0.425531914893617,0.0,0.0,0.0,0.0
bull_to_bear,0.18,0.97,,-0.05,0,103,103,0.5339805825242718,0.412,0.625,0.425531914893617,0.5339805825242718,0.412,0.625,0.425531914893617,0.0,0.0,0.0,0.0
bull_to_neutral,0.18,0.97,,-0.1,0,103,103,0.5339805825242718,0.412,0.625,0.425531914893617,0.5339805825242718,0.412,0.625,0.425531914893617,0.0,0.0,0.0,0.0
bull_to_bear,0.18,0.97,,-0.1,0,103,103,0.5339805825242718,0.412,0.625,0.425531914893617,0.5339805825242718,0.412,0.625,0.425531914893617,0.0,0.0,0.0,0.0
bull_to_neutral,0.18,0.97,0.0,,0,103,103,0.5339805825242718,0.412,0.625,0.425531914893617,0.5339805825242718,0.412,0.625,0.425531914893617,0.0,0.0,0.0,0.0
bull_to_bear,0.18,0.97,0.0,,0,103,103,0.5339805825242718,0.412,0.625,0.425531914893617,0.5339805825242718,0.412,0.625,0.425531914893617,0.0,0.0,0.0,0.0
bull_to_neutral,0.18,0.97,0.0,0.0,0,103,103,0.5339805825242718,0.412,0.625,0.425531914893617,0.5339805825242718,0.412,0.625,0.425531914893617,0.0,0.0,0.0,0.0
bull_to_bear,0.18,0.97,0.0,0.0,0,103,103,0.5339805825242718,0.412,0.625,0.425531914893617,0.5339805825242718,0.412,0.625,0.425531914893617,0.0,0.0,0.0,0.0
bull_to_neutral,0.18,0.97,0.0,-0.05,0,103,103,0.5339805825242718,0.412,0.625,0.425531914893617,0.5339805825242718,0.412,0.625,0.425531914893617,0.0,0.0,0.0,0.0
bull_to_bear,0.18,0.97,0.0,-0.05,0,103,103,0.5339805825242718,0.412,0.625,0.425531914893617,0.5339805825242718,0.412,0.625,0.425531914893617,0.0,0.0,0.0,0.0
bull_to_neutral,0.18,0.97,0.0,-0.1,0,103,103,0.5339805825242718,0.412,0.625,0.425531914893617,0.5339805825242718,0.412,0.625,0.425531914893617,0.0,0.0,0.0,0.0
bull_to_bear,0.18,0.97,0.0,-0.1,0,103,103,0.5339805825242718,0.412,0.625,0.425531914893617,0.5339805825242718,0.412,0.625,0.425531914893617,0.0,0.0,0.0,0.0
bull_to_neutral,0.18,0.97,5.0,,0,103,103,0.5339805825242718,0.412,0.625,0.425531914893617,0.5339805825242718,0.412,0.625,0.425531914893617,0.0,0.0,0.0,0.0
bull_to_bear,0.18,0.97,5.0,,0,103,103,0.5339805825242718,0.412,0.625,0.425531914893617,0.5339805825242718,0.412,0.625,0.425531914893617,0.0,0.0,0.0,0.0
bull_to_neutral,0.18,0.97,5.0,0.0,0,103,103,0.5339805825242718,0.412,0.625,0.425531914893617,0.5339805825242718,0.412,0.625,0.425531914893617,0.0,0.0,0.0,0.0
bull_to_bear,0.18,0.97,5.0,0.0,0,103,103,0.5339805825242718,0.412,0.625,0.425531914893617,0.5339805825242718,0.412,0.625,0.425531914893617,0.0,0.0,0.0,0.0
bull_to_neutral,0.18,0.97,5.0,-0.05,0,103,103,0.5339805825242718,0.412,0.625,0.425531914893617,0.5339805825242718,0.412,0.625,0.425531914893617,0.0,0.0,0.0,0.0
bull_to_bear,0.18,0.97,5.0,-0.05,0,103,103,0.5339805825242718,0.412,0.625,0.425531914893617,0.5339805825242718,0.412,0.625,0.425531914893617,0.0,0.0,0.0,0.0
bull_to_neutral,0.18,0.97,5.0,-0.1,0,103,103,0.5339805825242718,0.412,0.625,0.425531914893617,0.5339805825242718,0.412,0.625,0.425531914893617,0.0,0.0,0.0,0.0
bull_to_bear,0.18,0.97,5.0,-0.1,0,103,103,0.5339805825242718,0.412,0.625,0.425531914893617,0.5339805825242718,0.412,0.625,0.425531914893617,0.0,0.0,0.0,0.0
bull_to_neutral,0.18,0.97,10.0,,0,103,103,0.5339805825242718,0.412,0.625,0.425531914893617,0.5339805825242718,0.412,0.625,0.425531914893617,0.0,0.0,0.0,0.0
bull_to_bear,0.18,0.97,10.0,,0,103,103,0.5339805825242718,0.412,0.625,0.425531914893617,0.5339805825242718,0.412,0.625,0.425531914893617,0.0,0.0,0.0,0.0
bull_to_neutral,0.18,0.97,10.0,0.0,0,103,103,0.5339805825242718,0.412,0.625,0.425531914893617,0.5339805825242718,0.412,0.625,0.425531914893617,0.0,0.0,0.0,0.0
bull_to_bear,0.18,0.97,10.0,0.0,0,103,103,0.5339805825242718,0.412,0.625,0.425531914893617,0.5339805825242718,0.412,0.625,0.425531914893617,0.0,0.0,0.0,0.0
bull_to_neutral,0.18,0.97,10.0,-0.05,0,103,103,0.5339805825242718,0.412,0.625,0.425531914893617,0.5339805825242718,0.412,0.625,0.425531914893617,0.0,0.0,0.0,0.0
bull_to_bear,0.18,0.97,10.0,-0.05,0,103,103,0.5339805825242718,0.412,0.625,0.425531914893617,0.5339805825242718,0.412,0.625,0.425531914893617,0.0,0.0,0.0,0.0
bull_to_neutral,0.18,0.97,10.0,-0.1,0,103,103,0.5339805825242718,0.412,0.625,0.425531914893617,0.5339805825242718,0.412,0.625,0.425531914893617,0.0,0.0,0.0,0.0
bull_to_bear,0.18,0.97,10.0,-0.1,0,103,103,0.5339805825242718,0.412,0.625,0.425531914893617,0.5339805825242718,0.412,0.625,0.425531914893617,0.0,0.0,0.0,0.0
bull_to_neutral,0.18,0.97,15.0,,0,103,103,0.5339805825242718,0.412,0.625,0.425531914893617,0.5339805825242718,0.412,0.625,0.425531914893617,0.0,0.0,0.0,0.0
bull_to_bear,0.18,0.97,15.0,,0,103,103,0.5339805825242718,0.412,0.625,0.425531914893617,0.5339805825242718,0.412,0.625,0.425531914893617,0.0,0.0,0.0,0.0
bull_to_neutral,0.18,0.97,15.0,0.0,0,103,103,0.5339805825242718,0.412,0.625,0.425531914893617,0.5339805825242718,0.412,0.625,0.425531914893617,0.0,0.0,0.0,0.0
bull_to_bear,0.18,0.97,15.0,0.0,0,103,103,0.5339805825242718,0.412,0.625,0.425531914893617,0.5339805825242718,0.412,0.625,0.425531914893617,0.0,0.0,0.0,0.0
bull_to_neutral,0.18,0.97,15.0,-0.05,0,103,103,0.5339805825242718,0.412,0.625,0.425531914893617,0.5339805825242718,0.412,0.625,0.425531914893617,0.0,0.0,0.0,0.0
bull_to_bear,0.18,0.97,15.0,-0.05,0,103,103,0.5339805825242718,0.412,0.625,0.425531914893617,0.5339805825242718,0.412,0.625,0.425531914893617,0.0,0.0,0.0,0.0
bull_to_neutral,0.18,0.97,15.0,-0.1,0,103,103,0.5339805825242718,0.412,0.625,0.425531914893617,0.5339805825242718,0.412,0.625,0.425531914893617,0.0,0.0,0.0,0.0
bull_to_bear,0.18,0.97,15.0,-0.1,0,103,103,0.5339805825242718,0.412,0.625,0.425531914893617,0.5339805825242718,0.412,0.625,0.425531914893617,0.0,0.0,0.0,0.0
bull_to_neutral,0.18,0.95,,,0,103,103,0.5339805825242718,0.412,0.625,0.425531914893617,0.5339805825242718,0.412,0.625,0.425531914893617,0.0,0.0,0.0,0.0
bull_to_bear,0.18,0.95,,,0,103,103,0.5339805825242718,0.412,0.625,0.425531914893617,0.5339805825242718,0.412,0.625,0.425531914893617,0.0,0.0,0.0,0.0
bull_to_neutral,0.18,0.95,,0.0,0,103,103,0.5339805825242718,0.412,0.625,0.425531914893617,0.5339805825242718,0.412,0.625,0.425531914893617,0.0,0.0,0.0,0.0
bull_to_bear,0.18,0.95,,0.0,0,103,103,0.5339805825242718,0.412,0.625,0.425531914893617,0.5339805825242718,0.412,0.625,0.425531914893617,0.0,0.0,0.0,0.0
bull_to_neutral,0.18,0.95,,-0.05,0,103,103,0.5339805825242718,0.412,0.625,0.425531914893617,0.5339805825242718,0.412,0.625,0.425531914893617,0.0,0.0,0.0,0.0
bull_to_bear,0.18,0.95,,-0.05,0,103,103,0.5339805825242718,0.412,0.625,0.425531914893617,0.5339805825242718,0.412,0.625,0.425531914893617,0.0,0.0,0.0,0.0
bull_to_neutral,0.18,0.95,,-0.1,0,103,103,0.5339805825242718,0.412,0.625,0.425531914893617,0.5339805825242718,0.412,0.625,0.425531914893617,0.0,0.0,0.0,0.0
bull_to_bear,0.18,0.95,,-0.1,0,103,103,0.5339805825242718,0.412,0.625,0.425531914893617,0.5339805825242718,0.412,0.625,0.425531914893617,0.0,0.0,0.0,0.0
bull_to_neutral,0.18,0.95,0.0,,0,103,103,0.5339805825242718,0.412,0.625,0.425531914893617,0.5339805825242718,0.412,0.625,0.425531914893617,0.0,0.0,0.0,0.0
bull_to_bear,0.18,0.95,0.0,,0,103,103,0.5339805825242718,0.412,0.625,0.425531914893617,0.5339805825242718,0.412,0.625,0.425531914893617,0.0,0.0,0.0,0.0
bull_to_neutral,0.18,0.95,0.0,0.0,0,103,103,0.5339805825242718,0.412,0.625,0.425531914893617,0.5339805825242718,0.412,0.625,0.425531914893617,0.0,0.0,0.0,0.0
bull_to_bear,0.18,0.95,0.0,0.0,0,103,103,0.5339805825242718,0.412,0.625,0.425531914893617,0.5339805825242718,0.412,0.625,0.425531914893617,0.0,0.0,0.0,0.0
bull_to_neutral,0.18,0.95,0.0,-0.05,0,103,103,0.5339805825242718,0.412,0.625,0.425531914893617,0.5339805825242718,0.412,0.625,0.425531914893617,0.0,0.0,0.0,0.0
bull_to_bear,0.18,0.95,0.0,-0.05,0,103,103,0.5339805825242718,0.412,0.625,0.425531914893617,0.5339805825242718,0.412,0.625,0.425531914893617,0.0,0.0,0.0,0.0
bull_to_neutral,0.18,0.95,0.0,-0.1,0,103,103,0.5339805825242718,0.412,0.625,0.425531914893617,0.5339805825242718,0.412,0.625,0.425531914893617,0.0,0.0,0.0,0.0
bull_to_bear,0.18,0.95,0.0,-0.1,0,103,103,0.5339805825242718,0.412,0.625,0.425531914893617,0.5339805825242718,0.412,0.625,0.425531914893617,0.0,0.0,0.0,0.0
bull_to_neutral,0.18,0.95,5.0,,0,103,103,0.5339805825242718,0.412,0.625,0.425531914893617,0.5339805825242718,0.412,0.625,0.425531914893617,0.0,0.0,0.0,0.0
bull_to_bear,0.18,0.95,5.0,,0,103,103,0.5339805825242718,0.412,0.625,0.425531914893617,0.5339805825242718,0.412,0.625,0.425531914893617,0.0,0.0,0.0,0.0
bull_to_neutral,0.18,0.95,5.0,0.0,0,103,103,0.5339805825242718,0.412,0.625,0.425531914893617,0.5339805825242718,0.412,0.625,0.425531914893617,0.0,0.0,0.0,0.0
bull_to_bear,0.18,0.95,5.0,0.0,0,103,103,0.5339805825242718,0.412,0.625,0.425531914893617,0.5339805825242718,0.412,0.625,0.425531914893617,0.0,0.0,0.0,0.0
bull_to_neutral,0.18,0.95,5.0,-0.05,0,103,103,0.5339805825242718,0.412,0.625,0.425531914893617,0.5339805825242718,0.412,0.625,0.425531914893617,0.0,0.0,0.0,0.0
bull_to_bear,0.18,0.95,5.0,-0.05,0,103,103,0.5339805825242718,0.412,0.625,0.425531914893617,0.5339805825242718,0.412,0.625,0.425531914893617,0.0,0.0,0.0,0.0
bull_to_neutral,0.18,0.95,5.0,-0.1,0,103,103,0.5339805825242718,0.412,0.625,0.425531914893617,0.5339805825242718,0.412,0.625,0.425531914893617,0.0,0.0,0.0,0.0
bull_to_bear,0.18,0.95,5.0,-0.1,0,103,103,0.5339805825242718,0.412,0.625,0.425531914893617,0.5339805825242718,0.412,0.625,0.425531914893617,0.0,0.0,0.0,0.0
bull_to_neutral,0.18,0.95,10.0,,0,103,103,0.5339805825242718,0.412,0.625,0.425531914893617,0.5339805825242718,0.412,0.625,0.425531914893617,0.0,0.0,0.0,0.0
bull_to_bear,0.18,0.95,10.0,,0,103,103,0.5339805825242718,0.412,0.625,0.425531914893617,0.5339805825242718,0.412,0.625,0.425531914893617,0.0,0.0,0.0,0.0
bull_to_neutral,0.18,0.95,10.0,0.0,0,103,103,0.5339805825242718,0.412,0.625,0.425531914893617,0.5339805825242718,0.412,0.625,0.425531914893617,0.0,0.0,0.0,0.0
bull_to_bear,0.18,0.95,10.0,0.0,0,103,103,0.5339805825242718,0.412,0.625,0.425531914893617,0.5339805825242718,0.412,0.625,0.425531914893617,0.0,0.0,0.0,0.0
bull_to_neutral,0.18,0.95,10.0,-0.05,0,103,103,0.5339805825242718,0.412,0.625,0.425531914893617,0.5339805825242718,0.412,0.625,0.425531914893617,0.0,0.0,0.0,0.0
bull_to_bear,0.18,0.95,10.0,-0.05,0,103,103,0.5339805825242718,0.412,0.625,0.425531914893617,0.5339805825242718,0.412,0.625,0.425531914893617,0.0,0.0,0.0,0.0
bull_to_neutral,0.18,0.95,10.0,-0.1,0,103,103,0.5339805825242718,0.412,0.625,0.425531914893617,0.5339805825242718,0.412,0.625,0.425531914893617,0.0,0.0,0.0,0.0
bull_to_bear,0.18,0.95,10.0,-0.1,0,103,103,0.5339805825242718,0.412,0.625,0.425531914893617,0.5339805825242718,0.412,0.625,0.425531914893617,0.0,0.0,0.0,0.0
bull_to_neutral,0.18,0.95,15.0,,0,103,103,0.5339805825242718,0.412,0.625,0.425531914893617,0.5339805825242718,0.412,0.625,0.425531914893617,0.0,0.0,0.0,0.0
bull_to_bear,0.18,0.95,15.0,,0,103,103,0.5339805825242718,0.412,0.625,0.425531914893617,0.5339805825242718,0.412,0.625,0.425531914893617,0.0,0.0,0.0,0.0
bull_to_neutral,0.18,0.95,15.0,0.0,0,103,103,0.5339805825242718,0.412,0.625,0.425531914893617,0.5339805825242718,0.412,0.625,0.425531914893617,0.0,0.0,0.0,0.0
bull_to_bear,0.18,0.95,15.0,0.0,0,103,103,0.5339805825242718,0.412,0.625,0.425531914893617,0.5339805825242718,0.412,0.625,0.425531914893617,0.0,0.0,0.0,0.0
bull_to_neutral,0.18,0.95,15.0,-0.05,0,103,103,0.5339805825242718,0.412,0.625,0.425531914893617,0.5339805825242718,0.412,0.625,0.425531914893617,0.0,0.0,0.0,0.0
bull_to_bear,0.18,0.95,15.0,-0.05,0,103,103,0.5339805825242718,0.412,0.625,0.425531914893617,0.5339805825242718,0.412,0.625,0.425531914893617,0.0,0.0,0.0,0.0
bull_to_neutral,0.18,0.95,15.0,-0.1,0,103,103,0.5339805825242718,0.412,0.625,0.425531914893617,0.5339805825242718,0.412,0.625,0.425531914893617,0.0,0.0,0.0,0.0
bull_to_bear,0.18,0.95,15.0,-0.1,0,103,103,0.5339805825242718,0.412,0.625,0.425531914893617,0.5339805825242718,0.412,0.625,0.425531914893617,0.0,0.0,0.0,0.0
bull_to_neutral,0.18,0.93,,,0,103,103,0.5339805825242718,0.412,0.625,0.425531914893617,0.5339805825242718,0.412,0.625,0.425531914893617,0.0,0.0,0.0,0.0
bull_to_bear,0.18,0.93,,,0,103,103,0.5339805825242718,0.412,0.625,0.425531914893617,0.5339805825242718,0.412,0.625,0.425531914893617,0.0,0.0,0.0,0.0
bull_to_neutral,0.18,0.93,,0.0,0,103,103,0.5339805825242718,0.412,0.625,0.425531914893617,0.5339805825242718,0.412,0.625,0.425531914893617,0.0,0.0,0.0,0.0
bull_to_bear,0.18,0.93,,0.0,0,103,103,0.5339805825242718,0.412,0.625,0.425531914893617,0.5339805825242718,0.412,0.625,0.425531914893617,0.0,0.0,0.0,0.0
bull_to_neutral,0.18,0.93,,-0.05,0,103,103,0.5339805825242718,0.412,0.625,0.425531914893617,0.5339805825242718,0.412,0.625,0.425531914893617,0.0,0.0,0.0,0.0
bull_to_bear,0.18,0.93,,-0.05,0,103,103,0.5339805825242718,0.412,0.625,0.425531914893617,0.5339805825242718,0.412,0.625,0.425531914893617,0.0,0.0,0.0,0.0
bull_to_neutral,0.18,0.93,,-0.1,0,103,103,0.5339805825242718,0.412,0.625,0.425531914893617,0.5339805825242718,0.412,0.625,0.425531914893617,0.0,0.0,0.0,0.0
bull_to_bear,0.18,0.93,,-0.1,0,103,103,0.5339805825242718,0.412,0.625,0.425531914893617,0.5339805825242718,0.412,0.625,0.425531914893617,0.0,0.0,0.0,0.0
bull_to_neutral,0.18,0.93,0.0,,0,103,103,0.5339805825242718,0.412,0.625,0.425531914893617,0.5339805825242718,0.412,0.625,0.425531914893617,0.0,0.0,0.0,0.0
bull_to_bear,0.18,0.93,0.0,,0,103,103,0.5339805825242718,0.412,0.625,0.425531914893617,0.5339805825242718,0.412,0.625,0.425531914893617,0.0,0.0,0.0,0.0
bull_to_neutral,0.18,0.93,0.0,0.0,0,103,103,0.5339805825242718,0.412,0.625,0.425531914893617,0.5339805825242718,0.412,0.625,0.425531914893617,0.0,0.0,0.0,0.0
bull_to_bear,0.18,0.93,0.0,0.0,0,103,103,0.5339805825242718,0.412,0.625,0.425531914893617,0.5339805825242718,0.412,0.625,0.425531914893617,0.0,0.0,0.0,0.0
bull_to_neutral,0.18,0.93,0.0,-0.05,0,103,103,0.5339805825242718,0.412,0.625,0.425531914893617,0.5339805825242718,0.412,0.625,0.425531914893617,0.0,0.0,0.0,0.0
bull_to_bear,0.18,0.93,0.0,-0.05,0,103,103,0.5339805825242718,0.412,0.625,0.425531914893617,0.5339805825242718,0.412,0.625,0.425531914893617,0.0,0.0,0.0,0.0
bull_to_neutral,0.18,0.93,0.0,-0.1,0,103,103,0.5339805825242718,0.412,0.625,0.425531914893617,0.5339805825242718,0.412,0.625,0.425531914893617,0.0,0.0,0.0,0.0
bull_to_bear,0.18,0.93,0.0,-0.1,0,103,103,0.5339805825242718,0.412,0.625,0.425531914893617,0.5339805825242718,0.412,0.625,0.425531914893617,0.0,0.0,0.0,0.0
bull_to_neutral,0.18,0.93,5.0,,0,103,103,0.5339805825242718,0.412,0.625,0.425531914893617,0.5339805825242718,0.412,0.625,0.425531914893617,0.0,0.0,0.0,0.0
bull_to_bear,0.18,0.93,5.0,,0,103,103,0.5339805825242718,0.412,0.625,0.425531914893617,0.5339805825242718,0.412,0.625,0.425531914893617,0.0,0.0,0.0,0.0
bull_to_neutral,0.18,0.93,5.0,0.0,0,103,103,0.5339805825242718,0.412,0.625,0.425531914893617,0.5339805825242718,0.412,0.625,0.425531914893617,0.0,0.0,0.0,0.0
bull_to_bear,0.18,0.93,5.0,0.0,0,103,103,0.5339805825242718,0.412,0.625,0.425531914893617,0.5339805825242718,0.412,0.625,0.425531914893617,0.0,0.0,0.0,0.0
bull_to_neutral,0.18,0.93,5.0,-0.05,0,103,103,0.5339805825242718,0.412,0.625,0.425531914893617,0.5339805825242718,0.412,0.625,0.425531914893617,0.0,0.0,0.0,0.0
bull_to_bear,0.18,0.93,5.0,-0.05,0,103,103,0.5339805825242718,0.412,0.625,0.425531914893617,0.5339805825242718,0.412,0.625,0.425531914893617,0.0,0.0,0.0,0.0
bull_to_neutral,0.18,0.93,5.0,-0.1,0,103,103,0.5339805825242718,0.412,0.625,0.425531914893617,0.5339805825242718,0.412,0.625,0.425531914893617,0.0,0.0,0.0,0.0
bull_to_bear,0.18,0.93,5.0,-0.1,0,103,103,0.5339805825242718,0.412,0.625,0.425531914893617,0.5339805825242718,0.412,0.625,0.425531914893617,0.0,0.0,0.0,0.0
bull_to_neutral,0.18,0.93,10.0,,0,103,103,0.5339805825242718,0.412,0.625,0.425531914893617,0.5339805825242718,0.412,0.625,0.425531914893617,0.0,0.0,0.0,0.0
bull_to_bear,0.18,0.93,10.0,,0,103,103,0.5339805825242718,0.412,0.625,0.425531914893617,0.5339805825242718,0.412,0.625,0.425531914893617,0.0,0.0,0.0,0.0
bull_to_neutral,0.18,0.93,10.0,0.0,0,103,103,0.5339805825242718,0.412,0.625,0.425531914893617,0.5339805825242718,0.412,0.625,0.425531914893617,0.0,0.0,0.0,0.0
bull_to_bear,0.18,0.93,10.0,0.0,0,103,103,0.5339805825242718,0.412,0.625,0.425531914893617,0.5339805825242718,0.412,0.625,0.425531914893617,0.0,0.0,0.0,0.0
bull_to_neutral,0.18,0.93,10.0,-0.05,0,103,103,0.5339805825242718,0.412,0.625,0.425531914893617,0.5339805825242718,0.412,0.625,0.425531914893617,0.0,0.0,0.0,0.0
bull_to_bear,0.18,0.93,10.0,-0.05,0,103,103,0.5339805825242718,0.412,0.625,0.425531914893617,0.5339805825242718,0.412,0.625,0.425531914893617,0.0,0.0,0.0,0.0
bull_to_neutral,0.18,0.93,10.0,-0.1,0,103,103,0.5339805825242718,0.412,0.625,0.425531914893617,0.5339805825242718,0.412,0.625,0.425531914893617,0.0,0.0,0.0,0.0
bull_to_bear,0.18,0.93,10.0,-0.1,0,103,103,0.5339805825242718,0.412,0.625,0.425531914893617,0.5339805825242718,0.412,0.625,0.425531914893617,0.0,0.0,0.0,0.0
bull_to_neutral,0.18,0.93,15.0,,0,103,103,0.5339805825242718,0.412,0.625,0.425531914893617,0.5339805825242718,0.412,0.625,0.425531914893617,0.0,0.0,0.0,0.0
bull_to_bear,0.18,0.93,15.0,,0,103,103,0.5339805825242718,0.412,0.625,0.425531914893617,0.5339805825242718,0.412,0.625,0.425531914893617,0.0,0.0,0.0,0.0
bull_to_neutral,0.18,0.93,15.0,0.0,0,103,103,0.5339805825242718,0.412,0.625,0.425531914893617,0.5339805825242718,0.412,0.625,0.425531914893617,0.0,0.0,0.0,0.0
bull_to_bear,0.18,0.93,15.0,0.0,0,103,103,0.5339805825242718,0.412,0.625,0.425531914893617,0.5339805825242718,0.412,0.625,0.425531914893617,0.0,0.0,0.0,0.0
bull_to_neutral,0.18,0.93,15.0,-0.05,0,103,103,0.5339805825242718,0.412,0.625,0.425531914893617,0.5339805825242718,0.412,0.625,0.425531914893617,0.0,0.0,0.0,0.0
bull_to_bear,0.18,0.93,15.0,-0.05,0,103,103,0.5339805825242718,0.412,0.625,0.425531914893617,0.5339805825242718,0.412,0.625,0.425531914893617,0.0,0.0,0.0,0.0
bull_to_neutral,0.18,0.93,15.0,-0.1,0,103,103,0.5339805825242718,0.412,0.625,0.425531914893617,0.5339805825242718,0.412,0.625,0.425531914893617,0.0,0.0,0.0,0.0
bull_to_bear,0.18,0.93,15.0,-0.1,0,103,103,0.5339805825242718,0.412,0.625,0.425531914893617,0.5339805825242718,0.412,0.625,0.425531914893617,0.0,0.0,0.0,0.0
bull_to_neutral,0.18,0.9,,,0,103,103,0.5339805825242718,0.412,0.625,0.425531914893617,0.5339805825242718,0.412,0.625,0.425531914893617,0.0,0.0,0.0,0.0
bull_to_bear,0.18,0.9,,,0,103,103,0.5339805825242718,0.412,0.625,0.425531914893617,0.5339805825242718,0.412,0.625,0.425531914893617,0.0,0.0,0.0,0.0
bull_to_neutral,0.18,0.9,,0.0,0,103,103,0.5339805825242718,0.412,0.625,0.425531914893617,0.5339805825242718,0.412,0.625,0.425531914893617,0.0,0.0,0.0,0.0
bull_to_bear,0.18,0.9,,0.0,0,103,103,0.5339805825242718,0.412,0.625,0.425531914893617,0.5339805825242718,0.412,0.625,0.425531914893617,0.0,0.0,0.0,0.0
bull_to_neutral,0.18,0.9,,-0.05,0,103,103,0.5339805825242718,0.412,0.625,0.425531914893617,0.5339805825242718,0.412,0.625,0.425531914893617,0.0,0.0,0.0,0.0
bull_to_bear,0.18,0.9,,-0.05,0,103,103,0.5339805825242718,0.412,0.625,0.425531914893617,0.5339805825242718,0.412,0.625,0.425531914893617,0.0,0.0,0.0,0.0
bull_to_neutral,0.18,0.9,,-0.1,0,103,103,0.5339805825242718,0.412,0.625,0.425531914893617,0.5339805825242718,0.412,0.625,0.425531914893617,0.0,0.0,0.0,0.0
bull_to_bear,0.18,0.9,,-0.1,0,103,103,0.5339805825242718,0.412,0.625,0.425531914893617,0.5339805825242718,0.412,0.625,0.425531914893617,0.0,0.0,0.0,0.0
bull_to_neutral,0.18,0.9,0.0,,0,103,103,0.5339805825242718,0.412,0.625,0.425531914893617,0.5339805825242718,0.412,0.625,0.425531914893617,0.0,0.0,0.0,0.0
bull_to_bear,0.18,0.9,0.0,,0,103,103,0.5339805825242718,0.412,0.625,0.425531914893617,0.5339805825242718,0.412,0.625,0.425531914893617,0.0,0.0,0.0,0.0
bull_to_neutral,0.18,0.9,0.0,0.0,0,103,103,0.5339805825242718,0.412,0.625,0.425531914893617,0.5339805825242718,0.412,0.625,0.425531914893617,0.0,0.0,0.0,0.0
bull_to_bear,0.18,0.9,0.0,0.0,0,103,103,0.5339805825242718,0.412,0.625,0.425531914893617,0.5339805825242718,0.412,0.625,0.425531914893617,0.0,0.0,0.0,0.0
bull_to_neutral,0.18,0.9,0.0,-0.05,0,103,103,0.5339805825242718,0.412,0.625,0.425531914893617,0.5339805825242718,0.412,0.625,0.425531914893617,0.0,0.0,0.0,0.0
bull_to_bear,0.18,0.9,0.0,-0.05,0,103,103,0.5339805825242718,0.412,0.625,0.425531914893617,0.5339805825242718,0.412,0.625,0.425531914893617,0.0,0.0,0.0,0.0
bull_to_neutral,0.18,0.9,0.0,-0.1,0,103,103,0.5339805825242718,0.412,0.625,0.425531914893617,0.5339805825242718,0.412,0.625,0.425531914893617,0.0,0.0,0.0,0.0
bull_to_bear,0.18,0.9,0.0,-0.1,0,103,103,0.5339805825242718,0.412,0.625,0.425531914893617,0.5339805825242718,0.412,0.625,0.425531914893617,0.0,0.0,0.0,0.0
bull_to_neutral,0.18,0.9,5.0,,0,103,103,0.5339805825242718,0.412,0.625,0.425531914893617,0.5339805825242718,0.412,0.625,0.425531914893617,0.0,0.0,0.0,0.0
bull_to_bear,0.18,0.9,5.0,,0,103,103,0.5339805825242718,0.412,0.625,0.425531914893617,0.5339805825242718,0.412,0.625,0.425531914893617,0.0,0.0,0.0,0.0
bull_to_neutral,0.18,0.9,5.0,0.0,0,103,103,0.5339805825242718,0.412,0.625,0.425531914893617,0.5339805825242718,0.412,0.625,0.425531914893617,0.0,0.0,0.0,0.0
bull_to_bear,0.18,0.9,5.0,0.0,0,103,103,0.5339805825242718,0.412,0.625,0.425531914893617,0.5339805825242718,0.412,0.625,0.425531914893617,0.0,0.0,0.0,0.0
bull_to_neutral,0.18,0.9,5.0,-0.05,0,103,103,0.5339805825242718,0.412,0.625,0.425531914893617,0.5339805825242718,0.412,0.625,0.425531914893617,0.0,0.0,0.0,0.0
bull_to_bear,0.18,0.9,5.0,-0.05,0,103,103,0.5339805825242718,0.412,0.625,0.425531914893617,0.5339805825242718,0.412,0.625,0.425531914893617,0.0,0.0,0.0,0.0
bull_to_neutral,0.18,0.9,5.0,-0.1,0,103,103,0.5339805825242718,0.412,0.625,0.425531914893617,0.5339805825242718,0.412,0.625,0.425531914893617,0.0,0.0,0.0,0.0
bull_to_bear,0.18,0.9,5.0,-0.1,0,103,103,0.5339805825242718,0.412,0.625,0.425531914893617,0.5339805825242718,0.412,0.625,0.425531914893617,0.0,0.0,0.0,0.0
bull_to_neutral,0.18,0.9,10.0,,0,103,103,0.5339805825242718,0.412,0.625,0.425531914893617,0.5339805825242718,0.412,0.625,0.425531914893617,0.0,0.0,0.0,0.0
bull_to_bear,0.18,0.9,10.0,,0,103,103,0.5339805825242718,0.412,0.625,0.425531914893617,0.5339805825242718,0.412,0.625,0.425531914893617,0.0,0.0,0.0,0.0
bull_to_neutral,0.18,0.9,10.0,0.0,0,103,103,0.5339805825242718,0.412,0.625,0.425531914893617,0.5339805825242718,0.412,0.625,0.425531914893617,0.0,0.0,0.0,0.0
bull_to_bear,0.18,0.9,10.0,0.0,0,103,103,0.5339805825242718,0.412,0.625,0.425531914893617,0.5339805825242718,0.412,0.625,0.425531914893617,0.0,0.0,0.0,0.0
bull_to_neutral,0.18,0.9,10.0,-0.05,0,103,103,0.5339805825242718,0.412,0.625,0.425531914893617,0.5339805825242718,0.412,0.625,0.425531914893617,0.0,0.0,0.0,0.0
bull_to_bear,0.18,0.9,10.0,-0.05,0,103,103,0.5339805825242718,0.412,0.625,0.425531914893617,0.5339805825242718,0.412,0.625,0.425531914893617,0.0,0.0,0.0,0.0
bull_to_neutral,0.18,0.9,10.0,-0.1,0,103,103,0.5339805825242718,0.412,0.625,0.425531914893617,0.5339805825242718,0.412,0.625,0.425531914893617,0.0,0.0,0.0,0.0
bull_to_bear,0.18,0.9,10.0,-0.1,0,103,103,0.5339805825242718,0.412,0.625,0.425531914893617,0.5339805825242718,0.412,0.625,0.425531914893617,0.0,0.0,0.0,0.0
bull_to_neutral,0.18,0.9,15.0,,0,103,103,0.5339805825242718,0.412,0.625,0.425531914893617,0.5339805825242718,0.412,0.625,0.425531914893617,0.0,0.0,0.0,0.0
bull_to_bear,0.18,0.9,15.0,,0,103,103,0.5339805825242718,0.412,0.625,0.425531914893617,0.5339805825242718,0.412,0.625,0.425531914893617,0.0,0.0,0.0,0.0
bull_to_neutral,0.18,0.9,15.0,0.0,0,103,103,0.5339805825242718,0.412,0.625,0.425531914893617,0.5339805825242718,0.412,0.625,0.425531914893617,0.0,0.0,0.0,0.0
bull_to_bear,0.18,0.9,15.0,0.0,0,103,103,0.5339805825242718,0.412,0.625,0.425531914893617,0.5339805825242718,0.412,0.625,0.425531914893617,0.0,0.0,0.0,0.0
bull_to_neutral,0.18,0.9,15.0,-0.05,0,103,103,0.5339805825242718,0.412,0.625,0.425531914893617,0.5339805825242718,0.412,0.625,0.425531914893617,0.0,0.0,0.0,0.0
bull_to_bear,0.18,0.9,15.0,-0.05,0,103,103,0.5339805825242718,0.412,0.625,0.425531914893617,0.5339805825242718,0.412,0.625,0.425531914893617,0.0,0.0,0.0,0.0
bull_to_neutral,0.18,0.9,15.0,-0.1,0,103,103,0.5339805825242718,0.412,0.625,0.425531914893617,0.5339805825242718,0.412,0.625,0.425531914893617,0.0,0.0,0.0,0.0
bull_to_bear,0.18,0.9,15.0,-0.1,0,103,103,0.5339805825242718,0.412,0.625,0.425531914893617,0.5339805825242718,0.412,0.625,0.425531914893617,0.0,0.0,0.0,0.0
bull_to_neutral,0.2,1.0,,,14,89,103,0.5339805825242718,0.412,0.625,0.425531914893617,0.5393258426966292,0.356,0.6666666666666666,0.425531914893617,0.005345260172357369,-0.055999999999999994,0.04166666666666663,0.0
bull_to_bear,0.2,1.0,,,14,103,103,0.5339805825242718,0.412,0.625,0.425531914893617,0.5339805825242718,0.412,0.6666666666666666,0.4426229508196721,0.0,0.0,0.04166666666666663,0.017091035926055098
bull_to_neutral,0.2,1.0,,0.0,12,91,103,0.5339805825242718,0.412,0.625,0.425531914893617,0.5384615384615384,0.364,0.6590909090909091,0.425531914893617,0.004480955937266606,-0.04799999999999999,0.03409090909090906,0.0
bull_to_bear,0.2,1.0,,0.0,12,103,103,0.5339805825242718,0.412,0.625,0.425531914893617,0.5339805825242718,0.412,0.6590909090909091,0.4406779661016949,0.0,0.0,0.03409090909090906,0.015146051208077882
bull_to_neutral,0.2,1.0,,-0.05,12,91,103,0.5339805825242718,0.412,0.625,0.425531914893617,0.5384615384615384,0.364,0.6590909090909091,0.425531914893617,0.004480955937266606,-0.04799999999999999,0.03409090909090906,0.0
bull_to_bear,0.2,1.0,,-0.05,12,103,103,0.5339805825242718,0.412,0.625,0.425531914893617,0.5339805825242718,0.412,0.6590909090909091,0.4406779661016949,0.0,0.0,0.03409090909090906,0.015146051208077882
bull_to_neutral,0.2,1.0,,-0.1,12,91,103,0.5339805825242718,0.412,0.625,0.425531914893617,0.5384615384615384,0.364,0.6590909090909091,0.425531914893617,0.004480955937266606,-0.04799999999999999,0.03409090909090906,0.0
bull_to_bear,0.2,1.0,,-0.1,12,103,103,0.5339805825242718,0.412,0.625,0.425531914893617,0.5339805825242718,0.412,0.6590909090909091,0.4406779661016949,0.0,0.0,0.03409090909090906,0.015146051208077882
bull_to_neutral,0.2,1.0,0.0,,7,96,103,0.5339805825242718,0.412,0.625,0.425531914893617,0.5625,0.384,0.6938775510204082,0.425531914893617,0.02851941747572817,-0.02799999999999997,0.06887755102040816,0.0
bull_to_bear,0.2,1.0,0.0,,7,103,103,0.5339805825242718,0.412,0.625,0.425531914893617,0.5825242718446602,0.412,0.6938775510204082,0.48148148148148145,0.04854368932038833,0.0,0.06887755102040816,0.05594956658786443
bull_to_neutral,0.2,1.0,0.0,0.0,7,96,103,0.5339805825242718,0.412,0.625,0.425531914893617,0.5625,0.384,0.6938775510204082,0.425531914893617,0.02851941747572817,-0.02799999999999997,0.06887755102040816,0.0
bull_to_bear,0.2,1.0,0.0,0.0,7,103,103,0.5339805825242718,0.412,0.625,0.425531914893617,0.5825242718446602,0.412,0.6938775510204082,0.48148148148148145,0.04854368932038833,0.0,0.06887755102040816,0.05594956658786443
bull_to_neutral,0.2,1.0,0.0,-0.05,7,96,103,0.5339805825242718,0.412,0.625,0.425531914893617,0.5625,0.384,0.6938775510204082,0.425531914893617,0.02851941747572817,-0.02799999999999997,0.06887755102040816,0.0
bull_to_bear,0.2,1.0,0.0,-0.05,7,103,103,0.5339805825242718,0.412,0.625,0.425531914893617,0.5825242718446602,0.412,0.6938775510204082,0.48148148148148145,0.04854368932038833,0.0,0.06887755102040816,0.05594956658786443
bull_to_neutral,0.2,1.0,0.0,-0.1,7,96,103,0.5339805825242718,0.412,0.625,0.425531914893617,0.5625,0.384,0.6938775510204082,0.425531914893617,0.02851941747572817,-0.02799999999999997,0.06887755102040816,0.0
bull_to_bear,0.2,1.0,0.0,-0.1,7,103,103,0.5339805825242718,0.412,0.625,0.425531914893617,0.5825242718446602,0.412,0.6938775510204082,0.48148148148148145,0.04854368932038833,0.0,0.06887755102040816,0.05594956658786443
bull_to_neutral,0.2,1.0,5.0,,7,96,103,0.5339805825242718,0.412,0.625,0.425531914893617,0.5625,0.384,0.6938775510204082,0.425531914893617,0.02851941747572817,-0.02799999999999997,0.06887755102040816,0.0
bull_to_bear,0.2,1.0,5.0,,7,103,103,0.5339805825242718,0.412,0.625,0.425531914893617,0.5825242718446602,0.412,0.6938775510204082,0.48148148148148145,0.04854368932038833,0.0,0.06887755102040816,0.05594956658786443
bull_to_neutral,0.2,1.0,5.0,0.0,7,96,103,0.5339805825242718,0.412,0.625,0.425531914893617,0.5625,0.384,0.6938775510204082,0.425531914893617,0.02851941747572817,-0.02799999999999997,0.06887755102040816,0.0
bull_to_bear,0.2,1.0,5.0,0.0,7,103,103,0.5339805825242718,0.412,0.625,0.425531914893617,0.5825242718446602,0.412,0.6938775510204082,0.48148148148148145,0.04854368932038833,0.0,0.06887755102040816,0.05594956658786443
bull_to_neutral,0.2,1.0,5.0,-0.05,7,96,103,0.5339805825242718,0.412,0.625,0.425531914893617,0.5625,0.384,0.6938775510204082,0.425531914893617,0.02851941747572817,-0.02799999999999997,0.06887755102040816,0.0
bull_to_bear,0.2,1.0,5.0,-0.05,7,103,103,0.5339805825242718,0.412,0.625,0.425531914893617,0.5825242718446602,0.412,0.6938775510204082,0.48148148148148145,0.04854368932038833,0.0,0.06887755102040816,0.05594956658786443
bull_to_neutral,0.2,1.0,5.0,-0.1,7,96,103,0.5339805825242718,0.412,0.625,0.425531914893617,0.5625,0.384,0.6938775510204082,0.425531914893617,0.02851941747572817,-0.02799999999999997,0.06887755102040816,0.0
bull_to_bear,0.2,1.0,5.0,-0.1,7,103,103,0.5339805825242718,0.412,0.625,0.425531914893617,0.5825242718446602,0.412,0.6938775510204082,0.48148148148148145,0.04854368932038833,0.0,0.06887755102040816,0.05594956658786443
bull_to_neutral,0.2,1.0,10.0,,6,97,103,0.5339805825242718,0.412,0.625,0.425531914893617,0.5567010309278351,0.388,0.68,0.425531914893617,0.022720448403563243,-0.023999999999999966,0.05500000000000005,0.0
bull_to_bear,0.2,1.0,10.0,,6,103,103,0.5339805825242718,0.412,0.625,0.425531914893617,0.5728155339805825,0.412,0.68,0.4716981132075472,0.03883495145631066,0.0,0.05500000000000005,0.04616619831393015
bull_to_neutral,0.2,1.0,10.0,0.0,6,97,103,0.5339805825242718,0.412,0.625,0.425531914893617,0.5567010309278351,0.388,0.68,0.425531914893617,0.022720448403563243,-0.023999999999999966,0.05500000000000005,0.0
bull_to_bear,0.2,1.0,10.0,0.0,6,103,103,0.5339805825242718,0.412,0.625,0.425531914893617,0.5728155339805825,0.412,0.68,0.4716981132075472,0.03883495145631066,0.0,0.05500000000000005,0.04616619831393015
bull_to_neutral,0.2,1.0,10.0,-0.05,6,97,103,0.5339805825242718,0.412,0.625,0.425531914893617,0.5567010309278351,0.388,0.68,0.425531914893617,0.022720448403563243,-0.023999999999999966,0.05500000000000005,0.0
bull_to_bear,0.2,1.0,10.0,-0.05,6,103,103,0.5339805825242718,0.412,0.625,0.425531914893617,0.5728155339805825,0.412,0.68,0.4716981132075472,0.03883495145631066,0.0,0.05500000000000005,0.04616619831393015
bull_to_neutral,0.2,1.0,10.0,-0.1,6,97,103,0.5339805825242718,0.412,0.625,0.425531914893617,0.5567010309278351,0.388,0.68,0.425531914893617,0.022720448403563243,-0.023999999999999966,0.05500000000000005,0.0
bull_to_bear,0.2,1.0,10.0,-0.1,6,103,103,0.5339805825242718,0.412,0.625,0.425531914893617,0.5728155339805825,0.412,0.68,0.4716981132075472,0.03883495145631066,0.0,0.05500000000000005,0.04616619831393015
bull_to_neutral,0.2,1.0,15.0,,5,98,103,0.5339805825242718,0.412,0.625,0.425531914893617,0.5510204081632653,0.392,0.6666666666666666,0.425531914893617,0.017039825638993422,-0.019999999999999962,0.04166666666666663,0.0
bull_to_bear,0.2,1.0,15.0,,5,103,103,0.5339805825242718,0.412,0.625,0.425531914893617,0.5631067961165048,0.412,0.6666666666666666,0.46153846153846156,0.029126213592232997,0.0,0.04166666666666663,0.03600654664484454
bull_to_neutral,0.2,1.0,15.0,0.0,5,98,103,0.5339805825242718,0.412,0.625,0.425531914893617,0.5510204081632653,0.392,0.6666666666666666,0.425531914893617,0.017039825638993422,-0.019999999999999962,0.04166666666666663,0.0
bull_to_bear,0.2,1.0,15.0,0.0,5,103,103,0.5339805825242718,0.412,0.625,0.425531914893617,0.5631067961165048,0.412,0.6666666666666666,0.46153846153846156,0.029126213592232997,0.0,0.04166666666666663,0.03600654664484454
bull_to_neutral,0.2,1.0,15.0,-0.05,5,98,103,0.5339805825242718,0.412,0.625,0.425531914893617,0.5510204081632653,0.392,0.6666666666666666,0.425531914893617,0.017039825638993422,-0.019999999999999962,0.04166666666666663,0.0
bull_to_bear,0.2,1.0,15.0,-0.05,5,103,103,0.5339805825242718,0.412,0.625,0.425531914893617,0.5631067961165048,0.412,0.6666666666666666,0.46153846153846156,0.029126213592232997,0.0,0.04166666666666663,0.03600654664484454
bull_to_neutral,0.2,1.0,15.0,-0.1,5,98,103,0.5339805825242718,0.412,0.625,0.425531914893617,0.5510204081632653,0.392,0.6666666666666666,0.425531914893617,0.017039825638993422,-0.019999999999999962,0.04166666666666663,0.0
bull_to_bear,0.2,1.0,15.0,-0.1,5,103,103,0.5339805825242718,0.412,0.625,0.425531914893617,0.5631067961165048,0.412,0.6666666666666666,0.46153846153846156,0.029126213592232997,0.0,0.04166666666666663,0.03600654664484454
bull_to_neutral,0.2,0.99,,,0,103,103,0.5339805825242718,0.412,0.625,0.425531914893617,0.5339805825242718,0.412,0.625,0.425531914893617,0.0,0.0,0.0,0.0
bull_to_bear,0.2,0.99,,,0,103,103,0.5339805825242718,0.412,0.625,0.425531914893617,0.5339805825242718,0.412,0.625,0.425531914893617,0.0,0.0,0.0,0.0
bull_to_neutral,0.2,0.99,,0.0,0,103,103,0.5339805825242718,0.412,0.625,0.425531914893617,0.5339805825242718,0.412,0.625,0.425531914893617,0.0,0.0,0.0,0.0
bull_to_bear,0.2,0.99,,0.0,0,103,103,0.5339805825242718,0.412,0.625,0.425531914893617,0.5339805825242718,0.412,0.625,0.425531914893617,0.0,0.0,0.0,0.0
bull_to_neutral,0.2,0.99,,-0.05,0,103,103,0.5339805825242718,0.412,0.625,0.425531914893617,0.5339805825242718,0.412,0.625,0.425531914893617,0.0,0.0,0.0,0.0
bull_to_bear,0.2,0.99,,-0.05,0,103,103,0.5339805825242718,0.412,0.625,0.425531914893617,0.5339805825242718,0.412,0.625,0.425531914893617,0.0,0.0,0.0,0.0
bull_to_neutral,0.2,0.99,,-0.1,0,103,103,0.5339805825242718,0.412,0.625,0.425531914893617,0.5339805825242718,0.412,0.625,0.425531914893617,0.0,0.0,0.0,0.0
bull_to_bear,0.2,0.99,,-0.1,0,103,103,0.5339805825242718,0.412,0.625,0.425531914893617,0.5339805825242718,0.412,0.625,0.425531914893617,0.0,0.0,0.0,0.0
bull_to_neutral,0.2,0.99,0.0,,0,103,103,0.5339805825242718,0.412,0.625,0.425531914893617,0.5339805825242718,0.412,0.625,0.425531914893617,0.0,0.0,0.0,0.0
bull_to_bear,0.2,0.99,0.0,,0,103,103,0.5339805825242718,0.412,0.625,0.425531914893617,0.5339805825242718,0.412,0.625,0.425531914893617,0.0,0.0,0.0,0.0
bull_to_neutral,0.2,0.99,0.0,0.0,0,103,103,0.5339805825242718,0.412,0.625,0.425531914893617,0.5339805825242718,0.412,0.625,0.425531914893617,0.0,0.0,0.0,0.0
bull_to_bear,0.2,0.99,0.0,0.0,0,103,103,0.5339805825242718,0.412,0.625,0.425531914893617,0.5339805825242718,0.412,0.625,0.425531914893617,0.0,0.0,0.0,0.0
bull_to_neutral,0.2,0.99,0.0,-0.05,0,103,103,0.5339805825242718,0.412,0.625,0.425531914893617,0.5339805825242718,0.412,0.625,0.425531914893617,0.0,0.0,0.0,0.0
bull_to_bear,0.2,0.99,0.0,-0.05,0,103,103,0.5339805825242718,0.412,0.625,0.425531914893617,0.5339805825242718,0.412,0.625,0.425531914893617,0.0,0.0,0.0,0.0
bull_to_neutral,0.2,0.99,0.0,-0.1,0,103,103,0.5339805825242718,0.412,0.625,0.425531914893617,0.5339805825242718,0.412,0.625,0.425531914893617,0.0,0.0,0.0,0.0
bull_to_bear,0.2,0.99,0.0,-0.1,0,103,103,0.5339805825242718,0.412,0.625,0.425531914893617,0.5339805825242718,0.412,0.625,0.425531914893617,0.0,0.0,0.0,0.0
bull_to_neutral,0.2,0.99,5.0,,0,103,103,0.5339805825242718,0.412,0.625,0.425531914893617,0.5339805825242718,0.412,0.625,0.425531914893617,0.0,0.0,0.0,0.0
bull_to_bear,0.2,0.99,5.0,,0,103,103,0.5339805825242718,0.412,0.625,0.425531914893617,0.5339805825242718,0.412,0.625,0.425531914893617,0.0,0.0,0.0,0.0
bull_to_neutral,0.2,0.99,5.0,0.0,0,103,103,0.5339805825242718,0.412,0.625,0.425531914893617,0.5339805825242718,0.412,0.625,0.425531914893617,0.0,0.0,0.0,0.0
bull_to_bear,0.2,0.99,5.0,0.0,0,103,103,0.5339805825242718,0.412,0.625,0.425531914893617,0.5339805825242718,0.412,0.625,0.425531914893617,0.0,0.0,0.0,0.0
bull_to_neutral,0.2,0.99,5.0,-0.05,0,103,103,0.5339805825242718,0.412,0.625,0.425531914893617,0.5339805825242718,0.412,0.625,0.425531914893617,0.0,0.0,0.0,0.0
bull_to_bear,0.2,0.99,5.0,-0.05,0,103,103,0.5339805825242718,0.412,0.625,0.425531914893617,0.5339805825242718,0.412,0.625,0.425531914893617,0.0,0.0,0.0,0.0
bull_to_neutral,0.2,0.99,5.0,-0.1,0,103,103,0.5339805825242718,0.412,0.625,0.425531914893617,0.5339805825242718,0.412,0.625,0.425531914893617,0.0,0.0,0.0,0.0
bull_to_bear,0.2,0.99,5.0,-0.1,0,103,103,0.5339805825242718,0.412,0.625,0.425531914893617,0.5339805825242718,0.412,0.625,0.425531914893617,0.0,0.0,0.0,0.0
bull_to_neutral,0.2,0.99,10.0,,0,103,103,0.5339805825242718,0.412,0.625,0.425531914893617,0.5339805825242718,0.412,0.625,0.425531914893617,0.0,0.0,0.0,0.0
bull_to_bear,0.2,0.99,10.0,,0,103,103,0.5339805825242718,0.412,0.625,0.425531914893617,0.5339805825242718,0.412,0.625,0.425531914893617,0.0,0.0,0.0,0.0
bull_to_neutral,0.2,0.99,10.0,0.0,0,103,103,0.5339805825242718,0.412,0.625,0.425531914893617,0.5339805825242718,0.412,0.625,0.425531914893617,0.0,0.0,0.0,0.0
bull_to_bear,0.2,0.99,10.0,0.0,0,103,103,0.5339805825242718,0.412,0.625,0.425531914893617,0.5339805825242718,0.412,0.625,0.425531914893617,0.0,0.0,0.0,0.0
bull_to_neutral,0.2,0.99,10.0,-0.05,0,103,103,0.5339805825242718,0.412,0.625,0.425531914893617,0.5339805825242718,0.412,0.625,0.425531914893617,0.0,0.0,0.0,0.0
bull_to_bear,0.2,0.99,10.0,-0.05,0,103,103,0.5339805825242718,0.412,0.625,0.425531914893617,0.5339805825242718,0.412,0.625,0.425531914893617,0.0,0.0,0.0,0.0
bull_to_neutral,0.2,0.99,10.0,-0.1,0,103,103,0.5339805825242718,0.412,0.625,0.425531914893617,0.5339805825242718,0.412,0.625,0.425531914893617,0.0,0.0,0.0,0.0
bull_to_bear,0.2,0.99,10.0,-0.1,0,103,103,0.5339805825242718,0.412,0.625,0.425531914893617,0.5339805825242718,0.412,0.625,0.425531914893617,0.0,0.0,0.0,0.0
bull_to_neutral,0.2,0.99,15.0,,0,103,103,0.5339805825242718,0.412,0.625,0.425531914893617,0.5339805825242718,0.412,0.625,0.425531914893617,0.0,0.0,0.0,0.0
bull_to_bear,0.2,0.99,15.0,,0,103,103,0.5339805825242718,0.412,0.625,0.425531914893617,0.5339805825242718,0.412,0.625,0.425531914893617,0.0,0.0,0.0,0.0
bull_to_neutral,0.2,0.99,15.0,0.0,0,103,103,0.5339805825242718,0.412,0.625,0.425531914893617,0.5339805825242718,0.412,0.625,0.425531914893617,0.0,0.0,0.0,0.0
bull_to_bear,0.2,0.99,15.0,0.0,0,103,103,0.5339805825242718,0.412,0.625,0.425531914893617,0.5339805825242718,0.412,0.625,0.425531914893617,0.0,0.0,0.0,0.0
bull_to_neutral,0.2,0.99,15.0,-0.05,0,103,103,0.5339805825242718,0.412,0.625,0.425531914893617,0.5339805825242718,0.412,0.625,0.425531914893617,0.0,0.0,0.0,0.0
bull_to_bear,0.2,0.99,15.0,-0.05,0,103,103,0.5339805825242718,0.412,0.625,0.425531914893617,0.5339805825242718,0.412,0.625,0.425531914893617,0.0,0.0,0.0,0.0
bull_to_neutral,0.2,0.99,15.0,-0.1,0,103,103,0.5339805825242718,0.412,0.625,0.425531914893617,0.5339805825242718,0.412,0.625,0.425531914893617,0.0,0.0,0.0,0.0
bull_to_bear,0.2,0.99,15.0,-0.1,0,103,103,0.5339805825242718,0.412,0.625,0.425531914893617,0.5339805825242718,0.412,0.625,0.425531914893617,0.0,0.0,0.0,0.0
bull_to_neutral,0.2,0.98,,,0,103,103,0.5339805825242718,0.412,0.625,0.425531914893617,0.5339805825242718,0.412,0.625,0.425531914893617,0.0,0.0,0.0,0.0
bull_to_bear,0.2,0.98,,,0,103,103,0.5339805825242718,0.412,0.625,0.425531914893617,0.5339805825242718,0.412,0.625,0.425531914893617,0.0,0.0,0.0,0.0
bull_to_neutral,0.2,0.98,,0.0,0,103,103,0.5339805825242718,0.412,0.625,0.425531914893617,0.5339805825242718,0.412,0.625,0.425531914893617,0.0,0.0,0.0,0.0
bull_to_bear,0.2,0.98,,0.0,0,103,103,0.5339805825242718,0.412,0.625,0.425531914893617,0.5339805825242718,0.412,0.625,0.425531914893617,0.0,0.0,0.0,0.0
bull_to_neutral,0.2,0.98,,-0.05,0,103,103,0.5339805825242718,0.412,0.625,0.425531914893617,0.5339805825242718,0.412,0.625,0.425531914893617,0.0,0.0,0.0,0.0
bull_to_bear,0.2,0.98,,-0.05,0,103,103,0.5339805825242718,0.412,0.625,0.425531914893617,0.5339805825242718,0.412,0.625,0.425531914893617,0.0,0.0,0.0,0.0
bull_to_neutral,0.2,0.98,,-0.1,0,103,103,0.5339805825242718,0.412,0.625,0.425531914893617,0.5339805825242718,0.412,0.625,0.425531914893617,0.0,0.0,0.0,0.0
bull_to_bear,0.2,0.98,,-0.1,0,103,103,0.5339805825242718,0.412,0.625,0.425531914893617,0.5339805825242718,0.412,0.625,0.425531914893617,0.0,0.0,0.0,0.0
bull_to_neutral,0.2,0.98,0.0,,0,103,103,0.5339805825242718,0.412,0.625,0.425531914893617,0.5339805825242718,0.412,0.625,0.425531914893617,0.0,0.0,0.0,0.0
bull_to_bear,0.2,0.98,0.0,,0,103,103,0.5339805825242718,0.412,0.625,0.425531914893617,0.5339805825242718,0.412,0.625,0.425531914893617,0.0,0.0,0.0,0.0
bull_to_neutral,0.2,0.98,0.0,0.0,0,103,103,0.5339805825242718,0.412,0.625,0.425531914893617,0.5339805825242718,0.412,0.625,0.425531914893617,0.0,0.0,0.0,0.0
bull_to_bear,0.2,0.98,0.0,0.0,0,103,103,0.5339805825242718,0.412,0.625,0.425531914893617,0.5339805825242718,0.412,0.625,0.425531914893617,0.0,0.0,0.0,0.0
bull_to_neutral,0.2,0.98,0.0,-0.05,0,103,103,0.5339805825242718,0.412,0.625,0.425531914893617,0.5339805825242718,0.412,0.625,0.425531914893617,0.0,0.0,0.0,0.0
bull_to_bear,0.2,0.98,0.0,-0.05,0,103,103,0.5339805825242718,0.412,0.625,0.425531914893617,0.5339805825242718,0.412,0.625,0.425531914893617,0.0,0.0,0.0,0.0
bull_to_neutral,0.2,0.98,0.0,-0.1,0,103,103,0.5339805825242718,0.412,0.625,0.425531914893617,0.5339805825242718,0.412,0.625,0.425531914893617,0.0,0.0,0.0,0.0
bull_to_bear,0.2,0.98,0.0,-0.1,0,103,103,0.5339805825242718,0.412,0.625,0.425531914893617,0.5339805825242718,0.412,0.625,0.425531914893617,0.0,0.0,0.0,0.0
bull_to_neutral,0.2,0.98,5.0,,0,103,103,0.5339805825242718,0.412,0.625,0.425531914893617,0.5339805825242718,0.412,0.625,0.425531914893617,0.0,0.0,0.0,0.0
bull_to_bear,0.2,0.98,5.0,,0,103,103,0.5339805825242718,0.412,0.625,0.425531914893617,0.5339805825242718,0.412,0.625,0.425531914893617,0.0,0.0,0.0,0.0
bull_to_neutral,0.2,0.98,5.0,0.0,0,103,103,0.5339805825242718,0.412,0.625,0.425531914893617,0.5339805825242718,0.412,0.625,0.425531914893617,0.0,0.0,0.0,0.0
bull_to_bear,0.2,0.98,5.0,0.0,0,103,103,0.5339805825242718,0.412,0.625,0.425531914893617,0.5339805825242718,0.412,0.625,0.425531914893617,0.0,0.0,0.0,0.0
bull_to_neutral,0.2,0.98,5.0,-0.05,0,103,103,0.5339805825242718,0.412,0.625,0.425531914893617,0.5339805825242718,0.412,0.625,0.425531914893617,0.0,0.0,0.0,0.0
bull_to_bear,0.2,0.98,5.0,-0.05,0,103,103,0.5339805825242718,0.412,0.625,0.425531914893617,0.5339805825242718,0.412,0.625,0.425531914893617,0.0,0.0,0.0,0.0
bull_to_neutral,0.2,0.98,5.0,-0.1,0,103,103,0.5339805825242718,0.412,0.625,0.425531914893617,0.5339805825242718,0.412,0.625,0.425531914893617,0.0,0.0,0.0,0.0
bull_to_bear,0.2,0.98,5.0,-0.1,0,103,103,0.5339805825242718,0.412,0.625,0.425531914893617,0.5339805825242718,0.412,0.625,0.425531914893617,0.0,0.0,0.0,0.0
bull_to_neutral,0.2,0.98,10.0,,0,103,103,0.5339805825242718,0.412,0.625,0.425531914893617,0.5339805825242718,0.412,0.625,0.425531914893617,0.0,0.0,0.0,0.0
bull_to_bear,0.2,0.98,10.0,,0,103,103,0.5339805825242718,0.412,0.625,0.425531914893617,0.5339805825242718,0.412,0.625,0.425531914893617,0.0,0.0,0.0,0.0
bull_to_neutral,0.2,0.98,10.0,0.0,0,103,103,0.5339805825242718,0.412,0.625,0.425531914893617,0.5339805825242718,0.412,0.625,0.425531914893617,0.0,0.0,0.0,0.0
bull_to_bear,0.2,0.98,10.0,0.0,0,103,103,0.5339805825242718,0.412,0.625,0.425531914893617,0.5339805825242718,0.412,0.625,0.425531914893617,0.0,0.0,0.0,0.0
bull_to_neutral,0.2,0.98,10.0,-0.05,0,103,103,0.5339805825242718,0.412,0.625,0.425531914893617,0.5339805825242718,0.412,0.625,0.425531914893617,0.0,0.0,0.0,0.0
bull_to_bear,0.2,0.98,10.0,-0.05,0,103,103,0.5339805825242718,0.412,0.625,0.425531914893617,0.5339805825242718,0.412,0.625,0.425531914893617,0.0,0.0,0.0,0.0
bull_to_neutral,0.2,0.98,10.0,-0.1,0,103,103,0.5339805825242718,0.412,0.625,0.425531914893617,0.5339805825242718,0.412,0.625,0.425531914893617,0.0,0.0,0.0,0.0
bull_to_bear,0.2,0.98,10.0,-0.1,0,103,103,0.5339805825242718,0.412,0.625,0.425531914893617,0.5339805825242718,0.412,0.625,0.425531914893617,0.0,0.0,0.0,0.0
bull_to_neutral,0.2,0.98,15.0,,0,103,103,0.5339805825242718,0.412,0.625,0.425531914893617,0.5339805825242718,0.412,0.625,0.425531914893617,0.0,0.0,0.0,0.0
bull_to_bear,0.2,0.98,15.0,,0,103,103,0.5339805825242718,0.412,0.625,0.425531914893617,0.5339805825242718,0.412,0.625,0.425531914893617,0.0,0.0,0.0,0.0
bull_to_neutral,0.2,0.98,15.0,0.0,0,103,103,0.5339805825242718,0.412,0.625,0.425531914893617,0.5339805825242718,0.412,0.625,0.425531914893617,0.0,0.0,0.0,0.0
bull_to_bear,0.2,0.98,15.0,0.0,0,103,103,0.5339805825242718,0.412,0.625,0.425531914893617,0.5339805825242718,0.412,0.625,0.425531914893617,0.0,0.0,0.0,0.0
bull_to_neutral,0.2,0.98,15.0,-0.05,0,103,103,0.5339805825242718,0.412,0.625,0.425531914893617,0.5339805825242718,0.412,0.625,0.425531914893617,0.0,0.0,0.0,0.0
bull_to_bear,0.2,0.98,15.0,-0.05,0,103,103,0.5339805825242718,0.412,0.625,0.425531914893617,0.5339805825242718,0.412,0.625,0.425531914893617,0.0,0.0,0.0,0.0
bull_to_neutral,0.2,0.98,15.0,-0.1,0,103,103,0.5339805825242718,0.412,0.625,0.425531914893617,0.5339805825242718,0.412,0.625,0.425531914893617,0.0,0.0,0.0,0.0
bull_to_bear,0.2,0.98,15.0,-0.1,0,103,103,0.5339805825242718,0.412,0.625,0.425531914893617,0.5339805825242718,0.412,0.625,0.425531914893617,0.0,0.0,0.0,0.0
bull_to_neutral,0.2,0.97,,,0,103,103,0.5339805825242718,0.412,0.625,0.425531914893617,0.5339805825242718,0.412,0.625,0.425531914893617,0.0,0.0,0.0,0.0
bull_to_bear,0.2,0.97,,,0,103,103,0.5339805825242718,0.412,0.625,0.425531914893617,0.5339805825242718,0.412,0.625,0.425531914893617,0.0,0.0,0.0,0.0
bull_to_neutral,0.2,0.97,,0.0,0,103,103,0.5339805825242718,0.412,0.625,0.425531914893617,0.5339805825242718,0.412,0.625,0.425531914893617,0.0,0.0,0.0,0.0
bull_to_bear,0.2,0.97,,0.0,0,103,103,0.5339805825242718,0.412,0.625,0.425531914893617,0.5339805825242718,0.412,0.625,0.425531914893617,0.0,0.0,0.0,0.0
bull_to_neutral,0.2,0.97,,-0.05,0,103,103,0.5339805825242718,0.412,0.625,0.425531914893617,0.5339805825242718,0.412,0.625,0.425531914893617,0.0,0.0,0.0,0.0
bull_to_bear,0.2,0.97,,-0.05,0,103,103,0.5339805825242718,0.412,0.625,0.425531914893617,0.5339805825242718,0.412,0.625,0.425531914893617,0.0,0.0,0.0,0.0
bull_to_neutral,0.2,0.97,,-0.1,0,103,103,0.5339805825242718,0.412,0.625,0.425531914893617,0.5339805825242718,0.412,0.625,0.425531914893617,0.0,0.0,0.0,0.0
bull_to_bear,0.2,0.97,,-0.1,0,103,103,0.5339805825242718,0.412,0.625,0.425531914893617,0.5339805825242718,0.412,0.625,0.425531914893617,0.0,0.0,0.0,0.0
bull_to_neutral,0.2,0.97,0.0,,0,103,103,0.5339805825242718,0.412,0.625,0.425531914893617,0.5339805825242718,0.412,0.625,0.425531914893617,0.0,0.0,0.0,0.0
bull_to_bear,0.2,0.97,0.0,,0,103,103,0.5339805825242718,0.412,0.625,0.425531914893617,0.5339805825242718,0.412,0.625,0.425531914893617,0.0,0.0,0.0,0.0
bull_to_neutral,0.2,0.97,0.0,0.0,0,103,103,0.5339805825242718,0.412,0.625,0.425531914893617,0.5339805825242718,0.412,0.625,0.425531914893617,0.0,0.0,0.0,0.0
bull_to_bear,0.2,0.97,0.0,0.0,0,103,103,0.5339805825242718,0.412,0.625,0.425531914893617,0.5339805825242718,0.412,0.625,0.425531914893617,0.0,0.0,0.0,0.0
bull_to_neutral,0.2,0.97,0.0,-0.05,0,103,103,0.5339805825242718,0.412,0.625,0.425531914893617,0.5339805825242718,0.412,0.625,0.425531914893617,0.0,0.0,0.0,0.0
bull_to_bear,0.2,0.97,0.0,-0.05,0,103,103,0.5339805825242718,0.412,0.625,0.425531914893617,0.5339805825242718,0.412,0.625,0.425531914893617,0.0,0.0,0.0,0.0
bull_to_neutral,0.2,0.97,0.0,-0.1,0,103,103,0.5339805825242718,0.412,0.625,0.425531914893617,0.5339805825242718,0.412,0.625,0.425531914893617,0.0,0.0,0.0,0.0
bull_to_bear,0.2,0.97,0.0,-0.1,0,103,103,0.5339805825242718,0.412,0.625,0.425531914893617,0.5339805825242718,0.412,0.625,0.425531914893617,0.0,0.0,0.0,0.0
bull_to_neutral,0.2,0.97,5.0,,0,103,103,0.5339805825242718,0.412,0.625,0.425531914893617,0.5339805825242718,0.412,0.625,0.425531914893617,0.0,0.0,0.0,0.0
bull_to_bear,0.2,0.97,5.0,,0,103,103,0.5339805825242718,0.412,0.625,0.425531914893617,0.5339805825242718,0.412,0.625,0.425531914893617,0.0,0.0,0.0,0.0
bull_to_neutral,0.2,0.97,5.0,0.0,0,103,103,0.5339805825242718,0.412,0.625,0.425531914893617,0.5339805825242718,0.412,0.625,0.425531914893617,0.0,0.0,0.0,0.0
bull_to_bear,0.2,0.97,5.0,0.0,0,103,103,0.5339805825242718,0.412,0.625,0.425531914893617,0.5339805825242718,0.412,0.625,0.425531914893617,0.0,0.0,0.0,0.0
bull_to_neutral,0.2,0.97,5.0,-0.05,0,103,103,0.5339805825242718,0.412,0.625,0.425531914893617,0.5339805825242718,0.412,0.625,0.425531914893617,0.0,0.0,0.0,0.0
bull_to_bear,0.2,0.97,5.0,-0.05,0,103,103,0.5339805825242718,0.412,0.625,0.425531914893617,0.5339805825242718,0.412,0.625,0.425531914893617,0.0,0.0,0.0,0.0
bull_to_neutral,0.2,0.97,5.0,-0.1,0,103,103,0.5339805825242718,0.412,0.625,0.425531914893617,0.5339805825242718,0.412,0.625,0.425531914893617,0.0,0.0,0.0,0.0
bull_to_bear,0.2,0.97,5.0,-0.1,0,103,103,0.5339805825242718,0.412,0.625,0.425531914893617,0.5339805825242718,0.412,0.625,0.425531914893617,0.0,0.0,0.0,0.0
bull_to_neutral,0.2,0.97,10.0,,0,103,103,0.5339805825242718,0.412,0.625,0.425531914893617,0.5339805825242718,0.412,0.625,0.425531914893617,0.0,0.0,0.0,0.0
bull_to_bear,0.2,0.97,10.0,,0,103,103,0.5339805825242718,0.412,0.625,0.425531914893617,0.5339805825242718,0.412,0.625,0.425531914893617,0.0,0.0,0.0,0.0
bull_to_neutral,0.2,0.97,10.0,0.0,0,103,103,0.5339805825242718,0.412,0.625,0.425531914893617,0.5339805825242718,0.412,0.625,0.425531914893617,0.0,0.0,0.0,0.0
bull_to_bear,0.2,0.97,10.0,0.0,0,103,103,0.5339805825242718,0.412,0.625,0.425531914893617,0.5339805825242718,0.412,0.625,0.425531914893617,0.0,0.0,0.0,0.0
bull_to_neutral,0.2,0.97,10.0,-0.05,0,103,103,0.5339805825242718,0.412,0.625,0.425531914893617,0.5339805825242718,0.412,0.625,0.425531914893617,0.0,0.0,0.0,0.0
bull_to_bear,0.2,0.97,10.0,-0.05,0,103,103,0.5339805825242718,0.412,0.625,0.425531914893617,0.5339805825242718,0.412,0.625,0.425531914893617,0.0,0.0,0.0,0.0
bull_to_neutral,0.2,0.97,10.0,-0.1,0,103,103,0.5339805825242718,0.412,0.625,0.425531914893617,0.5339805825242718,0.412,0.625,0.425531914893617,0.0,0.0,0.0,0.0
bull_to_bear,0.2,0.97,10.0,-0.1,0,103,103,0.5339805825242718,0.412,0.625,0.425531914893617,0.5339805825242718,0.412,0.625,0.425531914893617,0.0,0.0,0.0,0.0
bull_to_neutral,0.2,0.97,15.0,,0,103,103,0.5339805825242718,0.412,0.625,0.425531914893617,0.5339805825242718,0.412,0.625,0.425531914893617,0.0,0.0,0.0,0.0
bull_to_bear,0.2,0.97,15.0,,0,103,103,0.5339805825242718,0.412,0.625,0.425531914893617,0.5339805825242718,0.412,0.625,0.425531914893617,0.0,0.0,0.0,0.0
bull_to_neutral,0.2,0.97,15.0,0.0,0,103,103,0.5339805825242718,0.412,0.625,0.425531914893617,0.5339805825242718,0.412,0.625,0.425531914893617,0.0,0.0,0.0,0.0
bull_to_bear,0.2,0.97,15.0,0.0,0,103,103,0.5339805825242718,0.412,0.625,0.425531914893617,0.5339805825242718,0.412,0.625,0.425531914893617,0.0,0.0,0.0,0.0
bull_to_neutral,0.2,0.97,15.0,-0.05,0,103,103,0.5339805825242718,0.412,0.625,0.425531914893617,0.5339805825242718,0.412,0.625,0.425531914893617,0.0,0.0,0.0,0.0
bull_to_bear,0.2,0.97,15.0,-0.05,0,103,103,0.5339805825242718,0.412,0.625,0.425531914893617,0.5339805825242718,0.412,0.625,0.425531914893617,0.0,0.0,0.0,0.0
bull_to_neutral,0.2,0.97,15.0,-0.1,0,103,103,0.5339805825242718,0.412,0.625,0.425531914893617,0.5339805825242718,0.412,0.625,0.425531914893617,0.0,0.0,0.0,0.0
bull_to_bear,0.2,0.97,15.0,-0.1,0,103,103,0.5339805825242718,0.412,0.625,0.425531914893617,0.5339805825242718,0.412,0.625,0.425531914893617,0.0,0.0,0.0,0.0
bull_to_neutral,0.2,0.95,,,0,103,103,0.5339805825242718,0.412,0.625,0.425531914893617,0.5339805825242718,0.412,0.625,0.425531914893617,0.0,0.0,0.0,0.0
bull_to_bear,0.2,0.95,,,0,103,103,0.5339805825242718,0.412,0.625,0.425531914893617,0.5339805825242718,0.412,0.625,0.425531914893617,0.0,0.0,0.0,0.0
bull_to_neutral,0.2,0.95,,0.0,0,103,103,0.5339805825242718,0.412,0.625,0.425531914893617,0.5339805825242718,0.412,0.625,0.425531914893617,0.0,0.0,0.0,0.0
bull_to_bear,0.2,0.95,,0.0,0,103,103,0.5339805825242718,0.412,0.625,0.425531914893617,0.5339805825242718,0.412,0.625,0.425531914893617,0.0,0.0,0.0,0.0
bull_to_neutral,0.2,0.95,,-0.05,0,103,103,0.5339805825242718,0.412,0.625,0.425531914893617,0.5339805825242718,0.412,0.625,0.425531914893617,0.0,0.0,0.0,0.0
bull_to_bear,0.2,0.95,,-0.05,0,103,103,0.5339805825242718,0.412,0.625,0.425531914893617,0.5339805825242718,0.412,0.625,0.425531914893617,0.0,0.0,0.0,0.0
bull_to_neutral,0.2,0.95,,-0.1,0,103,103,0.5339805825242718,0.412,0.625,0.425531914893617,0.5339805825242718,0.412,0.625,0.425531914893617,0.0,0.0,0.0,0.0
bull_to_bear,0.2,0.95,,-0.1,0,103,103,0.5339805825242718,0.412,0.625,0.425531914893617,0.5339805825242718,0.412,0.625,0.425531914893617,0.0,0.0,0.0,0.0
bull_to_neutral,0.2,0.95,0.0,,0,103,103,0.5339805825242718,0.412,0.625,0.425531914893617,0.5339805825242718,0.412,0.625,0.425531914893617,0.0,0.0,0.0,0.0
bull_to_bear,0.2,0.95,0.0,,0,103,103,0.5339805825242718,0.412,0.625,0.425531914893617,0.5339805825242718,0.412,0.625,0.425531914893617,0.0,0.0,0.0,0.0
bull_to_neutral,0.2,0.95,0.0,0.0,0,103,103,0.5339805825242718,0.412,0.625,0.425531914893617,0.5339805825242718,0.412,0.625,0.425531914893617,0.0,0.0,0.0,0.0
bull_to_bear,0.2,0.95,0.0,0.0,0,103,103,0.5339805825242718,0.412,0.625,0.425531914893617,0.5339805825242718,0.412,0.625,0.425531914893617,0.0,0.0,0.0,0.0
bull_to_neutral,0.2,0.95,0.0,-0.05,0,103,103,0.5339805825242718,0.412,0.625,0.425531914893617,0.5339805825242718,0.412,0.625,0.425531914893617,0.0,0.0,0.0,0.0
bull_to_bear,0.2,0.95,0.0,-0.05,0,103,103,0.5339805825242718,0.412,0.625,0.425531914893617,0.5339805825242718,0.412,0.625,0.425531914893617,0.0,0.0,0.0,0.0
bull_to_neutral,0.2,0.95,0.0,-0.1,0,103,103,0.5339805825242718,0.412,0.625,0.425531914893617,0.5339805825242718,0.412,0.625,0.425531914893617,0.0,0.0,0.0,0.0
bull_to_bear,0.2,0.95,0.0,-0.1,0,103,103,0.5339805825242718,0.412,0.625,0.425531914893617,0.5339805825242718,0.412,0.625,0.425531914893617,0.0,0.0,0.0,0.0
bull_to_neutral,0.2,0.95,5.0,,0,103,103,0.5339805825242718,0.412,0.625,0.425531914893617,0.5339805825242718,0.412,0.625,0.425531914893617,0.0,0.0,0.0,0.0
bull_to_bear,0.2,0.95,5.0,,0,103,103,0.5339805825242718,0.412,0.625,0.425531914893617,0.5339805825242718,0.412,0.625,0.425531914893617,0.0,0.0,0.0,0.0
bull_to_neutral,0.2,0.95,5.0,0.0,0,103,103,0.5339805825242718,0.412,0.625,0.425531914893617,0.5339805825242718,0.412,0.625,0.425531914893617,0.0,0.0,0.0,0.0
bull_to_bear,0.2,0.95,5.0,0.0,0,103,103,0.5339805825242718,0.412,0.625,0.425531914893617,0.5339805825242718,0.412,0.625,0.425531914893617,0.0,0.0,0.0,0.0
bull_to_neutral,0.2,0.95,5.0,-0.05,0,103,103,0.5339805825242718,0.412,0.625,0.425531914893617,0.5339805825242718,0.412,0.625,0.425531914893617,0.0,0.0,0.0,0.0
bull_to_bear,0.2,0.95,5.0,-0.05,0,103,103,0.5339805825242718,0.412,0.625,0.425531914893617,0.5339805825242718,0.412,0.625,0.425531914893617,0.0,0.0,0.0,0.0
bull_to_neutral,0.2,0.95,5.0,-0.1,0,103,103,0.5339805825242718,0.412,0.625,0.425531914893617,0.5339805825242718,0.412,0.625,0.425531914893617,0.0,0.0,0.0,0.0
bull_to_bear,0.2,0.95,5.0,-0.1,0,103,103,0.5339805825242718,0.412,0.625,0.425531914893617,0.5339805825242718,0.412,0.625,0.425531914893617,0.0,0.0,0.0,0.0
bull_to_neutral,0.2,0.95,10.0,,0,103,103,0.5339805825242718,0.412,0.625,0.425531914893617,0.5339805825242718,0.412,0.625,0.425531914893617,0.0,0.0,0.0,0.0
bull_to_bear,0.2,0.95,10.0,,0,103,103,0.5339805825242718,0.412,0.625,0.425531914893617,0.5339805825242718,0.412,0.625,0.425531914893617,0.0,0.0,0.0,0.0
bull_to_neutral,0.2,0.95,10.0,0.0,0,103,103,0.5339805825242718,0.412,0.625,0.425531914893617,0.5339805825242718,0.412,0.625,0.425531914893617,0.0,0.0,0.0,0.0
bull_to_bear,0.2,0.95,10.0,0.0,0,103,103,0.5339805825242718,0.412,0.625,0.425531914893617,0.5339805825242718,0.412,0.625,0.425531914893617,0.0,0.0,0.0,0.0
bull_to_neutral,0.2,0.95,10.0,-0.05,0,103,103,0.5339805825242718,0.412,0.625,0.425531914893617,0.5339805825242718,0.412,0.625,0.425531914893617,0.0,0.0,0.0,0.0
bull_to_bear,0.2,0.95,10.0,-0.05,0,103,103,0.5339805825242718,0.412,0.625,0.425531914893617,0.5339805825242718,0.412,0.625,0.425531914893617,0.0,0.0,0.0,0.0
bull_to_neutral,0.2,0.95,10.0,-0.1,0,103,103,0.5339805825242718,0.412,0.625,0.425531914893617,0.5339805825242718,0.412,0.625,0.425531914893617,0.0,0.0,0.0,0.0
bull_to_bear,0.2,0.95,10.0,-0.1,0,103,103,0.5339805825242718,0.412,0.625,0.425531914893617,0.5339805825242718,0.412,0.625,0.425531914893617,0.0,0.0,0.0,0.0
bull_to_neutral,0.2,0.95,15.0,,0,103,103,0.5339805825242718,0.412,0.625,0.425531914893617,0.5339805825242718,0.412,0.625,0.425531914893617,0.0,0.0,0.0,0.0
bull_to_bear,0.2,0.95,15.0,,0,103,103,0.5339805825242718,0.412,0.625,0.425531914893617,0.5339805825242718,0.412,0.625,0.425531914893617,0.0,0.0,0.0,0.0
bull_to_neutral,0.2,0.95,15.0,0.0,0,103,103,0.5339805825242718,0.412,0.625,0.425531914893617,0.5339805825242718,0.412,0.625,0.425531914893617,0.0,0.0,0.0,0.0
bull_to_bear,0.2,0.95,15.0,0.0,0,103,103,0.5339805825242718,0.412,0.625,0.425531914893617,0.5339805825242718,0.412,0.625,0.425531914893617,0.0,0.0,0.0,0.0
bull_to_neutral,0.2,0.95,15.0,-0.05,0,103,103,0.5339805825242718,0.412,0.625,0.425531914893617,0.5339805825242718,0.412,0.625,0.425531914893617,0.0,0.0,0.0,0.0
bull_to_bear,0.2,0.95,15.0,-0.05,0,103,103,0.5339805825242718,0.412,0.625,0.425531914893617,0.5339805825242718,0.412,0.625,0.425531914893617,0.0,0.0,0.0,0.0
bull_to_neutral,0.2,0.95,15.0,-0.1,0,103,103,0.5339805825242718,0.412,0.625,0.425531914893617,0.5339805825242718,0.412,0.625,0.425531914893617,0.0,0.0,0.0,0.0
bull_to_bear,0.2,0.95,15.0,-0.1,0,103,103,0.5339805825242718,0.412,0.625,0.425531914893617,0.5339805825242718,0.412,0.625,0.425531914893617,0.0,0.0,0.0,0.0
bull_to_neutral,0.2,0.93,,,0,103,103,0.5339805825242718,0.412,0.625,0.425531914893617,0.5339805825242718,0.412,0.625,0.425531914893617,0.0,0.0,0.0,0.0
bull_to_bear,0.2,0.93,,,0,103,103,0.5339805825242718,0.412,0.625,0.425531914893617,0.5339805825242718,0.412,0.625,0.425531914893617,0.0,0.0,0.0,0.0
bull_to_neutral,0.2,0.93,,0.0,0,103,103,0.5339805825242718,0.412,0.625,0.425531914893617,0.5339805825242718,0.412,0.625,0.425531914893617,0.0,0.0,0.0,0.0
bull_to_bear,0.2,0.93,,0.0,0,103,103,0.5339805825242718,0.412,0.625,0.425531914893617,0.5339805825242718,0.412,0.625,0.425531914893617,0.0,0.0,0.0,0.0
bull_to_neutral,0.2,0.93,,-0.05,0,103,103,0.5339805825242718,0.412,0.625,0.425531914893617,0.5339805825242718,0.412,0.625,0.425531914893617,0.0,0.0,0.0,0.0
bull_to_bear,0.2,0.93,,-0.05,0,103,103,0.5339805825242718,0.412,0.625,0.425531914893617,0.5339805825242718,0.412,0.625,0.425531914893617,0.0,0.0,0.0,0.0
bull_to_neutral,0.2,0.93,,-0.1,0,103,103,0.5339805825242718,0.412,0.625,0.425531914893617,0.5339805825242718,0.412,0.625,0.425531914893617,0.0,0.0,0.0,0.0
bull_to_bear,0.2,0.93,,-0.1,0,103,103,0.5339805825242718,0.412,0.625,0.425531914893617,0.5339805825242718,0.412,0.625,0.425531914893617,0.0,0.0,0.0,0.0
bull_to_neutral,0.2,0.93,0.0,,0,103,103,0.5339805825242718,0.412,0.625,0.425531914893617,0.5339805825242718,0.412,0.625,0.425531914893617,0.0,0.0,0.0,0.0
bull_to_bear,0.2,0.93,0.0,,0,103,103,0.5339805825242718,0.412,0.625,0.425531914893617,0.5339805825242718,0.412,0.625,0.425531914893617,0.0,0.0,0.0,0.0
bull_to_neutral,0.2,0.93,0.0,0.0,0,103,103,0.5339805825242718,0.412,0.625,0.425531914893617,0.5339805825242718,0.412,0.625,0.425531914893617,0.0,0.0,0.0,0.0
bull_to_bear,0.2,0.93,0.0,0.0,0,103,103,0.5339805825242718,0.412,0.625,0.425531914893617,0.5339805825242718,0.412,0.625,0.425531914893617,0.0,0.0,0.0,0.0
bull_to_neutral,0.2,0.93,0.0,-0.05,0,103,103,0.5339805825242718,0.412,0.625,0.425531914893617,0.5339805825242718,0.412,0.625,0.425531914893617,0.0,0.0,0.0,0.0
bull_to_bear,0.2,0.93,0.0,-0.05,0,103,103,0.5339805825242718,0.412,0.625,0.425531914893617,0.5339805825242718,0.412,0.625,0.425531914893617,0.0,0.0,0.0,0.0
bull_to_neutral,0.2,0.93,0.0,-0.1,0,103,103,0.5339805825242718,0.412,0.625,0.425531914893617,0.5339805825242718,0.412,0.625,0.425531914893617,0.0,0.0,0.0,0.0
bull_to_bear,0.2,0.93,0.0,-0.1,0,103,103,0.5339805825242718,0.412,0.625,0.425531914893617,0.5339805825242718,0.412,0.625,0.425531914893617,0.0,0.0,0.0,0.0
bull_to_neutral,0.2,0.93,5.0,,0,103,103,0.5339805825242718,0.412,0.625,0.425531914893617,0.5339805825242718,0.412,0.625,0.425531914893617,0.0,0.0,0.0,0.0
bull_to_bear,0.2,0.93,5.0,,0,103,103,0.5339805825242718,0.412,0.625,0.425531914893617,0.5339805825242718,0.412,0.625,0.425531914893617,0.0,0.0,0.0,0.0
bull_to_neutral,0.2,0.93,5.0,0.0,0,103,103,0.5339805825242718,0.412,0.625,0.425531914893617,0.5339805825242718,0.412,0.625,0.425531914893617,0.0,0.0,0.0,0.0
bull_to_bear,0.2,0.93,5.0,0.0,0,103,103,0.5339805825242718,0.412,0.625,0.425531914893617,0.5339805825242718,0.412,0.625,0.425531914893617,0.0,0.0,0.0,0.0
bull_to_neutral,0.2,0.93,5.0,-0.05,0,103,103,0.5339805825242718,0.412,0.625,0.425531914893617,0.5339805825242718,0.412,0.625,0.425531914893617,0.0,0.0,0.0,0.0
bull_to_bear,0.2,0.93,5.0,-0.05,0,103,103,0.5339805825242718,0.412,0.625,0.425531914893617,0.5339805825242718,0.412,0.625,0.425531914893617,0.0,0.0,0.0,0.0
bull_to_neutral,0.2,0.93,5.0,-0.1,0,103,103,0.5339805825242718,0.412,0.625,0.425531914893617,0.5339805825242718,0.412,0.625,0.425531914893617,0.0,0.0,0.0,0.0
bull_to_bear,0.2,0.93,5.0,-0.1,0,103,103,0.5339805825242718,0.412,0.625,0.425531914893617,0.5339805825242718,0.412,0.625,0.425531914893617,0.0,0.0,0.0,0.0
bull_to_neutral,0.2,0.93,10.0,,0,103,103,0.5339805825242718,0.412,0.625,0.425531914893617,0.5339805825242718,0.412,0.625,0.425531914893617,0.0,0.0,0.0,0.0
bull_to_bear,0.2,0.93,10.0,,0,103,103,0.5339805825242718,0.412,0.625,0.425531914893617,0.5339805825242718,0.412,0.625,0.425531914893617,0.0,0.0,0.0,0.0
bull_to_neutral,0.2,0.93,10.0,0.0,0,103,103,0.5339805825242718,0.412,0.625,0.425531914893617,0.5339805825242718,0.412,0.625,0.425531914893617,0.0,0.0,0.0,0.0
bull_to_bear,0.2,0.93,10.0,0.0,0,103,103,0.5339805825242718,0.412,0.625,0.425531914893617,0.5339805825242718,0.412,0.625,0.425531914893617,0.0,0.0,0.0,0.0
bull_to_neutral,0.2,0.93,10.0,-0.05,0,103,103,0.5339805825242718,0.412,0.625,0.425531914893617,0.5339805825242718,0.412,0.625,0.425531914893617,0.0,0.0,0.0,0.0
bull_to_bear,0.2,0.93,10.0,-0.05,0,103,103,0.5339805825242718,0.412,0.625,0.425531914893617,0.5339805825242718,0.412,0.625,0.425531914893617,0.0,0.0,0.0,0.0
bull_to_neutral,0.2,0.93,10.0,-0.1,0,103,103,0.5339805825242718,0.412,0.625,0.425531914893617,0.5339805825242718,0.412,0.625,0.425531914893617,0.0,0.0,0.0,0.0
bull_to_bear,0.2,0.93,10.0,-0.1,0,103,103,0.5339805825242718,0.412,0.625,0.425531914893617,0.5339805825242718,0.412,0.625,0.425531914893617,0.0,0.0,0.0,0.0
bull_to_neutral,0.2,0.93,15.0,,0,103,103,0.5339805825242718,0.412,0.625,0.425531914893617,0.5339805825242718,0.412,0.625,0.425531914893617,0.0,0.0,0.0,0.0
bull_to_bear,0.2,0.93,15.0,,0,103,103,0.5339805825242718,0.412,0.625,0.425531914893617,0.5339805825242718,0.412,0.625,0.425531914893617,0.0,0.0,0.0,0.0
bull_to_neutral,0.2,0.93,15.0,0.0,0,103,103,0.5339805825242718,0.412,0.625,0.425531914893617,0.5339805825242718,0.412,0.625,0.425531914893617,0.0,0.0,0.0,0.0
bull_to_bear,0.2,0.93,15.0,0.0,0,103,103,0.5339805825242718,0.412,0.625,0.425531914893617,0.5339805825242718,0.412,0.625,0.425531914893617,0.0,0.0,0.0,0.0
bull_to_neutral,0.2,0.93,15.0,-0.05,0,103,103,0.5339805825242718,0.412,0.625,0.425531914893617,0.5339805825242718,0.412,0.625,0.425531914893617,0.0,0.0,0.0,0.0
bull_to_bear,0.2,0.93,15.0,-0.05,0,103,103,0.5339805825242718,0.412,0.625,0.425531914893617,0.5339805825242718,0.412,0.625,0.425531914893617,0.0,0.0,0.0,0.0
bull_to_neutral,0.2,0.93,15.0,-0.1,0,103,103,0.5339805825242718,0.412,0.625,0.425531914893617,0.5339805825242718,0.412,0.625,0.425531914893617,0.0,0.0,0.0,0.0
bull_to_bear,0.2,0.93,15.0,-0.1,0,103,103,0.5339805825242718,0.412,0.625,0.425531914893617,0.5339805825242718,0.412,0.625,0.425531914893617,0.0,0.0,0.0,0.0
bull_to_neutral,0.2,0.9,,,0,103,103,0.5339805825242718,0.412,0.625,0.425531914893617,0.5339805825242718,0.412,0.625,0.425531914893617,0.0,0.0,0.0,0.0
bull_to_bear,0.2,0.9,,,0,103,103,0.5339805825242718,0.412,0.625,0.425531914893617,0.5339805825242718,0.412,0.625,0.425531914893617,0.0,0.0,0.0,0.0
bull_to_neutral,0.2,0.9,,0.0,0,103,103,0.5339805825242718,0.412,0.625,0.425531914893617,0.5339805825242718,0.412,0.625,0.425531914893617,0.0,0.0,0.0,0.0
bull_to_bear,0.2,0.9,,0.0,0,103,103,0.5339805825242718,0.412,0.625,0.425531914893617,0.5339805825242718,0.412,0.625,0.425531914893617,0.0,0.0,0.0,0.0
bull_to_neutral,0.2,0.9,,-0.05,0,103,103,0.5339805825242718,0.412,0.625,0.425531914893617,0.5339805825242718,0.412,0.625,0.425531914893617,0.0,0.0,0.0,0.0
bull_to_bear,0.2,0.9,,-0.05,0,103,103,0.5339805825242718,0.412,0.625,0.425531914893617,0.5339805825242718,0.412,0.625,0.425531914893617,0.0,0.0,0.0,0.0
bull_to_neutral,0.2,0.9,,-0.1,0,103,103,0.5339805825242718,0.412,0.625,0.425531914893617,0.5339805825242718,0.412,0.625,0.425531914893617,0.0,0.0,0.0,0.0
bull_to_bear,0.2,0.9,,-0.1,0,103,103,0.5339805825242718,0.412,0.625,0.425531914893617,0.5339805825242718,0.412,0.625,0.425531914893617,0.0,0.0,0.0,0.0
bull_to_neutral,0.2,0.9,0.0,,0,103,103,0.5339805825242718,0.412,0.625,0.425531914893617,0.5339805825242718,0.412,0.625,0.425531914893617,0.0,0.0,0.0,0.0
bull_to_bear,0.2,0.9,0.0,,0,103,103,0.5339805825242718,0.412,0.625,0.425531914893617,0.5339805825242718,0.412,0.625,0.425531914893617,0.0,0.0,0.0,0.0
bull_to_neutral,0.2,0.9,0.0,0.0,0,103,103,0.5339805825242718,0.412,0.625,0.425531914893617,0.5339805825242718,0.412,0.625,0.425531914893617,0.0,0.0,0.0,0.0
bull_to_bear,0.2,0.9,0.0,0.0,0,103,103,0.5339805825242718,0.412,0.625,0.425531914893617,0.5339805825242718,0.412,0.625,0.425531914893617,0.0,0.0,0.0,0.0
bull_to_neutral,0.2,0.9,0.0,-0.05,0,103,103,0.5339805825242718,0.412,0.625,0.425531914893617,0.5339805825242718,0.412,0.625,0.425531914893617,0.0,0.0,0.0,0.0
bull_to_bear,0.2,0.9,0.0,-0.05,0,103,103,0.5339805825242718,0.412,0.625,0.425531914893617,0.5339805825242718,0.412,0.625,0.425531914893617,0.0,0.0,0.0,0.0
bull_to_neutral,0.2,0.9,0.0,-0.1,0,103,103,0.5339805825242718,0.412,0.625,0.425531914893617,0.5339805825242718,0.412,0.625,0.425531914893617,0.0,0.0,0.0,0.0
bull_to_bear,0.2,0.9,0.0,-0.1,0,103,103,0.5339805825242718,0.412,0.625,0.425531914893617,0.5339805825242718,0.412,0.625,0.425531914893617,0.0,0.0,0.0,0.0
bull_to_neutral,0.2,0.9,5.0,,0,103,103,0.5339805825242718,0.412,0.625,0.425531914893617,0.5339805825242718,0.412,0.625,0.425531914893617,0.0,0.0,0.0,0.0
bull_to_bear,0.2,0.9,5.0,,0,103,103,0.5339805825242718,0.412,0.625,0.425531914893617,0.5339805825242718,0.412,0.625,0.425531914893617,0.0,0.0,0.0,0.0
bull_to_neutral,0.2,0.9,5.0,0.0,0,103,103,0.5339805825242718,0.412,0.625,0.425531914893617,0.5339805825242718,0.412,0.625,0.425531914893617,0.0,0.0,0.0,0.0
bull_to_bear,0.2,0.9,5.0,0.0,0,103,103,0.5339805825242718,0.412,0.625,0.425531914893617,0.5339805825242718,0.412,0.625,0.425531914893617,0.0,0.0,0.0,0.0
bull_to_neutral,0.2,0.9,5.0,-0.05,0,103,103,0.5339805825242718,0.412,0.625,0.425531914893617,0.5339805825242718,0.412,0.625,0.425531914893617,0.0,0.0,0.0,0.0
bull_to_bear,0.2,0.9,5.0,-0.05,0,103,103,0.5339805825242718,0.412,0.625,0.425531914893617,0.5339805825242718,0.412,0.625,0.425531914893617,0.0,0.0,0.0,0.0
bull_to_neutral,0.2,0.9,5.0,-0.1,0,103,103,0.5339805825242718,0.412,0.625,0.425531914893617,0.5339805825242718,0.412,0.625,0.425531914893617,0.0,0.0,0.0,0.0
bull_to_bear,0.2,0.9,5.0,-0.1,0,103,103,0.5339805825242718,0.412,0.625,0.425531914893617,0.5339805825242718,0.412,0.625,0.425531914893617,0.0,0.0,0.0,0.0
bull_to_neutral,0.2,0.9,10.0,,0,103,103,0.5339805825242718,0.412,0.625,0.425531914893617,0.5339805825242718,0.412,0.625,0.425531914893617,0.0,0.0,0.0,0.0
bull_to_bear,0.2,0.9,10.0,,0,103,103,0.5339805825242718,0.412,0.625,0.425531914893617,0.5339805825242718,0.412,0.625,0.425531914893617,0.0,0.0,0.0,0.0
bull_to_neutral,0.2,0.9,10.0,0.0,0,103,103,0.5339805825242718,0.412,0.625,0.425531914893617,0.5339805825242718,0.412,0.625,0.425531914893617,0.0,0.0,0.0,0.0
bull_to_bear,0.2,0.9,10.0,0.0,0,103,103,0.5339805825242718,0.412,0.625,0.425531914893617,0.5339805825242718,0.412,0.625,0.425531914893617,0.0,0.0,0.0,0.0
bull_to_neutral,0.2,0.9,10.0,-0.05,0,103,103,0.5339805825242718,0.412,0.625,0.425531914893617,0.5339805825242718,0.412,0.625,0.425531914893617,0.0,0.0,0.0,0.0
bull_to_bear,0.2,0.9,10.0,-0.05,0,103,103,0.5339805825242718,0.412,0.625,0.425531914893617,0.5339805825242718,0.412,0.625,0.425531914893617,0.0,0.0,0.0,0.0
bull_to_neutral,0.2,0.9,10.0,-0.1,0,103,103,0.5339805825242718,0.412,0.625,0.425531914893617,0.5339805825242718,0.412,0.625,0.425531914893617,0.0,0.0,0.0,0.0
bull_to_bear,0.2,0.9,10.0,-0.1,0,103,103,0.5339805825242718,0.412,0.625,0.425531914893617,0.5339805825242718,0.412,0.625,0.425531914893617,0.0,0.0,0.0,0.0
bull_to_neutral,0.2,0.9,15.0,,0,103,103,0.5339805825242718,0.412,0.625,0.425531914893617,0.5339805825242718,0.412,0.625,0.425531914893617,0.0,0.0,0.0,0.0
bull_to_bear,0.2,0.9,15.0,,0,103,103,0.5339805825242718,0.412,0.625,0.425531914893617,0.5339805825242718,0.412,0.625,0.425531914893617,0.0,0.0,0.0,0.0
bull_to_neutral,0.2,0.9,15.0,0.0,0,103,103,0.5339805825242718,0.412,0.625,0.425531914893617,0.5339805825242718,0.412,0.625,0.425531914893617,0.0,0.0,0.0,0.0
bull_to_bear,0.2,0.9,15.0,0.0,0,103,103,0.5339805825242718,0.412,0.625,0.425531914893617,0.5339805825242718,0.412,0.625,0.425531914893617,0.0,0.0,0.0,0.0
bull_to_neutral,0.2,0.9,15.0,-0.05,0,103,103,0.5339805825242718,0.412,0.625,0.425531914893617,0.5339805825242718,0.412,0.625,0.425531914893617,0.0,0.0,0.0,0.0
bull_to_bear,0.2,0.9,15.0,-0.05,0,103,103,0.5339805825242718,0.412,0.625,0.425531914893617,0.5339805825242718,0.412,0.625,0.425531914893617,0.0,0.0,0.0,0.0
bull_to_neutral,0.2,0.9,15.0,-0.1,0,103,103,0.5339805825242718,0.412,0.625,0.425531914893617,0.5339805825242718,0.412,0.625,0.425531914893617,0.0,0.0,0.0,0.0
bull_to_bear,0.2,0.9,15.0,-0.1,0,103,103,0.5339805825242718,0.412,0.625,0.425531914893617,0.5339805825242718,0.412,0.625,0.425531914893617,0.0,0.0,0.0,0.0
bull_to_neutral,0.22,1.0,,,11,92,103,0.5339805825242718,0.412,0.625,0.425531914893617,0.532608695652174,0.368,0.6444444444444445,0.425531914893617,-0.0013718868720978827,-0.043999999999999984,0.019444444444444486,0.0
bull_to_bear,0.22,1.0,,,11,103,103,0.5339805825242718,0.412,0.625,0.425531914893617,0.5242718446601942,0.412,0.6444444444444445,0.43103448275862066,-0.009708737864077666,0.0,0.019444444444444486,0.005502567865003638
bull_to_neutral,0.22,1.0,,0.0,9,94,103,0.5339805825242718,0.412,0.625,0.425531914893617,0.5319148936170213,0.376,0.6382978723404256,0.425531914893617,-0.0020656889072505624,-0.035999999999999976,0.013297872340425565,0.0
bull_to_bear,0.22,1.0,,0.0,9,103,103,0.5339805825242718,0.412,0.625,0.425531914893617,0.5242718446601942,0.412,0.6382978723404256,0.42857142857142855,-0.009708737864077666,0.0,0.013297872340425565,0.003039513677811523
bull_to_neutral,0.22,1.0,,-0.05,9,94,103,0.5339805825242718,0.412,0.625,0.425531914893617,0.5319148936170213,0.376,0.6382978723404256,0.425531914893617,-0.0020656889072505624,-0.035999999999999976,0.013297872340425565,0.0
bull_to_bear,0.22,1.0,,-0.05,9,103,103,0.5339805825242718,0.412,0.625,0.425531914893617,0.5242718446601942,0.412,0.6382978723404256,0.42857142857142855,-0.009708737864077666,0.0,0.013297872340425565,0.003039513677811523
bull_to_neutral,0.22,1.0,,-0.1,9,94,103,0.5339805825242718,0.412,0.625,0.425531914893617,0.5319148936170213,0.376,0.6382978723404256,0.425531914893617,-0.0020656889072505624,-0.035999999999999976,0.013297872340425565,0.0
bull_to_bear,0.22,1.0,,-0.1,9,103,103,0.5339805825242718,0.412,0.625,0.425531914893617,0.5242718446601942,0.412,0.6382978723404256,0.42857142857142855,-0.009708737864077666,0.0,0.013297872340425565,0.003039513677811523
bull_to_neutral,0.22,1.0,0.0,,4,99,103,0.5339805825242718,0.412,0.625,0.425531914893617,0.5555555555555556,0.396,0.6730769230769231,0.425531914893617,0.02157497303128375,-0.01599999999999996,0.04807692307692313,0.0
bull_to_bear,0.22,1.0,0.0,,4,103,103,0.5339805825242718,0.412,0.625,0.425531914893617,0.5728155339805825,0.412,0.6730769230769231,0.47058823529411764,0.03883495145631066,0.0,0.04807692307692313,0.045056320400500616
bull_to_neutral,0.22,1.0,0.0,0.0,4,99,103,0.5339805825242718,0.412,0.625,0.425531914893617,0.5555555555555556,0.396,0.6730769230769231,0.425531914893617,0.02157497303128375,-0.01599999999999996,0.04807692307692313,0.0
bull_to_bear,0.22,1.0,0.0,0.0,4,103,103,0.5339805825242718,0.412,0.625,0.425531914893617,0.5728155339805825,0.412,0.6730769230769231,0.47058823529411764,0.03883495145631066,0.0,0.04807692307692313,0.045056320400500616
bull_to_neutral,0.22,1.0,0.0,-0.05,4,99,103,0.5339805825242718,0.412,0.625,0.425531914893617,0.5555555555555556,0.396,0.6730769230769231,0.425531914893617,0.02157497303128375,-0.01599999999999996,0.04807692307692313,0.0
bull_to_bear,0.22,1.0,0.0,-0.05,4,103,103,0.5339805825242718,0.412,0.625,0.425531914893617,0.5728155339805825,0.412,0.6730769230769231,0.47058823529411764,0.03883495145631066,0.0,0.04807692307692313,0.045056320400500616
bull_to_neutral,0.22,1.0,0.0,-0.1,4,99,103,0.5339805825242718,0.412,0.625,0.425531914893617,0.5555555555555556,0.396,0.6730769230769231,0.425531914893617,0.02157497303128375,-0.01599999999999996,0.04807692307692313,0.0
bull_to_bear,0.22,1.0,0.0,-0.1,4,103,103,0.5339805825242718,0.412,0.625,0.425531914893617,0.5728155339805825,0.412,0.6730769230769231,0.47058823529411764,0.03883495145631066,0.0,0.04807692307692313,0.045056320400500616
bull_to_neutral,0.22,1.0,5.0,,4,99,103,0.5339805825242718,0.412,0.625,0.425531914893617,0.5555555555555556,0.396,0.6730769230769231,0.425531914893617,0.02157497303128375,-0.01599999999999996,0.04807692307692313,0.0
bull_to_bear,0.22,1.0,5.0,,4,103,103,0.5339805825242718,0.412,0.625,0.425531914893617,0.5728155339805825,0.412,0.6730769230769231,0.47058823529411764,0.03883495145631066,0.0,0.04807692307692313,0.045056320400500616
bull_to_neutral,0.22,1.0,5.0,0.0,4,99,103,0.5339805825242718,0.412,0.625,0.425531914893617,0.5555555555555556,0.396,0.6730769230769231,0.425531914893617,0.02157497303128375,-0.01599999999999996,0.04807692307692313,0.0
bull_to_bear,0.22,1.0,5.0,0.0,4,103,103,0.5339805825242718,0.412,0.625,0.425531914893617,0.5728155339805825,0.412,0.6730769230769231,0.47058823529411764,0.03883495145631066,0.0,0.04807692307692313,0.045056320400500616
bull_to_neutral,0.22,1.0,5.0,-0.05,4,99,103,0.5339805825242718,0.412,0.625,0.425531914893617,0.5555555555555556,0.396,0.6730769230769231,0.425531914893617,0.02157497303128375,-0.01599999999999996,0.04807692307692313,0.0
bull_to_bear,0.22,1.0,5.0,-0.05,4,103,103,0.5339805825242718,0.412,0.625,0.425531914893617,0.5728155339805825,0.412,0.6730769230769231,0.47058823529411764,0.03883495145631066,0.0,0.04807692307692313,0.045056320400500616
bull_to_neutral,0.22,1.0,5.0,-0.1,4,99,103,0.5339805825242718,0.412,0.625,0.425531914893617,0.5555555555555556,0.396,0.6730769230769231,0.425531914893617,0.02157497303128375,-0.01599999999999996,0.04807692307692313,0.0
bull_to_bear,0.22,1.0,5.0,-0.1,4,103,103,0.5339805825242718,0.412,0.625,0.425531914893617,0.5728155339805825,0.412,0.6730769230769231,0.47058823529411764,0.03883495145631066,0.0,0.04807692307692313,0.045056320400500616
bull_to_neutral,0.22,1.0,10.0,,3,100,103,0.5339805825242718,0.412,0.625,0.425531914893617,0.55,0.4,0.660377358490566,0.425531914893617,0.016019417475728215,-0.011999999999999955,0.035377358490566,0.0
bull_to_bear,0.22,1.0,10.0,,3,103,103,0.5339805825242718,0.412,0.625,0.425531914893617,0.5631067961165048,0.412,0.660377358490566,0.46,0.029126213592232997,0.0,0.035377358490566,0.034468085106382995
bull_to_neutral,0.22,1.0,10.0,0.0,3,100,103,0.5339805825242718,0.412,0.625,0.425531914893617,0.55,0.4,0.660377358490566,0.425531914893617,0.016019417475728215,-0.011999999999999955,0.035377358490566,0.0
bull_to_bear,0.22,1.0,10.0,0.0,3,103,103,0.5339805825242718,0.412,0.625,0.425531914893617,0.5631067961165048,0.412,0.660377358490566,0.46,0.029126213592232997,0.0,0.035377358490566,0.034468085106382995
bull_to_neutral,0.22,1.0,10.0,-0.05,3,100,103,0.5339805825242718,0.412,0.625,0.425531914893617,0.55,0.4,0.660377358490566,0.425531914893617,0.016019417475728215,-0.011999999999999955,0.035377358490566,0.0
bull_to_bear,0.22,1.0,10.0,-0.05,3,103,103,0.5339805825242718,0.412,0.625,0.425531914893617,0.5631067961165048,0.412,0.660377358490566,0.46,0.029126213592232997,0.0,0.035377358490566,0.034468085106382995
bull_to_neutral,0.22,1.0,10.0,-0.1,3,100,103,0.5339805825242718,0.412,0.625,0.425531914893617,0.55,0.4,0.660377358490566,0.425531914893617,0.016019417475728215,-0.011999999999999955,0.035377358490566,0.0
bull_to_bear,0.22,1.0,10.0,-0.1,3,103,103,0.5339805825242718,0.412,0.625,0.425531914893617,0.5631067961165048,0.412,0.660377358490566,0.46,0.029126213592232997,0.0,0.035377358490566,0.034468085106382995
bull_to_neutral,0.22,1.0,15.0,,2,101,103,0.5339805825242718,0.412,0.625,0.425531914893617,0.5445544554455446,0.404,0.6481481481481481,0.425531914893617,0.010573872921272764,-0.007999999999999952,0.02314814814814814,0.0
bull_to_bear,0.22,1.0,15.0,,2,103,103,0.5339805825242718,0.412,0.625,0.425531914893617,0.5533980582524272,0.412,0.6481481481481481,0.4489795918367347,0.01941747572815533,0.0,0.02314814814814814,0.023447676943117668
bull_to_neutral,0.22,1.0,15.0,0.0,2,101,103,0.5339805825242718,0.412,0.625,0.425531914893617,0.5445544554455446,0.404,0.6481481481481481,0.425531914893617,0.010573872921272764,-0.007999999999999952,0.02314814814814814,0.0
bull_to_bear,0.22,1.0,15.0,0.0,2,103,103,0.5339805825242718,0.412,0.625,0.425531914893617,0.5533980582524272,0.412,0.6481481481481481,0.4489795918367347,0.01941747572815533,0.0,0.02314814814814814,0.023447676943117668
bull_to_neutral,0.22,1.0,15.0,-0.05,2,101,103,0.5339805825242718,0.412,0.625,0.425531914893617,0.5445544554455446,0.404,0.6481481481481481,0.425531914893617,0.010573872921272764,-0.007999999999999952,0.02314814814814814,0.0
bull_to_bear,0.22,1.0,15.0,-0.05,2,103,103,0.5339805825242718,0.412,0.625,0.425531914893617,0.5533980582524272,0.412,0.6481481481481481,0.4489795918367347,0.01941747572815533,0.0,0.02314814814814814,0.023447676943117668
bull_to_neutral,0.22,1.0,15.0,-0.1,2,101,103,0.5339805825242718,0.412,0.625,0.425531914893617,0.5445544554455446,0.404,0.6481481481481481,0.425531914893617,0.010573872921272764,-0.007999999999999952,0.02314814814814814,0.0
bull_to_bear,0.22,1.0,15.0,-0.1,2,103,103,0.5339805825242718,0.412,0.625,0.425531914893617,0.5533980582524272,0.412,0.6481481481481481,0.4489795918367347,0.01941747572815533,0.0,0.02314814814814814,0.023447676943117668
bull_to_neutral,0.22,0.99,,,0,103,103,0.5339805825242718,0.412,0.625,0.425531914893617,0.5339805825242718,0.412,0.625,0.425531914893617,0.0,0.0,0.0,0.0
bull_to_bear,0.22,0.99,,,0,103,103,0.5339805825242718,0.412,0.625,0.425531914893617,0.5339805825242718,0.412,0.625,0.425531914893617,0.0,0.0,0.0,0.0
bull_to_neutral,0.22,0.99,,0.0,0,103,103,0.5339805825242718,0.412,0.625,0.425531914893617,0.5339805825242718,0.412,0.625,0.425531914893617,0.0,0.0,0.0,0.0
bull_to_bear,0.22,0.99,,0.0,0,103,103,0.5339805825242718,0.412,0.625,0.425531914893617,0.5339805825242718,0.412,0.625,0.425531914893617,0.0,0.0,0.0,0.0
bull_to_neutral,0.22,0.99,,-0.05,0,103,103,0.5339805825242718,0.412,0.625,0.425531914893617,0.5339805825242718,0.412,0.625,0.425531914893617,0.0,0.0,0.0,0.0
bull_to_bear,0.22,0.99,,-0.05,0,103,103,0.5339805825242718,0.412,0.625,0.425531914893617,0.5339805825242718,0.412,0.625,0.425531914893617,0.0,0.0,0.0,0.0
bull_to_neutral,0.22,0.99,,-0.1,0,103,103,0.5339805825242718,0.412,0.625,0.425531914893617,0.5339805825242718,0.412,0.625,0.425531914893617,0.0,0.0,0.0,0.0
bull_to_bear,0.22,0.99,,-0.1,0,103,103,0.5339805825242718,0.412,0.625,0.425531914893617,0.5339805825242718,0.412,0.625,0.425531914893617,0.0,0.0,0.0,0.0
bull_to_neutral,0.22,0.99,0.0,,0,103,103,0.5339805825242718,0.412,0.625,0.425531914893617,0.5339805825242718,0.412,0.625,0.425531914893617,0.0,0.0,0.0,0.0
bull_to_bear,0.22,0.99,0.0,,0,103,103,0.5339805825242718,0.412,0.625,0.425531914893617,0.5339805825242718,0.412,0.625,0.425531914893617,0.0,0.0,0.0,0.0
bull_to_neutral,0.22,0.99,0.0,0.0,0,103,103,0.5339805825242718,0.412,0.625,0.425531914893617,0.5339805825242718,0.412,0.625,0.425531914893617,0.0,0.0,0.0,0.0
bull_to_bear,0.22,0.99,0.0,0.0,0,103,103,0.5339805825242718,0.412,0.625,0.425531914893617,0.5339805825242718,0.412,0.625,0.425531914893617,0.0,0.0,0.0,0.0
bull_to_neutral,0.22,0.99,0.0,-0.05,0,103,103,0.5339805825242718,0.412,0.625,0.425531914893617,0.5339805825242718,0.412,0.625,0.425531914893617,0.0,0.0,0.0,0.0
bull_to_bear,0.22,0.99,0.0,-0.05,0,103,103,0.5339805825242718,0.412,0.625,0.425531914893617,0.5339805825242718,0.412,0.625,0.425531914893617,0.0,0.0,0.0,0.0
bull_to_neutral,0.22,0.99,0.0,-0.1,0,103,103,0.5339805825242718,0.412,0.625,0.425531914893617,0.5339805825242718,0.412,0.625,0.425531914893617,0.0,0.0,0.0,0.0
bull_to_bear,0.22,0.99,0.0,-0.1,0,103,103,0.5339805825242718,0.412,0.625,0.425531914893617,0.5339805825242718,0.412,0.625,0.425531914893617,0.0,0.0,0.0,0.0
bull_to_neutral,0.22,0.99,5.0,,0,103,103,0.5339805825242718,0.412,0.625,0.425531914893617,0.5339805825242718,0.412,0.625,0.425531914893617,0.0,0.0,0.0,0.0
bull_to_bear,0.22,0.99,5.0,,0,103,103,0.5339805825242718,0.412,0.625,0.425531914893617,0.5339805825242718,0.412,0.625,0.425531914893617,0.0,0.0,0.0,0.0
bull_to_neutral,0.22,0.99,5.0,0.0,0,103,103,0.5339805825242718,0.412,0.625,0.425531914893617,0.5339805825242718,0.412,0.625,0.425531914893617,0.0,0.0,0.0,0.0
bull_to_bear,0.22,0.99,5.0,0.0,0,103,103,0.5339805825242718,0.412,0.625,0.425531914893617,0.5339805825242718,0.412,0.625,0.425531914893617,0.0,0.0,0.0,0.0
bull_to_neutral,0.22,0.99,5.0,-0.05,0,103,103,0.5339805825242718,0.412,0.625,0.425531914893617,0.5339805825242718,0.412,0.625,0.425531914893617,0.0,0.0,0.0,0.0
bull_to_bear,0.22,0.99,5.0,-0.05,0,103,103,0.5339805825242718,0.412,0.625,0.425531914893617,0.5339805825242718,0.412,0.625,0.425531914893617,0.0,0.0,0.0,0.0
bull_to_neutral,0.22,0.99,5.0,-0.1,0,103,103,0.5339805825242718,0.412,0.625,0.425531914893617,0.5339805825242718,0.412,0.625,0.425531914893617,0.0,0.0,0.0,0.0
bull_to_bear,0.22,0.99,5.0,-0.1,0,103,103,0.5339805825242718,0.412,0.625,0.425531914893617,0.5339805825242718,0.412,0.625,0.425531914893617,0.0,0.0,0.0,0.0
bull_to_neutral,0.22,0.99,10.0,,0,103,103,0.5339805825242718,0.412,0.625,0.425531914893617,0.5339805825242718,0.412,0.625,0.425531914893617,0.0,0.0,0.0,0.0
bull_to_bear,0.22,0.99,10.0,,0,103,103,0.5339805825242718,0.412,0.625,0.425531914893617,0.5339805825242718,0.412,0.625,0.425531914893617,0.0,0.0,0.0,0.0
bull_to_neutral,0.22,0.99,10.0,0.0,0,103,103,0.5339805825242718,0.412,0.625,0.425531914893617,0.5339805825242718,0.412,0.625,0.425531914893617,0.0,0.0,0.0,0.0
bull_to_bear,0.22,0.99,10.0,0.0,0,103,103,0.5339805825242718,0.412,0.625,0.425531914893617,0.5339805825242718,0.412,0.625,0.425531914893617,0.0,0.0,0.0,0.0
bull_to_neutral,0.22,0.99,10.0,-0.05,0,103,103,0.5339805825242718,0.412,0.625,0.425531914893617,0.5339805825242718,0.412,0.625,0.425531914893617,0.0,0.0,0.0,0.0
bull_to_bear,0.22,0.99,10.0,-0.05,0,103,103,0.5339805825242718,0.412,0.625,0.425531914893617,0.5339805825242718,0.412,0.625,0.425531914893617,0.0,0.0,0.0,0.0
bull_to_neutral,0.22,0.99,10.0,-0.1,0,103,103,0.5339805825242718,0.412,0.625,0.425531914893617,0.5339805825242718,0.412,0.625,0.425531914893617,0.0,0.0,0.0,0.0
bull_to_bear,0.22,0.99,10.0,-0.1,0,103,103,0.5339805825242718,0.412,0.625,0.425531914893617,0.5339805825242718,0.412,0.625,0.425531914893617,0.0,0.0,0.0,0.0
bull_to_neutral,0.22,0.99,15.0,,0,103,103,0.5339805825242718,0.412,0.625,0.425531914893617,0.5339805825242718,0.412,0.625,0.425531914893617,0.0,0.0,0.0,0.0
bull_to_bear,0.22,0.99,15.0,,0,103,103,0.5339805825242718,0.412,0.625,0.425531914893617,0.5339805825242718,0.412,0.625,0.425531914893617,0.0,0.0,0.0,0.0
bull_to_neutral,0.22,0.99,15.0,0.0,0,103,103,0.5339805825242718,0.412,0.625,0.425531914893617,0.5339805825242718,0.412,0.625,0.425531914893617,0.0,0.0,0.0,0.0
bull_to_bear,0.22,0.99,15.0,0.0,0,103,103,0.5339805825242718,0.412,0.625,0.425531914893617,0.5339805825242718,0.412,0.625,0.425531914893617,0.0,0.0,0.0,0.0
bull_to_neutral,0.22,0.99,15.0,-0.05,0,103,103,0.5339805825242718,0.412,0.625,0.425531914893617,0.5339805825242718,0.412,0.625,0.425531914893617,0.0,0.0,0.0,0.0
bull_to_bear,0.22,0.99,15.0,-0.05,0,103,103,0.5339805825242718,0.412,0.625,0.425531914893617,0.5339805825242718,0.412,0.625,0.425531914893617,0.0,0.0,0.0,0.0
bull_to_neutral,0.22,0.99,15.0,-0.1,0,103,103,0.5339805825242718,0.412,0.625,0.425531914893617,0.5339805825242718,0.412,0.625,0.425531914893617,0.0,0.0,0.0,0.0
bull_to_bear,0.22,0.99,15.0,-0.1,0,103,103,0.5339805825242718,0.412,0.625,0.425531914893617,0.5339805825242718,0.412,0.625,0.425531914893617,0.0,0.0,0.0,0.0
bull_to_neutral,0.22,0.98,,,0,103,103,0.5339805825242718,0.412,0.625,0.425531914893617,0.5339805825242718,0.412,0.625,0.425531914893617,0.0,0.0,0.0,0.0
bull_to_bear,0.22,0.98,,,0,103,103,0.5339805825242718,0.412,0.625,0.425531914893617,0.5339805825242718,0.412,0.625,0.425531914893617,0.0,0.0,0.0,0.0
bull_to_neutral,0.22,0.98,,0.0,0,103,103,0.5339805825242718,0.412,0.625,0.425531914893617,0.5339805825242718,0.412,0.625,0.425531914893617,0.0,0.0,0.0,0.0
bull_to_bear,0.22,0.98,,0.0,0,103,103,0.5339805825242718,0.412,0.625,0.425531914893617,0.5339805825242718,0.412,0.625,0.425531914893617,0.0,0.0,0.0,0.0
bull_to_neutral,0.22,0.98,,-0.05,0,103,103,0.5339805825242718,0.412,0.625,0.425531914893617,0.5339805825242718,0.412,0.625,0.425531914893617,0.0,0.0,0.0,0.0
bull_to_bear,0.22,0.98,,-0.05,0,103,103,0.5339805825242718,0.412,0.625,0.425531914893617,0.5339805825242718,0.412,0.625,0.425531914893617,0.0,0.0,0.0,0.0
bull_to_neutral,0.22,0.98,,-0.1,0,103,103,0.5339805825242718,0.412,0.625,0.425531914893617,0.5339805825242718,0.412,0.625,0.425531914893617,0.0,0.0,0.0,0.0
bull_to_bear,0.22,0.98,,-0.1,0,103,103,0.5339805825242718,0.412,0.625,0.425531914893617,0.5339805825242718,0.412,0.625,0.425531914893617,0.0,0.0,0.0,0.0
bull_to_neutral,0.22,0.98,0.0,,0,103,103,0.5339805825242718,0.412,0.625,0.425531914893617,0.5339805825242718,0.412,0.625,0.425531914893617,0.0,0.0,0.0,0.0
bull_to_bear,0.22,0.98,0.0,,0,103,103,0.5339805825242718,0.412,0.625,0.425531914893617,0.5339805825242718,0.412,0.625,0.425531914893617,0.0,0.0,0.0,0.0
bull_to_neutral,0.22,0.98,0.0,0.0,0,103,103,0.5339805825242718,0.412,0.625,0.425531914893617,0.5339805825242718,0.412,0.625,0.425531914893617,0.0,0.0,0.0,0.0
bull_to_bear,0.22,0.98,0.0,0.0,0,103,103,0.5339805825242718,0.412,0.625,0.425531914893617,0.5339805825242718,0.412,0.625,0.425531914893617,0.0,0.0,0.0,0.0
bull_to_neutral,0.22,0.98,0.0,-0.05,0,103,103,0.5339805825242718,0.412,0.625,0.425531914893617,0.5339805825242718,0.412,0.625,0.425531914893617,0.0,0.0,0.0,0.0
bull_to_bear,0.22,0.98,0.0,-0.05,0,103,103,0.5339805825242718,0.412,0.625,0.425531914893617,0.5339805825242718,0.412,0.625,0.425531914893617,0.0,0.0,0.0,0.0
bull_to_neutral,0.22,0.98,0.0,-0.1,0,103,103,0.5339805825242718,0.412,0.625,0.425531914893617,0.5339805825242718,0.412,0.625,0.425531914893617,0.0,0.0,0.0,0.0
bull_to_bear,0.22,0.98,0.0,-0.1,0,103,103,0.5339805825242718,0.412,0.625,0.425531914893617,0.5339805825242718,0.412,0.625,0.425531914893617,0.0,0.0,0.0,0.0
bull_to_neutral,0.22,0.98,5.0,,0,103,103,0.5339805825242718,0.412,0.625,0.425531914893617,0.5339805825242718,0.412,0.625,0.425531914893617,0.0,0.0,0.0,0.0
bull_to_bear,0.22,0.98,5.0,,0,103,103,0.5339805825242718,0.412,0.625,0.425531914893617,0.5339805825242718,0.412,0.625,0.425531914893617,0.0,0.0,0.0,0.0
bull_to_neutral,0.22,0.98,5.0,0.0,0,103,103,0.5339805825242718,0.412,0.625,0.425531914893617,0.5339805825242718,0.412,0.625,0.425531914893617,0.0,0.0,0.0,0.0
bull_to_bear,0.22,0.98,5.0,0.0,0,103,103,0.5339805825242718,0.412,0.625,0.425531914893617,0.5339805825242718,0.412,0.625,0.425531914893617,0.0,0.0,0.0,0.0
bull_to_neutral,0.22,0.98,5.0,-0.05,0,103,103,0.5339805825242718,0.412,0.625,0.425531914893617,0.5339805825242718,0.412,0.625,0.425531914893617,0.0,0.0,0.0,0.0
bull_to_bear,0.22,0.98,5.0,-0.05,0,103,103,0.5339805825242718,0.412,0.625,0.425531914893617,0.5339805825242718,0.412,0.625,0.425531914893617,0.0,0.0,0.0,0.0
bull_to_neutral,0.22,0.98,5.0,-0.1,0,103,103,0.5339805825242718,0.412,0.625,0.425531914893617,0.5339805825242718,0.412,0.625,0.425531914893617,0.0,0.0,0.0,0.0
bull_to_bear,0.22,0.98,5.0,-0.1,0,103,103,0.5339805825242718,0.412,0.625,0.425531914893617,0.5339805825242718,0.412,0.625,0.425531914893617,0.0,0.0,0.0,0.0
bull_to_neutral,0.22,0.98,10.0,,0,103,103,0.5339805825242718,0.412,0.625,0.425531914893617,0.5339805825242718,0.412,0.625,0.425531914893617,0.0,0.0,0.0,0.0
bull_to_bear,0.22,0.98,10.0,,0,103,103,0.5339805825242718,0.412,0.625,0.425531914893617,0.5339805825242718,0.412,0.625,0.425531914893617,0.0,0.0,0.0,0.0
bull_to_neutral,0.22,0.98,10.0,0.0,0,103,103,0.5339805825242718,0.412,0.625,0.425531914893617,0.5339805825242718,0.412,0.625,0.425531914893617,0.0,0.0,0.0,0.0
bull_to_bear,0.22,0.98,10.0,0.0,0,103,103,0.5339805825242718,0.412,0.625,0.425531914893617,0.5339805825242718,0.412,0.625,0.425531914893617,0.0,0.0,0.0,0.0
bull_to_neutral,0.22,0.98,10.0,-0.05,0,103,103,0.5339805825242718,0.412,0.625,0.425531914893617,0.5339805825242718,0.412,0.625,0.425531914893617,0.0,0.0,0.0,0.0
bull_to_bear,0.22,0.98,10.0,-0.05,0,103,103,0.5339805825242718,0.412,0.625,0.425531914893617,0.5339805825242718,0.412,0.625,0.425531914893617,0.0,0.0,0.0,0.0
bull_to_neutral,0.22,0.98,10.0,-0.1,0,103,103,0.5339805825242718,0.412,0.625,0.425531914893617,0.5339805825242718,0.412,0.625,0.425531914893617,0.0,0.0,0.0,0.0
bull_to_bear,0.22,0.98,10.0,-0.1,0,103,103,0.5339805825242718,0.412,0.625,0.425531914893617,0.5339805825242718,0.412,0.625,0.425531914893617,0.0,0.0,0.0,0.0
bull_to_neutral,0.22,0.98,15.0,,0,103,103,0.5339805825242718,0.412,0.625,0.425531914893617,0.5339805825242718,0.412,0.625,0.425531914893617,0.0,0.0,0.0,0.0
bull_to_bear,0.22,0.98,15.0,,0,103,103,0.5339805825242718,0.412,0.625,0.425531914893617,0.5339805825242718,0.412,0.625,0.425531914893617,0.0,0.0,0.0,0.0
bull_to_neutral,0.22,0.98,15.0,0.0,0,103,103,0.5339805825242718,0.412,0.625,0.425531914893617,0.5339805825242718,0.412,0.625,0.425531914893617,0.0,0.0,0.0,0.0
bull_to_bear,0.22,0.98,15.0,0.0,0,103,103,0.5339805825242718,0.412,0.625,0.425531914893617,0.5339805825242718,0.412,0.625,0.425531914893617,0.0,0.0,0.0,0.0
bull_to_neutral,0.22,0.98,15.0,-0.05,0,103,103,0.5339805825242718,0.412,0.625,0.425531914893617,0.5339805825242718,0.412,0.625,0.425531914893617,0.0,0.0,0.0,0.0
bull_to_bear,0.22,0.98,15.0,-0.05,0,103,103,0.5339805825242718,0.412,0.625,0.425531914893617,0.5339805825242718,0.412,0.625,0.425531914893617,0.0,0.0,0.0,0.0
bull_to_neutral,0.22,0.98,15.0,-0.1,0,103,103,0.5339805825242718,0.412,0.625,0.425531914893617,0.5339805825242718,0.412,0.625,0.425531914893617,0.0,0.0,0.0,0.0
bull_to_bear,0.22,0.98,15.0,-0.1,0,103,103,0.5339805825242718,0.412,0.625,0.425531914893617,0.5339805825242718,0.412,0.625,0.425531914893617,0.0,0.0,0.0,0.0
bull_to_neutral,0.22,0.97,,,0,103,103,0.5339805825242718,0.412,0.625,0.425531914893617,0.5339805825242718,0.412,0.625,0.425531914893617,0.0,0.0,0.0,0.0
bull_to_bear,0.22,0.97,,,0,103,103,0.5339805825242718,0.412,0.625,0.425531914893617,0.5339805825242718,0.412,0.625,0.425531914893617,0.0,0.0,0.0,0.0
bull_to_neutral,0.22,0.97,,0.0,0,103,103,0.5339805825242718,0.412,0.625,0.425531914893617,0.5339805825242718,0.412,0.625,0.425531914893617,0.0,0.0,0.0,0.0
bull_to_bear,0.22,0.97,,0.0,0,103,103,0.5339805825242718,0.412,0.625,0.425531914893617,0.5339805825242718,0.412,0.625,0.425531914893617,0.0,0.0,0.0,0.0
bull_to_neutral,0.22,0.97,,-0.05,0,103,103,0.5339805825242718,0.412,0.625,0.425531914893617,0.5339805825242718,0.412,0.625,0.425531914893617,0.0,0.0,0.0,0.0
bull_to_bear,0.22,0.97,,-0.05,0,103,103,0.5339805825242718,0.412,0.625,0.425531914893617,0.5339805825242718,0.412,0.625,0.425531914893617,0.0,0.0,0.0,0.0
bull_to_neutral,0.22,0.97,,-0.1,0,103,103,0.5339805825242718,0.412,0.625,0.425531914893617,0.5339805825242718,0.412,0.625,0.425531914893617,0.0,0.0,0.0,0.0
bull_to_bear,0.22,0.97,,-0.1,0,103,103,0.5339805825242718,0.412,0.625,0.425531914893617,0.5339805825242718,0.412,0.625,0.425531914893617,0.0,0.0,0.0,0.0
bull_to_neutral,0.22,0.97,0.0,,0,103,103,0.5339805825242718,0.412,0.625,0.425531914893617,0.5339805825242718,0.412,0.625,0.425531914893617,0.0,0.0,0.0,0.0
bull_to_bear,0.22,0.97,0.0,,0,103,103,0.5339805825242718,0.412,0.625,0.425531914893617,0.5339805825242718,0.412,0.625,0.425531914893617,0.0,0.0,0.0,0.0
bull_to_neutral,0.22,0.97,0.0,0.0,0,103,103,0.5339805825242718,0.412,0.625,0.425531914893617,0.5339805825242718,0.412,0.625,0.425531914893617,0.0,0.0,0.0,0.0
bull_to_bear,0.22,0.97,0.0,0.0,0,103,103,0.5339805825242718,0.412,0.625,0.425531914893617,0.5339805825242718,0.412,0.625,0.425531914893617,0.0,0.0,0.0,0.0
bull_to_neutral,0.22,0.97,0.0,-0.05,0,103,103,0.5339805825242718,0.412,0.625,0.425531914893617,0.5339805825242718,0.412,0.625,0.425531914893617,0.0,0.0,0.0,0.0
bull_to_bear,0.22,0.97,0.0,-0.05,0,103,103,0.5339805825242718,0.412,0.625,0.425531914893617,0.5339805825242718,0.412,0.625,0.425531914893617,0.0,0.0,0.0,0.0
bull_to_neutral,0.22,0.97,0.0,-0.1,0,103,103,0.5339805825242718,0.412,0.625,0.425531914893617,0.5339805825242718,0.412,0.625,0.425531914893617,0.0,0.0,0.0,0.0
bull_to_bear,0.22,0.97,0.0,-0.1,0,103,103,0.5339805825242718,0.412,0.625,0.425531914893617,0.5339805825242718,0.412,0.625,0.425531914893617,0.0,0.0,0.0,0.0
bull_to_neutral,0.22,0.97,5.0,,0,103,103,0.5339805825242718,0.412,0.625,0.425531914893617,0.5339805825242718,0.412,0.625,0.425531914893617,0.0,0.0,0.0,0.0
bull_to_bear,0.22,0.97,5.0,,0,103,103,0.5339805825242718,0.412,0.625,0.425531914893617,0.5339805825242718,0.412,0.625,0.425531914893617,0.0,0.0,0.0,0.0
bull_to_neutral,0.22,0.97,5.0,0.0,0,103,103,0.5339805825242718,0.412,0.625,0.425531914893617,0.5339805825242718,0.412,0.625,0.425531914893617,0.0,0.0,0.0,0.0
bull_to_bear,0.22,0.97,5.0,0.0,0,103,103,0.5339805825242718,0.412,0.625,0.425531914893617,0.5339805825242718,0.412,0.625,0.425531914893617,0.0,0.0,0.0,0.0
bull_to_neutral,0.22,0.97,5.0,-0.05,0,103,103,0.5339805825242718,0.412,0.625,0.425531914893617,0.5339805825242718,0.412,0.625,0.425531914893617,0.0,0.0,0.0,0.0
bull_to_bear,0.22,0.97,5.0,-0.05,0,103,103,0.5339805825242718,0.412,0.625,0.425531914893617,0.5339805825242718,0.412,0.625,0.425531914893617,0.0,0.0,0.0,0.0
bull_to_neutral,0.22,0.97,5.0,-0.1,0,103,103,0.5339805825242718,0.412,0.625,0.425531914893617,0.5339805825242718,0.412,0.625,0.425531914893617,0.0,0.0,0.0,0.0
bull_to_bear,0.22,0.97,5.0,-0.1,0,103,103,0.5339805825242718,0.412,0.625,0.425531914893617,0.5339805825242718,0.412,0.625,0.425531914893617,0.0,0.0,0.0,0.0
bull_to_neutral,0.22,0.97,10.0,,0,103,103,0.5339805825242718,0.412,0.625,0.425531914893617,0.5339805825242718,0.412,0.625,0.425531914893617,0.0,0.0,0.0,0.0
bull_to_bear,0.22,0.97,10.0,,0,103,103,0.5339805825242718,0.412,0.625,0.425531914893617,0.5339805825242718,0.412,0.625,0.425531914893617,0.0,0.0,0.0,0.0
bull_to_neutral,0.22,0.97,10.0,0.0,0,103,103,0.5339805825242718,0.412,0.625,0.425531914893617,0.5339805825242718,0.412,0.625,0.425531914893617,0.0,0.0,0.0,0.0
bull_to_bear,0.22,0.97,10.0,0.0,0,103,103,0.5339805825242718,0.412,0.625,0.425531914893617,0.5339805825242718,0.412,0.625,0.425531914893617,0.0,0.0,0.0,0.0
bull_to_neutral,0.22,0.97,10.0,-0.05,0,103,103,0.5339805825242718,0.412,0.625,0.425531914893617,0.5339805825242718,0.412,0.625,0.425531914893617,0.0,0.0,0.0,0.0
bull_to_bear,0.22,0.97,10.0,-0.05,0,103,103,0.5339805825242718,0.412,0.625,0.425531914893617,0.5339805825242718,0.412,0.625,0.425531914893617,0.0,0.0,0.0,0.0
bull_to_neutral,0.22,0.97,10.0,-0.1,0,103,103,0.5339805825242718,0.412,0.625,0.425531914893617,0.5339805825242718,0.412,0.625,0.425531914893617,0.0,0.0,0.0,0.0
bull_to_bear,0.22,0.97,10.0,-0.1,0,103,103,0.5339805825242718,0.412,0.625,0.425531914893617,0.5339805825242718,0.412,0.625,0.425531914893617,0.0,0.0,0.0,0.0
bull_to_neutral,0.22,0.97,15.0,,0,103,103,0.5339805825242718,0.412,0.625,0.425531914893617,0.5339805825242718,0.412,0.625,0.425531914893617,0.0,0.0,0.0,0.0
bull_to_bear,0.22,0.97,15.0,,0,103,103,0.5339805825242718,0.412,0.625,0.425531914893617,0.5339805825242718,0.412,0.625,0.425531914893617,0.0,0.0,0.0,0.0
bull_to_neutral,0.22,0.97,15.0,0.0,0,103,103,0.5339805825242718,0.412,0.625,0.425531914893617,0.5339805825242718,0.412,0.625,0.425531914893617,0.0,0.0,0.0,0.0
bull_to_bear,0.22,0.97,15.0,0.0,0,103,103,0.5339805825242718,0.412,0.625,0.425531914893617,0.5339805825242718,0.412,0.625,0.425531914893617,0.0,0.0,0.0,0.0
bull_to_neutral,0.22,0.97,15.0,-0.05,0,103,103,0.5339805825242718,0.412,0.625,0.425531914893617,0.5339805825242718,0.412,0.625,0.425531914893617,0.0,0.0,0.0,0.0
bull_to_bear,0.22,0.97,15.0,-0.05,0,103,103,0.5339805825242718,0.412,0.625,0.425531914893617,0.5339805825242718,0.412,0.625,0.425531914893617,0.0,0.0,0.0,0.0
bull_to_neutral,0.22,0.97,15.0,-0.1,0,103,103,0.5339805825242718,0.412,0.625,0.425531914893617,0.5339805825242718,0.412,0.625,0.425531914893617,0.0,0.0,0.0,0.0
bull_to_bear,0.22,0.97,15.0,-0.1,0,103,103,0.5339805825242718,0.412,0.625,0.425531914893617,0.5339805825242718,0.412,0.625,0.425531914893617,0.0,0.0,0.0,0.0
bull_to_neutral,0.22,0.95,,,0,103,103,0.5339805825242718,0.412,0.625,0.425531914893617,0.5339805825242718,0.412,0.625,0.425531914893617,0.0,0.0,0.0,0.0
bull_to_bear,0.22,0.95,,,0,103,103,0.5339805825242718,0.412,0.625,0.425531914893617,0.5339805825242718,0.412,0.625,0.425531914893617,0.0,0.0,0.0,0.0
bull_to_neutral,0.22,0.95,,0.0,0,103,103,0.5339805825242718,0.412,0.625,0.425531914893617,0.5339805825242718,0.412,0.625,0.425531914893617,0.0,0.0,0.0,0.0
bull_to_bear,0.22,0.95,,0.0,0,103,103,0.5339805825242718,0.412,0.625,0.425531914893617,0.5339805825242718,0.412,0.625,0.425531914893617,0.0,0.0,0.0,0.0
bull_to_neutral,0.22,0.95,,-0.05,0,103,103,0.5339805825242718,0.412,0.625,0.425531914893617,0.5339805825242718,0.412,0.625,0.425531914893617,0.0,0.0,0.0,0.0
bull_to_bear,0.22,0.95,,-0.05,0,103,103,0.5339805825242718,0.412,0.625,0.425531914893617,0.5339805825242718,0.412,0.625,0.425531914893617,0.0,0.0,0.0,0.0
bull_to_neutral,0.22,0.95,,-0.1,0,103,103,0.5339805825242718,0.412,0.625,0.425531914893617,0.5339805825242718,0.412,0.625,0.425531914893617,0.0,0.0,0.0,0.0
bull_to_bear,0.22,0.95,,-0.1,0,103,103,0.5339805825242718,0.412,0.625,0.425531914893617,0.5339805825242718,0.412,0.625,0.425531914893617,0.0,0.0,0.0,0.0
bull_to_neutral,0.22,0.95,0.0,,0,103,103,0.5339805825242718,0.412,0.625,0.425531914893617,0.5339805825242718,0.412,0.625,0.425531914893617,0.0,0.0,0.0,0.0
bull_to_bear,0.22,0.95,0.0,,0,103,103,0.5339805825242718,0.412,0.625,0.425531914893617,0.5339805825242718,0.412,0.625,0.425531914893617,0.0,0.0,0.0,0.0
bull_to_neutral,0.22,0.95,0.0,0.0,0,103,103,0.5339805825242718,0.412,0.625,0.425531914893617,0.5339805825242718,0.412,0.625,0.425531914893617,0.0,0.0,0.0,0.0
bull_to_bear,0.22,0.95,0.0,0.0,0,103,103,0.5339805825242718,0.412,0.625,0.425531914893617,0.5339805825242718,0.412,0.625,0.425531914893617,0.0,0.0,0.0,0.0
bull_to_neutral,0.22,0.95,0.0,-0.05,0,103,103,0.5339805825242718,0.412,0.625,0.425531914893617,0.5339805825242718,0.412,0.625,0.425531914893617,0.0,0.0,0.0,0.0
bull_to_bear,0.22,0.95,0.0,-0.05,0,103,103,0.5339805825242718,0.412,0.625,0.425531914893617,0.5339805825242718,0.412,0.625,0.425531914893617,0.0,0.0,0.0,0.0
bull_to_neutral,0.22,0.95,0.0,-0.1,0,103,103,0.5339805825242718,0.412,0.625,0.425531914893617,0.5339805825242718,0.412,0.625,0.425531914893617,0.0,0.0,0.0,0.0
bull_to_bear,0.22,0.95,0.0,-0.1,0,103,103,0.5339805825242718,0.412,0.625,0.425531914893617,0.5339805825242718,0.412,0.625,0.425531914893617,0.0,0.0,0.0,0.0
bull_to_neutral,0.22,0.95,5.0,,0,103,103,0.5339805825242718,0.412,0.625,0.425531914893617,0.5339805825242718,0.412,0.625,0.425531914893617,0.0,0.0,0.0,0.0
bull_to_bear,0.22,0.95,5.0,,0,103,103,0.5339805825242718,0.412,0.625,0.425531914893617,0.5339805825242718,0.412,0.625,0.425531914893617,0.0,0.0,0.0,0.0
bull_to_neutral,0.22,0.95,5.0,0.0,0,103,103,0.5339805825242718,0.412,0.625,0.425531914893617,0.5339805825242718,0.412,0.625,0.425531914893617,0.0,0.0,0.0,0.0
bull_to_bear,0.22,0.95,5.0,0.0,0,103,103,0.5339805825242718,0.412,0.625,0.425531914893617,0.5339805825242718,0.412,0.625,0.425531914893617,0.0,0.0,0.0,0.0
bull_to_neutral,0.22,0.95,5.0,-0.05,0,103,103,0.5339805825242718,0.412,0.625,0.425531914893617,0.5339805825242718,0.412,0.625,0.425531914893617,0.0,0.0,0.0,0.0
bull_to_bear,0.22,0.95,5.0,-0.05,0,103,103,0.5339805825242718,0.412,0.625,0.425531914893617,0.5339805825242718,0.412,0.625,0.425531914893617,0.0,0.0,0.0,0.0
bull_to_neutral,0.22,0.95,5.0,-0.1,0,103,103,0.5339805825242718,0.412,0.625,0.425531914893617,0.5339805825242718,0.412,0.625,0.425531914893617,0.0,0.0,0.0,0.0
bull_to_bear,0.22,0.95,5.0,-0.1,0,103,103,0.5339805825242718,0.412,0.625,0.425531914893617,0.5339805825242718,0.412,0.625,0.425531914893617,0.0,0.0,0.0,0.0
bull_to_neutral,0.22,0.95,10.0,,0,103,103,0.5339805825242718,0.412,0.625,0.425531914893617,0.5339805825242718,0.412,0.625,0.425531914893617,0.0,0.0,0.0,0.0
bull_to_bear,0.22,0.95,10.0,,0,103,103,0.5339805825242718,0.412,0.625,0.425531914893617,0.5339805825242718,0.412,0.625,0.425531914893617,0.0,0.0,0.0,0.0
bull_to_neutral,0.22,0.95,10.0,0.0,0,103,103,0.5339805825242718,0.412,0.625,0.425531914893617,0.5339805825242718,0.412,0.625,0.425531914893617,0.0,0.0,0.0,0.0
bull_to_bear,0.22,0.95,10.0,0.0,0,103,103,0.5339805825242718,0.412,0.625,0.425531914893617,0.5339805825242718,0.412,0.625,0.425531914893617,0.0,0.0,0.0,0.0
bull_to_neutral,0.22,0.95,10.0,-0.05,0,103,103,0.5339805825242718,0.412,0.625,0.425531914893617,0.5339805825242718,0.412,0.625,0.425531914893617,0.0,0.0,0.0,0.0
bull_to_bear,0.22,0.95,10.0,-0.05,0,103,103,0.5339805825242718,0.412,0.625,0.425531914893617,0.5339805825242718,0.412,0.625,0.425531914893617,0.0,0.0,0.0,0.0
bull_to_neutral,0.22,0.95,10.0,-0.1,0,103,103,0.5339805825242718,0.412,0.625,0.425531914893617,0.5339805825242718,0.412,0.625,0.425531914893617,0.0,0.0,0.0,0.0
bull_to_bear,0.22,0.95,10.0,-0.1,0,103,103,0.5339805825242718,0.412,0.625,0.425531914893617,0.5339805825242718,0.412,0.625,0.425531914893617,0.0,0.0,0.0,0.0
bull_to_neutral,0.22,0.95,15.0,,0,103,103,0.5339805825242718,0.412,0.625,0.425531914893617,0.5339805825242718,0.412,0.625,0.425531914893617,0.0,0.0,0.0,0.0
bull_to_bear,0.22,0.95,15.0,,0,103,103,0.5339805825242718,0.412,0.625,0.425531914893617,0.5339805825242718,0.412,0.625,0.425531914893617,0.0,0.0,0.0,0.0
bull_to_neutral,0.22,0.95,15.0,0.0,0,103,103,0.5339805825242718,0.412,0.625,0.425531914893617,0.5339805825242718,0.412,0.625,0.425531914893617,0.0,0.0,0.0,0.0
bull_to_bear,0.22,0.95,15.0,0.0,0,103,103,0.5339805825242718,0.412,0.625,0.425531914893617,0.5339805825242718,0.412,0.625,0.425531914893617,0.0,0.0,0.0,0.0
bull_to_neutral,0.22,0.95,15.0,-0.05,0,103,103,0.5339805825242718,0.412,0.625,0.425531914893617,0.5339805825242718,0.412,0.625,0.425531914893617,0.0,0.0,0.0,0.0
bull_to_bear,0.22,0.95,15.0,-0.05,0,103,103,0.5339805825242718,0.412,0.625,0.425531914893617,0.5339805825242718,0.412,0.625,0.425531914893617,0.0,0.0,0.0,0.0
bull_to_neutral,0.22,0.95,15.0,-0.1,0,103,103,0.5339805825242718,0.412,0.625,0.425531914893617,0.5339805825242718,0.412,0.625,0.425531914893617,0.0,0.0,0.0,0.0
bull_to_bear,0.22,0.95,15.0,-0.1,0,103,103,0.5339805825242718,0.412,0.625,0.425531914893617,0.5339805825242718,0.412,0.625,0.425531914893617,0.0,0.0,0.0,0.0
bull_to_neutral,0.22,0.93,,,0,103,103,0.5339805825242718,0.412,0.625,0.425531914893617,0.5339805825242718,0.412,0.625,0.425531914893617,0.0,0.0,0.0,0.0
bull_to_bear,0.22,0.93,,,0,103,103,0.5339805825242718,0.412,0.625,0.425531914893617,0.5339805825242718,0.412,0.625,0.425531914893617,0.0,0.0,0.0,0.0
bull_to_neutral,0.22,0.93,,0.0,0,103,103,0.5339805825242718,0.412,0.625,0.425531914893617,0.5339805825242718,0.412,0.625,0.425531914893617,0.0,0.0,0.0,0.0
bull_to_bear,0.22,0.93,,0.0,0,103,103,0.5339805825242718,0.412,0.625,0.425531914893617,0.5339805825242718,0.412,0.625,0.425531914893617,0.0,0.0,0.0,0.0
bull_to_neutral,0.22,0.93,,-0.05,0,103,103,0.5339805825242718,0.412,0.625,0.425531914893617,0.5339805825242718,0.412,0.625,0.425531914893617,0.0,0.0,0.0,0.0
bull_to_bear,0.22,0.93,,-0.05,0,103,103,0.5339805825242718,0.412,0.625,0.425531914893617,0.5339805825242718,0.412,0.625,0.425531914893617,0.0,0.0,0.0,0.0
bull_to_neutral,0.22,0.93,,-0.1,0,103,103,0.5339805825242718,0.412,0.625,0.425531914893617,0.5339805825242718,0.412,0.625,0.425531914893617,0.0,0.0,0.0,0.0
bull_to_bear,0.22,0.93,,-0.1,0,103,103,0.5339805825242718,0.412,0.625,0.425531914893617,0.5339805825242718,0.412,0.625,0.425531914893617,0.0,0.0,0.0,0.0
bull_to_neutral,0.22,0.93,0.0,,0,103,103,0.5339805825242718,0.412,0.625,0.425531914893617,0.5339805825242718,0.412,0.625,0.425531914893617,0.0,0.0,0.0,0.0
bull_to_bear,0.22,0.93,0.0,,0,103,103,0.5339805825242718,0.412,0.625,0.425531914893617,0.5339805825242718,0.412,0.625,0.425531914893617,0.0,0.0,0.0,0.0
bull_to_neutral,0.22,0.93,0.0,0.0,0,103,103,0.5339805825242718,0.412,0.625,0.425531914893617,0.5339805825242718,0.412,0.625,0.425531914893617,0.0,0.0,0.0,0.0
bull_to_bear,0.22,0.93,0.0,0.0,0,103,103,0.5339805825242718,0.412,0.625,0.425531914893617,0.5339805825242718,0.412,0.625,0.425531914893617,0.0,0.0,0.0,0.0
bull_to_neutral,0.22,0.93,0.0,-0.05,0,103,103,0.5339805825242718,0.412,0.625,0.425531914893617,0.5339805825242718,0.412,0.625,0.425531914893617,0.0,0.0,0.0,0.0
bull_to_bear,0.22,0.93,0.0,-0.05,0,103,103,0.5339805825242718,0.412,0.625,0.425531914893617,0.5339805825242718,0.412,0.625,0.425531914893617,0.0,0.0,0.0,0.0
bull_to_neutral,0.22,0.93,0.0,-0.1,0,103,103,0.5339805825242718,0.412,0.625,0.425531914893617,0.5339805825242718,0.412,0.625,0.425531914893617,0.0,0.0,0.0,0.0
bull_to_bear,0.22,0.93,0.0,-0.1,0,103,103,0.5339805825242718,0.412,0.625,0.425531914893617,0.5339805825242718,0.412,0.625,0.425531914893617,0.0,0.0,0.0,0.0
bull_to_neutral,0.22,0.93,5.0,,0,103,103,0.5339805825242718,0.412,0.625,0.425531914893617,0.5339805825242718,0.412,0.625,0.425531914893617,0.0,0.0,0.0,0.0
bull_to_bear,0.22,0.93,5.0,,0,103,103,0.5339805825242718,0.412,0.625,0.425531914893617,0.5339805825242718,0.412,0.625,0.425531914893617,0.0,0.0,0.0,0.0
bull_to_neutral,0.22,0.93,5.0,0.0,0,103,103,0.5339805825242718,0.412,0.625,0.425531914893617,0.5339805825242718,0.412,0.625,0.425531914893617,0.0,0.0,0.0,0.0
bull_to_bear,0.22,0.93,5.0,0.0,0,103,103,0.5339805825242718,0.412,0.625,0.425531914893617,0.5339805825242718,0.412,0.625,0.425531914893617,0.0,0.0,0.0,0.0
bull_to_neutral,0.22,0.93,5.0,-0.05,0,103,103,0.5339805825242718,0.412,0.625,0.425531914893617,0.5339805825242718,0.412,0.625,0.425531914893617,0.0,0.0,0.0,0.0
bull_to_bear,0.22,0.93,5.0,-0.05,0,103,103,0.5339805825242718,0.412,0.625,0.425531914893617,0.5339805825242718,0.412,0.625,0.425531914893617,0.0,0.0,0.0,0.0
bull_to_neutral,0.22,0.93,5.0,-0.1,0,103,103,0.5339805825242718,0.412,0.625,0.425531914893617,0.5339805825242718,0.412,0.625,0.425531914893617,0.0,0.0,0.0,0.0
bull_to_bear,0.22,0.93,5.0,-0.1,0,103,103,0.5339805825242718,0.412,0.625,0.425531914893617,0.5339805825242718,0.412,0.625,0.425531914893617,0.0,0.0,0.0,0.0
bull_to_neutral,0.22,0.93,10.0,,0,103,103,0.5339805825242718,0.412,0.625,0.425531914893617,0.5339805825242718,0.412,0.625,0.425531914893617,0.0,0.0,0.0,0.0
bull_to_bear,0.22,0.93,10.0,,0,103,103,0.5339805825242718,0.412,0.625,0.425531914893617,0.5339805825242718,0.412,0.625,0.425531914893617,0.0,0.0,0.0,0.0
bull_to_neutral,0.22,0.93,10.0,0.0,0,103,103,0.5339805825242718,0.412,0.625,0.425531914893617,0.5339805825242718,0.412,0.625,0.425531914893617,0.0,0.0,0.0,0.0
bull_to_bear,0.22,0.93,10.0,0.0,0,103,103,0.5339805825242718,0.412,0.625,0.425531914893617,0.5339805825242718,0.412,0.625,0.425531914893617,0.0,0.0,0.0,0.0
bull_to_neutral,0.22,0.93,10.0,-0.05,0,103,103,0.5339805825242718,0.412,0.625,0.425531914893617,0.5339805825242718,0.412,0.625,0.425531914893617,0.0,0.0,0.0,0.0
bull_to_bear,0.22,0.93,10.0,-0.05,0,103,103,0.5339805825242718,0.412,0.625,0.425531914893617,0.5339805825242718,0.412,0.625,0.425531914893617,0.0,0.0,0.0,0.0
bull_to_neutral,0.22,0.93,10.0,-0.1,0,103,103,0.5339805825242718,0.412,0.625,0.425531914893617,0.5339805825242718,0.412,0.625,0.425531914893617,0.0,0.0,0.0,0.0
bull_to_bear,0.22,0.93,10.0,-0.1,0,103,103,0.5339805825242718,0.412,0.625,0.425531914893617,0.5339805825242718,0.412,0.625,0.425531914893617,0.0,0.0,0.0,0.0
bull_to_neutral,0.22,0.93,15.0,,0,103,103,0.5339805825242718,0.412,0.625,0.425531914893617,0.5339805825242718,0.412,0.625,0.425531914893617,0.0,0.0,0.0,0.0
bull_to_bear,0.22,0.93,15.0,,0,103,103,0.5339805825242718,0.412,0.625,0.425531914893617,0.5339805825242718,0.412,0.625,0.425531914893617,0.0,0.0,0.0,0.0
bull_to_neutral,0.22,0.93,15.0,0.0,0,103,103,0.5339805825242718,0.412,0.625,0.425531914893617,0.5339805825242718,0.412,0.625,0.425531914893617,0.0,0.0,0.0,0.0
bull_to_bear,0.22,0.93,15.0,0.0,0,103,103,0.5339805825242718,0.412,0.625,0.425531914893617,0.5339805825242718,0.412,0.625,0.425531914893617,0.0,0.0,0.0,0.0
bull_to_neutral,0.22,0.93,15.0,-0.05,0,103,103,0.5339805825242718,0.412,0.625,0.425531914893617,0.5339805825242718,0.412,0.625,0.425531914893617,0.0,0.0,0.0,0.0
bull_to_bear,0.22,0.93,15.0,-0.05,0,103,103,0.5339805825242718,0.412,0.625,0.425531914893617,0.5339805825242718,0.412,0.625,0.425531914893617,0.0,0.0,0.0,0.0
bull_to_neutral,0.22,0.93,15.0,-0.1,0,103,103,0.5339805825242718,0.412,0.625,0.425531914893617,0.5339805825242718,0.412,0.625,0.425531914893617,0.0,0.0,0.0,0.0
bull_to_bear,0.22,0.93,15.0,-0.1,0,103,103,0.5339805825242718,0.412,0.625,0.425531914893617,0.5339805825242718,0.412,0.625,0.425531914893617,0.0,0.0,0.0,0.0
bull_to_neutral,0.22,0.9,,,0,103,103,0.5339805825242718,0.412,0.625,0.425531914893617,0.5339805825242718,0.412,0.625,0.425531914893617,0.0,0.0,0.0,0.0
bull_to_bear,0.22,0.9,,,0,103,103,0.5339805825242718,0.412,0.625,0.425531914893617,0.5339805825242718,0.412,0.625,0.425531914893617,0.0,0.0,0.0,0.0
bull_to_neutral,0.22,0.9,,0.0,0,103,103,0.5339805825242718,0.412,0.625,0.425531914893617,0.5339805825242718,0.412,0.625,0.425531914893617,0.0,0.0,0.0,0.0
bull_to_bear,0.22,0.9,,0.0,0,103,103,0.5339805825242718,0.412,0.625,0.425531914893617,0.5339805825242718,0.412,0.625,0.425531914893617,0.0,0.0,0.0,0.0
bull_to_neutral,0.22,0.9,,-0.05,0,103,103,0.5339805825242718,0.412,0.625,0.425531914893617,0.5339805825242718,0.412,0.625,0.425531914893617,0.0,0.0,0.0,0.0
bull_to_bear,0.22,0.9,,-0.05,0,103,103,0.5339805825242718,0.412,0.625,0.425531914893617,0.5339805825242718,0.412,0.625,0.425531914893617,0.0,0.0,0.0,0.0
bull_to_neutral,0.22,0.9,,-0.1,0,103,103,0.5339805825242718,0.412,0.625,0.425531914893617,0.5339805825242718,0.412,0.625,0.425531914893617,0.0,0.0,0.0,0.0
bull_to_bear,0.22,0.9,,-0.1,0,103,103,0.5339805825242718,0.412,0.625,0.425531914893617,0.5339805825242718,0.412,0.625,0.425531914893617,0.0,0.0,0.0,0.0
bull_to_neutral,0.22,0.9,0.0,,0,103,103,0.5339805825242718,0.412,0.625,0.425531914893617,0.5339805825242718,0.412,0.625,0.425531914893617,0.0,0.0,0.0,0.0
bull_to_bear,0.22,0.9,0.0,,0,103,103,0.5339805825242718,0.412,0.625,0.425531914893617,0.5339805825242718,0.412,0.625,0.425531914893617,0.0,0.0,0.0,0.0
bull_to_neutral,0.22,0.9,0.0,0.0,0,103,103,0.5339805825242718,0.412,0.625,0.425531914893617,0.5339805825242718,0.412,0.625,0.425531914893617,0.0,0.0,0.0,0.0
bull_to_bear,0.22,0.9,0.0,0.0,0,103,103,0.5339805825242718,0.412,0.625,0.425531914893617,0.5339805825242718,0.412,0.625,0.425531914893617,0.0,0.0,0.0,0.0
bull_to_neutral,0.22,0.9,0.0,-0.05,0,103,103,0.5339805825242718,0.412,0.625,0.425531914893617,0.5339805825242718,0.412,0.625,0.425531914893617,0.0,0.0,0.0,0.0
bull_to_bear,0.22,0.9,0.0,-0.05,0,103,103,0.5339805825242718,0.412,0.625,0.425531914893617,0.5339805825242718,0.412,0.625,0.425531914893617,0.0,0.0,0.0,0.0
bull_to_neutral,0.22,0.9,0.0,-0.1,0,103,103,0.5339805825242718,0.412,0.625,0.425531914893617,0.5339805825242718,0.412,0.625,0.425531914893617,0.0,0.0,0.0,0.0
bull_to_bear,0.22,0.9,0.0,-0.1,0,103,103,0.5339805825242718,0.412,0.625,0.425531914893617,0.5339805825242718,0.412,0.625,0.425531914893617,0.0,0.0,0.0,0.0
bull_to_neutral,0.22,0.9,5.0,,0,103,103,0.5339805825242718,0.412,0.625,0.425531914893617,0.5339805825242718,0.412,0.625,0.425531914893617,0.0,0.0,0.0,0.0
bull_to_bear,0.22,0.9,5.0,,0,103,103,0.5339805825242718,0.412,0.625,0.425531914893617,0.5339805825242718,0.412,0.625,0.425531914893617,0.0,0.0,0.0,0.0
bull_to_neutral,0.22,0.9,5.0,0.0,0,103,103,0.5339805825242718,0.412,0.625,0.425531914893617,0.5339805825242718,0.412,0.625,0.425531914893617,0.0,0.0,0.0,0.0
bull_to_bear,0.22,0.9,5.0,0.0,0,103,103,0.5339805825242718,0.412,0.625,0.425531914893617,0.5339805825242718,0.412,0.625,0.425531914893617,0.0,0.0,0.0,0.0
bull_to_neutral,0.22,0.9,5.0,-0.05,0,103,103,0.5339805825242718,0.412,0.625,0.425531914893617,0.5339805825242718,0.412,0.625,0.425531914893617,0.0,0.0,0.0,0.0
bull_to_bear,0.22,0.9,5.0,-0.05,0,103,103,0.5339805825242718,0.412,0.625,0.425531914893617,0.5339805825242718,0.412,0.625,0.425531914893617,0.0,0.0,0.0,0.0
bull_to_neutral,0.22,0.9,5.0,-0.1,0,103,103,0.5339805825242718,0.412,0.625,0.425531914893617,0.5339805825242718,0.412,0.625,0.425531914893617,0.0,0.0,0.0,0.0
bull_to_bear,0.22,0.9,5.0,-0.1,0,103,103,0.5339805825242718,0.412,0.625,0.425531914893617,0.5339805825242718,0.412,0.625,0.425531914893617,0.0,0.0,0.0,0.0
bull_to_neutral,0.22,0.9,10.0,,0,103,103,0.5339805825242718,0.412,0.625,0.425531914893617,0.5339805825242718,0.412,0.625,0.425531914893617,0.0,0.0,0.0,0.0
bull_to_bear,0.22,0.9,10.0,,0,103,103,0.5339805825242718,0.412,0.625,0.425531914893617,0.5339805825242718,0.412,0.625,0.425531914893617,0.0,0.0,0.0,0.0
bull_to_neutral,0.22,0.9,10.0,0.0,0,103,103,0.5339805825242718,0.412,0.625,0.425531914893617,0.5339805825242718,0.412,0.625,0.425531914893617,0.0,0.0,0.0,0.0
bull_to_bear,0.22,0.9,10.0,0.0,0,103,103,0.5339805825242718,0.412,0.625,0.425531914893617,0.5339805825242718,0.412,0.625,0.425531914893617,0.0,0.0,0.0,0.0
bull_to_neutral,0.22,0.9,10.0,-0.05,0,103,103,0.5339805825242718,0.412,0.625,0.425531914893617,0.5339805825242718,0.412,0.625,0.425531914893617,0.0,0.0,0.0,0.0
bull_to_bear,0.22,0.9,10.0,-0.05,0,103,103,0.5339805825242718,0.412,0.625,0.425531914893617,0.5339805825242718,0.412,0.625,0.425531914893617,0.0,0.0,0.0,0.0
bull_to_neutral,0.22,0.9,10.0,-0.1,0,103,103,0.5339805825242718,0.412,0.625,0.425531914893617,0.5339805825242718,0.412,0.625,0.425531914893617,0.0,0.0,0.0,0.0
bull_to_bear,0.22,0.9,10.0,-0.1,0,103,103,0.5339805825242718,0.412,0.625,0.425531914893617,0.5339805825242718,0.412,0.625,0.425531914893617,0.0,0.0,0.0,0.0
bull_to_neutral,0.22,0.9,15.0,,0,103,103,0.5339805825242718,0.412,0.625,0.425531914893617,0.5339805825242718,0.412,0.625,0.425531914893617,0.0,0.0,0.0,0.0
bull_to_bear,0.22,0.9,15.0,,0,103,103,0.5339805825242718,0.412,0.625,0.425531914893617,0.5339805825242718,0.412,0.625,0.425531914893617,0.0,0.0,0.0,0.0
bull_to_neutral,0.22,0.9,15.0,0.0,0,103,103,0.5339805825242718,0.412,0.625,0.425531914893617,0.5339805825242718,0.412,0.625,0.425531914893617,0.0,0.0,0.0,0.0
bull_to_bear,0.22,0.9,15.0,0.0,0,103,103,0.5339805825242718,0.412,0.625,0.425531914893617,0.5339805825242718,0.412,0.625,0.425531914893617,0.0,0.0,0.0,0.0
bull_to_neutral,0.22,0.9,15.0,-0.05,0,103,103,0.5339805825242718,0.412,0.625,0.425531914893617,0.5339805825242718,0.412,0.625,0.425531914893617,0.0,0.0,0.0,0.0
bull_to_bear,0.22,0.9,15.0,-0.05,0,103,103,0.5339805825242718,0.412,0.625,0.425531914893617,0.5339805825242718,0.412,0.625,0.425531914893617,0.0,0.0,0.0,0.0
bull_to_neutral,0.22,0.9,15.0,-0.1,0,103,103,0.5339805825242718,0.412,0.625,0.425531914893617,0.5339805825242718,0.412,0.625,0.425531914893617,0.0,0.0,0.0,0.0
bull_to_bear,0.22,0.9,15.0,-0.1,0,103,103,0.5339805825242718,0.412,0.625,0.425531914893617,0.5339805825242718,0.412,0.625,0.425531914893617,0.0,0.0,0.0,0.0
bull_to_neutral,0.25,1.0,,,7,96,103,0.5339805825242718,0.412,0.625,0.425531914893617,0.53125,0.384,0.6326530612244898,0.425531914893617,-0.0027305825242718296,-0.02799999999999997,0.007653061224489832,0.0
bull_to_bear,0.25,1.0,,,7,103,103,0.5339805825242718,0.412,0.625,0.425531914893617,0.5242718446601942,0.412,0.6326530612244898,0.42592592592592593,-0.009708737864077666,0.0,0.007653061224489832,0.0003940110323089052
bull_to_neutral,0.25,1.0,,0.0,5,98,103,0.5339805825242718,0.412,0.625,0.425531914893617,0.5306122448979592,0.392,0.6274509803921569,0.425531914893617,-0.003368337626312612,-0.019999999999999962,0.002450980392156854,0.0
bull_to_bear,0.25,1.0,,0.0,5,103,103,0.5339805825242718,0.412,0.625,0.425531914893617,0.5242718446601942,0.412,0.6274509803921569,0.4230769230769231,-0.009708737864077666,0.0,0.002450980392156854,-0.002454991816693952
bull_to_neutral,0.25,1.0,,-0.05,5,98,103,0.5339805825242718,0.412,0.625,0.425531914893617,0.5306122448979592,0.392,0.6274509803921569,0.425531914893617,-0.003368337626312612,-0.019999999999999962,0.002450980392156854,0.0
bull_to_bear,0.25,1.0,,-0.05,5,103,103,0.5339805825242718,0.412,0.625,0.425531914893617,0.5242718446601942,0.412,0.6274509803921569,0.4230769230769231,-0.009708737864077666,0.0,0.002450980392156854,-0.002454991816693952
bull_to_neutral,0.25,1.0,,-0.1,5,98,103,0.5339805825242718,0.412,0.625,0.425531914893617,0.5306122448979592,0.392,0.6274509803921569,0.425531914893617,-0.003368337626312612,-0.019999999999999962,0.002450980392156854,0.0
bull_to_bear,0.25,1.0,,-0.1,5,103,103,0.5339805825242718,0.412,0.625,0.425531914893617,0.5242718446601942,0.412,0.6274509803921569,0.4230769230769231,-0.009708737864077666,0.0,0.002450980392156854,-0.002454991816693952
bull_to_neutral,0.25,1.0,0.0,,2,101,103,0.5339805825242718,0.412,0.625,0.425531914893617,0.5445544554455446,0.404,0.6481481481481481,0.425531914893617,0.010573872921272764,-0.007999999999999952,0.02314814814814814,0.0
bull_to_bear,0.25,1.0,0.0,,2,103,103,0.5339805825242718,0.412,0.625,0.425531914893617,0.5533980582524272,0.412,0.6481481481481481,0.4489795918367347,0.01941747572815533,0.0,0.02314814814814814,0.023447676943117668
bull_to_neutral,0.25,1.0,0.0,0.0,2,101,103,0.5339805825242718,0.412,0.625,0.425531914893617,0.5445544554455446,0.404,0.6481481481481481,0.425531914893617,0.010573872921272764,-0.007999999999999952,0.02314814814814814,0.0
bull_to_bear,0.25,1.0,0.0,0.0,2,103,103,0.5339805825242718,0.412,0.625,0.425531914893617,0.5533980582524272,0.412,0.6481481481481481,0.4489795918367347,0.01941747572815533,0.0,0.02314814814814814,0.023447676943117668
bull_to_neutral,0.25,1.0,0.0,-0.05,2,101,103,0.5339805825242718,0.412,0.625,0.425531914893617,0.5445544554455446,0.404,0.6481481481481481,0.425531914893617,0.010573872921272764,-0.007999999999999952,0.02314814814814814,0.0
bull_to_bear,0.25,1.0,0.0,-0.05,2,103,103,0.5339805825242718,0.412,0.625,0.425531914893617,0.5533980582524272,0.412,0.6481481481481481,0.4489795918367347,0.01941747572815533,0.0,0.02314814814814814,0.023447676943117668
bull_to_neutral,0.25,1.0,0.0,-0.1,2,101,103,0.5339805825242718,0.412,0.625,0.425531914893617,0.5445544554455446,0.404,0.6481481481481481,0.425531914893617,0.010573872921272764,-0.007999999999999952,0.02314814814814814,0.0
bull_to_bear,0.25,1.0,0.0,-0.1,2,103,103,0.5339805825242718,0.412,0.625,0.425531914893617,0.5533980582524272,0.412,0.6481481481481481,0.4489795918367347,0.01941747572815533,0.0,0.02314814814814814,0.023447676943117668
bull_to_neutral,0.25,1.0,5.0,,2,101,103,0.5339805825242718,0.412,0.625,0.425531914893617,0.5445544554455446,0.404,0.6481481481481481,0.425531914893617,0.010573872921272764,-0.007999999999999952,0.02314814814814814,0.0
bull_to_bear,0.25,1.0,5.0,,2,103,103,0.5339805825242718,0.412,0.625,0.425531914893617,0.5533980582524272,0.412,0.6481481481481481,0.4489795918367347,0.01941747572815533,0.0,0.02314814814814814,0.023447676943117668
bull_to_neutral,0.25,1.0,5.0,0.0,2,101,103,0.5339805825242718,0.412,0.625,0.425531914893617,0.5445544554455446,0.404,0.6481481481481481,0.425531914893617,0.010573872921272764,-0.007999999999999952,0.02314814814814814,0.0
bull_to_bear,0.25,1.0,5.0,0.0,2,103,103,0.5339805825242718,0.412,0.625,0.425531914893617,0.5533980582524272,0.412,0.6481481481481481,0.4489795918367347,0.01941747572815533,0.0,0.02314814814814814,0.023447676943117668
bull_to_neutral,0.25,1.0,5.0,-0.05,2,101,103,0.5339805825242718,0.412,0.625,0.425531914893617,0.5445544554455446,0.404,0.6481481481481481,0.425531914893617,0.010573872921272764,-0.007999999999999952,0.02314814814814814,0.0
bull_to_bear,0.25,1.0,5.0,-0.05,2,103,103,0.5339805825242718,0.412,0.625,0.425531914893617,0.5533980582524272,0.412,0.6481481481481481,0.4489795918367347,0.01941747572815533,0.0,0.02314814814814814,0.023447676943117668
bull_to_neutral,0.25,1.0,5.0,-0.1,2,101,103,0.5339805825242718,0.412,0.625,0.425531914893617,0.5445544554455446,0.404,0.6481481481481481,0.425531914893617,0.010573872921272764,-0.007999999999999952,0.02314814814814814,0.0
bull_to_bear,0.25,1.0,5.0,-0.1,2,103,103,0.5339805825242718,0.412,0.625,0.425531914893617,0.5533980582524272,0.412,0.6481481481481481,0.4489795918367347,0.01941747572815533,0.0,0.02314814814814814,0.023447676943117668
bull_to_neutral,0.25,1.0,10.0,,2,101,103,0.5339805825242718,0.412,0.625,0.425531914893617,0.5445544554455446,0.404,0.6481481481481481,0.425531914893617,0.010573872921272764,-0.007999999999999952,0.02314814814814814,0.0
bull_to_bear,0.25,1.0,10.0,,2,103,103,0.5339805825242718,0.412,0.625,0.425531914893617,0.5533980582524272,0.412,0.6481481481481481,0.4489795918367347,0.01941747572815533,0.0,0.02314814814814814,0.023447676943117668
bull_to_neutral,0.25,1.0,10.0,0.0,2,101,103,0.5339805825242718,0.412,0.625,0.425531914893617,0.5445544554455446,0.404,0.6481481481481481,0.425531914893617,0.010573872921272764,-0.007999999999999952,0.02314814814814814,0.0
bull_to_bear,0.25,1.0,10.0,0.0,2,103,103,0.5339805825242718,0.412,0.625,0.425531914893617,0.5533980582524272,0.412,0.6481481481481481,0.4489795918367347,0.01941747572815533,0.0,0.02314814814814814,0.023447676943117668
bull_to_neutral,0.25,1.0,10.0,-0.05,2,101,103,0.5339805825242718,0.412,0.625,0.425531914893617,0.5445544554455446,0.404,0.6481481481481481,0.425531914893617,0.010573872921272764,-0.007999999999999952,0.02314814814814814,0.0
bull_to_bear,0.25,1.0,10.0,-0.05,2,103,103,0.5339805825242718,0.412,0.625,0.425531914893617,0.5533980582524272,0.412,0.6481481481481481,0.4489795918367347,0.01941747572815533,0.0,0.02314814814814814,0.023447676943117668
bull_to_neutral,0.25,1.0,10.0,-0.1,2,101,103,0.5339805825242718,0.412,0.625,0.425531914893617,0.5445544554455446,0.404,0.6481481481481481,0.425531914893617,0.010573872921272764,-0.007999999999999952,0.02314814814814814,0.0
bull_to_bear,0.25,1.0,10.0,-0.1,2,103,103,0.5339805825242718,0.412,0.625,0.425531914893617,0.5533980582524272,0.412,0.6481481481481481,0.4489795918367347,0.01941747572815533,0.0,0.02314814814814814,0.023447676943117668
bull_to_neutral,0.25,1.0,15.0,,2,101,103,0.5339805825242718,0.412,0.625,0.425531914893617,0.5445544554455446,0.404,0.6481481481481481,0.425531914893617,0.010573872921272764,-0.007999999999999952,0.02314814814814814,0.0
bull_to_bear,0.25,1.0,15.0,,2,103,103,0.5339805825242718,0.412,0.625,0.425531914893617,0.5533980582524272,0.412,0.6481481481481481,0.4489795918367347,0.01941747572815533,0.0,0.02314814814814814,0.023447676943117668
bull_to_neutral,0.25,1.0,15.0,0.0,2,101,103,0.5339805825242718,0.412,0.625,0.425531914893617,0.5445544554455446,0.404,0.6481481481481481,0.425531914893617,0.010573872921272764,-0.007999999999999952,0.02314814814814814,0.0
bull_to_bear,0.25,1.0,15.0,0.0,2,103,103,0.5339805825242718,0.412,0.625,0.425531914893617,0.5533980582524272,0.412,0.6481481481481481,0.4489795918367347,0.01941747572815533,0.0,0.02314814814814814,0.023447676943117668
bull_to_neutral,0.25,1.0,15.0,-0.05,2,101,103,0.5339805825242718,0.412,0.625,0.425531914893617,0.5445544554455446,0.404,0.6481481481481481,0.425531914893617,0.010573872921272764,-0.007999999999999952,0.02314814814814814,0.0
bull_to_bear,0.25,1.0,15.0,-0.05,2,103,103,0.5339805825242718,0.412,0.625,0.425531914893617,0.5533980582524272,0.412,0.6481481481481481,0.4489795918367347,0.01941747572815533,0.0,0.02314814814814814,0.023447676943117668
bull_to_neutral,0.25,1.0,15.0,-0.1,2,101,103,0.5339805825242718,0.412,0.625,0.425531914893617,0.5445544554455446,0.404,0.6481481481481481,0.425531914893617,0.010573872921272764,-0.007999999999999952,0.02314814814814814,0.0
bull_to_bear,0.25,1.0,15.0,-0.1,2,103,103,0.5339805825242718,0.412,0.625,0.425531914893617,0.5533980582524272,0.412,0.6481481481481481,0.4489795918367347,0.01941747572815533,0.0,0.02314814814814814,0.023447676943117668
bull_to_neutral,0.25,0.99,,,0,103,103,0.5339805825242718,0.412,0.625,0.425531914893617,0.5339805825242718,0.412,0.625,0.425531914893617,0.0,0.0,0.0,0.0
bull_to_bear,0.25,0.99,,,0,103,103,0.5339805825242718,0.412,0.625,0.425531914893617,0.5339805825242718,0.412,0.625,0.425531914893617,0.0,0.0,0.0,0.0
bull_to_neutral,0.25,0.99,,0.0,0,103,103,0.5339805825242718,0.412,0.625,0.425531914893617,0.5339805825242718,0.412,0.625,0.425531914893617,0.0,0.0,0.0,0.0
bull_to_bear,0.25,0.99,,0.0,0,103,103,0.5339805825242718,0.412,0.625,0.425531914893617,0.5339805825242718,0.412,0.625,0.425531914893617,0.0,0.0,0.0,0.0
bull_to_neutral,0.25,0.99,,-0.05,0,103,103,0.5339805825242718,0.412,0.625,0.425531914893617,0.5339805825242718,0.412,0.625,0.425531914893617,0.0,0.0,0.0,0.0
bull_to_bear,0.25,0.99,,-0.05,0,103,103,0.5339805825242718,0.412,0.625,0.425531914893617,0.5339805825242718,0.412,0.625,0.425531914893617,0.0,0.0,0.0,0.0
bull_to_neutral,0.25,0.99,,-0.1,0,103,103,0.5339805825242718,0.412,0.625,0.425531914893617,0.5339805825242718,0.412,0.625,0.425531914893617,0.0,0.0,0.0,0.0
bull_to_bear,0.25,0.99,,-0.1,0,103,103,0.5339805825242718,0.412,0.625,0.425531914893617,0.5339805825242718,0.412,0.625,0.425531914893617,0.0,0.0,0.0,0.0
bull_to_neutral,0.25,0.99,0.0,,0,103,103,0.5339805825242718,0.412,0.625,0.425531914893617,0.5339805825242718,0.412,0.625,0.425531914893617,0.0,0.0,0.0,0.0
bull_to_bear,0.25,0.99,0.0,,0,103,103,0.5339805825242718,0.412,0.625,0.425531914893617,0.5339805825242718,0.412,0.625,0.425531914893617,0.0,0.0,0.0,0.0
bull_to_neutral,0.25,0.99,0.0,0.0,0,103,103,0.5339805825242718,0.412,0.625,0.425531914893617,0.5339805825242718,0.412,0.625,0.425531914893617,0.0,0.0,0.0,0.0
bull_to_bear,0.25,0.99,0.0,0.0,0,103,103,0.5339805825242718,0.412,0.625,0.425531914893617,0.5339805825242718,0.412,0.625,0.425531914893617,0.0,0.0,0.0,0.0
bull_to_neutral,0.25,0.99,0.0,-0.05,0,103,103,0.5339805825242718,0.412,0.625,0.425531914893617,0.5339805825242718,0.412,0.625,0.425531914893617,0.0,0.0,0.0,0.0
bull_to_bear,0.25,0.99,0.0,-0.05,0,103,103,0.5339805825242718,0.412,0.625,0.425531914893617,0.5339805825242718,0.412,0.625,0.425531914893617,0.0,0.0,0.0,0.0
bull_to_neutral,0.25,0.99,0.0,-0.1,0,103,103,0.5339805825242718,0.412,0.625,0.425531914893617,0.5339805825242718,0.412,0.625,0.425531914893617,0.0,0.0,0.0,0.0
bull_to_bear,0.25,0.99,0.0,-0.1,0,103,103,0.5339805825242718,0.412,0.625,0.425531914893617,0.5339805825242718,0.412,0.625,0.425531914893617,0.0,0.0,0.0,0.0
bull_to_neutral,0.25,0.99,5.0,,0,103,103,0.5339805825242718,0.412,0.625,0.425531914893617,0.5339805825242718,0.412,0.625,0.425531914893617,0.0,0.0,0.0,0.0
bull_to_bear,0.25,0.99,5.0,,0,103,103,0.5339805825242718,0.412,0.625,0.425531914893617,0.5339805825242718,0.412,0.625,0.425531914893617,0.0,0.0,0.0,0.0
bull_to_neutral,0.25,0.99,5.0,0.0,0,103,103,0.5339805825242718,0.412,0.625,0.425531914893617,0.5339805825242718,0.412,0.625,0.425531914893617,0.0,0.0,0.0,0.0
bull_to_bear,0.25,0.99,5.0,0.0,0,103,103,0.5339805825242718,0.412,0.625,0.425531914893617,0.5339805825242718,0.412,0.625,0.425531914893617,0.0,0.0,0.0,0.0
bull_to_neutral,0.25,0.99,5.0,-0.05,0,103,103,0.5339805825242718,0.412,0.625,0.425531914893617,0.5339805825242718,0.412,0.625,0.425531914893617,0.0,0.0,0.0,0.0
bull_to_bear,0.25,0.99,5.0,-0.05,0,103,103,0.5339805825242718,0.412,0.625,0.425531914893617,0.5339805825242718,0.412,0.625,0.425531914893617,0.0,0.0,0.0,0.0
bull_to_neutral,0.25,0.99,5.0,-0.1,0,103,103,0.5339805825242718,0.412,0.625,0.425531914893617,0.5339805825242718,0.412,0.625,0.425531914893617,0.0,0.0,0.0,0.0
bull_to_bear,0.25,0.99,5.0,-0.1,0,103,103,0.5339805825242718,0.412,0.625,0.425531914893617,0.5339805825242718,0.412,0.625,0.425531914893617,0.0,0.0,0.0,0.0
bull_to_neutral,0.25,0.99,10.0,,0,103,103,0.5339805825242718,0.412,0.625,0.425531914893617,0.5339805825242718,0.412,0.625,0.425531914893617,0.0,0.0,0.0,0.0
bull_to_bear,0.25,0.99,10.0,,0,103,103,0.5339805825242718,0.412,0.625,0.425531914893617,0.5339805825242718,0.412,0.625,0.425531914893617,0.0,0.0,0.0,0.0
bull_to_neutral,0.25,0.99,10.0,0.0,0,103,103,0.5339805825242718,0.412,0.625,0.425531914893617,0.5339805825242718,0.412,0.625,0.425531914893617,0.0,0.0,0.0,0.0
bull_to_bear,0.25,0.99,10.0,0.0,0,103,103,0.5339805825242718,0.412,0.625,0.425531914893617,0.5339805825242718,0.412,0.625,0.425531914893617,0.0,0.0,0.0,0.0
bull_to_neutral,0.25,0.99,10.0,-0.05,0,103,103,0.5339805825242718,0.412,0.625,0.425531914893617,0.5339805825242718,0.412,0.625,0.425531914893617,0.0,0.0,0.0,0.0
bull_to_bear,0.25,0.99,10.0,-0.05,0,103,103,0.5339805825242718,0.412,0.625,0.425531914893617,0.5339805825242718,0.412,0.625,0.425531914893617,0.0,0.0,0.0,0.0
bull_to_neutral,0.25,0.99,10.0,-0.1,0,103,103,0.5339805825242718,0.412,0.625,0.425531914893617,0.5339805825242718,0.412,0.625,0.425531914893617,0.0,0.0,0.0,0.0
bull_to_bear,0.25,0.99,10.0,-0.1,0,103,103,0.5339805825242718,0.412,0.625,0.425531914893617,0.5339805825242718,0.412,0.625,0.425531914893617,0.0,0.0,0.0,0.0
bull_to_neutral,0.25,0.99,15.0,,0,103,103,0.5339805825242718,0.412,0.625,0.425531914893617,0.5339805825242718,0.412,0.625,0.425531914893617,0.0,0.0,0.0,0.0
bull_to_bear,0.25,0.99,15.0,,0,103,103,0.5339805825242718,0.412,0.625,0.425531914893617,0.5339805825242718,0.412,0.625,0.425531914893617,0.0,0.0,0.0,0.0
bull_to_neutral,0.25,0.99,15.0,0.0,0,103,103,0.5339805825242718,0.412,0.625,0.425531914893617,0.5339805825242718,0.412,0.625,0.425531914893617,0.0,0.0,0.0,0.0
bull_to_bear,0.25,0.99,15.0,0.0,0,103,103,0.5339805825242718,0.412,0.625,0.425531914893617,0.5339805825242718,0.412,0.625,0.425531914893617,0.0,0.0,0.0,0.0
bull_to_neutral,0.25,0.99,15.0,-0.05,0,103,103,0.5339805825242718,0.412,0.625,0.425531914893617,0.5339805825242718,0.412,0.625,0.425531914893617,0.0,0.0,0.0,0.0
bull_to_bear,0.25,0.99,15.0,-0.05,0,103,103,0.5339805825242718,0.412,0.625,0.425531914893617,0.5339805825242718,0.412,0.625,0.425531914893617,0.0,0.0,0.0,0.0
bull_to_neutral,0.25,0.99,15.0,-0.1,0,103,103,0.5339805825242718,0.412,0.625,0.425531914893617,0.5339805825242718,0.412,0.625,0.425531914893617,0.0,0.0,0.0,0.0
bull_to_bear,0.25,0.99,15.0,-0.1,0,103,103,0.5339805825242718,0.412,0.625,0.425531914893617,0.5339805825242718,0.412,0.625,0.425531914893617,0.0,0.0,0.0,0.0
bull_to_neutral,0.25,0.98,,,0,103,103,0.5339805825242718,0.412,0.625,0.425531914893617,0.5339805825242718,0.412,0.625,0.425531914893617,0.0,0.0,0.0,0.0
bull_to_bear,0.25,0.98,,,0,103,103,0.5339805825242718,0.412,0.625,0.425531914893617,0.5339805825242718,0.412,0.625,0.425531914893617,0.0,0.0,0.0,0.0
bull_to_neutral,0.25,0.98,,0.0,0,103,103,0.5339805825242718,0.412,0.625,0.425531914893617,0.5339805825242718,0.412,0.625,0.425531914893617,0.0,0.0,0.0,0.0
bull_to_bear,0.25,0.98,,0.0,0,103,103,0.5339805825242718,0.412,0.625,0.425531914893617,0.5339805825242718,0.412,0.625,0.425531914893617,0.0,0.0,0.0,0.0
bull_to_neutral,0.25,0.98,,-0.05,0,103,103,0.5339805825242718,0.412,0.625,0.425531914893617,0.5339805825242718,0.412,0.625,0.425531914893617,0.0,0.0,0.0,0.0
bull_to_bear,0.25,0.98,,-0.05,0,103,103,0.5339805825242718,0.412,0.625,0.425531914893617,0.5339805825242718,0.412,0.625,0.425531914893617,0.0,0.0,0.0,0.0
bull_to_neutral,0.25,0.98,,-0.1,0,103,103,0.5339805825242718,0.412,0.625,0.425531914893617,0.5339805825242718,0.412,0.625,0.425531914893617,0.0,0.0,0.0,0.0
bull_to_bear,0.25,0.98,,-0.1,0,103,103,0.5339805825242718,0.412,0.625,0.425531914893617,0.5339805825242718,0.412,0.625,0.425531914893617,0.0,0.0,0.0,0.0
bull_to_neutral,0.25,0.98,0.0,,0,103,103,0.5339805825242718,0.412,0.625,0.425531914893617,0.5339805825242718,0.412,0.625,0.425531914893617,0.0,0.0,0.0,0.0
bull_to_bear,0.25,0.98,0.0,,0,103,103,0.5339805825242718,0.412,0.625,0.425531914893617,0.5339805825242718,0.412,0.625,0.425531914893617,0.0,0.0,0.0,0.0
bull_to_neutral,0.25,0.98,0.0,0.0,0,103,103,0.5339805825242718,0.412,0.625,0.425531914893617,0.5339805825242718,0.412,0.625,0.425531914893617,0.0,0.0,0.0,0.0
bull_to_bear,0.25,0.98,0.0,0.0,0,103,103,0.5339805825242718,0.412,0.625,0.425531914893617,0.5339805825242718,0.412,0.625,0.425531914893617,0.0,0.0,0.0,0.0
bull_to_neutral,0.25,0.98,0.0,-0.05,0,103,103,0.5339805825242718,0.412,0.625,0.425531914893617,0.5339805825242718,0.412,0.625,0.425531914893617,0.0,0.0,0.0,0.0
bull_to_bear,0.25,0.98,0.0,-0.05,0,103,103,0.5339805825242718,0.412,0.625,0.425531914893617,0.5339805825242718,0.412,0.625,0.425531914893617,0.0,0.0,0.0,0.0
bull_to_neutral,0.25,0.98,0.0,-0.1,0,103,103,0.5339805825242718,0.412,0.625,0.425531914893617,0.5339805825242718,0.412,0.625,0.425531914893617,0.0,0.0,0.0,0.0
bull_to_bear,0.25,0.98,0.0,-0.1,0,103,103,0.5339805825242718,0.412,0.625,0.425531914893617,0.5339805825242718,0.412,0.625,0.425531914893617,0.0,0.0,0.0,0.0
bull_to_neutral,0.25,0.98,5.0,,0,103,103,0.5339805825242718,0.412,0.625,0.425531914893617,0.5339805825242718,0.412,0.625,0.425531914893617,0.0,0.0,0.0,0.0
bull_to_bear,0.25,0.98,5.0,,0,103,103,0.5339805825242718,0.412,0.625,0.425531914893617,0.5339805825242718,0.412,0.625,0.425531914893617,0.0,0.0,0.0,0.0
bull_to_neutral,0.25,0.98,5.0,0.0,0,103,103,0.5339805825242718,0.412,0.625,0.425531914893617,0.5339805825242718,0.412,0.625,0.425531914893617,0.0,0.0,0.0,0.0
bull_to_bear,0.25,0.98,5.0,0.0,0,103,103,0.5339805825242718,0.412,0.625,0.425531914893617,0.5339805825242718,0.412,0.625,0.425531914893617,0.0,0.0,0.0,0.0
bull_to_neutral,0.25,0.98,5.0,-0.05,0,103,103,0.5339805825242718,0.412,0.625,0.425531914893617,0.5339805825242718,0.412,0.625,0.425531914893617,0.0,0.0,0.0,0.0
bull_to_bear,0.25,0.98,5.0,-0.05,0,103,103,0.5339805825242718,0.412,0.625,0.425531914893617,0.5339805825242718,0.412,0.625,0.425531914893617,0.0,0.0,0.0,0.0
bull_to_neutral,0.25,0.98,5.0,-0.1,0,103,103,0.5339805825242718,0.412,0.625,0.425531914893617,0.5339805825242718,0.412,0.625,0.425531914893617,0.0,0.0,0.0,0.0
bull_to_bear,0.25,0.98,5.0,-0.1,0,103,103,0.5339805825242718,0.412,0.625,0.425531914893617,0.5339805825242718,0.412,0.625,0.425531914893617,0.0,0.0,0.0,0.0
bull_to_neutral,0.25,0.98,10.0,,0,103,103,0.5339805825242718,0.412,0.625,0.425531914893617,0.5339805825242718,0.412,0.625,0.425531914893617,0.0,0.0,0.0,0.0
bull_to_bear,0.25,0.98,10.0,,0,103,103,0.5339805825242718,0.412,0.625,0.425531914893617,0.5339805825242718,0.412,0.625,0.425531914893617,0.0,0.0,0.0,0.0
bull_to_neutral,0.25,0.98,10.0,0.0,0,103,103,0.5339805825242718,0.412,0.625,0.425531914893617,0.5339805825242718,0.412,0.625,0.425531914893617,0.0,0.0,0.0,0.0
bull_to_bear,0.25,0.98,10.0,0.0,0,103,103,0.5339805825242718,0.412,0.625,0.425531914893617,0.5339805825242718,0.412,0.625,0.425531914893617,0.0,0.0,0.0,0.0
bull_to_neutral,0.25,0.98,10.0,-0.05,0,103,103,0.5339805825242718,0.412,0.625,0.425531914893617,0.5339805825242718,0.412,0.625,0.425531914893617,0.0,0.0,0.0,0.0
bull_to_bear,0.25,0.98,10.0,-0.05,0,103,103,0.5339805825242718,0.412,0.625,0.425531914893617,0.5339805825242718,0.412,0.625,0.425531914893617,0.0,0.0,0.0,0.0
bull_to_neutral,0.25,0.98,10.0,-0.1,0,103,103,0.5339805825242718,0.412,0.625,0.425531914893617,0.5339805825242718,0.412,0.625,0.425531914893617,0.0,0.0,0.0,0.0
bull_to_bear,0.25,0.98,10.0,-0.1,0,103,103,0.5339805825242718,0.412,0.625,0.425531914893617,0.5339805825242718,0.412,0.625,0.425531914893617,0.0,0.0,0.0,0.0
bull_to_neutral,0.25,0.98,15.0,,0,103,103,0.5339805825242718,0.412,0.625,0.425531914893617,0.5339805825242718,0.412,0.625,0.425531914893617,0.0,0.0,0.0,0.0
bull_to_bear,0.25,0.98,15.0,,0,103,103,0.5339805825242718,0.412,0.625,0.425531914893617,0.5339805825242718,0.412,0.625,0.425531914893617,0.0,0.0,0.0,0.0
bull_to_neutral,0.25,0.98,15.0,0.0,0,103,103,0.5339805825242718,0.412,0.625,0.425531914893617,0.5339805825242718,0.412,0.625,0.425531914893617,0.0,0.0,0.0,0.0
bull_to_bear,0.25,0.98,15.0,0.0,0,103,103,0.5339805825242718,0.412,0.625,0.425531914893617,0.5339805825242718,0.412,0.625,0.425531914893617,0.0,0.0,0.0,0.0
bull_to_neutral,0.25,0.98,15.0,-0.05,0,103,103,0.5339805825242718,0.412,0.625,0.425531914893617,0.5339805825242718,0.412,0.625,0.425531914893617,0.0,0.0,0.0,0.0
bull_to_bear,0.25,0.98,15.0,-0.05,0,103,103,0.5339805825242718,0.412,0.625,0.425531914893617,0.5339805825242718,0.412,0.625,0.425531914893617,0.0,0.0,0.0,0.0
bull_to_neutral,0.25,0.98,15.0,-0.1,0,103,103,0.5339805825242718,0.412,0.625,0.425531914893617,0.5339805825242718,0.412,0.625,0.425531914893617,0.0,0.0,0.0,0.0
bull_to_bear,0.25,0.98,15.0,-0.1,0,103,103,0.5339805825242718,0.412,0.625,0.425531914893617,0.5339805825242718,0.412,0.625,0.425531914893617,0.0,0.0,0.0,0.0
bull_to_neutral,0.25,0.97,,,0,103,103,0.5339805825242718,0.412,0.625,0.425531914893617,0.5339805825242718,0.412,0.625,0.425531914893617,0.0,0.0,0.0,0.0
bull_to_bear,0.25,0.97,,,0,103,103,0.5339805825242718,0.412,0.625,0.425531914893617,0.5339805825242718,0.412,0.625,0.425531914893617,0.0,0.0,0.0,0.0
bull_to_neutral,0.25,0.97,,0.0,0,103,103,0.5339805825242718,0.412,0.625,0.425531914893617,0.5339805825242718,0.412,0.625,0.425531914893617,0.0,0.0,0.0,0.0
bull_to_bear,0.25,0.97,,0.0,0,103,103,0.5339805825242718,0.412,0.625,0.425531914893617,0.5339805825242718,0.412,0.625,0.425531914893617,0.0,0.0,0.0,0.0
bull_to_neutral,0.25,0.97,,-0.05,0,103,103,0.5339805825242718,0.412,0.625,0.425531914893617,0.5339805825242718,0.412,0.625,0.425531914893617,0.0,0.0,0.0,0.0
bull_to_bear,0.25,0.97,,-0.05,0,103,103,0.5339805825242718,0.412,0.625,0.425531914893617,0.5339805825242718,0.412,0.625,0.425531914893617,0.0,0.0,0.0,0.0
bull_to_neutral,0.25,0.97,,-0.1,0,103,103,0.5339805825242718,0.412,0.625,0.425531914893617,0.5339805825242718,0.412,0.625,0.425531914893617,0.0,0.0,0.0,0.0
bull_to_bear,0.25,0.97,,-0.1,0,103,103,0.5339805825242718,0.412,0.625,0.425531914893617,0.5339805825242718,0.412,0.625,0.425531914893617,0.0,0.0,0.0,0.0
bull_to_neutral,0.25,0.97,0.0,,0,103,103,0.5339805825242718,0.412,0.625,0.425531914893617,0.5339805825242718,0.412,0.625,0.425531914893617,0.0,0.0,0.0,0.0
bull_to_bear,0.25,0.97,0.0,,0,103,103,0.5339805825242718,0.412,0.625,0.425531914893617,0.5339805825242718,0.412,0.625,0.425531914893617,0.0,0.0,0.0,0.0
bull_to_neutral,0.25,0.97,0.0,0.0,0,103,103,0.5339805825242718,0.412,0.625,0.425531914893617,0.5339805825242718,0.412,0.625,0.425531914893617,0.0,0.0,0.0,0.0
bull_to_bear,0.25,0.97,0.0,0.0,0,103,103,0.5339805825242718,0.412,0.625,0.425531914893617,0.5339805825242718,0.412,0.625,0.425531914893617,0.0,0.0,0.0,0.0
bull_to_neutral,0.25,0.97,0.0,-0.05,0,103,103,0.5339805825242718,0.412,0.625,0.425531914893617,0.5339805825242718,0.412,0.625,0.425531914893617,0.0,0.0,0.0,0.0
bull_to_bear,0.25,0.97,0.0,-0.05,0,103,103,0.5339805825242718,0.412,0.625,0.425531914893617,0.5339805825242718,0.412,0.625,0.425531914893617,0.0,0.0,0.0,0.0
bull_to_neutral,0.25,0.97,0.0,-0.1,0,103,103,0.5339805825242718,0.412,0.625,0.425531914893617,0.5339805825242718,0.412,0.625,0.425531914893617,0.0,0.0,0.0,0.0
bull_to_bear,0.25,0.97,0.0,-0.1,0,103,103,0.5339805825242718,0.412,0.625,0.425531914893617,0.5339805825242718,0.412,0.625,0.425531914893617,0.0,0.0,0.0,0.0
bull_to_neutral,0.25,0.97,5.0,,0,103,103,0.5339805825242718,0.412,0.625,0.425531914893617,0.5339805825242718,0.412,0.625,0.425531914893617,0.0,0.0,0.0,0.0
bull_to_bear,0.25,0.97,5.0,,0,103,103,0.5339805825242718,0.412,0.625,0.425531914893617,0.5339805825242718,0.412,0.625,0.425531914893617,0.0,0.0,0.0,0.0
bull_to_neutral,0.25,0.97,5.0,0.0,0,103,103,0.5339805825242718,0.412,0.625,0.425531914893617,0.5339805825242718,0.412,0.625,0.425531914893617,0.0,0.0,0.0,0.0
bull_to_bear,0.25,0.97,5.0,0.0,0,103,103,0.5339805825242718,0.412,0.625,0.425531914893617,0.5339805825242718,0.412,0.625,0.425531914893617,0.0,0.0,0.0,0.0
bull_to_neutral,0.25,0.97,5.0,-0.05,0,103,103,0.5339805825242718,0.412,0.625,0.425531914893617,0.5339805825242718,0.412,0.625,0.425531914893617,0.0,0.0,0.0,0.0
bull_to_bear,0.25,0.97,5.0,-0.05,0,103,103,0.5339805825242718,0.412,0.625,0.425531914893617,0.5339805825242718,0.412,0.625,0.425531914893617,0.0,0.0,0.0,0.0
bull_to_neutral,0.25,0.97,5.0,-0.1,0,103,103,0.5339805825242718,0.412,0.625,0.425531914893617,0.5339805825242718,0.412,0.625,0.425531914893617,0.0,0.0,0.0,0.0
bull_to_bear,0.25,0.97,5.0,-0.1,0,103,103,0.5339805825242718,0.412,0.625,0.425531914893617,0.5339805825242718,0.412,0.625,0.425531914893617,0.0,0.0,0.0,0.0
bull_to_neutral,0.25,0.97,10.0,,0,103,103,0.5339805825242718,0.412,0.625,0.425531914893617,0.5339805825242718,0.412,0.625,0.425531914893617,0.0,0.0,0.0,0.0
bull_to_bear,0.25,0.97,10.0,,0,103,103,0.5339805825242718,0.412,0.625,0.425531914893617,0.5339805825242718,0.412,0.625,0.425531914893617,0.0,0.0,0.0,0.0
bull_to_neutral,0.25,0.97,10.0,0.0,0,103,103,0.5339805825242718,0.412,0.625,0.425531914893617,0.5339805825242718,0.412,0.625,0.425531914893617,0.0,0.0,0.0,0.0
bull_to_bear,0.25,0.97,10.0,0.0,0,103,103,0.5339805825242718,0.412,0.625,0.425531914893617,0.5339805825242718,0.412,0.625,0.425531914893617,0.0,0.0,0.0,0.0
bull_to_neutral,0.25,0.97,10.0,-0.05,0,103,103,0.5339805825242718,0.412,0.625,0.425531914893617,0.5339805825242718,0.412,0.625,0.425531914893617,0.0,0.0,0.0,0.0
bull_to_bear,0.25,0.97,10.0,-0.05,0,103,103,0.5339805825242718,0.412,0.625,0.425531914893617,0.5339805825242718,0.412,0.625,0.425531914893617,0.0,0.0,0.0,0.0
bull_to_neutral,0.25,0.97,10.0,-0.1,0,103,103,0.5339805825242718,0.412,0.625,0.425531914893617,0.5339805825242718,0.412,0.625,0.425531914893617,0.0,0.0,0.0,0.0
bull_to_bear,0.25,0.97,10.0,-0.1,0,103,103,0.5339805825242718,0.412,0.625,0.425531914893617,0.5339805825242718,0.412,0.625,0.425531914893617,0.0,0.0,0.0,0.0
bull_to_neutral,0.25,0.97,15.0,,0,103,103,0.5339805825242718,0.412,0.625,0.425531914893617,0.5339805825242718,0.412,0.625,0.425531914893617,0.0,0.0,0.0,0.0
bull_to_bear,0.25,0.97,15.0,,0,103,103,0.5339805825242718,0.412,0.625,0.425531914893617,0.5339805825242718,0.412,0.625,0.425531914893617,0.0,0.0,0.0,0.0
bull_to_neutral,0.25,0.97,15.0,0.0,0,103,103,0.5339805825242718,0.412,0.625,0.425531914893617,0.5339805825242718,0.412,0.625,0.425531914893617,0.0,0.0,0.0,0.0
bull_to_bear,0.25,0.97,15.0,0.0,0,103,103,0.5339805825242718,0.412,0.625,0.425531914893617,0.5339805825242718,0.412,0.625,0.425531914893617,0.0,0.0,0.0,0.0
bull_to_neutral,0.25,0.97,15.0,-0.05,0,103,103,0.5339805825242718,0.412,0.625,0.425531914893617,0.5339805825242718,0.412,0.625,0.425531914893617,0.0,0.0,0.0,0.0
bull_to_bear,0.25,0.97,15.0,-0.05,0,103,103,0.5339805825242718,0.412,0.625,0.425531914893617,0.5339805825242718,0.412,0.625,0.425531914893617,0.0,0.0,0.0,0.0
bull_to_neutral,0.25,0.97,15.0,-0.1,0,103,103,0.5339805825242718,0.412,0.625,0.425531914893617,0.5339805825242718,0.412,0.625,0.425531914893617,0.0,0.0,0.0,0.0
bull_to_bear,0.25,0.97,15.0,-0.1,0,103,103,0.5339805825242718,0.412,0.625,0.425531914893617,0.5339805825242718,0.412,0.625,0.425531914893617,0.0,0.0,0.0,0.0
bull_to_neutral,0.25,0.95,,,0,103,103,0.5339805825242718,0.412,0.625,0.425531914893617,0.5339805825242718,0.412,0.625,0.425531914893617,0.0,0.0,0.0,0.0
bull_to_bear,0.25,0.95,,,0,103,103,0.5339805825242718,0.412,0.625,0.425531914893617,0.5339805825242718,0.412,0.625,0.425531914893617,0.0,0.0,0.0,0.0
bull_to_neutral,0.25,0.95,,0.0,0,103,103,0.5339805825242718,0.412,0.625,0.425531914893617,0.5339805825242718,0.412,0.625,0.425531914893617,0.0,0.0,0.0,0.0
bull_to_bear,0.25,0.95,,0.0,0,103,103,0.5339805825242718,0.412,0.625,0.425531914893617,0.5339805825242718,0.412,0.625,0.425531914893617,0.0,0.0,0.0,0.0
bull_to_neutral,0.25,0.95,,-0.05,0,103,103,0.5339805825242718,0.412,0.625,0.425531914893617,0.5339805825242718,0.412,0.625,0.425531914893617,0.0,0.0,0.0,0.0
bull_to_bear,0.25,0.95,,-0.05,0,103,103,0.5339805825242718,0.412,0.625,0.425531914893617,0.5339805825242718,0.412,0.625,0.425531914893617,0.0,0.0,0.0,0.0
bull_to_neutral,0.25,0.95,,-0.1,0,103,103,0.5339805825242718,0.412,0.625,0.425531914893617,0.5339805825242718,0.412,0.625,0.425531914893617,0.0,0.0,0.0,0.0
bull_to_bear,0.25,0.95,,-0.1,0,103,103,0.5339805825242718,0.412,0.625,0.425531914893617,0.5339805825242718,0.412,0.625,0.425531914893617,0.0,0.0,0.0,0.0
bull_to_neutral,0.25,0.95,0.0,,0,103,103,0.5339805825242718,0.412,0.625,0.425531914893617,0.5339805825242718,0.412,0.625,0.425531914893617,0.0,0.0,0.0,0.0
bull_to_bear,0.25,0.95,0.0,,0,103,103,0.5339805825242718,0.412,0.625,0.425531914893617,0.5339805825242718,0.412,0.625,0.425531914893617,0.0,0.0,0.0,0.0
bull_to_neutral,0.25,0.95,0.0,0.0,0,103,103,0.5339805825242718,0.412,0.625,0.425531914893617,0.5339805825242718,0.412,0.625,0.425531914893617,0.0,0.0,0.0,0.0
bull_to_bear,0.25,0.95,0.0,0.0,0,103,103,0.5339805825242718,0.412,0.625,0.425531914893617,0.5339805825242718,0.412,0.625,0.425531914893617,0.0,0.0,0.0,0.0
bull_to_neutral,0.25,0.95,0.0,-0.05,0,103,103,0.5339805825242718,0.412,0.625,0.425531914893617,0.5339805825242718,0.412,0.625,0.425531914893617,0.0,0.0,0.0,0.0
bull_to_bear,0.25,0.95,0.0,-0.05,0,103,103,0.5339805825242718,0.412,0.625,0.425531914893617,0.5339805825242718,0.412,0.625,0.425531914893617,0.0,0.0,0.0,0.0
bull_to_neutral,0.25,0.95,0.0,-0.1,0,103,103,0.5339805825242718,0.412,0.625,0.425531914893617,0.5339805825242718,0.412,0.625,0.425531914893617,0.0,0.0,0.0,0.0
bull_to_bear,0.25,0.95,0.0,-0.1,0,103,103,0.5339805825242718,0.412,0.625,0.425531914893617,0.5339805825242718,0.412,0.625,0.425531914893617,0.0,0.0,0.0,0.0
bull_to_neutral,0.25,0.95,5.0,,0,103,103,0.5339805825242718,0.412,0.625,0.425531914893617,0.5339805825242718,0.412,0.625,0.425531914893617,0.0,0.0,0.0,0.0
bull_to_bear,0.25,0.95,5.0,,0,103,103,0.5339805825242718,0.412,0.625,0.425531914893617,0.5339805825242718,0.412,0.625,0.425531914893617,0.0,0.0,0.0,0.0
bull_to_neutral,0.25,0.95,5.0,0.0,0,103,103,0.5339805825242718,0.412,0.625,0.425531914893617,0.5339805825242718,0.412,0.625,0.425531914893617,0.0,0.0,0.0,0.0
bull_to_bear,0.25,0.95,5.0,0.0,0,103,103,0.5339805825242718,0.412,0.625,0.425531914893617,0.5339805825242718,0.412,0.625,0.425531914893617,0.0,0.0,0.0,0.0
bull_to_neutral,0.25,0.95,5.0,-0.05,0,103,103,0.5339805825242718,0.412,0.625,0.425531914893617,0.5339805825242718,0.412,0.625,0.425531914893617,0.0,0.0,0.0,0.0
bull_to_bear,0.25,0.95,5.0,-0.05,0,103,103,0.5339805825242718,0.412,0.625,0.425531914893617,0.5339805825242718,0.412,0.625,0.425531914893617,0.0,0.0,0.0,0.0
bull_to_neutral,0.25,0.95,5.0,-0.1,0,103,103,0.5339805825242718,0.412,0.625,0.425531914893617,0.5339805825242718,0.412,0.625,0.425531914893617,0.0,0.0,0.0,0.0
bull_to_bear,0.25,0.95,5.0,-0.1,0,103,103,0.5339805825242718,0.412,0.625,0.425531914893617,0.5339805825242718,0.412,0.625,0.425531914893617,0.0,0.0,0.0,0.0
bull_to_neutral,0.25,0.95,10.0,,0,103,103,0.5339805825242718,0.412,0.625,0.425531914893617,0.5339805825242718,0.412,0.625,0.425531914893617,0.0,0.0,0.0,0.0
bull_to_bear,0.25,0.95,10.0,,0,103,103,0.5339805825242718,0.412,0.625,0.425531914893617,0.5339805825242718,0.412,0.625,0.425531914893617,0.0,0.0,0.0,0.0
bull_to_neutral,0.25,0.95,10.0,0.0,0,103,103,0.5339805825242718,0.412,0.625,0.425531914893617,0.5339805825242718,0.412,0.625,0.425531914893617,0.0,0.0,0.0,0.0
bull_to_bear,0.25,0.95,10.0,0.0,0,103,103,0.5339805825242718,0.412,0.625,0.425531914893617,0.5339805825242718,0.412,0.625,0.425531914893617,0.0,0.0,0.0,0.0
bull_to_neutral,0.25,0.95,10.0,-0.05,0,103,103,0.5339805825242718,0.412,0.625,0.425531914893617,0.5339805825242718,0.412,0.625,0.425531914893617,0.0,0.0,0.0,0.0
bull_to_bear,0.25,0.95,10.0,-0.05,0,103,103,0.5339805825242718,0.412,0.625,0.425531914893617,0.5339805825242718,0.412,0.625,0.425531914893617,0.0,0.0,0.0,0.0
bull_to_neutral,0.25,0.95,10.0,-0.1,0,103,103,0.5339805825242718,0.412,0.625,0.425531914893617,0.5339805825242718,0.412,0.625,0.425531914893617,0.0,0.0,0.0,0.0
bull_to_bear,0.25,0.95,10.0,-0.1,0,103,103,0.5339805825242718,0.412,0.625,0.425531914893617,0.5339805825242718,0.412,0.625,0.425531914893617,0.0,0.0,0.0,0.0
bull_to_neutral,0.25,0.95,15.0,,0,103,103,0.5339805825242718,0.412,0.625,0.425531914893617,0.5339805825242718,0.412,0.625,0.425531914893617,0.0,0.0,0.0,0.0
bull_to_bear,0.25,0.95,15.0,,0,103,103,0.5339805825242718,0.412,0.625,0.425531914893617,0.5339805825242718,0.412,0.625,0.425531914893617,0.0,0.0,0.0,0.0
bull_to_neutral,0.25,0.95,15.0,0.0,0,103,103,0.5339805825242718,0.412,0.625,0.425531914893617,0.5339805825242718,0.412,0.625,0.425531914893617,0.0,0.0,0.0,0.0
bull_to_bear,0.25,0.95,15.0,0.0,0,103,103,0.5339805825242718,0.412,0.625,0.425531914893617,0.5339805825242718,0.412,0.625,0.425531914893617,0.0,0.0,0.0,0.0
bull_to_neutral,0.25,0.95,15.0,-0.05,0,103,103,0.5339805825242718,0.412,0.625,0.425531914893617,0.5339805825242718,0.412,0.625,0.425531914893617,0.0,0.0,0.0,0.0
bull_to_bear,0.25,0.95,15.0,-0.05,0,103,103,0.5339805825242718,0.412,0.625,0.425531914893617,0.5339805825242718,0.412,0.625,0.425531914893617,0.0,0.0,0.0,0.0
bull_to_neutral,0.25,0.95,15.0,-0.1,0,103,103,0.5339805825242718,0.412,0.625,0.425531914893617,0.5339805825242718,0.412,0.625,0.425531914893617,0.0,0.0,0.0,0.0
bull_to_bear,0.25,0.95,15.0,-0.1,0,103,103,0.5339805825242718,0.412,0.625,0.425531914893617,0.5339805825242718,0.412,0.625,0.425531914893617,0.0,0.0,0.0,0.0
bull_to_neutral,0.25,0.93,,,0,103,103,0.5339805825242718,0.412,0.625,0.425531914893617,0.5339805825242718,0.412,0.625,0.425531914893617,0.0,0.0,0.0,0.0
bull_to_bear,0.25,0.93,,,0,103,103,0.5339805825242718,0.412,0.625,0.425531914893617,0.5339805825242718,0.412,0.625,0.425531914893617,0.0,0.0,0.0,0.0
bull_to_neutral,0.25,0.93,,0.0,0,103,103,0.5339805825242718,0.412,0.625,0.425531914893617,0.5339805825242718,0.412,0.625,0.425531914893617,0.0,0.0,0.0,0.0
bull_to_bear,0.25,0.93,,0.0,0,103,103,0.5339805825242718,0.412,0.625,0.425531914893617,0.5339805825242718,0.412,0.625,0.425531914893617,0.0,0.0,0.0,0.0
bull_to_neutral,0.25,0.93,,-0.05,0,103,103,0.5339805825242718,0.412,0.625,0.425531914893617,0.5339805825242718,0.412,0.625,0.425531914893617,0.0,0.0,0.0,0.0
bull_to_bear,0.25,0.93,,-0.05,0,103,103,0.5339805825242718,0.412,0.625,0.425531914893617,0.5339805825242718,0.412,0.625,0.425531914893617,0.0,0.0,0.0,0.0
bull_to_neutral,0.25,0.93,,-0.1,0,103,103,0.5339805825242718,0.412,0.625,0.425531914893617,0.5339805825242718,0.412,0.625,0.425531914893617,0.0,0.0,0.0,0.0
bull_to_bear,0.25,0.93,,-0.1,0,103,103,0.5339805825242718,0.412,0.625,0.425531914893617,0.5339805825242718,0.412,0.625,0.425531914893617,0.0,0.0,0.0,0.0
bull_to_neutral,0.25,0.93,0.0,,0,103,103,0.5339805825242718,0.412,0.625,0.425531914893617,0.5339805825242718,0.412,0.625,0.425531914893617,0.0,0.0,0.0,0.0
bull_to_bear,0.25,0.93,0.0,,0,103,103,0.5339805825242718,0.412,0.625,0.425531914893617,0.5339805825242718,0.412,0.625,0.425531914893617,0.0,0.0,0.0,0.0
bull_to_neutral,0.25,0.93,0.0,0.0,0,103,103,0.5339805825242718,0.412,0.625,0.425531914893617,0.5339805825242718,0.412,0.625,0.425531914893617,0.0,0.0,0.0,0.0
bull_to_bear,0.25,0.93,0.0,0.0,0,103,103,0.5339805825242718,0.412,0.625,0.425531914893617,0.5339805825242718,0.412,0.625,0.425531914893617,0.0,0.0,0.0,0.0
bull_to_neutral,0.25,0.93,0.0,-0.05,0,103,103,0.5339805825242718,0.412,0.625,0.425531914893617,0.5339805825242718,0.412,0.625,0.425531914893617,0.0,0.0,0.0,0.0
bull_to_bear,0.25,0.93,0.0,-0.05,0,103,103,0.5339805825242718,0.412,0.625,0.425531914893617,0.5339805825242718,0.412,0.625,0.425531914893617,0.0,0.0,0.0,0.0
bull_to_neutral,0.25,0.93,0.0,-0.1,0,103,103,0.5339805825242718,0.412,0.625,0.425531914893617,0.5339805825242718,0.412,0.625,0.425531914893617,0.0,0.0,0.0,0.0
bull_to_bear,0.25,0.93,0.0,-0.1,0,103,103,0.5339805825242718,0.412,0.625,0.425531914893617,0.5339805825242718,0.412,0.625,0.425531914893617,0.0,0.0,0.0,0.0
bull_to_neutral,0.25,0.93,5.0,,0,103,103,0.5339805825242718,0.412,0.625,0.425531914893617,0.5339805825242718,0.412,0.625,0.425531914893617,0.0,0.0,0.0,0.0
bull_to_bear,0.25,0.93,5.0,,0,103,103,0.5339805825242718,0.412,0.625,0.425531914893617,0.5339805825242718,0.412,0.625,0.425531914893617,0.0,0.0,0.0,0.0
bull_to_neutral,0.25,0.93,5.0,0.0,0,103,103,0.5339805825242718,0.412,0.625,0.425531914893617,0.5339805825242718,0.412,0.625,0.425531914893617,0.0,0.0,0.0,0.0
bull_to_bear,0.25,0.93,5.0,0.0,0,103,103,0.5339805825242718,0.412,0.625,0.425531914893617,0.5339805825242718,0.412,0.625,0.425531914893617,0.0,0.0,0.0,0.0
bull_to_neutral,0.25,0.93,5.0,-0.05,0,103,103,0.5339805825242718,0.412,0.625,0.425531914893617,0.5339805825242718,0.412,0.625,0.425531914893617,0.0,0.0,0.0,0.0
bull_to_bear,0.25,0.93,5.0,-0.05,0,103,103,0.5339805825242718,0.412,0.625,0.425531914893617,0.5339805825242718,0.412,0.625,0.425531914893617,0.0,0.0,0.0,0.0
bull_to_neutral,0.25,0.93,5.0,-0.1,0,103,103,0.5339805825242718,0.412,0.625,0.425531914893617,0.5339805825242718,0.412,0.625,0.425531914893617,0.0,0.0,0.0,0.0
bull_to_bear,0.25,0.93,5.0,-0.1,0,103,103,0.5339805825242718,0.412,0.625,0.425531914893617,0.5339805825242718,0.412,0.625,0.425531914893617,0.0,0.0,0.0,0.0
bull_to_neutral,0.25,0.93,10.0,,0,103,103,0.5339805825242718,0.412,0.625,0.425531914893617,0.5339805825242718,0.412,0.625,0.425531914893617,0.0,0.0,0.0,0.0
bull_to_bear,0.25,0.93,10.0,,0,103,103,0.5339805825242718,0.412,0.625,0.425531914893617,0.5339805825242718,0.412,0.625,0.425531914893617,0.0,0.0,0.0,0.0
bull_to_neutral,0.25,0.93,10.0,0.0,0,103,103,0.5339805825242718,0.412,0.625,0.425531914893617,0.5339805825242718,0.412,0.625,0.425531914893617,0.0,0.0,0.0,0.0
bull_to_bear,0.25,0.93,10.0,0.0,0,103,103,0.5339805825242718,0.412,0.625,0.425531914893617,0.5339805825242718,0.412,0.625,0.425531914893617,0.0,0.0,0.0,0.0
bull_to_neutral,0.25,0.93,10.0,-0.05,0,103,103,0.5339805825242718,0.412,0.625,0.425531914893617,0.5339805825242718,0.412,0.625,0.425531914893617,0.0,0.0,0.0,0.0
bull_to_bear,0.25,0.93,10.0,-0.05,0,103,103,0.5339805825242718,0.412,0.625,0.425531914893617,0.5339805825242718,0.412,0.625,0.425531914893617,0.0,0.0,0.0,0.0
bull_to_neutral,0.25,0.93,10.0,-0.1,0,103,103,0.5339805825242718,0.412,0.625,0.425531914893617,0.5339805825242718,0.412,0.625,0.425531914893617,0.0,0.0,0.0,0.0
bull_to_bear,0.25,0.93,10.0,-0.1,0,103,103,0.5339805825242718,0.412,0.625,0.425531914893617,0.5339805825242718,0.412,0.625,0.425531914893617,0.0,0.0,0.0,0.0
bull_to_neutral,0.25,0.93,15.0,,0,103,103,0.5339805825242718,0.412,0.625,0.425531914893617,0.5339805825242718,0.412,0.625,0.425531914893617,0.0,0.0,0.0,0.0
bull_to_bear,0.25,0.93,15.0,,0,103,103,0.5339805825242718,0.412,0.625,0.425531914893617,0.5339805825242718,0.412,0.625,0.425531914893617,0.0,0.0,0.0,0.0
bull_to_neutral,0.25,0.93,15.0,0.0,0,103,103,0.5339805825242718,0.412,0.625,0.425531914893617,0.5339805825242718,0.412,0.625,0.425531914893617,0.0,0.0,0.0,0.0
bull_to_bear,0.25,0.93,15.0,0.0,0,103,103,0.5339805825242718,0.412,0.625,0.425531914893617,0.5339805825242718,0.412,0.625,0.425531914893617,0.0,0.0,0.0,0.0
bull_to_neutral,0.25,0.93,15.0,-0.05,0,103,103,0.5339805825242718,0.412,0.625,0.425531914893617,0.5339805825242718,0.412,0.625,0.425531914893617,0.0,0.0,0.0,0.0
bull_to_bear,0.25,0.93,15.0,-0.05,0,103,103,0.5339805825242718,0.412,0.625,0.425531914893617,0.5339805825242718,0.412,0.625,0.425531914893617,0.0,0.0,0.0,0.0
bull_to_neutral,0.25,0.93,15.0,-0.1,0,103,103,0.5339805825242718,0.412,0.625,0.425531914893617,0.5339805825242718,0.412,0.625,0.425531914893617,0.0,0.0,0.0,0.0
bull_to_bear,0.25,0.93,15.0,-0.1,0,103,103,0.5339805825242718,0.412,0.625,0.425531914893617,0.5339805825242718,0.412,0.625,0.425531914893617,0.0,0.0,0.0,0.0
bull_to_neutral,0.25,0.9,,,0,103,103,0.5339805825242718,0.412,0.625,0.425531914893617,0.5339805825242718,0.412,0.625,0.425531914893617,0.0,0.0,0.0,0.0
bull_to_bear,0.25,0.9,,,0,103,103,0.5339805825242718,0.412,0.625,0.425531914893617,0.5339805825242718,0.412,0.625,0.425531914893617,0.0,0.0,0.0,0.0
bull_to_neutral,0.25,0.9,,0.0,0,103,103,0.5339805825242718,0.412,0.625,0.425531914893617,0.5339805825242718,0.412,0.625,0.425531914893617,0.0,0.0,0.0,0.0
bull_to_bear,0.25,0.9,,0.0,0,103,103,0.5339805825242718,0.412,0.625,0.425531914893617,0.5339805825242718,0.412,0.625,0.425531914893617,0.0,0.0,0.0,0.0
bull_to_neutral,0.25,0.9,,-0.05,0,103,103,0.5339805825242718,0.412,0.625,0.425531914893617,0.5339805825242718,0.412,0.625,0.425531914893617,0.0,0.0,0.0,0.0
bull_to_bear,0.25,0.9,,-0.05,0,103,103,0.5339805825242718,0.412,0.625,0.425531914893617,0.5339805825242718,0.412,0.625,0.425531914893617,0.0,0.0,0.0,0.0
bull_to_neutral,0.25,0.9,,-0.1,0,103,103,0.5339805825242718,0.412,0.625,0.425531914893617,0.5339805825242718,0.412,0.625,0.425531914893617,0.0,0.0,0.0,0.0
bull_to_bear,0.25,0.9,,-0.1,0,103,103,0.5339805825242718,0.412,0.625,0.425531914893617,0.5339805825242718,0.412,0.625,0.425531914893617,0.0,0.0,0.0,0.0
bull_to_neutral,0.25,0.9,0.0,,0,103,103,0.5339805825242718,0.412,0.625,0.425531914893617,0.5339805825242718,0.412,0.625,0.425531914893617,0.0,0.0,0.0,0.0
bull_to_bear,0.25,0.9,0.0,,0,103,103,0.5339805825242718,0.412,0.625,0.425531914893617,0.5339805825242718,0.412,0.625,0.425531914893617,0.0,0.0,0.0,0.0
bull_to_neutral,0.25,0.9,0.0,0.0,0,103,103,0.5339805825242718,0.412,0.625,0.425531914893617,0.5339805825242718,0.412,0.625,0.425531914893617,0.0,0.0,0.0,0.0
bull_to_bear,0.25,0.9,0.0,0.0,0,103,103,0.5339805825242718,0.412,0.625,0.425531914893617,0.5339805825242718,0.412,0.625,0.425531914893617,0.0,0.0,0.0,0.0
bull_to_neutral,0.25,0.9,0.0,-0.05,0,103,103,0.5339805825242718,0.412,0.625,0.425531914893617,0.5339805825242718,0.412,0.625,0.425531914893617,0.0,0.0,0.0,0.0
bull_to_bear,0.25,0.9,0.0,-0.05,0,103,103,0.5339805825242718,0.412,0.625,0.425531914893617,0.5339805825242718,0.412,0.625,0.425531914893617,0.0,0.0,0.0,0.0
bull_to_neutral,0.25,0.9,0.0,-0.1,0,103,103,0.5339805825242718,0.412,0.625,0.425531914893617,0.5339805825242718,0.412,0.625,0.425531914893617,0.0,0.0,0.0,0.0
bull_to_bear,0.25,0.9,0.0,-0.1,0,103,103,0.5339805825242718,0.412,0.625,0.425531914893617,0.5339805825242718,0.412,0.625,0.425531914893617,0.0,0.0,0.0,0.0
bull_to_neutral,0.25,0.9,5.0,,0,103,103,0.5339805825242718,0.412,0.625,0.425531914893617,0.5339805825242718,0.412,0.625,0.425531914893617,0.0,0.0,0.0,0.0
bull_to_bear,0.25,0.9,5.0,,0,103,103,0.5339805825242718,0.412,0.625,0.425531914893617,0.5339805825242718,0.412,0.625,0.425531914893617,0.0,0.0,0.0,0.0
bull_to_neutral,0.25,0.9,5.0,0.0,0,103,103,0.5339805825242718,0.412,0.625,0.425531914893617,0.5339805825242718,0.412,0.625,0.425531914893617,0.0,0.0,0.0,0.0
bull_to_bear,0.25,0.9,5.0,0.0,0,103,103,0.5339805825242718,0.412,0.625,0.425531914893617,0.5339805825242718,0.412,0.625,0.425531914893617,0.0,0.0,0.0,0.0
bull_to_neutral,0.25,0.9,5.0,-0.05,0,103,103,0.5339805825242718,0.412,0.625,0.425531914893617,0.5339805825242718,0.412,0.625,0.425531914893617,0.0,0.0,0.0,0.0
bull_to_bear,0.25,0.9,5.0,-0.05,0,103,103,0.5339805825242718,0.412,0.625,0.425531914893617,0.5339805825242718,0.412,0.625,0.425531914893617,0.0,0.0,0.0,0.0
bull_to_neutral,0.25,0.9,5.0,-0.1,0,103,103,0.5339805825242718,0.412,0.625,0.425531914893617,0.5339805825242718,0.412,0.625,0.425531914893617,0.0,0.0,0.0,0.0
bull_to_bear,0.25,0.9,5.0,-0.1,0,103,103,0.5339805825242718,0.412,0.625,0.425531914893617,0.5339805825242718,0.412,0.625,0.425531914893617,0.0,0.0,0.0,0.0
bull_to_neutral,0.25,0.9,10.0,,0,103,103,0.5339805825242718,0.412,0.625,0.425531914893617,0.5339805825242718,0.412,0.625,0.425531914893617,0.0,0.0,0.0,0.0
bull_to_bear,0.25,0.9,10.0,,0,103,103,0.5339805825242718,0.412,0.625,0.425531914893617,0.5339805825242718,0.412,0.625,0.425531914893617,0.0,0.0,0.0,0.0
bull_to_neutral,0.25,0.9,10.0,0.0,0,103,103,0.5339805825242718,0.412,0.625,0.425531914893617,0.5339805825242718,0.412,0.625,0.425531914893617,0.0,0.0,0.0,0.0
bull_to_bear,0.25,0.9,10.0,0.0,0,103,103,0.5339805825242718,0.412,0.625,0.425531914893617,0.5339805825242718,0.412,0.625,0.425531914893617,0.0,0.0,0.0,0.0
bull_to_neutral,0.25,0.9,10.0,-0.05,0,103,103,0.5339805825242718,0.412,0.625,0.425531914893617,0.5339805825242718,0.412,0.625,0.425531914893617,0.0,0.0,0.0,0.0
bull_to_bear,0.25,0.9,10.0,-0.05,0,103,103,0.5339805825242718,0.412,0.625,0.425531914893617,0.5339805825242718,0.412,0.625,0.425531914893617,0.0,0.0,0.0,0.0
bull_to_neutral,0.25,0.9,10.0,-0.1,0,103,103,0.5339805825242718,0.412,0.625,0.425531914893617,0.5339805825242718,0.412,0.625,0.425531914893617,0.0,0.0,0.0,0.0
bull_to_bear,0.25,0.9,10.0,-0.1,0,103,103,0.5339805825242718,0.412,0.625,0.425531914893617,0.5339805825242718,0.412,0.625,0.425531914893617,0.0,0.0,0.0,0.0
bull_to_neutral,0.25,0.9,15.0,,0,103,103,0.5339805825242718,0.412,0.625,0.425531914893617,0.5339805825242718,0.412,0.625,0.425531914893617,0.0,0.0,0.0,0.0
bull_to_bear,0.25,0.9,15.0,,0,103,103,0.5339805825242718,0.412,0.625,0.425531914893617,0.5339805825242718,0.412,0.625,0.425531914893617,0.0,0.0,0.0,0.0
bull_to_neutral,0.25,0.9,15.0,0.0,0,103,103,0.5339805825242718,0.412,0.625,0.425531914893617,0.5339805825242718,0.412,0.625,0.425531914893617,0.0,0.0,0.0,0.0
bull_to_bear,0.25,0.9,15.0,0.0,0,103,103,0.5339805825242718,0.412,0.625,0.425531914893617,0.5339805825242718,0.412,0.625,0.425531914893617,0.0,0.0,0.0,0.0
bull_to_neutral,0.25,0.9,15.0,-0.05,0,103,103,0.5339805825242718,0.412,0.625,0.425531914893617,0.5339805825242718,0.412,0.625,0.425531914893617,0.0,0.0,0.0,0.0
bull_to_bear,0.25,0.9,15.0,-0.05,0,103,103,0.5339805825242718,0.412,0.625,0.425531914893617,0.5339805825242718,0.412,0.625,0.425531914893617,0.0,0.0,0.0,0.0
bull_to_neutral,0.25,0.9,15.0,-0.1,0,103,103,0.5339805825242718,0.412,0.625,0.425531914893617,0.5339805825242718,0.412,0.625,0.425531914893617,0.0,0.0,0.0,0.0
bull_to_bear,0.25,0.9,15.0,-0.1,0,103,103,0.5339805825242718,0.412,0.625,0.425531914893617,0.5339805825242718,0.412,0.625,0.425531914893617,0.0,0.0,0.0,0.0
