model_id,epoch,next_epoch,timestamp,prediction,confidence,score,reason,truth,start_price,end_price,price_difference,round_current_timestamp,round_next_epoch_time,correct,directional_called,directional_correct,bull_called,bear_called,neutral_called,bull_called_bear_truth,bear_called_bull_truth,neutral_called_bull_truth,neutral_called_bear_truth,bull_called_neutral_truth,bear_called_neutral_truth,regime,run_direction,g8,g23,g38,g53,g68,g83,slope_g8,slope_g23,slope_g38,slope_g53,slope_g68,slope_g83,fan_width,fan_width_velocity,fan_width_acceleration,fan_order_score,g83_curvature,alignment,compression_velocity,flip_score,slope_sum,slope_magnitude,ratio_8_23_to_23_53,s23,s53,fan_width_raw,alignment_raw,compression_velocity_raw,flip_score_raw,slope_sign_s23,slope_sign_s53,slope_disagreement,slope_gap,abs_slope_sum,abs_compression_velocity,abs_flip_score,fan_to_slope_ratio,collapse_flag,weak_bull_exhaustion_flag,weak_bear_exhaustion_flag,possible_flip_zone,possible_run_zone,possible_transition_zone,fan_energy_total,fan_energy_ratio,fan_energy_velocity,fan_energy_acceleration,fan_sign_conflict,fan_energy_instability,hinge_gap,hinge_velocity,hinge_conflict,hinge_torsion,snap_divergence,snap_velocity,snap_score,phase_alignment,phase_strength,phase_velocity,fan_phase_score,phase_disagreement,hinge_torsion_spike,transition_score_base,fan_polarity_inversion,fan_polarity_normal,outer_fan_width,outer_fan_width_prev,outer_order_signature,slow_retention,gaussian_wave,wave_strength,fan_velocity_sign_t0,fan_velocity_sign_t1,fan_velocity_sign_t2,fan_velocity_pattern_3,fan_velocity_oscillation,fan_velocity_oscillation_strength,fan_collapse_v2,fan_collapse_v2_strict,compression_trap,compression_trap_strict,epoch_start_price,epoch_end_price,epoch_price_diff,epoch_return,epoch_volatility,price_diff_t0,price_diff_t1,price_diff_t2,momentum_3epoch,price_diff_3epoch_abs_sum,price_diff_sign_pattern,direction_flip,price_diff_decay_ratio,price_diff_vol_squeeze,fan_energy_t0,fan_energy_t1,fan_energy_t2,fan_energy_t3,fan_energy_release_signal,fan_energy_cycle_stage,inertia_wall_score,reversal_pressure,tail_anchor_type,extrema_pair,v2_2_rule,directional_error_type,truth_direction_group,prediction_direction_group
trend_method_v2_1,320760,320761,2026-03-09T22:14:47.089126,Bull,1.0,0.8600782413795969,regime=RUN|slope_sum=0.860078|v2_1_override=none,Bear,69170.45,69144.92,-25.53,03/09/2026  10:10:15 PM,03/09/2026  10:15:01 PM,False,True,False,True,False,False,True,False,False,False,False,False,RUN,Bull,69231.29944597775,69216.42294541956,69203.07292748151,69194.24877338042,69187.41367964857,69182.25835601237,0.1555863843896077,0.5806280127162609,0.37788916032332054,0.279450228663336,0.22155858652513416,0.16993889945479168,-49.0410899653798,,,1.0,,1.0,9.258734504473978,0.11023262651010773,0.8600782413795969,0.8600782413795969,-0.6708931693712505,0.5806280127162609,0.279450228663336,49.0410899653798,1.0,9.258734504473978,0.11023262651010773,1,1,False,0.30117778405292484,0.8600782413795969,9.258734504473978,0.11023262651010773,57.01933569057171,False,False,False,False,False,False,1.785051272072451,1.660492364925261,,,False,,13.35001793804986,,False,0.21151300998606973,0.6277804807195935,,0.5634848542878783,1.0,1.785051272072451,,1.0,0,0,0,0,1,11.990417368040653,,53>68>83,0.6709477146432619,,,0,0,0,000,0,0.0,0,0,0,0,69170.45,69144.92,-25.53,-0.00036908824505262007,25.53,-25.53,,,-25.53,25.53,00-,1,25530000000.0,0,1.785051272072451,,,,0,other,3.2977103793653786,,,,,bull_called_bear_truth,Bear,Bull
trend_method_v2_1,320761,320762,2026-03-09T22:19:48.119197,Bear,1.0,-0.3405815470032394,regime=RUN|slope_sum=-0.340582|v2_1_override=none,Bull,69144.92,69227.26,82.34,03/09/2026  10:15:18 PM,03/09/2026  10:20:02 PM,False,True,False,False,True,False,False,True,False,False,False,False,RUN,Bear,69178.65525025681,69183.11879672864,69189.69728258549,69195.52056031993,69199.04401210777,69200.23448027088,-0.3047661241125752,-0.17031185728228593,-0.21300526619597804,-0.17026968972095347,-0.1056057371897623,-0.04588958595923032,21.57923001407471,70.62031997945451,,1.0,,1.0,4.835977607901441,0.07739991261235746,-0.3405815470032394,0.3405815470032394,0.3599122365633058,-0.17031185728228593,-0.17026968972095347,21.57923001407471,1.0,4.835977607901441,0.07739991261235746,-1,-1,False,4.2167561332462355e-05,0.3405815470032394,4.835977607901441,0.07739991261235746,63.35995066071346,False,False,False,False,False,False,1.0098482604607852,2.138465091196708,-0.7752030116116657,,False,,-6.57848585685133,-19.92850379490119,False,0.11137882003884192,0.17714767574398138,-0.4506328049756121,0.25745093542710434,1.0,1.0098482604607852,0.0,0.5657250725848046,0,0,1,1,0,4.7139199509547325,11.990417368040653,83>68>53,0.3217650128699461,,,1,0,0,00+,0,70.62031997945451,0,0,0,0,69144.92,69227.26,82.34,0.001190832240459603,82.34,82.34,-25.53,,56.81,107.87,0-+,1,82340000000.0,0,1.0098482604607852,1.785051272072451,,,0,other,1.3238928158924879,19.477870989925577,,,,bear_called_bull_truth,Bull,Bear
trend_method_v2_1,320764,320765,2026-03-09T22:34:52.146492,Bear,1.0,2.520802141934837,regime=RUN|slope_sum=2.520802|v2_1_override=bull_run_instability,Bull,69182.46,69381.43,198.97,03/09/2026  10:30:21 PM,03/09/2026  10:35:06 PM,False,True,False,False,True,False,False,True,False,False,False,False,RUN,Bull,69957.0982028794,69910.40458523143,69879.01333631702,69837.26795789685,69786.29229849715,69733.54775465341,3.7544373647106113,1.1176076922656648,1.1260844644657482,1.4031944496691722,1.582995491418842,1.6005439389973617,-223.55044822598575,-99.04278018874174,54.589055440577795,1.0,443.93962468981044,1.0,31.72688089570147,0.3304053993489582,2.520802141934837,2.520802141934837,-0.6384436820379688,1.1176076922656648,1.4031944496691722,223.55044822598575,1.0,31.72688089570147,0.3304053993489582,1,1,False,0.28558675740350736,2.520802141934837,31.72688089570147,0.3304053993489582,88.68226684955131,False,False,False,False,False,False,10.5848634015274,1.3077125637230946,4.532563044707786,-0.03011218183200981,False,0.23570184265589414,31.391248914413154,-0.5193108238745481,False,0.003778046009855573,2.64530644464503,1.323939317062468,0.44102189444036305,1.0,10.5848634015274,0.0,1.0,0,0,0,0,1,103.7202032434434,24.24648953297583,53>68>83,4.586733880085376,0,260.2195533960621,-1,-1,1,+--,0,260.2195533960621,0,0,0,0,69182.46,69381.43,198.97,0.002876017996469047,198.97,198.97,-43.61,-1.19,154.17000000000002,243.76999999999998,--+,1,167.2016806722689,0,10.5848634015274,6.0523003568196145,1.4896251302798191,1.0098482604607852,0,build,27.765311069796475,-52.74580529964078,,,,bear_called_bull_truth,Bull,Bear
trend_method_v2_1,320778,320779,2026-03-09T23:45:08.078842,Bear,1.0,-2.018393175840174,regime=RUN|slope_sum=-2.018393|v2_1_override=none,Bull,70043.59,70073.01,29.42,03/09/2026  11:40:37 PM,03/09/2026  11:45:22 PM,False,True,False,False,True,False,False,True,False,False,False,False,RUN,Bear,69863.93003978182,69899.1789358062,69932.64945054517,69958.49337493656,69976.83433775044,69989.997218742,-1.9853308342517266,-1.2320358628021495,-1.0279427110108372,-0.7863573130380246,-0.586919011469945,-0.44828012337166,126.06717896019109,114.69784820728819,108.9306489956216,1.0,-34.387787133746315,1.0,24.559051315227407,0.29265377969866324,-2.018393175840174,2.018393175840174,0.5942717581179956,-1.2320358628021495,-0.7863573130380246,126.06717896019109,1.0,24.559051315227407,0.29265377969866324,-1,-1,False,0.4456785497641249,2.018393175840174,24.559051315227407,0.29265377969866324,62.459178156760515,False,False,False,False,False,False,6.066865855944343,2.330594483089688,5.062050990420175,5.115414685826181,False,0.2799013203105613,-33.47051473897591,-30.327096698441892,False,0.09030756050353643,0.9573881232408894,0.3312379669769143,0.22551668941306421,1.0,6.066865855944343,0.16666666666666663,0.5731643031943985,0,0,1,1,0,31.503843805447104,6.64303650916554,83>68>53,1.8215564478796296,0,159.5780067472806,1,1,-1,-++,0,159.5780067472806,0,0,0,0,70043.59,70073.01,29.42,0.00042002415924140957,29.42,29.42,-76.12,-49.87,-96.57000000000001,155.41000000000003,--+,1,0.589933827952677,0,6.066865855944343,1.0048148655241675,1.0581785609301733,1.9418902054621867,1,release,8.618129664589159,-78.27231433020279,,,,bear_called_bull_truth,Bull,Bear
trend_method_v2_1,320801,320802,2026-03-10T01:40:44.138771,Bear,1.0,-0.8624116344017239,regime=RUN|slope_sum=-0.862412|v2_1_override=none,Bull,70083.17,70094.01,10.84,03/10/2026  01:36:11 AM,03/10/2026  01:40:58 AM,False,True,False,False,True,False,False,True,False,False,False,False,RUN,Bear,69934.9456337576,69954.80153957331,69964.58620329267,69975.93935663978,69988.82533854908,70000.74450226028,-1.0835673838519142,-0.47828454985210556,-0.3305013337958371,-0.3841270845496183,-0.3973473651931272,-0.3648180784621218,65.7988685026794,72.12525531474967,90.46588402583438,1.0,-108.68145114640356,1.0,18.86048506820225,0.056938083598340294,-0.8624116344017239,0.8624116344017239,0.9393546056499036,-0.47828454985210556,-0.3841270845496183,65.7988685026794,1.0,18.86048506820225,0.056938083598340294,-1,-1,False,0.09415746530248725,0.8624116344017239,18.86048506820225,0.056938083598340294,76.29635997237641,False,False,False,False,False,False,3.038645795704724,1.6508467262395454,2.471156344139672,4.019420985658144,False,0.24910481770198972,-9.784663719357923,-9.213083910421119,False,0.18272229899674802,0.7530660500560771,0.4518533774971729,0.397952149310374,1.0,3.038645795704724,0.5,0.2870746348286598,0,0,1,1,0,24.80514562049939,6.481342949191458,83>68>53,1.1462925282048673,0,110.19811783159093,1,-1,-1,--+,0,110.19811783159093,0,0,0,0,70083.17,70094.01,10.84,0.00015467336879881432,10.84,10.84,-48.29,-44.55,-82.0,103.68,--+,1,0.24332210998877668,0,3.038645795704724,0.5674894515650521,2.115754093083524,1.2761924754559004,0,other,6.687211761256306,-80.80094673791609,,,,bear_called_bull_truth,Bull,Bear
trend_method_v2_1,320812,320813,2026-03-10T02:36:01.442297,Bear,1.0,-0.404101383734087,regime=RUN|slope_sum=-0.404101|v2_1_override=none,Bull,69973.2,70160.35,187.15,03/10/2026  02:31:30 AM,03/10/2026  02:36:15 AM,False,True,False,False,True,False,False,True,False,False,False,False,RUN,Bear,70016.37350593034,70024.29810722188,70029.48208450107,70039.75866716787,70050.4299464795,70058.51440302274,-0.9438519234190608,-0.07830025885596115,-0.2414911687701533,-0.32580112487812585,-0.31518543279707956,-0.24072995220740268,42.14089709239488,73.58065025665564,-27.64494769887824,1.0,-263.4849438610836,1.0,-2.5117906441009836,0.05606485611462543,-0.404101383734087,0.404101383734087,0.5125688408900047,-0.07830025885596115,-0.32580112487812585,42.14089709239488,1.0,-2.5117906441009836,0.05606485611462543,-1,-1,False,0.2475008660221647,0.404101383734087,2.5117906441009836,0.05606485611462543,104.28298142162532,False,False,False,False,False,False,2.1453598609277833,1.433162855500366,-0.9667425136285601,1.4921422409061051,False,0.23560492093828947,-5.183977279186365,-1.4304632465355098,False,0.5103042039794373,1.0287425744772918,0.11001058516740159,0.8141083270262973,1.0,2.1453598609277833,0.33333333333333337,0.2026818655607976,0,0,1,1,0,18.755735854865634,44.67719899842632,83>68>53,0.8817165098826081,0,343.36075777017686,1,1,-1,-++,0,343.36075777017686,0,0,0,0,69973.2,70160.35,187.15,0.0026745954165309006,187.15,187.15,201.13,-101.93,286.35,490.21000000000004,-++,0,1.8360639654664965,0,2.1453598609277833,3.1121023745563434,5.570987129091009,1.7768395835173578,0,decay,5.118166198266367,29.185421530581152,,,,bear_called_bull_truth,Bull,Bear
trend_method_v2_1,320814,320815,2026-03-10T02:46:04.119901,Bear,1.0,-1.0747459654630802,regime=RUN|slope_sum=-1.074746|v2_1_override=none,Bull,69995.05,70053.09,58.04,03/10/2026  02:41:32 AM,03/10/2026  02:46:18 AM,False,True,False,False,True,False,False,True,False,False,False,False,RUN,Bear,69916.89658082815,69940.12073103512,69956.15475005413,69970.08130145758,69980.74738238753,69988.0139078399,-0.9064067136441736,-0.6431827359756426,-0.5129709603079391,-0.43156322948743764,-0.33255817939971166,-0.24290353636934015,71.11732701174333,83.480454414821,137.98447891029355,1.0,11.230256044567795,1.0,26.19764397999097,0.1072314211258864,-1.0747459654630802,1.0747459654630802,0.7751571441635821,-0.6431827359756426,-0.43156322948743764,71.11732701174333,1.0,26.19764397999097,0.1072314211258864,-1,-1,False,0.21161950648820493,1.0747459654630802,26.19764397999097,0.1072314211258864,66.17129005094773,False,False,False,False,False,False,3.0695853551842447,2.0481721129583543,1.525503761411528,2.126782028566595,False,0.26877381421491114,-16.03401901901816,-23.520646525998018,False,0.11262497026672577,0.3934357533362345,-0.7535417024610069,0.19075114185383557,1.0,3.0695853551842447,0.16666666666666663,0.289997635183587,0,0,1,1,0,17.93260638231004,4.193676772163599,83>68>53,1.0070249452564894,1,211.5651291669492,1,-1,1,+-+,1,211.5651291669492,0,0,0,0,69995.05,70053.09,58.04,0.0008292014935341856,58.04,58.04,-165.3,187.15,79.88999999999999,410.49000000000007,+-+,1,0.31012556772642264,1,3.0695853551842447,1.5440815937727166,2.1453598609277833,3.1121023745563434,1,release,4.902855319220115,-115.21737408675654,,,,bear_called_bull_truth,Bull,Bear
trend_method_v2_1,320815,320816,2026-03-10T02:51:06.069382,Bull,1.0,0.9520123465918005,regime=RUN|slope_sum=0.952012|v2_1_override=none,Bear,70053.09,69925.53,-127.56,03/10/2026  02:46:34 AM,03/10/2026  02:51:20 AM,False,True,False,True,False,False,True,False,False,False,False,False,RUN,Bull,70016.95019049228,69993.99245699024,69980.69814751977,69974.51806246946,69970.86738462126,69969.65565019604,0.2650449588527408,0.7479567997106642,0.33936143373102823,0.20405554688113625,0.12357592843909515,0.05319678015985119,-47.29454029623594,-118.41186730797926,-201.89232172280026,1.0,11.276861925289268,1.0,22.347179078424233,0.06327703966013534,0.9520123465918005,0.9520123465918005,-1.178867639575422,0.7479567997106642,0.20405554688113625,47.29454029623594,1.0,22.347179078424233,0.06327703966013534,1,1,False,0.543901252829528,0.9520123465918005,22.347179078424233,0.06327703966013534,49.67849468082022,False,False,False,False,False,False,1.7331914477745158,3.551110435830469,-1.3363939074097289,-2.861897668821257,False,0.6121093619590425,13.294309470467851,29.32832848948601,False,0.37578268570582835,0.8915072068375594,0.49807145350132487,0.6592217326804193,1.0,1.7331914477745158,0.0,0.16374244825156795,0,0,0,0,1,4.862412273418158,17.93260638231004,53>68>83,0.3808282554800826,0,256.3963462182728,-1,1,-1,-+-,1,256.3963462182728,0,0,1,1,70053.09,69925.53,-127.56,-0.0018209046881443776,127.56,-127.56,58.04,-165.3,-234.82000000000002,350.9,-+-,1,0.7716878402903811,0,1.7331914477745158,3.0695853551842447,1.5440815937727166,2.1453598609277833,0,other,1.4243017734024468,231.7187216657876,,,,bull_called_bear_truth,Bear,Bull
trend_method_v2_1,320816,320817,2026-03-10T02:56:08.128563,Bear,1.0,-0.5757185453931015,regime=RUN|slope_sum=-0.575719|v2_1_override=none,Bull,69925.53,69962.24,36.71,03/10/2026  02:51:35 AM,03/10/2026  02:56:22 AM,False,True,False,False,True,False,False,True,False,False,False,False,RUN,Bear,69888.47939568343,69897.81073269335,69905.72918265374,69913.48524487896,69921.00134600418,69927.16574362162,-0.2214834071437508,-0.32351081660817727,-0.24983357129895012,-0.25220772878492426,-0.231169679784216,-0.19379117272728763,38.68634793818637,85.98088823442231,204.39275554240157,1.0,-24.131648930575466,1.0,5.645992012199713,0.07264935575824763,-0.5757185453931015,0.5757185453931015,0.5953191333056749,-0.32351081660817727,-0.25220772878492426,38.68634793818637,1.0,5.645992012199713,0.07264935575824763,-1,-1,False,0.07130308782325301,0.5757185453931015,5.645992012199713,0.07264935575824763,67.19663322947375,False,False,False,False,False,False,1.471996376347306,1.1737517318496875,-0.26119507142720977,1.075198835982519,False,0.21598634557055313,-7.918449960387079,-21.21275943085493,False,0.12850434549149486,0.1757046547736536,-0.7158025520639058,0.22106002818183587,1.0,1.471996376347306,0.0,0.1390661665161306,0,0,1,1,0,13.680498742658528,4.862412273418158,83>68>53,0.6771685812964279,1,287.87320995722257,1,-1,1,+-+,1,287.87320995722257,0,0,0,0,69925.53,69962.24,36.71,0.0005249870826863951,36.71,36.71,-127.56,58.04,-32.81000000000001,222.31,+-+,1,0.6324948311509304,0,1.471996376347306,1.7331914477745158,3.0695853551842447,1.5440815937727166,0,decay,3.7102677700069275,-183.89579866361055,,,,bear_called_bull_truth,Bull,Bear
trend_method_v2_1,320825,320826,2026-03-10T03:41:23.129768,Bull,1.0,0.8297250174491637,regime=RUN|slope_sum=0.829725|v2_1_override=none,Bear,70331.88,70304.1,-27.78,03/10/2026  03:36:51 AM,03/10/2026  03:41:37 AM,False,True,False,True,False,False,True,False,False,False,False,False,RUN,Bull,70386.07421547937,70367.39499576345,70354.25120239602,70345.06891315733,70339.15754594114,70335.50443024834,1.040840678879249,0.5489316370913002,0.3961173646202951,0.2807933803578635,0.19202781590320228,0.13114873442827957,-50.56978523102589,-73.02121589145099,-79.06590999024047,1.0,26.603371730496292,1.0,19.900664793298347,0.08542249550560627,0.8297250174491637,0.8297250174491637,-0.8366546001209076,0.5489316370913002,0.2807933803578635,50.56978523102589,1.0,19.900664793298347,0.08542249550560627,1,1,False,0.2681382567334367,0.8297250174491637,19.900664793298347,0.08542249550560627,60.94764430087133,False,False,False,False,False,False,2.5898596112801897,3.288060513748152,1.2157056727082818,1.8919354818517604,False,0.3067177343422414,13.143793367431499,17.857468406276894,False,0.161699840108016,0.6447233142589539,-0.05210706034631585,0.3246521297533179,1.0,2.5898596112801897,0.0,0.2446757707715408,0,0,0,0,1,9.564482908986975,1.0466222016257234,53>68>83,0.6039699306893453,0,80.42321400095534,-1,1,1,++-,0,80.42321400095534,0,0,0,0,70331.88,70304.1,-27.78,-0.0003949844650818377,27.78,-27.78,-43.96,55.05,-16.690000000000005,126.78999999999999,+--,0,0.5046321525885559,1,2.5898596112801897,1.374153938571908,2.0503837477153866,1.7868196672316117,0,other,2.6569636755386843,96.87127133617105,,,,bull_called_bear_truth,Bear,Bull
trend_method_v2_1,320827,320828,2026-03-10T03:51:26.085841,Bull,1.0,1.161652659295214,regime=RUN|slope_sum=1.161653|v2_1_override=none,Bear,70396.82,70339.02,-57.8,03/10/2026  03:46:55 AM,03/10/2026  03:51:40 AM,False,True,False,True,False,False,True,False,False,False,False,False,RUN,Bull,70450.2872825323,70425.71130808536,70407.08061257997,70395.152161324,70386.30688075567,70379.7524511169,0.664721539707898,0.7860625765715668,0.5283156051009428,0.37559008272364736,0.2890289301831217,0.22131757323040802,-70.53483141539618,-90.77325282772654,-161.58145947108278,1.0,32.54357698625245,1.0,25.49903478268243,0.15429847474747688,1.161652659295214,1.161652659295214,-0.8042100991253295,0.7860625765715668,0.37559008272364736,70.53483141539618,1.0,25.49903478268243,0.15429847474747688,1,1,False,0.4104724938479194,1.161652659295214,25.49903478268243,0.15429847474747688,60.71938186599628,False,False,False,False,False,False,2.8650363075175846,2.233906751734448,0.317334522942474,0.35949234964755306,False,0.27631059560221793,18.63069550538785,29.082852251347504,False,0.19609802952042932,0.3790880083342927,-1.4202802400141081,0.19154568324120705,1.0,2.8650363075175846,0.16666666666666663,0.2706729599461963,0,0,0,0,1,15.399710207100725,7.477591298229527,53>68>83,0.8859365861371771,0,234.60267536253377,-1,1,-1,-+-,1,234.60267536253377,0,0,0,0,70396.82,70339.02,-57.8,-0.000821059814917776,57.8,-57.8,92.72,-27.78,7.140000000000001,178.3,-+-,1,2.0806335493160546,0,2.8650363075175846,2.5477017845751107,2.5898596112801897,1.374153938571908,0,other,4.233716890658116,189.24403148241618,,,,bull_called_bear_truth,Bear,Bull
trend_method_v2_1,320835,320836,2026-03-10T04:31:37.113376,Bull,1.0,1.1983634718199028,regime=RUN|slope_sum=1.198363|v2_1_override=none,Bear,70925.0,70808.43,-116.57,03/10/2026  04:27:05 AM,03/10/2026  04:31:51 AM,False,True,False,True,False,False,True,False,False,False,False,False,RUN,Bull,70931.02809781136,70895.19775613397,70877.782742366,70867.3666713091,70861.67654365725,70859.64626242498,1.8337067265183578,0.8740241798222996,0.5068274009954621,0.32433929199760314,0.1888665356182173,0.09097600480708934,-71.38183538637531,-114.36186162132071,-211.95100464949792,1.0,-65.39373459552007,1.0,48.95199500875606,0.058402128846639645,1.1983634718199028,1.1983634718199028,-1.2874216690276612,0.8740241798222996,0.32433929199760314,71.38183538637531,1.0,48.95199500875606,0.058402128846639645,1,1,False,0.5496848878246965,1.1983634718199028,48.95199500875606,0.058402128846639645,59.56609748624164,False,False,False,False,False,False,3.8187401397590293,5.320514677584714,1.984714658534358,4.269884455390638,False,0.336714014537681,17.41501376796805,35.30706418068439,False,0.2659205260925855,1.3268793255228957,0.5972950691721053,0.4127718954404254,1.0,3.8187401397590293,0.16666666666666663,0.36077368170929663,0,0,0,0,1,7.720408884109929,5.992973046013503,53>68>83,0.6041818324229098,0,248.51559419523983,-1,1,-1,-+-,1,248.51559419523983,0,0,0,0,70925.0,70808.43,-116.57,-0.001643567148396193,116.57,-116.57,98.35,33.14,14.920000000000016,248.06,++-,1,3.517501508750754,0,3.8187401397590293,1.8340254812246712,4.1191952780809515,4.445798951997858,1,release,2.211663032910534,247.85536389935442,,,,bull_called_bear_truth,Bear,Bull
trend_method_v2_1,320838,320839,2026-03-10T04:46:41.079153,Bear,1.0,-2.1499475148502825,regime=RUN|slope_sum=-2.149948|v2_1_override=none,Bull,70961.51,71000.09,38.58,03/10/2026  04:42:09 AM,03/10/2026  04:46:55 AM,False,True,False,False,True,False,False,True,False,False,False,False,RUN,Bear,70797.1057863676,70830.71806859737,70868.79778275557,70896.42628895918,70913.46169544048,70923.4700603921,-1.252975529023388,-1.329718300352397,-1.1485831314239476,-0.8202292144978856,-0.5472223910437606,-0.36326536168780876,126.36427402449772,142.50890621067083,121.46683763341571,1.0,-22.77213074528845,1.0,23.479922342856298,0.3608403898196274,-2.1499475148502825,2.1499475148502825,0.5115384657229802,-1.329718300352397,-0.8202292144978856,126.36427402449772,1.0,23.479922342856298,0.3608403898196274,-1,-1,False,0.5094890858545114,2.1499475148502825,23.479922342856298,0.3608403898196274,58.775515751740315,False,False,False,False,False,False,5.461993928029187,2.155914012198534,4.855760931812256,6.465696564067912,False,0.2732538344030026,-38.07971415820066,-42.68834081564273,False,0.07308843331402953,0.25787794025745825,0.23801268606257509,0.06911251642981407,1.0,5.461993928029187,0.0,0.5160193118071811,0,0,1,1,0,27.0437714329164,0.7826873003359651,83>68>53,1.730716967229455,0,197.74610941087303,1,1,1,+++,0,197.74610941087303,0,0,0,0,70961.51,71000.09,38.58,0.000543675014807323,38.58,38.58,38.48,114.6,191.65999999999997,191.65999999999997,+++,0,0.3366492146596859,0,5.461993928029187,0.6062329962169315,2.2161686284725874,3.8187401397590293,1,release,7.464192910117987,-78.5404841317104,,,,bear_called_bull_truth,Bull,Bear
trend_method_v2_1,320843,320844,2026-03-10T05:11:49.083908,Bear,1.0,-0.38329950785009714,regime=RUN|slope_sum=-0.383300|v2_1_override=none,Bull,70739.27,70778.38,39.11,03/10/2026  05:07:17 AM,03/10/2026  05:12:03 AM,False,True,False,False,True,False,False,True,False,False,False,False,RUN,Bear,70733.5046259656,70735.6213273033,70744.95179128386,70753.0631183884,70757.27835489859,70758.4560509974,-0.4708202804049506,-0.1571000461717631,-0.30544771524728276,-0.22619946167833405,-0.12796323729344294,-0.051499589237209875,24.9514250318025,65.49024437752087,76.24312059057411,1.0,-27.712019489263184,1.0,0.44335374602815136,0.13514677420399884,-0.38329950785009714,0.38329950785009714,0.12135802609175268,-0.1571000461717631,-0.22619946167833405,24.9514250318025,1.0,0.44335374602815136,0.13514677420399884,-1,-1,False,0.06909941550657095,0.38329950785009714,0.44335374602815136,0.13514677420399884,65.09641812939827,False,False,False,False,False,False,1.3390303300329833,2.3008499161823717,-0.4548849982020329,-0.6090920674214431,False,0.46154670920136465,-9.330463980557397,-18.39484754098521,False,0.3207185969734353,0.4620679033087072,0.20703559201319877,0.49505434362818956,1.0,1.3390303300329833,0.0,0.12650426172148435,0,0,1,1,0,5.392932609000127,12.079854264375172,83>68>53,0.40566228820898687,0,142.93732537102187,1,-1,-1,--+,0,142.93732537102187,0,0,0,0,70739.27,70778.38,39.11,0.0005528753689428799,39.11,39.11,55.76,-88.58,6.289999999999999,183.45,-++,0,0.4415217882140438,1,1.3390303300329833,1.7939153282350162,1.639708259015606,2.4873781126352696,0,other,1.5586058570796417,-57.6412374575757,,,,bear_called_bull_truth,Bull,Bear
trend_method_v2_1,320848,320849,2026-03-10T05:36:56.100563,Bear,1.0,-0.7289311924032518,regime=RUN|slope_sum=-0.728931|v2_1_override=none,Bull,71116.36,71198.26,81.9,03/10/2026  05:32:24 AM,03/10/2026  05:37:10 AM,False,True,False,False,True,False,False,True,False,False,False,False,RUN,Bear,71122.3858133374,71145.52912720517,71154.56789705242,71165.51154499383,71174.409434719,71180.11198093623,-2.0622545206661016,-0.3877505747605028,-0.3445428729082778,-0.341180617642749,-0.26934380805869296,-0.18429339808608347,57.72616759882658,81.66118172778806,37.15363919004449,1.0,-152.63357518335397,1.0,20.13693517174397,0.03698421494988169,-0.7289311924032518,0.7289311924032518,1.1581838650046004,-0.3877505747605028,-0.341180617642749,57.72616759882658,1.0,20.13693517174397,0.03698421494988169,-1,-1,False,0.0465699571177538,0.7289311924032518,20.13693517174397,0.03698421494988169,79.19288980967617,False,False,False,False,False,False,3.5893657921224076,3.51596036814838,2.104675939272056,2.855045435602733,False,0.3114252634232026,-9.03876984724775,-7.0989987959037535,False,0.05900326158833532,1.7177116477578238,0.8999530907076405,0.6146652937152172,1.0,3.5893657921224076,0.16666666666666663,0.33910364791334585,0,0,1,1,0,14.60043594239687,21.55617850042472,83>68>53,0.7948178237875254,0,135.40709065647388,1,1,-1,-++,0,135.40709065647388,0,0,0,0,71116.36,71198.26,81.9,0.0011516337450341947,81.9,81.9,146.5,148.04,376.43999999999994,376.43999999999994,+++,0,0.553228857065658,1,3.5893657921224076,1.4846898528503516,2.2350593491810287,4.742459574852546,1,release,3.976886604352478,-29.154687303433093,,,,bear_called_bull_truth,Bull,Bear
trend_method_v2_1,320860,320861,2026-03-10T06:37:44.101773,Bear,1.0,-1.4395663564137067,regime=RUN|slope_sum=-1.439566|v2_1_override=none,Bull,70777.17,70895.57,118.4,03/10/2026  06:33:13 AM,03/10/2026  06:37:58 AM,False,True,False,False,True,False,False,True,False,False,False,False,RUN,Bear,70744.98008790886,70765.2684122359,70790.0677885298,70807.89307614432,70819.84291403033,70826.61074583139,-0.3622402046512434,-0.8982176690660708,-0.730672141067771,-0.5413486873476359,-0.37755591240238573,-0.23796225547266658,81.63065792253474,143.0610317067185,205.86979441833682,1.0,-45.6431599167845,1.0,10.722483524747076,0.2489306387811666,-1.4395663564137067,1.4395663564137067,0.47597617121780306,-0.8982176690660708,-0.5413486873476359,81.63065792253474,1.0,10.722483524747076,0.2489306387811666,-1,-1,False,0.35686898171843495,1.4395663564137067,10.722483524747076,0.2489306387811666,56.70503312254089,False,False,False,False,False,False,3.1479968700077734,1.7211401690662214,0.4282607595250738,-1.6963002865868475,False,0.5530027947302462,-24.799376293900423,-44.63545141289069,False,0.10285872436302675,0.7035229924131272,-0.3834076811799605,0.3533285055165334,1.0,3.1479968700077734,0.16666666666666663,0.29740552623036365,0,0,1,1,0,18.717669687073794,21.967953218714683,83>68>53,1.1568668552226882,0,242.13745055712934,1,-1,-1,--+,0,242.13745055712934,0,0,0,0,70777.17,70895.57,118.4,0.001672855809295568,118.4,118.4,-25.18,-7.28,85.94,150.86,--+,1,16.263736263736263,0,3.1479968700077734,2.7197361104826996,0.5951750643707783,2.870706141637129,0,build,5.157592972511978,-161.6177506866261,,,,bear_called_bull_truth,Bull,Bear
trend_method_v2_1,320869,320870,2026-03-10T07:22:56.066659,Bull,1.0,0.7047053697096999,regime=RUN|slope_sum=0.704705|v2_1_override=none,Bear,70718.14,70672.57,-45.57,03/10/2026  07:18:24 AM,03/10/2026  07:23:10 AM,False,True,False,True,False,False,True,False,False,False,False,False,RUN,Bull,70695.01267790797,70670.02470402009,70659.94585526103,70657.43866922363,70656.63813805456,70655.9824630792,1.8256788866037823,0.6159566855912999,0.24839783589959552,0.08874868411839998,0.04818646877720312,0.03164594407098775,-39.03021482877375,-10.420790059375577,25.44694258031086,1.0,79.22751882471493,1.0,31.208841482308344,0.041003183405596985,0.7047053697096999,0.7047053697096999,-1.98537301779258,0.6159566855912999,0.08874868411839998,39.03021482877375,1.0,31.208841482308344,0.041003183405596985,1,1,False,0.5272080014728999,0.7047053697096999,31.208841482308344,0.041003183405596985,55.38515315251829,False,False,False,False,False,False,2.8586145050612686,15.956910095488254,0.6702353639266221,-0.6806408112515783,False,0.5806030400508402,10.078848759061657,-5.024010156586883,False,0.425240848000326,1.5772810507041868,0.9698861492834112,0.5863425509727622,1.0,2.8586145050612686,0.33333333333333337,0.2700662631743334,0,0,0,0,1,1.4562061444303254,12.236003750411328,53>68>83,0.16858109696659085,0,95.64190790528664,-1,-1,1,+--,0,95.64190790528664,0,0,1,0,70718.14,70672.57,-45.57,-0.000644389119962714,45.57,-45.57,-82.66,145.7,17.46999999999999,273.93,+--,0,0.3127659574468085,1,2.8586145050612686,2.1883791411346465,0.8375029659564461,2.7583600567868416,0,build,0.4952701020942666,-19.453046274440567,,,,bull_called_bear_truth,Bear,Bull
trend_method_v2_1,320881,320882,2026-03-10T08:23:15.161548,Bull,1.0,0.8399198620390962,regime=RUN|slope_sum=0.839920|v2_1_override=none,Bear,70427.71,70406.96,-20.75,03/10/2026  08:18:41 AM,03/10/2026  08:23:29 AM,False,True,False,True,False,False,True,False,False,False,False,False,RUN,Bull,70540.90884777211,70520.84623335404,70509.74207100781,70499.29481503805,70489.59055268242,70481.50541522022,1.2188520872332447,0.5008973567455541,0.35923629453827743,0.33902250529354205,0.3029291275142896,0.2575255613646732,-59.40343255188782,-72.95864018845896,-79.87157273347839,1.0,48.30991938317311,1.0,21.7963221945829,0.06421247932261659,0.8399198620390962,0.8399198620390962,-0.9309185188179308,0.5008973567455541,0.33902250529354205,59.40343255188782,1.0,21.7963221945829,0.06421247932261659,1,1,False,0.16187485145201208,0.8399198620390962,21.7963221945829,0.06421247932261659,70.72511942707546,False,False,False,False,False,False,2.978462932689581,2.3113267929262933,1.5978436549248727,1.2575183108838246,False,0.279202499477102,11.104162346222438,18.717748837152612,False,0.16469657011539315,0.8596157926949672,-0.28154871371407353,0.4134784461331246,1.0,2.978462932689581,0.33333333333333337,0.28138888710267035,0,0,0,0,1,17.789399817833328,0.012206329789478332,53>68>83,0.8994771941725048,0,83.47517950233305,-1,1,1,++-,0,83.47517950233305,0,0,0,0,70427.71,70406.96,-20.75,-0.00029462835011957646,20.75,-20.75,-5.22,-121.96,-147.93,147.93,---,0,0.1701377500819941,0,2.978462932689581,1.3806192777647084,1.0402939337236603,0.7762349393888144,0,build,4.8318453176446425,98.30777285691693,,,,bull_called_bear_truth,Bear,Bull
trend_method_v2_1,320882,320883,2026-03-10T08:28:16.085280,Bear,1.0,-0.2490602556081285,regime=RUN|slope_sum=-0.249060|v2_1_override=none,Bull,70406.96,70528.55,121.59,03/10/2026  08:23:44 AM,03/10/2026  08:28:30 AM,False,True,False,False,True,False,False,True,False,False,False,False,RUN,Bear,70458.4318307123,70463.12820080927,70465.44875394134,70470.25436838485,70475.53982107858,70479.15438177309,-0.43415275912411744,-0.08925708350943751,-0.10093560926543432,-0.159803172098691,-0.15241651993892447,-0.10794682925552479,20.72255106078228,80.1259836126701,153.08462380112906,1.0,-59.07263282309577,1.0,3.5839756202040007,0.023432168984575036,-0.2490602556081285,0.2490602556081285,0.659031666950713,-0.08925708350943751,-0.159803172098691,20.72255106078228,1.0,3.5839756202040007,0.023432168984575036,-1,-1,False,0.07054608858925349,0.2490602556081285,3.5839756202040007,0.023432168984575036,83.20296231200834,False,False,False,False,False,False,1.0445119731921295,1.485947642799932,-1.9339509594974515,-3.5317946144223242,False,0.5390955653637667,-2.320553132070927,-13.424715478293365,False,0.06140365113722065,0.35657420137067675,-0.5030415913242905,0.571116839701694,1.0,1.0445119731921295,0.0,0.0986797782427127,0,0,1,1,0,8.900013388236403,17.789399817833328,83>68>53,0.42016652129314025,1,159.99755634614849,1,-1,1,+-+,1,159.99755634614849,0,0,0,0,70406.96,70528.55,121.59,0.0017269599482778405,121.59,121.59,-20.75,-5.22,95.62,147.56,--+,1,23.293103448275865,0,1.0445119731921295,2.978462932689581,1.3806192777647084,1.0402939337236603,0,other,2.40228050324694,-140.16294991415998,,,,bear_called_bull_truth,Bull,Bear
trend_method_v2_1,320888,320889,2026-03-10T08:58:26.084203,Bear,1.0,-0.7670667084876186,regime=RUN|slope_sum=-0.767067|v2_1_override=none,Bull,70461.84,70551.01,89.17,03/10/2026  08:53:53 AM,03/10/2026  08:58:40 AM,False,True,False,False,True,False,False,True,False,False,False,False,RUN,Bear,70474.98746306809,70484.80498850273,70499.27586872758,70511.43518973707,70519.06232927725,70523.04494398354,-0.41330193413523375,-0.4117727207358257,-0.46098659700874123,-0.3552939877517929,-0.23706377833332226,-0.14261919539239898,48.05748091544956,65.28029528654588,89.02509294453193,1.0,-34.48362109978916,1.0,6.0025971285649575,0.157614710768463,-0.7670667084876186,0.7670667084876186,0.368661331091076,-0.4117727207358257,-0.3552939877517929,48.05748091544956,1.0,6.0025971285649575,0.157614710768463,-1,-1,False,0.05647873298403283,0.7670667084876186,6.0025971285649575,0.157614710768463,62.650979873969156,False,False,False,False,False,False,2.021038213357315,1.7497980471312315,1.0827873931284557,1.6813660843636171,False,0.25453477195632385,-14.47088022484968,-18.413276929757558,False,0.05638882939697137,0.05074308967232355,-0.332953542299947,0.03945619977132019,1.0,2.021038213357315,0.16666666666666663,0.19093663627871457,0,0,1,1,0,11.609754246470402,11.602032913215226,83>68>53,0.7349769614775141,1,107.53329505094734,1,-1,1,+-+,1,107.53329505094734,0,0,0,0,70461.84,70551.01,89.17,0.001265507684726939,89.17,89.17,22.13,-27.77,83.53,139.07,-++,0,3.2110190853438962,0,2.021038213357315,0.9382508202288591,1.5368295114640205,0.5175624251460249,0,other,3.2048876706181515,-70.94476955707432,,,,bear_called_bull_truth,Bull,Bear
trend_method_v2_1,320889,320890,2026-03-10T09:03:27.079570,Bull,1.0,0.48820353431983676,regime=RUN|slope_sum=0.488204|v2_1_override=none,Bear,70551.01,70487.99,-63.02,03/10/2026  08:58:55 AM,03/10/2026  09:03:41 AM,False,True,False,True,False,False,True,False,False,False,False,False,RUN,Bull,70592.14514990865,70585.54462892887,70579.62867473793,70570.26018433333,70560.91484538182,70553.96756224321,0.08035539277989301,0.18859210207665456,0.23298255245026667,0.2996114322431822,0.2757100660674041,0.21445775805295852,-38.17758766544284,-50.19165088683076,-14.148233192769112,1.0,48.818403805285925,1.0,4.0982800659839995,0.05421435109566944,0.48820353431983676,0.48820353431983676,-0.4318456544558509,0.18859210207665456,0.2996114322431822,38.17758766544284,1.0,4.0982800659839995,0.05421435109566944,1,1,False,0.11101933016652765,0.48820353431983676,4.0982800659839995,0.05421435109566944,78.20014600802043,False,False,False,False,False,False,1.291709303670359,0.6355320721107542,-0.47218058834187104,-0.21503226699678635,False,0.21994095116926596,5.915954190932098,8.25148399551108,False,0.10529677222513716,0.15262715967037366,-0.8072330525028519,0.3040805396873908,1.0,1.291709303670359,0.33333333333333337,0.1220336299742862,0,0,0,0,1,16.292622090113582,13.202392354418407,53>68>83,0.7897792563635448,0,151.51536386743828,-1,-1,1,+--,0,151.51536386743828,0,0,0,0,70551.01,70487.99,-63.02,-0.0008932543984841607,63.02,-63.02,89.17,89.17,115.32,241.36,++-,1,0.7067399349557026,0,1.291709303670359,1.7638898920122301,2.021038213357315,0.9382508202288591,0,decay,4.4048617409075845,21.59248413577734,,,,bull_called_bear_truth,Bear,Bull
trend_method_v2_1,320889,320890,2026-03-10T09:04:25.181657,Bull,1.0,0.24087445524855866,regime=RUN|slope_sum=0.240874|v2_1_override=none,Bear,70551.01,70487.99,-63.02,03/10/2026  08:58:55 AM,03/10/2026  09:03:41 AM,False,True,False,True,False,False,True,False,False,False,False,False,RUN,Bull,70587.97315383262,70587.56590792292,70584.8042174199,70579.13887887179,70571.5039353593,70564.38408134812,0.11124041377479443,0.046940359239670215,0.11092742212713347,0.19393409600888845,0.2279052593421511,0.209768351065577,-23.589072484493954,14.588515180948889,64.78016606777965,1.0,-29.453991927570314,1.0,-4.175148932845332,0.06448462632833982,0.24087445524855866,0.24087445524855866,-0.04832615470693945,0.046940359239670215,0.19393409600888845,23.589072484493954,1.0,-4.175148932845332,0.06448462632833982,1,1,False,0.14699373676921823,0.24087445524855866,4.175148932845332,0.06448462632833982,97.93098425548014,False,False,False,False,False,False,0.9007159015582147,0.42606857454030317,-0.3909934021121444,0.08118718622972665,False,0.1195085796425035,2.7616905030154157,-3.154263687916682,False,0.4053205938125536,0.12828711742258747,-0.024340042247786187,0.4767120427346553,1.0,0.9007159015582147,0.0,0.08509471189096697,0,0,0,0,1,14.754797523666639,16.292622090113582,53>68>83,0.6316077064166166,0,100.82358376184129,1,-1,-1,--+,0,100.82358376184129,0,0,0,0,70551.01,70487.99,-63.02,-0.0008932543984841607,63.02,-63.02,-63.02,89.17,-36.870000000000005,215.21,+--,0,0.7067399349557026,0,0.9007159015582147,1.291709303670359,1.7638898920122301,2.021038213357315,0,decay,4.00214055255519,-61.65024242211075,,,,bull_called_bear_truth,Bear,Bull
trend_method_v2_1,320895,320896,2026-03-10T09:33:31.086337,Bear,1.0,-1.9198707254709007,regime=RUN|slope_sum=-1.919871|v2_1_override=none,Bull,70732.95,70863.42,130.47,03/10/2026  09:28:58 AM,03/10/2026  09:33:45 AM,False,True,False,False,True,False,False,True,False,False,False,False,RUN,Bear,70642.90996611537,70671.78546442927,70705.20997281608,70733.47169357979,70754.74373232527,70769.76085241411,-1.916847703012536,-1.0606681315912283,-1.056384378023722,-0.8592025938796723,-0.6679009008785215,-0.4962334305582772,126.85088629873644,178.24461724984576,242.08285563612299,1.0,-176.2881062854285,1.0,19.589065319902147,0.34919293939102714,-1.9198707254709007,1.9198707254709007,0.46810282799041764,-1.0606681315912283,-0.8592025938796723,126.85088629873644,1.0,19.589065319902147,0.34919293939102714,-1,-1,False,0.20146553771155595,1.9198707254709007,19.589065319902147,0.34919293939102714,66.0726186486451,False,False,False,False,False,False,6.057237137943957,1.9936868458012955,3.348851867769554,2.3287537464275374,False,0.2663854903324281,-33.42450838681543,-42.47303866985021,False,0.0020234517320901688,0.8604633249888138,-0.29484130466516945,0.21330803431757422,1.0,6.057237137943957,0.16666666666666663,0.5722546345822371,0,0,1,1,0,36.289158834319096,29.916792874151724,83>68>53,2.023336925316471,1,264.7984475926205,1,-1,1,+-+,1,264.7984475926205,0,0,0,0,70732.95,70863.42,130.47,0.0018445434553486036,130.47,130.47,-8.33,40.56,162.7,179.36,+-+,1,3.216715976331361,0,6.057237137943957,2.7083852701744036,1.6882871488323872,1.0446681434223137,0,build,9.881927996466176,-199.90465827093794,,,,bear_called_bull_truth,Bull,Bear
trend_method_v2_1,320898,320899,2026-03-10T09:48:36.076771,Bull,1.0,1.3649267391283502,regime=RUN|slope_sum=1.364927|v2_1_override=none,Bear,69820.81,69760.64,-60.17,03/10/2026  09:44:04 AM,03/10/2026  09:48:50 AM,False,True,False,True,False,False,True,False,False,False,False,False,RUN,Bull,70102.34289443708,70100.40557706417,70071.17325922154,70034.86058440326,70007.10218208651,69987.95828093677,1.6098739432072762,0.30014056800973776,1.0910786247677606,1.0647861711186124,0.8341448843511898,0.6232512556180154,-114.38461350031139,-196.99702571627859,-26.285283689081552,1.0,348.8072120656143,1.0,-14.642894747681567,0.45339472415701787,1.3649267391283502,1.3649267391283502,-0.02955706140518967,0.30014056800973776,1.0647861711186124,114.38461350031139,1.0,-14.642894747681567,0.45339472415701787,1,1,False,0.7646456031088746,1.3649267391283502,14.642894747681567,0.45339472415701787,83.80274942328263,False,False,False,False,False,False,5.523275447072592,1.1898795431208946,0.8353110976549942,5.114890923592611,False,0.2173415513850857,29.232317842630437,49.526698107176344,False,0.5685215247634381,2.1006714319555613,0.09930940342746908,0.6999687569730321,1.0,5.523275447072592,0.0,0.521808854545594,0,0,0,0,1,46.902303466486046,11.370128653463325,53>68>83,2.5221823110878177,0,494.1820356879034,-1,-1,1,+--,0,494.1820356879034,0,0,0,0,69820.81,69760.64,-60.17,-0.000861777455747076,60.17,-60.17,-640.28,-402.33,-1102.78,1102.78,---,0,0.149553848830562,0,5.523275447072592,4.687964349417598,8.967544175355215,6.057237137943957,0,other,12.819727019771156,75.91129119968537,,,,bull_called_bear_truth,Bear,Bull
trend_method_v2_1,320920,320921,2026-03-10T11:39:05.202186,Bear,1.0,-2.558604705674952,regime=RUN|slope_sum=-2.558605|v2_1_override=none,Bull,71354.74,71419.48,64.74,03/10/2026  11:34:32 AM,03/10/2026  11:39:19 AM,False,True,False,False,True,False,False,True,False,False,False,False,RUN,Bear,71192.4212931149,71253.9919888447,71288.25237293562,71306.59718797452,71323.13101991473,71336.99165373313,-1.9477563604359602,-1.9227143288462685,-0.9008296278461785,-0.6358903768286837,-0.5495251370684855,-0.45070482742266904,144.570360618236,286.4382001947524,355.5795421559451,1.0,-243.19204762730806,1.0,57.57114320402616,0.16663458084429805,-2.558604705674952,2.558604705674952,1.1704298576401073,-1.9227143288462685,-0.6358903768286837,144.570360618236,1.0,57.57114320402616,0.16663458084429805,-1,-1,False,1.2868239520175848,2.558604705674952,57.57114320402616,0.16663458084429805,56.50359365695718,False,False,False,False,False,False,6.407420658448245,2.9162282239455917,0.9907578448419372,-1.0208880069367297,False,0.5978609066871489,-34.26038409091416,-75.57961640122812,False,0.3619156339245184,1.0469267325897817,-1.9592223492745688,0.21942168025589123,1.0,6.407420658448245,0.16666666666666663,0.6053380582619188,0,0,1,1,0,30.39446575861075,36.361840472745826,83>68>53,1.6361203413198382,0,379.23200191733486,1,-1,-1,--+,0,379.23200191733486,0,0,0,0,71354.74,71419.48,64.74,0.0009072978193179597,64.74,64.74,100.99,61.24,226.96999999999997,226.96999999999997,+++,0,1.0571521881123447,0,6.407420658448245,5.416662813606308,3.4050169618276414,2.3804353026680474,0,build,8.307351921269301,-281.95914810399154,,,,bear_called_bull_truth,Bull,Bear
trend_method_v2_1,320922,320923,2026-03-10T11:49:07.263921,Bear,1.0,-1.018597011168822,regime=RUN|slope_sum=-1.018597|v2_1_override=none,Bull,71171.17,71184.91,13.74,03/10/2026  11:44:35 AM,03/10/2026  11:49:21 AM,False,True,False,False,True,False,False,True,False,False,False,False,RUN,Bear,71042.33171931475,71053.73637185273,71072.94693844787,71088.8324858807,71098.92087742817,71104.3957677628,-0.11659472326937248,-0.5494176190713915,-0.6049726105520676,-0.46917939209743054,-0.3125417185401602,-0.2004060161743837,62.064048448053654,124.37160289777967,331.2495179657417,1.0,184.75075805226516,1.0,5.802741925755981,0.21201770202938597,-1.018597011168822,1.018597011168822,0.3249548519408223,-0.5494176190713915,-0.46917939209743054,62.064048448053654,1.0,5.802741925755981,0.21201770202938597,-1,-1,False,0.08023822697396099,1.018597011168822,5.802741925755981,0.21201770202938597,60.93091553138984,False,False,False,False,False,False,2.253112079704806,1.2941144971919285,-1.2163783562518802,1.721551866239679,False,0.22564078624252926,-19.210566595138516,-56.857177706595394,False,0.04812496680502669,0.48837788728269516,-1.6509255668242986,0.3842515099577853,1.0,2.253112079704806,0.5,0.21286170583738295,0,0,1,1,0,15.563281882103183,15.270582626821124,83>68>53,0.9821271268119744,1,617.6877181604941,1,-1,1,+-+,1,617.6877181604941,0,0,0,0,71171.17,71184.91,13.74,0.0001930556993793976,13.74,13.74,-248.31,64.74,-169.82999999999998,326.79,+-+,1,0.21223354958294718,0,2.253112079704806,3.4694904359566863,6.407420658448245,5.416662813606308,0,decay,4.29089006627134,-276.0432658259706,,,,bear_called_bull_truth,Bull,Bear
trend_method_v2_1,320930,320931,2026-03-10T12:29:16.089281,Bear,1.0,-2.2614533127743925,regime=RUN|slope_sum=-2.261453|v2_1_override=none,Bull,71394.89,71533.92,139.03,03/10/2026  12:24:44 PM,03/10/2026  12:29:30 PM,False,True,False,False,True,False,False,True,False,False,False,False,RUN,Bear,71363.53828015542,71424.36867120565,71461.18892879054,71486.14815215334,71498.649654432,71502.61921008902,-3.8558176978003758,-1.5243615394956578,-1.1373971156081097,-0.7370917732787348,-0.41076681312733854,-0.18352688486265833,139.08092993359605,223.82970379355538,207.3375032658805,1.0,-127.49873957716045,1.0,79.46943899620965,0.18685821723248364,-2.2614533127743925,2.2614533127743925,0.9846374575524509,-1.5243615394956578,-0.7370917732787348,139.08092993359605,1.0,79.46943899620965,0.18685821723248364,-1,-1,False,0.787269766216923,2.2614533127743925,79.46943899620965,0.18685821723248364,61.5006859296905,False,False,False,False,False,False,7.848961824172875,4.8953338409899265,3.7390122006800084,4.163422931698733,False,0.33214972878739757,-36.82025758488453,-60.60838239645818,False,0.14537923006113504,2.718420582192266,0.7238794044151291,0.41709071516760593,1.0,7.848961824172875,0.16666666666666663,0.7415269830539586,0,0,1,1,0,16.471057935676072,33.56656094279606,83>68>53,1.3313854712687316,0,374.45483481422707,1,1,-1,-++,0,374.45483481422707,0,0,0,0,71394.89,71533.92,139.03,0.0019473382478774042,139.03,139.03,263.16,8.37,410.56000000000006,410.56000000000006,+++,0,16.610513739546,0,7.848961824172875,4.1099496234928665,4.534360354511591,2.0647304965132207,0,other,4.672125556935681,-146.0052414650072,,,,bear_called_bull_truth,Bull,Bear
trend_method_v2_1,320941,320942,2026-03-10T13:24:34.084622,Bull,1.0,0.7142167821530165,regime=RUN|slope_sum=0.714217|v2_1_override=none,Bear,71274.74,71248.39,-26.35,03/10/2026  01:20:00 PM,03/10/2026  01:24:48 PM,False,True,False,True,False,False,True,False,False,False,False,False,RUN,Bull,71296.94540276044,71271.6770976947,71261.44224839636,71256.68158723775,71254.80082265512,71254.53235318515,1.8310293658323644,0.5647819072019047,0.28757979034526215,0.14943487495111185,0.07220809308819298,0.025610337586840615,-42.41304957529064,-60.79787685209885,-45.94809453145717,1.0,9.272083605304942,1.0,35.239620963911875,0.0285281988987533,0.7142167821530165,0.7142167821530165,-1.6850580136360374,0.5647819072019047,0.14943487495111185,42.41304957529064,1.0,35.239620963911875,0.0285281988987533,1,1,False,0.41534703225079284,0.7142167821530165,35.239620963911875,0.0285281988987533,59.384000257507125,False,False,False,False,False,False,2.9306443690056767,10.85280156956486,1.5101061988552829,2.8713384439706715,False,0.36625270425288287,10.234849298343761,11.48199554621533,False,0.3252165338427858,1.5434495754871023,0.37711759497869934,0.5751862248297281,1.0,2.9306443690056767,0.16666666666666663,0.27687125075065055,0,0,0,0,1,2.149234052601969,4.873411599182873,53>68>83,0.24725330562614545,0,94.34044294185878,-1,-1,1,+--,0,94.34044294185878,0,0,1,1,71274.74,71248.39,-26.35,-0.000369696192508033,26.35,-26.35,-54.05,80.13,-0.2700000000000031,160.53,+--,0,0.3288406339697991,1,2.9306443690056767,1.4205381701503939,2.7817704152657825,1.6384388703718287,0,other,0.6849923154773683,57.8072076726512,,,,bull_called_bear_truth,Bear,Bull
trend_method_v2_1,320956,320957,2026-03-10T14:39:56.086957,Bear,1.0,-1.6943877668109053,regime=RUN|slope_sum=-1.694388|v2_1_override=none,Bull,70340.56,70388.61,48.05,03/10/2026  02:35:22 PM,03/10/2026  02:40:10 PM,False,True,False,False,True,False,False,True,False,False,False,False,RUN,Bear,70141.57690048564,70184.23697274283,70206.29913974424,70223.73928954435,70239.4572374634,70253.24838648173,-2.036522890561173,-1.123424023782718,-0.6722751076977147,-0.5709637430281873,-0.5042086116809514,-0.4439383915905637,111.67148599609209,112.56675571174128,98.14703681629908,1.0,-90.1531530446955,1.0,44.39966509968508,0.0897988257946315,-1.6943877668109053,1.6943877668109053,1.0799384874172828,-1.123424023782718,-0.5709637430281873,111.67148599609209,1.0,44.39966509968508,0.0897988257946315,-1,-1,False,0.5524602807545307,1.6943877668109053,44.39966509968508,0.0897988257946315,65.90668805776069,False,False,False,False,False,False,5.351332768341308,2.5226745524486955,3.031156655119048,2.991617241215863,False,0.2864499135402814,-22.062167001407943,-15.536959887191188,False,0.25123858901299434,1.3642477828634583,-0.4242203834128304,0.3559939312014754,1.0,5.351332768341308,0.33333333333333337,0.4811818245432997,0,0,1,1,0,29.50909693738504,7.988775937454193,83>68>53,1.5191107462997024,0,186.47437694863766,1,1,1,+++,0,186.47437694863766,0,0,0,0,70340.56,70388.61,48.05,0.000683105167203673,48.05,48.05,28.56,124.62,201.23000000000002,201.23000000000002,+++,0,0.38557213930348255,0,5.351332768341308,2.32017611322226,2.280636699319075,4.935198009621672,0,build,8.02260432121809,-83.03429731252072,,,,bear_called_bull_truth,Bull,Bear
trend_method_v2_1,320968,320969,2026-03-10T15:40:16.084093,Bull,1.0,1.203798913047649,regime=RUN|slope_sum=1.203799|v2_1_override=none,Bear,69994.62,69838.28,-156.34,03/10/2026  03:35:43 PM,03/10/2026  03:40:30 PM,False,True,False,True,False,False,True,False,False,False,False,False,RUN,Bull,69957.29864986448,69929.96886663322,69911.26675169203,69895.6918990677,69886.02414208822,69881.94025149876,1.8394181876119546,0.7357233727670973,0.6022165838421643,0.46807554028055165,0.2987713917536894,0.1538581269196584,-75.3583983657154,-145.87461824635102,-171.72362292303296,1.0,58.512033121995046,1.0,32.560011938316165,0.1163678355377799,1.203798913047649,1.203798913047649,-0.7973220845224341,0.7357233727670973,0.46807554028055165,75.3583983657154,1.0,32.560011938316165,0.1163678355377799,1,1,False,0.26764783248654567,1.203798913047649,32.560011938316165,0.1163678355377799,62.60048713196716,False,False,False,False,False,False,4.098063203175116,3.4510054151666276,0.35561054647951096,-0.5886370930675184,False,0.4867237917366114,18.702114941188483,30.740644820427406,False,0.09978533660305582,1.2372016037697904,-0.03515180506838078,0.3893805946993847,1.0,4.098063203175116,0.0,0.36849017143233515,0,0,0,0,1,13.75164756893355,23.280009982539923,53>68>83,0.9207050589538994,0,240.36936014334788,-1,1,1,++-,0,240.36936014334788,0,0,1,1,69994.62,69838.28,-156.34,-0.0022336002395612693,156.34,-156.34,-79.1,-157.01,-392.45,392.45,---,0,0.995732755875422,0,4.098063203175116,3.7424526566956047,2.7982050171485753,1.9045852399758587,0,build,3.8211617163054052,202.429115938392,,,,bull_called_bear_truth,Bear,Bull
trend_method_v2_1,320974,320975,2026-03-10T16:11:22.134455,Bear,1.0,-0.78789029224572,regime=RUN|slope_sum=-0.787890|v2_1_override=none,Bull,70044.49,70193.1,148.61,03/10/2026  04:05:53 PM,03/10/2026  04:10:38 PM,False,True,False,False,True,False,False,True,False,False,False,False,RUN,Bear,70060.46335325127,70085.44907928516,70094.37813714714,70104.8383236252,70113.94075475962,70119.22539919254,-1.695911517537752,-0.44978149537382706,-0.3252039186172624,-0.338108796871893,-0.2707964433611778,-0.16973963218697463,58.762045941271936,36.87700451431738,-100.22989274482825,1.0,-60.99377532786457,1.0,22.357098410328035,0.05287726844669255,-0.78789029224572,0.78789029224572,1.288638463387902,-0.44978149537382706,-0.338108796871893,58.762045941271936,1.0,22.357098410328035,0.05287726844669255,-1,-1,False,0.11167269850193406,0.78789029224572,22.357098410328035,0.05287726844669255,74.58150775507431,False,False,False,False,False,False,3.249541803948887,3.173329741258347,1.3145911793017149,5.311025443712424,False,0.30415327213531146,-8.929057861983893,0.712350730842445,False,0.16074828571934519,1.3707075989204895,0.08375589597926592,0.5547409045800946,1.0,3.249541803948887,0.16666666666666663,0.2921927156921151,0,0,1,1,0,14.387075567341526,8.19903226941824,83>68>53,0.7786448724200454,0,268.1465722024004,1,1,-1,-++,0,268.1465722024004,0,0,0,0,70044.49,70193.1,148.61,0.00212165153890049,148.61,148.61,148.61,21.29,318.51,318.51,+++,0,6.980272428370128,0,3.249541803948887,1.934950624647172,5.931384889057881,0.9630104772131745,0,other,3.9323390836613017,101.02599937164996,,,,bear_called_bull_truth,Bull,Bear
trend_method_v2_1,320992,320993,2026-03-10T17:40:53.077778,Bear,1.0,-0.82811925126407,regime=RUN|slope_sum=-0.828119|v2_1_override=none,Bull,69976.75,70018.71,41.96,03/10/2026  05:36:22 PM,03/10/2026  05:41:07 PM,False,True,False,False,True,False,False,True,False,False,False,False,RUN,Bear,69790.32102862265,69800.88507140023,69810.34139640295,69831.4117480326,69853.79011979798,69873.0516682437,-1.1642395148155629,-0.15895974835075322,-0.4587377219068003,-0.6691595029133168,-0.6651357775826909,-0.5884032758567628,82.73063962104789,93.52960981606157,110.8949365268345,1.0,-133.42263719881885,1.0,-0.07936732852249406,0.10301438283169687,-0.82811925126407,0.82811925126407,0.3460593796192831,-0.15895974835075322,-0.6691595029133168,82.73063962104789,1.0,-0.07936732852249406,0.10301438283169687,-1,-1,False,0.5101997545625636,0.82811925126407,0.07936732852249406,0.10301438283169687,99.90184323666544,False,False,False,False,False,False,3.704635541425887,0.9267895787332002,2.772527430055561,4.276144120411118,False,0.1924007870838773,-9.456325002713129,-11.431198292732006,False,0.48531520362395597,1.3050577400208567,0.6663047818456107,0.7323815325418522,1.0,3.704635541425887,0.16666666666666663,0.3331138926058221,0,0,1,1,0,41.63992021110607,1.454828939124127,83>68>53,1.9226985563527705,1,120.79522536622244,1,-1,1,+-+,1,120.79522536622244,0,0,0,0,69976.75,70018.71,41.96,0.0005996277334971973,41.96,41.96,-79.24,30.22,-7.059999999999995,151.42,+-+,1,1.3884844473858373,0,3.704635541425887,0.9321081113703258,2.4357248017258826,0.6836945536215353,0,other,11.251856755861219,-98.79743345225688,,,,bear_called_bull_truth,Bull,Bear
trend_method_v2_1,320994,320995,2026-03-10T17:52:07.413424,Bull,1.0,1.0412085392472363,regime=RUN|slope_sum=1.041209|v2_1_override=none,Bear,69678.38,69624.0,-54.38,03/10/2026  05:47:16 PM,03/10/2026  05:51:11 PM,False,True,False,True,False,False,True,False,False,False,False,False,RUN,Bull,69732.33226385503,69699.46299361963,69687.13761133971,69680.88001072427,69677.0124317025,69675.74147376999,0.8892161309722724,0.8275636338403274,0.3331081290725706,0.21364490540690895,0.1289501778974227,0.055781631390345865,-56.59079008504341,-86.03307490401494,-55.49185671770829,1.0,31.890207012940664,1.0,42.585029741952894,0.020372656571340714,1.0412085392472363,1.0412085392472363,-1.7687833228240697,0.8275636338403274,0.21364490540690895,56.59079008504341,1.0,42.585029741952894,0.020372656571340714,1,1,False,0.6139187284334184,1.0412085392472363,42.585029741952894,0.020372656571340714,54.35106220503811,False,False,False,False,False,False,2.448264608579848,5.145601683713463,1.0424528103940247,1.9713355540425255,False,0.33491280096136966,12.325382279916084,17.33516805699037,False,0.42600804169375056,0.5561080018997018,-0.042883970940238214,0.271287031626742,1.0,2.448264608579848,0.0,0.2201433703190147,0,0,0,0,1,5.1385369542840635,3.7421530231367797,53>68>83,0.3983767146946775,0,141.03721003062674,-1,-1,-1,---,0,141.03721003062674,0,0,0,0,69678.38,69624.0,-54.38,-0.0007804429437079335,54.38,-54.38,-54.38,-340.33,-449.09,449.09,---,0,0.15978608997149826,0,2.448264608579848,1.4058117981858231,2.334694541834324,6.474380425386698,1,release,1.5078861307029494,72.78414080375842,,,,bull_called_bear_truth,Bear,Bull
trend_method_v2_1,320997,320998,2026-03-10T18:06:02.122935,Bear,1.0,-2.080306526624554,regime=RUN|slope_sum=-2.080307|v2_1_override=none,Bull,69795.29,69814.08,18.79,03/10/2026  06:01:55 PM,03/10/2026  06:06:16 PM,False,True,False,False,True,False,False,True,False,False,False,False,RUN,Bear,69662.9805125614,69717.5694967906,69747.24174326487,69764.40786186753,69774.66937810929,69780.58541144733,-2.048114386263478,-1.540606517730339,-0.8419520853240101,-0.539700008894215,-0.3478904329258512,-0.22536255843442632,117.6048988859402,103.27975438212161,40.42175649307319,1.0,-38.99808430472331,1.0,62.551099897318636,0.10361586483209284,-2.080306526624554,2.080306526624554,1.165475868732602,-1.540606517730339,-0.539700008894215,117.6048988859402,1.0,62.551099897318636,0.10361586483209284,-1,-1,False,1.000906508836124,2.080306526624554,62.551099897318636,0.10361586483209284,56.53248566054473,False,False,False,False,False,False,5.54362598957232,3.9810063752060425,4.076694605884768,4.554797793603939,False,0.31969494317632674,-29.672246474263375,-21.067288619829924,False,0.29323704000845163,1.206162300939468,-0.12628793442127062,0.2722300435729462,1.0,5.54362598957232,0.5,0.4984724710130251,0,0,1,1,0,16.17754957980651,3.119889438879909,83>68>53,1.1129530002544925,0,195.30564972346474,1,1,-1,-++,0,195.30564972346474,0,0,0,0,69795.29,69814.08,18.79,0.0002692158740224448,18.79,18.79,70.18,101.11,190.08,190.08,+++,0,0.18583720700227474,1,5.54362598957232,1.4669313836875517,1.9450345714067225,1.871215572962683,0,other,4.533554151054692,-19.480755807664536,,,,bear_called_bull_truth,Bull,Bear
trend_method_v2_1,321004,321005,2026-03-10T18:41:13.132118,Bull,1.0,1.4937702969946258,regime=RUN|slope_sum=1.493770|v2_1_override=none,Bear,69641.64,69517.93,-123.71,03/10/2026  06:37:07 PM,03/10/2026  06:41:27 PM,False,True,False,True,False,False,True,False,False,False,False,False,RUN,Bull,69665.81036631302,69633.33620399328,69609.00470466241,69592.53655674208,69582.97595028167,69578.41995449112,1.4178426409234817,0.999035642533272,0.7274849066398019,0.4947346544613538,0.31060452718702436,0.17549102601697086,-87.39041182189249,-126.45537572212925,-146.26893814602226,1.0,47.44740854835254,1.0,34.34020110849815,0.1620625948483524,1.4937702969946258,1.4937702969946258,-0.7959422325147781,0.999035642533272,0.4947346544613538,87.39041182189249,1.0,34.34020110849815,0.1620625948483524,1,1,False,0.5043009880719183,1.4937702969946258,34.34020110849815,0.1620625948483524,58.50324644807614,False,False,False,False,False,False,4.125193397761905,3.205818056502381,2.6214995668269694,2.634413933796168,False,0.3048936509791283,24.331499330874067,30.47353837850096,False,0.15728207580473383,0.6903577342836797,0.40740636821828957,0.2195540694720067,1.0,4.125193397761905,0.0,0.3709296677403796,0,0,0,0,1,14.11660225095693,18.060475516336737,53>68>83,0.980830207665349,0,274.6816826649738,-1,1,1,++-,0,274.6816826649738,0,0,1,1,69641.64,69517.93,-123.71,-0.0017763797636012018,123.71,-123.71,-44.05,163.78,-3.9799999999999898,331.53999999999996,+--,0,0.7553425326657711,0,4.125193397761905,1.5036938309349352,1.5166081979041337,3.9958080900069035,1,release,3.945074957176082,177.14988289274152,,,,bull_called_bear_truth,Bear,Bull
trend_method_v2_1,321017,321018,2026-03-10T19:46:34.100692,Bull,1.0,0.33378051594263525,regime=RUN|slope_sum=0.333781|v2_1_override=none,Bear,69910.05,69894.98,-15.07,03/10/2026  07:42:18 PM,03/10/2026  07:46:48 PM,False,True,False,True,False,False,True,False,False,False,False,False,RUN,Bull,69937.28434135165,69933.5680738261,69928.08483887401,69924.14215313738,69921.38455053778,69919.63198881407,0.11972983189116349,0.21260723683553806,0.15836811023473274,0.12117327910709719,0.08710912186506903,0.06145254082366591,-17.652352537581464,-17.259149561272352,-32.9620585784578,1.0,-35.669190088578034,1.0,-3.1704059150943067,0.05542874095526279,0.33378051594263525,0.33378051594263525,-0.394260428013722,0.21260723683553806,0.12117327910709719,17.652352537581464,1.0,-3.1704059150943067,0.05542874095526279,1,1,False,0.09143395772844087,0.33378051594263525,3.1704059150943067,0.05542874095526279,52.88610836893566,False,False,False,False,False,False,0.7604401207572664,1.8192125042993468,-0.2485636296460143,0.001133893929363694,False,0.2581164068370181,5.483234952087514,10.902808434853796,False,0.14620682217606026,0.1471165315451799,-0.6742168544205924,0.29980635593972843,1.0,0.7604401207572664,0.5,0.06837735207323418,0,0,0,0,1,4.510164323306526,3.121798379201209,53>68>83,0.26973494179583213,0,62.636254456912866,-1,1,1,++-,0,62.636254456912866,0,0,0,0,69910.05,69894.98,-15.07,-0.00021556271237111116,15.07,-15.07,15.08,111.8,111.81,141.95,++-,1,0.13479427549194992,1,0.7604401207572664,1.0090037504032807,1.2587012739786587,3.6077418470940756,0,decay,1.2573660808713734,43.190650158891,,,,bull_called_bear_truth,Bear,Bull
trend_method_v2_1,321026,321027,2026-03-10T20:31:48.102392,Bear,1.0,-0.5500314647069899,regime=RUN|slope_sum=-0.550031|v2_1_override=none,Bull,70004.69,70067.27,62.58,03/10/2026  08:27:43 PM,03/10/2026  08:32:02 PM,False,True,False,False,True,False,False,True,False,False,False,False,RUN,Bear,70026.83594771389,70035.33152541493,70046.13700224835,70055.28427069224,70059.67667810348,70060.47427324526,-0.6408314259606414,-0.2936458350613975,-0.35884605367937183,-0.2563856296455924,-0.13544583672774024,-0.04414297127004829,33.638325531370356,59.28751561282843,65.9936350909411,1.0,30.708752079270198,1.0,9.004475651337998,0.09874643170499309,-0.5500314647069899,0.5500314647069899,0.42578490240564976,-0.2936458350613975,-0.2563856296455924,33.638325531370356,1.0,9.004475651337998,0.09874643170499309,-1,-1,False,0.0372602054158051,0.5500314647069899,9.004475651337998,0.09874643170499309,61.157093166097326,False,False,False,False,False,False,1.7292977523447917,2.9665118021422288,0.3059226181558188,-0.09099901328954729,False,0.3264554307430613,-10.805476833411376,-12.175329114834312,False,0.09992494886611215,0.41238580951721815,-0.3967972306363663,0.31885747734504083,1.0,1.7292977523447917,0.0,0.15549521655141113,0,0,1,1,0,5.19000255301944,13.282742087278166,83>68>53,0.43597443764338095,0,70.37402031678357,1,-1,-1,--+,0,70.37402031678357,0,0,0,0,70004.69,70067.27,62.58,0.0008939401060128971,62.58,62.58,3.17,3.17,68.92,68.92,+++,0,19.741324921135647,0,1.7292977523447917,1.4233751341889729,1.0264535027436068,0.6005549074016017,0,build,1.4868791556421292,-54.21510320674315,,,,bear_called_bull_truth,Bull,Bear
trend_method_v2_1,321039,321040,2026-03-10T21:37:04.098149,Bear,1.0,-1.8282758178447693,regime=RUN|slope_sum=-1.828276|v2_1_override=none,Bull,69997.22,70073.32,76.1,03/10/2026  09:32:53 PM,03/10/2026  09:37:18 PM,False,True,False,False,True,False,False,True,False,False,False,False,RUN,Bear,69894.22974109296,69928.7482030752,69959.7069654332,69980.64630669037,69994.18032564373,70002.88488590444,-1.2773011448243778,-1.1939749032935651,-0.9107278677875001,-0.6343009145512042,-0.4414200774717756,-0.3082800551910623,108.65514481147693,106.79897104171687,146.59907372886664,1.0,-28.73357596078131,1.0,31.883252560495748,0.2646685918675279,-1.8282758178447693,1.8282758178447693,0.6651199095353122,-1.1939749032935651,-0.6343009145512042,108.65514481147693,1.0,31.883252560495748,0.2646685918675279,-1,-1,False,0.559673988742361,1.8282758178447693,31.883252560495748,0.2646685918675279,59.43038996138073,False,False,False,False,False,False,4.766004963119485,2.4436425989079478,3.757354832963756,4.243672909440647,False,0.28384392732078284,-30.958762358000968,-27.269449575149338,False,0.13457816438402712,0.3665732770368777,-0.659294965564186,0.10838937096225605,1.0,4.766004963119485,0.33333333333333337,0.4285502440632352,0,0,1,1,0,22.23857921407034,6.2054108248703415,83>68>53,1.384001047214042,1,159.46767735859612,1,-1,1,+-+,1,159.46767735859612,0,0,0,0,69997.22,70073.32,76.1,0.0010871860339596343,76.1,76.1,-61.6,-59.08,-44.58000000000001,196.78,--+,1,1.2880839539607312,0,4.766004963119485,1.0086501301557291,1.4949682066326204,1.2347127870743861,0,other,6.1334319470608065,-119.98891911928149,,,,bear_called_bull_truth,Bull,Bear
trend_method_v2_1,321044,321045,2026-03-10T22:02:08.081556,Bear,1.0,-0.4088200876412884,regime=RUN|slope_sum=-0.408820|v2_1_override=none,Bull,70036.31,70081.26,44.95,03/10/2026  09:57:48 PM,03/10/2026  10:02:22 PM,False,True,False,False,True,False,False,True,False,False,False,False,RUN,Bear,70052.9445665527,70063.2536755055,70069.29089010635,70071.07642082935,70071.61480175501,70071.43273957344,-0.22259388801830937,-0.3489649927323626,-0.14532765748481324,-0.05985509490892582,-0.025950589866624796,-0.0014708670878462726,18.48817302074167,28.196355811771355,-11.398207628473756,0.8,-49.710737591580255,1.0,8.258607780298917,0.0354990428744627,-0.4088200876412884,0.4088200876412884,1.3178377314743341,-0.3489649927323626,-0.05985509490892582,18.48817302074167,1.0,8.258607780298917,0.0354990428744627,-1,-1,False,0.28910989782343677,0.4088200876412884,8.258607780298917,0.0354990428744627,45.22324998120878,False,False,False,False,False,False,0.8041630900988821,8.213964953124389,-0.4106173877898982,0.13596220504041412,False,0.3565876360464815,-6.037214600844891,-8.183617736125598,False,0.41197726722838757,0.33000843996160256,-0.2721970526381483,0.460335663121631,1.0,0.8041630900988821,0.33333333333333337,0.072308839624656,0,0,0,0,0,0.3563187440886395,10.977440316331922,68>83>53,0.08727655186339689,0,128.6773155405681,1,1,-1,-++,0,128.6773155405681,0,0,0,0,70036.31,70081.26,44.95,0.0006418099411576653,44.95,44.95,118.72,1.34,165.01,165.01,+++,0,33.54477611940298,0,0.8041630900988821,1.2147804778887803,1.7613600707190926,1.1152834218901262,0,decay,0.18578689685177677,19.309628311961205,,,,bear_called_bull_truth,Bull,Bear
trend_method_v2_1,321054,321055,2026-03-10T22:52:19.123210,Bull,1.0,0.8529476864805474,regime=RUN|slope_sum=0.852948|v2_1_override=none,Bear,69717.89,69641.65,-76.24,03/10/2026  10:47:50 PM,03/10/2026  10:52:33 PM,False,True,False,True,False,False,True,False,False,False,False,False,RUN,Bull,69748.68945666328,69725.57073528769,69714.15772261113,69704.2954528482,69696.76153118307,69691.96967999045,1.6606922932642192,0.5415083559746563,0.3718386753316736,0.3114393305058911,0.2351608937333367,0.1613162332396314,-56.719776672834996,-103.823238075056,-137.78105925183627,1.0,58.699320286134025,1.0,27.05502147800871,0.03447989849415278,0.8529476864805474,0.8529476864805474,-1.0866469782597434,0.5415083559746563,0.3114393305058911,56.719776672834996,1.0,27.05502147800871,0.03447989849415278,1,1,False,0.23006902546876518,0.8529476864805474,27.05502147800871,0.03447989849415278,66.4985409678212,False,False,False,False,False,False,3.2819557820494083,3.636077813104689,1.4326594075901085,0.5669188324063725,False,0.31372017120391515,11.413012676566723,22.490422863629647,False,0.18576693723995558,1.2888536179325456,1.0040610914711579,0.5007124815964407,1.0,3.2819557820494083,0.0,0.29510731992218425,0,0,0,0,1,12.325772857744596,12.680969955923501,53>68>83,0.7079164574788592,0,167.44878911270644,-1,1,-1,-+-,1,167.44878911270644,0,0,1,1,69717.89,69641.65,-76.24,-0.0010935500199446655,76.24,-76.24,-45.91,-176.3,-298.45,298.45,---,0,0.43244469653998857,0,3.2819557820494083,1.8492963744592998,0.9835557992755639,2.089694762706131,0,build,3.392474838013686,161.27554320693707,,,,bull_called_bear_truth,Bear,Bull
trend_method_v2_1,321057,321058,2026-03-10T23:07:23.108269,Bear,1.0,-0.055146170627267566,regime=RUN|slope_sum=-0.055146|v2_1_override=none,Bull,69760.88,69771.42,10.54,03/10/2026  11:02:52 PM,03/10/2026  11:07:37 PM,False,True,False,False,True,False,False,True,False,False,False,False,RUN,Bear,69726.8953980507,69741.99175072473,69736.99979969051,69737.00693141627,69742.1100269719,69748.23134522224,-2.1282164174444915,-0.00697251757264894,0.11034915213167551,-0.048173653054618626,-0.14843712996480463,-0.16747481772654282,21.335947171537555,60.720371254428755,95.7359114587889,0.8,-98.46075821451086,1.0,-1.0036058046825929,0.17899386356903482,-0.055146170627267566,0.055146170627267566,3.0284653739341802,-0.00697251757264894,-0.048173653054618626,21.335947171537555,1.0,-1.0036058046825929,0.17899386356903482,-1,-1,False,0.041201135481969686,0.055146170627267566,1.0036058046825929,0.17899386356903482,386.8980734083426,False,False,False,False,False,False,2.609623687894782,6.167610261290169,-0.09031582478382916,-2.266797012580355,False,0.644193394252996,4.9919510342151625,-9.78233227119199,True,1.0,2.238565569576167,0.7377466745256243,0.996894945753736,0.8333333333333334,2.609623687894782,0.0,0.1955437305483686,0,1,1,0,0,11.224413805975928,16.167672834257246,83>68>53,0.3640856007459661,1,148.08680425309285,1,-1,1,+-+,1,148.08680425309285,0,0,0,0,69760.88,69771.42,10.54,0.00015108754362043596,10.54,10.54,-5.75,124.98,129.77,141.27,+-+,1,0.08433349335893742,0,2.609623687894782,2.699939512678611,0.5234583248820854,3.2819557820494083,0,other,3.1017376917923682,-85.21583251307129,,,,bear_called_bull_truth,Bull,Bear
trend_method_v2_1,321064,321065,2026-03-10T23:42:34.069795,Bear,1.0,-0.6023269423239981,regime=RUN|slope_sum=-0.602327|v2_1_override=none,Bull,69575.78,69586.02,10.24,03/10/2026  11:38:00 PM,03/10/2026  11:42:48 PM,False,True,False,False,True,False,False,True,False,False,False,False,RUN,Bear,69553.96850943797,69564.86168406402,69575.16243665887,69579.52478426782,69581.61668923569,69582.861104646,-0.03897221751140023,-0.46834685522662767,-0.26242112278123386,-0.13398008709737041,-0.07924584232387133,-0.05107203398256388,28.892595208031707,30.00452052199398,16.672252507822122,1.0,-48.54486634871864,1.0,6.667465663587791,0.09773504457566781,-0.6023269423239981,0.6023269423239981,0.7428971004699348,-0.46834685522662767,-0.13398008709737041,28.892595208031707,1.0,6.667465663587791,0.09773504457566781,-1,-1,False,0.33436676812925725,0.6023269423239981,6.667465663587791,0.09773504457566781,47.968292928344674,False,False,False,False,False,False,1.0340381589230674,2.912395485784429,0.5187023048310948,1.5656056966636243,False,0.29776084717064316,-10.300752594848746,-7.601092034921749,False,0.28179359063702497,0.6353003701606212,0.34863020342891105,0.8253438937693148,1.0,1.0340381589230674,0.5,0.09297877547469716,0,0,1,1,0,3.3363203781773336,5.39651821165171,83>68>53,0.2642979634038056,0,84.23135425544751,1,1,-1,-++,0,84.23135425544751,0,0,0,0,69575.78,69586.02,10.24,0.00014717765291312582,10.24,10.24,18.92,-35.46,-6.299999999999999,64.62,-++,0,0.2887760857304005,1,1.0340381589230674,0.5153358540919726,1.562239245924502,0.9342352220428438,0,other,0.9820683185014094,-8.722530269471463,,,,bear_called_bull_truth,Bull,Bear
trend_method_v2_1,321067,321068,2026-03-10T23:57:39.117596,Bear,1.0,-0.38034763660107274,regime=RUN|slope_sum=-0.380348|v2_1_override=none,Bull,69555.36,69621.79,66.43,03/10/2026  11:53:06 PM,03/10/2026  11:57:53 PM,False,True,False,False,True,False,False,True,False,False,False,False,RUN,Bear,69550.79158684876,69558.71361579314,69563.35074358674,69571.37542068618,69578.331993932,69582.3735194871,-0.5900749658649147,-0.13203128843088052,-0.20419452801797888,-0.2483163481701922,-0.20113262581071467,-0.1281669959480496,31.581932638335275,80.07619132752006,135.2261689320876,1.0,-15.090454085890087,1.0,5.730423285102006,0.027703163220402977,-0.38034763660107274,0.38034763660107274,0.6256634824712679,-0.13203128843088052,-0.2483163481701922,31.581932638335275,1.0,5.730423285102006,0.027703163220402977,-1,-1,False,0.11628505973931169,0.38034763660107274,5.730423285102006,0.027703163220402977,83.03438643805734,False,False,False,False,False,False,1.5039167522427306,1.6036620012907605,-0.819694152851298,-2.789341635945675,False,0.5463702278553435,-4.637127793597756,-20.6276500771055,False,0.21462730122650925,0.5302069170211325,-0.5232466313154873,0.5723917405065203,1.0,1.5039167522427306,0.16666666666666663,0.13522937894772233,0,0,1,1,0,10.998098800919252,15.768732626820565,83>68>53,0.5776159699289565,0,157.46304522473656,1,-1,-1,--+,0,157.46304522473656,0,0,0,0,69555.36,69621.79,66.43,0.000955066582934802,66.43,66.43,-5.47,-25.19,35.77000000000001,97.09,--+,1,2.6371576022231045,0,1.5039167522427306,2.3236109050940286,0.3539634219996515,1.0340381589230674,0,other,3.0127651833853717,-115.12176548629759,,,,bear_called_bull_truth,Bull,Bear
trend_method_v2_1,321070,321071,2026-03-11T00:12:43.114902,Bull,1.0,0.35568729583974346,regime=RUN|slope_sum=0.355687|v2_1_override=none,Bear,69577.17,69543.24,-33.93,03/11/2026  12:08:11 AM,03/11/2026  12:12:57 AM,False,True,False,True,False,False,True,False,False,False,False,False,RUN,Bull,69584.57163795138,69582.10188405559,69574.88732969803,69567.13452661212,69561.47146897069,69557.73412827833,0.22839690345608687,0.12869157734712644,0.25485245374693477,0.22699571849261702,0.1727701354338933,0.12352982743868779,-26.837509673045133,-30.241422666906146,-58.03925149524002,1.0,22.043421807000414,1.0,-0.21062972505751532,0.09372322052173936,0.35568729583974346,0.35568729583974346,-0.16500934817299495,0.12869157734712644,0.22699571849261702,26.837509673045133,1.0,-0.21062972505751532,0.09372322052173936,1,1,False,0.09830414114549058,0.35568729583974346,0.21062972505751532,0.09372322052173936,75.45253931458068,False,False,False,False,False,False,1.1352366159153462,1.1693980216952835,0.4141054712890764,1.0065590418562351,False,0.21561705321026403,7.214554357560701,8.03795244351204,False,0.3289345320794951,0.22586620250876877,-0.11171380474661419,0.3690980448542934,1.0,1.1352366159153462,0.33333333333333337,0.10207835127842815,0,0,0,0,1,9.40039833378978,5.407058605196653,53>68>83,0.5232956813651981,0,114.01509996804816,-1,1,-1,-+-,1,114.01509996804816,0,0,0,0,69577.17,69543.24,-33.93,-0.0004876599608750974,33.93,-33.93,24.82,-69.44,-78.55,128.19,-+-,1,0.4886232718894009,0,1.1352366159153462,0.7211311446262698,1.3135847151934286,1.5039167522427306,1,release,2.6087580358054487,65.96549013400545,,,,bull_called_bear_truth,Bear,Bull
trend_method_v2_1,321076,321077,2026-03-11T00:42:51.086835,Bull,1.0,0.7936682634444878,regime=RUN|slope_sum=0.793668|v2_1_override=none,Bear,69969.42,69943.84,-25.58,03/11/2026  12:38:25 AM,03/11/2026  12:43:05 AM,False,True,False,True,False,False,True,False,False,False,False,False,RUN,Bull,70002.85178070741,69982.90751145408,69969.91545749638,69963.02075997215,69960.68588724681,69960.67083480656,1.038096535468867,0.5922194699724059,0.3679512689795956,0.2014487934720819,0.08557514397216437,0.026276778957253555,-42.18094590085093,-55.83035817508062,-61.503817157426965,1.0,-57.42176554472826,1.0,21.17382478225045,0.08954431582283826,0.7936682634444878,0.7936682634444878,-1.0028922657606887,0.5922194699724059,0.2014487934720819,42.18094590085093,1.0,21.17382478225045,0.08954431582283826,1,1,False,0.39077067650032404,0.7936682634444878,21.17382478225045,0.08954431582283826,53.146821970412866,False,False,False,False,False,False,2.3115679908223683,6.378112687939269,-0.431045250448733,-1.281808568541237,False,0.645785593563261,12.992053957699682,15.156719805236207,False,0.2335711680170472,0.6701452664892713,-1.3427758954039746,0.3353631794242793,1.0,2.3115679908223683,0.5,0.2078518663537642,0,0,0,0,1,2.349925165588502,8.254111015732633,53>68>83,0.3133007164014998,0,147.7063047154079,-1,1,1,++-,0,147.7063047154079,0,0,1,1,69969.42,69943.84,-25.58,-0.00036558828128059373,25.58,-25.58,82.17,153.35,209.94,261.09999999999997,++-,1,0.1668079556569938,1,2.3115679908223683,2.7426132412711013,1.8918499231785972,4.267189149371916,0,other,0.7478372531602825,75.3177610672592,,,,bull_called_bear_truth,Bear,Bull
trend_method_v2_1,321085,321086,2026-03-11T01:28:05.098956,Bull,1.0,0.14719497259284253,regime=RUN|slope_sum=0.147195|v2_1_override=none,Bear,69977.16,69918.3,-58.86,03/11/2026  01:23:33 AM,03/11/2026  01:28:19 AM,False,True,False,True,False,False,True,False,False,False,False,False,RUN,Bull,69960.68931349833,69958.23803525283,69956.23349830182,69953.10909749656,69950.27764556925,69948.69471092157,0.2371564510758617,0.04884176727500744,0.0797988080594223,0.09835320531783509,0.08143081329217239,0.04874952537466015,-11.994602576756733,-47.203215866713435,-55.434549265599344,1.0,51.93897725394345,1.0,1.7883619356289273,0.022500314078448963,0.14719497259284253,0.14719497259284253,-0.4779309793780759,0.04884176727500744,0.09835320531783509,11.994602576756733,1.0,1.7883619356289273,0.022500314078448963,1,1,False,0.04951143804282765,0.14719497259284253,1.7883619356289273,0.022500314078448963,81.48785495504063,False,False,False,False,False,False,0.5943305703949591,1.6006272866220148,-1.6858355550211854,-2.7044142433078378,False,0.5461909547524726,2.004536951004411,12.907805036840728,False,0.24064756165723883,0.2192717245852691,-1.2165174971469241,0.5994355031725322,1.0,0.5943305703949591,0.16666666666666663,0.05344109227076692,0,0,0,0,1,4.414386574993841,12.84480586067366,53>68>83,0.22853354398466763,0,77.97373078161036,-1,1,1,++-,0,77.97373078161036,0,0,1,1,69977.16,69918.3,-58.86,-0.0008411315920794728,58.86,-58.86,-57.25,-22.39,-138.5,138.5,---,0,2.6288521661456006,0,0.5943305703949591,2.2801661254161445,1.2615874371294922,0.7592700845707441,0,other,1.2311071955909132,67.12583680529315,,,,bull_called_bear_truth,Bear,Bull
trend_method_v2_1,321091,321092,2026-03-11T01:58:12.085443,Bear,1.0,-0.1906352196347143,regime=RUN|slope_sum=-0.190635|v2_1_override=none,Bull,69560.65,69625.61,64.96,03/11/2026  01:53:40 AM,03/11/2026  01:58:26 AM,False,True,False,False,True,False,False,True,False,False,False,False,RUN,Bear,69568.378101898,69574.81777864759,69577.46060599771,69580.01426211065,69581.64350570136,69581.97595851019,-0.5498463068979618,-0.1125963362337643,-0.09195025258122769,-0.07803888340095,-0.04787502178987779,-0.013799249049043283,13.597856612192118,34.8643527959357,48.40794224974525,1.0,1.6864156255323905,1.0,6.104064053695765,0.007713723890455659,-0.1906352196347143,0.1906352196347143,1.2392374177896717,-0.1125963362337643,-0.07803888340095,13.597856612192118,1.0,6.104064053695765,0.007713723890455659,-1,-1,False,0.034557452832814306,0.1906352196347143,6.104064053695765,0.007713723890455659,71.32919424987499,False,False,False,False,False,False,0.8941060499528248,5.399583881827976,-0.00972503264893021,1.1098544069009222,False,0.33749593608174666,-2.6428273501223885,-5.609324370074319,False,0.10093584924660151,0.4578960543167341,0.16515729353159259,0.6069729141391111,1.0,0.8941060499528248,0.0,0.06659054233783314,0,0,1,1,0,1.9616963995358674,10.041743149209651,83>68>53,0.13971315423987107,0,301.34235492958396,1,-1,-1,--+,0,301.34235492958396,0,0,0,0,69560.65,69625.61,64.96,0.0009338613138318863,64.96,64.96,49.12,-320.62,-206.54000000000002,434.7,-++,0,0.2026074480693656,0,0.8941060499528248,0.903831082601755,2.0234105221516074,13.42692248122512,0,decay,0.5614497389669055,-42.633460586139336,,,,bear_called_bull_truth,Bull,Bear
trend_method_v2_1,321098,321099,2026-03-11T02:33:22.080841,Bull,1.0,0.8430649297715718,regime=RUN|slope_sum=0.843065|v2_1_override=none,Bear,69808.84,69770.75,-38.09,03/11/2026  02:28:49 AM,03/11/2026  02:33:36 AM,False,True,False,True,False,False,True,False,False,False,False,False,RUN,Bull,69905.72451542215,69892.37583167513,69877.38923199559,69862.0071049424,69850.21063237073,69841.79652969497,0.8481016308560356,0.38154655144171556,0.5154856672415917,0.4615183783298562,0.3628278413307271,0.2767591973897652,-63.92798572717584,-72.04242551489733,-86.49841886211652,1.0,25.52158769770176,1.0,15.717239785546553,0.16441735513508315,0.8430649297715718,0.8430649297715718,-0.43955361922316855,0.38154655144171556,0.4615183783298562,63.92798572717584,1.0,15.717239785546553,0.16441735513508315,1,1,False,0.07997182688814064,0.8430649297715718,15.717239785546553,0.16441735513508315,75.8280690723277,False,False,False,False,False,False,2.8462392665896914,1.584892620194553,2.5318872463012667,2.684224274729786,False,0.24525469380237008,14.986599679541541,18.502083932078676,False,0.14931360659093862,0.6004941952141962,0.47684919926177827,0.3440963541981073,1.0,2.8462392665896914,0.0,0.21198001780151712,0,0,0,0,1,20.210575247430825,0.777900530025363,53>68>83,1.1011054170503485,0,122.75950383895542,-1,1,1,++-,0,122.75950383895542,0,0,0,0,69808.84,69770.75,-38.09,-0.0005456329026524436,38.09,-38.09,-9.16,120.98,73.73,168.23000000000002,+--,0,0.31484542899652834,0,2.8462392665896914,0.3143520202884247,0.46668904871694394,2.63084461958897,1,release,5.515483019666486,105.47735199345698,,,,bull_called_bear_truth,Bear,Bull
trend_method_v2_1,321100,321101,2026-03-11T02:43:25.080786,Bear,1.0,-0.6528488208987255,regime=RUN|slope_sum=-0.652849|v2_1_override=none,Bull,69875.2,69888.6,13.4,03/11/2026  02:38:52 AM,03/11/2026  02:43:39 AM,False,True,False,False,True,False,False,True,False,False,False,False,RUN,Bear,69835.75591118149,69847.24764911705,69858.39013924384,69865.87611314846,69870.71522057684,69874.19222072366,-0.15791075159177126,-0.42744387780112447,-0.32816072785499273,-0.22540494309760106,-0.1600467660009599,-0.12130400404203101,38.43630954217224,33.20749017811613,-35.94931491311581,1.0,-66.5945252893871,1.0,9.481812668396742,0.09248015954411434,-0.6528488208987255,0.6528488208987255,0.6168913290739746,-0.42744387780112447,-0.22540494309760106,38.43630954217224,1.0,9.481812668396742,0.09248015954411434,-1,-1,False,0.2020389347035234,0.6528488208987255,9.481812668396742,0.09248015954411434,58.87474758591124,False,False,False,False,False,False,1.4202710703884804,1.8026740174006621,0.571882019386976,2.569732234975163,False,0.2572791564354032,-11.142490126789198,-7.426947930187453,False,0.1313956389399199,0.36881627615548496,-0.24675790221226634,0.4037329785747698,1.0,1.4202710703884804,0.33333333333333337,0.10577785582470198,0,0,1,1,0,8.316107575199567,0.6250149849802256,83>68>53,0.506755713140592,0,174.4067207842454,1,1,-1,-++,0,174.4067207842454,0,0,0,0,69875.2,69888.6,13.4,0.00019177047078219455,13.4,13.4,104.45,-38.09,79.76,155.94000000000003,-++,0,0.35179837227618793,0,1.4202710703884804,0.8483890510015044,2.8462392665896914,0.3143520202884247,0,other,2.3014385248971165,43.129504941091,,,,bear_called_bull_truth,Bull,Bear
trend_method_v2_1,321102,321103,2026-03-11T02:53:28.137852,Bull,1.0,1.2080299093595386,regime=RUN|slope_sum=1.208030|v2_1_override=none,Bear,69837.6,69720.02,-117.58,03/11/2026  02:48:56 AM,03/11/2026  02:53:42 AM,False,True,False,True,False,False,True,False,False,False,False,False,RUN,Bull,69931.07084876292,69931.27308869068,69904.34208505414,69874.51740294383,69852.93296732091,69838.92729699149,0.353734466858441,0.34220067118621955,0.9538781437422585,0.865829238173319,0.653055247865268,0.4634034643531777,-92.14355177142716,-126.66893451318901,-122.75800771277864,0.8,112.32095054828096,1.0,-13.278878526078188,0.41619507490624014,1.2080299093595386,1.2080299093595386,0.0035633421585551735,0.34220067118621955,0.865829238173319,92.14355177142716,1.0,-13.278878526078188,0.41619507490624014,1,1,False,0.5236285669870995,1.2080299093595386,13.278878526078188,0.41619507490624014,76.2758860997729,False,False,False,False,False,False,3.632101232178684,0.8322773093893157,2.4572763123815093,2.7027224629728153,False,0.18169243380887745,26.931003636535024,32.69864450900059,False,0.47194465761697785,0.6232112682282605,0.40298235387126624,0.3777465456898601,1.0,3.632101232178684,0.16666666666666663,0.2705088405222757,0,0,0,0,0,35.590105952345766,17.31382483773632,53>68>83,1.9822879503917648,0,163.78735149171553,-1,-1,1,+--,0,163.78735149171553,0,0,0,0,69837.6,69720.02,-117.58,-0.0016836202847749634,117.58,-117.58,-51.0,13.4,-155.18,181.98000000000002,+--,0,8.77462686567164,0,3.632101232178684,1.1748249197971745,1.4202710703884804,0.8483890510015044,0,other,9.761233366885694,155.8596345756505,,,,bull_called_bear_truth,Bear,Bull
trend_method_v2_1,321109,321110,2026-03-11T03:28:36.113432,Bull,1.0,0.26940528136219655,regime=RUN|slope_sum=0.269405|v2_1_override=none,Bear,69851.36,69813.0,-38.36,03/11/2026  03:24:04 AM,03/11/2026  03:28:50 AM,False,True,False,True,False,False,True,False,False,False,False,False,RUN,Bull,69842.604072398,69832.40404521016,69829.42371359827,69827.3230101236,69825.74853769821,69825.08455557872,0.7449256069103285,0.1982137074774073,0.09233360361031373,0.07119157388478925,0.0496031844868412,0.023685065309109632,-17.51951681927312,-38.4519227976416,-38.80709863676748,1.0,37.37218777493399,1.0,12.124386603449238,0.017573379081884583,0.26940528136219655,0.26940528136219655,-2.0074703307595856,0.1982137074774073,0.07119157388478925,17.51951681927312,1.0,12.124386603449238,0.017573379081884583,1,1,False,0.12702213359261805,0.26940528136219655,12.124386603449238,0.017573379081884583,65.03033916294817,False,False,False,False,False,False,1.1799527416787896,7.166903250699935,-0.16295769759562972,-0.3249678425181628,False,0.44851217979059604,2.980331611892325,9.868028408818645,False,0.3644160514537566,0.6525920033000148,-0.057478694629025995,0.6302357038576301,1.0,1.1799527416787896,0.16666666666666663,0.08787961227367767,0,0,0,0,1,2.2384545448730933,9.389357307954924,53>68>83,0.14447982368074008,0,63.93276749506185,-1,1,1,++-,0,63.93276749506185,0,0,1,1,69851.36,69813.0,-38.36,-0.0005491661150190919,38.36,-38.36,-68.79,0.2,-106.95,107.35000000000001,+--,0,191.79999999999998,0,1.1799527416787896,1.3429104392744193,1.1809002943518863,0.2717967748303636,0,other,0.6720679734086329,48.6176483509571,,,,bull_called_bear_truth,Bear,Bull
trend_method_v2_1,321110,321111,2026-03-11T03:33:37.092170,Bear,1.0,-0.46707281651106314,regime=RUN|slope_sum=-0.467073|v2_1_override=none,Bull,69813.0,69834.18,21.18,03/11/2026  03:29:05 AM,03/11/2026  03:33:51 AM,False,True,False,False,True,False,False,True,False,False,False,False,RUN,Bear,69739.40563703573,69751.26589209842,69757.13038785126,69764.17504560591,69771.49503033102,69777.95785921619,-0.8883906993251003,-0.23630341170610336,-0.20940553780383198,-0.23076940480495978,-0.22516342707604053,-0.200149507893002,38.55222218045674,56.07173899972986,94.52366179737146,1.0,-40.657455402368214,1.0,10.414930305894814,0.03766001405421687,-0.46707281651106314,0.46707281651106314,0.918747697507963,-0.23630341170610336,-0.23076940480495978,38.55222218045674,1.0,10.414930305894814,0.03766001405421687,-1,-1,False,0.005534006901143584,0.46707281651106314,10.414930305894814,0.03766001405421687,82.5400683097634,False,False,False,False,False,False,1.990181988609038,2.0334332567076667,0.8102292469302483,0.9731869445258781,False,0.268136211958677,-5.864495752830408,-8.844827364722732,False,0.06034851651923539,0.6789851615212683,0.026393158221253543,0.5089463610264591,1.0,1.990181988609038,0.0,0.14822324262256759,0,0,1,1,0,13.782813610276207,2.2384545448730933,83>68>53,0.6560823397740023,1,94.87883763649734,1,-1,1,+-+,1,94.87883763649734,0,0,0,0,69813.0,69834.18,21.18,0.000303381891624769,21.18,21.18,-38.36,-68.79,-85.97,128.33,--+,1,0.30789358918447446,1,1.990181988609038,1.1799527416787896,1.3429104392744193,1.1809002943518863,0,other,3.717188615956538,-85.65244127442747,,,,bear_called_bull_truth,Bull,Bear
trend_method_v2_1,321115,321116,2026-03-11T03:58:45.063386,Bear,1.0,-0.1049751107038901,regime=RUN|slope_sum=-0.104975|v2_1_override=none,Bull,69642.44,69686.72,44.28,03/11/2026  03:54:12 AM,03/11/2026  03:58:59 AM,False,True,False,False,True,False,False,True,False,False,False,False,RUN,Bear,69667.12855964982,69678.59751396714,69677.28620499789,69676.7687924067,69678.07067607762,69679.56900653591,-1.2399297815409227,-0.09888028671048232,0.0313916539253114,-0.006094823993407772,-0.03970517262314388,-0.03763114619687258,12.440446886088466,42.48550079850247,-1.6351366694871103,0.6,-110.2411970885878,1.0,2.227231808225042,0.08681232194025401,-0.1049751107038901,0.1049751107038901,6.271569471904566,-0.09888028671048232,-0.006094823993407772,12.440446886088466,1.0,2.227231808225042,0.08681232194025401,-1,-1,False,0.09278546271707455,0.1049751107038901,2.227231808225042,0.08681232194025401,118.50853790647592,False,False,False,False,False,False,1.4536328649901407,16.4231445953087,-0.5992904631111742,1.5147076392186136,False,0.3770420317749241,1.3113089692487847,-3.901302715516067,True,1.0,1.271321435466234,0.20136203478432435,0.9278352339585444,0.8333333333333334,1.4536328649901407,0.0,0.09021879157483514,0,1,1,0,0,2.8002141292090528,20.2911094937881,83>68>53,0.08343114281342423,0,135.46568676407333,1,1,-1,-++,0,135.46568676407333,0,0,0,0,69642.44,69686.72,44.28,0.0006358191930093201,44.28,44.28,57.45,64.13,165.86,165.86,+++,0,0.6904724777795105,1,1.4536328649901407,2.052923328101315,4.166921430431103,1.9550131309697463,0,decay,0.883425989427633,5.737801419787502,,,,bear_called_bull_truth,Bull,Bear
trend_method_v2_1,321117,321118,2026-03-11T04:08:48.065474,Bear,1.0,-1.184160908585909,regime=RUN|slope_sum=-1.184161|v2_1_override=none,Bull,69648.29,69681.76,33.47,03/11/2026  04:04:14 AM,03/11/2026  04:09:02 AM,False,True,False,False,True,False,False,True,False,False,False,False,RUN,Bear,69630.32519512024,69660.01444494993,69679.86195924571,69691.4568088028,69696.50516351282,69698.09920398405,-1.4139337961332785,-0.8450842675829335,-0.5841596214504534,-0.3390766410029755,-0.17686608400072146,-0.08320480871589098,67.77400886380929,61.60943914319796,67.8853163086751,1.0,16.91138581339328,1.0,36.26366842587595,0.12550353124236036,-1.184160908585909,1.184160908585909,0.9442435679352571,-0.8450842675829335,-0.3390766410029755,67.77400886380929,1.0,36.26366842587595,0.12550353124236036,-1,-1,False,0.506007626579958,1.184160908585909,36.26366842587595,0.12550353124236036,57.233783324888726,False,False,False,False,False,False,3.4423252188862534,4.745371590726308,2.8755783125088783,3.762464271121644,False,0.3303787416212302,-19.84751429577591,-15.233015298101236,False,0.18256131660562583,0.8297741746828251,0.4698652761653648,0.2918474561093723,1.0,3.4423252188862534,0.5,0.2563748486445543,0,0,1,1,0,6.642395181246684,3.7201469935680507,83>68>53,0.599147533719588,1,110.37081710717757,1,-1,1,+-+,1,110.37081710717757,0,0,0,0,69648.29,69681.76,33.47,0.0004805573833901737,33.47,33.47,-38.43,44.28,39.32,116.18,+-+,1,0.7558717253839204,1,3.4423252188862534,0.5667469063773751,1.4536328649901407,2.052923328101315,1,release,1.92764200629035,-52.1824357344085,,,,bear_called_bull_truth,Bull,Bear
trend_method_v2_1,321122,321123,2026-03-11T04:33:54.082496,Bull,1.0,1.1879154057842243,regime=RUN|slope_sum=1.187915|v2_1_override=none,Bear,69568.49,69506.29,-62.2,03/11/2026  04:29:21 AM,03/11/2026  04:34:08 AM,False,True,False,True,False,False,True,False,False,False,False,False,RUN,Bull,69596.76973144714,69572.46803818578,69553.99702764569,69544.28185279625,69538.98398173499,69536.55000844889,0.17878809405920038,0.8867932621778891,0.49872393623081734,0.30112214360633516,0.18107839544609305,0.10028388605132932,-60.21972299825575,-83.04806607861246,-123.22726289001002,1.0,23.923369609750807,1.0,21.48172516125487,0.12353224242078359,1.1879154057842243,1.1879154057842243,-0.8621845391515086,0.8867932621778891,0.30112214360633516,60.21972299825575,1.0,21.48172516125487,0.12353224242078359,1,1,False,0.585671118571554,1.1879154057842243,21.48172516125487,0.12353224242078359,50.69361227662553,False,False,False,False,False,False,2.1467897175716644,2.685574454955183,0.9536697406165331,0.9057876370770828,False,0.29146875069578154,18.471010540088173,26.069462931947783,False,0.28008986564206995,1.0960744940657605,0.5710138130089035,0.7006781216833654,1.0,2.1467897175716644,0.16666666666666663,0.15988695254430216,0,0,0,0,1,7.7318443473632215,9.117615146999015,53>68>83,0.5824844251037575,0,171.7747006145364,-1,1,-1,-+-,1,171.7747006145364,0,0,1,1,69568.49,69506.29,-62.2,-0.000894082938985739,62.2,-62.2,-11.57,-35.11,-108.88,108.88,---,0,1.7715750498433496,0,2.1467897175716644,1.1931199769551313,1.145237873415681,1.3488048686740512,0,build,2.207968336728619,149.8677396349667,,,,bull_called_bear_truth,Bear,Bull
trend_method_v2_1,321125,321126,2026-03-11T04:48:59.094071,Bear,1.0,-0.6436593463658937,regime=RUN|slope_sum=-0.643659|v2_1_override=none,Bull,69595.36,69675.68,80.32,03/11/2026  04:44:25 AM,03/11/2026  04:49:13 AM,False,True,False,False,True,False,False,True,False,False,False,False,RUN,Bear,69614.53151413426,69633.65420155154,69641.25766815155,69646.76230554996,69651.24275043122,69654.16920420267,-1.1168732925325457,-0.45996045650827,-0.22917217889335006,-0.18369888985762373,-0.14269700008480868,-0.09775662668471341,39.63769006841176,64.49772417842178,81.44097109351424,1.0,-49.74838145713147,1.0,22.700192645657808,0.018212072167634263,-0.6436593463658937,0.6436593463658937,1.4588446519910725,-0.45996045650827,-0.18369888985762373,39.63769006841176,1.0,22.700192645657808,0.018212072167634263,-1,-1,False,0.2762615666506463,0.6436593463658937,22.700192645657808,0.018212072167634263,61.58178280515384,False,False,False,False,False,False,2.2301584445613116,4.2579163323030516,0.9461400235741166,1.9769708692856511,False,0.32392423638571033,-7.603466600005049,-13.926129513027263,False,0.33489674666244573,0.8877011136391957,0.2945404165020591,0.4915272424684727,1.0,2.2301584445613116,0.16666666666666663,0.1660960244374498,0,0,1,1,0,7.406898652712698,10.239139983343193,83>68>53,0.4241525166271458,1,133.74390689685242,1,-1,1,+-+,1,133.74390689685242,0,0,0,0,69595.36,69675.68,80.32,0.0011540999285009803,80.32,80.32,29.5,59.57,169.39,169.39,+++,0,1.348329696155783,0,2.2301584445613116,1.284018420987195,2.3148492666987295,2.1467897175716644,0,other,2.0716201818283997,-67.22030116398491,,,,bear_called_bull_truth,Bull,Bear
trend_method_v2_1,321128,321129,2026-03-11T05:04:04.090047,Bear,1.0,-0.5156003452193545,regime=RUN|slope_sum=-0.515600|v2_1_override=none,Bull,69512.87,69631.28,118.41,03/11/2026  04:59:30 AM,03/11/2026  05:04:18 AM,False,True,False,False,True,False,False,True,False,False,False,False,RUN,Bear,69571.97673200326,69585.01200656514,69591.71940728258,69595.72025480053,69597.88797164583,69597.77260621398,-0.2962964848666161,-0.3869511501161469,-0.1869188764685532,-0.1286491951032076,-0.06692604626368848,-0.006315533819361008,25.79587421072938,80.48061955576122,169.48739704184118,0.8,26.849835528977565,1.0,14.20511338423239,0.014051958703480305,-0.5156003452193545,0.5156003452193545,1.2173115783394894,-0.3869511501161469,-0.1286491951032076,25.79587421072938,1.0,14.20511338423239,0.014051958703480305,-1,-1,False,0.2583019550129393,0.5156003452193545,14.20511338423239,0.014051958703480305,50.03075434279415,False,False,False,False,False,False,1.0720572866375733,4.310085543277212,-1.9726302488506917,-3.5967724508718675,False,0.6246716466731094,-6.707400717437849,-26.196162065753015,False,0.3485672092652325,0.2906869388971245,-1.4427194793206581,0.334058981897958,1.0,1.0720572866375733,0.16666666666666663,0.07984385760300859,0,0,0,0,0,2.052351413454744,14.778022049373249,68>83>53,0.2018907751862571,0,174.80305496920482,1,-1,-1,--+,0,174.80305496920482,0,0,0,0,69512.87,69631.28,118.41,0.0017034255670928277,118.41,118.41,-65.49,-97.32,-44.400000000000006,281.22,--+,1,1.216707768187423,0,1.0720572866375733,3.044687535488265,1.4205453334670892,2.2301584445613116,0,other,0.6461292448279736,-144.73395445540882,,,,bear_called_bull_truth,Bull,Bear
trend_method_v2_1,321129,321130,2026-03-11T05:09:05.078038,Bull,1.0,0.3907923102378845,regime=RUN|slope_sum=0.390792|v2_1_override=none,Bear,69631.28,69558.15,-73.13,03/11/2026  05:04:33 AM,03/11/2026  05:09:19 AM,False,True,False,True,False,False,True,False,False,False,False,False,RUN,Bull,69604.18523164601,69596.65176384323,69590.28050438462,69586.51705654622,69584.81238291554,69584.65145495045,0.5270067536748684,0.27830770824220963,0.17974516813956143,0.1124846019956749,0.056046725914711715,0.016048570527345873,-19.533776695563574,-45.329650906292954,-125.81027046205418,1.0,-42.07586944071227,1.0,4.9513081741461065,0.05061299532840387,0.3907923102378845,0.3907923102378845,-0.7433335350756871,0.27830770824220963,0.1124846019956749,19.533776695563574,1.0,4.9513081741461065,0.05061299532840387,1,1,False,0.16582310624653473,0.3907923102378845,4.9513081741461065,0.05061299532840387,49.98505902962344,False,False,False,False,False,False,1.169639528494372,5.336765478766078,0.09758224185679865,2.0702124907074904,False,0.336876313106369,6.371259458610439,13.078660176048288,False,0.2151772102845606,0.34726158553530695,0.05657464663818246,0.35252849161561917,1.0,1.169639528494372,0.0,0.0871115127185608,0,0,0,0,1,1.8656015957676573,2.052351413454744,53>68>83,0.18457989843773248,0,214.81704794813413,-1,1,-1,-+-,1,214.81704794813413,0,0,1,1,69631.28,69558.15,-73.13,-0.0010502463835218884,73.13,-73.13,118.41,-65.49,-20.209999999999994,257.03,-+-,1,1.1166590319132692,0,1.169639528494372,1.0720572866375733,3.044687535488265,1.4205453334670892,0,other,0.5725089398596914,138.94550528474065,,,,bull_called_bear_truth,Bear,Bull
trend_method_v2_1,321130,321131,2026-03-11T05:14:06.077528,Bear,1.0,-0.4842392531263613,regime=RUN|slope_sum=-0.484239|v2_1_override=none,Bull,69558.15,69641.65,83.5,03/11/2026  05:09:34 AM,03/11/2026  05:14:20 AM,False,True,False,False,True,False,False,True,False,False,False,False,RUN,Bear,69567.22726463228,69569.35845945629,69579.40695264822,69588.79932047278,69594.45716949884,69596.95049786898,-0.11141770030189946,-0.21482945377101714,-0.33025103466752626,-0.26940979935534415,-0.1706723222614528,-0.09332959615130676,29.723233236698434,49.25700993226201,94.58666083855496,1.0,25.420194182064733,1.0,-3.3477669457060983,0.13575216904878507,-0.4842392531263613,0.4842392531263613,0.10962450799300887,-0.21482945377101714,-0.26940979935534415,29.723233236698434,1.0,-3.3477669457060983,0.13575216904878507,-1,-1,False,0.054580345584327006,0.4842392531263613,3.3477669457060983,0.13575216904878507,61.381296631362126,False,False,False,False,False,False,1.1899099065085466,1.2307532190844184,0.02027037801417464,-0.077311863842624,False,0.24388192728874158,-10.04849319193454,-16.41975265054498,False,0.21175144468507726,0.2188333343656268,-0.12842825116968015,0.3333342545628044,1.0,1.1899099065085466,0.0,0.08862119433342963,0,0,1,1,0,8.151177396197454,1.8656015957676573,83>68>53,0.5334117177681037,1,175.06728039431619,1,-1,1,+-+,1,175.06728039431619,0,0,0,0,69558.15,69641.65,83.5,0.0012004344566380791,83.5,83.5,-73.13,118.41,128.78,275.03999999999996,+-+,1,0.705176927624356,0,1.1899099065085466,1.169639528494372,1.0720572866375733,3.044687535488265,0,build,2.282921752859367,-78.29533643917966,,,,bear_called_bull_truth,Bull,Bear
trend_method_v2_1,321133,321134,2026-03-11T05:29:10.082877,Bear,1.0,-0.31375277519691736,regime=RUN|slope_sum=-0.313753|v2_1_override=none,Bull,69596.82,69641.64,44.82,03/11/2026  05:24:37 AM,03/11/2026  05:29:24 AM,False,True,False,False,True,False,False,True,False,False,False,False,RUN,Bear,69576.92220477355,69587.11944514848,69590.18540993913,69593.9449457243,69597.83245435826,69600.79743062826,-0.7568212304286135,-0.1862462716653681,-0.1107406923729286,-0.12750650353154924,-0.11767475445412856,-0.09219750460943033,23.875225854702876,44.081140931055415,49.26137672904588,1.0,-29.72196261145291,1.0,9.313907106756233,0.03146599049241994,-0.31375277519691736,0.31375277519691736,1.493991577635573,-0.1862462716653681,-0.12750650353154924,23.875225854702876,1.0,9.313907106756233,0.03146599049241994,-1,-1,False,0.05873976813381887,0.31375277519691736,9.313907106756233,0.03146599049241994,76.09566430039804,False,False,False,False,False,False,1.3911869570620183,3.1235166859972057,0.4962956276776822,1.4823385390045587,False,0.3029954210302252,-3.0659647906577447,-8.605453257652698,False,0.25423869878242533,0.6460805380556849,0.5948226516356954,0.613091207155129,1.0,1.3911869570620183,0.0,0.10361175161376827,0,0,1,1,0,6.852484903953155,5.205737326585222,83>68>53,0.33737876259510813,0,94.01028924410639,1,-1,-1,--+,0,94.01028924410639,0,0,0,0,69596.82,69641.64,44.82,0.0006439949411481731,44.82,44.82,42.12,-86.95,-0.010000000000005116,173.89,-++,0,0.5154686601495112,0,1.3911869570620183,0.8948913293843361,1.8809342407112126,1.1899099065085466,0,other,1.8862085358436957,-40.061100819757485,,,,bear_called_bull_truth,Bull,Bear
trend_method_v2_1,321137,321138,2026-03-11T05:49:13.119376,Bear,1.0,1.5235309138952289,regime=RUN|slope_sum=1.523531|v2_1_override=bull_run_instability,Bull,69433.53,69553.76,120.23,03/11/2026  05:44:40 AM,03/11/2026  05:49:27 AM,False,True,False,False,True,False,False,True,False,False,False,False,RUN,Bull,69720.70914186334,69700.8397032995,69674.68797058024,69653.92688226506,69638.85173355068,69627.56789648773,0.05965921581082512,0.8952551207075885,0.7987341805546748,0.6282757931876404,0.4790714637747442,0.38072488792931836,-93.14124537560565,-83.01804942640592,27.23181498312624,1.0,34.61153028119588,1.0,7.544615929175052,0.26569757000335303,1.5235309138952289,1.5235309138952289,-0.4235396236101239,0.8952551207075885,0.6282757931876404,93.14124537560565,1.0,7.544615929175052,0.26569757000335303,1,1,False,0.26697932751994813,1.5235309138952289,7.544615929175052,0.26569757000335303,61.13512008592616,False,False,False,False,False,False,3.2417206619647914,1.1784700917177058,1.940634710881568,6.227134095302972,False,0.21638490171577096,26.15173271925596,27.393538078162237,False,0.05697848273362283,0.9321168450496771,0.3758657170164952,0.5315300278104865,1.0,3.2417206619647914,0.33333333333333337,0.24143437682742958,0,0,0,0,1,26.358985777333146,14.569053207509569,53>68>83,1.488072144891703,0,281.00324456467933,-1,-1,1,+--,0,281.00324456467933,0,0,0,0,69433.53,69553.76,120.23,0.001731584149617627,120.23,120.23,-104.89,-1.59,13.75,226.71,--+,1,75.61635220125785,0,3.2417206619647914,1.3010859510832233,5.587585335504627,0.7824723424382682,0,other,7.193522074700011,0.5375888120524905,,,,bear_called_bull_truth,Bull,Bear
trend_method_v2_1,321148,321149,2026-03-11T06:44:24.121611,Bear,1.0,1.3985805579559383,regime=RUN|slope_sum=1.398581|v2_1_override=bull_run_instability,Bull,69491.56,69543.96,52.4,03/11/2026  06:39:51 AM,03/11/2026  06:44:38 AM,False,True,False,False,True,False,False,True,False,False,False,False,RUN,Bull,69687.99750340167,69664.6175530389,69640.81446764564,69620.31999630429,69604.96770746898,69593.3523388607,1.1838852811542893,0.7778574034546182,0.7617639466261608,0.6207231545013201,0.4852381800137664,0.386274616830633,-94.64516454096884,-80.71019791338767,-75.85313706676243,1.0,48.7207823463541,1.0,20.333486892675865,0.22769203643284042,1.3985805579559383,1.3985805579559383,-0.5277932257597797,0.7778574034546182,0.6207231545013201,94.64516454096884,1.0,20.333486892675865,0.22769203643284042,1,1,False,0.15713424895329808,1.3985805579559383,20.333486892675865,0.22769203643284042,67.67230103591258,False,False,False,False,False,False,4.215742582580788,1.8251179572365692,3.649364879283894,3.955422230219483,False,0.2584129915795566,23.80308539325779,20.46839759850991,False,0.010452866756889964,0.4221213345281285,0.38728945699040196,0.15499185119909292,1.0,4.215742582580788,0.0,0.3139768318820389,0,0,0,0,1,26.967657443587086,5.156613780112821,53>68>83,1.4922359513457195,0,88.13418054535578,-1,-1,-1,---,0,88.13418054535578,0,0,0,0,69491.56,69543.96,52.4,0.0007540484053027447,52.4,52.4,7.1,20.66,80.16,80.16,+++,0,2.5363020329138433,0,4.215742582580788,0.5663777032968937,0.8724350542324828,0.313663695806099,0,other,7.340376671448593,96.70882412226274,,,,bear_called_bull_truth,Bull,Bear
trend_method_v2_1,321149,321150,2026-03-11T06:49:25.106709,Bear,1.0,-0.6337467521025246,regime=RUN|slope_sum=-0.633747|v2_1_override=none,Bull,69543.96,69681.31,137.35,03/11/2026  06:44:53 AM,03/11/2026  06:49:39 AM,False,True,False,False,True,False,False,True,False,False,False,False,RUN,Bear,69605.9021760113,69616.86514533932,69627.04846019292,69636.04301722218,69641.34185443074,69642.24407074283,-0.271724166957938,-0.3662838246473257,-0.32876505343847384,-0.26746292745519895,-0.1555200861330377,-0.04281488548804191,36.34189473153674,130.98705927250558,211.69725718589325,1.0,-22.588756242766976,1.0,11.847507497863262,0.07873047381304094,-0.6337467521025246,0.6337467521025246,0.5716468122439258,-0.3662838246473257,-0.26746292745519895,36.34189473153674,1.0,11.847507497863262,0.07873047381304094,-1,-1,False,0.09882089719212672,0.6337467521025246,11.847507497863262,0.07873047381304094,57.34450647828727,False,False,False,False,False,False,1.432570944120016,2.0755204069424535,-2.7831716384607716,-6.432536517744666,False,0.5699407101649954,-10.18331485359522,-33.98640024685301,False,0.053980047147447335,0.1320784288982395,-0.290042905629889,0.13661782315441384,1.0,1.432570944120016,0.0,0.10669391635523193,0,0,1,1,0,6.201053520650021,26.967657443587086,83>68>53,0.46579789907627855,0,216.5543180325185,1,-1,-1,--+,0,216.5543180325185,0,0,0,0,69543.96,69681.31,137.35,0.0019750097636085143,137.35,137.35,52.4,7.1,196.85,196.85,+++,0,19.345070422535212,0,1.432570944120016,4.215742582580788,0.5663777032968937,0.8724350542324828,0,other,1.7446795468651337,-178.00089984467013,,,,bear_called_bull_truth,Bull,Bear
trend_method_v2_1,321152,321153,2026-03-11T07:04:30.074718,Bear,1.0,-0.27072787651923136,regime=RUN|slope_sum=-0.270728|v2_1_override=none,Bull,69593.2,69622.62,29.42,03/11/2026  06:59:56 AM,03/11/2026  07:04:44 AM,False,True,False,False,True,False,False,True,False,False,False,False,RUN,Bear,69578.16323495086,69588.4591592311,69590.14093975493,69591.0932141265,69592.73884157707,69594.13477324798,-0.26694841997777985,-0.22393985937378602,-0.03880903040590056,-0.04678801714544534,-0.05144041796665988,-0.042474521509575425,15.971538297118968,32.779494448477635,66.65496936354612,1.0,-4.1564243780012475,1.0,12.621874562319135,0.043652286932670634,-0.27072787651923136,0.27072787651923136,3.9087736152965586,-0.22393985937378602,-0.04678801714544534,15.971538297118968,1.0,12.621874562319135,0.043652286932670634,-1,-1,False,0.17715184222834068,0.27072787651923136,12.621874562319135,0.043652286932670634,58.99480505098417,False,False,False,False,False,False,0.6704002663791471,3.7646494606485503,-0.08138853820310032,-0.2453464926147717,False,0.3896523363797274,-1.6817805238242727,-6.390198397319182,False,0.7045922406108608,0.2281393895718793,0.13122334027320903,0.4306976557542607,1.0,0.6704002663791471,0.0,0.04992955513942741,0,0,1,1,0,3.0415591214841697,2.6732810569519643,83>68>53,0.14070295662168064,0,85.92934533137304,1,-1,-1,--+,0,85.92934533137304,0,0,0,0,69593.2,69622.62,29.42,0.0004227424518487439,29.42,29.42,0.72,-88.83,-58.69,118.97,-++,0,0.3311944163007993,0,0.6704002663791471,0.7517888045822474,0.587830850170576,1.432570944120016,0,other,0.9223597991113438,-60.133547625953724,,,,bear_called_bull_truth,Bull,Bear
trend_method_v2_1,321153,321154,2026-03-11T07:09:31.060704,Bull,1.0,0.553706523256551,regime=RUN|slope_sum=0.553707|v2_1_override=none,Bear,69622.62,69570.49,-52.13,03/11/2026  07:04:58 AM,03/11/2026  07:09:45 AM,False,True,False,True,False,False,True,False,False,False,False,False,RUN,Bull,69617.50226251321,69602.75976602641,69594.65349576199,69593.60494265158,69593.73356068383,69593.90491221193,0.4475513382749341,0.5095017248168006,0.17223292494600173,0.04420479843975045,0.013901251115385094,0.004589047915942501,-23.59735030127922,-39.56888859839819,-72.34838304687582,0.6,5.358336573437555,1.0,12.37913686974207,0.05893964110083677,0.553706523256551,0.553706523256551,-1.6103529125111111,0.5095017248168006,0.04420479843975045,23.59735030127922,1.0,12.37913686974207,0.05893964110083677,1,1,False,0.4652969263770501,0.553706523256551,12.37913686974207,0.05893964110083677,42.61707115620484,False,False,False,False,False,False,1.1919810855088144,18.012349188207082,0.5215808191296674,0.6029693573327677,False,0.3789610428442946,8.106270264426712,9.788050788250985,False,0.4947215166313545,0.3992191864126653,0.171079796840786,0.3535146903809143,1.0,1.1919810855088144,0.0,0.08877545000915607,0,0,0,0,0,0.29996956035029143,3.0415591214841697,83>68>53,0.06269509747107804,0,106.2238579619443,-1,1,-1,-+-,1,106.2238579619443,0,0,1,1,69622.62,69570.49,-52.13,-0.0007487509088281942,52.13,-52.13,29.42,0.72,-21.990000000000002,82.27000000000001,++-,1,72.40277777777779,0,1.1919810855088144,0.6704002663791471,0.7517888045822474,0.587830850170576,0,other,0.17427865657070724,82.3075136319676,,,,bull_called_bear_truth,Bear,Bull
trend_method_v2_1,321154,321155,2026-03-11T07:14:33.124582,Bear,1.0,-0.5698681698377186,regime=RUN|slope_sum=-0.569868|v2_1_override=none,Bull,69570.49,69664.55,94.06,03/11/2026  07:10:10 AM,03/11/2026  07:14:47 AM,False,True,False,False,True,False,False,True,False,False,False,False,RUN,Bear,69544.03171840827,69550.33950714587,69559.63008602009,69570.12145591032,69578.1569863299,69583.28172927703,-0.06278064113575965,-0.25388475626459694,-0.3246546203881735,-0.31598341357312165,-0.2409828247036785,-0.1698419130534603,39.250010868767276,62.8473611700465,102.41624976844469,1.0,-10.393321898853173,1.0,3.630441257657367,0.10076452461320773,-0.5698681698377186,0.5698681698377186,0.31886589194955,-0.25388475626459694,-0.31598341357312165,39.250010868767276,1.0,3.630441257657367,0.10076452461320773,-1,-1,False,0.06209865730852471,0.5698681698377186,3.630441257657367,0.10076452461320773,68.87559780702352,False,False,False,False,False,False,1.3681281691187905,0.8823786808317114,0.1761470836099761,-0.34543373551969125,False,0.2911330263819414,-9.290578874220955,-17.396849138647667,False,0.12232506028029866,0.26187397925241385,-0.13734520716025145,0.4083358884624191,1.0,1.3681281691187905,0.0,0.10189439694999697,0,0,1,1,0,13.160273366709589,0.29996956035029143,83>68>53,0.7268081513302604,1,135.19574421692232,1,-1,1,+-+,1,135.19574421692232,0,0,0,0,69570.49,69664.55,94.06,0.001352010026090085,94.06,94.06,-52.13,29.42,71.35,175.61,+-+,1,3.197144799456152,0,1.3681281691187905,1.1919810855088144,0.6704002663791471,0.7517888045822474,0,build,3.5991403612515462,-85.15674583695727,,,,bear_called_bull_truth,Bull,Bear
trend_method_v2_1,321168,321169,2026-03-11T08:24:56.068350,Bull,1.0,1.3002899246548623,regime=RUN|slope_sum=1.300290|v2_1_override=none,Bear,69199.32,69187.36,-11.96,03/11/2026  08:20:23 AM,03/11/2026  08:25:10 AM,False,True,False,True,False,False,True,False,False,False,False,False,RUN,Bull,69381.133501193,69374.98460635719,69349.54661157134,69322.4444541523,69301.22651985976,69285.30602165755,0.3784833790286939,0.4944053048511705,0.8737937374735338,0.8058846198036917,0.6505547107917664,0.5186568051431095,-95.82747953545186,-86.30232198214799,-142.48216516867978,1.0,11.967019255302148,1.0,-9.338767803026712,0.35783070651523297,1.3002899246548623,1.3002899246548623,-0.11703229963477088,0.4944053048511705,0.8058846198036917,95.82747953545186,1.0,-9.338767803026712,0.35783070651523297,1,1,False,0.31147931495252124,1.3002899246548623,9.338767803026712,0.35783070651523297,73.69700996559477,False,False,False,False,False,False,3.721778557091966,0.88435311565239,3.2167090124985407,5.287560778773695,False,0.18772556126694215,25.437994785854244,25.5098983545613,False,0.2772903801904036,0.49531035844483995,0.2936513309505244,0.2835720749173476,1.0,3.721778557091966,0.16666666666666663,0.27718775931686007,0,0,0,0,1,37.13843249474303,9.382803788874298,53>68>83,1.9750961357385677,0,386.94295934076945,-1,1,-1,-+-,1,386.94295934076945,0,0,0,0,69199.32,69187.36,-11.96,-0.00017283406831165393,11.96,-11.96,171.32,-61.01,98.35,244.29,-+-,1,0.19603343714145224,0,3.721778557091966,0.5050695445934252,2.57592131086858,7.1487427469437534,1,release,10.116240135009745,168.2857148541916,,,,bull_called_bear_truth,Bear,Bull
trend_method_v2_1,321170,321171,2026-03-11T08:34:59.083074,Bear,1.0,-1.692326862077607,regime=RUN|slope_sum=-1.692327|v2_1_override=none,Bull,69400.42,69694.32,293.9,03/11/2026  08:30:27 AM,03/11/2026  08:35:13 AM,False,True,False,False,True,False,False,True,False,False,False,False,RUN,Bear,69282.362627698,69298.47639848723,69330.96944814606,69362.1118800283,69382.13580840336,69393.0896707507,-0.7544646244896285,-0.7885716594792029,-1.0929239205634076,-0.9037552025984041,-0.6122831926859362,-0.3865928667401022,110.72704305269872,206.55452258815058,292.85684457029856,1.0,12.991304206690984,1.0,3.079782469314523,0.370026279128589,-1.692326862077607,1.692326862077607,0.2532199081194257,-0.7885716594792029,-0.9037552025984041,110.72704305269872,1.0,3.079782469314523,0.370026279128589,-1,-1,False,0.1151835431192012,1.692326862077607,3.079782469314523,0.370026279128589,65.42887519776365,False,False,False,False,False,False,4.5385914665566816,1.3854288306644966,0.8168129094647156,-2.399896103033825,False,0.5323152655581118,-32.493049658834934,-57.93104444468918,False,0.1617608164018711,0.3384592960737791,-0.15685106237106083,0.1284007609416243,1.0,4.5385914665566816,0.0,0.338021722617599,0,0,1,1,0,30.97779072240519,37.13843249474303,83>68>53,1.9026312620244425,1,349.03668775683036,1,-1,1,+-+,1,349.03668775683036,0,0,0,0,69400.42,69694.32,293.9,0.004234844688259812,293.9,293.9,-11.96,171.32,453.26,477.17999999999995,+-+,1,1.7155031519962642,0,4.5385914665566816,3.721778557091966,0.5050695445934252,2.57592131086858,0,build,8.529764307871355,-235.08265118798045,,,,bear_called_bull_truth,Bull,Bear
trend_method_v2_1,321179,321180,2026-03-11T09:20:08.091503,Bear,1.0,2.345810406943201,regime=RUN|slope_sum=2.345810|v2_1_override=bull_run_instability,Bull,69457.73,69848.09,390.36,03/11/2026  09:15:36 AM,03/11/2026  09:20:22 AM,False,True,False,False,True,False,False,True,False,False,False,False,RUN,Bull,70069.40388360052,70022.71778914153,69987.73275432849,69962.04916244576,69939.48290163664,69915.90114566221,1.5072449389481335,1.5286463491556788,1.0415446455954225,0.8171640577875223,0.7475095524678181,0.7628936082910514,-153.50273793831002,-120.51637987607683,-60.348073258268414,1.0,619.0618632580154,1.0,34.12448063385091,0.2506709076764915,2.345810406943201,2.345810406943201,-0.7695261455699335,1.5286463491556788,0.8171640577875223,153.50273793831002,1.0,34.12448063385091,0.2506709076764915,1,1,False,0.7114822913681564,2.345810406943201,34.12448063385091,0.2506709076764915,65.43697541965366,False,False,False,False,False,False,6.4050031522456266,1.7518015811571999,3.481371160258277,3.0748733855289174,False,0.254640682402766,34.98503481304215,32.31205442255305,False,0.18951965225737144,0.5085031137678016,-1.62653534166202,0.12471149075945492,1.0,6.4050031522456266,0.0,0.4770268958655082,0,0,0,0,1,46.14801678355434,7.3868166648899205,53>68>83,2.327567218546392,0,231.25613484885253,-1,-1,1,+--,0,231.25613484885253,0,0,0,0,69457.73,69848.09,390.36,0.005620108805744156,390.36,390.36,50.17,117.2,557.73,557.73,+++,0,3.330716723549488,0,6.4050031522456266,2.9236319919873495,2.51713421725799,1.1210096006198,0,build,12.496459031145749,91.03359233915944,,,,bear_called_bull_truth,Bull,Bear
trend_method_v2_1,321183,321184,2026-03-11T09:40:14.100516,Bear,1.0,2.983185130675338,regime=RUN|slope_sum=2.983185|v2_1_override=bull_run_instability,Bull,70317.12,70646.09,328.97,03/11/2026  09:35:41 AM,03/11/2026  09:40:28 AM,False,True,False,False,True,False,False,True,False,False,False,False,RUN,Bull,71027.21128576597,70990.73402400113,70938.37257207489,70892.24481840462,70854.45655184983,70820.11423902844,1.0046580916950916,1.5763436045908747,1.6649616999984573,1.4068415260844631,1.2056622790914844,1.1173369020925747,-207.09704673753004,-14.821272323824815,165.92176107794512,1.0,28.742896686526365,1.0,11.84154343168484,0.5900318626957459,2.983185130675338,2.983185130675338,-0.37036811845059947,1.5763436045908747,1.4068415260844631,207.09704673753004,1.0,11.84154343168484,0.5900318626957459,1,1,False,0.16950207850641164,2.983185130675338,11.84154343168484,0.5900318626957459,69.42145313343228,False,False,False,False,False,False,7.975804103552946,1.1383766035933138,1.1635725792748417,-3.7331461782796396,False,0.5129422107743591,52.36145192623371,15.098941904958338,False,0.02734024939955798,0.6603036083033658,-0.3069594488351868,0.15551325969535845,1.0,7.975804103552946,0.0,0.594015800322488,0,0,0,0,1,72.13057937618578,89.51028713535925,53>68>83,3.7298407072685222,0,222.8910559846554,-1,-1,1,+--,0,222.8910559846554,0,0,1,0,70317.12,70646.09,328.97,0.004678377043883482,328.97,328.97,65.12,8.62,402.71000000000004,402.71000000000004,+++,0,38.16357308584688,0,7.975804103552946,6.812231524278104,1.915512766723623,2.041368558173417,0,build,19.52868216436379,-151.12977862182197,,,,bear_called_bull_truth,Bull,Bear
trend_method_v2_1,321184,321185,2026-03-11T09:45:16.097339,Bear,1.0,-4.168695964042854,regime=RUN|slope_sum=-4.168696|v2_1_override=none,Bull,70646.09,71050.99,404.9,03/11/2026  09:40:42 AM,03/11/2026  09:45:30 AM,False,True,False,False,True,False,False,True,False,False,False,False,RUN,Bear,70491.86231766792,70561.45226901754,70625.93281795715,70680.63778121417,70723.39249772496,70751.78837134092,-1.8431976763295097,-2.4680559123389685,-1.9990550278907904,-1.7006400517038855,-1.3247393197725614,-0.9359757866732252,259.92605367299984,467.0231004105299,481.8443727343547,1.0,-387.8025021506619,1.0,50.8939297223842,0.5651336542467886,-4.168695964042854,4.168695964042854,0.583879282527357,-2.4680559123389685,-1.7006400517038855,259.92605367299984,1.0,50.8939297223842,0.5651336542467886,-1,-1,False,0.7674158606350829,4.168695964042854,50.8939297223842,0.5651336542467886,62.35188555725716,False,False,False,False,False,False,10.27166377470894,1.5929671449875198,2.295859671155995,1.1322870918811532,False,0.24573657218401618,-64.48054893960943,-116.84200086584315,False,0.10498975528556176,1.093859120457637,0.4335555121542711,0.1733447897599135,1.0,10.27166377470894,0.0,0.7650050701545212,0,0,1,1,0,71.15059012675192,72.13057937618578,83>68>53,3.961355158149672,0,662.5874061361246,1,-1,-1,--+,0,662.5874061361246,0,0,0,0,70646.09,71050.99,404.9,0.005731385841735898,404.9,404.9,328.97,65.12,798.99,798.99,+++,0,6.217751842751842,0,10.27166377470894,7.975804103552946,6.812231524278104,1.915512766723623,0,build,19.38793805824068,-364.5688163563573,,,,bear_called_bull_truth,Bull,Bear
trend_method_v2_1,321189,321190,2026-03-11T10:10:20.236801,Bear,1.0,-0.9450934249125567,regime=RUN|slope_sum=-0.945093|v2_1_override=none,Bull,70253.97,70367.59,113.62,03/11/2026  10:05:47 AM,03/11/2026  10:10:34 AM,False,True,False,False,True,False,False,True,False,False,False,False,RUN,Bear,70227.18769506321,70240.33061343271,70254.70310117754,70273.15008371018,70293.00842295635,70311.0510895607,-1.0030178627130226,-0.35288531824335223,-0.5180805830641475,-0.5922081066692044,-0.609671205671475,-0.5439194408227195,83.8633944974863,77.59275710354268,208.3164660015318,1.0,-487.6208075451141,1.0,10.219928551843623,0.1934070760923315,-0.9450934249125567,0.9450934249125567,0.4004610146960378,-0.35288531824335223,-0.5922081066692044,83.8633944974863,1.0,10.219928551843623,0.1934070760923315,-1,-1,False,0.2393227884258522,0.9450934249125567,10.219928551843623,0.1934070760923315,88.73556019633259,False,False,False,False,False,False,3.6197825171839213,1.0734248495852408,-0.7904445564818161,0.7428988684550859,False,0.20708247030027915,-14.372487744825776,15.68230040607159,False,0.18966903821699915,0.8153278092904657,-2.3556270942735864,0.435077306935268,1.0,3.6197825171839213,0.33333333333333337,0.26959137674664224,0,0,1,1,0,37.90100585052278,48.03605960990535,83>68>53,1.745798753163399,1,257.44398967649613,1,-1,1,+-+,1,257.44398967649613,0,0,0,0,70253.97,70367.59,113.62,0.0016172751518526284,113.62,113.62,271.93,-233.77,151.78,619.32,-++,0,0.48603328057492406,0,3.6197825171839213,4.410227073665737,5.943570498602639,3.9749089758261107,0,decay,10.202021319628605,-194.9897926897338,,,,bear_called_bull_truth,Bull,Bear
trend_method_v2_1,321204,321205,2026-03-11T11:25:41.097367,Bear,1.0,1.5846299502500187,regime=RUN|slope_sum=1.584630|v2_1_override=bull_run_instability,Bull,70064.3,70310.25,245.95,03/11/2026  11:21:09 AM,03/11/2026  11:25:55 AM,False,True,False,False,True,False,False,True,False,False,False,False,RUN,Bull,70434.33113543713,70405.23430041889,70378.74615292858,70358.26722949604,70340.13715595307,70321.94593976701,1.6750267752631771,0.9425398291386955,0.8117481725257676,0.6420901211113232,0.5945734651359089,0.5797341162924567,-112.38519567011099,11.588330416372628,213.80983875508537,1.0,222.3060674270091,1.0,22.145113612044952,0.25217449003858283,1.5846299502500187,1.5846299502500187,-0.6195156403389996,0.9425398291386955,0.6420901211113232,112.38519567011099,1.0,22.145113612044952,0.25217449003858283,1,1,False,0.30044970802737225,1.5846299502500187,22.145113612044952,0.25217449003858283,70.92204438795262,False,False,False,False,False,False,5.245712479467329,1.887975729176914,-0.5347710148034821,-1.902550547136343,False,0.5614946808732351,26.48814749030862,-11.869356100520235,False,0.07455540737258261,0.8632786027374095,0.11273064126180543,0.2517350138125349,1.0,5.245712479467329,0.0,0.39068613725910867,0,0,0,0,1,36.32128972902137,15.715786908825976,53>68>83,1.816397702539689,1,324.68698644709366,1,-1,1,+-+,1,324.68698644709366,0,0,0,0,70064.3,70310.25,245.95,0.0035103469241825006,245.95,245.95,-295.06,-73.7,-122.81,614.71,--+,1,3.3371777476255087,0,5.245712479467329,5.780483494270811,4.41270396193795,3.685190722655534,0,other,9.818064824377105,-201.82775201330332,,,,bear_called_bull_truth,Bull,Bear
trend_method_v2_1,321208,321209,2026-03-11T11:45:46.084974,Bear,1.0,-1.8587455718097772,regime=RUN|slope_sum=-1.858746|v2_1_override=none,Bull,69982.72,70176.66,193.94,03/11/2026  11:41:13 AM,03/11/2026  11:46:00 AM,False,True,False,False,True,False,False,True,False,False,False,False,RUN,Bear,70065.61385605701,70095.09258247487,70128.2909277123,70149.00868936571,70159.56123980062,70163.05528972806,-0.8675337763270363,-1.2495218428139196,-0.9562529117301892,-0.6092237289958575,-0.34643143961875467,-0.15493744086052175,97.44143367104698,201.56834791781148,230.5721929771098,1.0,-8.980310090060811,1.0,20.538876233331393,0.3059893494696423,-1.8587455718097772,1.8587455718097772,0.546751761528225,-1.2495218428139196,-0.6092237289958575,97.44143367104698,1.0,20.538876233331393,0.3059893494696423,-1,-1,False,0.6402981138180621,1.8587455718097772,20.538876233331393,0.3059893494696423,52.423223032172515,False,False,False,False,False,False,4.183901140346279,2.7672690279503938,-1.2159651558831683,-3.91728060670539,False,0.5938222895598134,-33.19834523742611,-50.59289689878642,False,0.13295506736559032,0.6752569975706137,-1.2012290075508645,0.2197166313722523,1.0,4.183901140346279,0.0,0.31160536945056716,0,0,1,1,0,14.04660036234418,34.06929878302617,83>68>53,1.110592609475134,0,252.83616967919806,1,-1,-1,--+,0,252.83616967919806,0,0,0,0,69982.72,70176.66,193.94,0.0027712555327943813,193.94,193.94,31.38,31.38,256.7,256.7,+++,0,6.180369662205226,0,4.183901140346279,5.3998662962294475,2.698550845407226,4.841280406955775,0,other,3.975830394480937,-181.18052508587425,,,,bear_called_bull_truth,Bull,Bear
trend_method_v2_1,321223,321224,2026-03-11T13:02:51.676691,Bull,1.0,0.5436463792520954,regime=RUN|slope_sum=0.543646|v2_1_override=none,Bear,70695.43,70553.45,-141.98,03/11/2026  12:56:35 PM,03/11/2026  01:01:22 PM,False,True,False,True,False,False,True,False,False,False,False,False,RUN,Bull,70638.5661996553,70619.75881454523,70612.32039892965,70602.49693683114,70594.92626356742,70591.099741339,2.848804765861132,0.24183240533784556,0.305651674299952,0.3018139739142498,0.22435870444314787,0.1261906529925909,-47.46645831629576,-16.326084729880677,-18.904184330822318,1.0,-3.138954256224679,1.0,12.575812595780008,0.021794386651682957,0.5436463792520954,0.5436463792520954,-1.0895329824763946,0.24183240533784556,0.3018139739142498,47.46645831629576,1.0,12.575812595780008,0.021794386651682957,1,1,False,0.05998156857640424,0.5436463792520954,12.575812595780008,0.021794386651682957,87.31127462229449,False,False,False,False,False,False,4.048652176848918,5.206130820490343,1.7626542628549942,1.0681405282939522,False,0.3355476042046442,7.438415615586564,-6.094375788467005,False,0.11656826442209561,2.670791629485393,1.2497391797005548,0.7863853020113317,1.0,4.048652176848918,0.16666666666666663,0.30153240122672587,0,0,0,0,1,11.39719549214351,7.375677192685544,53>68>83,0.6523633313499886,0,28.62317942257505,-1,1,1,++-,0,28.62317942257505,0,0,0,0,70695.43,70553.45,-141.98,-0.0020083334948242056,141.98,-141.98,-141.98,-141.98,-425.93999999999994,425.93999999999994,---,0,1.0,0,4.048652176848918,2.285997913993924,1.5914841794328822,2.3352210668326734,0,build,3.1277294452391873,26.248299298989878,,,,bull_called_bear_truth,Bear,Bull
trend_method_v2_1,321228,321229,2026-03-11T13:26:16.069735,Bear,1.0,2.9871630970628757,regime=RUN|slope_sum=2.987163|v2_1_override=bull_run_instability,Bull,70945.27,70947.56,2.29,03/11/2026  01:21:45 PM,03/11/2026  01:26:30 PM,False,True,False,False,True,False,False,True,False,False,False,False,RUN,Bull,71259.33294732952,71222.19332924884,71167.94335761404,71126.27987280911,71096.98758862536,71075.600464162,1.4716228520392178,1.7367097425103566,1.6492419681362662,1.2504533545525192,0.937282669950946,0.7252123090929672,-183.73248316752142,-185.66462030936964,-207.8533746311441,1.0,114.75904519583855,1.0,10.355065645082504,0.5977059307405612,2.9871630970628757,2.9871630970628757,-0.3872200988151181,1.7367097425103566,1.2504533545525192,183.73248316752142,1.0,10.355065645082504,0.5977059307405612,1,1,False,0.48625638795783743,2.9871630970628757,10.355065645082504,0.5977059307405612,61.507349012237114,False,False,False,False,False,False,7.770522896282273,1.6675800619808803,6.899158631335013,8.236981303703942,False,0.25005136089412455,54.249971634795656,56.67341634433251,False,0.025832552218349993,0.3525546648452291,-0.14820329624490114,0.07257833313634104,1.0,7.770522896282273,0.5,0.5787270245395253,0,0,0,0,1,50.67940864712,5.3040872052370105,53>68>83,2.9129483335964323,0,210.92546094018326,-1,1,-1,-+-,1,210.92546094018326,0,0,0,0,70945.27,70947.56,2.29,3.2278402774420334e-05,2.29,2.29,21.57,21.57,45.43,45.43,+++,0,0.1061659712563746,0,7.770522896282273,0.8713642649472604,2.20918693731619,3.456442639524539,1,release,13.838906378051325,264.3785876792317,,,,bear_called_bull_truth,Bull,Bear
trend_method_v2_1,321232,321233,2026-03-11T13:47:20.742842,Bull,1.0,0.967669686771842,regime=RUN|slope_sum=0.967670|v2_1_override=none,Bear,70817.55,70728.76,-88.79,03/11/2026  01:41:50 PM,03/11/2026  01:46:36 PM,False,True,False,True,False,False,True,False,False,False,False,False,RUN,Bull,70859.76484899993,70843.98088486143,70827.7367980759,70812.15139786161,70800.70743264857,70791.733961977,0.5368758946933667,0.5035858585779351,0.548457655684615,0.4640838281939068,0.36042183464996924,0.29635669293202227,-68.03088702292007,-7.809593478174065,-6.909843571018428,1.0,1.1601185894396622,1.0,14.7602572660835,0.14109963595775687,0.967669686771842,0.967669686771842,-0.495891251344565,0.5035858585779351,0.4640838281939068,68.03088702292007,1.0,14.7602572660835,0.14109963595775687,1,1,False,0.03950203038402833,0.967669686771842,14.7602572660835,0.14109963595775687,70.30383193036867,False,False,False,False,False,False,2.709781764731815,1.4175865580354992,0.5206493631703779,3.2122854770859703,False,0.23454573790936567,16.244086785533,-3.741019715773291,False,0.04265203529925624,0.07816183322211145,-0.4797150065078313,0.049191817269997225,1.0,2.709781764731815,0.0,0.20181704098768025,0,0,0,0,1,20.417435884606675,13.700941391507513,53>68>83,1.1208623557758983,0,172.29810366459424,-1,-1,-1,---,0,172.29810366459424,0,0,0,0,70817.55,70728.76,-88.79,-0.0012537852552086312,88.79,-88.79,-88.79,-348.65,-526.23,526.23,---,0,0.2546680051627707,0,2.709781764731815,2.1891324015614373,4.88076851547703,6.654064754642604,1,release,5.559101718756916,10.171148280283887,,,,bull_called_bear_truth,Bear,Bull
trend_method_v2_1,321234,321235,2026-03-11T13:57:23.295571,Bear,1.0,-0.7245025283045834,regime=RUN|slope_sum=-0.724503|v2_1_override=none,Bull,70844.14,70880.4,36.26,03/11/2026  01:51:52 PM,03/11/2026  01:56:39 PM,False,True,False,False,True,False,False,True,False,False,False,False,RUN,Bear,70695.37647722577,70701.47011015854,70712.30034629208,70733.74478024719,70755.18078561239,70772.45284518221,-1.1159606225191965,-0.05683577422496455,-0.49424608503431955,-0.6676667540796188,-0.6338092249407055,-0.5295937464015879,77.07636795644066,-31.61250585768721,-180.71197526580363,1.0,17.85377129673725,1.0,-7.662658355009626,0.17241440860476967,-0.7245025283045834,0.7245025283045834,0.1888054290203642,-0.05683577422496455,-0.6676667540796188,77.07636795644066,1.0,-7.662658355009626,0.17241440860476967,-1,-1,False,0.6108309798546543,0.7245025283045834,7.662658355009626,0.17241440860476967,106.3852297890636,False,False,False,False,False,False,3.4981122072003927,0.9104199903662125,-1.8945810035984323,-5.151957453592331,False,0.4906219564194766,-10.830236133537255,22.521508942896617,False,0.793730193545626,1.496535159103587,-0.9294424673171306,0.8977186697168099,1.0,3.4981122072003927,0.16666666666666663,0.2605297090298843,0,0,1,1,0,38.708064935024595,35.95077313782531,83>68>53,1.8310697254219122,0,208.33226669473515,-1,1,1,++-,0,208.33226669473515,0,0,0,0,70844.14,70880.4,36.26,0.0005118277954958589,36.26,36.26,36.26,115.38,187.89999999999998,187.89999999999998,+++,0,0.3142659039694921,0,3.4981122072003927,5.392693210798825,2.135316760804926,2.709781764731815,0,other,10.528503652956758,202.30404174138312,,,,bear_called_bull_truth,Bull,Bear
trend_method_v2_1,321238,321239,2026-03-11T14:16:31.524477,Bull,1.0,0.5795333490332268,regime=RUN|slope_sum=0.579533|v2_1_override=none,Bear,70843.95,70694.64,-149.31,03/11/2026  02:11:59 PM,03/11/2026  02:16:44 PM,False,True,False,True,False,False,True,False,False,False,False,False,RUN,Bull,70785.63111869707,70780.74993916124,70771.0543600757,70760.23374575116,70752.0939608243,70748.0074190311,0.2285452107898891,0.25363510424904234,0.3343483426342573,0.3258982447841845,0.23920310797257116,0.1354089113210648,-37.6236996659718,-92.38292505384015,-65.38068646061583,1.0,28.01280013435462,1.0,-1.7006792301253881,0.11603098923334895,0.5795333490332268,0.5795333490332268,-0.23791838174030036,0.25363510424904234,0.3258982447841845,37.6236996659718,1.0,-1.7006792301253881,0.11603098923334895,1,1,False,0.07226314053514216,0.5795333490332268,1.7006792301253881,0.11603098923334895,64.92068097329579,False,False,False,False,False,False,1.5170389217510092,1.1656198339193495,-1.2026599778164382,0.79638385013277,False,0.21529537468444865,9.695579085542704,22.11940622383554,False,0.13727127662019803,0.10580313184436818,-1.0016187228229683,0.12957675257334975,1.0,1.5170389217510092,0.16666666666666663,0.11298485739172817,0,0,0,0,1,12.22632672006148,26.904204957783804,53>68>83,0.7005102640778205,0,197.24911400205747,-1,-1,1,+--,0,197.24911400205747,0,0,1,1,70843.95,70694.64,-149.31,-0.0021075899918059342,149.31,-149.31,-8.42,-8.42,-166.15,166.15,---,0,17.732779097387173,0,1.5170389217510092,2.7196988995674474,4.718742727516656,1.6405914961560484,0,decay,3.357376477139528,86.4984739616284,,,,bull_called_bear_truth,Bear,Bull
trend_method_v2_1,321239,321240,2026-03-11T14:21:32.077272,Bear,1.0,1.7678751901112264,regime=RUN|slope_sum=1.767875|v2_1_override=bull_run_instability,Bull,70694.64,70755.32,60.68,03/11/2026  02:17:00 PM,03/11/2026  02:21:46 PM,False,True,False,False,True,False,False,True,False,False,False,False,RUN,Bull,70829.3511367476,70793.77874397056,70762.6577007128,70747.11666739354,70741.44221884076,70739.57608692521,1.5862289785854955,1.3178000052466814,0.8604291365827521,0.450075184864545,0.2157432761432574,0.11161355836338771,-89.77504982239043,-111.26484619203256,-170.3783422276465,1.0,-13.768513171962695,1.0,27.591542071997537,0.2733552857634743,1.7678751901112264,1.7678751901112264,-0.7623405425938762,1.3178000052466814,0.450075184864545,89.77504982239043,1.0,27.591542071997537,0.2733552857634743,1,1,False,0.8677248203821364,1.7678751901112264,27.591542071997537,0.2733552857634743,50.78132796056842,False,False,False,False,False,False,4.541890139786119,4.842170153294861,1.7814255689190759,0.5379999198030418,False,0.3315322920243245,31.12104325774999,37.38857293393812,False,0.2099737166677498,0.7257998420027434,-0.9018837684179744,0.19280327175554918,1.0,4.541890139786119,0.5,0.33826739866391936,0,0,0,0,1,7.540580468325061,9.386294449213892,53>68>83,0.7774320193711901,0,262.76126728148665,-1,1,-1,-+-,1,262.76126728148665,0,0,1,1,70694.64,70755.32,60.68,0.0008583394724126185,60.68,60.68,-149.31,-149.31,-237.94,359.3,--+,1,0.4064027861496216,0,4.541890139786119,2.760464570867043,1.5170389217510092,2.7196988995674474,0,build,2.227613982329904,206.86503139316665,,,,bear_called_bull_truth,Bull,Bear
trend_method_v2_1,321255,321256,2026-03-11T15:41:49.082741,Bear,1.0,-0.7437810997616907,regime=RUN|slope_sum=-0.743781|v2_1_override=none,Bull,70500.69,70684.53,183.84,03/11/2026  03:37:19 PM,03/11/2026  03:42:03 PM,False,True,False,False,True,False,False,True,False,False,False,False,RUN,Bear,70622.66493875433,70640.69096132636,70653.52228578199,70662.34660298153,70666.23621613119,70666.07963172707,-0.9790838674125553,-0.4888490808498318,-0.39873891507886583,-0.2549320189118589,-0.12391000632851501,-0.01579043277524761,43.41469297274307,80.31869895529235,149.8300009586237,0.8,201.87388840934727,1.0,22.623641417128965,0.08157185340006395,-0.7437810997616907,0.7437810997616907,0.8323938333587118,-0.4888490808498318,-0.2549320189118589,43.41469297274307,1.0,22.623641417128965,0.08157185340006395,-1,-1,False,0.2339170619379729,0.7437810997616907,22.623641417128965,0.08157185340006395,58.37025569304362,False,False,False,False,False,False,2.2613043213568744,4.7301528939805575,0.20965689538934384,0.2908848233419121,False,0.33019383471945507,-12.831324455633876,-24.166798115344136,False,0.10152251515826581,0.5803449523336894,-0.47731027215195354,0.31089821608758805,1.0,2.2613043213568744,0.16666666666666663,0.1684156830814253,0,0,0,0,0,3.7330287455406506,13.099722982777166,68>83>53,0.3946324580156215,0,178.85416953948152,1,-1,-1,--+,0,178.85416953948152,0,0,0,0,70500.69,70684.53,183.84,0.002607634052943312,183.84,183.84,-78.39,-122.81,-17.359999999999985,385.03999999999996,--+,1,1.4969465027277908,0,2.2613043213568744,2.0516474259675306,2.132875353920099,2.915013698861003,1,release,1.106338546865151,-126.14051311543153,,,,bear_called_bull_truth,Bull,Bear
trend_method_v2_1,321258,321259,2026-03-11T15:56:53.078727,Bear,1.0,-1.1215759053611691,regime=RUN|slope_sum=-1.121576|v2_1_override=none,Bull,70664.32,70705.11,40.79,03/11/2026  03:52:23 PM,03/11/2026  03:57:07 PM,False,True,False,False,True,False,False,True,False,False,False,False,RUN,Bear,70599.60057751967,70622.74785556308,70641.84858229353,70654.23412576402,70661.38244415772,70665.04393489263,-1.3788037681515561,-0.7488833666793653,-0.5596996842614317,-0.37269253868180385,-0.23433501502404397,-0.14102826198177354,65.44335737296205,111.25205532330438,200.47544624638977,1.0,0.5529955925012473,1.0,23.614641359716188,0.15516509491592712,-1.1215759053611691,1.1215759053611691,0.7351546529631563,-0.7488833666793653,-0.37269253868180385,65.44335737296205,1.0,23.614641359716188,0.15516509491592712,-1,-1,False,0.37619082799756143,1.1215759053611691,23.614641359716188,0.15516509491592712,58.3494679763899,False,False,False,False,False,False,3.4354426347799745,3.5924950554953936,1.119847900876266,1.065557488329432,False,0.31290137601316337,-19.100726730452152,-32.576339023115,False,0.14457139902730765,0.8191040838901245,0.27399740151304286,0.3047957510511164,1.0,3.4354426347799745,0.0,0.25586225284191205,0,0,1,1,0,10.809809128608322,5.740440482710255,83>68>53,0.7480558156876214,1,280.7941452016821,1,-1,1,+-+,1,280.7941452016821,0,0,0,0,70664.32,70705.11,40.79,0.0005772361497287456,40.79,40.79,38.21,183.84,262.84000000000003,262.84000000000003,+++,0,0.22187771975630982,0,3.4354426347799745,2.3155947339037084,2.2613043213568744,2.0516474259675306,0,build,3.023360318281225,-167.62510982176173,,,,bear_called_bull_truth,Bull,Bear
trend_method_v2_1,321261,321262,2026-03-11T16:11:58.075508,Bear,1.0,-0.8209477152013278,regime=RUN|slope_sum=-0.820948|v2_1_override=none,Bull,70511.91,70516.63,4.72,03/11/2026  04:07:27 PM,03/11/2026  04:12:12 PM,False,True,False,False,True,False,False,True,False,False,False,False,RUN,Bear,70441.55256002578,70461.35642171944,70474.3800474667,70483.20179809639,70488.85355588412,70492.75409699837,-0.9394965202718595,-0.5516000074530893,-0.3898652399711864,-0.26934770774823846,-0.1866447499141941,-0.14012375407583022,51.20153697258502,-5.450248099441524,3.3413242014939897,1.0,-129.4556647890422,1.0,22.76292994747928,0.07992781873908833,-0.8209477152013278,0.8209477152013278,0.9065470583350917,-0.5516000074530893,-0.26934770774823846,51.20153697258502,1.0,22.76292994747928,0.07992781873908833,-1,-1,False,0.2822522997048509,0.8209477152013278,22.76292994747928,0.07992781873908833,62.368815972681574,False,False,False,False,False,False,2.477077979434398,3.155360868665673,-0.09018620325332449,0.7779922488389275,False,0.3037388056916357,-13.023625747257029,3.6302808676555287,False,0.17179048076855505,0.5496312803006731,-0.502505954944354,0.29220757685781135,1.0,2.477077979434398,0.16666666666666663,0.18448590754121794,0,0,1,1,0,9.552298901980976,19.68123708719213,83>68>53,0.5961162117382628,0,125.49387572368141,-1,-1,1,+--,0,125.49387572368141,0,0,0,0,70511.91,70516.63,4.72,6.693904618382908e-05,4.72,4.72,40.79,40.79,86.3,86.3,+++,0,0.11571463594018142,0,2.477077979434398,2.5672641826877225,3.4354426347799745,2.3155947339037084,0,decay,2.6522897823058322,-0.21354928878281498,,,,bear_called_bull_truth,Bull,Bear
trend_method_v2_1,321281,321282,2026-03-11T17:52:25.139308,Bull,1.0,0.9633497535669449,regime=RUN|slope_sum=0.963350|v2_1_override=none,Bear,70652.51,70641.99,-10.52,03/11/2026  05:47:57 PM,03/11/2026  05:52:39 PM,False,True,False,True,False,False,True,False,False,False,False,False,RUN,Bull,70731.71627056143,70703.67250342476,70690.68092333135,70680.59804943526,70671.79370260629,70664.52338703698,1.5822740569110465,0.6355938430078822,0.4022639315990091,0.3277559105590626,0.28299242157663684,0.23409059033838275,-67.1928835244471,-59.966337848920375,-56.14847958776227,1.0,79.68978183199943,1.0,35.88334253760695,0.04870544798794163,0.9633497535669449,0.9633497535669449,-1.2153599451671333,0.6355938430078822,0.3277559105590626,67.1928835244471,1.0,35.88334253760695,0.04870544798794163,1,1,False,0.30783793244881963,0.9633497535669449,35.88334253760695,0.04870544798794163,69.7492092312844,False,False,False,False,False,False,3.46497075399202,3.101338920139913,2.0332649030297034,0.9877180468647566,False,0.3024708740758361,12.991580093410448,8.171209388456191,False,0.22481877297421737,1.1800101253120374,0.6600597015694802,0.45036288293494553,1.0,3.46497075399202,0.5,0.25806142538151183,0,0,0,0,1,16.074662398270448,9.281127561582252,53>68>83,0.8448389224740822,0,83.34912464322406,-1,-1,1,+--,0,83.34912464322406,0,0,0,0,70652.51,70641.99,-10.52,-0.00014889775324330304,10.52,-10.52,-23.08,52.8,19.2,86.39999999999999,+--,0,0.19924242424242425,1,3.46497075399202,1.4317058509623166,0.3861589947973698,1.1982374385734147,0,build,4.390323984503378,64.97974867778794,,,,bull_called_bear_truth,Bear,Bull
trend_method_v2_1,321292,321293,2026-03-11T18:47:40.076587,Bull,1.0,0.15410505902582372,regime=RUN|slope_sum=0.154105|v2_1_override=none,Bear,70372.45,70345.38,-27.07,03/11/2026  06:43:09 PM,03/11/2026  06:47:54 PM,False,True,False,True,False,False,True,False,False,False,False,False,RUN,Bull,70403.95325755229,70391.90711236381,70392.26848351916,70390.42221063844,70386.87952578667,70382.82129293671,1.429854390951732,0.07795403470481688,0.020260594747014693,0.07615102432100684,0.1088412721583154,0.11939022101432784,-21.13196461557527,-6.262499952659709,82.67813198911608,0.8,83.42370276777365,1.0,-1.2000325996632455,0.08164571846233837,0.15410505902582372,0.15410505902582372,-8.112419141637275,0.07795403470481688,0.07615102432100684,21.13196461557527,1.0,-1.2000325996632455,0.08164571846233837,1,1,False,0.001803010383810033,0.15410505902582372,1.2000325996632455,0.08164571846233837,137.12700121048033,False,False,False,False,False,False,1.8324515378972137,5.020225974165687,1.0506517615376652,3.2196640938618657,False,0.33355731135068667,-0.36137115534802433,-5.369576911383774,False,0.5874220600312643,1.4095937962047174,1.2325945557458908,0.9224673606905813,1.0,1.8324515378972137,0.16666666666666663,0.13647591549437577,0,0,0,0,0,7.600917701725848,1.5356512640719302,53>68>83,0.3043825174936501,0,110.67558417640976,-1,-1,1,+--,0,110.67558417640976,0,0,0,0,70372.45,70345.38,-27.07,-0.00038466757942916583,27.07,-27.07,-80.24,-143.39,-250.7,250.7,---,0,0.18878582885835835,1,1.8324515378972137,0.7817997763595486,2.950812108683749,2.315531838718016,0,other,2.1100957414336117,-76.07596052198642,,,,bull_called_bear_truth,Bear,Bull
trend_method_v2_1,321295,321296,2026-03-11T19:02:43.166503,Bull,1.0,0.763555748591898,regime=RUN|slope_sum=0.763556|v2_1_override=none,Bear,70405.74,70344.33,-61.41,03/11/2026  06:58:13 PM,03/11/2026  07:02:57 PM,False,True,False,True,False,False,True,False,False,False,False,False,RUN,Bull,70466.62398325205,70452.9105021701,70441.98415518858,70425.9984222075,70410.71800899443,70398.68576503918,1.3267956312520255,0.2635353481018683,0.4372939492986916,0.5000204004900297,0.46000496136002766,0.37154819203715306,-67.93821821287565,-96.16535201889928,-129.02326289632765,1.0,157.96185975105618,1.0,9.648193932589493,0.10362553856366069,0.763555748591898,0.763555748591898,-0.5095660053219744,0.2635353481018683,0.5000204004900297,67.93821821287565,1.0,9.648193932589493,0.10362553856366069,1,1,False,0.23648505238816142,0.763555748591898,9.648193932589493,0.10362553856366069,88.9761072955879,False,False,False,False,False,False,3.359198482539796,1.5227284461556174,0.28542474559071707,-2.2323994777652842,False,0.5414415151937738,10.9263469815196,16.933832165726926,False,0.2479328444762653,1.2370188843469805,-0.47203366146277403,0.6100826966893798,1.0,3.359198482539796,0.33333333333333337,0.2501837995443086,0,0,0,0,1,27.312657168324222,27.14243348588934,53>68>83,1.3315735538872104,0,145.52445044049819,-1,1,1,++-,0,145.52445044049819,0,0,0,0,70405.74,70344.33,-61.41,-0.0008722300198819016,61.41,-61.41,-56.29,116.65,-1.04999999999999,234.35,+--,0,0.5264466352336048,0,3.359198482539796,3.0737737369490787,0.5559495135930774,1.8324515378972137,0,build,7.3979836403073795,145.4850614005918,,,,bull_called_bear_truth,Bear,Bull
trend_method_v2_1,321298,321299,2026-03-11T19:17:47.110997,Bear,1.0,-0.7874370626959717,regime=RUN|slope_sum=-0.787437|v2_1_override=none,Bull,70481.79,70489.05,7.26,03/11/2026  07:13:19 PM,03/11/2026  07:18:01 PM,False,True,False,False,True,False,False,True,False,False,False,False,RUN,Bear,70381.0113573824,70401.81566832688,70413.49170496475,70424.90706398751,70433.50949961641,70439.40450081987,-1.5403815186473366,-0.43766372020400013,-0.40378174275429046,-0.34977334249197156,-0.2670713477582467,-0.1975812388009217,58.3931434374681,84.40645102698181,100.86151264513319,1.0,-25.795748518023174,1.0,23.23834796322626,0.061443798648265546,-0.7874370626959717,0.7874370626959717,0.9009551111296402,-0.43766372020400013,-0.34977334249197156,58.3931434374681,1.0,23.23834796322626,0.061443798648265546,-1,-1,False,0.08789037771202857,0.7874370626959717,23.23834796322626,0.061443798648265546,74.15594998480991,False,False,False,False,False,False,3.196252910656767,2.924547090955973,1.497590030236097,0.6715765678181924,False,0.2980774110414446,-11.67603663787304,-18.353620778987533,False,0.04026639745681195,1.1365997758930462,0.3072712640023383,0.477196616156748,1.0,3.196252910656767,0.0,0.23804806463477324,0,0,1,1,0,14.497436832360108,0.848003512917785,83>68>53,0.81442592905114,1,159.2414848866465,1,-1,1,+-+,1,159.2414848866465,0,0,0,0,70481.79,70489.05,7.26,0.00010300532946169501,7.26,7.26,7.67,129.79,144.71999999999997,144.71999999999997,+++,0,0.055936512828415136,1,3.196252910656767,1.6986628804206703,0.8726494180027657,3.359198482539796,0,build,3.956169539329005,-82.20062060214332,,,,bear_called_bull_truth,Bull,Bear
trend_method_v2_1,321304,321305,2026-03-11T19:47:57.130448,Bear,1.0,-1.4498633531966334,regime=RUN|slope_sum=-1.449863|v2_1_override=none,Bull,70339.66,70383.03,43.37,03/11/2026  07:43:28 PM,03/11/2026  07:48:11 PM,False,True,False,False,True,False,False,True,False,False,False,False,RUN,Bear,70172.04005845755,70207.45311437451,70225.72606894968,70241.66821330124,70257.15798736025,70270.3533255439,-1.8309815296470333,-0.9194946650222846,-0.564527925067523,-0.5303686881743488,-0.48613171173929004,-0.4174072307177994,98.31326708634151,131.89142111249384,121.49003380296926,1.0,-122.31940781856247,1.0,38.798556477660895,0.09511563406974477,-1.4498633531966334,1.4498633531966334,1.0350125244928527,-0.9194946650222846,-0.5303686881743488,98.31326708634151,1.0,38.798556477660895,0.09511563406974477,-1,-1,False,0.3891259768479358,1.4498633531966334,38.798556477660895,0.09511563406974477,67.8086433935875,False,False,False,False,False,False,4.748911750368279,2.3118672701930176,3.4570962557518214,4.494152425100765,False,0.2792222129189713,-18.272954575164476,-26.50603348414006,False,0.23919227532330237,1.2664536045795103,0.9054186820940231,0.3820368116707037,1.0,4.748911750368279,0.0,0.35368579486540475,0,0,1,1,0,28.68511224265967,5.846446966577787,83>68>53,1.4339076306314382,0,226.92338124668458,1,1,-1,-++,0,226.92338124668458,0,0,0,0,70339.66,70383.03,43.37,0.0006165796081470965,43.37,43.37,45.24,-51.47,37.14,140.08,-++,0,0.8426267728774043,1,4.748911750368279,1.2918154946164577,2.3288716639654012,1.472340426465962,0,other,7.780719954215988,-94.07858163673518,,,,bear_called_bull_truth,Bull,Bear
trend_method_v2_1,321306,321307,2026-03-11T19:58:00.260775,Bear,1.0,-0.38059513029656955,regime=RUN|slope_sum=-0.380595|v2_1_override=none,Bull,70138.24,70252.08,113.84,03/11/2026  07:53:31 PM,03/11/2026  07:58:14 PM,False,True,False,False,True,False,False,True,False,False,False,False,RUN,Bear,70183.86484835931,70193.54890838961,70197.73108540544,70201.98031135644,70206.77567489273,70210.66389406535,-0.4954095109605987,-0.23345412935123022,-0.13311059659463353,-0.14714100094533933,-0.1467367029399611,-0.11869989715160045,26.79904570603685,29.32372141086671,130.16166420203808,1.0,19.068587904141168,1.0,10.512402544016368,0.016905123207557382,-0.38059513029656955,0.38059513029656955,1.1485704179061038,-0.23345412935123022,-0.14714100094533933,26.79904570603685,1.0,10.512402544016368,0.016905123207557382,-1,-1,False,0.0863131284058909,0.38059513029656955,10.512402544016368,0.016905123207557382,70.41352758547998,False,False,False,False,False,False,1.2745518379433634,2.08924147782169,-0.7099069578853232,2.0545459966542694,False,0.27051837712536114,-4.1821770158276195,-3.7941663120873272,False,0.27374028555987123,0.3622989143659652,-0.6968766071277059,0.4203129268297148,1.0,1.2745518379433634,0.33333333333333337,0.09492509096746261,0,0,1,1,0,8.683582708908943,10.14689733828709,83>68>53,0.4125776010369009,1,262.0530853145319,1,-1,1,+-+,1,262.0530853145319,0,0,0,0,70138.24,70252.08,113.84,0.0016230803624385213,113.84,113.84,-244.79,43.37,-87.57999999999998,402.0,+-+,1,2.624855891169011,0,1.2745518379433634,1.9844587958286866,4.748911750368279,1.2918154946164577,0,decay,2.376987760475977,-127.06437449707846,,,,bear_called_bull_truth,Bull,Bear
trend_method_v2_1,321313,321314,2026-03-11T20:33:12.092001,Bear,1.0,-0.31060650358085695,regime=RUN|slope_sum=-0.310607|v2_1_override=none,Bull,70257.19,70299.99,42.8,03/11/2026  08:28:40 PM,03/11/2026  08:33:26 PM,False,True,False,False,True,False,False,True,False,False,False,False,RUN,Bear,70225.59337625644,70231.81606097093,70234.81036001185,70240.93219074166,70247.55263630151,70253.36214577984,-0.3135934216406895,-0.11309591608551273,-0.13931643775686098,-0.19751058749534423,-0.19884705195181596,-0.1766124122441397,27.768769523405354,27.796359792235307,29.676014961107285,1.0,-76.16154832761094,1.0,3.055253943428397,0.04148675826741274,-0.31060650358085695,0.31060650358085695,0.6826015941314897,-0.11309591608551273,-0.19751058749534423,27.768769523405354,1.0,3.055253943428397,0.04148675826741274,-1,-1,False,0.0844146714098315,0.31060650358085695,3.055253943428397,0.04148675826741274,89.40176462266702,False,False,False,False,False,False,1.138975827174363,0.9878453050247924,-0.36205237403555657,-0.5740122796214564,False,0.3709807823915888,-2.994299040918122,5.03161181100586,False,0.1038797082321986,0.226718027226525,-0.9814027336014988,0.4005577982539671,1.0,1.138975827174363,0.5,0.08482776516860019,0,0,1,1,0,12.429955038183834,5.169732339199982,83>68>53,0.5729700516912999,1,70.46425673185149,1,-1,1,+-+,1,70.46425673185149,0,0,0,0,70257.19,70299.99,42.8,0.0006091903191687569,42.8,42.8,-59.09,5.43,-10.860000000000007,107.32000000000001,+-+,1,7.8821362799263355,0,1.138975827174363,1.5010282012099196,1.2890682956240198,1.3917659684611863,0,other,3.352258736457308,-25.625805883702924,,,,bear_called_bull_truth,Bull,Bear
trend_method_v2_1,321322,321323,2026-03-11T21:18:24.099608,Bull,1.0,0.7983241196525341,regime=RUN|slope_sum=0.798324|v2_1_override=none,Bear,69962.71,69903.26,-59.45,03/11/2026  09:13:50 PM,03/11/2026  09:18:38 PM,False,True,False,True,False,False,True,False,False,False,False,False,RUN,Bull,69968.56887289703,69949.50736134592,69937.4554827361,69930.34471002391,69926.62357976387,69925.83427904373,0.6204257661302108,0.5791553899307473,0.34106987399172795,0.2191687297217868,0.1214054845913779,0.04180014316261804,-42.734593853296246,-107.07655397117196,-154.59149573124887,1.0,262.47919523791643,1.0,21.63565156495315,0.06353803075478587,0.7983241196525341,0.7983241196525341,-0.9947220366220096,0.5791553899307473,0.2191687297217868,42.734593853296246,1.0,21.63565156495315,0.06353803075478587,1,1,False,0.35998666020896053,0.7983241196525341,21.63565156495315,0.06353803075478587,53.53038045737141,False,False,False,False,False,False,1.9230253875284689,4.029169320409415,-0.308521271284917,-1.5357221055492118,False,0.6204640022007777,12.051878609825508,31.737321585736936,False,0.25872525486224535,0.2793558921384829,-0.5044394702399586,0.18132327612757942,1.0,1.9230253875284689,0.16666666666666663,0.14322160496699354,0,0,0,0,1,4.5104309801827185,17.17526929519954,53>68>83,0.38237435747578274,0,172.5360577490792,-1,1,1,++-,0,172.5360577490792,0,0,1,1,69962.71,69903.26,-59.45,-0.0008497383820609579,59.45,-59.45,-84.74,-4.51,-148.7,148.7,---,0,13.181818181818183,0,1.9230253875284689,2.231546658813386,1.004345824549091,0.30005458051527967,0,other,1.3193662762653295,185.82437784674585,,,,bull_called_bear_truth,Bear,Bull
trend_method_v2_1,321324,321325,2026-03-11T21:28:27.116717,Bull,1.0,0.3517382792160788,regime=RUN|slope_sum=0.351738|v2_1_override=none,Bear,69989.3,69915.83,-73.47,03/11/2026  09:23:55 PM,03/11/2026  09:28:41 PM,False,True,False,True,False,False,True,False,False,False,False,False,RUN,Bull,69965.84605213859,69956.69837948713,69951.75755360995,69949.45757645165,69947.84466228964,69947.04134979918,0.4625315392477205,0.2730277725459018,0.1270862983983534,0.07871050667017698,0.05418796354388178,0.03020863993697276,-18.804702339402866,23.92989151389338,131.00644548506534,1.0,50.65211656464089,1.0,9.403085588070098,0.02495680135477983,0.3517382792160788,0.3517382792160788,-1.2633505711118103,0.2730277725459018,0.07871050667017698,18.804702339402866,1.0,9.403085588070098,0.02495680135477983,1,1,False,0.19431726587572484,0.3517382792160788,9.403085588070098,0.02495680135477983,53.4622003078909,False,False,False,False,False,False,1.0257527203430072,5.288828974979667,-0.8972726671854616,-0.5887513959005446,False,0.5130205725274981,4.940825877187308,-7.1110527326382,False,0.3647496670215363,0.3354452408493671,0.056089348710884224,0.38885637031725706,1.0,1.0257527203430072,0.0,0.07639522174774736,0,0,0,0,1,2.4162266524654115,4.5104309801827185,53>68>83,0.16310711015103152,1,178.52138724514225,1,-1,1,+-+,1,178.52138724514225,0,0,0,0,69989.3,69915.83,-73.47,-0.0010497318875885312,73.47,-73.47,-59.45,-84.74,-217.66,217.66,---,0,0.867004956337031,0,1.0257527203430072,1.9230253875284689,2.231546658813386,1.004345824549091,0,decay,0.7240119572299959,-123.83930340371626,,,,bull_called_bear_truth,Bear,Bull
trend_method_v2_1,321325,321326,2026-03-11T21:33:28.138453,Bear,1.0,-1.2247750527003518,regime=RUN|slope_sum=-1.224775|v2_1_override=none,Bull,69915.83,69973.25,57.42,03/11/2026  09:28:56 PM,03/11/2026  09:33:42 PM,False,True,False,False,True,False,False,True,False,False,False,False,RUN,Bear,69858.11298466835,69899.63900248818,69914.72821931333,69922.33030892524,69927.7236411343,69931.4645411229,-2.520710028009489,-0.9635617081057717,-0.41270758620885317,-0.2612133445945801,-0.18671347420786333,-0.13470791163308604,73.35155645455234,92.1562587939552,68.22636728006182,1.0,-36.78387943173584,1.0,54.17175407821196,0.004508298382833786,-1.2247750527003518,1.2247750527003518,1.8300408543328857,-0.9635617081057717,-0.2612133445945801,73.35155645455234,1.0,54.17175407821196,0.004508298382833786,-1,-1,False,0.7023483635111916,1.2247750527003518,54.17175407821196,0.004508298382833786,59.88981918992288,False,False,False,False,False,False,4.4796140527596435,6.688546217303344,3.4538613324166363,4.351133999602098,False,0.34797455998901516,-15.089216825144831,-20.03004270233214,False,0.40025169795802285,2.108002441800636,1.772557200951269,0.5409324164808366,1.0,4.4796140527596435,0.0,0.33362924817831435,0,0,1,1,0,9.134232197655365,2.4162266524654115,83>68>53,0.5826347304355295,0,223.16270427902055,1,1,-1,-++,0,223.16270427902055,0,0,0,0,69915.83,69973.25,57.42,0.0008212732366904605,57.42,57.42,-73.47,-59.45,-75.50000000000001,190.34000000000003,--+,1,0.9658536585365853,0,4.4796140527596435,1.0257527203430072,1.9230253875284689,2.231546658813386,1,release,2.5766496962817564,-46.423767376778414,,,,bear_called_bull_truth,Bull,Bear
trend_method_v2_1,321328,321329,2026-03-11T21:48:33.113119,Bear,1.0,-0.6890584621396556,regime=RUN|slope_sum=-0.689058|v2_1_override=none,Bull,69833.61,69957.14,123.53,03/11/2026  09:44:00 PM,03/11/2026  09:48:47 PM,False,True,False,False,True,False,False,True,False,False,False,False,RUN,Bear,69907.81497294432,69915.46299349715,69929.05936663627,69937.90958616395,69942.35309141665,69943.3068332879,-0.2942215448929346,-0.43250886293753865,-0.39519623249725555,-0.25654959920211695,-0.14158435608078435,-0.04824576508872269,35.4918603435799,100.58165122182982,158.20225682076125,1.0,-19.48592605542217,1.0,1.4578501798823709,0.15289901687550211,-0.6890584621396556,0.6890584621396556,0.3407207795858435,-0.43250886293753865,-0.25654959920211695,35.4918603435799,1.0,1.4578501798823709,0.15289901687550211,-1,-1,False,0.1759592637354217,0.6890584621396556,1.4578501798823709,0.15289901687550211,51.50776355517212,False,False,False,False,False,False,1.5683063606993528,2.5133907055492855,-1.1692921893099992,-3.3220944891127147,False,0.5861498667460431,-13.596373139123898,-28.960311884307885,False,0.04507961911323349,0.17559994848488714,0.07595627705813968,0.15651642645154784,1.0,1.5683063606993528,0.0,0.11680311425736742,0,0,1,1,0,5.397247123954003,22.3631787589984,83>68>53,0.446379720371624,0,239.02299855463207,1,-1,-1,--+,0,239.02299855463207,0,0,0,0,69833.61,69957.14,123.53,0.001768919006192004,123.53,123.53,10.74,-150.38,-16.109999999999985,284.65,-++,0,0.8214523207873388,0,1.5683063606993528,2.737598550009352,0.5847962502066366,4.4796140527596435,0,other,1.5346256120041353,-129.16598865939523,,,,bear_called_bull_truth,Bull,Bear
trend_method_v2_1,321332,321333,2026-03-11T22:08:40.103127,Bull,1.0,0.2525054072684725,regime=RUN|slope_sum=0.252505|v2_1_override=none,Bear,69827.99,69822.87,-5.12,03/11/2026  10:04:08 PM,03/11/2026  10:08:54 PM,False,True,False,True,False,False,True,False,False,False,False,False,RUN,Bull,69866.89634110809,69848.97577263019,69847.5593308205,69844.88949656046,69841.67552707918,69838.66973446899,1.5143675832714507,0.15670880218749517,0.0772993944810878,0.09579660508097732,0.10015985915015335,0.09254734719252156,-28.2266066391021,-11.517983790981816,40.68249940071837,1.0,152.0698982191534,1.0,1.1427567760838429,0.0795007841894403,0.2525054072684725,0.2525054072684725,-4.385550111566302,0.15670880218749517,0.09579660508097732,28.2266066391021,1.0,1.1427567760838429,0.0795007841894403,1,1,False,0.06091219710651785,0.2525054072684725,1.1427567760838429,0.0795007841894403,111.7861472530392,False,False,False,False,False,False,2.036879591363686,6.060147945056568,-0.18583688282342337,-0.8402469963111798,False,0.595418062346687,1.4164418096916052,1.2139460626349319,False,0.3393445564595839,1.437068188790363,-0.6012668555486016,0.8219446901967791,1.0,2.036879591363686,0.33333333333333337,0.15170115074484544,0,0,0,0,1,6.219762091466691,0.23035339159832802,53>68>83,0.2885038114236522,0,164.30011820451182,-1,-1,1,+--,0,164.30011820451182,0,0,0,0,69827.99,69822.87,-5.12,-7.332303278384499e-05,5.12,-5.12,37.48,123.53,155.89,166.13,++-,1,0.041447421678944385,1,2.036879591363686,2.2227164741871093,1.5683063606993528,2.737598550009352,0,other,1.7212437309050712,-40.06982019363204,,,,bull_called_bear_truth,Bear,Bull
trend_method_v2_1,321333,321334,2026-03-11T22:13:42.126844,Bear,1.0,-0.9383589005428803,regime=RUN|slope_sum=-0.938359|v2_1_override=none,Bull,69822.87,69870.93,48.06,03/11/2026  10:09:10 PM,03/11/2026  10:13:56 PM,False,True,False,False,True,False,False,True,False,False,False,False,RUN,Bear,69768.35528957317,69790.85910105667,69805.28002781942,69814.82180630935,69821.18066898522,69825.32669429533,-0.6134479736720095,-0.6429664212500938,-0.4251447877686587,-0.29539247929278645,-0.20868214481743053,-0.1460280451556173,56.97140472216415,85.19801136126625,96.71599515224807,1.0,-37.059439873773954,1.0,27.022013628142304,0.08119417590330286,-0.9383589005428803,0.9383589005428803,0.9391181523651465,-0.6429664212500938,-0.29539247929278645,56.97140472216415,1.0,27.022013628142304,0.08119417590330286,-1,-1,False,0.3475739419573074,0.9383589005428803,27.022013628142304,0.08119417590330286,60.71387471169484,False,False,False,False,False,False,2.3316618519565964,2.586605565840484,0.29478226059291046,0.4806191434163338,False,0.28847393652380504,-14.420926762744784,-15.83736857243639,False,0.20393160528812584,0.24734008105951943,-1.1897281077308435,0.14708972696621714,1.0,2.3316618519565964,0.0,0.17365571710248284,0,0,1,1,0,10.50488798598235,6.219762091466691,83>68>53,0.6501026692658343,0,148.91647834394826,1,-1,-1,--+,0,148.91647834394826,0,0,0,0,69822.87,69870.93,48.06,0.0006883131558470743,48.06,48.06,-5.12,37.48,80.42,90.66,+-+,1,1.2822838847385274,0,2.3316618519565964,2.036879591363686,2.2227164741871093,1.5683063606993528,0,other,2.91685280499514,-82.06835468754252,,,,bear_called_bull_truth,Bull,Bear
trend_method_v2_1,321337,321338,2026-03-11T22:33:49.123952,Bear,1.0,-1.1460420218809304,regime=RUN|slope_sum=-1.146042|v2_1_override=none,Bull,69576.31,69631.47,55.16,03/11/2026  10:29:15 PM,03/11/2026  10:34:03 PM,False,True,False,False,True,False,False,True,False,False,False,False,RUN,Bear,69511.88571786917,69527.90651326969,69547.262055132,69562.13773819488,69573.43980859737,69581.24107236975,-0.47138124080993293,-0.6872996568090457,-0.5785066570024355,-0.4587423650718847,-0.35600629600048705,-0.25888097559072776,69.35535450058524,101.35101768907043,169.7889980317268,1.0,-40.62479073856957,1.0,7.885190937304287,0.2046511489698397,-1.1460420218809304,1.1460420218809304,0.4680170059662329,-0.6872996568090457,-0.4587423650718847,69.35535450058524,1.0,7.885190937304287,0.2046511489698397,-1,-1,False,0.228557291737161,1.1460420218809304,7.885190937304287,0.2046511489698397,60.51728747847869,False,False,False,False,False,False,2.8108171912845137,1.6180510441391032,0.8656058125598065,1.652738127271732,False,0.2472145908325739,-19.355541862314567,-27.698910552921006,False,0.08594758820488306,0.32471141580572294,-0.7012203597569169,0.18691788053736513,1.0,2.8108171912845137,0.16666666666666663,0.20934187973564922,0,0,1,1,0,19.103334174869815,16.981458358975942,83>68>53,1.0736296366630995,0,197.35911976762873,1,-1,-1,--+,0,197.35911976762873,0,0,0,0,69576.31,69631.47,55.16,0.0007927985833109,55.16,55.16,-119.7,-121.83,-186.37,296.69,--+,1,0.4527620454732003,1,2.8108171912845137,1.9452113787247072,2.7323436934366327,3.231206884385756,1,release,5.218177536613426,-142.79130783856272,,,,bear_called_bull_truth,Bull,Bear
trend_method_v2_1,321341,321342,2026-03-11T22:53:56.128645,Bear,1.0,-1.1922514247326035,regime=RUN|slope_sum=-1.192251|v2_1_override=none,Bull,69430.91,69456.96,26.05,03/11/2026  10:49:23 PM,03/11/2026  10:54:10 PM,False,True,False,False,True,False,False,True,False,False,False,False,RUN,Bear,69247.56585143074,69256.65728198402,69276.11453246496,69300.0622985243,69322.03079688121,69340.24755292598,-0.0819600963677658,-0.45310002920086845,-0.6977689175055275,-0.739151395531735,-0.669433457958803,-0.5713179218928417,92.6817014952394,91.62962656440504,89.6836677594838,1.0,-142.12052869984473,1.0,-4.299026423293981,0.24809488501341553,-1.1922514247326035,1.1922514247326035,0.20945575598695737,-0.45310002920086845,-0.739151395531735,92.6817014952394,1.0,-4.299026423293981,0.24809488501341553,-1,-1,False,0.2860513663308666,1.1922514247326035,4.299026423293981,0.24809488501341553,77.73670852691656,False,False,False,False,False,False,3.2127318184575415,0.622671506097284,2.5492379789047845,2.336512618803681,False,0.153492929100575,-19.457250480933,-16.696060739748646,False,0.21259491708839875,0.6158088211377617,0.2967742935197748,0.4995086906796024,1.0,3.2127318184575415,0.5,0.23927536804877722,0,0,1,1,0,40.185254401687416,4.173678802282666,83>68>53,1.9799027753833798,0,166.90756162829348,1,1,-1,-++,0,166.90756162829348,0,0,0,0,69430.91,69456.96,26.05,0.00037519312363902476,26.05,26.05,11.8,-86.09,-48.24000000000001,123.94,-++,0,0.3025903124637008,0,3.2127318184575415,0.663493839552757,0.45076847945165355,2.5970542930026568,0,build,10.870163948138465,-72.69083272621538,,,,bear_called_bull_truth,Bull,Bear
trend_method_v2_1,321346,321347,2026-03-11T23:19:05.164866,Bull,1.0,0.40147031530796085,regime=RUN|slope_sum=0.401470|v2_1_override=none,Bear,69381.32,69365.61,-15.71,03/11/2026  11:14:32 PM,03/11/2026  11:19:19 PM,False,True,False,True,False,False,True,False,False,False,False,False,RUN,Bull,69405.51858353072,69398.51047937782,69392.8502353235,69388.08988867178,69383.24671108107,69378.9960164814,0.1704266544256825,0.24399216921665356,0.16945430007945106,0.15747814609130728,0.152210767078941,0.1315861998245964,-26.522567049323698,-26.677187767490977,-51.860428988497006,1.0,44.11456254789664,1.0,4.536986887760577,0.05053779771579206,0.40147031530796085,0.40147031530796085,-0.6725246533453281,0.24399216921665356,0.15747814609130728,26.522567049323698,1.0,4.536986887760577,0.05053779771579206,1,1,False,0.08651402312534628,0.40147031530796085,4.536986887760577,0.05053779771579206,66.0635818839525,False,False,False,False,False,False,1.0251482367166318,1.3231499047366588,-0.39204582654747355,-0.5048652412551746,False,0.3792795511112686,5.660244054321083,5.45619425996847,False,0.18028420768498454,0.14810338392817357,-0.6711471332746441,0.253656792736266,1.0,1.0251482367166318,0.33333333333333337,0.07635020148139662,0,0,0,0,1,9.093872190380353,9.128920965144061,53>68>83,0.4412751129948447,0,53.82406575977802,-1,1,-1,-+-,1,53.82406575977802,0,0,1,1,69381.32,69365.61,-15.71,-0.0002264298228975753,15.71,-15.71,57.54,15.8,57.63,89.05000000000001,++-,1,0.9943037974683544,0,1.0251482367166318,1.4171940632641054,1.3043746485564043,1.521574488895567,0,other,2.4770207239457736,56.64547611519083,,,,bull_called_bear_truth,Bear,Bull
trend_method_v2_1,321348,321349,2026-03-11T23:29:08.092603,Bear,1.0,-0.2907775975872937,regime=RUN|slope_sum=-0.290778|v2_1_override=none,Bull,69422.51,69489.18,66.67,03/11/2026  11:24:37 PM,03/11/2026  11:29:22 PM,False,True,False,False,True,False,False,True,False,False,False,False,RUN,Bear,69415.03689010911,69427.54673951097,69429.91448879415,69433.716812609,69437.25068917434,69439.57210794279,-0.8964923892672232,-0.16604435822591768,-0.10585053593786142,-0.12473323936137604,-0.10538053074378695,-0.07302087056268647,24.535217833676143,42.08916938265611,33.12055388231238,1.0,-56.46884331670299,1.0,6.50647198909428,0.05703346562278011,-0.2907775975872937,0.2907775975872937,2.0275042452643652,-0.16604435822591768,-0.12473323936137604,24.535217833676143,1.0,6.50647198909428,0.05703346562278011,-1,-1,False,0.04131111886454164,0.2907775975872937,6.50647198909428,0.05703346562278011,84.37795083684354,False,False,False,False,False,False,1.4715219240988517,3.854350927551124,0.7291162734982208,1.0118588596142217,False,0.3175996943834903,-2.3677492831775453,-3.107487024535658,False,0.2213863650260302,0.7906418533293618,0.5842858886098838,0.6766950176037688,1.0,1.4715219240988517,0.0,0.10959487746775051,0,0,1,1,0,5.855295333793038,8.907928985790932,83>68>53,0.30313464066784945,0,77.73497265049082,1,1,-1,-++,0,77.73497265049082,0,0,0,0,69422.51,69489.18,66.67,0.000960351332730551,66.67,66.67,56.9,-15.71,107.86,139.28,-++,0,4.243793761935073,0,1.4715219240988517,0.7424056506006309,1.0251482367166318,1.4171940632641054,1,release,1.6182856444693037,-29.428780969166837,,,,bear_called_bull_truth,Bull,Bear
trend_method_v2_1,321371,321372,2026-03-12T01:24:40.111548,Bear,1.0,-0.6784059775691276,regime=RUN|slope_sum=-0.678406|v2_1_override=none,Bull,69364.43,69401.01,36.58,03/12/2026  01:20:06 AM,03/12/2026  01:24:54 AM,False,True,False,False,True,False,False,True,False,False,False,False,RUN,Bear,69250.00849179899,69257.81309447234,69267.34781134629,69281.9361261457,69296.07013774279,69307.78205032252,-0.49005334220237273,-0.22210207427997375,-0.3779873580278945,-0.4563039032891538,-0.42451753912064305,-0.3649257885499537,57.77355852353503,67.7814308473171,113.29803417844232,1.0,-33.45944081382186,1.0,2.2940417351783253,0.10873087879320209,-0.6784059775691276,0.6784059775691276,0.3235332431970649,-0.22210207427997375,-0.4563039032891538,57.77355852353503,1.0,2.2940417351783253,0.10873087879320209,-1,-1,False,0.23420182900918007,0.6784059775691276,2.2940417351783253,0.10873087879320209,85.16074509035127,False,False,False,False,False,False,2.3358900054699916,0.8750914691340486,1.6151390668128442,3.077485863075708,False,0.1866770733138009,-9.534716873953585,-14.897635968169197,False,0.2597700865159475,0.42383655167031975,0.23960844082284893,0.38878994713397347,1.0,2.3358900054699916,0.33333333333333337,0.17397061826611937,0,0,1,1,0,25.845924176828703,4.122146243666066,83>68>53,1.2457472309597506,1,180.2166638009221,1,-1,1,+-+,1,180.2166638009221,0,0,0,0,69364.43,69401.01,36.58,0.0005273596279822382,36.58,36.58,-66.02,35.91,6.469999999999999,138.51,+-+,1,1.0186577554998608,0,2.3358900054699916,0.7207509386571473,2.183097734920011,1.2646284085076331,0,other,6.998745449568468,-98.16078976945028,,,,bear_called_bull_truth,Bull,Bear
trend_method_v2_1,321373,321374,2026-03-12T01:34:43.123246,Bull,1.0,0.832794023794122,regime=RUN|slope_sum=0.832794|v2_1_override=none,Bear,69284.93,69268.33,-16.6,03/12/2026  01:30:12 AM,03/12/2026  01:34:57 AM,False,True,False,True,False,False,True,False,False,False,False,False,RUN,Bull,69368.84833980772,69347.96076222388,69336.73159666575,69326.6831483044,69317.22138656722,69309.27738306473,1.3327472513101384,0.5044821396659245,0.3570141359086847,0.32831188412819756,0.2968472249867773,0.2513429607897706,-59.57095674298762,-83.40193950849061,-49.45936375045858,1.0,103.20755065321282,1.0,25.109697908003,0.06893773225546329,0.832794023794122,0.832794023794122,-0.9816691693857681,0.5044821396659245,0.32831188412819756,59.57095674298762,1.0,25.109697908003,0.06893773225546329,1,1,False,0.17617025553772692,0.832794023794122,25.109697908003,0.06893773225546329,71.531441197895,False,False,False,False,False,False,3.070745596789493,2.5034094068063166,2.254456271220988,3.774056951122475,False,0.28582550494301573,11.229165558135719,17.949543035167153,False,0.17117660045469163,0.9757331154014537,0.7780282891399111,0.4446785889744607,1.0,3.070745596789493,0.0,0.2287006274954905,0,0,0,0,1,17.40576523965865,7.648149069034844,53>68>83,0.8765020699047454,0,185.12594611383975,-1,-1,1,+--,0,185.12594611383975,0,0,0,0,69284.93,69268.33,-16.6,-0.00023959034092983862,16.6,-16.6,-116.08,36.58,-96.1,169.26,+--,0,0.4537998906506288,0,3.070745596789493,0.8162893255685049,2.3358900054699916,0.7207509386571473,0,other,4.727718627944764,68.18693507476564,,,,bull_called_bear_truth,Bear,Bull
trend_method_v2_1,321384,321385,2026-03-12T02:29:59.094609,Bull,1.0,0.33755285912775435,regime=RUN|slope_sum=0.337553|v2_1_override=none,Bear,69507.96,69425.54,-82.42,03/12/2026  02:25:26 AM,03/12/2026  02:30:13 AM,False,True,False,True,False,False,True,False,False,False,False,False,RUN,Bull,69534.49423322547,69526.07530052555,69522.12541118934,69518.65642276726,69515.9860850131,69513.94236328975,0.3206166715317522,0.22677904540978489,0.12489993479539407,0.11077381371796946,0.08400202814664226,0.07032652318412147,-20.55186993571988,-4.871208197379019,5.745391996882972,1.0,-39.91408258519368,1.0,8.259979538372136,0.007822259882647953,0.33755285912775435,0.33755285912775435,-1.13479868156297,0.22677904540978489,0.11077381371796946,20.55186993571988,1.0,8.259979538372136,0.007822259882647953,1,1,False,0.11600523169181542,0.33755285912775435,8.259979538372136,0.007822259882647953,60.88489366917662,False,False,False,False,False,False,0.9373980167856644,2.5359851150831663,-0.6824990699115006,-1.4330876710882876,False,0.5868773518605177,3.9498893362178933,0.475830515686539,False,0.2896934885188526,0.19571673673635814,-0.7416242313101975,0.2911170646882928,1.0,0.9373980167856644,0.33333333333333337,0.0698148081287003,0,0,0,0,1,4.71405947751191,13.494278879486956,53>68>83,0.2651023650487332,0,17.613014466522145,-1,-1,1,+--,0,17.613014466522145,0,0,0,0,69507.96,69425.54,-82.42,-0.0011857634722699385,82.42,-82.42,80.93,-8.71,-10.200000000000003,172.06,-+-,1,9.462686567164178,0,0.9373980167856644,1.619897086697165,0.8693084855203779,0.4794795333145885,0,other,1.3280098386752988,-6.011185712506631,,,,bull_called_bear_truth,Bear,Bull
trend_method_v2_1,321385,321386,2026-03-12T02:35:59.501064,Bear,1.0,-0.26602118856862944,regime=RUN|slope_sum=-0.266021|v2_1_override=none,Bull,69425.54,69540.08,114.54,03/12/2026  02:30:28 AM,03/12/2026  02:35:15 AM,False,True,False,False,True,False,False,True,False,False,False,False,RUN,Bear,69487.15919349526,69494.52470916818,69497.15377882513,69499.90197405708,69502.93139039144,69505.43751082895,-0.21257558336401416,-0.17066774941667973,-0.08560498110273329,-0.09535343915194971,-0.09303941742473398,-0.0769322686992382,18.27831733369385,14.725865964399418,-9.378455340614892,1.0,-2.718113770868513,1.0,8.722539748559939,0.022809125662925436,-0.26602118856862944,0.26602118856862944,1.3697513185109866,-0.17066774941667973,-0.09535343915194971,18.27831733369385,1.0,8.722539748559939,0.022809125662925436,-1,-1,False,0.07531431026473001,0.26602118856862944,8.722539748559939,0.022809125662925436,68.71000551513707,False,False,False,False,False,False,0.7341734391593491,1.7670709224987782,0.3467674845160218,0.8967595466583589,False,0.2554428089473097,-2.629069656948559,-2.1272947565448703,False,0.3319228235541932,0.12697060226128087,-0.14836054741681437,0.2708138186732402,1.0,0.7341734391593491,0.16666666666666663,0.054679204425730814,0,0,1,1,0,5.535536771873012,4.615693801140878,83>68>53,0.2653251252759219,0,43.701395466792746,1,1,-1,-++,0,43.701395466792746,0,0,0,0,69425.54,69540.08,114.54,0.00164982512199401,114.54,114.54,114.54,-82.42,146.66000000000003,311.5,-++,0,1.3897112351371026,0,0.7341734391593491,0.3874059546433273,0.9373980167856644,1.619897086697165,1,release,1.5398026666117508,11.357389549742948,,,,bear_called_bull_truth,Bull,Bear
trend_method_v2_1,321392,321393,2026-03-12T03:10:09.121005,Bear,1.0,-0.6425244728070538,regime=RUN|slope_sum=-0.642524|v2_1_override=none,Bull,69472.99,69481.68,8.69,03/12/2026  03:05:37 AM,03/12/2026  03:10:23 AM,False,True,False,False,True,False,False,True,False,False,False,False,RUN,Bear,69433.50630901862,69439.41173807974,69451.73806779491,69460.53920580725,69466.61896724837,69471.00863245726,-0.051110712802255875,-0.3796221814027376,-0.362646217301517,-0.2629022914043162,-0.1961128762777662,-0.14861068454774795,37.50232343864627,43.68838486059394,38.328960330050904,1.0,-50.69221171758545,1.0,-2.964363044637139,0.14981700509739487,-0.6425244728070538,0.6425244728070538,0.2795142861894323,-0.3796221814027376,-0.2629022914043162,37.50232343864627,1.0,-2.964363044637139,0.14981700509739487,-1,-1,False,0.11671988999842142,0.6425244728070538,2.964363044637139,0.14981700509739487,58.36715179860237,False,False,False,False,False,False,1.4010049637363409,1.3057033511576468,1.1174293495932943,1.9263015631731832,False,0.22651714506154136,-12.326329715171596,-12.050450264054234,False,0.02287038506671548,0.34548743270170235,0.2502636302870087,0.4354632327610345,1.0,1.4010049637363409,0.33333333333333337,0.1043429695595076,0,0,1,1,0,10.46942665001552,5.162538698205026,83>68>53,0.6076258522298303,0,53.155000250262674,1,1,-1,-++,0,53.155000250262674,0,0,0,0,69472.99,69481.68,8.69,0.00012508458323155514,8.69,8.69,-8.72,-12.29,-12.319999999999999,29.699999999999996,--+,1,0.7070789259560618,1,1.4010049637363409,0.28357561414304655,1.0924478277229355,1.8307267207728728,1,release,2.8638375611558198,-26.02824643570966,,,,bear_called_bull_truth,Bull,Bear
trend_method_v2_1,321400,321401,2026-03-12T03:50:20.225301,Bear,1.0,1.2972977257995808,regime=RUN|slope_sum=1.297298|v2_1_override=bull_run_instability,Bull,69690.14,69708.13,17.99,03/12/2026  03:45:47 AM,03/12/2026  03:50:34 AM,False,True,False,False,True,False,False,True,False,False,False,False,RUN,Bull,69835.88759728963,69814.99207664517,69793.9835620982,69777.93415968433,69765.95979050301,69756.89319723427,0.4600206277518737,0.803319011856729,0.6331549312471907,0.49397871394285175,0.38260818065464264,0.30417709204812127,-78.99440005536599,-86.05445348867215,-94.74577257383498,1.0,41.33339548291406,1.0,13.126921222807141,0.1866697458658434,1.2972977257995808,1.2972977257995808,-0.5638611761687423,0.803319011856729,0.49397871394285175,78.99440005536599,1.0,13.126921222807141,0.1866697458658434,1,1,False,0.3093402979138773,1.2972977257995808,13.126921222807141,0.1866697458658434,60.89149659664925,False,False,False,False,False,False,3.077258557501409,1.6061588872162909,2.0889465183026914,1.919326323291898,False,0.24651741612452077,21.008514546963852,24.178875248646364,False,0.11845956651455115,0.5134624647143937,0.07171042331538047,0.27074291305916776,1.0,3.077258557501409,0.5,0.22918569477140746,0,0,0,0,1,21.04096245006076,4.87331166252261,53>68>83,1.1807639866456157,0,127.15231083836989,-1,1,1,++-,0,127.15231083836989,0,0,0,0,69690.14,69708.13,17.99,0.000258142687042959,17.99,17.99,21.98,50.28,90.25,90.25,+++,0,0.35779634049323783,1,3.077258557501409,0.9883120391987177,0.8186918441879243,2.6609688317403197,0,build,5.75031514215062,118.99635824579673,,,,bear_called_bull_truth,Bull,Bear
trend_method_v2_1,321410,321411,2026-03-12T04:40:33.087031,Bear,1.0,-0.733343869633245,regime=RUN|slope_sum=-0.733344|v2_1_override=none,Bull,69835.17,69847.67,12.5,03/12/2026  04:36:00 AM,03/12/2026  04:40:47 AM,False,True,False,False,True,False,False,True,False,False,False,False,RUN,Bear,69813.04735628939,69832.84164687475,69844.42149811442,69848.05204920536,69848.70208264742,69848.53014687214,-0.6836958677449729,-0.6204453010468569,-0.28923093872617756,-0.11289856858638814,-0.04106777671404416,-0.01295504207155318,35.482790582755115,87.59473303647246,133.2948310348729,0.8,-292.95307837928704,1.0,19.43123421719065,0.08044416725876676,-0.733343869633245,0.733343869633245,1.3013653520664252,-0.6204453010468569,-0.11289856858638814,35.482790582755115,1.0,19.43123421719065,0.08044416725876676,-1,-1,False,0.5075467324604688,0.733343869633245,19.43123421719065,0.08044416725876676,48.38492834268939,False,False,False,False,False,False,1.7602934948899929,9.545643806369561,-2.7209657866878842,-6.338771249769707,False,0.6620696462592071,-11.57985123967228,-14.653040319157299,False,0.364101366881164,0.3944649290187954,-1.3391566463287745,0.24756610659719192,1.0,1.7602934948899929,0.33333333333333337,0.13110178429579922,0,0,0,0,0,0.4780976667825598,52.32433740810666,68>83>53,0.16692138737198547,0,181.05507874820614,1,-1,-1,--+,0,181.05507874820614,0,0,0,0,69835.17,69847.67,12.5,0.0001789929057235774,12.5,12.5,24.34,-143.33,-106.49000000000001,180.17000000000002,-++,0,0.08721133049605805,1,1.7602934948899929,4.481259281577877,0.8634538184960547,1.4669793849025154,0,other,0.24090817667660874,-119.98094736204439,,,,bear_called_bull_truth,Bull,Bear
trend_method_v2_1,321419,321420,2026-03-12T05:25:47.158244,Bull,1.0,0.5792772137119755,regime=RUN|slope_sum=0.579277|v2_1_override=none,Bear,69677.02,69584.06,-92.96,03/12/2026  05:21:13 AM,03/12/2026  05:26:01 AM,False,True,False,True,False,False,True,False,False,False,False,False,RUN,Bull,69678.13538614044,69668.96350501188,69658.99701730096,69651.51427328966,69646.9615673669,69645.04645990276,0.3439434508309205,0.3557621325035143,0.30107334846070444,0.2235150812084612,0.1418882107554964,0.07191889156456455,-33.08892623767315,-69.93234812404262,-62.18274919052783,1.0,75.2236114777188,1.0,7.659131186956074,0.09548964119679851,0.5792772137119755,0.5792772137119755,-0.52563237591428,0.3557621325035143,0.2235150812084612,33.08892623767315,1.0,7.659131186956074,0.09548964119679851,1,1,False,0.1322470512950531,0.5792772137119755,7.659131186956074,0.09548964119679851,57.12105612724034,False,False,False,False,False,False,1.4381011153236614,2.288424803243187,-0.22939547224268608,1.5947334780339588,False,0.2783612142794013,9.966487710917136,15.79314635224,False,0.08326100770702587,0.06650746571540367,-0.3248556302369252,0.06645570125672653,1.0,1.4381011153236614,0.0,0.10710578819044794,0,0,0,0,1,6.46781338690198,14.673453042123583,53>68>83,0.43732218352852215,0,104.51206329729757,-1,-1,1,+--,0,104.51206329729757,0,0,1,1,69677.02,69584.06,-92.96,-0.0013341557948373796,92.96,-92.96,-114.1,-73.96,-281.02,281.02,---,0,1.2568956192536507,0,1.4381011153236614,1.6674965875663474,3.4916255378429923,1.5028319928387646,0,decay,1.8043713712929579,77.6510399125309,,,,bull_called_bear_truth,Bear,Bull
trend_method_v2_1,321426,321427,2026-03-12T06:00:56.117870,Bull,1.0,0.7238288045336958,regime=RUN|slope_sum=0.723829|v2_1_override=none,Bear,69972.59,69967.87,-4.72,03/12/2026  05:56:22 AM,03/12/2026  06:01:10 AM,False,True,False,True,False,False,True,False,False,False,False,False,RUN,Bull,70017.98662857125,69997.43447238296,69987.03145218208,69981.13432953645,69977.784559814,69975.88505650859,0.5870721776045684,0.5393368793611444,0.2953377481899224,0.18449192517255142,0.1147785835655668,0.07429858286559465,-42.101572062660125,-45.38784722959099,24.572081677091774,1.0,46.86736478697276,1.0,28.359757798010833,0.035787751048892036,0.7238288045336958,0.7238288045336958,-1.26085742809524,0.5393368793611444,0.18449192517255142,42.101572062660125,1.0,28.359757798010833,0.035787751048892036,1,1,False,0.35484495418859296,0.7238288045336958,28.359757798010833,0.035787751048892036,58.16509622020742,False,False,False,False,False,False,1.795315896759348,3.8058469962066437,1.1746556984890049,3.2303770703601913,False,0.31676805351570114,10.403020200872561,12.294040340391803,False,0.2923284392711382,0.291734429414646,-0.05356494744955853,0.20519436256634355,1.0,1.795315896759348,0.33333333333333337,0.13371015579107873,0,0,0,0,1,5.249273027860909,1.3848120150069008,53>68>83,0.3735690916037129,0,273.0834129663417,-1,-1,1,+--,0,273.0834129663417,0,0,0,0,69972.59,69967.87,-4.72,-6.745498487336256e-05,4.72,-4.72,-284.93,360.24,70.59,649.8900000000001,+--,0,0.013102376193648678,1,1.795315896759348,0.6206601982703432,2.6763815701415297,4.061093488389815,1,release,1.5055951594973829,-12.33160628414953,,,,bull_called_bear_truth,Bear,Bull
trend_method_v2_1,321434,321435,2026-03-12T06:41:09.147503,Bear,1.0,1.7311251033479493,regime=RUN|slope_sum=1.731125|v2_1_override=bull_run_instability,Bull,70232.13,70293.24,61.11,03/12/2026  06:36:36 AM,03/12/2026  06:41:23 AM,False,True,False,False,True,False,False,True,False,False,False,False,RUN,Bull,70419.16668395702,70391.8436135958,70362.90330180415,70345.04045814357,70330.95176533854,70318.2566941799,0.06406513554429694,1.1678762283536344,0.8026118107682123,0.563248874994315,0.4688640832901001,0.41901352570312156,-100.90998977712297,-69.23381242973846,-109.97303853867925,1.0,53.85283331523533,1.0,13.54501730480115,0.28134435445702244,1.7311251033479493,1.7311251033479493,-0.5837869283946828,1.1678762283536344,0.563248874994315,100.90998977712297,1.0,13.54501730480115,0.28134435445702244,1,1,False,0.6046273533593194,1.7311251033479493,13.54501730480115,0.28134435445702244,58.29156401346487,False,False,False,False,False,False,3.4856796586536802,1.402050887442571,2.018410930140817,3.922903038606819,False,0.23347563447089406,28.940311791651766,21.993698725185823,False,0.18536748781697915,1.4690755103947595,1.1456689091864973,0.722062971215203,1.0,3.4856796586536802,0.0,0.25960376724656825,0,0,0,0,1,26.783763963670935,11.802020889968844,53>68>83,1.4511264839875366,0,183.16406502196332,-1,1,-1,-+-,1,183.16406502196332,0,0,0,0,70232.13,70293.24,61.11,0.000870114575764682,61.11,61.11,102.13,74.28,237.51999999999998,237.51999999999998,+++,0,0.8226978998384491,0,3.4856796586536802,1.4672687285128632,3.371760836978865,1.0567899404886703,0,other,7.304196707685295,133.11240617305157,,,,bear_called_bull_truth,Bull,Bear
trend_method_v2_1,321440,321441,2026-03-12T07:11:18.110614,Bull,1.0,0.7949206216817402,regime=RUN|slope_sum=0.794921|v2_1_override=none,Bear,70402.95,70396.02,-6.93,03/12/2026  07:06:45 AM,03/12/2026  07:11:32 AM,False,True,False,True,False,False,True,False,False,False,False,False,RUN,Bull,70506.43627382828,70490.73591693609,70478.27712361208,70465.45500315337,70455.84502623037,70449.34854303728,0.9814816312282346,0.4069911184706143,0.43339760589697107,0.38792950321112585,0.2951423167141911,0.2172822443262703,-57.08773079099774,-63.661118670439464,-73.47239561725291,1.0,31.066971001855563,1.0,17.587438590300735,0.09328415954355262,0.7949206216817402,0.7949206216817402,-0.6210359730868664,0.4069911184706143,0.38792950321112585,57.08773079099774,1.0,17.587438590300735,0.09328415954355262,1,1,False,0.019061615259488462,0.7949206216817402,17.587438590300735,0.09328415954355262,71.8156369754536,False,False,False,False,False,False,2.7222244198474073,2.0235043389405214,0.5911761361639947,-0.19094831361144315,False,0.32498767715868343,12.458793324010912,19.504183256300166,False,0.03142175360126153,0.6008970001839771,-1.1335290859242377,0.32982423712990333,1.0,2.7222244198474073,0.33333333333333337,0.20274373548025593,0,0,0,0,1,16.106460116090602,4.920421669026837,53>68>83,0.9003540642515873,0,171.14449632700416,-1,1,1,++-,0,171.14449632700416,0,0,0,0,70402.95,70396.02,-6.93,-9.843337530600635e-05,6.93,-6.93,13.89,131.87,138.82999999999998,152.69,++-,1,0.05255175551679684,1,2.7222244198474073,2.1310482836834126,1.3489238339079748,3.4856796586536802,0,build,4.391469917763475,91.84304978762884,,,,bull_called_bear_truth,Bear,Bull
trend_method_v2_1,321442,321443,2026-03-12T07:21:21.116906,Bull,1.0,0.9358134907652129,regime=RUN|slope_sum=0.935813|v2_1_override=none,Bear,70483.81,70433.43,-50.38,03/12/2026  07:16:49 AM,03/12/2026  07:21:35 AM,False,True,False,True,False,False,True,False,False,False,False,False,RUN,Bull,70562.58035933823,70540.22177290269,70528.4453247279,70516.00368338716,70504.04303014967,70494.14731720666,1.4344488005663152,0.5320154546570848,0.3985259402979864,0.40379803610812814,0.36964588128648757,0.31065268647762423,-68.43304213156807,-63.576678253826685,-115.80804516708304,1.0,71.81515734287677,1.0,24.126635661756154,0.06250643291873736,0.9358134907652129,0.9358134907652129,-0.9232184239916131,0.5320154546570848,0.40379803610812814,68.43304213156807,1.0,24.126635661756154,0.06250643291873736,1,1,False,0.12821741854895663,0.9358134907652129,24.126635661756154,0.06250643291873736,73.1267958913592,False,False,False,False,False,False,3.4490867993936263,2.181530859034126,2.2173119922863407,3.7077616050264623,False,0.2742743610786679,11.77644817478722,7.237466824837611,False,0.14345360140108931,1.0359228602683288,0.5646626990583172,0.438024166962751,1.0,3.4490867993936263,0.5,0.2568784324342744,0,0,0,0,1,21.85636618049466,8.482989117168472,53>68>83,1.08409660387224,0,179.4691638375225,-1,1,-1,-+-,1,179.4691638375225,0,0,0,0,70483.81,70433.43,-50.38,-0.0007147740736489699,50.38,-50.38,87.79,-6.93,30.48000000000001,145.1,-+-,1,7.269841269841271,0,3.4490867993936263,1.2317748071072856,2.7222244198474073,2.1310482836834126,0,other,5.919248226882725,123.61017469097897,,,,bull_called_bear_truth,Bear,Bull
trend_method_v2_1,321443,321444,2026-03-12T07:26:22.118052,Bear,1.0,-0.3401846194828977,regime=RUN|slope_sum=-0.340185|v2_1_override=none,Bull,70433.43,70582.99,149.56,03/12/2026  07:21:50 AM,03/12/2026  07:26:36 AM,False,True,False,False,True,False,False,True,False,False,False,False,RUN,Bear,70520.7105723492,70523.75119761247,70529.38617529158,70535.3782212552,70538.94567794618,70539.28206737697,-0.0019952845832449384,-0.16488609542284394,-0.19289263938480872,-0.17529852406005375,-0.1004053414126247,-0.01842621580544801,18.57149502777611,87.00453715934418,150.58121541317087,1.0,-13.172215585815138,1.0,0.5262263829499716,0.05638553311333194,-0.3401846194828977,0.3401846194828977,0.2615136389530988,-0.16488609542284394,-0.17529852406005375,18.57149502777611,1.0,0.5262263829499716,0.05638553311333194,-1,-1,False,0.010412428637209814,0.3401846194828977,0.5262263829499716,0.05638553311333194,54.59240060883989,False,False,False,False,False,False,0.653904100669024,1.2231799543505342,-2.7951826987246022,-5.012494691010943,False,0.5200775428830036,-5.634977679117583,-17.411425853904802,False,0.07827895075156305,0.19089735480156378,-0.845025505466765,0.5306035025118147,1.0,0.653904100669024,0.0,0.048700966404131615,0,0,1,1,0,3.903846121771494,21.85636618049466,83>68>53,0.29413008127812645,1,202.81258232642722,1,-1,1,+-+,1,202.81258232642722,0,0,0,0,70433.43,70582.99,149.56,0.0021234234936449922,149.56,149.56,-50.38,87.79,186.97,287.73,+-+,1,1.7036108896229638,0,0.653904100669024,3.4490867993936263,1.2317748071072856,2.7222244198474073,0,other,1.1053554055668586,-134.01481506473283,,,,bear_called_bull_truth,Bull,Bear
trend_method_v2_1,321456,321457,2026-03-12T08:31:41.075882,Bear,1.0,-1.2643299319242942,regime=RUN|slope_sum=-1.264330|v2_1_override=none,Bull,70399.42,70444.4,44.98,03/12/2026  08:27:07 AM,03/12/2026  08:31:55 AM,False,True,False,False,True,False,False,True,False,False,False,False,RUN,Bear,70336.57432322303,70376.835148096,70393.56523871135,70400.65947505205,70405.49666031642,70409.31508134585,-1.4882304261991521,-1.0205771354430908,-0.43400827110599494,-0.2437527964812034,-0.1765480168232898,-0.13632377543217444,72.74075812281808,76.42791578677134,82.2432312505116,1.0,-104.85930825588002,1.0,51.780401883719605,0.03388392256054518,-1.2643299319242942,1.2643299319242942,1.6899039769539486,-1.0205771354430908,-0.2437527964812034,72.74075812281808,1.0,51.780401883719605,0.03388392256054518,-1,-1,False,0.7768243389618874,1.2643299319242942,51.780401883719605,0.03388392256054518,57.53305073787786,False,False,False,False,False,False,3.4994404214849055,5.28689513955419,2.598265047667155,1.9486994826711452,False,0.3363755890434075,-16.73009061535413,-14.769734428351512,False,0.4032550180251666,1.0542221550931572,0.4117079039424425,0.35823585810622743,1.0,3.4994404214849055,0.33333333333333337,0.260628630751252,0,0,1,1,0,8.65560629380343,7.73688748323184,83>68>53,0.5566245887366676,1,84.22732258138421,1,-1,1,+-+,1,84.22732258138421,0,0,0,0,70399.42,70444.4,44.98,0.000638925718422112,44.98,44.98,51.37,25.51,121.85999999999999,121.85999999999999,+++,0,1.7632301058408466,0,3.4994404214849055,0.9011753738177504,0.25160980882174044,0.729080088527553,0,build,2.4470396616492995,-67.06178891821764,,,,bear_called_bull_truth,Bull,Bear
trend_method_v2_1,321458,321459,2026-03-12T08:41:44.103960,Bull,1.0,0.6229211305690114,regime=RUN|slope_sum=0.622921|v2_1_override=none,Bear,70380.29,70294.42,-85.87,03/12/2026  08:37:11 AM,03/12/2026  08:41:58 AM,False,True,False,True,False,False,True,False,False,False,False,False,RUN,Bull,70366.60127806367,70348.94965317755,70340.3262664574,70334.2966991787,70330.10194557329,70327.97638552879,1.204529398943123,0.4307766107867792,0.258155825198628,0.19214451978223224,0.13317989908864547,0.07533463105573901,-38.62489253487729,-81.49511440048809,-51.624578143280814,1.0,60.62294118454156,1.0,22.37888750093407,0.03405467591364866,0.6229211305690114,0.6229211305690114,-1.20464616802113,0.4307766107867792,0.19214451978223224,38.62489253487729,1.0,22.37888750093407,0.03405467591364866,1,1,False,0.23863209100454696,0.6229211305690114,22.37888750093407,0.03405467591364866,62.00607210032372,False,False,False,False,False,False,2.294120884855147,4.72586812971111,0.5501003795361612,2.305520295702081,False,0.33014159758160877,8.623386720151757,16.162840862583835,False,0.2505627207713698,0.9463735737444949,0.7704595884679293,0.49981127492871613,1.0,2.294120884855147,0.0,0.17085976984398463,0,0,0,0,1,6.320313649906893,16.213226965875947,53>68>83,0.4006590499266167,0,187.7935664444667,-1,-1,1,+--,0,187.7935664444667,0,0,1,1,70380.29,70294.42,-85.87,-0.0012200859075744076,85.87,-85.87,-64.11,44.98,-105.0,194.96,+--,0,1.9090706980880394,0,2.294120884855147,1.7440205053189857,3.4994404214849055,0.9011753738177504,0,other,1.7779264405630755,68.55787859433258,,,,bull_called_bear_truth,Bear,Bull
trend_method_v2_1,321467,321468,2026-03-12T09:26:59.125655,Bull,1.0,1.2570656852003594,regime=RUN|slope_sum=1.257066|v2_1_override=none,Bear,70273.5,70066.9,-206.6,03/12/2026  09:22:26 AM,03/12/2026  09:27:13 AM,False,True,False,True,False,False,True,False,False,False,False,False,RUN,Bull,70170.26584400774,70149.03540419792,70127.0079853474,70110.417736589,70103.11460970933,70103.7573617172,0.10700831497160834,0.7825273163925885,0.6848163511476741,0.4745383688077709,0.2213933406292199,0.020157963128440315,-66.50848229053372,-236.66838350432226,-277.05232641709154,0.8,79.01593193410372,1.0,18.046131611670717,0.16757609134905838,1.2570656852003594,1.2570656852003594,-0.5497597634398002,0.7825273163925885,0.4745383688077709,66.50848229053372,1.0,18.046131611670717,0.16757609134905838,1,1,False,0.30798894758481765,1.2570656852003594,18.046131611670717,0.16757609134905838,52.90772238360254,False,False,False,False,False,False,2.290441655077302,2.1985402706223476,-5.395513717336144,-6.808738783736771,False,0.5749429532984522,22.02741885051364,63.632428297321894,False,0.06659037511553734,0.7732299666658946,-0.5369973464166833,0.4911417365716464,1.0,2.290441655077302,0.0,0.17058575099990553,0,0,0,0,0,6.660374871804379,38.01845501597563,53>83>68,0.7160896725654311,0,392.458063302518,-1,1,1,++-,0,392.458063302518,0,0,1,1,70273.5,70066.9,-206.6,-0.0029399417988288613,206.6,-206.6,-174.41,-63.26,-444.27,444.27,---,0,3.265886816313626,0,2.290441655077302,7.685955372413446,6.272730306012818,0.9678618756715878,0,other,1.9615181432445976,340.14775736799675,,,,bull_called_bear_truth,Bear,Bull
trend_method_v2_1,321468,321469,2026-03-12T09:32:01.085598,Bear,1.0,-0.7756171083310619,regime=RUN|slope_sum=-0.775617|v2_1_override=none,Bull,70066.9,70154.0,87.1,03/12/2026  09:27:27 AM,03/12/2026  09:32:15 AM,False,True,False,False,True,False,False,True,False,False,False,False,RUN,Bear,70038.87880377877,70052.26463046059,70064.14040237883,70074.5527522721,70082.85609009149,70088.0168963435,-0.44769267014271463,-0.4488227105630358,-0.36854097906871175,-0.3267943977680261,-0.25331101510346343,-0.17149166581293684,49.1380925647245,115.64657485525822,352.3149583595805,1.0,86.25940022440045,1.0,12.746103886529454,0.11259847978335102,-0.7756171083310619,0.7756171083310619,0.6005811882408943,-0.4488227105630358,-0.3267943977680261,49.1380925647245,1.0,12.746103886529454,0.11259847978335102,-1,-1,False,0.1220283127950097,0.7756171083310619,12.746103886529454,0.11259847978335102,63.35354395477125,False,False,False,False,False,False,2.0166534384588886,1.68315763279546,-0.27378821661841357,5.12172550071773,False,0.2509219156150516,-11.875771918246755,-33.903190768760396,False,0.09822033020636618,0.08141177191464521,-0.6918181947512494,0.06435426476110483,1.0,2.0166534384588886,0.0,0.15019476289363978,0,0,1,1,0,13.464144071404007,6.660374871804379,83>68>53,0.7515970786844264,1,392.69890127234976,1,-1,1,+-+,1,392.69890127234976,0,0,0,0,70066.9,70154.0,87.1,0.0012430976680857866,87.1,87.1,-206.6,-174.41,-293.90999999999997,468.11,--+,1,0.4993979702998681,0,2.0166534384588886,2.290441655077302,7.685955372413446,6.272730306012818,0,decay,3.6814078988557273,-319.10358578557134,,,,bear_called_bull_truth,Bull,Bear
trend_method_v2_1,321469,321470,2026-03-12T09:37:01.098988,Bull,1.0,2.3594055040848616,regime=RUN|slope_sum=2.359406|v2_1_override=none,Bear,70154.0,69996.82,-157.18,03/12/2026  09:32:30 AM,03/12/2026  09:37:15 AM,False,True,False,True,False,False,True,False,False,False,False,False,RUN,Bull,70411.87376522353,70352.39102085498,70323.3784155702,70286.1051085828,70251.5865812626,70224.8860157991,3.9059205029407167,1.1740672786108917,1.089308870230525,1.18533822547397,1.0462990205160168,0.8433331769920187,-186.98774942442833,-236.12584198915283,-351.77241684441105,1.0,152.60958482930437,1.0,56.26655686958111,0.1250651255746129,2.3594055040848616,2.3594055040848616,-0.8973663079932019,1.1740672786108917,1.18533822547397,186.98774942442833,1.0,56.26655686958111,0.1250651255746129,1,1,False,0.01127094686307828,2.3594055040848616,56.26655686958111,0.1250651255746129,79.25206120808595,False,False,False,False,False,False,9.244267074764139,2.006294631542944,7.22761363630525,7.501401852923664,False,0.26694584229932755,29.012605284777237,40.88837720302399,False,0.037447778365850996,2.8166116327101918,2.7351998607955466,0.4565531196974542,1.0,9.244267074764139,0.0,0.6884874093590998,0,0,0,0,1,61.21909278369276,13.464144071404007,53>68>83,3.0749704229820054,0,588.4408003487333,-1,1,-1,-+-,1,588.4408003487333,0,0,0,0,70154.0,69996.82,-157.18,-0.002240499472588876,157.18,-157.18,87.1,-206.6,-276.68,450.88,-+-,1,0.7607938044530494,0,9.244267074764139,2.0166534384588886,2.290441655077302,7.685955372413446,1,release,16.540378531870868,395.3959939082306,,,,bull_called_bear_truth,Bear,Bull
trend_method_v2_1,321486,321487,2026-03-12T11:02:27.080340,Bull,1.0,0.6012882781014923,regime=RUN|slope_sum=0.601288|v2_1_override=none,Bear,69523.59,69468.44,-55.15,03/12/2026  10:57:53 AM,03/12/2026  11:02:41 AM,False,True,False,True,False,False,True,False,False,False,False,False,RUN,Bull,69598.21248409968,69590.53100239225,69583.63631541666,69572.657747998,69560.45039399406,69549.42411423902,0.8034488707835408,0.24111663481198775,0.26643002491073275,0.3601716432895046,0.36860345496825175,0.3364861403188115,-48.78836986066017,-47.0136102316028,-16.43595012955484,1.0,120.4935549913207,1.0,-2.6344467553135473,0.07258108984484962,0.6012882781014923,0.6012882781014923,-0.4297752125923325,0.24111663481198775,0.3601716432895046,48.78836986066017,1.0,-2.6344467553135473,0.07258108984484962,1,1,False,0.11905500847751682,0.6012882781014923,2.6344467553135473,0.07258108984484962,81.13973220084145,False,False,False,False,False,False,2.376256769082829,1.230679839865431,2.162500915459532,4.365182531160826,False,0.22068246959898535,6.8946869755891385,7.755607332495856,False,0.04987401574581152,0.587645626070298,0.4088306036792346,0.4482438058681783,1.0,2.376256769082829,0.5,0.17697702302262872,0,0,0,0,1,23.23363375898043,0.039559014956466854,53>68>83,1.0652612385765678,0,279.25910765549634,-1,-1,1,+--,0,279.25910765549634,0,0,0,0,69523.59,69468.44,-55.15,-0.0007932559293902977,55.15,-55.15,-214.81,345.34,75.37999999999997,615.3,+--,0,0.1596976892337986,1,2.376256769082829,0.2137558536232973,2.416437469324592,7.860192093137812,1,release,6.241994037537607,24.60038806572993,,,,bull_called_bear_truth,Bear,Bull
trend_method_v2_1,321489,321490,2026-03-12T11:17:32.077000,Bull,1.0,0.7445258613242913,regime=RUN|slope_sum=0.744526|v2_1_override=none,Bear,69678.24,69646.31,-31.93,03/12/2026  11:12:59 AM,03/12/2026  11:17:46 AM,False,True,False,True,False,False,True,False,False,False,False,False,RUN,Bull,69768.61706633637,69750.98794501479,69744.004503615,69729.30388537816,69714.27998504003,69702.45837086573,0.832261430356084,0.2742896579729859,0.3361713984868402,0.47023620335130545,0.44471649561819504,0.3627255804985907,-66.15869547064358,-54.890754543754156,-56.051854087549145,1.0,83.78216438779782,1.0,7.036760033952305,0.1123596200583658,0.7445258613242913,0.7445258613242913,-0.8129991162263788,0.2742896579729859,0.47023620335130545,66.15869547064358,1.0,7.036760033952305,0.1123596200583658,1,1,False,0.19594654537831957,0.7445258613242913,7.036760033952305,0.1123596200583658,88.86017116043065,False,False,False,False,False,False,2.7204007662840013,1.1291750904746758,0.7070389977634477,1.1208218580795801,False,0.21213381567843514,6.983441399788717,-0.3430260060267756,False,0.10136885860126393,0.6198535128969525,0.023864069902629126,0.42964154129528387,1.0,2.7204007662840013,0.5,0.20260791481353532,0,0,0,0,1,26.84551451243169,14.9882101049443,53>68>83,1.2776782794680912,0,57.031758876051754,-1,1,1,++-,0,57.031758876051754,0,0,0,0,69678.24,69646.31,-31.93,-0.0004582492324720027,31.93,-31.93,79.95,129.85,177.87,241.73000000000002,++-,1,0.24589911436272624,1,2.7204007662840013,2.0133617685205536,2.427144628836686,1.3968899654446432,0,other,7.237655268685349,56.41874416347855,,,,bull_called_bear_truth,Bear,Bull
trend_method_v2_1,321491,321492,2026-03-12T11:27:35.092264,Bear,1.0,4.743875663762083,regime=RUN|slope_sum=4.743876|v2_1_override=bull_run_instability,Bull,69776.34,69847.79,71.45,03/12/2026  11:23:00 AM,03/12/2026  11:27:49 AM,False,True,False,False,True,False,False,True,False,False,False,False,RUN,Bull,70339.22205823664,70268.9645410724,70190.73778021203,70131.96690431493,70086.16871251895,70049.84489143667,1.1378070563714573,2.922501347236903,2.3244388676976087,1.82137431652518,1.4664245213280083,1.2003442703335168,-289.3771667999681,-288.5191310282826,-353.8197907272406,1.0,151.4530662062607,1.0,35.7592368224723,0.7661530850299945,4.743875663762083,4.743875663762083,-0.5128374388538071,2.922501347236903,1.82137431652518,289.3771667999681,1.0,35.7592368224723,0.7661530850299945,1,1,False,1.101127030711723,4.743875663762083,35.7592368224723,0.7661530850299945,61.00015837482563,False,False,False,False,False,False,10.872890379492674,1.4225810357204782,9.910695635389857,11.668901657571041,False,0.23488684419547617,78.22676086037245,82.28747228028078,False,0.11398309396341363,2.3827567704047397,2.022799636273703,0.3731951585794497,1.0,10.872890379492674,0.5,0.8097827625575591,0,0,0,0,1,82.12201287825883,9.996708238773863,53>68>83,4.488143108186705,0,408.71054527099477,-1,1,-1,-+-,1,408.71054527099477,0,0,0,0,69776.34,69847.79,71.45,0.00102398606748362,71.45,71.45,130.03,-31.93,169.55,233.41000000000003,-++,0,2.237707485123708,0,10.872890379492674,0.9621947441028169,2.7204007662840013,2.0133617685205536,0,other,22.342857926933902,438.1300626437951,,,,bear_called_bull_truth,Bull,Bear
trend_method_v2_1,321495,321496,2026-03-12T11:47:41.067886,Bear,1.0,-1.402205621232497,regime=RUN|slope_sum=-1.402206|v2_1_override=none,Bull,70299.2,70436.12,136.92,03/12/2026  11:43:08 AM,03/12/2026  11:47:55 AM,False,True,False,False,True,False,False,True,False,False,False,False,RUN,Bear,70335.28294505688,70371.85547102819,70390.72544673803,70397.20042500287,70399.84318508938,70399.84545401025,-0.17075994644073944,-1.183319120789747,-0.45886441510447185,-0.21888650044274982,-0.1073154098176019,-0.022330889789373032,64.56250895337143,99.95261720681447,159.91677008348051,1.0,-73.28759210417047,1.0,36.75377802099683,0.07104307260389262,-1.402205621232497,1.402205621232497,1.4429904274594851,-1.183319120789747,-0.21888650044274982,64.56250895337143,1.0,36.75377802099683,0.07104307260389262,-1,-1,False,0.9644326203469973,1.402205621232497,36.75377802099683,0.07104307260389262,46.043538818952186,False,False,False,False,False,False,2.161476282384683,5.201643811074045,-0.8865225514236954,-2.7070926871074334,False,0.6355009716479145,-18.86997570983658,-8.085135826375335,False,0.44115331194742957,1.737013880034283,-0.14522623187258432,0.9581180532981188,1.0,2.161476282384683,0.33333333333333337,0.16098076721654406,0,0,1,1,0,2.645029007384437,29.36069632289582,83>68>53,0.34853280004972476,1,203.81101654925442,1,-1,1,+-+,1,203.81101654925442,0,0,0,0,70299.2,70436.12,136.92,0.001947675080228509,136.92,136.92,42.33,-133.44,45.80999999999999,312.68999999999994,-++,0,1.0260791366906474,0,2.161476282384683,3.0479988338083785,1.2274286981246405,1.9468207598310983,0,other,0.8668433686581136,-151.97686048897776,,,,bear_called_bull_truth,Bull,Bear
trend_method_v2_1,321499,321500,2026-03-12T12:07:47.096776,Bear,1.0,-3.606281026322904,regime=RUN|slope_sum=-3.606281|v2_1_override=none,Bull,70289.11,70292.58,3.47,03/12/2026  12:03:14 PM,03/12/2026  12:08:01 PM,False,True,False,False,True,False,False,True,False,False,False,False,RUN,Bear,70135.46236901339,70207.44149382088,70269.61362654828,70301.02480745364,70315.32242618711,70321.67677761592,-2.1629812235387362,-2.6697691314875556,-1.6970703870701982,-0.9365118948353484,-0.5153587627446541,-0.2912602656015224,186.21440860253642,181.41582222952275,178.51955011747486,1.0,31.95666291785892,1.0,61.70278733468149,0.5354645678492185,-3.606281026322904,3.606281026322904,0.7691448615421448,-2.6697691314875556,-0.9365118948353484,186.21440860253642,1.0,61.70278733468149,0.5354645678492185,-1,-1,False,1.7332572366522072,3.606281026322904,61.70278733468149,0.5354645678492185,51.63613352462646,False,False,False,False,False,False,8.272951665278015,3.7460300056971065,6.761282748368103,6.446367585946064,False,0.31571903263994494,-62.172132727399,-63.98236360262672,False,0.22274662036094536,1.4794866523661767,0.049203085365661536,0.22657385413786518,1.0,8.272951665278015,0.5,0.616146527757652,0,0,1,1,0,20.651970162289217,0.7224733302282402,83>68>53,1.7431309231815248,0,192.45803639353835,1,1,-1,-++,0,192.45803639353835,0,0,0,0,70289.11,70292.58,3.47,4.936753360513457e-05,3.47,3.47,-86.63,69.2,-13.959999999999992,159.29999999999998,+-+,1,0.050144508670520234,0,8.272951665278015,1.5116689169099118,1.1967537544878724,1.6017913054056407,0,build,5.893656902899056,-114.48798342948248,,,,bear_called_bull_truth,Bull,Bear
trend_method_v2_1,321517,321518,2026-03-12T13:38:15.085883,Bull,1.0,0.39991116050259734,regime=RUN|slope_sum=0.399911|v2_1_override=none,Bear,70378.4,70366.74,-11.66,03/12/2026  01:33:43 PM,03/12/2026  01:38:29 PM,False,True,False,True,False,False,True,False,False,False,False,False,RUN,Bull,70389.77207335469,70375.70928653645,70371.73936865172,70368.81852384287,70367.16734930439,70366.56840436072,0.5285980888020276,0.30674210767028853,0.13100674431007064,0.09316905283230881,0.054514030289283255,0.02540843950373528,-23.203668993970496,-31.937904890000937,-43.20793545451306,1.0,47.24189607154403,1.0,17.168813231677632,0.04892554734708804,0.39991116050259734,0.39991116050259734,-2.04081716952594,0.30674210767028853,0.09316905283230881,23.203668993970496,1.0,17.168813231677632,0.04892554734708804,1,1,False,0.21357305483797973,0.39991116050259734,17.168813231677632,0.04892554734708804,58.022059111350536,False,False,False,False,False,False,1.1394384634077142,5.5828669487998805,0.4754608699640812,2.7945475310461916,False,0.3392362016259612,3.9699178847367875,5.0006355316290865,False,0.40145248254837856,0.397591344491957,-0.21288454606292362,0.4114374741747035,1.0,1.1394384634077142,0.5,0.08486222103397054,0,0,0,0,1,2.2501194821525132,7.803317626618082,53>68>83,0.17309152262532734,0,141.61072615494777,-1,1,1,++-,0,141.61072615494777,0,0,1,1,70378.4,70366.74,-11.66,-0.00016567583235765521,11.66,-11.66,-61.62,35.87,-37.41,109.14999999999999,+--,0,0.3250627265124059,0,1.1394384634077142,0.6639775934436329,2.9830642545257433,7.389992213555161,1,release,0.691984351970516,47.995686440079226,,,,bull_called_bear_truth,Bear,Bull
trend_method_v2_1,321518,321519,2026-03-12T13:43:17.090259,Bear,1.0,-0.48454219645827834,regime=RUN|slope_sum=-0.484542|v2_1_override=none,Bull,70366.74,70442.3,75.56,03/12/2026  01:38:44 PM,03/12/2026  01:43:31 PM,False,True,False,False,True,False,False,True,False,False,False,False,RUN,Bear,70364.9289458718,70376.75968046625,70384.74169515497,70388.78598247253,70390.1882773141,70389.84117886507,-0.8850082078606647,-0.3637458743160096,-0.22009576936397934,-0.12079632214226876,-0.04987586405877664,-0.0033093171805376187,24.912232993272482,48.11590198724298,80.05380687724391,0.8,34.59369407633494,1.0,10.268219761375804,0.06238889586113926,-0.48454219645827834,0.48454219645827834,0.9837383584149331,-0.3637458743160096,-0.12079632214226876,24.912232993272482,1.0,10.268219761375804,0.06238889586113926,-1,-1,False,0.2429495521737408,0.48454219645827834,10.268219761375804,0.06238889586113926,51.41395976525144,False,False,False,False,False,False,1.6428313549222366,8.4425632782303,0.5033928915145225,0.027932021550441277,False,0.35763862118645323,-7.982014688721392,-11.95193257345818,False,0.24604292363695573,0.6649124384966854,0.26732109400472837,0.4526755663958907,1.0,1.6428313549222366,0.0,0.12235352942712,0,0,0,0,0,1.0551963925390737,2.2501194821525132,68>83>53,0.17398150338158302,1,91.32383744175604,1,-1,1,+-+,1,91.32383744175604,0,0,0,0,70366.74,70442.3,75.56,0.0010738027653405572,75.56,75.56,-11.66,-61.62,2.280000000000001,148.84,--+,1,1.2262252515417074,0,1.6428313549222366,1.1394384634077142,0.6639775934436329,2.9830642545257433,0,build,0.37029813803294503,-67.834553209781,,,,bear_called_bull_truth,Bull,Bear
trend_method_v2_1,321534,321535,2026-03-12T15:04:43.955056,Bull,1.0,0.729119667881605,regime=RUN|slope_sum=0.729120|v2_1_override=none,Bear,69896.7,69821.15,-75.55,03/12/2026  02:59:07 PM,03/12/2026  03:03:54 PM,False,True,False,True,False,False,True,False,False,False,False,False,RUN,Bull,69894.36157013236,69867.32889184302,69859.81960595287,69858.04369732011,69856.43403324623,69855.69671840542,1.327045676538546,0.6437493751745933,0.16855318342459213,0.08537029270701169,0.06117528031609254,0.029382469980191672,-38.66485172693501,-62.090464252542006,-36.952798219790566,1.0,25.687747388510616,1.0,33.08554016513517,0.0349043132252215,0.729119667881605,0.729119667881605,-2.911374470372456,0.6437493751745933,0.08537029270701169,38.66485172693501,1.0,33.08554016513517,0.0349043132252215,1,1,False,0.5583790824675816,0.729119667881605,33.08554016513517,0.0349043132252215,53.02950041009378,False,False,False,False,False,False,2.3152762781410274,12.160359420911949,1.4284016577676084,2.400109283515121,False,0.36960569333962145,7.509285890148021,17.109312357380986,False,0.584999008952374,1.158492493113954,0.31934132750029676,0.5415165582144554,1.0,2.3152762781410274,0.16666666666666663,0.17243536494520473,0,0,0,0,1,2.3469789146911353,1.4396774145570816,53>68>83,0.1759280430032959,0,113.8298502148391,-1,-1,-1,---,0,113.8298502148391,0,0,0,0,69896.7,69821.15,-75.55,-0.0010808807855020336,75.55,-75.55,-75.55,-75.55,-226.64999999999998,226.64999999999998,---,0,1.0,0,2.3152762781410274,0.886874620373419,1.8585822461209318,3.723101355597464,1,release,0.7448657972169582,54.38145190467185,,,,bull_called_bear_truth,Bear,Bull
trend_method_v2_1,321535,321536,2026-03-12T15:08:43.418174,Bear,1.0,-0.8804239251512627,regime=RUN|slope_sum=-0.880424|v2_1_override=none,Bull,69821.15,69859.56,38.41,03/12/2026  03:04:08 PM,03/12/2026  03:08:55 PM,False,True,False,False,True,False,False,True,False,False,False,False,RUN,Bear,69822.27582055728,69845.9418808551,69859.27072601888,69863.91079246026,69864.9529567783,69864.61682382441,-0.4479968518135138,-0.7367112480424112,-0.3367764643389819,-0.1437126771088515,-0.05373791731108213,-0.011653561079583596,42.34100326713815,45.944771861381014,10.883688728688867,0.8,4.144693066322361,1.0,23.66719292648486,0.07913161788019357,-0.8804239251512627,0.8804239251512627,1.3170558582808245,-0.7367112480424112,-0.1437126771088515,42.34100326713815,1.0,23.66719292648486,0.07913161788019357,-1,-1,False,0.5929985709335597,0.8804239251512627,23.66719292648486,0.07913161788019357,48.09160911871368,False,False,False,False,False,False,1.730588719694424,7.27620434209123,-0.08331773624558991,0.41805208595542354,False,0.35166866555412674,-13.328845163778169,-20.140255146223353,False,0.3725564616070229,0.6886491799323267,-0.7939892986887571,0.45261660626621286,1.0,1.730588719694424,0.16666666666666663,0.12888945490780246,0,0,0,0,0,0.7060313641559333,3.432300716958707,68>83>53,0.20910415549951722,0,143.09631924661517,1,1,-1,-++,0,143.09631924661517,0,0,0,0,69821.15,69859.56,38.41,0.0005501198419103667,38.41,38.41,-75.55,-75.55,-112.69,189.51,--+,1,0.5084050297816015,0,1.730588719694424,1.813906455940014,2.3152762781410274,0.886874620373419,0,decay,0.31603297247984363,8.46257711884573,,,,bear_called_bull_truth,Bull,Bear
trend_method_v2_1,321537,321538,2026-03-12T15:18:44.092592,Bull,1.0,1.383334650827237,regime=RUN|slope_sum=1.383335|v2_1_override=none,Bear,69900.0,69892.75,-7.25,03/12/2026  03:14:10 PM,03/12/2026  03:18:58 PM,False,True,False,True,False,False,True,False,False,False,False,False,RUN,Bull,70069.77371002879,70042.23673872562,70022.9792493197,70006.02600116428,69989.27997999538,69974.13309363232,1.1357214894796925,0.828723970826104,0.5964385448769463,0.554610680001133,0.5283286819194473,0.4742795829570241,-95.64061639647116,-49.79145719841472,38.39870526677987,1.0,92.76497106300667,1.0,23.711554302935838,0.15292766853485118,1.383334650827237,1.383334650827237,-0.7604642478149002,0.828723970826104,0.554610680001133,95.64061639647116,1.0,23.711554302935838,0.15292766853485118,1,1,False,0.27411329082497105,1.383334650827237,23.711554302935838,0.15292766853485118,69.13772913826591,False,False,False,False,False,False,4.118102950060347,1.644524049496473,1.6674736895092792,0.9474331486526353,False,0.24874404901851374,19.25748940592166,10.509580430094502,False,0.16298872822554453,0.5392829446027463,-0.550522452178484,0.21058468228601532,1.0,4.118102950060347,0.0,0.3067049024688044,0,0,0,0,1,31.8929075319611,2.216830483506783,53>68>83,1.5572189448776044,0,183.92639152499032,-1,-1,1,+--,0,183.92639152499032,0,0,0,0,69900.0,69892.75,-7.25,-0.00010371959942775393,7.25,-7.25,38.41,38.41,69.57,84.07,++-,1,0.1887529289247592,0,4.118102950060347,2.450629260551068,1.730588719694424,1.813906455940014,0,build,8.620562770175148,-28.439647288863853,,,,bull_called_bear_truth,Bear,Bull
trend_method_v2_1,321545,321546,2026-03-12T16:01:26.356562,Bear,1.0,-0.3149222970205301,regime=RUN|slope_sum=-0.314922|v2_1_override=none,Bull,70355.99,70402.49,46.5,03/12/2026  03:54:23 PM,03/12/2026  03:59:10 PM,False,True,False,False,True,False,False,True,False,False,False,False,RUN,Bear,70456.97888020506,70462.32546365801,70468.3872714957,70473.25661070221,70475.93232890297,70476.07291746164,-0.4183953396313882,-0.17115332881439826,-0.18975310458699823,-0.14376896820613183,-0.07837412689877965,-0.013057357513389434,19.09403725658194,4.330079447579919,8.111178043764085,1.0,-1.5506086612731451,1.0,7.261408068254241,0.06716782700539278,-0.3149222970205301,0.3149222970205301,0.48911458521586976,-0.17115332881439826,-0.14376896820613183,19.09403725658194,1.0,7.261408068254241,0.06716782700539278,-1,-1,False,0.027384360608266434,0.3149222970205301,7.261408068254241,0.06716782700539278,60.63094749793846,False,False,False,False,False,False,1.0145022256510856,3.3133515023352778,0.17008158344833646,1.6443967899649579,False,0.30726468738208856,-6.061807837686501,1.071436695419834,False,0.05153628212527175,0.2658417865895899,-0.3553249208162015,0.34112816855917266,1.0,1.0145022256510856,0.33333333333333337,0.07555731606179042,0,0,1,1,0,2.8163067594286986,1.3127798491041176,83>68>53,0.23520045261830091,1,53.57062469335506,1,-1,1,+-+,1,53.57062469335506,0,0,0,0,70355.99,70402.49,46.5,0.0006609245353522848,46.5,46.5,46.5,46.5,139.5,139.5,+++,0,1.0,0,1.0145022256510856,0.8444206422027491,2.3187358487193706,1.0042474049441807,0,other,0.8058873132232858,-7.395066269160452,,,,bear_called_bull_truth,Bull,Bear
trend_method_v2_1,321545,321546,2026-03-12T16:02:56.663046,Bear,1.0,-0.04149907745522796,regime=RUN|slope_sum=-0.041499|v2_1_override=none,Bull,70355.99,70402.49,46.5,03/12/2026  03:54:23 PM,03/12/2026  03:59:10 PM,False,True,False,False,True,False,False,True,False,False,False,False,RUN,Bear,70467.12937775624,70475.44071302275,70473.72636595373,70474.17149485447,70475.62016980448,70476.53249341906,-1.103322468150509,-0.015969795493219863,0.022305234226223547,-0.0255292819620081,-0.039088817709853174,-0.02184681709331926,9.403115662818891,17.031818759351154,43.75455911246536,0.8,-2.003303986042738,1.0,0.5711467312212335,0.08093518794311898,-0.04149907745522796,0.04149907745522796,6.548389762830827,-0.015969795493219863,-0.0255292819620081,9.403115662818891,1.0,0.5711467312212335,0.08093518794311898,-1,-1,False,0.009559486468788236,0.04149907745522796,0.5711467312212335,0.08093518794311898,226.58613731747687,False,False,False,False,False,False,1.2280624146351329,13.203013899501887,0.33933602075921954,0.4651118525343918,False,0.37183696341985356,1.7143470690207323,0.3105226641637273,True,1.0,1.1256277023767325,0.5836920724577794,0.9860110104279161,0.8333333333333334,1.2280624146351329,0.33333333333333337,0.0762189062281605,0,1,1,0,0,2.3609985645889537,2.571368218414136,83>68>53,0.08646491676518053,1,48.08463856004528,1,-1,1,+-+,1,48.08463856004528,0,0,0,0,70355.99,70402.49,46.5,0.0006609245353522848,46.5,46.5,46.5,46.5,139.5,139.5,+++,0,1.0,0,1.2280624146351329,0.8887263938759133,1.0145022256510856,0.8444206422027491,0,other,0.7748356078533106,-42.86034437584385,,,,bear_called_bull_truth,Bull,Bear
trend_method_v2_1,321566,321567,2026-03-12T17:44:26.116089,Bull,1.0,0.1455144673345785,regime=RUN|slope_sum=0.145514|v2_1_override=none,Bear,70224.4,70200.92,-23.48,03/12/2026  05:39:55 PM,03/12/2026  05:44:40 PM,False,True,False,True,False,False,True,False,False,False,False,False,RUN,Bull,70250.7054913482,70240.67444707856,70239.41757987168,70236.50712956088,70233.95437168742,70232.3619124996,1.402488052191984,0.05278125884615292,0.0752524039689888,0.09273320848842559,0.07480158506041334,0.05148874959195382,-18.343578848594916,-39.9021479574003,-31.86434913345147,1.0,14.935726405325113,1.0,-1.318110629770672,0.035503423014805385,0.1455144673345785,0.1455144673345785,-2.407074628861866,0.05278125884615292,0.09273320848842559,18.343578848594916,1.0,-1.318110629770672,0.035503423014805385,1,1,False,0.039951949642272666,0.1455144673345785,1.318110629770672,0.035503423014805385,126.06017246668601,False,False,False,False,False,False,1.7495452581479185,6.987932406989122,0.5444723383443488,0.4650767022631044,False,0.34992446360086676,1.2568672068882734,8.597855082800379,False,0.1755096638552026,1.372177938468667,1.029183058453782,0.8965426135507515,1.0,1.7495452581479185,0.0,0.1303012853909233,0,0,0,0,1,4.145217061275616,1.1430282022920437,53>68>83,0.21902354314079275,0,81.81788727169624,-1,-1,1,+--,0,81.81788727169624,0,0,0,0,70224.4,70200.92,-23.48,-0.00033435671931693263,23.48,-23.48,-53.93,-31.35,-108.76,108.76,---,0,0.7489633173843699,0,1.7495452581479185,1.2050729198035697,1.1256772837223252,0.28405068239590037,0,build,1.1502401321535016,41.49138727470563,,,,bull_called_bear_truth,Bear,Bull
trend_method_v2_1,321574,321575,2026-03-12T18:24:37.126907,Bull,1.0,0.7080229964831233,regime=RUN|slope_sum=0.708023|v2_1_override=none,Bear,70209.87,70162.68,-47.19,03/12/2026  06:20:10 PM,03/12/2026  06:24:51 PM,False,True,False,True,False,False,True,False,False,False,False,False,RUN,Bull,70203.8579240377,70188.27730503028,70177.14649781241,70169.97928357814,70165.47752964032,70163.00769258587,0.4293532622868952,0.4884901397253998,0.32377708869535127,0.2195328567577235,0.14736730152253585,0.08937879121003789,-40.8502314518264,-57.21566749640624,-76.03287027559418,1.0,52.50890050648013,1.0,16.165742209079326,0.0704971876592719,0.7080229964831233,0.7080229964831233,-0.8514920067901722,0.4884901397253998,0.2195328567577235,40.8502314518264,1.0,16.165742209079326,0.0704971876592719,1,1,False,0.2689572829676763,0.7080229964831233,16.165742209079326,0.0704971876592719,57.696192997595844,False,False,False,False,False,False,1.6978994401979435,2.721187317746398,0.9139600933140173,1.0806708154941589,False,0.29250742683863457,11.130807217865367,10.454386627476197,False,0.20278184970024155,0.22384992846855312,0.06431347600846493,0.18028852627985595,1.0,1.6978994401979435,0.33333333333333337,0.12645484790517844,0,0,0,0,1,6.971590992267011,13.789218885081937,53>68>83,0.45627894949029724,0,102.70152813485765,-1,1,-1,-+-,1,102.70152813485765,0,0,1,1,70209.87,70162.68,-47.19,-0.0006721277222134153,47.19,-47.19,3.36,-37.23,-81.06,87.78,-+-,1,1.2675261885576148,0,1.6978994401979435,0.7839393468839262,0.9506500690640678,1.9276034602771688,1,release,1.9558266053179079,86.55157037907884,,,,bull_called_bear_truth,Bear,Bull
trend_method_v2_1,321582,321583,2026-03-12T19:04:45.144261,Bear,1.0,2.1966653763847717,regime=RUN|slope_sum=2.196665|v2_1_override=bull_run_instability,Bull,70037.54,70175.64,138.1,03/12/2026  07:00:15 PM,03/12/2026  07:04:59 PM,False,True,False,False,True,False,False,True,False,False,False,False,RUN,Bull,70373.70285959658,70321.10927036038,70289.56977329025,70268.81789019241,70251.3436679248,70235.78397764801,2.2080023889702716,1.521286873950885,0.9027999944628391,0.6753785024338868,0.5752458492825099,0.5103165303698916,-137.91888194857165,-115.32638526966912,-65.55341590954049,1.0,81.49409474121057,1.0,53.86529956391314,0.19073019363859178,2.1966653763847717,2.1966653763847717,-1.0057793285673227,1.521286873950885,0.6753785024338868,137.91888194857165,1.0,53.86529956391314,0.19073019363859178,1,1,False,0.8459083715169982,2.1966653763847717,53.86529956391314,0.19073019363859178,62.785567356442705,False,False,False,False,False,False,6.393030139470284,2.6304626716917903,5.365241815397894,5.4532522711851925,False,0.2898212056774569,31.539497070130892,30.357348642821307,False,0.25514220944267224,1.3052023945074325,1.006472567540186,0.2817740164282919,1.0,6.393030139470284,0.0,0.476135179033741,0,0,0,0,1,33.033912544400664,13.578935954428744,53>68>83,1.7609408820862882,0,187.18978654725652,-1,-1,1,+--,0,187.18978654725652,0,0,0,0,70037.54,70175.64,138.1,0.0019717996948493623,138.1,138.1,4.48,-23.12,119.46,165.7,-++,0,5.9731833910034595,0,6.393030139470284,1.0277883240723895,1.1157987798596878,1.2370673985988105,1,release,9.001125820351081,96.91723711990198,,,,bear_called_bull_truth,Bull,Bear
trend_method_v2_1,321588,321589,2026-03-12T19:34:54.103499,Bull,1.0,0.4120558844970219,regime=RUN|slope_sum=0.412056|v2_1_override=none,Bear,70541.39,70537.45,-3.94,03/12/2026  07:30:20 PM,03/12/2026  07:35:08 PM,False,True,False,True,False,False,True,False,False,False,False,False,RUN,Bull,70557.9767177957,70549.92836038789,70543.19506619903,70537.8301091257,70533.7981628405,70530.98692948157,0.24124757772187877,0.24825456172220584,0.2117687251247844,0.16380132277481607,0.12821349374280544,0.09179333880456397,-26.98978831412387,-17.358676021933206,48.18926757895679,1.0,81.23145897744689,1.0,7.989132572925882,0.0509452956089739,0.4120558844970219,0.4120558844970219,-0.6652496491208634,0.24825456172220584,0.16380132277481607,26.98978831412387,1.0,7.989132572925882,0.0509452956089739,1,1,False,0.08445323894738976,0.4120558844970219,7.989132572925882,0.0509452956089739,65.50031034520741,False,False,False,False,False,False,1.0850790198910545,1.8271390402848302,-1.7806679477544094,-0.7518976026458404,False,0.4840834909899013,6.7332941888598725,2.046591202946729,False,0.07931302097225593,0.043492820597748505,-1.649690097938219,0.06202000224904146,1.0,1.0850790198910545,0.5,0.08081368023151408,0,0,0,0,1,6.843179644129123,15.357239691686118,53>68>83,0.3838081553221855,0,211.23641459962528,-1,-1,1,+--,0,211.23641459962528,0,0,1,0,70541.39,70537.45,-3.94,-5.585373353147705e-05,3.94,-3.94,-51.58,125.2,69.68,180.72,+--,0,0.03146964856230032,1,1.0850790198910545,2.865746967645464,3.894517312754033,2.641099144671898,0,decay,1.8762151263069933,-47.79236647394828,,,,bull_called_bear_truth,Bear,Bull
trend_method_v2_1,321594,321595,2026-03-12T20:05:01.138359,Bull,1.0,0.6635097329617565,regime=RUN|slope_sum=0.663510|v2_1_override=none,Bear,70508.02,70507.85,-0.17,03/12/2026  08:00:28 PM,03/12/2026  08:05:15 PM,False,True,False,True,False,False,True,False,False,False,False,False,RUN,Bull,70497.97824593117,70488.42492221933,70473.67159016005,70464.768098892,70462.33155824966,70463.2100515776,0.18531811031243706,0.42577089648148103,0.43987142645528365,0.2377388364802755,0.08675892361134174,0.0013374946665862808,-34.768194353571744,-42.04400226927828,-29.42946675258281,0.8,14.437561896367697,1.0,4.40575307024119,0.1759473532757035,0.6635097329617565,0.6635097329617565,-0.40382952432993485,0.42577089648148103,0.2377388364802755,34.768194353571744,1.0,4.40575307024119,0.1759473532757035,1,1,False,0.18803206000120554,0.6635097329617565,4.40575307024119,0.1759473532757035,52.40042854891432,False,False,False,False,False,False,1.3767956880074053,3.225434994838421,0.6708167995820986,0.6970811566316115,False,0.3053351902257117,14.753332059277454,14.646816088134074,False,0.01628909493006925,0.2545533161428466,-0.048114298517248244,0.2422101804116991,1.0,1.3767956880074053,0.33333333333333337,0.10253992975177895,0,0,0,0,0,1.558047314407304,8.749272412896971,53>83>68,0.3258352547582035,0,75.17339269604417,-1,-1,1,+--,0,75.17339269604417,0,0,1,1,70508.02,70507.85,-0.17,-2.4110732367750504e-06,0.17,-0.17,-66.58,-76.47,-143.22,143.22,---,0,0.0022230940238001833,1,1.3767956880074053,0.7059788884253066,0.7322432454748196,2.11265428347906,1,release,0.5222892947446178,44.02816854219964,,,,bull_called_bear_truth,Bear,Bull
trend_method_v2_1,321610,321611,2026-03-12T21:25:22.117065,Bear,1.0,-0.6718274504182773,regime=RUN|slope_sum=-0.671827|v2_1_override=none,Bull,71571.95,71633.27,61.32,03/12/2026  09:20:51 PM,03/12/2026  09:25:36 PM,False,True,False,False,True,False,False,True,False,False,False,False,RUN,Bear,71491.99909573076,71494.89350050245,71505.87581371283,71520.97004758133,71535.4131817493,71548.06124821778,-0.13087498606182635,-0.20640868445843807,-0.4121155176053435,-0.4654187659598392,-0.4399643536635267,-0.3926928819910245,56.062152487022104,1.256376150646247,-32.98377767734928,1.0,-92.48863273132883,1.0,-8.508693915384356,0.15735471470494913,-0.6718274504182773,0.6718274504182773,0.11099647368296843,-0.20640868445843807,-0.4654187659598392,56.062152487022104,1.0,-8.508693915384356,0.15735471470494913,-1,-1,False,0.25901008150140115,0.6718274504182773,8.508693915384356,0.15735471470494913,83.44724892101091,False,False,False,False,False,False,2.0474751897399983,0.5773153399289376,-0.224608519618414,-1.2303027114194265,False,0.44640454582910405,-10.98231321037747,11.976321817521239,False,0.3325768538410291,0.28124053154351714,-1.3188767387982807,0.37528801204996504,1.0,2.0474751897399983,0.16666666666666663,0.15249028156697747,0,0,1,1,0,27.091200636452413,2.6790272115176776,83>68>53,1.2980760016143904,0,81.89214443987294,1,1,1,+++,0,81.89214443987294,0,0,0,0,71571.95,71633.27,61.32,0.0008567602251999562,61.32,61.32,-70.03,33.5,24.79,164.85,+-+,1,1.83044776119403,0,2.0474751897399983,2.2720837093584123,1.2663895175573998,2.007857648834033,0,other,7.3419170878350135,43.64122275607224,,,,bear_called_bull_truth,Bull,Bear
trend_method_v2_1,321629,321630,2026-03-12T23:00:51.149276,Bull,1.0,0.285587810603829,regime=RUN|slope_sum=0.285588|v2_1_override=none,Bear,71228.34,71120.59,-107.75,03/12/2026  10:56:18 PM,03/12/2026  11:01:05 PM,False,True,False,True,False,False,True,False,False,False,False,False,RUN,Bull,71173.37479752024,71165.5086367432,71162.27560779551,71157.40917318876,71151.92409750808,71147.69209833602,0.46740935495472513,0.12361441847860988,0.12569459719088627,0.1619733921252191,0.16371657882154977,0.12534769359808706,-25.682699184224475,-53.40480086162279,-77.98390564812871,1.0,100.21296692785108,1.0,3.430089683897677,0.02184746164545817,0.285587810603829,0.285587810603829,-0.9711952801825787,0.12361441847860988,0.1619733921252191,25.682699184224475,1.0,3.430089683897677,0.02184746164545817,1,1,False,0.03835897364660923,0.285587810603829,3.430089683897677,0.02184746164545817,89.92925548860991,False,False,False,False,False,False,1.1677560351690772,1.5890432816679843,-0.39111708693235414,0.05506506032361358,False,0.24550277593571126,3.233028947681305,3.629602095883456,False,0.008343776524448048,0.34587511518839165,-0.22874644634975994,0.4825816239189655,1.0,1.1677560351690772,0.33333333333333337,0.08697123535210334,0,0,0,0,1,9.717074852742371,25.598268726971583,53>68>83,0.45103766454485594,0,107.41555328127288,-1,1,-1,-+-,1,107.41555328127288,0,0,1,1,71228.34,71120.59,-107.75,-0.0015127405748891524,107.75,-107.75,27.36,-59.67,-140.06,194.78,-+-,1,1.8057650410591586,0,1.1677560351690772,1.5588731221014314,2.005055269357399,1.3431235627249407,0,decay,2.6109353454822024,81.38476129766241,,,,bull_called_bear_truth,Bear,Bull
trend_method_v2_1,321630,321631,2026-03-12T23:05:53.166793,Bear,1.0,-0.9795574901854707,regime=RUN|slope_sum=-0.979557|v2_1_override=none,Bull,71120.59,71159.58,38.99,03/12/2026  11:01:19 PM,03/12/2026  11:06:07 PM,False,True,False,False,True,False,False,True,False,False,False,False,RUN,Bear,71117.12613203237,71136.3142138616,71153.743123636,71161.81683800298,71164.73477632261,71165.18171413115,-0.39873780743437237,-0.7427462955802184,-0.4697936421544,-0.23681119460525224,-0.11143086951778969,-0.04067467336062691,48.05558209877927,73.73828128300374,127.14308214462653,1.0,7.047763306778506,1.0,16.206044212245615,0.15798547315228326,-0.9795574901854707,0.9795574901854707,0.75239636996158,-0.7427462955802184,-0.23681119460525224,48.05558209877927,1.0,16.206044212245615,0.15798547315228326,-1,-1,False,0.5059351009749662,0.9795574901854707,16.206044212245615,0.15798547315228326,49.0584601519206,False,False,False,False,False,False,2.0001944826526596,4.142988948210671,0.8324384474835824,1.2235555344159366,False,0.32222421552370506,-17.42890977440402,-20.661938722085324,False,0.22510817576514167,0.6169611415716645,0.27108602638327284,0.3829017954362409,1.0,2.0001944826526596,0.0,0.14896894544893172,0,0,1,1,0,3.3648761281656334,9.717074852742371,83>68>53,0.38891673748366884,1,151.72218693113246,1,-1,1,+-+,1,151.72218693113246,0,0,0,0,71120.59,71159.58,38.99,0.000548223798480862,38.99,38.99,-107.75,27.36,-41.4,174.10000000000002,+-+,1,1.4250730994152048,0,2.0001944826526596,1.1677560351690772,1.5588731221014314,2.005055269357399,1,release,1.0305519533996472,-106.21005739615794,,,,bear_called_bull_truth,Bull,Bear
trend_method_v2_1,321632,321633,2026-03-12T23:15:54.115356,Bear,1.0,-0.468948757097678,regime=RUN|slope_sum=-0.468949|v2_1_override=none,Bull,71118.33,71210.0,91.67,03/12/2026  11:11:20 PM,03/12/2026  11:16:08 PM,False,True,False,False,True,False,False,True,False,False,False,False,RUN,Bear,71176.2373896215,71182.5315859926,71190.4962617394,71196.23622686915,71200.47541143246,71202.83130894991,-0.03835578767939296,-0.29117621603836596,-0.23170623975420312,-0.17777254105931206,-0.13234623071366514,-0.07857349892219645,26.593919328413904,58.54698802229541,138.55563881495618,1.0,-32.822300630417885,1.0,3.011441459530033,0.08404076230958926,-0.468948757097678,0.468948757097678,0.4592748126233871,-0.29117621603836596,-0.17777254105931206,26.593919328413904,1.0,3.011441459530033,0.08404076230958926,-1,-1,False,0.1134036749790539,0.468948757097678,3.011441459530033,0.08404076230958926,56.70964881750314,False,False,False,False,False,False,0.9499305141671357,1.4439140826448416,-0.8942854131746572,-0.7383068578637904,False,0.45782018245954414,-7.964675746799912,-13.461937778643914,False,0.11373488558536561,0.31229040464313584,-0.5935216961152037,0.5564310847942725,1.0,0.9499305141671357,0.33333333333333337,0.07074819382441692,0,0,1,1,0,6.59508208076295,19.039195617297082,83>68>53,0.38869227069517365,1,212.29392009795993,1,-1,1,+-+,1,212.29392009795993,0,0,0,0,71118.33,71210.0,91.67,0.0012889785235395714,91.67,91.67,-41.25,38.99,89.41,171.91000000000003,+-+,1,2.351115670684791,0,0.9499305141671357,1.8442159273417928,2.0001944826526596,1.1677560351690772,0,decay,1.8213076613066117,-125.68722273242747,,,,bear_called_bull_truth,Bull,Bear
trend_method_v2_1,321638,321639,2026-03-12T23:46:00.348120,Bull,1.0,0.6622221223533415,regime=RUN|slope_sum=0.662222|v2_1_override=none,Bear,71097.7,71084.4,-13.3,03/12/2026  11:41:27 PM,03/12/2026  11:46:14 PM,False,True,False,True,False,False,True,False,False,False,False,False,RUN,Bull,71160.67137311483,71148.8576017725,71139.08786450811,71129.68269487715,71120.62455563934,71112.83205794836,0.8381061339623557,0.3599587922581122,0.3163734794488846,0.3022633300952293,0.2825252959428326,0.24335910081026668,-47.83931516647863,-39.62108819048444,-54.76451851573074,1.0,90.356916877412,1.0,8.380649127124343,0.09188640677949433,0.6622221223533415,0.6622221223533415,-0.6161057994280704,0.3599587922581122,0.3022633300952293,47.83931516647863,1.0,8.380649127124343,0.09188640677949433,1,1,False,0.057695462162882905,0.6622221223533415,8.380649127124343,0.09188640677949433,72.24058748818577,False,False,False,False,False,False,2.342586132517681,1.8287056240953914,0.45276945777004585,0.5644185830587958,False,0.25859256735917213,9.769737264388823,5.395094208957744,False,0.0644436390699242,0.5217326545134711,-0.5280588170080591,0.3445056943619145,1.0,2.342586132517681,0.5,0.1744693272634382,0,0,0,0,1,16.850636928793392,9.670375084097032,53>68>83,0.8281477268483286,0,152.96268044607132,-1,1,-1,-+-,1,152.96268044607132,0,0,0,0,71097.7,71084.4,-13.3,-0.00018706652957831268,13.3,-13.3,41.87,-185.07,-156.5,240.24,-+-,1,0.07186469984330254,1,2.342586132517681,1.8898166747476353,2.001465800036385,3.292976439553968,1,release,4.553584868798168,59.63155390768043,,,,bull_called_bear_truth,Bear,Bull
trend_method_v2_1,321643,321644,2026-03-13T00:11:07.132665,Bull,1.0,0.9215024351433385,regime=RUN|slope_sum=0.921502|v2_1_override=none,Bear,71389.74,71375.01,-14.73,03/13/2026  12:06:33 AM,03/13/2026  12:11:21 AM,False,True,False,True,False,False,True,False,False,False,False,False,RUN,Bull,71476.98282547323,71465.66446336906,71449.43897677654,71434.60905807387,71423.66560574007,71416.13335632361,0.4758289578367112,0.4761244701967371,0.5258216065594752,0.4453779649466014,0.3393511038448196,0.251268714251637,-60.8494691496162,-77.99843975805561,-82.63793304809951,1.0,46.7931176595157,1.0,5.089255542246974,0.17824135319083112,0.9215024351433385,0.9215024351433385,-0.3644570726486666,0.4761244701967371,0.4453779649466014,60.8494691496162,1.0,5.089255542246974,0.17824135319083112,1,1,False,0.03074650525013567,0.9215024351433385,5.089255542246974,0.17824135319083112,66.03289023338407,False,False,False,False,False,False,2.5137728176359815,1.426426831003657,1.8597425171337818,1.927019929211383,False,0.23514854233846988,16.22548659252061,21.051865269400878,False,0.04960060976897274,0.04999264872276399,-0.38617841720042634,0.03382967471536373,1.0,2.5137728176359815,0.16666666666666663,0.18721883746264215,0,0,0,0,1,18.47570175025612,4.065149984584423,53>68>83,1.035997783043058,0,201.63253447716124,-1,1,1,++-,0,201.63253447716124,0,0,0,0,71389.74,71375.01,-14.73,-0.00020633217042112772,14.73,-14.73,-32.81,191.17,143.63,238.70999999999998,+--,0,0.0770518386776168,1,2.5137728176359815,0.6540303005021997,0.7213077125798009,5.801467657398462,1,release,5.0407646422466,103.30361990029996,,,,bull_called_bear_truth,Bear,Bull
trend_method_v2_1,321644,321645,2026-03-13T00:16:09.131084,Bear,1.0,-0.8417664348307881,regime=RUN|slope_sum=-0.841766|v2_1_override=none,Bull,71375.01,71422.22,47.21,03/13/2026  12:11:35 AM,03/13/2026  12:16:23 AM,False,True,False,False,True,False,False,True,False,False,False,False,RUN,Bear,71328.47343849938,71343.86861366034,71355.9312051427,71368.67987937407,71379.59114721138,71387.1870553328,-0.4219738662177406,-0.4426543102872529,-0.4102611529560818,-0.3991121245435352,-0.3314079644569574,-0.24327546921813337,58.713616833425476,119.56308598304167,197.56152574109728,1.0,-60.3262488143082,1.0,15.358556810650043,0.09150443595315755,-0.8417664348307881,0.8417664348307881,0.6204913259145487,-0.4426543102872529,-0.3991121245435352,58.713616833425476,1.0,15.358556810650043,0.09150443595315755,-1,-1,False,0.04354218574371771,0.8417664348307881,15.358556810650043,0.09150443595315755,69.75048469974702,False,False,False,False,False,False,2.248684887679701,1.3091960819715005,-0.2650879299562803,-2.124830447090062,False,0.5267795432692334,-12.062591482361313,-28.288078074881923,False,0.03797932940269534,0.0530736014006834,0.003080952677919413,0.04162996753853044,1.0,2.248684887679701,0.0,0.16747582261117838,0,0,1,1,0,18.50717595872993,18.47570175025612,83>68>53,0.973795558218626,1,202.2010190311412,1,-1,1,+-+,1,202.2010190311412,0,0,0,0,71375.01,71422.22,47.21,0.0006614359843872526,47.21,47.21,-14.73,-32.81,-0.3300000000000054,94.75,--+,1,1.4388905821395914,0,2.248684887679701,2.5137728176359815,0.6540303005021997,0.7213077125798009,0,other,5.022009112380338,-169.27036671353744,,,,bear_called_bull_truth,Bull,Bear
trend_method_v2_1,321646,321647,2026-03-13T00:26:10.082098,Bear,1.0,-0.15554762805550126,regime=RUN|slope_sum=-0.155548|v2_1_override=none,Bull,71307.77,71337.78,30.01,03/13/2026  12:21:36 AM,03/13/2026  12:26:24 AM,False,True,False,False,True,False,False,True,False,False,False,False,RUN,Bear,71273.18243476497,71282.4974358355,71281.26000100888,71282.29807533642,71285.82860591386,71289.96252682734,-0.1632200247313449,-0.09697976827919774,0.02098274798663624,-0.05856785977630352,-0.10554900545503187,-0.11957223801982764,16.780092062370386,25.346832102164626,92.62718897538434,0.8,10.248995144764194,1.0,-1.2669361068692524,0.09906509199437485,-0.15554762805550126,0.15554762805550126,46.7244066261983,-0.09697976827919774,-0.05856785977630352,16.780092062370386,1.0,-1.2669361068692524,0.09906509199437485,-1,-1,False,0.03841190850289422,0.15554762805550126,1.2669361068692524,0.09906509199437485,107.87751810900676,False,False,False,False,False,False,0.5648716442483419,0.9911644041831068,-0.18348880213125085,1.3168356391688576,False,0.1991125197097406,1.2374348266166635,-3.2105992268479895,True,1.0,0.18420277271798113,0.01723019822202332,0.6551003204705702,0.8333333333333334,0.5648716442483419,0.16666666666666674,0.03505839635740571,0,1,1,0,0,7.664451490913052,4.5695594973512925,83>68>53,0.28368910325116303,1,212.19027495842602,1,-1,1,+-+,1,212.19027495842602,0,0,0,0,71307.77,71337.78,30.01,0.00042085175290154214,30.01,30.01,-114.45,47.21,-37.230000000000004,191.67,+-+,1,0.6356704088116925,0,0.5648716442483419,0.7483604463795928,2.248684887679701,2.5137728176359815,0,decay,2.1795885140287283,-89.39935955031433,,,,bear_called_bull_truth,Bull,Bear
trend_method_v2_1,321653,321654,2026-03-13T01:01:19.152612,Bull,1.0,0.3356336777433171,regime=RUN|slope_sum=0.335634|v2_1_override=none,Bear,71355.87,71337.89,-17.98,03/13/2026  12:56:45 AM,03/13/2026  01:01:33 AM,False,True,False,True,False,False,True,False,False,False,False,False,RUN,Bull,71372.87165262816,71369.5076919168,71362.51437975735,71356.38825733568,71351.68389067534,71348.22125231546,0.4671834660530294,0.15256308094285487,0.2220568693101086,0.18307059680046223,0.14716676855641708,0.11218508253296022,-24.650400312704733,-22.441639413053053,-9.363087499819812,1.0,59.81483761269192,1.0,1.4057531349972123,0.10338666118276749,0.3356336777433171,0.3356336777433171,-0.25641049469783683,0.15256308094285487,0.18307059680046223,24.650400312704733,1.0,1.4057531349972123,0.10338666118276749,1,1,False,0.03050751585760736,0.3356336777433171,1.4057531349972123,0.10338666118276749,73.44435897626651,False,False,False,False,False,False,1.2842258641958324,1.9027140695980163,0.21855295784735063,-0.34240366458470817,False,0.3649190319277585,6.993312159451307,4.599513718247181,False,0.18550477175689067,0.38411417347742827,-0.07975352446192119,0.45629913829882107,1.0,1.2842258641958324,0.5,0.09564558565014186,0,0,0,0,1,8.16700502022286,8.261516367303557,53>68>83,0.44242244788983953,0,40.102051049121656,-1,-1,1,+--,0,40.102051049121656,0,0,1,1,71355.87,71337.89,-17.98,-0.0002519764666873237,17.98,-17.98,-19.13,-9.0,-46.11,46.11,---,0,1.9977777777777779,0,1.2842258641958324,1.0656729063484818,0.504716283916423,1.1552348143486597,0,build,2.2465459499751845,13.882847693605072,,,,bull_called_bear_truth,Bear,Bull
trend_method_v2_1,321664,321665,2026-03-13T01:56:35.129102,Bull,1.0,0.5470602801869973,regime=RUN|slope_sum=0.547060|v2_1_override=none,Bear,71595.98,71510.72,-85.26,03/13/2026  01:52:01 AM,03/13/2026  01:56:49 AM,False,True,False,True,False,False,True,False,False,False,False,False,RUN,Bull,71582.74529856586,71567.20705931993,71560.57998418869,71555.91131272784,71551.23885425396,71547.98357343976,1.0379774737539265,0.38335753001047124,0.18714454380642565,0.16370275017652602,0.14592220180020377,0.10171844096112181,-34.76172512609628,-90.65628205510438,-138.58581670628337,1.0,55.94777890088153,1.0,17.977806280279765,0.027862541482872566,0.5470602801869973,0.5470602801869973,-1.3755832000898096,0.38335753001047124,0.16370275017652602,34.76172512609628,1.0,17.977806280279765,0.027862541482872566,1,1,False,0.2196547798339452,0.5470602801869973,17.977806280279765,0.027862541482872566,63.542769206738896,False,False,False,False,False,False,2.019822940508675,3.910308455626131,-0.23345694599629496,-1.315043264597989,False,0.6185387224418278,6.627075131240417,19.55305616495025,False,0.3439303645143634,0.8508329299475008,0.08941240105741599,0.5289672046078893,1.0,2.019822940508675,0.16666666666666663,0.15043081862824453,0,0,0,0,1,7.927739288075827,21.916047285092645,53>68>83,0.4113433929378516,0,160.39897887605184,-1,1,1,++-,0,160.39897887605184,0,0,1,1,71595.98,71510.72,-85.26,-0.0011908489834205776,85.26,-85.26,13.08,39.47,-32.71000000000001,137.81,++-,1,2.1601216113503927,0,2.019822940508675,2.25327988650497,1.1716935679032758,0.7047502040386462,0,other,2.198061733871252,158.22828527229103,,,,bull_called_bear_truth,Bear,Bull
trend_method_v2_1,321675,321676,2026-03-13T02:51:52.082627,Bull,1.0,0.5791051076685108,regime=RUN|slope_sum=0.579105|v2_1_override=none,Bear,71310.42,71244.5,-65.92,03/13/2026  02:47:19 AM,03/13/2026  02:52:06 AM,False,True,False,True,False,False,True,False,False,False,False,False,RUN,Bull,71291.3164803372,71279.34516389025,71270.3292761152,71267.16340812517,71265.42182436286,71264.59735493112,0.13286712907756737,0.47260311192803783,0.21674672339577228,0.10650199574047292,0.06587233837490203,0.03497411524949712,-26.719125406089006,-55.29286908793438,-109.17664538152167,1.0,8.207213558198418,1.0,8.766070776997367,0.07096809582310801,0.5791051076685108,0.5791051076685108,-0.9827250420085073,0.47260311192803783,0.10650199574047292,26.719125406089006,1.0,8.766070776997367,0.07096809582310801,1,1,False,0.3661011161875649,0.5791051076685108,8.766070776997367,0.07096809582310801,46.13864573507349,False,False,False,False,False,False,1.0295654137662495,3.965387573043859,-1.022420729013902,-1.8142637337314227,False,0.6194423407809042,9.015887775050942,17.852791175304446,False,0.3711560885658027,0.595592371382736,-0.6015325367698097,0.7243737324446503,1.0,1.0295654137662495,0.16666666666666663,0.07667918059450272,0,0,0,0,1,2.566053194052074,11.081704460957553,53>68>83,0.20734844936487207,0,151.49537927782512,-1,1,-1,-+-,1,151.49537927782512,0,0,1,1,71310.42,71244.5,-65.92,-0.0009244090835532872,65.92,-65.92,92.41,-63.24,-36.75000000000001,221.57,-+-,1,1.0423782416192284,0,1.0295654137662495,2.0519861427801516,1.260143138062631,1.0510160166886635,0,other,0.7801260915438377,126.4279040200563,,,,bull_called_bear_truth,Bear,Bull
trend_method_v2_1,321677,321678,2026-03-13T03:01:55.141979,Bear,1.0,-1.044558414409039,regime=RUN|slope_sum=-1.044558|v2_1_override=none,Bull,71281.88,71348.3,66.42,03/13/2026  02:57:22 AM,03/13/2026  03:02:09 AM,False,True,False,False,True,False,False,True,False,False,False,False,RUN,Bear,71266.83860262664,71297.18952286094,71311.76426382727,71320.29356986668,71325.87886586456,71328.93646015758,-1.1232634542993765,-0.7709465753814584,-0.41383444919301837,-0.2736118390275806,-0.18545125879063562,-0.11191266614332562,62.09785753094184,96.30598305584863,103.79498317466641,1.0,-57.58596463255526,1.0,39.80209498798649,0.045005060562731014,-1.044558414409039,1.044558414409039,1.3136625036051897,-0.7709465753814584,-0.2736118390275806,62.09785753094184,1.0,39.80209498798649,0.045005060562731014,-1,-1,False,0.4973347363538778,1.044558414409039,39.80209498798649,0.045005060562731014,59.448908432826926,False,False,False,False,False,False,2.879020242835395,4.042280994310841,1.5619953564983007,1.2745358839274559,False,0.32067082329379976,-14.574740966330864,-21.16783289394516,False,0.301416142545581,0.7094290051063581,0.39910905009492126,0.3073723282198203,1.0,2.879020242835395,0.0,0.21442145412406546,0,0,1,1,0,8.642890290895593,17.40099924900278,83>68>53,0.5709757639615418,0,159.0878522626008,1,-1,-1,--+,0,159.0878522626008,0,0,0,0,71281.88,71348.3,66.42,0.0009317936058925493,66.42,66.42,37.38,-65.92,37.88,169.72000000000003,-++,0,1.0075849514563107,0,2.879020242835395,1.3170248863370944,1.0295654137662495,2.0519861427801516,0,build,2.4343252996903524,-82.22804123062633,,,,bear_called_bull_truth,Bull,Bear
trend_method_v2_1,321678,321679,2026-03-13T03:06:57.069876,Bull,1.0,0.33972782035925775,regime=RUN|slope_sum=0.339728|v2_1_override=none,Bear,71348.3,71285.74,-62.56,03/13/2026  03:02:23 AM,03/13/2026  03:07:11 AM,False,True,False,True,False,False,True,False,False,False,False,False,RUN,Bull,71412.59950263656,71406.26109973367,71405.63584648,71396.67697949565,71385.52164169341,71376.37212188932,0.7470340397630935,0.03779354216021602,0.12126420152890205,0.30193427819904173,0.321334564128847,0.2725152026014257,-36.227380747237476,-98.32523827817931,-194.63122133402794,1.0,44.05909143478493,1.0,-4.69576840173977,0.13018778804052134,0.33972782035925775,0.33972782035925775,-0.6613442595464302,0.03779354216021602,0.30193427819904173,36.227380747237476,1.0,-4.69576840173977,0.13018778804052134,1,1,False,0.2641407360388257,0.33972782035925775,4.69576840173977,0.13018778804052134,106.63648537504963,False,False,False,False,False,False,1.801875828381526,1.0115069458774637,-1.077144414453869,-2.63913977095217,False,0.5011441119704854,0.6252532536746003,15.199994220005465,False,0.524782116435848,0.7927111569715635,0.08328215186520538,0.8748684972634145,1.0,1.801875828381526,0.0,0.13419872133030417,0,0,0,0,1,20.304857606330188,8.642890290895593,53>68>83,0.8957840449293144,0,202.12022145284573,-1,1,-1,-+-,1,202.12022145284573,0,0,0,0,71348.3,71285.74,-62.56,-0.000876825376357951,62.56,-62.56,66.42,37.38,41.24000000000001,166.36,++-,1,1.6736222578919207,0,1.801875828381526,2.879020242835395,1.3170248863370944,1.0295654137662495,0,other,5.51324533701965,209.9144977058986,,,,bull_called_bear_truth,Bear,Bull
trend_method_v2_1,321692,321693,2026-03-13T04:17:18.117102,Bull,1.0,0.872331098678842,regime=RUN|slope_sum=0.872331|v2_1_override=none,Bear,71470.02,71409.08,-60.94,03/13/2026  04:12:52 AM,03/13/2026  04:17:32 AM,False,True,False,True,False,False,True,False,False,False,False,False,RUN,Bull,71497.76409507042,71480.8480244318,71465.77052886695,71455.3606054264,71449.93719846844,71448.03298644269,0.5796916253002564,0.5678357312117441,0.45645909860650136,0.3044953674670978,0.17526898240976152,0.08249197487202764,-49.73110862773319,-80.07434272965475,-85.48552503823885,1.0,16.944523098049103,1.0,16.917948443297064,0.11211527024625823,0.872331098678842,0.872331098678842,-0.6637027717228893,0.5678357312117441,0.3044953674670978,49.73110862773319,1.0,16.917948443297064,0.11211527024625823,1,1,False,0.2633403637446463,0.872331098678842,16.917948443297064,0.11211527024625823,57.00944137272152,False,False,False,False,False,False,2.166242779867389,2.8527672958323214,0.9987213194908691,0.769156541884513,False,0.29617852071348966,15.077495564852143,24.060331055501592,False,0.10873493584362409,0.12323252669375506,-0.26763608956025564,0.07682890731433932,1.0,2.166242779867389,0.16666666666666663,0.16133576274804956,0,0,0,0,1,7.327618983705179,12.409199141955469,53>68>83,0.562256324748887,0,118.94735432440939,-1,1,1,++-,0,118.94735432440939,0,0,1,1,71470.02,71409.08,-60.94,-0.0008526652154287909,60.94,-60.94,-98.69,0.61,-159.01999999999998,160.24,+--,0,99.90163934426229,0,2.166242779867389,1.1675214603765198,0.9379566827701638,1.9564219726253214,0,build,2.073117516202393,109.27822000418018,,,,bull_called_bear_truth,Bear,Bull
trend_method_v2_1,321696,321697,2026-03-13T04:37:24.125807,Bear,1.0,3.137429119711669,regime=RUN|slope_sum=3.137429|v2_1_override=bull_run_instability,Bull,71526.23,71669.54,143.31,03/13/2026  04:32:50 AM,03/13/2026  04:37:38 AM,False,True,False,False,True,False,False,True,False,False,False,False,RUN,Bull,71952.53821485097,71905.63401640594,71851.10761252286,71812.16380503621,71783.91310360453,71761.25970716968,1.19496875150071,1.9508654554774694,1.6138248244114948,1.1865636642341997,0.919784222063754,0.7618558752692479,-191.278507681287,-133.30564691168547,-75.14320991716522,1.0,115.28124954234227,1.0,24.29622737734462,0.5434701716915393,3.137429119711669,3.137429119711669,-0.5018090550688498,1.9508654554774694,1.1865636642341997,191.278507681287,1.0,24.29622737734462,0.5434701716915393,1,1,False,0.7643017912432697,3.137429119711669,24.29622737734462,0.5434701716915393,60.96663872963147,False,False,False,False,False,False,7.627862792956876,1.659456380040786,5.613586713168843,4.544561174512637,False,0.24959332177733803,54.52640388307918,40.470695488125784,False,0.09454976578679733,1.092937335042734,0.6394208298370359,0.22962513235399343,1.0,7.627862792956876,0.0,0.5681020951467415,0,0,0,0,1,50.9040978665289,22.424645472565317,53>68>83,2.8682037615672016,0,206.32046644708316,-1,-1,-1,---,0,206.32046644708316,0,0,0,0,71526.23,71669.54,143.31,0.002003600637136894,143.31,143.31,7.44,10.86,161.61,161.61,+++,0,13.196132596685084,0,7.627862792956876,2.014276079788033,0.945250541131827,1.4567097120543622,0,build,13.887488436127125,116.25332623512804,,,,bear_called_bull_truth,Bull,Bear
trend_method_v2_1,321700,321701,2026-03-13T04:57:28.085726,Bear,1.0,-1.1700409411841974,regime=RUN|slope_sum=-1.170041|v2_1_override=none,Bull,71733.27,71804.5,71.23,03/13/2026  04:52:53 AM,03/13/2026  04:57:42 AM,False,True,False,False,True,False,False,True,False,False,False,False,RUN,Bear,71748.22243101306,71778.46816618046,71796.42454048987,71804.80973041897,71809.05432848995,71811.33925744028,-1.0328618196053867,-0.9080557592315017,-0.4810691999282426,-0.2619851819526957,-0.15554526246523892,-0.09600363859499339,63.11682642722735,50.36951213264547,165.6490247194597,1.0,74.60300068744982,1.0,33.857151128409896,0.10508172340397282,-1.1700409411841974,1.1700409411841974,1.1482133290340322,-0.9080557592315017,-0.2619851819526957,63.11682642722735,1.0,33.857151128409896,0.10508172340397282,-1,-1,False,0.646070577278806,1.1700409411841974,33.857151128409896,0.10508172340397282,53.94411785569389,False,False,False,False,False,False,2.935520861778059,4.716311650738396,2.2612014712904056,7.651312627987863,False,0.33002480892581665,-17.956374309404055,-10.777678315149387,False,0.3073780774636252,0.5517926196771441,-0.1344844080231269,0.2278264375821572,1.0,2.935520861778059,0.5,0.2186294637421793,0,0,1,1,0,6.529527021310059,1.0971864681778243,83>68>53,0.513534083012928,1,340.2587788347446,1,-1,1,+-+,1,340.2587788347446,0,0,0,0,71733.27,71804.5,71.23,0.0009929841480808,71.23,71.23,-236.27,-39.31,-204.35000000000002,346.81000000000006,--+,1,1.812007122869499,0,2.935520861778059,0.6743193904876534,6.064430547185111,3.54720266070035,0,other,1.8839021001522298,-155.00583081233344,,,,bear_called_bull_truth,Bull,Bear
trend_method_v2_1,321701,321702,2026-03-13T05:02:30.134206,Bull,1.0,1.3166520390550431,regime=RUN|slope_sum=1.316652|v2_1_override=none,Bear,71804.5,71768.11,-36.39,03/13/2026  04:57:56 AM,03/13/2026  05:02:44 AM,False,True,False,True,False,False,True,False,False,False,False,False,RUN,Bull,71924.50292163156,71900.54084367945,71879.13790077063,71861.15444436278,71848.34185236819,71840.09367599791,0.9894596007889049,0.7699268292763009,0.6786437545251829,0.5467252097787423,0.4008331057793839,0.2820264445617795,-84.40924563365115,-147.5260720608785,-197.89558419352397,1.0,34.56995490241388,1.0,23.20384634421498,0.177290269816322,1.3166520390550431,1.3166520390550431,-0.6083845786165522,0.7699268292763009,0.5467252097787423,84.40924563365115,1.0,23.20384634421498,0.177290269816322,1,1,False,0.22320161949755857,1.3166520390550431,23.20384634421498,0.177290269816322,64.10900004699145,False,False,False,False,False,False,3.6676149447102944,1.9828077442604597,0.7320940829322353,-1.5291073883581703,False,0.5658981623037278,21.402942908825935,39.35931721822999,False,0.06301596606467308,0.31081584626372205,-0.24097677341342205,0.12748646355087764,1.0,3.6676149447102944,0.0,0.2731538034749753,0,0,0,0,1,21.060768364870455,6.529527021310059,53>68>83,1.2295847601199057,0,313.1750967803382,-1,1,-1,-+-,1,313.1750967803382,0,0,0,0,71804.5,71768.11,-36.39,-0.0005067927497580235,36.39,-36.39,71.23,-236.27,-201.43,343.89,-+-,1,0.1540187074110128,1,3.6676149447102944,2.935520861778059,0.6743193904876534,6.064430547185111,0,build,5.766478390175277,237.01392463834054,,,,bull_called_bear_truth,Bear,Bull
trend_method_v2_1,321710,321711,2026-03-13T05:47:43.131827,Bull,1.0,0.5375960411511187,regime=RUN|slope_sum=0.537596|v2_1_override=none,Bear,71866.48,71863.18,-3.3,03/13/2026  05:43:10 AM,03/13/2026  05:47:57 AM,False,True,False,True,False,False,True,False,False,False,False,False,RUN,Bull,71912.98023851053,71897.69736096458,71890.50528255766,71886.39911694691,71882.42270073322,71878.50952155156,1.071318113570669,0.39565116183803184,0.19746737770219625,0.14194487931308686,0.13406390148884384,0.12424079226548201,-34.47071695896739,-24.986596688991995,0.9994667584251147,1.0,65.70702322204306,1.0,16.77497987143579,0.03319598266680257,0.5375960411511187,0.5375960411511187,-1.3526772408786125,0.39565116183803184,0.14194487931308686,34.47071695896739,1.0,16.77497987143579,0.03319598266680257,1,1,False,0.253706282524945,0.5375960411511187,16.77497987143579,0.03319598266680257,64.12010937647072,False,False,False,False,False,False,2.06468622617831,4.158497010640312,0.9260313038921595,0.8378039418876142,False,0.32245803396320105,7.192078406922519,-2.3311832579638576,False,0.3341385758898434,0.8738507358684728,-0.03683316967726569,0.5250129130689424,1.0,2.06468622617831,0.5,0.15377211189424553,0,0,0,0,1,7.889595395346987,5.472269939593389,53>68>83,0.4002495730674127,0,119.74858475087967,-1,-1,1,+--,0,119.74858475087967,0,0,0,0,71866.48,71863.18,-3.3,-4.591848661573518e-05,3.3,-3.3,-28.58,97.29,65.41000000000001,129.17000000000002,+--,0,0.033919210607462225,1,2.06468622617831,1.1386549222861504,1.050427560281605,4.062350821932341,0,build,2.1826194644471886,1.2948833298614773,,,,bull_called_bear_truth,Bear,Bull
trend_method_v2_1,321715,321716,2026-03-13T06:12:48.127790,Bull,1.0,0.22178452576554264,regime=RUN|slope_sum=0.221785|v2_1_override=none,Bear,72235.8,72156.75,-79.05,03/13/2026  06:08:13 AM,03/13/2026  06:13:02 AM,False,True,False,True,False,False,True,False,False,False,False,False,RUN,Bull,72190.11694543085,72183.04840611511,72179.44276442811,72175.04859660805,72172.02417102594,72170.22416163201,0.8417060087831487,0.09229313447758614,0.1451772593845817,0.1294913912879565,0.09221083999364055,0.06273833228988224,-19.892783798844903,-12.097452863003127,-95.58985192957334,1.0,-86.5893378713954,1.0,3.6226885754440445,0.01503924987531112,0.22178452576554264,0.22178452576554264,-0.8835884540280073,0.09229313447758614,0.1294913912879565,19.892783798844903,1.0,3.6226885754440445,0.01503924987531112,1,1,False,0.03719825681037037,0.22178452576554264,3.6226885754440445,0.01503924987531112,89.6941918295705,False,False,False,False,False,False,1.3636169662167958,3.794031305152164,0.5297901922094752,3.4981668555992655,False,0.3165629144786522,3.605641686997842,5.047258618244086,False,0.2226977605372166,0.8022969992125581,0.25982257099531125,0.7434345277064421,1.0,1.3636169662167958,0.33333333333333337,0.10155841505181422,0,0,0,0,1,4.824434976035263,5.081363588673412,53>68>83,0.2844405635714793,0,168.35749726148788,-1,1,-1,-+-,1,168.35749726148788,0,0,1,0,72235.8,72156.75,-79.05,-0.0010943327269857881,79.05,-79.05,200.92,-28.36,93.51,308.33,-+-,1,2.78737658674189,0,1.3636169662167958,0.8338267740073206,3.802203437397111,0.7135316319945559,0,other,1.35328963351799,100.89693311881274,,,,bull_called_bear_truth,Bear,Bull
trend_method_v2_1,321718,321719,2026-03-13T06:27:52.150181,Bear,1.0,-0.17190444369771285,regime=RUN|slope_sum=-0.171904|v2_1_override=none,Bull,72319.95,72334.53,14.58,03/13/2026  06:23:19 AM,03/13/2026  06:28:06 AM,False,True,False,False,True,False,False,True,False,False,False,False,RUN,Bear,72286.44150335426,72290.3753269548,72291.98041154107,72296.2089869058,72302.13586295745,72308.7396992794,-0.37043335427733837,-0.02789238818513695,-0.08406154029944446,-0.1440120555125759,-0.18279465083833202,-0.19564880620782787,22.29819592513377,11.160430523697869,-26.39365363365505,1.0,-160.0998296340258,1.0,-3.9761578186007682,0.02875356023765301,-0.17190444369771285,0.17190444369771285,0.6743320030504045,-0.02789238818513695,-0.1440120555125759,22.29819592513377,1.0,-3.9761578186007682,0.02875356023765301,-1,-1,False,0.11611966732743895,0.17190444369771285,3.9761578186007682,0.02875356023765301,129.71273717824457,False,False,False,False,False,False,1.0048427953206556,0.9233078629018936,-0.3538745144778659,0.26881241105365916,False,0.19202497545219901,-1.6050845862628194,4.194592758416547,False,0.5017166692997582,0.3987101182065089,-0.6968570170993189,0.8265353015189055,1.0,1.0048427953206556,0.33333333333333337,0.07483790844296065,0,0,1,1,0,12.530712373598362,3.4792656776407966,83>68>53,0.5224555125587358,0,55.2380496381229,1,1,-1,-++,0,55.2380496381229,0,0,0,0,72319.95,72334.53,14.58,0.00020160412168426556,14.58,14.58,72.43,90.77,177.78,177.78,+++,0,0.16062575740883553,1,1.0048427953206556,1.3587173097985215,1.9814042353300465,1.3636169662167958,0,decay,3.416917798818049,29.891389374972277,,,,bear_called_bull_truth,Bull,Bear
trend_method_v2_1,321728,321729,2026-03-13T07:18:05.103315,Bull,1.0,1.2890302732503187,regime=RUN|slope_sum=1.289030|v2_1_override=none,Bear,72358.59,72279.05,-79.54,03/13/2026  07:13:32 AM,03/13/2026  07:18:19 AM,False,True,False,True,False,False,True,False,False,False,False,False,RUN,Bull,72402.92994661935,72367.22922207943,72348.42621281525,72336.60773081689,72329.64869936054,72326.44527723728,2.282019486199715,0.920695478851485,0.5527351721048035,0.36833479439883376,0.22915215782450105,0.12682111902358884,-76.48466938207275,-142.7976952638419,-160.34880789341696,1.0,61.100920072130975,1.0,43.498759169116965,0.07333213613102468,1.2890302732503187,1.2890302732503187,-1.1658715192103615,0.920695478851485,0.36833479439883376,76.48466938207275,1.0,43.498759169116965,0.07333213613102468,1,1,False,0.5523606844526512,1.2890302732503187,43.498759169116965,0.07333213613102468,59.3350450871995,False,False,False,False,False,False,4.479758208402927,5.1848795923133295,2.229468422669015,2.2830432631326403,False,0.3353261459613334,18.803009264185675,37.462254347177804,False,0.24973031917577337,1.7292843140949117,0.3635791272172355,0.4604732457996356,1.0,4.479758208402927,0.0,0.33363998449138127,0,0,0,0,1,10.162453579614521,13.679927965436946,53>68>83,0.7243080712469236,0,197.9509541606676,-1,1,1,++-,0,197.9509541606676,0,0,1,1,72358.59,72279.05,-79.54,-0.0010992475115946844,79.54,-79.54,-52.04,-76.92,-208.5,208.5,---,0,1.0340613624544983,0,4.479758208402927,2.250289785733912,2.3038646261975373,1.8074279226020735,0,other,2.867796171278766,198.174641367812,,,,bull_called_bear_truth,Bear,Bull
