epoch,truth,pred_v22_base,pred_ruleb_raw,pred_ruleb_core_a,pred_ruleb_core_b,pred_ruleb_core_c,pred_ruleb_core_a_bear,pred_ruleb_core_a_bull,trigger_ruleb_raw,trigger_ruleb_core_a,trigger_ruleb_core_b,trigger_ruleb_core_c,trigger_ruleb_core_a_bear,trigger_ruleb_core_a_bull,override_help_class_ruleb_raw,override_help_class_ruleb_core_a,override_help_class_ruleb_core_b,override_help_class_ruleb_core_c,override_help_class_ruleb_core_a_bear,override_help_class_ruleb_core_a_bull,override_side_class_ruleb_raw,override_side_class_ruleb_core_a,override_side_class_ruleb_core_b,override_side_class_ruleb_core_c,override_side_class_ruleb_core_a_bear,override_side_class_ruleb_core_a_bull,reason_ruleb_raw,reason_ruleb_core_a,reason_ruleb_core_b,reason_ruleb_core_c,reason_ruleb_core_a_bear,reason_ruleb_core_a_bull,slow_retention,hinge_torsion,transition_score_v23,ruleb_raw_warning,ruleb_persist_2of3,ruleb_warn_count_3,fast_alt_3epoch,fs_disagree_count_3,phase_disagree_count_3,polarity_inv_count_3,hinge_flip_count_3,energy_flip_count_3,width_rebound_pattern_3,width_monotonic_collapse_3,osc_core_phase,osc_core_fs,osc_core_fastalt,osc_core_count,osc_core_a,osc_core_b,osc_core_c,oscillation_score_v24,oscillation_warning_v24,fan_width_velocity,fan_energy_total,energy_delta,trigger_reason,trigger_detail
320766,Bear,Bear,Neutral,Bear,Bear,Bear,Bear,Bear,1,0,0,0,0,0,BAD_NEUTRALIZE_RIGHT_BASE,NO_EFFECT,NO_EFFECT,NO_EFFECT,NO_EFFECT,NO_EFFECT,BAD_SUPPRESS_RIGHT_BEAR,,,,,,ruleb_raw|side=both|slow=3.0384|abs_hinge=1.0000|transition=2|phase3=1|fs3=1|fast_alt=0|core_count=0,,,,,,3.0384492642879195,1.0,2,1,0,1,0,1,1,0,0,2,1,0,0,0,0,0,0,0,0,2,1,-51.772410745266825,6.574459842853685,3.2791429362860076,ruleb_raw,"phase3=1,fs3=1,fast_alt=0,core_count=0,slow=3.0384,abs_hinge=1.0000,transition=2"
320768,Bull,Neutral,Neutral,Neutral,Neutral,Neutral,Neutral,Neutral,0,0,0,0,0,0,NO_EFFECT,NO_EFFECT,NO_EFFECT,NO_EFFECT,NO_EFFECT,NO_EFFECT,,,,,,,,,,,,,1.4395588319130184,0.9417018172084136,2,1,1,2,0,2,2,0,0,2,0,0,1,1,0,2,1,1,0,3,1,178.6231627488305,3.201231374490817,-3.9114293155362247,ruleb_raw|osc_core_a|osc_core_b,"phase3=2,fs3=2,fast_alt=0,core_count=2,slow=1.4396,abs_hinge=0.9417,transition=2"
320774,Bear,Neutral,Neutral,Neutral,Neutral,Neutral,Neutral,Neutral,0,0,0,0,0,0,NO_EFFECT,NO_EFFECT,NO_EFFECT,NO_EFFECT,NO_EFFECT,NO_EFFECT,,,,,,,,,,,,,0.1357741705742228,0.3090854451841213,1,0,0,0,0,2,2,0,0,2,0,0,1,1,0,2,1,1,0,3,1,-1.2859233241033508,0.4466671394729928,-0.30187601088073285,osc_core_a|osc_core_b,"phase3=2,fs3=2,fast_alt=0,core_count=2,slow=0.1358,abs_hinge=0.3091,transition=1"
320775,Bear,Bear,Bear,Bear,Bear,Bear,Bear,Bear,0,0,0,0,0,0,NO_EFFECT,NO_EFFECT,NO_EFFECT,NO_EFFECT,NO_EFFECT,NO_EFFECT,,,,,,,,,,,,,0.6362622931119404,0.1230550489516129,1,0,0,0,0,2,2,1,0,3,1,0,1,1,0,2,1,1,0,5,1,42.889795363546,1.9418902054621867,1.4952230659891939,osc_core_a|osc_core_b,"phase3=2,fs3=2,fast_alt=0,core_count=2,slow=0.6363,abs_hinge=0.1231,transition=1"
320779,Bear,Neutral,Neutral,Neutral,Neutral,Neutral,Neutral,Neutral,0,0,0,0,0,0,NO_EFFECT,NO_EFFECT,NO_EFFECT,NO_EFFECT,NO_EFFECT,NO_EFFECT,,,,,,,,,,,,,2.543712421304008,1.0,2,1,0,1,1,2,2,1,0,2,0,0,1,1,1,3,1,1,1,5,1,-62.17946413606114,3.594517761404859,-2.472348094539484,ruleb_raw|osc_core_a|osc_core_b|osc_core_c,"phase3=2,fs3=2,fast_alt=1,core_count=3,slow=2.5437,abs_hinge=1.0000,transition=2"
320780,Bear,Neutral,Neutral,Neutral,Neutral,Neutral,Neutral,Neutral,0,0,0,0,0,0,NO_EFFECT,NO_EFFECT,NO_EFFECT,NO_EFFECT,NO_EFFECT,NO_EFFECT,,,,,,,,,,,,,0.2873084660586755,0.2192586499741651,1,0,0,1,0,2,2,1,0,2,0,0,1,1,0,2,1,1,0,4,1,-63.04401019981015,2.251414632772139,-1.3431031286327197,osc_core_a|osc_core_b,"phase3=2,fs3=2,fast_alt=0,core_count=2,slow=0.2873,abs_hinge=0.2193,transition=1"
320781,Bull,Neutral,Neutral,Neutral,Neutral,Neutral,Neutral,Neutral,0,0,0,0,0,0,NO_EFFECT,NO_EFFECT,NO_EFFECT,NO_EFFECT,NO_EFFECT,NO_EFFECT,,,,,,,,,,,,,0.811680590359174,0.137688581800899,1,0,0,1,0,3,2,1,0,2,0,0,1,1,0,2,1,1,0,4,1,41.79563346775831,2.31399440244968,0.06257976967754075,osc_core_a|osc_core_b,"phase3=2,fs3=3,fast_alt=0,core_count=2,slow=0.8117,abs_hinge=0.1377,transition=1"
320784,Bull,Neutral,Neutral,Neutral,Neutral,Neutral,Neutral,Neutral,0,0,0,0,0,0,NO_EFFECT,NO_EFFECT,NO_EFFECT,NO_EFFECT,NO_EFFECT,NO_EFFECT,,,,,,,,,,,,,0.973829298025521,1.0,2,1,0,1,0,1,1,0,0,1,1,0,0,0,0,0,0,0,0,2,1,-19.797905809333315,2.305253331682252,-0.8877544865954405,ruleb_raw,"phase3=1,fs3=1,fast_alt=0,core_count=0,slow=0.9738,abs_hinge=1.0000,transition=2"
320785,Bull,Neutral,Neutral,Neutral,Neutral,Neutral,Neutral,Neutral,0,0,0,0,0,0,NO_EFFECT,NO_EFFECT,NO_EFFECT,NO_EFFECT,NO_EFFECT,NO_EFFECT,,,,,,,,,,,,,0.9224133815041567,0.1769615264938427,0,0,0,1,1,2,1,0,0,1,1,0,0,1,1,2,1,0,1,4,1,65.64680633916578,1.7768157382924985,-0.5284375933897534,osc_core_a|osc_core_c,"phase3=1,fs3=2,fast_alt=1,core_count=2,slow=0.9224,abs_hinge=0.1770,transition=0"
320788,Bull,Neutral,Neutral,Neutral,Neutral,Neutral,Neutral,Neutral,0,0,0,0,0,0,NO_EFFECT,NO_EFFECT,NO_EFFECT,NO_EFFECT,NO_EFFECT,NO_EFFECT,,,,,,,,,,,,,0.6311482615783461,0.4972887476968185,1,0,0,0,0,2,2,0,0,1,1,0,1,1,0,2,1,1,0,4,1,-28.693790912424447,1.5678286232741812,0.3320424451794679,osc_core_a|osc_core_b,"phase3=2,fs3=2,fast_alt=0,core_count=2,slow=0.6311,abs_hinge=0.4973,transition=1"
320789,Bull,Bull,Bull,Bull,Bull,Bull,Bull,Bull,0,0,0,0,0,0,NO_EFFECT,NO_EFFECT,NO_EFFECT,NO_EFFECT,NO_EFFECT,NO_EFFECT,,,,,,,,,,,,,0.6300576188659761,1.0,1,0,0,0,0,2,2,0,0,1,0,0,1,1,0,2,1,1,0,3,1,-2.9282302924984838,1.618049982400407,0.05022135912622594,osc_core_a|osc_core_b,"phase3=2,fs3=2,fast_alt=0,core_count=2,slow=0.6301,abs_hinge=1.0000,transition=1"
320790,Bull,Neutral,Neutral,Neutral,Neutral,Neutral,Neutral,Neutral,0,0,0,0,0,0,NO_EFFECT,NO_EFFECT,NO_EFFECT,NO_EFFECT,NO_EFFECT,NO_EFFECT,,,,,,,,,,,,,0.0746003603126155,0.2433110678775651,1,0,0,0,1,2,2,0,0,1,0,0,1,1,1,3,1,1,1,4,1,32.73338054890337,0.3618813584653253,-1.2561686239350818,osc_core_a|osc_core_b|osc_core_c,"phase3=2,fs3=2,fast_alt=1,core_count=3,slow=0.0746,abs_hinge=0.2433,transition=1"
320791,Bear,Neutral,Neutral,Neutral,Neutral,Neutral,Neutral,Neutral,0,0,0,0,0,0,NO_EFFECT,NO_EFFECT,NO_EFFECT,NO_EFFECT,NO_EFFECT,NO_EFFECT,,,,,,,,,,,,,0.2087816300208942,0.5270063143061303,2,0,0,0,1,2,2,0,0,2,1,0,1,1,1,3,1,1,1,5,1,-8.654911095189163,0.5312582362712419,0.1693768778059166,osc_core_a|osc_core_b|osc_core_c,"phase3=2,fs3=2,fast_alt=1,core_count=3,slow=0.2088,abs_hinge=0.5270,transition=2"
320792,Bear,Neutral,Neutral,Neutral,Neutral,Neutral,Neutral,Neutral,0,0,0,0,0,0,NO_EFFECT,NO_EFFECT,NO_EFFECT,NO_EFFECT,NO_EFFECT,NO_EFFECT,,,,,,,,,,,,,0.1375403330439439,0.8322233592788162,2,0,0,0,1,3,3,0,0,2,0,0,1,1,1,3,1,1,1,4,1,-1.1703438977565384,0.914215834094648,0.3829575978234061,osc_core_a|osc_core_b|osc_core_c,"phase3=3,fs3=3,fast_alt=1,core_count=3,slow=0.1375,abs_hinge=0.8322,transition=2"
320793,Bull,Neutral,Neutral,Neutral,Neutral,Neutral,Neutral,Neutral,0,0,0,0,0,0,NO_EFFECT,NO_EFFECT,NO_EFFECT,NO_EFFECT,NO_EFFECT,NO_EFFECT,,,,,,,,,,,,,0.6440989897346299,0.5101778386277593,2,0,0,0,0,3,3,0,0,1,0,1,1,1,0,2,1,1,0,3,1,-12.743024137540488,1.1806606325062603,0.2664447984116123,osc_core_a|osc_core_b,"phase3=3,fs3=3,fast_alt=0,core_count=2,slow=0.6441,abs_hinge=0.5102,transition=2"
320794,Bull,Neutral,Neutral,Neutral,Neutral,Neutral,Neutral,Neutral,0,0,0,0,0,0,NO_EFFECT,NO_EFFECT,NO_EFFECT,NO_EFFECT,NO_EFFECT,NO_EFFECT,,,,,,,,,,,,,1.404570206970675,0.1562493496298519,1,1,0,1,0,3,3,0,0,0,0,1,1,1,0,2,1,1,0,2,1,-39.016971012664726,2.766903092749999,1.5862424602437386,ruleb_raw|osc_core_a|osc_core_b,"phase3=3,fs3=3,fast_alt=0,core_count=2,slow=1.4046,abs_hinge=0.1562,transition=1"
320795,Bull,Bull,Bull,Bull,Bull,Bull,Bull,Bull,0,0,0,0,0,0,NO_EFFECT,NO_EFFECT,NO_EFFECT,NO_EFFECT,NO_EFFECT,NO_EFFECT,,,,,,,,,,,,,0.1509659933490184,0.3207623062891896,0,0,0,1,0,2,2,0,0,1,0,0,1,1,0,2,1,1,0,3,1,20.01083102467237,2.4905206984203687,-0.2763823943296302,osc_core_a|osc_core_b,"phase3=2,fs3=2,fast_alt=0,core_count=2,slow=0.1510,abs_hinge=0.3208,transition=0"
320799,Bear,Neutral,Neutral,Neutral,Neutral,Neutral,Neutral,Neutral,0,0,0,0,0,0,NO_EFFECT,NO_EFFECT,NO_EFFECT,NO_EFFECT,NO_EFFECT,NO_EFFECT,,,,,,,,,,,,,0.7585913377897668,1.0,2,0,0,0,0,3,2,0,0,3,1,0,1,1,0,2,1,1,0,4,1,-19.73223380575655,2.115754093083524,0.8395616176276235,osc_core_a|osc_core_b,"phase3=2,fs3=3,fast_alt=0,core_count=2,slow=0.7586,abs_hinge=1.0000,transition=2"
320800,Bear,Neutral,Neutral,Neutral,Neutral,Neutral,Neutral,Neutral,0,0,0,0,0,0,NO_EFFECT,NO_EFFECT,NO_EFFECT,NO_EFFECT,NO_EFFECT,NO_EFFECT,,,,,,,,,,,,,0.2438105953806371,0.862768870447019,2,0,0,0,0,3,2,0,0,3,0,0,1,1,0,2,1,1,0,3,1,-18.34062871108472,0.5674894515650521,-1.5482646415184718,osc_core_a|osc_core_b,"phase3=2,fs3=3,fast_alt=0,core_count=2,slow=0.2438,abs_hinge=0.8628,transition=2"
320801,Bull,Bear,Neutral,Neutral,Neutral,Bear,Neutral,Bear,1,1,1,0,1,0,GOOD_NEUTRALIZE_WRONG_BASE,GOOD_NEUTRALIZE_WRONG_BASE,GOOD_NEUTRALIZE_WRONG_BASE,NO_EFFECT,GOOD_NEUTRALIZE_WRONG_BASE,NO_EFFECT,GOOD_SUPPRESS_WRONG_BEAR,GOOD_SUPPRESS_WRONG_BEAR,GOOD_SUPPRESS_WRONG_BEAR,,GOOD_SUPPRESS_WRONG_BEAR,,ruleb_raw|side=both|slow=1.1463|abs_hinge=0.1827|transition=1|phase3=2|fs3=2|fast_alt=0|core_count=2|oscA|oscB,ruleb_core_a|side=both|slow=1.1463|abs_hinge=0.1827|transition=1|phase3=2|fs3=2|fast_alt=0|core_count=2|oscA|oscB,ruleb_core_b|side=both|slow=1.1463|abs_hinge=0.1827|transition=1|phase3=2|fs3=2|fast_alt=0|core_count=2|oscA|oscB,,ruleb_core_a_bear|side=bear|slow=1.1463|abs_hinge=0.1827|transition=1|phase3=2|fs3=2|fast_alt=0|core_count=2|oscA|oscB,,1.1462925282048673,0.182722298996748,1,1,0,1,0,2,2,1,0,3,0,0,1,1,0,2,1,1,0,4,1,72.12525531474967,3.038645795704724,2.471156344139672,ruleb_raw|osc_core_a|osc_core_b,"phase3=2,fs3=2,fast_alt=0,core_count=2,slow=1.1463,abs_hinge=0.1827,transition=1"
320805,Bull,Neutral,Neutral,Neutral,Neutral,Neutral,Neutral,Neutral,0,0,0,0,0,0,NO_EFFECT,NO_EFFECT,NO_EFFECT,NO_EFFECT,NO_EFFECT,NO_EFFECT,,,,,,,,,,,,,0.0338752573261444,0.2344770010512946,1,0,0,0,1,2,1,0,0,2,0,0,0,1,1,2,1,0,1,3,1,10.008104426015052,0.6958452317740011,-0.22219371428036527,osc_core_a|osc_core_c,"phase3=1,fs3=2,fast_alt=1,core_count=2,slow=0.0339,abs_hinge=0.2345,transition=1"
320809,Bear,Bear,Bear,Bear,Bear,Bear,Bear,Bear,0,0,0,0,0,0,NO_EFFECT,NO_EFFECT,NO_EFFECT,NO_EFFECT,NO_EFFECT,NO_EFFECT,,,,,,,,,,,,,0.407987468297506,0.4926178836254632,1,0,0,0,1,1,2,1,0,2,0,0,1,0,1,2,1,0,1,4,1,37.81784753994725,1.7768395835173578,1.002768152169665,osc_core_a|osc_core_c,"phase3=2,fs3=1,fast_alt=1,core_count=2,slow=0.4080,abs_hinge=0.4926,transition=1"
320811,Bull,Neutral,Neutral,Neutral,Neutral,Neutral,Neutral,Neutral,0,0,0,0,0,0,NO_EFFECT,NO_EFFECT,NO_EFFECT,NO_EFFECT,NO_EFFECT,NO_EFFECT,,,,,,,,,,,,,1.7060719943310687,1.0,2,1,0,1,1,1,1,1,0,2,1,0,0,0,1,1,0,0,0,4,1,101.22559795553389,3.1121023745563434,-2.4588847545346653,ruleb_raw,"phase3=1,fs3=1,fast_alt=1,core_count=1,slow=1.7061,abs_hinge=1.0000,transition=2"
320813,Bear,Neutral,Neutral,Neutral,Neutral,Neutral,Neutral,Neutral,0,0,0,0,0,0,NO_EFFECT,NO_EFFECT,NO_EFFECT,NO_EFFECT,NO_EFFECT,NO_EFFECT,,,,,,,,,,,,,0.3393405718779831,0.6307034968061224,2,0,0,1,0,2,2,1,0,1,0,0,1,1,0,2,1,1,0,4,1,-54.50402449547255,1.5440815937727166,-0.6012782671550672,osc_core_a|osc_core_b,"phase3=2,fs3=2,fast_alt=0,core_count=2,slow=0.3393,abs_hinge=0.6307,transition=2"
320822,Bull,Neutral,Neutral,Neutral,Neutral,Neutral,Neutral,Neutral,0,0,0,0,0,0,NO_EFFECT,NO_EFFECT,NO_EFFECT,NO_EFFECT,NO_EFFECT,NO_EFFECT,,,,,,,,,,,,,0.234697822950693,0.3027307100076016,1,0,0,0,1,1,2,0,0,3,0,0,1,0,1,2,1,0,1,3,1,4.984127128860564,1.7868196672316117,-0.25559065865854835,osc_core_a|osc_core_c,"phase3=2,fs3=1,fast_alt=1,core_count=2,slow=0.2347,abs_hinge=0.3027,transition=1"
320823,Bull,Neutral,Neutral,Neutral,Neutral,Neutral,Neutral,Neutral,0,0,0,0,0,0,NO_EFFECT,NO_EFFECT,NO_EFFECT,NO_EFFECT,NO_EFFECT,NO_EFFECT,,,,,,,,,,,,,0.7274176113151043,1.0,2,0,0,0,0,2,3,0,0,3,0,0,1,1,0,2,1,1,0,3,1,1.35730401071487,2.0503837477153866,0.2635640804837749,osc_core_a|osc_core_b,"phase3=3,fs3=2,fast_alt=0,core_count=2,slow=0.7274,abs_hinge=1.0000,transition=2"
320831,Bear,Neutral,Neutral,Neutral,Neutral,Neutral,Neutral,Neutral,0,0,0,0,0,0,NO_EFFECT,NO_EFFECT,NO_EFFECT,NO_EFFECT,NO_EFFECT,NO_EFFECT,,,,,,,,,,,,,2.8284301006442547,1.0,2,1,0,1,0,2,2,0,0,1,1,0,1,1,0,2,1,1,0,4,1,-25.15728696268343,5.3030950395059335,0.19142336962977424,ruleb_raw|osc_core_a|osc_core_b,"phase3=2,fs3=2,fast_alt=0,core_count=2,slow=2.8284,abs_hinge=1.0000,transition=2"
320832,Bull,Neutral,Neutral,Neutral,Neutral,Neutral,Neutral,Neutral,0,0,0,0,0,0,NO_EFFECT,NO_EFFECT,NO_EFFECT,NO_EFFECT,NO_EFFECT,NO_EFFECT,,,,,,,,,,,,,0.8639613520972489,0.8135419957477305,2,0,0,1,0,3,3,0,0,1,1,0,1,1,0,2,1,1,0,4,1,44.73812500179338,4.445798951997858,-0.8572960875080753,osc_core_a|osc_core_b,"phase3=3,fs3=3,fast_alt=0,core_count=2,slow=0.8640,abs_hinge=0.8135,transition=2"
320833,Bull,Bull,Bull,Bull,Bull,Bull,Bull,Bull,0,0,0,0,0,0,NO_EFFECT,NO_EFFECT,NO_EFFECT,NO_EFFECT,NO_EFFECT,NO_EFFECT,,,,,,,,,,,,,0.4390630284360668,0.0799158732342291,0,0,0,1,0,2,2,0,0,1,1,0,1,1,0,2,1,1,0,4,1,-36.56458954574191,4.119195278080952,-0.3266036739169058,osc_core_a|osc_core_b,"phase3=2,fs3=2,fast_alt=0,core_count=2,slow=0.4391,abs_hinge=0.0799,transition=0"
320846,Bull,Neutral,Neutral,Neutral,Neutral,Neutral,Neutral,Neutral,0,0,0,0,0,0,NO_EFFECT,NO_EFFECT,NO_EFFECT,NO_EFFECT,NO_EFFECT,NO_EFFECT,,,,,,,,,,,,,1.7699353196021548,1.0,1,1,0,1,0,1,0,0,0,2,0,1,0,0,0,0,0,0,0,1,0,-9.238366390942248,2.2350593491810287,-2.5074002256715175,ruleb_raw,"phase3=0,fs3=1,fast_alt=0,core_count=0,slow=1.7699,abs_hinge=1.0000,transition=1"
320854,Bear,Bear,Bear,Bear,Bear,Bear,Bear,Bear,0,0,0,0,0,0,NO_EFFECT,NO_EFFECT,NO_EFFECT,NO_EFFECT,NO_EFFECT,NO_EFFECT,,,,,,,,,,,,,0.4147548545042809,0.4262899240220431,1,0,0,0,1,2,0,2,0,1,1,0,0,1,1,2,1,0,1,5,1,32.01161480633891,3.4824923967371437,2.124147640277443,osc_core_a|osc_core_c,"phase3=0,fs3=2,fast_alt=1,core_count=2,slow=0.4148,abs_hinge=0.4263,transition=1"
320855,Bear,Neutral,Neutral,Neutral,Neutral,Neutral,Neutral,Neutral,0,0,0,0,0,0,NO_EFFECT,NO_EFFECT,NO_EFFECT,NO_EFFECT,NO_EFFECT,NO_EFFECT,,,,,,,,,,,,,0.193978214972958,0.0844772303789299,1,0,0,0,1,2,1,2,0,2,1,0,0,1,1,2,1,0,1,5,1,-63.57772706079413,0.8657040934649558,-2.616788303272188,osc_core_a|osc_core_c,"phase3=1,fs3=2,fast_alt=1,core_count=2,slow=0.1940,abs_hinge=0.0845,transition=1"
320859,Bear,Neutral,Neutral,Neutral,Neutral,Neutral,Neutral,Neutral,0,0,0,0,0,0,NO_EFFECT,NO_EFFECT,NO_EFFECT,NO_EFFECT,NO_EFFECT,NO_EFFECT,,,,,,,,,,,,,1.2256231641404156,0.2197677789927427,0,0,0,0,1,2,1,1,0,2,0,1,0,1,1,2,1,0,1,4,1,-62.80876271161833,2.7197361104827,2.1245610461119218,osc_core_a|osc_core_c,"phase3=1,fs3=2,fast_alt=1,core_count=2,slow=1.2256,abs_hinge=0.2198,transition=0"
320862,Bull,Neutral,Neutral,Neutral,Neutral,Neutral,Neutral,Neutral,0,0,0,0,0,0,NO_EFFECT,NO_EFFECT,NO_EFFECT,NO_EFFECT,NO_EFFECT,NO_EFFECT,,,,,,,,,,,,,0.6269190375878679,0.6382072245692089,2,0,0,0,0,2,2,1,0,2,1,0,1,1,0,2,1,1,0,5,1,20.31697788198653,1.573810787378534,0.6730617121302205,osc_core_a|osc_core_b,"phase3=2,fs3=2,fast_alt=0,core_count=2,slow=0.6269,abs_hinge=0.6382,transition=2"
320863,Bear,Bull,Bull,Bull,Bull,Bull,Bull,Bull,0,0,0,0,0,0,NO_EFFECT,NO_EFFECT,NO_EFFECT,NO_EFFECT,NO_EFFECT,NO_EFFECT,,,,,,,,,,,,,1.342224031806836,0.1555322791338456,0,0,0,0,0,2,2,0,0,2,1,0,1,1,0,2,1,1,0,4,1,-129.01272811366653,3.9068069637978624,2.3329961764193285,osc_core_a|osc_core_b,"phase3=2,fs3=2,fast_alt=0,core_count=2,slow=1.3422,abs_hinge=0.1555,transition=0"
320864,Bull,Neutral,Neutral,Neutral,Neutral,Neutral,Neutral,Neutral,0,0,0,0,0,0,NO_EFFECT,NO_EFFECT,NO_EFFECT,NO_EFFECT,NO_EFFECT,NO_EFFECT,,,,,,,,,,,,,0.2743740152654936,0.2140040796569322,1,0,0,0,0,2,2,0,0,2,1,0,1,1,0,2,1,1,0,4,1,121.4775726894004,1.3708240824471432,-2.5359828813507193,osc_core_a|osc_core_b,"phase3=2,fs3=2,fast_alt=0,core_count=2,slow=0.2744,abs_hinge=0.2140,transition=1"
320865,Bear,Bear,Neutral,Bear,Bear,Bear,Bear,Bear,1,0,0,0,0,0,BAD_NEUTRALIZE_RIGHT_BASE,NO_EFFECT,NO_EFFECT,NO_EFFECT,NO_EFFECT,NO_EFFECT,BAD_SUPPRESS_RIGHT_BEAR,,,,,,ruleb_raw|side=both|slow=1.1927|abs_hinge=0.1832|transition=1|phase3=1|fs3=1|fast_alt=0|core_count=0,,,,,,1.1927106035764157,0.1832001797052062,1,1,0,1,0,1,1,1,0,2,0,0,0,0,0,0,0,0,0,2,1,63.725020629979554,3.5134396478424605,2.1426155653953174,ruleb_raw,"phase3=1,fs3=1,fast_alt=0,core_count=0,slow=1.1927,abs_hinge=0.1832,transition=1"
320866,Bear,Neutral,Neutral,Neutral,Neutral,Neutral,Neutral,Neutral,0,0,0,0,0,0,NO_EFFECT,NO_EFFECT,NO_EFFECT,NO_EFFECT,NO_EFFECT,NO_EFFECT,,,,,,,,,,,,,1.153804595103793,0.6449720846260645,2,1,1,2,0,2,2,1,0,3,0,0,1,1,0,2,1,1,0,4,1,-122.70240566224676,2.7583600567868416,-0.755079591055619,ruleb_raw|osc_core_a|osc_core_b,"phase3=2,fs3=2,fast_alt=0,core_count=2,slow=1.1538,abs_hinge=0.6450,transition=2"
320867,Bull,Neutral,Neutral,Neutral,Neutral,Neutral,Neutral,Neutral,0,0,0,0,0,0,NO_EFFECT,NO_EFFECT,NO_EFFECT,NO_EFFECT,NO_EFFECT,NO_EFFECT,,,,,,,,,,,,,0.4106714439985808,0.3729901654567792,1,0,1,2,0,2,2,1,0,2,1,0,1,1,0,2,1,1,0,5,1,49.35338520622463,0.8375029659564461,-1.9208570908303955,osc_core_a|osc_core_b,"phase3=2,fs3=2,fast_alt=0,core_count=2,slow=0.4107,abs_hinge=0.3730,transition=1"
320868,Bear,Neutral,Neutral,Neutral,Neutral,Neutral,Neutral,Neutral,0,0,0,0,0,0,NO_EFFECT,NO_EFFECT,NO_EFFECT,NO_EFFECT,NO_EFFECT,NO_EFFECT,,,,,,,,,,,,,0.3281544123437925,0.4139160325517316,1,0,0,1,0,3,3,0,0,2,1,0,1,1,0,2,1,1,0,4,1,-35.86773263968644,2.1883791411346465,1.3508761751782004,osc_core_a|osc_core_b,"phase3=3,fs3=3,fast_alt=0,core_count=2,slow=0.3282,abs_hinge=0.4139,transition=1"
320869,Bear,Bull,Bull,Bull,Bull,Bull,Bull,Bull,0,0,0,0,0,0,NO_EFFECT,NO_EFFECT,NO_EFFECT,NO_EFFECT,NO_EFFECT,NO_EFFECT,,,,,,,,,,,,,0.1685810969665908,0.425240848000326,0,0,0,0,0,2,2,0,0,1,0,0,1,1,0,2,1,1,0,3,1,-10.420790059375577,2.858614505061269,0.6702353639266225,osc_core_a|osc_core_b,"phase3=2,fs3=2,fast_alt=0,core_count=2,slow=0.1686,abs_hinge=0.4252,transition=0"
320879,Bear,Neutral,Neutral,Neutral,Neutral,Neutral,Neutral,Neutral,0,0,0,0,0,0,NO_EFFECT,NO_EFFECT,NO_EFFECT,NO_EFFECT,NO_EFFECT,NO_EFFECT,,,,,,,,,,,,,0.4060438294527557,1.0,2,0,0,0,0,2,2,0,0,1,0,0,1,1,0,2,1,1,0,3,1,3.603606768854661,1.0402939337236603,0.2640589943348459,osc_core_a|osc_core_b,"phase3=2,fs3=2,fast_alt=0,core_count=2,slow=0.4060,abs_hinge=1.0000,transition=2"
320880,Bear,Neutral,Neutral,Neutral,Neutral,Neutral,Neutral,Neutral,0,0,0,0,0,0,NO_EFFECT,NO_EFFECT,NO_EFFECT,NO_EFFECT,NO_EFFECT,NO_EFFECT,,,,,,,,,,,,,0.1198062973653577,0.164027301575338,1,0,0,0,0,2,2,0,0,1,0,0,1,1,0,2,1,1,0,3,1,6.91293254501943,1.3806192777647084,0.3403253440410481,osc_core_a|osc_core_b,"phase3=2,fs3=2,fast_alt=0,core_count=2,slow=0.1198,abs_hinge=0.1640,transition=1"
320881,Bear,Bull,Bull,Bull,Bull,Bull,Bull,Bull,0,0,0,0,0,0,NO_EFFECT,NO_EFFECT,NO_EFFECT,NO_EFFECT,NO_EFFECT,NO_EFFECT,,,,,,,,,,,,,0.8994771941725048,0.1646965701153931,0,0,0,0,0,2,2,0,0,0,0,0,1,1,0,2,1,1,0,2,1,-72.95864018845896,2.978462932689581,1.5978436549248727,osc_core_a|osc_core_b,"phase3=2,fs3=2,fast_alt=0,core_count=2,slow=0.8995,abs_hinge=0.1647,transition=0"
320887,Bull,Neutral,Neutral,Neutral,Neutral,Neutral,Neutral,Neutral,0,0,0,0,0,0,NO_EFFECT,NO_EFFECT,NO_EFFECT,NO_EFFECT,NO_EFFECT,NO_EFFECT,,,,,,,,,,,,,0.5511813374614576,0.9572648706300616,2,0,0,0,0,2,2,0,0,3,1,0,1,1,0,2,1,1,0,4,1,-23.74479765798605,0.9382508202288592,-0.5985786912351613,osc_core_a|osc_core_b,"phase3=2,fs3=2,fast_alt=0,core_count=2,slow=0.5512,abs_hinge=0.9573,transition=2"
320888,Bull,Bear,Bear,Bear,Bear,Bear,Bear,Bear,0,0,0,0,0,0,NO_EFFECT,NO_EFFECT,NO_EFFECT,NO_EFFECT,NO_EFFECT,NO_EFFECT,,,,,,,,,,,,,0.7349769614775141,0.0563888293969713,1,0,0,0,0,2,2,1,0,3,1,0,1,1,0,2,1,1,0,5,1,65.28029528654588,2.021038213357315,1.0827873931284557,osc_core_a|osc_core_b,"phase3=2,fs3=2,fast_alt=0,core_count=2,slow=0.7350,abs_hinge=0.0564,transition=1"
320888,Bull,Neutral,Neutral,Neutral,Neutral,Neutral,Neutral,Neutral,0,0,0,0,0,0,NO_EFFECT,NO_EFFECT,NO_EFFECT,NO_EFFECT,NO_EFFECT,NO_EFFECT,,,,,,,,,,,,,0.6244005001535697,1.0,2,0,0,0,0,2,2,1,0,3,1,0,1,1,0,2,1,1,0,5,1,-36.043417694061645,1.76388989201223,-0.2571483213450849,osc_core_a|osc_core_b,"phase3=2,fs3=2,fast_alt=0,core_count=2,slow=0.6244,abs_hinge=1.0000,transition=2"
320894,Bear,Neutral,Neutral,Neutral,Neutral,Neutral,Neutral,Neutral,0,0,0,0,0,0,NO_EFFECT,NO_EFFECT,NO_EFFECT,NO_EFFECT,NO_EFFECT,NO_EFFECT,,,,,,,,,,,,,1.3105236072315165,0.1033854389042517,1,0,0,0,0,2,2,0,0,1,1,0,1,1,0,2,1,1,0,4,1,-63.838238386277226,2.708385270174404,1.0200981213420168,osc_core_a|osc_core_b,"phase3=2,fs3=2,fast_alt=0,core_count=2,slow=1.3105,abs_hinge=0.1034,transition=1"
320895,Bull,Bear,Bear,Bear,Bear,Bear,Bear,Bear,0,0,0,0,0,0,NO_EFFECT,NO_EFFECT,NO_EFFECT,NO_EFFECT,NO_EFFECT,NO_EFFECT,,,,,,,,,,,,,2.023336925316471,0.0020234517320901,1,0,0,0,0,2,2,1,0,0,1,0,1,1,0,2,1,1,0,4,1,178.24461724984576,6.057237137943957,3.3488518677695533,osc_core_a|osc_core_b,"phase3=2,fs3=2,fast_alt=0,core_count=2,slow=2.0233,abs_hinge=0.0020,transition=1"
320898,Bear,Bull,Neutral,Bull,Bull,Bull,Bull,Bull,1,0,0,0,0,0,GOOD_NEUTRALIZE_WRONG_BASE,NO_EFFECT,NO_EFFECT,NO_EFFECT,NO_EFFECT,NO_EFFECT,GOOD_SUPPRESS_WRONG_BULL,,,,,,ruleb_raw|side=both|slow=2.5222|abs_hinge=0.5685|transition=1|phase3=0|fs3=0|fast_alt=0|core_count=0,,,,,,2.5221823110878177,0.5685215247634381,1,1,0,1,0,0,0,1,0,2,0,0,0,0,0,0,0,0,0,2,1,-196.99702571627856,5.523275447072592,0.8353110976549942,ruleb_raw,"phase3=0,fs3=0,fast_alt=0,core_count=0,slow=2.5222,abs_hinge=0.5685,transition=1"
320898,Bear,Neutral,Neutral,Neutral,Neutral,Neutral,Neutral,Neutral,0,0,0,0,0,0,NO_EFFECT,NO_EFFECT,NO_EFFECT,NO_EFFECT,NO_EFFECT,NO_EFFECT,,,,,,,,,,,,,2.199907416541464,0.903252896168002,2,1,1,2,1,1,1,0,0,3,0,0,0,0,1,1,0,0,0,2,1,36.84856418699201,3.3633486001053825,-2.1599268469672097,ruleb_raw,"phase3=1,fs3=1,fast_alt=1,core_count=1,slow=2.1999,abs_hinge=0.9033,transition=2"
320901,Bear,Neutral,Neutral,Neutral,Neutral,Neutral,Neutral,Neutral,0,0,0,0,0,0,NO_EFFECT,NO_EFFECT,NO_EFFECT,NO_EFFECT,NO_EFFECT,NO_EFFECT,,,,,,,,,,,,,1.5548164188112423,0.7622034417115089,2,1,1,3,0,1,2,0,0,3,0,0,1,0,0,1,0,0,0,2,1,92.18946519358724,4.487959745407352,1.1246111453019694,ruleb_raw,"phase3=2,fs3=1,fast_alt=0,core_count=1,slow=1.5548,abs_hinge=0.7622,transition=2"
320902,Bear,Bear,Neutral,Bear,Bear,Bear,Bear,Bear,1,0,0,0,0,0,BAD_NEUTRALIZE_RIGHT_BASE,NO_EFFECT,NO_EFFECT,NO_EFFECT,NO_EFFECT,NO_EFFECT,BAD_SUPPRESS_RIGHT_BEAR,,,,,,ruleb_raw|side=both|slow=1.8662|abs_hinge=0.1570|transition=1|phase3=2|fs3=1|fast_alt=0|core_count=1,,,,,,1.86619078804506,0.1569945245461283,1,1,1,3,0,1,2,1,0,2,0,0,1,0,0,1,0,0,0,3,1,178.61114851028833,8.384646993385104,3.896687247977752,ruleb_raw,"phase3=2,fs3=1,fast_alt=0,core_count=1,slow=1.8662,abs_hinge=0.1570,transition=1"
320912,Bull,Neutral,Neutral,Neutral,Neutral,Neutral,Neutral,Neutral,0,0,0,0,0,0,NO_EFFECT,NO_EFFECT,NO_EFFECT,NO_EFFECT,NO_EFFECT,NO_EFFECT,,,,,,,,,,,,,4.521891386257266,1.0,2,1,0,1,0,1,1,0,0,1,0,1,0,0,0,0,0,0,0,1,0,-28.40515864419285,8.80478415521793,4.374082611646372,ruleb_raw,"phase3=1,fs3=1,fast_alt=0,core_count=0,slow=4.5219,abs_hinge=1.0000,transition=2"
320913,Bull,Neutral,Neutral,Neutral,Neutral,Neutral,Neutral,Neutral,0,0,0,0,0,0,NO_EFFECT,NO_EFFECT,NO_EFFECT,NO_EFFECT,NO_EFFECT,NO_EFFECT,,,,,,,,,,,,,0.4114228895123233,0.442863053629527,1,0,0,1,0,2,2,0,0,1,0,0,1,1,0,2,1,1,0,3,1,196.29770591865235,3.861166470844182,-4.9436176843737485,osc_core_a|osc_core_b,"phase3=2,fs3=2,fast_alt=0,core_count=2,slow=0.4114,abs_hinge=0.4429,transition=1"
320914,Bull,Neutral,Neutral,Neutral,Neutral,Neutral,Neutral,Neutral,0,0,0,0,0,0,NO_EFFECT,NO_EFFECT,NO_EFFECT,NO_EFFECT,NO_EFFECT,NO_EFFECT,,,,,,,,,,,,,2.947492866092944,0.9621720855092528,1,1,1,2,0,3,2,0,0,2,0,0,1,1,0,2,1,1,0,3,1,44.77004327249597,5.131350638830554,1.270184167986372,ruleb_raw|osc_core_a|osc_core_b,"phase3=2,fs3=3,fast_alt=0,core_count=2,slow=2.9475,abs_hinge=0.9622,transition=1"
320915,Bear,Bear,Bear,Bear,Bear,Bear,Bear,Bear,0,0,0,0,0,0,NO_EFFECT,NO_EFFECT,NO_EFFECT,NO_EFFECT,NO_EFFECT,NO_EFFECT,,,,,,,,,,,,,0.6032074991471745,0.3386913988776288,1,0,0,1,1,2,1,1,0,3,0,0,0,1,1,2,1,0,1,4,1,-55.50090426648967,3.060466268518212,-2.070884370312342,osc_core_a|osc_core_c,"phase3=1,fs3=2,fast_alt=1,core_count=2,slow=0.6032,abs_hinge=0.3387,transition=1"
320920,Bull,Bear,Neutral,Bear,Bear,Bear,Bear,Bear,1,0,0,0,0,0,GOOD_NEUTRALIZE_WRONG_BASE,NO_EFFECT,NO_EFFECT,NO_EFFECT,NO_EFFECT,NO_EFFECT,GOOD_SUPPRESS_WRONG_BEAR,,,,,,ruleb_raw|side=both|slow=1.6361|abs_hinge=0.3619|transition=1|phase3=0|fs3=0|fast_alt=0|core_count=0,,,,,,1.6361203413198382,0.3619156339245184,1,1,0,1,0,0,0,1,0,1,0,0,0,0,0,0,0,0,0,2,1,286.4382001947524,6.407420658448245,0.9907578448419372,ruleb_raw,"phase3=0,fs3=0,fast_alt=0,core_count=0,slow=1.6361,abs_hinge=0.3619,transition=1"
320922,Bull,Neutral,Neutral,Neutral,Neutral,Neutral,Neutral,Neutral,0,0,0,0,0,0,NO_EFFECT,NO_EFFECT,NO_EFFECT,NO_EFFECT,NO_EFFECT,NO_EFFECT,,,,,,,,,,,,,0.7202424887764209,1.0,2,0,0,0,1,2,1,1,0,1,1,0,0,1,1,2,1,0,1,5,1,-61.0899910529115,2.1318636198811878,-0.12124845982361832,osc_core_a|osc_core_c,"phase3=1,fs3=2,fast_alt=1,core_count=2,slow=0.7202,abs_hinge=1.0000,transition=2"
320923,Bear,Neutral,Neutral,Neutral,Neutral,Neutral,Neutral,Neutral,0,0,0,0,0,0,NO_EFFECT,NO_EFFECT,NO_EFFECT,NO_EFFECT,NO_EFFECT,NO_EFFECT,,,,,,,,,,,,,1.7239920140891627,0.2616332816444324,1,1,0,1,1,1,1,2,0,1,1,0,0,0,1,1,0,0,0,4,1,83.82331707395497,3.609959088849792,1.478095468968604,ruleb_raw,"phase3=1,fs3=1,fast_alt=1,core_count=1,slow=1.7240,abs_hinge=0.2616,transition=1"
320926,Bear,Neutral,Neutral,Neutral,Neutral,Neutral,Neutral,Neutral,0,0,0,0,0,0,NO_EFFECT,NO_EFFECT,NO_EFFECT,NO_EFFECT,NO_EFFECT,NO_EFFECT,,,,,,,,,,,,,1.1121493632435886,0.3812593277473794,1,1,0,1,0,2,2,0,0,1,1,0,1,1,0,2,1,1,0,4,1,-5.369841576684848,2.3355842462569854,-0.18495746986627637,ruleb_raw|osc_core_a|osc_core_b,"phase3=2,fs3=2,fast_alt=0,core_count=2,slow=1.1121,abs_hinge=0.3813,transition=1"
320927,Bear,Neutral,Neutral,Neutral,Neutral,Neutral,Neutral,Neutral,0,0,0,0,0,0,NO_EFFECT,NO_EFFECT,NO_EFFECT,NO_EFFECT,NO_EFFECT,NO_EFFECT,,,,,,,,,,,,,0.35565285726625,0.0681650742154794,0,0,0,1,0,3,2,0,0,1,1,0,1,1,0,2,1,1,0,4,1,21.65459161537001,2.0647304965132207,-0.27085374974376464,osc_core_a|osc_core_b,"phase3=2,fs3=3,fast_alt=0,core_count=2,slow=0.3557,abs_hinge=0.0682,transition=0"
320935,Bear,Neutral,Neutral,Neutral,Neutral,Neutral,Neutral,Neutral,0,0,0,0,0,0,NO_EFFECT,NO_EFFECT,NO_EFFECT,NO_EFFECT,NO_EFFECT,NO_EFFECT,,,,,,,,,,,,,0.9730343990559048,1.0,2,1,0,1,0,2,2,0,0,3,0,0,1,1,0,2,1,1,0,3,1,-31.91547815593367,2.5173590509421047,-1.3824095595791732,ruleb_raw|osc_core_a|osc_core_b,"phase3=2,fs3=2,fast_alt=0,core_count=2,slow=0.9730,abs_hinge=1.0000,transition=2"
320936,Bull,Neutral,Neutral,Neutral,Neutral,Neutral,Neutral,Neutral,0,0,0,0,0,0,NO_EFFECT,NO_EFFECT,NO_EFFECT,NO_EFFECT,NO_EFFECT,NO_EFFECT,,,,,,,,,,,,,1.081181716755964,1.0,1,1,1,2,1,3,2,0,0,2,1,0,1,1,1,3,1,1,1,5,1,66.43899481082917,1.3989190614702238,-1.1184399894718808,ruleb_raw|osc_core_a|osc_core_b|osc_core_c,"phase3=2,fs3=3,fast_alt=1,core_count=3,slow=1.0812,abs_hinge=1.0000,transition=1"
320937,Bear,Neutral,Neutral,Neutral,Neutral,Neutral,Neutral,Neutral,0,0,0,0,0,0,NO_EFFECT,NO_EFFECT,NO_EFFECT,NO_EFFECT,NO_EFFECT,NO_EFFECT,,,,,,,,,,,,,0.0550230518110765,0.4953993917089643,1,0,1,2,0,2,2,0,0,1,1,0,1,1,0,2,1,1,0,4,1,-30.559545406591496,0.7680509357742267,-0.6308681256959972,osc_core_a|osc_core_b,"phase3=2,fs3=2,fast_alt=0,core_count=2,slow=0.0550,abs_hinge=0.4954,transition=1"
320938,Bull,Neutral,Neutral,Neutral,Neutral,Neutral,Neutral,Neutral,0,0,0,0,0,0,NO_EFFECT,NO_EFFECT,NO_EFFECT,NO_EFFECT,NO_EFFECT,NO_EFFECT,,,,,,,,,,,,,0.3994711619870941,0.1543169907596954,1,0,0,1,0,2,2,0,0,1,1,0,1,1,0,2,1,1,0,4,1,6.1090001254633535,1.638438870371829,0.8703879345976022,osc_core_a|osc_core_b,"phase3=2,fs3=2,fast_alt=0,core_count=2,slow=0.3995,abs_hinge=0.1543,transition=1"
320939,Bull,Neutral,Neutral,Neutral,Neutral,Neutral,Neutral,Neutral,0,0,0,0,0,0,NO_EFFECT,NO_EFFECT,NO_EFFECT,NO_EFFECT,NO_EFFECT,NO_EFFECT,,,,,,,,,,,,,0.9282041016085714,0.5010769724850325,2,0,0,0,1,2,3,0,0,1,0,0,1,1,1,3,1,1,1,4,1,18.69278376911825,2.7817704152657825,1.1433315448939536,osc_core_a|osc_core_b|osc_core_c,"phase3=3,fs3=2,fast_alt=1,core_count=3,slow=0.9282,abs_hinge=0.5011,transition=2"
320940,Bear,Neutral,Neutral,Neutral,Neutral,Neutral,Neutral,Neutral,0,0,0,0,0,0,NO_EFFECT,NO_EFFECT,NO_EFFECT,NO_EFFECT,NO_EFFECT,NO_EFFECT,,,,,,,,,,,,,0.2716389695269754,1.0,2,0,0,0,1,2,2,1,0,2,0,0,1,1,1,3,1,1,1,5,1,-14.84978232064168,1.420538170150394,-1.3612322451153884,osc_core_a|osc_core_b|osc_core_c,"phase3=2,fs3=2,fast_alt=1,core_count=3,slow=0.2716,abs_hinge=1.0000,transition=2"
320943,Bear,Neutral,Neutral,Neutral,Neutral,Neutral,Neutral,Neutral,0,0,0,0,0,0,NO_EFFECT,NO_EFFECT,NO_EFFECT,NO_EFFECT,NO_EFFECT,NO_EFFECT,,,,,,,,,,,,,0.812096801091684,1.0,2,0,0,0,0,2,2,0,0,2,1,0,1,1,0,2,1,1,0,4,1,-14.640346189873526,3.0830511932636,-0.8697493372656022,osc_core_a|osc_core_b,"phase3=2,fs3=2,fast_alt=0,core_count=2,slow=0.8121,abs_hinge=1.0000,transition=2"
320943,Bear,Neutral,Neutral,Neutral,Neutral,Neutral,Neutral,Neutral,0,0,0,0,0,0,NO_EFFECT,NO_EFFECT,NO_EFFECT,NO_EFFECT,NO_EFFECT,NO_EFFECT,,,,,,,,,,,,,0.3193298823443911,0.3200841665339521,0,0,0,0,0,2,2,0,0,2,1,0,1,1,0,2,1,1,0,4,1,83.28244647847896,5.920080584714015,2.8370293914504154,osc_core_a|osc_core_b,"phase3=2,fs3=2,fast_alt=0,core_count=2,slow=0.3193,abs_hinge=0.3201,transition=0"
320948,Bull,Neutral,Neutral,Neutral,Neutral,Neutral,Neutral,Neutral,0,0,0,0,0,0,NO_EFFECT,NO_EFFECT,NO_EFFECT,NO_EFFECT,NO_EFFECT,NO_EFFECT,,,,,,,,,,,,,0.0713488192286604,0.4826713308689073,1,0,0,0,1,0,2,0,0,2,0,0,1,0,1,2,1,0,1,3,1,65.79354920935293,0.8800270188603463,-1.8875820136181578,osc_core_a|osc_core_c,"phase3=2,fs3=0,fast_alt=1,core_count=2,slow=0.0713,abs_hinge=0.4827,transition=1"
320951,Bear,Bear,Neutral,Bear,Bear,Bear,Bear,Bear,1,0,0,0,0,0,BAD_NEUTRALIZE_RIGHT_BASE,NO_EFFECT,NO_EFFECT,NO_EFFECT,NO_EFFECT,NO_EFFECT,BAD_SUPPRESS_RIGHT_BEAR,,,,,,ruleb_raw|side=both|slow=1.7769|abs_hinge=0.3278|transition=1|phase3=1|fs3=0|fast_alt=0|core_count=0,,,,,,1.776919004254523,0.3277757102890766,1,1,0,1,0,0,1,1,0,3,0,0,0,0,0,0,0,0,0,2,1,220.00379769982828,11.121227975350848,10.241200956490502,ruleb_raw,"phase3=1,fs3=0,fast_alt=0,core_count=0,slow=1.7769,abs_hinge=0.3278,transition=1"
320952,Bear,Bear,Neutral,Bear,Bear,Bear,Bear,Bear,1,0,0,0,0,0,BAD_NEUTRALIZE_RIGHT_BASE,NO_EFFECT,NO_EFFECT,NO_EFFECT,NO_EFFECT,NO_EFFECT,BAD_SUPPRESS_RIGHT_BEAR,,,,,,ruleb_raw|side=both|slow=2.3925|abs_hinge=0.2937|transition=1|phase3=1|fs3=0|fast_alt=0|core_count=0,,,,,,2.3925164162956207,0.2937342743853561,1,1,1,2,0,0,1,2,0,3,0,0,0,0,0,0,0,0,0,2,1,-13.232593271604856,8.156371310878967,-2.9648566644718812,ruleb_raw,"phase3=1,fs3=0,fast_alt=0,core_count=0,slow=2.3925,abs_hinge=0.2937,transition=1"
320954,Bull,Neutral,Neutral,Neutral,Neutral,Neutral,Neutral,Neutral,0,0,0,0,0,0,NO_EFFECT,NO_EFFECT,NO_EFFECT,NO_EFFECT,NO_EFFECT,NO_EFFECT,,,,,,,,,,,,,0.7938380862706254,1.0,2,0,0,1,1,2,1,1,0,1,0,0,0,1,1,2,1,0,1,4,1,59.48790234145417,2.280636699319075,-2.654561310302597,osc_core_a|osc_core_c,"phase3=1,fs3=2,fast_alt=1,core_count=2,slow=0.7938,abs_hinge=1.0000,transition=2"
320955,Bull,Neutral,Neutral,Neutral,Neutral,Neutral,Neutral,Neutral,0,0,0,0,0,0,NO_EFFECT,NO_EFFECT,NO_EFFECT,NO_EFFECT,NO_EFFECT,NO_EFFECT,,,,,,,,,,,,,0.414213755280798,1.0,2,0,0,0,1,3,2,0,0,1,0,0,1,1,1,3,1,1,1,4,1,14.419718895442202,2.32017611322226,0.03953941390318505,osc_core_a|osc_core_b|osc_core_c,"phase3=2,fs3=3,fast_alt=1,core_count=3,slow=0.4142,abs_hinge=1.0000,transition=2"
320956,Bull,Bear,Neutral,Neutral,Neutral,Neutral,Neutral,Bear,1,1,1,1,1,0,GOOD_NEUTRALIZE_WRONG_BASE,GOOD_NEUTRALIZE_WRONG_BASE,GOOD_NEUTRALIZE_WRONG_BASE,GOOD_NEUTRALIZE_WRONG_BASE,GOOD_NEUTRALIZE_WRONG_BASE,NO_EFFECT,GOOD_SUPPRESS_WRONG_BEAR,GOOD_SUPPRESS_WRONG_BEAR,GOOD_SUPPRESS_WRONG_BEAR,GOOD_SUPPRESS_WRONG_BEAR,GOOD_SUPPRESS_WRONG_BEAR,,ruleb_raw|side=both|slow=1.5191|abs_hinge=0.2512|transition=1|phase3=2|fs3=2|fast_alt=1|core_count=3|oscA|oscB|oscC,ruleb_core_a|side=both|slow=1.5191|abs_hinge=0.2512|transition=1|phase3=2|fs3=2|fast_alt=1|core_count=3|oscA|oscB|oscC,ruleb_core_b|side=both|slow=1.5191|abs_hinge=0.2512|transition=1|phase3=2|fs3=2|fast_alt=1|core_count=3|oscA|oscB|oscC,ruleb_core_c|side=both|slow=1.5191|abs_hinge=0.2512|transition=1|phase3=2|fs3=2|fast_alt=1|core_count=3|oscA|oscB|oscC,ruleb_core_a_bear|side=bear|slow=1.5191|abs_hinge=0.2512|transition=1|phase3=2|fs3=2|fast_alt=1|core_count=3|oscA|oscB|oscC,,1.5191107462997024,0.2512385890129943,1,1,0,1,1,2,2,1,0,1,0,0,1,1,1,3,1,1,1,5,1,112.56675571174128,5.351332768341308,3.031156655119048,ruleb_raw|osc_core_a|osc_core_b|osc_core_c,"phase3=2,fs3=2,fast_alt=1,core_count=3,slow=1.5191,abs_hinge=0.2512,transition=1"
320966,Bear,Bear,Bear,Bear,Bear,Bear,Bear,Bear,0,0,0,0,0,0,NO_EFFECT,NO_EFFECT,NO_EFFECT,NO_EFFECT,NO_EFFECT,NO_EFFECT,,,,,,,,,,,,,0.4350683049815416,1.0,1,0,0,0,1,2,1,0,0,2,0,0,0,1,1,2,1,0,1,3,1,68.64573722031491,2.7982050171485757,0.893619777172717,osc_core_a|osc_core_c,"phase3=1,fs3=2,fast_alt=1,core_count=2,slow=0.4351,abs_hinge=1.0000,transition=1"
320970,Bull,Neutral,Neutral,Neutral,Neutral,Neutral,Neutral,Neutral,0,0,0,0,0,0,NO_EFFECT,NO_EFFECT,NO_EFFECT,NO_EFFECT,NO_EFFECT,NO_EFFECT,,,,,,,,,,,,,0.3655264191802416,0.9659783093176588,2,0,0,0,1,2,2,0,0,1,1,0,1,1,1,3,1,1,1,5,1,-11.531674129058956,0.7095124339084578,-1.2019668113771331,osc_core_a|osc_core_b|osc_core_c,"phase3=2,fs3=2,fast_alt=1,core_count=3,slow=0.3655,abs_hinge=0.9660,transition=2"
320971,Bear,Neutral,Neutral,Neutral,Neutral,Neutral,Neutral,Neutral,0,0,0,0,0,0,NO_EFFECT,NO_EFFECT,NO_EFFECT,NO_EFFECT,NO_EFFECT,NO_EFFECT,,,,,,,,,,,,,0.4681064933574816,0.0486746525777114,1,0,0,0,1,3,3,0,0,2,0,0,1,1,1,3,1,1,1,4,1,-30.223083584511187,1.887400539486407,1.1778881055779493,osc_core_a|osc_core_b|osc_core_c,"phase3=3,fs3=3,fast_alt=1,core_count=3,slow=0.4681,abs_hinge=0.0487,transition=1"
320972,Bull,Bull,Bull,Bull,Bull,Bull,Bull,Bull,0,0,0,0,0,0,NO_EFFECT,NO_EFFECT,NO_EFFECT,NO_EFFECT,NO_EFFECT,NO_EFFECT,,,,,,,,,,,,,0.3716634185802832,0.1998204087781989,0,0,0,0,1,2,2,0,0,2,0,0,1,1,1,3,1,1,1,4,1,8.43857219502388,0.9630104772131745,-0.9243900622732326,osc_core_a|osc_core_b|osc_core_c,"phase3=2,fs3=2,fast_alt=1,core_count=3,slow=0.3717,abs_hinge=0.1998,transition=0"
320977,Bull,Neutral,Neutral,Neutral,Neutral,Neutral,Neutral,Neutral,0,0,0,0,0,0,NO_EFFECT,NO_EFFECT,NO_EFFECT,NO_EFFECT,NO_EFFECT,NO_EFFECT,,,,,,,,,,,,,0.6779469912089553,0.73704420379412,2,0,0,0,0,2,2,1,0,3,0,0,1,1,0,2,1,1,0,4,1,-65.78875231217535,1.5372800207587716,-1.7122617831901152,osc_core_a|osc_core_b,"phase3=2,fs3=2,fast_alt=0,core_count=2,slow=0.6779,abs_hinge=0.7370,transition=2"
320979,Bull,Neutral,Neutral,Neutral,Neutral,Neutral,Neutral,Neutral,0,0,0,0,0,0,NO_EFFECT,NO_EFFECT,NO_EFFECT,NO_EFFECT,NO_EFFECT,NO_EFFECT,,,,,,,,,,,,,0.1640159533490077,0.384450867094803,1,0,0,0,0,2,2,0,0,1,0,0,1,1,0,2,1,1,0,3,1,34.805935315438546,0.879417581601956,-0.20203398959165497,osc_core_a|osc_core_b,"phase3=2,fs3=2,fast_alt=0,core_count=2,slow=0.1640,abs_hinge=0.3845,transition=1"
320981,Bull,Neutral,Neutral,Neutral,Neutral,Neutral,Neutral,Neutral,0,0,0,0,0,0,NO_EFFECT,NO_EFFECT,NO_EFFECT,NO_EFFECT,NO_EFFECT,NO_EFFECT,,,,,,,,,,,,,0.3661542320405715,1.0,2,0,0,0,0,2,2,0,0,1,1,0,1,1,0,2,1,1,0,4,1,30.16847743919061,1.4008798429204037,0.027161397327290837,osc_core_a|osc_core_b,"phase3=2,fs3=2,fast_alt=0,core_count=2,slow=0.3662,abs_hinge=1.0000,transition=2"
320983,Bull,Neutral,Neutral,Neutral,Neutral,Neutral,Neutral,Neutral,0,0,0,0,0,0,NO_EFFECT,NO_EFFECT,NO_EFFECT,NO_EFFECT,NO_EFFECT,NO_EFFECT,,,,,,,,,,,,,0.0330578075481753,1.0,2,0,0,0,0,2,3,0,0,2,1,0,1,1,0,2,1,1,0,4,1,3.079018240168807,0.6836945536215353,0.07776886605279287,osc_core_a|osc_core_b,"phase3=3,fs3=2,fast_alt=0,core_count=2,slow=0.0331,abs_hinge=1.0000,transition=2"
320990,Bull,Neutral,Neutral,Neutral,Neutral,Neutral,Neutral,Neutral,0,0,0,0,0,0,NO_EFFECT,NO_EFFECT,NO_EFFECT,NO_EFFECT,NO_EFFECT,NO_EFFECT,,,,,,,,,,,,,0.7323275596936583,1.0,2,0,0,0,0,2,3,0,0,2,0,0,1,1,0,2,1,1,0,3,1,9.90028883938794,2.4357248017258826,1.7520302481043473,osc_core_a|osc_core_b,"phase3=3,fs3=2,fast_alt=0,core_count=2,slow=0.7323,abs_hinge=1.0000,transition=2"
320991,Bear,Neutral,Neutral,Neutral,Neutral,Neutral,Neutral,Neutral,0,0,0,0,0,0,NO_EFFECT,NO_EFFECT,NO_EFFECT,NO_EFFECT,NO_EFFECT,NO_EFFECT,,,,,,,,,,,,,0.0473381414049072,0.8302188078900806,1,0,0,0,0,2,2,0,0,2,0,0,1,1,0,2,1,1,0,3,1,-17.365326710772933,0.9321081113703258,-1.5036166903555568,osc_core_a|osc_core_b,"phase3=2,fs3=2,fast_alt=0,core_count=2,slow=0.0473,abs_hinge=0.8302,transition=1"
320992,Bull,Bear,Neutral,Bear,Bear,Bear,Bear,Bear,1,0,0,0,0,0,GOOD_NEUTRALIZE_WRONG_BASE,NO_EFFECT,NO_EFFECT,NO_EFFECT,NO_EFFECT,NO_EFFECT,GOOD_SUPPRESS_WRONG_BEAR,,,,,,ruleb_raw|side=both|slow=1.9227|abs_hinge=0.4853|transition=1|phase3=1|fs3=1|fast_alt=0|core_count=0,,,,,,1.9226985563527703,0.4853152036239559,1,1,0,1,0,1,1,1,0,2,1,0,0,0,0,0,0,0,0,3,1,93.52960981606157,3.704635541425887,2.772527430055561,ruleb_raw,"phase3=1,fs3=1,fast_alt=0,core_count=0,slow=1.9227,abs_hinge=0.4853,transition=1"
320993,Bear,Neutral,Neutral,Neutral,Neutral,Neutral,Neutral,Neutral,0,0,0,0,0,0,NO_EFFECT,NO_EFFECT,NO_EFFECT,NO_EFFECT,NO_EFFECT,NO_EFFECT,,,,,,,,,,,,,1.1353941480319918,0.2470703297389247,1,1,1,2,0,0,0,2,0,2,0,0,0,0,0,0,0,0,0,2,1,-24.46291694030515,2.334694541834324,-4.139685883552374,ruleb_raw,"phase3=0,fs3=0,fast_alt=0,core_count=0,slow=1.1354,abs_hinge=0.2471,transition=1"
320997,Bull,Bear,Neutral,Bear,Bear,Bear,Bear,Bear,1,0,0,0,0,0,GOOD_NEUTRALIZE_WRONG_BASE,NO_EFFECT,NO_EFFECT,NO_EFFECT,NO_EFFECT,NO_EFFECT,GOOD_SUPPRESS_WRONG_BEAR,,,,,,ruleb_raw|side=both|slow=1.1130|abs_hinge=0.2932|transition=1|phase3=0|fs3=0|fast_alt=0|core_count=0,,,,,,1.1129530002544925,0.2932370400084516,1,1,0,1,0,0,0,1,0,3,0,0,0,0,0,0,0,0,0,2,1,103.2797543821216,5.54362598957232,4.076694605884768,ruleb_raw,"phase3=0,fs3=0,fast_alt=0,core_count=0,slow=1.1130,abs_hinge=0.2932,transition=1"
320998,Bear,Neutral,Neutral,Neutral,Neutral,Neutral,Neutral,Neutral,0,0,0,0,0,0,NO_EFFECT,NO_EFFECT,NO_EFFECT,NO_EFFECT,NO_EFFECT,NO_EFFECT,,,,,,,,,,,,,1.8529405720510117,0.4168001713846043,1,1,1,2,1,1,1,1,0,3,0,0,0,0,1,1,0,0,0,3,1,-40.17281906226708,4.169495597725472,-1.3741303918468475,ruleb_raw,"phase3=1,fs3=1,fast_alt=1,core_count=1,slow=1.8529,abs_hinge=0.4168,transition=1"
320998,Bear,Neutral,Neutral,Neutral,Neutral,Neutral,Neutral,Neutral,0,0,0,0,0,0,NO_EFFECT,NO_EFFECT,NO_EFFECT,NO_EFFECT,NO_EFFECT,NO_EFFECT,,,,,,,,,,,,,0.7697532613055955,0.1021654883899352,1,0,1,2,0,2,2,1,0,2,0,0,1,1,0,2,1,1,0,4,1,-46.97586652971222,2.3023060095765686,-1.8671895881489036,osc_core_a|osc_core_b,"phase3=2,fs3=2,fast_alt=0,core_count=2,slow=0.7698,abs_hinge=0.1022,transition=1"
320999,Bear,Neutral,Neutral,Neutral,Neutral,Neutral,Neutral,Neutral,0,0,0,0,0,0,NO_EFFECT,NO_EFFECT,NO_EFFECT,NO_EFFECT,NO_EFFECT,NO_EFFECT,,,,,,,,,,,,,0.1752406239247648,1.0,2,0,0,1,0,2,3,0,0,1,0,1,1,1,0,2,1,1,0,3,1,-12.224352665434708,1.2826208914466406,-1.019685118129928,osc_core_a|osc_core_b,"phase3=3,fs3=2,fast_alt=0,core_count=2,slow=0.1752,abs_hinge=1.0000,transition=2"
321000,Bear,Neutral,Neutral,Neutral,Neutral,Neutral,Neutral,Neutral,0,0,0,0,0,0,NO_EFFECT,NO_EFFECT,NO_EFFECT,NO_EFFECT,NO_EFFECT,NO_EFFECT,,,,,,,,,,,,,0.6170529807659477,0.0666678750931185,1,0,0,0,1,2,2,1,0,1,0,0,1,1,1,3,1,1,1,5,1,19.166859827601,2.1515839175281144,0.8689630260814738,osc_core_a|osc_core_b|osc_core_c,"phase3=2,fs3=2,fast_alt=1,core_count=3,slow=0.6171,abs_hinge=0.0667,transition=1"
321007,Bull,Neutral,Neutral,Neutral,Neutral,Neutral,Neutral,Neutral,0,0,0,0,0,0,NO_EFFECT,NO_EFFECT,NO_EFFECT,NO_EFFECT,NO_EFFECT,NO_EFFECT,,,,,,,,,,,,,0.1193233869507821,1.0,2,0,0,0,0,3,2,0,0,1,1,0,1,1,0,2,1,1,0,4,1,12.581772056786576,0.3700862761161261,-1.081072841427158,osc_core_a|osc_core_b,"phase3=2,fs3=3,fast_alt=0,core_count=2,slow=0.1193,abs_hinge=1.0000,transition=2"
321008,Bull,Bull,Bull,Bull,Bull,Bull,Bull,Bull,0,0,0,0,0,0,NO_EFFECT,NO_EFFECT,NO_EFFECT,NO_EFFECT,NO_EFFECT,NO_EFFECT,,,,,,,,,,,,,0.3568221217774407,0.3361831253663888,0,0,0,0,0,2,2,0,0,1,1,0,1,1,0,2,1,1,0,4,1,-52.36631023665541,3.6056435760583554,3.2355572999422293,osc_core_a|osc_core_b,"phase3=2,fs3=2,fast_alt=0,core_count=2,slow=0.3568,abs_hinge=0.3362,transition=0"
321009,Bull,Neutral,Neutral,Neutral,Neutral,Neutral,Neutral,Neutral,0,0,0,0,0,0,NO_EFFECT,NO_EFFECT,NO_EFFECT,NO_EFFECT,NO_EFFECT,NO_EFFECT,,,,,,,,,,,,,0.1703378925267316,1.0,2,0,0,0,0,2,2,0,0,2,1,0,1,1,0,2,1,1,0,4,1,51.68717096495675,0.7355036373137409,-2.8701399387446145,osc_core_a|osc_core_b,"phase3=2,fs3=2,fast_alt=0,core_count=2,slow=0.1703,abs_hinge=1.0000,transition=2"
321011,Bull,Bull,Bull,Bull,Bull,Bull,Bull,Bull,0,0,0,0,0,0,NO_EFFECT,NO_EFFECT,NO_EFFECT,NO_EFFECT,NO_EFFECT,NO_EFFECT,,,,,,,,,,,,,0.4603121501932037,0.3797044216125154,0,0,0,0,1,2,1,0,0,2,0,0,0,1,1,2,1,0,1,3,1,-7.930378085176926,2.668362454536691,0.4796326961077284,osc_core_a|osc_core_c,"phase3=1,fs3=2,fast_alt=1,core_count=2,slow=0.4603,abs_hinge=0.3797,transition=0"
321023,Bull,Neutral,Neutral,Neutral,Neutral,Neutral,Neutral,Neutral,0,0,0,0,0,0,NO_EFFECT,NO_EFFECT,NO_EFFECT,NO_EFFECT,NO_EFFECT,NO_EFFECT,,,,,,,,,,,,,0.3515458914298506,0.217582731171065,1,0,0,0,0,2,2,0,0,3,0,0,1,1,0,2,1,1,0,3,1,79.88220754534996,1.43127366338922,-2.204160214481817,osc_core_a|osc_core_b,"phase3=2,fs3=2,fast_alt=0,core_count=2,slow=0.3515,abs_hinge=0.2176,transition=1"
321024,Bear,Neutral,Neutral,Neutral,Neutral,Neutral,Neutral,Neutral,0,0,0,0,0,0,NO_EFFECT,NO_EFFECT,NO_EFFECT,NO_EFFECT,NO_EFFECT,NO_EFFECT,,,,,,,,,,,,,0.2126097116997698,0.4768039581979276,0,0,0,0,1,2,1,0,0,2,1,0,0,1,1,2,1,0,1,4,1,-41.96014664891118,0.6005549074016017,-0.8307187559876184,osc_core_a|osc_core_c,"phase3=1,fs3=2,fast_alt=1,core_count=2,slow=0.2126,abs_hinge=0.4768,transition=0"
321032,Bear,Neutral,Neutral,Neutral,Neutral,Neutral,Neutral,Neutral,0,0,0,0,0,0,NO_EFFECT,NO_EFFECT,NO_EFFECT,NO_EFFECT,NO_EFFECT,NO_EFFECT,,,,,,,,,,,,,0.2225791469954856,0.5363351713877749,2,0,0,0,1,2,2,0,0,1,0,0,1,1,1,3,1,1,1,4,1,9.661047565445188,0.835524711128528,-1.0309752013981777,osc_core_a|osc_core_b|osc_core_c,"phase3=2,fs3=2,fast_alt=1,core_count=3,slow=0.2226,abs_hinge=0.5363,transition=2"
321033,Bear,Neutral,Neutral,Neutral,Neutral,Neutral,Neutral,Neutral,0,0,0,0,0,0,NO_EFFECT,NO_EFFECT,NO_EFFECT,NO_EFFECT,NO_EFFECT,NO_EFFECT,,,,,,,,,,,,,0.0751219666271936,1.0,1,0,0,0,1,2,2,0,0,2,0,0,1,1,1,3,1,1,1,4,1,10.849429988273188,1.069475671292821,0.23395096016429306,osc_core_a|osc_core_b|osc_core_c,"phase3=2,fs3=2,fast_alt=1,core_count=3,slow=0.0751,abs_hinge=1.0000,transition=1"
321034,Bear,Neutral,Neutral,Neutral,Neutral,Neutral,Neutral,Neutral,0,0,0,0,0,0,NO_EFFECT,NO_EFFECT,NO_EFFECT,NO_EFFECT,NO_EFFECT,NO_EFFECT,,,,,,,,,,,,,0.1355125218851753,1.0,2,0,0,0,0,2,2,0,0,1,0,0,1,1,0,2,1,1,0,3,1,1.4094644034048542,1.6332725861357176,0.5637969148428965,osc_core_a|osc_core_b,"phase3=2,fs3=2,fast_alt=0,core_count=2,slow=0.1355,abs_hinge=1.0000,transition=2"
321035,Bull,Neutral,Neutral,Neutral,Neutral,Neutral,Neutral,Neutral,0,0,0,0,0,0,NO_EFFECT,NO_EFFECT,NO_EFFECT,NO_EFFECT,NO_EFFECT,NO_EFFECT,,,,,,,,,,,,,0.4222681415303668,1.0,2,0,0,0,0,2,2,0,0,1,0,0,1,1,0,2,1,1,0,3,1,-30.124363342285505,4.263228751027782,2.6299561648920644,osc_core_a|osc_core_b,"phase3=2,fs3=2,fast_alt=0,core_count=2,slow=0.4223,abs_hinge=1.0000,transition=2"
321036,Bull,Neutral,Neutral,Neutral,Neutral,Neutral,Neutral,Neutral,0,0,0,0,0,0,NO_EFFECT,NO_EFFECT,NO_EFFECT,NO_EFFECT,NO_EFFECT,NO_EFFECT,,,,,,,,,,,,,0.1715900103645253,0.2999587310314662,0,0,0,0,1,2,2,0,0,1,1,0,1,1,1,3,1,1,1,5,1,48.78592303095502,1.234712787074386,-3.028515963953396,osc_core_a|osc_core_b|osc_core_c,"phase3=2,fs3=2,fast_alt=1,core_count=3,slow=0.1716,abs_hinge=0.3000,transition=0"
321043,Bull,Neutral,Neutral,Neutral,Neutral,Neutral,Neutral,Neutral,0,0,0,0,0,0,NO_EFFECT,NO_EFFECT,NO_EFFECT,NO_EFFECT,NO_EFFECT,NO_EFFECT,,,,,,,,,,,,,0.4865274294679693,1.0,2,0,0,0,1,2,2,0,0,2,0,0,1,1,1,3,1,1,1,4,1,39.59456344024511,1.2147804778887803,-0.5465795928303123,osc_core_a|osc_core_b|osc_core_c,"phase3=2,fs3=2,fast_alt=1,core_count=3,slow=0.4865,abs_hinge=1.0000,transition=2"
321049,Bear,Neutral,Neutral,Neutral,Neutral,Neutral,Neutral,Neutral,0,0,0,0,0,0,NO_EFFECT,NO_EFFECT,NO_EFFECT,NO_EFFECT,NO_EFFECT,NO_EFFECT,,,,,,,,,,,,,0.123523370904877,0.3931572784302981,1,0,0,0,1,2,1,2,0,3,1,0,0,1,1,2,1,0,1,5,1,-12.113910868036328,0.8594984100654983,-0.759251699093511,osc_core_a|osc_core_c,"phase3=1,fs3=2,fast_alt=1,core_count=2,slow=0.1235,abs_hinge=0.3932,transition=1"
321056,Bear,Neutral,Neutral,Neutral,Neutral,Neutral,Neutral,Neutral,0,0,0,0,0,0,NO_EFFECT,NO_EFFECT,NO_EFFECT,NO_EFFECT,NO_EFFECT,NO_EFFECT,,,,,,,,,,,,,0.8981389856362512,0.2067551283178011,1,0,0,0,0,2,2,0,0,2,1,0,1,1,0,2,1,1,0,4,1,-35.01554020436015,2.699939512678611,2.1764811877965258,osc_core_a|osc_core_b,"phase3=2,fs3=2,fast_alt=0,core_count=2,slow=0.8981,abs_hinge=0.2068,transition=1"
321057,Bull,Bear,Bear,Bear,Bear,Bear,Bear,Bear,0,0,0,0,0,0,NO_EFFECT,NO_EFFECT,NO_EFFECT,NO_EFFECT,NO_EFFECT,NO_EFFECT,,,,,,,,,,,,,0.3640856007459661,1.0,1,0,0,0,0,2,2,0,0,3,1,0,1,1,0,2,1,1,0,4,1,60.72037125442876,2.609623687894782,-0.09031582478382916,osc_core_a|osc_core_b,"phase3=2,fs3=2,fast_alt=0,core_count=2,slow=0.3641,abs_hinge=1.0000,transition=1"
321069,Bull,Neutral,Neutral,Neutral,Neutral,Neutral,Neutral,Neutral,0,0,0,0,0,0,NO_EFFECT,NO_EFFECT,NO_EFFECT,NO_EFFECT,NO_EFFECT,NO_EFFECT,,,,,,,,,,,,,0.2649774617766525,1.0,2,0,0,0,0,2,2,1,0,1,1,0,1,1,0,2,1,1,0,5,1,27.79782882833388,0.7211311446262698,-0.5924535705671587,osc_core_a|osc_core_b,"phase3=2,fs3=2,fast_alt=0,core_count=2,slow=0.2650,abs_hinge=1.0000,transition=2"
321070,Bear,Bull,Bull,Bull,Bull,Bull,Bull,Bull,0,0,0,0,0,0,NO_EFFECT,NO_EFFECT,NO_EFFECT,NO_EFFECT,NO_EFFECT,NO_EFFECT,,,,,,,,,,,,,0.5232956813651981,0.3289345320794951,0,0,0,0,0,2,2,0,0,1,1,0,1,1,0,2,1,1,0,4,1,-30.241422666906143,1.1352366159153462,0.4141054712890764,osc_core_a|osc_core_b,"phase3=2,fs3=2,fast_alt=0,core_count=2,slow=0.5233,abs_hinge=0.3289,transition=0"
321071,Bull,Neutral,Neutral,Neutral,Neutral,Neutral,Neutral,Neutral,0,0,0,0,0,0,NO_EFFECT,NO_EFFECT,NO_EFFECT,NO_EFFECT,NO_EFFECT,NO_EFFECT,,,,,,,,,,,,,0.6416167731531459,1.0,2,0,0,0,0,2,2,0,0,1,1,0,1,1,0,2,1,1,0,4,1,20.868042099667942,1.4445910498634476,0.30935443394810136,osc_core_a|osc_core_b,"phase3=2,fs3=2,fast_alt=0,core_count=2,slow=0.6416,abs_hinge=1.0000,transition=2"
321073,Bull,Neutral,Neutral,Neutral,Neutral,Neutral,Neutral,Neutral,0,0,0,0,0,0,NO_EFFECT,NO_EFFECT,NO_EFFECT,NO_EFFECT,NO_EFFECT,NO_EFFECT,,,,,,,,,,,,,1.8150987615772465,0.2460945920612395,0,0,0,0,1,2,1,0,0,2,0,0,0,1,1,2,1,0,1,3,1,-57.7408241522644,4.267189149371916,3.3795341120094236,osc_core_a|osc_core_c,"phase3=1,fs3=2,fast_alt=1,core_count=2,slow=1.8151,abs_hinge=0.2461,transition=0"
321075,Bull,Neutral,Neutral,Neutral,Neutral,Neutral,Neutral,Neutral,0,0,0,0,0,0,NO_EFFECT,NO_EFFECT,NO_EFFECT,NO_EFFECT,NO_EFFECT,NO_EFFECT,,,,,,,,,,,,,0.3245786817369662,0.8717563213593725,2,0,0,0,0,3,2,0,0,3,0,0,1,1,0,2,1,1,0,3,1,5.673458982346347,2.7426132412711013,0.8507633180925045,osc_core_a|osc_core_b,"phase3=2,fs3=3,fast_alt=0,core_count=2,slow=0.3246,abs_hinge=0.8718,transition=2"
321076,Bear,Bull,Bull,Bull,Bull,Bull,Bull,Bull,0,0,0,0,0,0,NO_EFFECT,NO_EFFECT,NO_EFFECT,NO_EFFECT,NO_EFFECT,NO_EFFECT,,,,,,,,,,,,,0.3133007164014998,0.2335711680170472,0,0,0,0,0,2,2,0,0,3,0,0,1,1,0,2,1,1,0,3,1,-55.83035817508062,2.3115679908223683,-0.431045250448733,osc_core_a|osc_core_b,"phase3=2,fs3=2,fast_alt=0,core_count=2,slow=0.3133,abs_hinge=0.2336,transition=0"
321077,Bull,Neutral,Neutral,Neutral,Neutral,Neutral,Neutral,Neutral,0,0,0,0,0,0,NO_EFFECT,NO_EFFECT,NO_EFFECT,NO_EFFECT,NO_EFFECT,NO_EFFECT,,,,,,,,,,,,,0.1921940071570134,1.0,2,0,0,0,1,2,2,0,0,2,1,0,1,1,1,3,1,1,1,5,1,41.80347638308013,0.7442603361469082,-1.56730765467546,osc_core_a|osc_core_b|osc_core_c,"phase3=2,fs3=2,fast_alt=1,core_count=3,slow=0.1922,abs_hinge=1.0000,transition=2"
321079,Bull,Neutral,Neutral,Neutral,Neutral,Neutral,Neutral,Neutral,0,0,0,0,0,0,NO_EFFECT,NO_EFFECT,NO_EFFECT,NO_EFFECT,NO_EFFECT,NO_EFFECT,,,,,,,,,,,,,0.3385008636614657,0.0627974953511434,1,0,0,0,1,2,2,0,0,2,1,0,1,1,1,3,1,1,1,5,1,56.475212266348535,0.9682145757342367,-1.0402061087588663,osc_core_a|osc_core_b|osc_core_c,"phase3=2,fs3=2,fast_alt=1,core_count=3,slow=0.3385,abs_hinge=0.0628,transition=1"
321084,Bear,Neutral,Neutral,Neutral,Neutral,Neutral,Neutral,Neutral,0,0,0,0,0,0,NO_EFFECT,NO_EFFECT,NO_EFFECT,NO_EFFECT,NO_EFFECT,NO_EFFECT,,,,,,,,,,,,,0.6520550630793878,0.1527703812205922,2,0,0,0,0,3,2,2,0,1,0,0,1,1,0,2,1,1,0,4,1,8.231333398885909,2.2801661254161445,1.0185786882866523,osc_core_a|osc_core_b,"phase3=2,fs3=3,fast_alt=0,core_count=2,slow=0.6521,abs_hinge=0.1528,transition=2"
321086,Bull,Neutral,Neutral,Neutral,Neutral,Neutral,Neutral,Neutral,0,0,0,0,0,0,NO_EFFECT,NO_EFFECT,NO_EFFECT,NO_EFFECT,NO_EFFECT,NO_EFFECT,,,,,,,,,,,,,0.4437579108871432,1.0,2,0,0,0,0,2,2,1,0,2,1,0,1,1,0,2,1,1,0,5,1,23.67963004457124,0.8959746373657254,0.3016440669707663,osc_core_a|osc_core_b,"phase3=2,fs3=2,fast_alt=0,core_count=2,slow=0.4438,abs_hinge=1.0000,transition=2"
321088,Bear,Bear,Neutral,Bear,Bear,Bear,Bear,Bear,1,0,0,0,0,0,BAD_NEUTRALIZE_RIGHT_BASE,NO_EFFECT,NO_EFFECT,NO_EFFECT,NO_EFFECT,NO_EFFECT,BAD_SUPPRESS_RIGHT_BEAR,,,,,,ruleb_raw|side=both|slow=2.6127|abs_hinge=0.2744|transition=1|phase3=1|fs3=1|fast_alt=0|core_count=0,,,,,,2.6127171132484364,0.2744220533977932,1,1,0,1,0,1,1,2,0,1,0,0,0,0,0,0,0,0,0,2,1,187.37434848587145,13.42692248122512,11.272714135991919,ruleb_raw,"phase3=1,fs3=1,fast_alt=0,core_count=0,slow=2.6127,abs_hinge=0.2744,transition=1"
321096,Bull,Neutral,Neutral,Neutral,Neutral,Neutral,Neutral,Neutral,0,0,0,0,0,0,NO_EFFECT,NO_EFFECT,NO_EFFECT,NO_EFFECT,NO_EFFECT,NO_EFFECT,,,,,,,,,,,,,0.2979127750986663,1.0,2,0,0,0,1,2,2,0,0,2,1,0,1,1,1,3,1,1,1,5,1,36.2610849768389,0.4666890487169439,-2.164155570872026,osc_core_a|osc_core_b|osc_core_c,"phase3=2,fs3=2,fast_alt=1,core_count=3,slow=0.2979,abs_hinge=1.0000,transition=2"
321108,Bear,Neutral,Neutral,Neutral,Neutral,Neutral,Neutral,Neutral,0,0,0,0,0,0,NO_EFFECT,NO_EFFECT,NO_EFFECT,NO_EFFECT,NO_EFFECT,NO_EFFECT,,,,,,,,,,,,,0.483404212836831,0.1805252571993979,1,0,0,0,0,2,2,0,0,1,0,0,1,1,0,2,1,1,0,3,1,0.3551758391258772,1.342910439274419,0.16201014492253263,osc_core_a|osc_core_b,"phase3=2,fs3=2,fast_alt=0,core_count=2,slow=0.4834,abs_hinge=0.1805,transition=1"
321109,Bear,Bull,Bull,Bull,Bull,Bull,Bull,Bull,0,0,0,0,0,0,NO_EFFECT,NO_EFFECT,NO_EFFECT,NO_EFFECT,NO_EFFECT,NO_EFFECT,,,,,,,,,,,,,0.14447982368074,0.3644160514537566,0,0,0,0,0,2,2,0,0,2,0,0,1,1,0,2,1,1,0,3,1,-38.4519227976416,1.1799527416787896,-0.1629576975956295,osc_core_a|osc_core_b,"phase3=2,fs3=2,fast_alt=0,core_count=2,slow=0.1445,abs_hinge=0.3644,transition=0"
321114,Bull,Neutral,Neutral,Neutral,Neutral,Neutral,Neutral,Neutral,0,0,0,0,0,0,NO_EFFECT,NO_EFFECT,NO_EFFECT,NO_EFFECT,NO_EFFECT,NO_EFFECT,,,,,,,,,,,,,0.8681821658592526,0.2165239171391087,1,0,0,0,0,2,2,0,0,3,0,0,1,1,0,2,1,1,0,3,1,44.12063746798958,2.052923328101315,-2.113998102329788,osc_core_a|osc_core_b,"phase3=2,fs3=2,fast_alt=0,core_count=2,slow=0.8682,abs_hinge=0.2165,transition=1"
321116,Bear,Neutral,Neutral,Neutral,Neutral,Neutral,Neutral,Neutral,0,0,0,0,0,0,NO_EFFECT,NO_EFFECT,NO_EFFECT,NO_EFFECT,NO_EFFECT,NO_EFFECT,,,,,,,,,,,,,0.1271086226061015,0.5655999683169654,2,0,0,0,0,2,2,0,0,1,0,0,1,1,0,2,1,1,0,3,1,-6.275877165477141,0.5667469063773751,-0.8868859586127658,osc_core_a|osc_core_b,"phase3=2,fs3=2,fast_alt=0,core_count=2,slow=0.1271,abs_hinge=0.5656,transition=2"
321123,Bull,Neutral,Neutral,Neutral,Neutral,Neutral,Neutral,Neutral,0,0,0,0,0,0,NO_EFFECT,NO_EFFECT,NO_EFFECT,NO_EFFECT,NO_EFFECT,NO_EFFECT,,,,,,,,,,,,,0.9794819981998444,1.0,2,1,0,1,0,2,1,0,0,1,1,0,0,1,0,1,0,0,0,3,1,52.30293580333819,2.314849266698729,0.16805954912706467,ruleb_raw,"phase3=1,fs3=2,fast_alt=0,core_count=1,slow=0.9795,abs_hinge=1.0000,transition=2"
321124,Bull,Neutral,Neutral,Neutral,Neutral,Neutral,Neutral,Neutral,0,0,0,0,0,0,NO_EFFECT,NO_EFFECT,NO_EFFECT,NO_EFFECT,NO_EFFECT,NO_EFFECT,,,,,,,,,,,,,0.530277666857728,0.14346016723514,1,0,0,1,0,2,2,0,0,1,1,0,1,1,0,2,1,1,0,4,1,-16.94324691509246,1.284018420987195,-1.030830845711534,osc_core_a|osc_core_b,"phase3=2,fs3=2,fast_alt=0,core_count=2,slow=0.5303,abs_hinge=0.1435,transition=1"
321125,Bull,Bear,Bear,Bear,Bear,Bear,Bear,Bear,0,0,0,0,0,0,NO_EFFECT,NO_EFFECT,NO_EFFECT,NO_EFFECT,NO_EFFECT,NO_EFFECT,,,,,,,,,,,,,0.4241525166271458,0.3348967466624457,1,0,0,1,0,2,2,1,0,2,1,0,1,1,0,2,1,1,0,5,1,64.49772417842178,2.230158444561312,0.9461400235741171,osc_core_a|osc_core_b,"phase3=2,fs3=2,fast_alt=0,core_count=2,slow=0.4242,abs_hinge=0.3349,transition=1"
321136,Bear,Neutral,Neutral,Neutral,Neutral,Neutral,Neutral,Neutral,0,0,0,0,0,0,NO_EFFECT,NO_EFFECT,NO_EFFECT,NO_EFFECT,NO_EFFECT,NO_EFFECT,,,,,,,,,,,,,0.5890496320917009,1.0,2,0,0,0,0,2,2,1,0,3,1,0,1,1,0,2,1,1,0,5,1,-110.24986440953217,1.3010859510832231,-4.286499384421404,osc_core_a|osc_core_b,"phase3=2,fs3=2,fast_alt=0,core_count=2,slow=0.5890,abs_hinge=1.0000,transition=2"
321139,Bear,Neutral,Neutral,Neutral,Neutral,Neutral,Neutral,Neutral,0,0,0,0,0,0,NO_EFFECT,NO_EFFECT,NO_EFFECT,NO_EFFECT,NO_EFFECT,NO_EFFECT,,,,,,,,,,,,,2.0215712972767506,0.5442750011389613,1,1,0,1,0,2,0,0,0,3,0,0,0,1,0,1,0,0,0,2,1,62.48799334622163,3.633753288691878,2.767924338175362,ruleb_raw,"phase3=0,fs3=2,fast_alt=0,core_count=1,slow=2.0216,abs_hinge=0.5443,transition=1"
321146,Bull,Neutral,Neutral,Neutral,Neutral,Neutral,Neutral,Neutral,0,0,0,0,0,0,NO_EFFECT,NO_EFFECT,NO_EFFECT,NO_EFFECT,NO_EFFECT,NO_EFFECT,,,,,,,,,,,,,0.3730858641229133,1.0,2,0,0,0,1,2,1,0,0,2,0,0,0,1,1,2,1,0,1,3,1,-2.5669217853428563,0.8724350542324828,0.5587713584263838,osc_core_a|osc_core_c,"phase3=1,fs3=2,fast_alt=1,core_count=2,slow=0.3731,abs_hinge=1.0000,transition=2"
321147,Bull,Bull,Bull,Bull,Bull,Bull,Bull,Bull,0,0,0,0,0,0,NO_EFFECT,NO_EFFECT,NO_EFFECT,NO_EFFECT,NO_EFFECT,NO_EFFECT,,,,,,,,,,,,,0.2615417695506039,0.0876667931900281,0,0,0,0,1,2,1,0,0,3,0,1,0,1,1,2,1,0,1,3,1,-4.857060846625245,0.5663777032968937,-0.30605735093558906,osc_core_a|osc_core_c,"phase3=1,fs3=2,fast_alt=1,core_count=2,slow=0.2615,abs_hinge=0.0877,transition=0"
321157,Bear,Neutral,Neutral,Neutral,Neutral,Neutral,Neutral,Neutral,0,0,0,0,0,0,NO_EFFECT,NO_EFFECT,NO_EFFECT,NO_EFFECT,NO_EFFECT,NO_EFFECT,,,,,,,,,,,,,0.5874145517500438,0.0150174703357513,1,0,0,0,0,3,2,0,0,2,0,0,1,1,0,2,1,1,0,3,1,4.022146235714899,2.189917494868496,1.4400985992215283,osc_core_a|osc_core_b,"phase3=2,fs3=3,fast_alt=0,core_count=2,slow=0.5874,abs_hinge=0.0150,transition=1"
321158,Bear,Neutral,Neutral,Neutral,Neutral,Neutral,Neutral,Neutral,0,0,0,0,0,0,NO_EFFECT,NO_EFFECT,NO_EFFECT,NO_EFFECT,NO_EFFECT,NO_EFFECT,,,,,,,,,,,,,0.5440717359670089,1.0,2,0,0,0,0,3,2,0,0,3,0,0,1,1,0,2,1,1,0,3,1,-33.512574896536535,1.239094000251498,-0.9508234946169978,osc_core_a|osc_core_b,"phase3=2,fs3=3,fast_alt=0,core_count=2,slow=0.5441,abs_hinge=1.0000,transition=2"
321159,Unknown,Neutral,Neutral,Neutral,Neutral,Neutral,Neutral,Neutral,0,0,0,0,0,0,NO_EFFECT,NO_EFFECT,NO_EFFECT,NO_EFFECT,NO_EFFECT,NO_EFFECT,,,,,,,,,,,,,2.218758707011148,0.1601499643041672,1,1,0,1,0,2,2,1,0,3,1,0,1,1,0,2,1,1,0,5,1,186.19031092207297,7.1487427469437534,5.909648746692255,ruleb_raw|osc_core_a|osc_core_b,"phase3=2,fs3=2,fast_alt=0,core_count=2,slow=2.2188,abs_hinge=0.1601,transition=1"
321170,Bull,Bear,Neutral,Bear,Bear,Bear,Bear,Bear,1,0,0,0,0,0,GOOD_NEUTRALIZE_WRONG_BASE,NO_EFFECT,NO_EFFECT,NO_EFFECT,NO_EFFECT,NO_EFFECT,GOOD_SUPPRESS_WRONG_BEAR,,,,,,ruleb_raw|side=both|slow=1.9026|abs_hinge=0.1618|transition=1|phase3=0|fs3=0|fast_alt=0|core_count=0,,,,,,1.9026312620244423,0.1617608164018711,1,1,0,1,0,0,0,1,0,1,1,0,0,0,0,0,0,0,0,3,1,206.55452258815055,4.5385914665566816,0.8168129094647156,ruleb_raw,"phase3=0,fs3=0,fast_alt=0,core_count=0,slow=1.9026,abs_hinge=0.1618,transition=1"
321172,Bull,Neutral,Neutral,Neutral,Neutral,Neutral,Neutral,Neutral,0,0,0,0,0,0,NO_EFFECT,NO_EFFECT,NO_EFFECT,NO_EFFECT,NO_EFFECT,NO_EFFECT,,,,,,,,,,,,,1.0577835626609158,1.0,2,1,1,2,0,1,1,1,0,2,1,0,0,0,0,0,0,0,0,3,1,50.57144835496729,2.51713421725799,1.3961246166381898,ruleb_raw,"phase3=1,fs3=1,fast_alt=0,core_count=0,slow=1.0578,abs_hinge=1.0000,transition=2"
321180,Bull,Neutral,Neutral,Neutral,Neutral,Neutral,Neutral,Neutral,0,0,0,0,0,0,NO_EFFECT,NO_EFFECT,NO_EFFECT,NO_EFFECT,NO_EFFECT,NO_EFFECT,,,,,,,,,,,,,1.6058995270068408,0.916359432884676,2,1,0,1,0,1,1,0,0,1,0,0,0,0,0,0,0,0,0,1,0,114.64324666731407,2.041368558173417,-4.363634594072209,ruleb_raw,"phase3=1,fs3=1,fast_alt=0,core_count=0,slow=1.6059,abs_hinge=0.9164,transition=2"
321181,Bull,Neutral,Neutral,Neutral,Neutral,Neutral,Neutral,Neutral,0,0,0,0,0,0,NO_EFFECT,NO_EFFECT,NO_EFFECT,NO_EFFECT,NO_EFFECT,NO_EFFECT,,,,,,,,,,,,,0.2741919680975115,0.3927926111624971,1,0,0,1,1,2,2,0,0,1,0,0,1,1,1,3,1,1,1,4,1,27.326750259060645,1.915512766723623,-0.1258557914497942,osc_core_a|osc_core_b|osc_core_c,"phase3=2,fs3=2,fast_alt=1,core_count=3,slow=0.2742,abs_hinge=0.3928,transition=1"
321182,Bull,Bull,Bull,Bull,Bull,Bull,Bull,Bull,0,0,0,0,0,0,NO_EFFECT,NO_EFFECT,NO_EFFECT,NO_EFFECT,NO_EFFECT,NO_EFFECT,,,,,,,,,,,,,4.271969568191707,0.2469541822876371,0,0,0,1,0,2,2,0,0,2,0,0,1,1,0,2,1,1,0,3,1,-180.74303340176996,6.812231524278104,4.896718757554481,osc_core_a|osc_core_b,"phase3=2,fs3=2,fast_alt=0,core_count=2,slow=4.2720,abs_hinge=0.2470,transition=0"
321185,Bear,Neutral,Neutral,Neutral,Neutral,Neutral,Neutral,Neutral,0,0,0,0,0,0,NO_EFFECT,NO_EFFECT,NO_EFFECT,NO_EFFECT,NO_EFFECT,NO_EFFECT,,,,,,,,,,,,,2.57986657942638,1.0,2,1,0,1,1,1,1,1,0,1,1,0,0,0,1,1,0,0,0,4,1,-203.64421050820965,3.3777647215920297,-6.893899053116911,ruleb_raw,"phase3=1,fs3=1,fast_alt=1,core_count=1,slow=2.5799,abs_hinge=1.0000,transition=2"
321186,Bear,Neutral,Neutral,Neutral,Neutral,Neutral,Neutral,Neutral,0,0,0,0,0,0,NO_EFFECT,NO_EFFECT,NO_EFFECT,NO_EFFECT,NO_EFFECT,NO_EFFECT,,,,,,,,,,,,,1.9686123409737772,0.2129735985474194,1,1,1,2,0,2,1,2,0,2,1,0,0,1,0,1,0,0,0,4,1,31.58497945217823,3.974908975826111,0.5971442542340815,ruleb_raw,"phase3=1,fs3=2,fast_alt=0,core_count=1,slow=1.9686,abs_hinge=0.2130,transition=1"
321186,Bear,Bear,Neutral,Bear,Bear,Bear,Bear,Bear,1,0,0,0,0,0,BAD_NEUTRALIZE_RIGHT_BASE,NO_EFFECT,NO_EFFECT,NO_EFFECT,NO_EFFECT,NO_EFFECT,BAD_SUPPRESS_RIGHT_BEAR,,,,,,ruleb_raw|side=both|slow=1.9949|abs_hinge=0.2108|transition=1|phase3=1|fs3=2|fast_alt=0|core_count=1,,,,,,1.994928927382716,0.210832087757578,1,1,1,3,0,2,1,2,0,2,0,0,0,1,0,1,0,0,0,3,1,49.12752367496432,5.943570498602639,1.9686615227765283,ruleb_raw,"phase3=1,fs3=2,fast_alt=0,core_count=1,slow=1.9949,abs_hinge=0.2108,transition=1"
321188,Bull,Neutral,Neutral,Neutral,Neutral,Neutral,Neutral,Neutral,0,0,0,0,0,0,NO_EFFECT,NO_EFFECT,NO_EFFECT,NO_EFFECT,NO_EFFECT,NO_EFFECT,,,,,,,,,,,,,1.5152713386487449,0.42196178557606,1,1,1,3,0,2,1,2,0,2,0,0,0,1,0,1,0,0,0,3,1,-130.72370889798913,4.410227073665737,-1.533343424936902,ruleb_raw,"phase3=1,fs3=2,fast_alt=0,core_count=1,slow=1.5153,abs_hinge=0.4220,transition=1"
321189,Bull,Bear,Neutral,Bear,Bear,Bear,Bear,Bear,1,0,0,0,0,0,GOOD_NEUTRALIZE_WRONG_BASE,NO_EFFECT,NO_EFFECT,NO_EFFECT,NO_EFFECT,NO_EFFECT,GOOD_SUPPRESS_WRONG_BEAR,,,,,,ruleb_raw|side=both|slow=1.7458|abs_hinge=0.1897|transition=1|phase3=1|fs3=1|fast_alt=0|core_count=0,,,,,,1.745798753163399,0.1896690382169991,1,1,1,3,0,1,1,2,0,1,1,0,0,0,0,0,0,0,0,3,1,77.59275710354268,3.619782517183921,-0.7904445564818166,ruleb_raw,"phase3=1,fs3=1,fast_alt=0,core_count=0,slow=1.7458,abs_hinge=0.1897,transition=1"
321195,Bull,Neutral,Neutral,Neutral,Neutral,Neutral,Neutral,Neutral,0,0,0,0,0,0,NO_EFFECT,NO_EFFECT,NO_EFFECT,NO_EFFECT,NO_EFFECT,NO_EFFECT,,,,,,,,,,,,,2.184426185627672,1.0,2,1,0,1,0,2,2,0,0,1,1,0,1,1,0,2,1,1,0,4,1,-31.538536711668712,3.350926805913332,-2.610576387573019,ruleb_raw|osc_core_a|osc_core_b,"phase3=2,fs3=2,fast_alt=0,core_count=2,slow=2.1844,abs_hinge=1.0000,transition=2"
321195,Bull,Neutral,Neutral,Neutral,Neutral,Neutral,Neutral,Neutral,0,0,0,0,0,0,NO_EFFECT,NO_EFFECT,NO_EFFECT,NO_EFFECT,NO_EFFECT,NO_EFFECT,,,,,,,,,,,,,0.8519877725630067,0.196844889896804,1,0,0,1,0,3,3,0,0,2,1,0,1,1,0,2,1,1,0,4,1,78.61159447049431,3.5915285148803378,0.24060170896700583,osc_core_a|osc_core_b,"phase3=3,fs3=3,fast_alt=0,core_count=2,slow=0.8520,abs_hinge=0.1968,transition=1"
321196,Bull,Bull,Bull,Bull,Bull,Bull,Bull,Bull,0,0,0,0,0,0,NO_EFFECT,NO_EFFECT,NO_EFFECT,NO_EFFECT,NO_EFFECT,NO_EFFECT,,,,,,,,,,,,,0.7440737586039177,0.922042775364951,1,0,0,1,0,2,2,0,0,2,1,0,1,1,0,2,1,1,0,4,1,-67.15790192779968,1.324865414399028,-2.26666310048131,osc_core_a|osc_core_b,"phase3=2,fs3=2,fast_alt=0,core_count=2,slow=0.7441,abs_hinge=0.9220,transition=1"
321196,Bull,Neutral,Neutral,Neutral,Neutral,Neutral,Neutral,Neutral,0,0,0,0,0,0,NO_EFFECT,NO_EFFECT,NO_EFFECT,NO_EFFECT,NO_EFFECT,NO_EFFECT,,,,,,,,,,,,,1.005688176928743,0.2999427204371893,1,1,0,1,1,2,2,0,0,3,0,0,1,1,1,3,1,1,1,4,1,-1.746417970978655,4.991647835400727,3.666782421001699,ruleb_raw|osc_core_a|osc_core_b|osc_core_c,"phase3=2,fs3=2,fast_alt=1,core_count=3,slow=1.0057,abs_hinge=0.2999,transition=1"
321199,Bear,Neutral,Neutral,Neutral,Neutral,Neutral,Neutral,Neutral,0,0,0,0,0,0,NO_EFFECT,NO_EFFECT,NO_EFFECT,NO_EFFECT,NO_EFFECT,NO_EFFECT,,,,,,,,,,,,,1.0858164669389223,0.1913442839233703,2,1,0,1,0,1,1,3,0,3,0,0,0,0,0,0,0,0,0,2,1,14.18487501659547,4.389194667521224,2.4875271360579063,ruleb_raw,"phase3=1,fs3=1,fast_alt=0,core_count=0,slow=1.0858,abs_hinge=0.1913,transition=2"
321200,Bear,Neutral,Neutral,Neutral,Neutral,Neutral,Neutral,Neutral,0,0,0,0,0,0,NO_EFFECT,NO_EFFECT,NO_EFFECT,NO_EFFECT,NO_EFFECT,NO_EFFECT,,,,,,,,,,,,,1.878548991635398,1.0,2,1,1,2,0,2,2,2,0,3,0,0,1,1,0,2,1,1,0,4,1,-20.98483776395733,2.705884459477602,-1.683310208043622,ruleb_raw|osc_core_a|osc_core_b,"phase3=2,fs3=2,fast_alt=0,core_count=2,slow=1.8785,abs_hinge=1.0000,transition=2"
321201,Bear,Neutral,Neutral,Neutral,Neutral,Neutral,Neutral,Neutral,0,0,0,0,0,0,NO_EFFECT,NO_EFFECT,NO_EFFECT,NO_EFFECT,NO_EFFECT,NO_EFFECT,,,,,,,,,,,,,0.4861358914331504,0.4631292493788772,1,0,1,2,0,3,3,1,0,3,0,0,1,1,0,2,1,1,0,4,1,-79.60993399050494,3.685190722655534,0.9793062631779321,osc_core_a|osc_core_b,"phase3=3,fs3=3,fast_alt=0,core_count=2,slow=0.4861,abs_hinge=0.4631,transition=1"
321202,Bear,Neutral,Neutral,Neutral,Neutral,Neutral,Neutral,Neutral,0,0,0,0,0,0,NO_EFFECT,NO_EFFECT,NO_EFFECT,NO_EFFECT,NO_EFFECT,NO_EFFECT,,,,,,,,,,,,,1.8527615185848845,1.0,2,1,1,2,0,2,2,1,0,2,0,0,1,1,0,2,1,1,0,4,1,110.8771476920083,4.41270396193795,0.7275132392824162,ruleb_raw|osc_core_a|osc_core_b,"phase3=2,fs3=2,fast_alt=0,core_count=2,slow=1.8528,abs_hinge=1.0000,transition=2"
321218,Bull,Neutral,Neutral,Neutral,Neutral,Neutral,Neutral,Neutral,0,0,0,0,0,0,NO_EFFECT,NO_EFFECT,NO_EFFECT,NO_EFFECT,NO_EFFECT,NO_EFFECT,,,,,,,,,,,,,1.8703802479485605,0.2510795344345805,1,1,0,1,1,1,1,1,0,2,0,1,0,0,1,1,0,0,0,3,1,-30.171701725994357,4.605031561890428,1.803015298954051,ruleb_raw,"phase3=1,fs3=1,fast_alt=1,core_count=1,slow=1.8704,abs_hinge=0.2511,transition=1"
321219,Bull,Neutral,Neutral,Neutral,Neutral,Neutral,Neutral,Neutral,0,0,0,0,0,0,NO_EFFECT,NO_EFFECT,NO_EFFECT,NO_EFFECT,NO_EFFECT,NO_EFFECT,,,,,,,,,,,,,0.3082224199406482,0.1449774727478928,1,0,0,1,1,1,2,0,0,2,0,0,1,0,1,2,1,0,1,3,1,105.3128950674436,2.2585140282699285,-2.3465175336204993,osc_core_a|osc_core_c,"phase3=2,fs3=1,fast_alt=1,core_count=2,slow=0.3082,abs_hinge=0.1450,transition=1"
321220,Bear,Neutral,Neutral,Neutral,Neutral,Neutral,Neutral,Neutral,0,0,0,0,0,0,NO_EFFECT,NO_EFFECT,NO_EFFECT,NO_EFFECT,NO_EFFECT,NO_EFFECT,,,,,,,,,,,,,0.6058538850593322,0.0843161359194661,0,0,0,1,1,2,2,0,0,2,1,0,1,1,1,3,1,1,1,5,1,-70.01576731758541,2.3352210668326734,0.07670703856274486,osc_core_a|osc_core_b|osc_core_c,"phase3=2,fs3=2,fast_alt=1,core_count=3,slow=0.6059,abs_hinge=0.0843,transition=0"
321223,Bear,Neutral,Neutral,Neutral,Neutral,Neutral,Neutral,Neutral,0,0,0,0,0,0,NO_EFFECT,NO_EFFECT,NO_EFFECT,NO_EFFECT,NO_EFFECT,NO_EFFECT,,,,,,,,,,,,,0.2830899700384179,0.2512226919751823,0,0,0,0,1,2,1,0,0,3,1,0,0,1,1,2,1,0,1,4,1,9.718995091752731,1.5914841794328822,-0.7437368873997912,osc_core_a|osc_core_c,"phase3=1,fs3=2,fast_alt=1,core_count=2,slow=0.2831,abs_hinge=0.2512,transition=0"
321223,Bear,Neutral,Neutral,Neutral,Neutral,Neutral,Neutral,Neutral,0,0,0,0,0,0,NO_EFFECT,NO_EFFECT,NO_EFFECT,NO_EFFECT,NO_EFFECT,NO_EFFECT,,,,,,,,,,,,,0.5544522051168315,0.1440657911747005,1,0,0,0,1,3,1,0,0,3,0,0,0,1,1,2,1,0,1,3,1,2.5780996009416413,2.285997913993924,0.6945137345610419,osc_core_a|osc_core_c,"phase3=1,fs3=3,fast_alt=1,core_count=2,slow=0.5545,abs_hinge=0.1441,transition=1"
321223,Bear,Bull,Bull,Bull,Bull,Bull,Bull,Bull,0,0,0,0,0,0,NO_EFFECT,NO_EFFECT,NO_EFFECT,NO_EFFECT,NO_EFFECT,NO_EFFECT,,,,,,,,,,,,,0.6523633313499886,0.1165682644220956,0,0,0,0,1,2,1,0,0,2,0,0,0,1,1,2,1,0,1,3,1,-16.326084729880677,4.048652176848918,1.7626542628549942,osc_core_a|osc_core_c,"phase3=1,fs3=2,fast_alt=1,core_count=2,slow=0.6524,abs_hinge=0.1166,transition=0"
321227,Bull,Neutral,Neutral,Neutral,Neutral,Neutral,Neutral,Neutral,0,0,0,0,0,0,NO_EFFECT,NO_EFFECT,NO_EFFECT,NO_EFFECT,NO_EFFECT,NO_EFFECT,,,,,,,,,,,,,0.1863591119308694,0.3844987096955293,1,0,0,0,1,2,2,0,0,1,1,0,1,1,1,3,1,1,1,5,1,22.188754321774468,0.8713642649472604,-1.3378226723689295,osc_core_a|osc_core_b|osc_core_c,"phase3=2,fs3=2,fast_alt=1,core_count=3,slow=0.1864,abs_hinge=0.3845,transition=1"
321229,Bull,Neutral,Neutral,Neutral,Neutral,Neutral,Neutral,Neutral,0,0,0,0,0,0,NO_EFFECT,NO_EFFECT,NO_EFFECT,NO_EFFECT,NO_EFFECT,NO_EFFECT,,,,,,,,,,,,,0.6493649733383791,0.3323932083048969,1,0,0,0,1,2,2,0,0,2,1,0,1,1,1,3,1,1,1,5,1,143.77599991075112,2.595178526322343,-5.17534436995993,osc_core_a|osc_core_b|osc_core_c,"phase3=2,fs3=2,fast_alt=1,core_count=3,slow=0.6494,abs_hinge=0.3324,transition=1"
321230,Bear,Bear,Neutral,Bear,Bear,Bear,Bear,Bear,1,0,0,0,0,0,BAD_NEUTRALIZE_RIGHT_BASE,NO_EFFECT,NO_EFFECT,NO_EFFECT,NO_EFFECT,NO_EFFECT,BAD_SUPPRESS_RIGHT_BEAR,,,,,,ruleb_raw|side=both|slow=2.1674|abs_hinge=0.3745|transition=1|phase3=1|fs3=1|fast_alt=0|core_count=0,,,,,,2.167359932764157,0.3744731433445593,1,1,0,1,0,1,1,1,0,3,0,0,0,0,0,0,0,0,0,2,1,144.2236998984445,6.654064754642604,4.058886228320262,ruleb_raw,"phase3=1,fs3=1,fast_alt=0,core_count=0,slow=2.1674,abs_hinge=0.3745,transition=1"
321231,Bear,Neutral,Neutral,Neutral,Neutral,Neutral,Neutral,Neutral,0,0,0,0,0,0,NO_EFFECT,NO_EFFECT,NO_EFFECT,NO_EFFECT,NO_EFFECT,NO_EFFECT,,,,,,,,,,,,,1.1353045328742155,0.1451846358297214,1,0,0,1,0,2,2,1,0,3,0,0,1,1,0,2,1,1,0,4,1,-163.58876027926453,4.88076851547703,-1.7732962391655747,osc_core_a|osc_core_b,"phase3=2,fs3=2,fast_alt=0,core_count=2,slow=1.1353,abs_hinge=0.1452,transition=1"
321234,Bull,Neutral,Neutral,Neutral,Neutral,Neutral,Neutral,Neutral,0,0,0,0,0,0,NO_EFFECT,NO_EFFECT,NO_EFFECT,NO_EFFECT,NO_EFFECT,NO_EFFECT,,,,,,,,,,,,,2.0394933024490456,0.0652866883672665,1,0,0,0,1,2,0,1,0,3,0,0,0,1,1,2,1,0,1,4,1,149.09946940811642,5.392693210798825,3.257376449993899,osc_core_a|osc_core_c,"phase3=0,fs3=2,fast_alt=1,core_count=2,slow=2.0395,abs_hinge=0.0653,transition=1"
321234,Bull,Bear,Neutral,Neutral,Bear,Neutral,Neutral,Bear,1,1,0,1,1,0,GOOD_NEUTRALIZE_WRONG_BASE,GOOD_NEUTRALIZE_WRONG_BASE,NO_EFFECT,GOOD_NEUTRALIZE_WRONG_BASE,GOOD_NEUTRALIZE_WRONG_BASE,NO_EFFECT,GOOD_SUPPRESS_WRONG_BEAR,GOOD_SUPPRESS_WRONG_BEAR,,GOOD_SUPPRESS_WRONG_BEAR,GOOD_SUPPRESS_WRONG_BEAR,,ruleb_raw|side=both|slow=1.8311|abs_hinge=0.7937|transition=2|phase3=0|fs3=2|fast_alt=1|core_count=2|oscA|oscC,ruleb_core_a|side=both|slow=1.8311|abs_hinge=0.7937|transition=2|phase3=0|fs3=2|fast_alt=1|core_count=2|oscA|oscC,,ruleb_core_c|side=both|slow=1.8311|abs_hinge=0.7937|transition=2|phase3=0|fs3=2|fast_alt=1|core_count=2|oscA|oscC,ruleb_core_a_bear|side=bear|slow=1.8311|abs_hinge=0.7937|transition=2|phase3=0|fs3=2|fast_alt=1|core_count=2|oscA|oscC,,1.831069725421912,0.793730193545626,2,1,0,1,1,2,0,2,0,3,0,0,0,1,1,2,1,0,1,4,1,-31.61250585768721,3.4981122072003927,-1.8945810035984323,ruleb_raw|osc_core_a|osc_core_c,"phase3=0,fs3=2,fast_alt=1,core_count=2,slow=1.8311,abs_hinge=0.7937,transition=2"
321236,Bull,Neutral,Neutral,Neutral,Neutral,Neutral,Neutral,Neutral,0,0,0,0,0,0,NO_EFFECT,NO_EFFECT,NO_EFFECT,NO_EFFECT,NO_EFFECT,NO_EFFECT,,,,,,,,,,,,,0.4086244959034957,1.0,2,0,0,1,0,2,2,1,0,1,0,0,1,1,0,2,1,1,0,4,1,44.047822192529566,1.6405914961560484,-1.4010756955522083,osc_core_a|osc_core_b,"phase3=2,fs3=2,fast_alt=0,core_count=2,slow=0.4086,abs_hinge=1.0000,transition=2"
321237,Bear,Bear,Bear,Bear,Bear,Bear,Bear,Bear,0,0,0,0,0,0,NO_EFFECT,NO_EFFECT,NO_EFFECT,NO_EFFECT,NO_EFFECT,NO_EFFECT,,,,,,,,,,,,,1.2809519037273276,0.0020383301530664,1,0,0,0,0,2,2,1,0,1,0,0,1,1,0,2,1,1,0,4,1,77.863950354993,4.718742727516656,3.078151231360607,osc_core_a|osc_core_b,"phase3=2,fs3=2,fast_alt=0,core_count=2,slow=1.2810,abs_hinge=0.0020,transition=1"
321247,Bear,Bear,Neutral,Bear,Bear,Bear,Bear,Bear,1,0,0,0,0,0,BAD_NEUTRALIZE_RIGHT_BASE,NO_EFFECT,NO_EFFECT,NO_EFFECT,NO_EFFECT,NO_EFFECT,BAD_SUPPRESS_RIGHT_BEAR,,,,,,ruleb_raw|side=both|slow=1.0225|abs_hinge=0.2769|transition=1|phase3=0|fs3=0|fast_alt=0|core_count=0,,,,,,1.0225111967756677,0.2768523311715466,1,1,0,1,0,0,0,2,0,2,0,0,0,0,0,0,0,0,0,2,1,35.54764083508053,5.122541876497053,2.338332085950242,ruleb_raw,"phase3=0,fs3=0,fast_alt=0,core_count=0,slow=1.0225,abs_hinge=0.2769,transition=1"
321251,Bear,Neutral,Neutral,Neutral,Neutral,Neutral,Neutral,Neutral,0,0,0,0,0,0,NO_EFFECT,NO_EFFECT,NO_EFFECT,NO_EFFECT,NO_EFFECT,NO_EFFECT,,,,,,,,,,,,,0.7269869283500157,0.1537727396371114,1,0,0,0,1,2,2,1,0,1,0,0,1,1,1,3,1,1,1,5,1,-69.51130200333137,2.0516474259675306,-0.08122792795256828,osc_core_a|osc_core_b|osc_core_c,"phase3=2,fs3=2,fast_alt=1,core_count=3,slow=0.7270,abs_hinge=0.1538,transition=1"
321255,Bull,Bear,Bear,Bear,Bear,Bear,Bear,Bear,0,0,0,0,0,0,NO_EFFECT,NO_EFFECT,NO_EFFECT,NO_EFFECT,NO_EFFECT,NO_EFFECT,,,,,,,,,,,,,0.3946324580156215,0.1015225151582658,0,0,0,0,0,2,2,0,0,1,0,0,1,1,0,2,1,1,0,3,1,80.31869895529235,2.2613043213568744,0.20965689538934384,osc_core_a|osc_core_b,"phase3=2,fs3=2,fast_alt=0,core_count=2,slow=0.3946,abs_hinge=0.1015,transition=0"
321280,Bear,Neutral,Neutral,Neutral,Neutral,Neutral,Neutral,Neutral,0,0,0,0,0,0,NO_EFFECT,NO_EFFECT,NO_EFFECT,NO_EFFECT,NO_EFFECT,NO_EFFECT,,,,,,,,,,,,,0.3492360587879375,0.7580982256583734,2,0,0,0,0,2,2,0,0,2,0,0,1,1,0,2,1,1,0,3,1,-3.817858261158108,1.4317058509623166,1.0455468561649468,osc_core_a|osc_core_b,"phase3=2,fs3=2,fast_alt=0,core_count=2,slow=0.3492,abs_hinge=0.7581,transition=2"
321281,Bear,Bull,Bull,Bull,Bull,Bull,Bull,Bull,0,0,0,0,0,0,NO_EFFECT,NO_EFFECT,NO_EFFECT,NO_EFFECT,NO_EFFECT,NO_EFFECT,,,,,,,,,,,,,0.8448389224740822,0.2248187729742173,0,0,0,0,0,2,2,0,0,1,0,0,1,1,0,2,1,1,0,3,1,-59.966337848920375,3.46497075399202,2.0332649030297034,osc_core_a|osc_core_b,"phase3=2,fs3=2,fast_alt=0,core_count=2,slow=0.8448,abs_hinge=0.2248,transition=0"
321284,Bull,Neutral,Neutral,Neutral,Neutral,Neutral,Neutral,Neutral,0,0,0,0,0,0,NO_EFFECT,NO_EFFECT,NO_EFFECT,NO_EFFECT,NO_EFFECT,NO_EFFECT,,,,,,,,,,,,,0.1557789117487118,0.3973975171718676,1,0,0,0,1,2,2,0,0,1,1,0,1,1,1,3,1,1,1,5,1,16.00749637185072,0.2959258066675829,-0.34759658830626,osc_core_a|osc_core_b|osc_core_c,"phase3=2,fs3=2,fast_alt=1,core_count=3,slow=0.1558,abs_hinge=0.3974,transition=1"
321285,Bear,Neutral,Neutral,Neutral,Neutral,Neutral,Neutral,Neutral,0,0,0,0,0,0,NO_EFFECT,NO_EFFECT,NO_EFFECT,NO_EFFECT,NO_EFFECT,NO_EFFECT,,,,,,,,,,,,,0.2380585646460531,0.7528154762203941,2,0,0,0,0,3,2,0,0,1,1,0,1,1,0,2,1,1,0,4,1,-11.80172413107357,1.8997052439608524,1.6037794372932694,osc_core_a|osc_core_b,"phase3=2,fs3=3,fast_alt=0,core_count=2,slow=0.2381,abs_hinge=0.7528,transition=2"
321286,Bull,Neutral,Neutral,Neutral,Neutral,Neutral,Neutral,Neutral,0,0,0,0,0,0,NO_EFFECT,NO_EFFECT,NO_EFFECT,NO_EFFECT,NO_EFFECT,NO_EFFECT,,,,,,,,,,,,,0.3472823765860084,0.3369251621019907,0,0,0,0,0,3,2,0,0,2,1,0,1,1,0,2,1,1,0,4,1,31.586195126961684,1.1211968431307469,-0.7785084008301055,osc_core_a|osc_core_b,"phase3=2,fs3=3,fast_alt=0,core_count=2,slow=0.3473,abs_hinge=0.3369,transition=0"
321287,Bear,Neutral,Neutral,Neutral,Neutral,Neutral,Neutral,Neutral,0,0,0,0,0,0,NO_EFFECT,NO_EFFECT,NO_EFFECT,NO_EFFECT,NO_EFFECT,NO_EFFECT,,,,,,,,,,,,,1.490700921207463,0.1576981494516562,0,0,0,0,1,3,1,0,0,3,0,0,0,1,1,2,1,0,1,3,1,50.05831604692503,3.792704970423074,2.671508127292327,osc_core_a|osc_core_c,"phase3=1,fs3=3,fast_alt=1,core_count=2,slow=1.4907,abs_hinge=0.1577,transition=0"
321288,Bear,Bear,Bear,Bear,Bear,Bear,Bear,Bear,0,0,0,0,0,0,NO_EFFECT,NO_EFFECT,NO_EFFECT,NO_EFFECT,NO_EFFECT,NO_EFFECT,,,,,,,,,,,,,0.4213379191096464,0.209019647497774,1,0,0,0,1,2,0,1,0,3,0,0,0,1,1,2,1,0,1,4,1,-54.01592829344736,0.8301488006163709,-2.962556169806703,osc_core_a|osc_core_c,"phase3=0,fs3=2,fast_alt=1,core_count=2,slow=0.4213,abs_hinge=0.2090,transition=1"
321294,Bear,Neutral,Neutral,Neutral,Neutral,Neutral,Neutral,Neutral,0,0,0,0,0,0,NO_EFFECT,NO_EFFECT,NO_EFFECT,NO_EFFECT,NO_EFFECT,NO_EFFECT,,,,,,,,,,,,,1.2045667255206354,1.0,2,1,0,1,1,2,2,0,0,3,0,0,1,1,1,3,1,1,1,4,1,32.85791087742837,3.0737737369490787,2.5178242233560013,ruleb_raw|osc_core_a|osc_core_b|osc_core_c,"phase3=2,fs3=2,fast_alt=1,core_count=3,slow=1.2046,abs_hinge=1.0000,transition=2"
321295,Bear,Bull,Bull,Bull,Bull,Bull,Bull,Bull,0,0,0,0,0,0,NO_EFFECT,NO_EFFECT,NO_EFFECT,NO_EFFECT,NO_EFFECT,NO_EFFECT,,,,,,,,,,,,,1.3315735538872104,0.2479328444762653,0,0,0,1,0,2,2,0,0,2,0,0,1,1,0,2,1,1,0,3,1,-96.16535201889928,3.359198482539796,0.28542474559071707,osc_core_a|osc_core_b,"phase3=2,fs3=2,fast_alt=0,core_count=2,slow=1.3316,abs_hinge=0.2479,transition=0"
321296,Bull,Neutral,Neutral,Neutral,Neutral,Neutral,Neutral,Neutral,0,0,0,0,0,0,NO_EFFECT,NO_EFFECT,NO_EFFECT,NO_EFFECT,NO_EFFECT,NO_EFFECT,,,,,,,,,,,,,0.2937095101387967,0.125075724048262,1,0,0,1,0,2,2,0,0,2,1,0,1,1,0,2,1,1,0,4,1,58.37997224151332,0.8726494180027657,-2.48654906453703,osc_core_a|osc_core_b,"phase3=2,fs3=2,fast_alt=0,core_count=2,slow=0.2937,abs_hinge=0.1251,transition=1"
321304,Bull,Bear,Neutral,Bear,Bear,Bear,Bear,Bear,1,0,0,0,0,0,GOOD_NEUTRALIZE_WRONG_BASE,NO_EFFECT,NO_EFFECT,NO_EFFECT,NO_EFFECT,NO_EFFECT,GOOD_SUPPRESS_WRONG_BEAR,,,,,,ruleb_raw|side=both|slow=1.4339|abs_hinge=0.2392|transition=1|phase3=0|fs3=1|fast_alt=1|core_count=1,,,,,,1.4339076306314382,0.2391922753233023,1,1,0,1,1,1,0,1,0,2,0,0,0,0,1,1,0,0,0,3,1,131.89142111249384,4.748911750368279,3.4570962557518214,ruleb_raw,"phase3=0,fs3=1,fast_alt=1,core_count=1,slow=1.4339,abs_hinge=0.2392,transition=1"
321311,Bull,Neutral,Neutral,Neutral,Neutral,Neutral,Neutral,Neutral,0,0,0,0,0,0,NO_EFFECT,NO_EFFECT,NO_EFFECT,NO_EFFECT,NO_EFFECT,NO_EFFECT,,,,,,,,,,,,,0.4373586117490049,1.0,2,0,0,0,0,3,2,0,0,1,0,0,1,1,0,2,1,1,0,3,1,40.78824177074421,1.2890682956240198,-0.10269767283716669,osc_core_a|osc_core_b,"phase3=2,fs3=3,fast_alt=0,core_count=2,slow=0.4374,abs_hinge=1.0000,transition=2"
321315,Bull,Neutral,Neutral,Neutral,Neutral,Neutral,Neutral,Neutral,0,0,0,0,0,0,NO_EFFECT,NO_EFFECT,NO_EFFECT,NO_EFFECT,NO_EFFECT,NO_EFFECT,,,,,,,,,,,,,0.5505927764461376,0.6312768586204027,2,0,0,0,1,2,2,1,0,3,0,0,1,1,1,3,1,1,1,5,1,-15.965394840488443,1.368653722012823,-0.37295378773342214,osc_core_a|osc_core_b|osc_core_c,"phase3=2,fs3=2,fast_alt=1,core_count=3,slow=0.5506,abs_hinge=0.6313,transition=2"
321316,Bull,Neutral,Neutral,Neutral,Neutral,Neutral,Neutral,Neutral,0,0,0,0,0,0,NO_EFFECT,NO_EFFECT,NO_EFFECT,NO_EFFECT,NO_EFFECT,NO_EFFECT,,,,,,,,,,,,,0.2889186309603246,1.0,2,0,0,0,1,3,3,0,0,2,0,0,1,1,1,3,1,1,1,4,1,0.6533621151174884,0.8969992226575414,-0.4716544993552816,osc_core_a|osc_core_b|osc_core_c,"phase3=3,fs3=3,fast_alt=1,core_count=3,slow=0.2889,abs_hinge=1.0000,transition=2"
321316,Bull,Neutral,Neutral,Neutral,Neutral,Neutral,Neutral,Neutral,0,0,0,0,0,0,NO_EFFECT,NO_EFFECT,NO_EFFECT,NO_EFFECT,NO_EFFECT,NO_EFFECT,,,,,,,,,,,,,0.0978615807835012,0.1443744546826615,1,0,0,0,0,3,3,0,0,1,1,0,1,1,0,2,1,1,0,4,1,-2.0732133186247665,0.3000545805152796,-0.5969446421422617,osc_core_a|osc_core_b,"phase3=3,fs3=3,fast_alt=0,core_count=2,slow=0.0979,abs_hinge=0.1444,transition=1"
321317,Bear,Bear,Bear,Bear,Bear,Bear,Bear,Bear,0,0,0,0,0,0,NO_EFFECT,NO_EFFECT,NO_EFFECT,NO_EFFECT,NO_EFFECT,NO_EFFECT,,,,,,,,,,,,,0.2013886079039366,0.0117590715606872,1,0,0,0,0,2,2,1,0,1,1,0,1,1,0,2,1,1,0,5,1,17.94456201783032,1.004345824549091,0.7042912440338114,osc_core_a|osc_core_b,"phase3=2,fs3=2,fast_alt=0,core_count=2,slow=0.2014,abs_hinge=0.0118,transition=1"
321335,Bear,Neutral,Neutral,Neutral,Neutral,Neutral,Neutral,Neutral,0,0,0,0,0,0,NO_EFFECT,NO_EFFECT,NO_EFFECT,NO_EFFECT,NO_EFFECT,NO_EFFECT,,,,,,,,,,,,,1.5187052537130512,1.0,2,1,0,1,0,1,1,2,0,2,0,0,0,0,0,0,0,0,0,2,1,-27.57012173590192,2.7323436934366327,-0.49886319094912324,ruleb_raw,"phase3=1,fs3=1,fast_alt=0,core_count=0,slow=1.5187,abs_hinge=1.0000,transition=2"
321336,Bear,Neutral,Neutral,Neutral,Neutral,Neutral,Neutral,Neutral,0,0,0,0,0,0,NO_EFFECT,NO_EFFECT,NO_EFFECT,NO_EFFECT,NO_EFFECT,NO_EFFECT,,,,,,,,,,,,,0.8483504607265786,0.6260532709901369,2,0,0,1,1,2,2,1,0,1,0,0,1,1,1,3,1,1,1,5,1,-68.43798034265637,1.9452113787247072,-0.7871323147119256,osc_core_a|osc_core_b|osc_core_c,"phase3=2,fs3=2,fast_alt=1,core_count=3,slow=0.8484,abs_hinge=0.6261,transition=2"
321337,Bull,Bear,Bear,Bear,Bear,Bear,Bear,Bear,0,0,0,0,0,0,NO_EFFECT,NO_EFFECT,NO_EFFECT,NO_EFFECT,NO_EFFECT,NO_EFFECT,,,,,,,,,,,,,1.0736296366630995,0.085947588204883,1,0,0,1,0,2,2,1,0,2,0,0,1,1,0,2,1,1,0,4,1,101.35101768907045,2.8108171912845137,0.8656058125598065,osc_core_a|osc_core_b,"phase3=2,fs3=2,fast_alt=0,core_count=2,slow=1.0736,abs_hinge=0.0859,transition=1"
321341,Bull,Bear,Neutral,Bear,Bear,Bear,Bear,Bear,1,0,0,0,0,0,GOOD_NEUTRALIZE_WRONG_BASE,NO_EFFECT,NO_EFFECT,NO_EFFECT,NO_EFFECT,NO_EFFECT,GOOD_SUPPRESS_WRONG_BEAR,,,,,,ruleb_raw|side=both|slow=1.9799|abs_hinge=0.2126|transition=1|phase3=2|fs3=1|fast_alt=0|core_count=1,,,,,,1.97990277538338,0.2125949170883987,1,1,0,1,0,1,2,1,0,1,0,0,1,0,0,1,0,0,0,3,1,91.62962656440504,3.212731818457541,2.549237978904784,ruleb_raw,"phase3=2,fs3=1,fast_alt=0,core_count=1,slow=1.9799,abs_hinge=0.2126,transition=1"
321341,Bull,Neutral,Neutral,Neutral,Neutral,Neutral,Neutral,Neutral,0,0,0,0,0,0,NO_EFFECT,NO_EFFECT,NO_EFFECT,NO_EFFECT,NO_EFFECT,NO_EFFECT,,,,,,,,,,,,,1.6472531718991377,0.9408004454258224,2,1,1,2,0,2,2,1,0,2,0,0,1,1,0,2,1,1,0,4,1,-39.51276214735117,3.1262126676083426,-0.08651915084919848,ruleb_raw|osc_core_a|osc_core_b,"phase3=2,fs3=2,fast_alt=0,core_count=2,slow=1.6473,abs_hinge=0.9408,transition=2"
321345,Bull,Neutral,Neutral,Neutral,Neutral,Neutral,Neutral,Neutral,0,0,0,0,0,0,NO_EFFECT,NO_EFFECT,NO_EFFECT,NO_EFFECT,NO_EFFECT,NO_EFFECT,,,,,,,,,,,,,0.3875988952422631,1.0,2,0,0,0,1,2,2,0,0,3,0,0,1,1,1,3,1,1,1,4,1,25.18324122100603,1.4171940632641054,0.11281941470770085,osc_core_a|osc_core_b|osc_core_c,"phase3=2,fs3=2,fast_alt=1,core_count=3,slow=0.3876,abs_hinge=1.0000,transition=2"
321346,Bear,Bull,Bull,Bull,Bull,Bull,Bull,Bull,0,0,0,0,0,0,NO_EFFECT,NO_EFFECT,NO_EFFECT,NO_EFFECT,NO_EFFECT,NO_EFFECT,,,,,,,,,,,,,0.4412751129948447,0.1802842076849845,0,0,0,0,0,2,2,0,0,3,1,0,1,1,0,2,1,1,0,4,1,-26.677187767490977,1.0251482367166318,-0.39204582654747355,osc_core_a|osc_core_b,"phase3=2,fs3=2,fast_alt=0,core_count=2,slow=0.4413,abs_hinge=0.1803,transition=0"
321352,Bear,Neutral,Neutral,Neutral,Neutral,Neutral,Neutral,Neutral,0,0,0,0,0,0,NO_EFFECT,NO_EFFECT,NO_EFFECT,NO_EFFECT,NO_EFFECT,NO_EFFECT,,,,,,,,,,,,,2.631632298591285,0.3178425823443532,1,1,0,1,1,2,1,1,0,2,0,0,0,1,1,2,1,0,1,4,1,123.42592954795693,5.160873235090548,3.2787285670638084,ruleb_raw|osc_core_a|osc_core_c,"phase3=1,fs3=2,fast_alt=1,core_count=2,slow=2.6316,abs_hinge=0.3178,transition=1"
321353,Bear,Neutral,Neutral,Neutral,Neutral,Neutral,Neutral,Neutral,0,0,0,0,0,0,NO_EFFECT,NO_EFFECT,NO_EFFECT,NO_EFFECT,NO_EFFECT,NO_EFFECT,,,,,,,,,,,,,0.2937389517628617,1.0,2,0,0,1,1,3,2,1,0,2,0,0,1,1,1,3,1,1,1,5,1,-123.89868621554342,0.7500361997808795,-4.410837035309669,osc_core_a|osc_core_b|osc_core_c,"phase3=2,fs3=3,fast_alt=1,core_count=3,slow=0.2937,abs_hinge=1.0000,transition=2"
321354,Bull,Neutral,Neutral,Neutral,Neutral,Neutral,Neutral,Neutral,0,0,0,0,0,0,NO_EFFECT,NO_EFFECT,NO_EFFECT,NO_EFFECT,NO_EFFECT,NO_EFFECT,,,,,,,,,,,,,0.2802319240854558,0.6927119924988823,2,0,0,1,0,3,2,1,0,1,1,0,1,1,0,2,1,1,0,5,1,4.106159317467245,0.6351313303093775,-0.11490486947150202,osc_core_a|osc_core_b,"phase3=2,fs3=3,fast_alt=0,core_count=2,slow=0.2802,abs_hinge=0.6927,transition=2"
321355,Bull,Bull,Bull,Bull,Bull,Bull,Bull,Bull,0,0,0,0,0,0,NO_EFFECT,NO_EFFECT,NO_EFFECT,NO_EFFECT,NO_EFFECT,NO_EFFECT,,,,,,,,,,,,,0.9610319870444072,0.0255024819433777,0,0,0,0,0,2,2,0,0,2,1,0,1,1,0,2,1,1,0,4,1,-53.238184285888565,2.2223718342374923,1.5872405039281148,osc_core_a|osc_core_b,"phase3=2,fs3=2,fast_alt=0,core_count=2,slow=0.9610,abs_hinge=0.0255,transition=0"
321362,Bear,Neutral,Neutral,Neutral,Neutral,Neutral,Neutral,Neutral,0,0,0,0,0,0,NO_EFFECT,NO_EFFECT,NO_EFFECT,NO_EFFECT,NO_EFFECT,NO_EFFECT,,,,,,,,,,,,,0.5278639210009715,0.4477716056103756,1,0,0,0,0,2,3,0,0,1,1,0,1,1,0,2,1,1,0,4,1,-11.201503117466928,1.3610618790535227,0.5639371666493389,osc_core_a|osc_core_b,"phase3=3,fs3=2,fast_alt=0,core_count=2,slow=0.5279,abs_hinge=0.4478,transition=1"
321363,Bear,Neutral,Neutral,Neutral,Neutral,Neutral,Neutral,Neutral,0,0,0,0,0,0,NO_EFFECT,NO_EFFECT,NO_EFFECT,NO_EFFECT,NO_EFFECT,NO_EFFECT,,,,,,,,,,,,,0.1155326658918056,0.0279828480484793,1,0,0,0,0,3,3,0,0,2,1,0,1,1,0,2,1,1,0,4,1,7.606934071838623,0.4714116195682436,-0.8896502594852791,osc_core_a|osc_core_b,"phase3=3,fs3=3,fast_alt=0,core_count=2,slow=0.1155,abs_hinge=0.0280,transition=1"
321367,Bear,Neutral,Neutral,Neutral,Neutral,Neutral,Neutral,Neutral,0,0,0,0,0,0,NO_EFFECT,NO_EFFECT,NO_EFFECT,NO_EFFECT,NO_EFFECT,NO_EFFECT,,,,,,,,,,,,,0.445926163398326,0.4268444083052337,1,0,0,0,0,3,3,0,0,2,1,0,1,1,0,2,1,1,0,4,1,-20.18517589045223,2.057897861164747,1.5864862415965035,osc_core_a|osc_core_b,"phase3=3,fs3=3,fast_alt=0,core_count=2,slow=0.4459,abs_hinge=0.4268,transition=1"
321368,Bull,Bull,Bull,Bull,Bull,Bull,Bull,Bull,0,0,0,0,0,0,NO_EFFECT,NO_EFFECT,NO_EFFECT,NO_EFFECT,NO_EFFECT,NO_EFFECT,,,,,,,,,,,,,0.3823138464213116,0.2145323929457498,0,0,0,0,0,2,2,0,0,3,0,0,1,1,0,2,1,1,0,3,1,-15.198669128963957,1.2646284085076331,-0.793269452657114,osc_core_a|osc_core_b,"phase3=2,fs3=2,fast_alt=0,core_count=2,slow=0.3823,abs_hinge=0.2145,transition=0"
321371,Bull,Bear,Neutral,Bear,Bear,Bear,Bear,Bear,1,0,0,0,0,0,GOOD_NEUTRALIZE_WRONG_BASE,NO_EFFECT,NO_EFFECT,NO_EFFECT,NO_EFFECT,NO_EFFECT,GOOD_SUPPRESS_WRONG_BEAR,,,,,,ruleb_raw|side=both|slow=1.2457|abs_hinge=0.2598|transition=1|phase3=1|fs3=1|fast_alt=1|core_count=1,,,,,,1.2457472309597506,0.2597700865159475,1,1,0,1,1,1,1,1,0,3,1,0,0,0,1,1,0,0,0,4,1,67.7814308473171,2.335890005469992,1.6151390668128447,ruleb_raw,"phase3=1,fs3=1,fast_alt=1,core_count=1,slow=1.2457,abs_hinge=0.2598,transition=1"
321376,Bull,Neutral,Neutral,Neutral,Neutral,Neutral,Neutral,Neutral,0,0,0,0,0,0,NO_EFFECT,NO_EFFECT,NO_EFFECT,NO_EFFECT,NO_EFFECT,NO_EFFECT,,,,,,,,,,,,,0.5939321578625822,0.0770411875430228,2,0,0,0,1,2,1,1,0,1,0,0,0,1,1,2,1,0,1,4,1,71.36232512559218,1.3481858801278577,-0.3344086381166562,osc_core_a|osc_core_c,"phase3=1,fs3=2,fast_alt=1,core_count=2,slow=0.5939,abs_hinge=0.0770,transition=2"
321377,Bear,Neutral,Neutral,Neutral,Neutral,Neutral,Neutral,Neutral,0,0,0,0,0,0,NO_EFFECT,NO_EFFECT,NO_EFFECT,NO_EFFECT,NO_EFFECT,NO_EFFECT,,,,,,,,,,,,,0.1451869024494954,0.4150285704069376,1,0,0,0,0,3,2,1,0,0,0,0,1,1,0,2,1,1,0,3,1,-36.99705338633794,0.9545274894917384,-0.3936583906361193,osc_core_a|osc_core_b,"phase3=2,fs3=3,fast_alt=0,core_count=2,slow=0.1452,abs_hinge=0.4150,transition=1"
321378,Bear,Neutral,Neutral,Neutral,Neutral,Neutral,Neutral,Neutral,0,0,0,0,0,0,NO_EFFECT,NO_EFFECT,NO_EFFECT,NO_EFFECT,NO_EFFECT,NO_EFFECT,,,,,,,,,,,,,0.0373723018074088,0.2087676792113091,0,0,0,0,0,2,2,1,0,1,1,0,1,1,0,2,1,1,0,5,1,6.931148206815124,1.2427358715594892,0.2882083820677508,osc_core_a|osc_core_b,"phase3=2,fs3=2,fast_alt=0,core_count=2,slow=0.0374,abs_hinge=0.2088,transition=0"
321382,Bear,Neutral,Neutral,Neutral,Neutral,Neutral,Neutral,Neutral,0,0,0,0,0,0,NO_EFFECT,NO_EFFECT,NO_EFFECT,NO_EFFECT,NO_EFFECT,NO_EFFECT,,,,,,,,,,,,,0.3060607415263803,1.0,2,0,0,0,0,3,2,0,0,3,0,0,1,1,0,2,1,1,0,3,1,2.1252060748811346,0.8693084855203779,0.3898289522057894,osc_core_a|osc_core_b,"phase3=2,fs3=3,fast_alt=0,core_count=2,slow=0.3061,abs_hinge=1.0000,transition=2"
321383,Bull,Neutral,Neutral,Neutral,Neutral,Neutral,Neutral,Neutral,0,0,0,0,0,0,NO_EFFECT,NO_EFFECT,NO_EFFECT,NO_EFFECT,NO_EFFECT,NO_EFFECT,,,,,,,,,,,,,0.6176312601928657,1.0,2,0,0,0,0,3,3,0,0,2,0,0,1,1,0,2,1,1,0,3,1,-10.616600194261991,1.619897086697165,0.750588601176787,osc_core_a|osc_core_b,"phase3=3,fs3=3,fast_alt=0,core_count=2,slow=0.6176,abs_hinge=1.0000,transition=2"
321384,Bear,Bull,Bull,Bull,Bull,Bull,Bull,Bull,0,0,0,0,0,0,NO_EFFECT,NO_EFFECT,NO_EFFECT,NO_EFFECT,NO_EFFECT,NO_EFFECT,,,,,,,,,,,,,0.2651023650487332,0.2896934885188526,0,0,0,0,0,2,2,0,0,2,0,0,1,1,0,2,1,1,0,3,1,-4.871208197379019,0.9373980167856644,-0.6824990699115006,osc_core_a|osc_core_b,"phase3=2,fs3=2,fast_alt=0,core_count=2,slow=0.2651,abs_hinge=0.2897,transition=0"
321385,Bull,Neutral,Neutral,Neutral,Neutral,Neutral,Neutral,Neutral,0,0,0,0,0,0,NO_EFFECT,NO_EFFECT,NO_EFFECT,NO_EFFECT,NO_EFFECT,NO_EFFECT,,,,,,,,,,,,,0.2224679775426921,1.0,2,0,0,0,0,2,2,0,0,1,0,0,1,1,0,2,1,1,0,3,1,24.10432130501431,0.3874059546433273,-0.5499920621423371,osc_core_a|osc_core_b,"phase3=2,fs3=2,fast_alt=0,core_count=2,slow=0.2225,abs_hinge=1.0000,transition=2"
321389,Bull,Neutral,Neutral,Neutral,Neutral,Neutral,Neutral,Neutral,0,0,0,0,0,0,NO_EFFECT,NO_EFFECT,NO_EFFECT,NO_EFFECT,NO_EFFECT,NO_EFFECT,,,,,,,,,,,,,0.2291430486511672,0.7671509698874142,2,0,0,0,1,2,2,1,0,1,0,0,1,1,1,3,1,1,1,5,1,-25.716612427058863,1.8307267207728728,1.0965532816135237,osc_core_a|osc_core_b|osc_core_c,"phase3=2,fs3=2,fast_alt=1,core_count=3,slow=0.2291,abs_hinge=0.7672,transition=2"
321391,Bear,Neutral,Neutral,Neutral,Neutral,Neutral,Neutral,Neutral,0,0,0,0,0,0,NO_EFFECT,NO_EFFECT,NO_EFFECT,NO_EFFECT,NO_EFFECT,NO_EFFECT,,,,,,,,,,,,,0.1933215200588165,1.0,2,0,0,0,0,2,2,0,0,1,0,0,1,1,0,2,1,1,0,3,1,5.359424530543038,0.2835756141430465,-0.8088722135798891,osc_core_a|osc_core_b,"phase3=2,fs3=2,fast_alt=0,core_count=2,slow=0.1933,abs_hinge=1.0000,transition=2"
321392,Bull,Neutral,Neutral,Neutral,Neutral,Neutral,Neutral,Neutral,0,0,0,0,0,0,NO_EFFECT,NO_EFFECT,NO_EFFECT,NO_EFFECT,NO_EFFECT,NO_EFFECT,,,,,,,,,,,,,0.5341448537292308,1.0,2,0,0,0,0,2,2,1,0,2,0,0,1,1,0,2,1,1,0,4,1,-23.89722278327099,1.3665804271859088,-0.034424536550432094,osc_core_a|osc_core_b,"phase3=2,fs3=2,fast_alt=0,core_count=2,slow=0.5341,abs_hinge=1.0000,transition=2"
321396,Bull,Neutral,Neutral,Neutral,Neutral,Neutral,Neutral,Neutral,0,0,0,0,0,0,NO_EFFECT,NO_EFFECT,NO_EFFECT,NO_EFFECT,NO_EFFECT,NO_EFFECT,,,,,,,,,,,,,0.2795799593222909,0.1348792068967578,0,0,0,0,1,1,2,0,0,2,1,0,1,0,1,2,1,0,1,4,1,2.777850347192725,0.629840258961849,-0.7219036368187517,osc_core_a|osc_core_c,"phase3=2,fs3=1,fast_alt=1,core_count=2,slow=0.2796,abs_hinge=0.1349,transition=0"
321397,Bull,Neutral,Neutral,Neutral,Neutral,Neutral,Neutral,Neutral,0,0,0,0,0,0,NO_EFFECT,NO_EFFECT,NO_EFFECT,NO_EFFECT,NO_EFFECT,NO_EFFECT,,,,,,,,,,,,,1.135680125478757,1.0,2,1,0,1,1,2,2,0,0,3,1,0,1,1,1,3,1,1,1,5,1,-19.833523471286757,2.66096883174032,2.031128572778471,ruleb_raw|osc_core_a|osc_core_b|osc_core_c,"phase3=2,fs3=2,fast_alt=1,core_count=3,slow=1.1357,abs_hinge=1.0000,transition=2"
321398,Bull,Neutral,Neutral,Neutral,Neutral,Neutral,Neutral,Neutral,0,0,0,0,0,0,NO_EFFECT,NO_EFFECT,NO_EFFECT,NO_EFFECT,NO_EFFECT,NO_EFFECT,,,,,,,,,,,,,0.1809451242315845,1.0,2,0,0,1,0,2,2,0,0,3,1,0,1,1,0,2,1,1,0,4,1,32.4065382645349,0.8186918441879243,-1.8422769875523959,osc_core_a|osc_core_b,"phase3=2,fs3=2,fast_alt=0,core_count=2,slow=0.1809,abs_hinge=1.0000,transition=2"
321399,Bull,Neutral,Neutral,Neutral,Neutral,Neutral,Neutral,Neutral,0,0,0,0,0,0,NO_EFFECT,NO_EFFECT,NO_EFFECT,NO_EFFECT,NO_EFFECT,NO_EFFECT,,,,,,,,,,,,,0.1820217867389146,0.7489580622851946,2,0,0,1,0,3,3,0,0,3,0,0,1,1,0,2,1,1,0,3,1,8.691319085162831,0.9883120391987176,0.16962019501079328,osc_core_a|osc_core_b,"phase3=3,fs3=3,fast_alt=0,core_count=2,slow=0.1820,abs_hinge=0.7490,transition=2"
321400,Bull,Bear,Bear,Bear,Bear,Bear,Bear,Bear,0,0,0,0,0,0,NO_EFFECT,NO_EFFECT,NO_EFFECT,NO_EFFECT,NO_EFFECT,NO_EFFECT,,,,,,,,,,,,,1.1807639866456157,0.1184595665145511,0,0,0,0,0,2,2,0,0,2,0,0,1,1,0,2,1,1,0,3,1,-86.05445348867215,3.077258557501409,2.0889465183026914,osc_core_a|osc_core_b,"phase3=2,fs3=2,fast_alt=0,core_count=2,slow=1.1808,abs_hinge=0.1185,transition=0"
321404,Bull,Neutral,Neutral,Neutral,Neutral,Neutral,Neutral,Neutral,0,0,0,0,0,0,NO_EFFECT,NO_EFFECT,NO_EFFECT,NO_EFFECT,NO_EFFECT,NO_EFFECT,,,,,,,,,,,,,1.0892429595314752,0.4968165317767496,1,1,0,1,1,3,1,1,0,3,1,0,0,1,1,2,1,0,1,5,1,64.92144833887869,1.4669793849025154,-0.17805678196054942,ruleb_raw|osc_core_a|osc_core_c,"phase3=1,fs3=3,fast_alt=1,core_count=2,slow=1.0892,abs_hinge=0.4968,transition=1"
321405,Bear,Neutral,Neutral,Neutral,Neutral,Neutral,Neutral,Neutral,0,0,0,0,0,0,NO_EFFECT,NO_EFFECT,NO_EFFECT,NO_EFFECT,NO_EFFECT,NO_EFFECT,,,,,,,,,,,,,0.1181829786637536,0.0980525197739251,1,0,0,1,1,2,2,1,0,2,1,0,1,1,1,3,1,1,1,6,1,-47.76024771333323,0.8634538184960547,-0.6035255664064607,osc_core_a|osc_core_b|osc_core_c,"phase3=2,fs3=2,fast_alt=1,core_count=3,slow=0.1182,abs_hinge=0.0981,transition=1"
321406,Bull,Neutral,Neutral,Neutral,Neutral,Neutral,Neutral,Neutral,0,0,0,0,0,0,NO_EFFECT,NO_EFFECT,NO_EFFECT,NO_EFFECT,NO_EFFECT,NO_EFFECT,,,,,,,,,,,,,2.2309585482616967,1.0,2,1,1,2,0,2,2,1,0,2,0,0,1,1,0,2,1,1,0,4,1,-45.70009799840045,4.481259281577877,3.6178054630818224,ruleb_raw|osc_core_a|osc_core_b,"phase3=2,fs3=2,fast_alt=0,core_count=2,slow=2.2310,abs_hinge=1.0000,transition=2"
321416,Bull,Neutral,Neutral,Neutral,Neutral,Neutral,Neutral,Neutral,0,0,0,0,0,0,NO_EFFECT,NO_EFFECT,NO_EFFECT,NO_EFFECT,NO_EFFECT,NO_EFFECT,,,,,,,,,,,,,0.5445385035473009,0.5362699496054254,2,0,0,0,0,2,2,0,0,3,1,0,1,1,0,2,1,1,0,4,1,26.8702481618966,1.5028319928387646,0.27748021699517267,osc_core_a|osc_core_b,"phase3=2,fs3=2,fast_alt=0,core_count=2,slow=0.5445,abs_hinge=0.5363,transition=2"
321417,Bear,Bear,Bear,Bear,Bear,Bear,Bear,Bear,0,0,0,0,0,0,NO_EFFECT,NO_EFFECT,NO_EFFECT,NO_EFFECT,NO_EFFECT,NO_EFFECT,,,,,,,,,,,,,0.7568667183404614,0.0429683214868442,1,0,0,0,1,2,2,1,0,2,0,0,1,1,1,3,1,1,1,5,1,26.830116239740164,3.4916255378429923,1.9887935450042278,osc_core_a|osc_core_b|osc_core_c,"phase3=2,fs3=2,fast_alt=1,core_count=3,slow=0.7569,abs_hinge=0.0430,transition=1"
321424,Bull,Neutral,Neutral,Neutral,Neutral,Neutral,Neutral,Neutral,0,0,0,0,0,0,NO_EFFECT,NO_EFFECT,NO_EFFECT,NO_EFFECT,NO_EFFECT,NO_EFFECT,,,,,,,,,,,,,2.1527923954981816,1.0,1,1,0,1,0,0,0,0,0,2,0,0,0,0,0,0,0,0,0,1,0,157.73563683006796,2.6763815701415297,-1.3847119182482857,ruleb_raw,"phase3=0,fs3=0,fast_alt=0,core_count=0,slow=2.1528,abs_hinge=1.0000,transition=1"
321428,Bear,Neutral,Neutral,Neutral,Neutral,Neutral,Neutral,Neutral,0,0,0,0,0,0,NO_EFFECT,NO_EFFECT,NO_EFFECT,NO_EFFECT,NO_EFFECT,NO_EFFECT,,,,,,,,,,,,,1.1584930392782553,0.6776236826107535,2,1,0,1,0,1,2,0,0,3,0,0,1,0,0,1,0,0,0,2,1,55.34029122519132,2.329744022212253,1.1506311931061646,ruleb_raw,"phase3=2,fs3=1,fast_alt=0,core_count=1,slow=1.1585,abs_hinge=0.6776,transition=2"
321428,Bear,Neutral,Neutral,Neutral,Neutral,Neutral,Neutral,Neutral,0,0,0,0,0,0,NO_EFFECT,NO_EFFECT,NO_EFFECT,NO_EFFECT,NO_EFFECT,NO_EFFECT,,,,,,,,,,,,,0.5433008618929307,0.5603282144601429,2,0,0,1,0,2,3,0,0,3,0,0,1,1,0,2,1,1,0,3,1,-50.92478130517702,2.1953083094867907,-0.1344357127254625,osc_core_a|osc_core_b,"phase3=3,fs3=2,fast_alt=0,core_count=2,slow=0.5433,abs_hinge=0.5603,transition=2"
321430,Bull,Bull,Bull,Bull,Bull,Bull,Bull,Bull,0,0,0,0,0,0,NO_EFFECT,NO_EFFECT,NO_EFFECT,NO_EFFECT,NO_EFFECT,NO_EFFECT,,,,,,,,,,,,,0.9553571609794744,0.0644756818001476,0,0,0,1,0,2,2,0,0,3,0,0,1,1,0,2,1,1,0,3,1,-56.017740957671776,3.2234566107417777,1.028148301254987,osc_core_a|osc_core_b,"phase3=2,fs3=2,fast_alt=0,core_count=2,slow=0.9554,abs_hinge=0.0645,transition=0"
321441,Bull,Neutral,Neutral,Neutral,Neutral,Neutral,Neutral,Neutral,0,0,0,0,0,0,NO_EFFECT,NO_EFFECT,NO_EFFECT,NO_EFFECT,NO_EFFECT,NO_EFFECT,,,,,,,,,,,,,0.3047538732607791,0.5797830936281785,2,0,0,0,0,2,2,0,0,2,1,0,1,1,0,2,1,1,0,4,1,52.23136691325635,1.2317748071072856,-1.490449612740122,osc_core_a|osc_core_b,"phase3=2,fs3=2,fast_alt=0,core_count=2,slow=0.3048,abs_hinge=0.5798,transition=2"
321453,Bull,Neutral,Neutral,Neutral,Neutral,Neutral,Neutral,Neutral,0,0,0,0,0,0,NO_EFFECT,NO_EFFECT,NO_EFFECT,NO_EFFECT,NO_EFFECT,NO_EFFECT,,,,,,,,,,,,,0.0949262529265979,0.2325375042218446,1,0,0,0,1,2,3,0,0,2,0,0,1,1,1,3,1,1,1,4,1,1.984091330872616,0.2516098088217404,-0.47747027970581263,osc_core_a|osc_core_b|osc_core_c,"phase3=3,fs3=2,fast_alt=1,core_count=3,slow=0.0949,abs_hinge=0.2325,transition=1"
321455,Bull,Neutral,Neutral,Neutral,Neutral,Neutral,Neutral,Neutral,0,0,0,0,0,0,NO_EFFECT,NO_EFFECT,NO_EFFECT,NO_EFFECT,NO_EFFECT,NO_EFFECT,,,,,,,,,,,,,0.2621133113552787,1.0,2,0,0,0,0,2,3,0,0,2,0,0,1,1,0,2,1,1,0,3,1,-5.815315463740262,0.9011753738177504,0.6495655649960099,osc_core_a|osc_core_b,"phase3=3,fs3=2,fast_alt=0,core_count=2,slow=0.2621,abs_hinge=1.0000,transition=2"
321456,Bull,Bear,Bear,Bear,Bear,Bear,Bear,Bear,0,0,0,0,0,0,NO_EFFECT,NO_EFFECT,NO_EFFECT,NO_EFFECT,NO_EFFECT,NO_EFFECT,,,,,,,,,,,,,0.5566245887366676,0.4032550180251666,1,0,0,0,0,2,2,1,0,1,1,0,1,1,0,2,1,1,0,5,1,76.42791578677134,3.499440421484905,2.5982650476671547,osc_core_a|osc_core_b,"phase3=2,fs3=2,fast_alt=0,core_count=2,slow=0.5566,abs_hinge=0.4033,transition=1"
321465,Bear,Bear,Neutral,Bear,Bear,Bear,Bear,Bear,1,0,0,0,0,0,BAD_NEUTRALIZE_RIGHT_BASE,NO_EFFECT,NO_EFFECT,NO_EFFECT,NO_EFFECT,NO_EFFECT,BAD_SUPPRESS_RIGHT_BEAR,,,,,,ruleb_raw|side=both|slow=1.4759|abs_hinge=0.2487|transition=1|phase3=1|fs3=1|fast_alt=0|core_count=0,,,,,,1.4759078175775358,0.2486709921445306,1,1,0,1,0,1,1,1,0,3,0,0,0,0,0,0,0,0,0,2,1,115.40573688542644,6.272730306012818,5.30486843034123,ruleb_raw,"phase3=1,fs3=1,fast_alt=0,core_count=0,slow=1.4759,abs_hinge=0.2487,transition=1"
321466,Bear,Bear,Neutral,Bear,Bear,Bear,Bear,Bear,1,0,0,0,0,0,BAD_NEUTRALIZE_RIGHT_BASE,NO_EFFECT,NO_EFFECT,NO_EFFECT,NO_EFFECT,NO_EFFECT,BAD_SUPPRESS_RIGHT_BEAR,,,,,,ruleb_raw|side=both|slow=2.0581|abs_hinge=0.2675|transition=1|phase3=1|fs3=1|fast_alt=0|core_count=0,,,,,,2.058079041571545,0.2675070331357913,1,1,1,2,0,1,1,2,0,2,0,0,0,0,0,0,0,0,0,2,1,40.38394291276927,7.685955372413446,1.4132250664006278,ruleb_raw,"phase3=1,fs3=1,fast_alt=0,core_count=0,slow=2.0581,abs_hinge=0.2675,transition=1"
321472,Bear,Neutral,Neutral,Neutral,Neutral,Neutral,Neutral,Neutral,0,0,0,0,0,0,NO_EFFECT,NO_EFFECT,NO_EFFECT,NO_EFFECT,NO_EFFECT,NO_EFFECT,,,,,,,,,,,,,1.7929828239939525,1.0,2,1,0,1,0,2,2,1,0,3,0,0,1,1,0,2,1,1,0,4,1,-300.14891474557226,3.492995149246781,-5.541955008648076,ruleb_raw|osc_core_a|osc_core_b,"phase3=2,fs3=2,fast_alt=0,core_count=2,slow=1.7930,abs_hinge=1.0000,transition=2"
321473,Bull,Neutral,Neutral,Neutral,Neutral,Neutral,Neutral,Neutral,0,0,0,0,0,0,NO_EFFECT,NO_EFFECT,NO_EFFECT,NO_EFFECT,NO_EFFECT,NO_EFFECT,,,,,,,,,,,,,1.6948384798561165,0.640229563201597,2,1,1,2,0,2,2,1,0,3,1,0,1,1,0,2,1,1,0,5,1,110.10950862441678,5.48688856741137,1.993893418164589,ruleb_raw|osc_core_a|osc_core_b,"phase3=2,fs3=2,fast_alt=0,core_count=2,slow=1.6948,abs_hinge=0.6402,transition=2"
321475,Bull,Neutral,Neutral,Neutral,Neutral,Neutral,Neutral,Neutral,0,0,0,0,0,0,NO_EFFECT,NO_EFFECT,NO_EFFECT,NO_EFFECT,NO_EFFECT,NO_EFFECT,,,,,,,,,,,,,0.7190825193920318,0.010285471431424,1,0,1,2,1,3,3,0,0,3,1,0,1,1,1,3,1,1,1,5,1,-16.58145577655523,3.547943202594979,-1.9389453648163908,osc_core_a|osc_core_b|osc_core_c,"phase3=3,fs3=3,fast_alt=1,core_count=3,slow=0.7191,abs_hinge=0.0103,transition=1"
321476,Bear,Bear,Bear,Bear,Bear,Bear,Bear,Bear,0,0,0,0,0,0,NO_EFFECT,NO_EFFECT,NO_EFFECT,NO_EFFECT,NO_EFFECT,NO_EFFECT,,,,,,,,,,,,,1.4703542186925915,0.3178384480973643,0,0,0,1,1,2,2,0,0,3,0,0,1,1,1,3,1,1,1,4,1,-115.15527925477365,4.410974105372588,0.8630309027776093,osc_core_a|osc_core_b|osc_core_c,"phase3=2,fs3=2,fast_alt=1,core_count=3,slow=1.4704,abs_hinge=0.3178,transition=0"
321477,Bull,Neutral,Neutral,Neutral,Neutral,Neutral,Neutral,Neutral,0,0,0,0,0,0,NO_EFFECT,NO_EFFECT,NO_EFFECT,NO_EFFECT,NO_EFFECT,NO_EFFECT,,,,,,,,,,,,,1.2485547476953798,1.0,2,1,0,1,1,2,2,0,0,2,0,0,1,1,1,3,1,1,1,4,1,84.95524681564711,5.338715327961836,0.9277412225892476,ruleb_raw|osc_core_a|osc_core_b|osc_core_c,"phase3=2,fs3=2,fast_alt=1,core_count=3,slow=1.2486,abs_hinge=1.0000,transition=2"
321478,Bear,Neutral,Neutral,Neutral,Neutral,Neutral,Neutral,Neutral,0,0,0,0,0,0,NO_EFFECT,NO_EFFECT,NO_EFFECT,NO_EFFECT,NO_EFFECT,NO_EFFECT,,,,,,,,,,,,,3.144924310108763,0.0080880957065427,1,0,0,1,1,2,1,1,0,1,0,0,0,1,1,2,1,0,1,4,1,137.91809685906628,6.829437702037467,1.4907223740756308,osc_core_a|osc_core_c,"phase3=1,fs3=2,fast_alt=1,core_count=2,slow=3.1449,abs_hinge=0.0081,transition=1"
321479,Bear,Neutral,Neutral,Neutral,Neutral,Neutral,Neutral,Neutral,0,0,0,0,0,0,NO_EFFECT,NO_EFFECT,NO_EFFECT,NO_EFFECT,NO_EFFECT,NO_EFFECT,,,,,,,,,,,,,0.8326432779085735,1.0,2,0,0,1,1,3,2,1,0,1,0,0,1,1,1,3,1,1,1,5,1,-165.26206223861664,1.5715767499696085,-5.257860952067858,osc_core_a|osc_core_b|osc_core_c,"phase3=2,fs3=3,fast_alt=1,core_count=3,slow=0.8326,abs_hinge=1.0000,transition=2"
321480,Bear,Bear,Neutral,Bear,Bear,Bear,Bear,Bear,1,0,0,0,0,0,BAD_NEUTRALIZE_RIGHT_BASE,NO_EFFECT,NO_EFFECT,NO_EFFECT,NO_EFFECT,NO_EFFECT,BAD_SUPPRESS_RIGHT_BEAR,,,,,,ruleb_raw|side=both|slow=2.7716|abs_hinge=0.1608|transition=1|phase3=1|fs3=2|fast_alt=0|core_count=1,,,,,,2.771633169550114,0.1608092361315853,1,1,0,1,0,2,1,2,0,2,1,0,0,1,0,1,0,0,0,4,1,196.51449300377865,7.022866108976814,5.451289359007205,ruleb_raw,"phase3=1,fs3=2,fast_alt=0,core_count=1,slow=2.7716,abs_hinge=0.1608,transition=1"
321484,Bull,Neutral,Neutral,Neutral,Neutral,Neutral,Neutral,Neutral,0,0,0,0,0,0,NO_EFFECT,NO_EFFECT,NO_EFFECT,NO_EFFECT,NO_EFFECT,NO_EFFECT,,,,,,,,,,,,,1.3756556309963344,1.0,2,1,0,1,0,1,1,1,0,2,1,0,0,0,0,0,0,0,0,3,1,201.6678373218456,2.416437469324592,-5.44375462381322,ruleb_raw,"phase3=1,fs3=1,fast_alt=0,core_count=0,slow=1.3757,abs_hinge=1.0000,transition=2"
321486,Bear,Bull,Bull,Bull,Bull,Bull,Bull,Bull,0,0,0,0,0,0,NO_EFFECT,NO_EFFECT,NO_EFFECT,NO_EFFECT,NO_EFFECT,NO_EFFECT,,,,,,,,,,,,,1.0652612385765678,0.0498740157458115,0,0,0,1,1,1,2,0,0,1,0,0,1,0,1,2,1,0,1,3,1,-47.0136102316028,2.376256769082829,2.162500915459532,osc_core_a|osc_core_c,"phase3=2,fs3=1,fast_alt=1,core_count=2,slow=1.0653,abs_hinge=0.0499,transition=0"
321486,Bear,Neutral,Neutral,Neutral,Neutral,Neutral,Neutral,Neutral,0,0,0,0,0,0,NO_EFFECT,NO_EFFECT,NO_EFFECT,NO_EFFECT,NO_EFFECT,NO_EFFECT,,,,,,,,,,,,,0.7099074966154149,1.0,2,0,0,0,1,1,2,0,0,2,0,0,1,0,1,2,1,0,1,3,1,35.37942460147315,1.3968899654446432,-0.979366803638186,osc_core_a|osc_core_c,"phase3=2,fs3=1,fast_alt=1,core_count=2,slow=0.7099,abs_hinge=1.0000,transition=2"
321487,Bull,Neutral,Neutral,Neutral,Neutral,Neutral,Neutral,Neutral,0,0,0,0,0,0,NO_EFFECT,NO_EFFECT,NO_EFFECT,NO_EFFECT,NO_EFFECT,NO_EFFECT,,,,,,,,,,,,,1.0865849158835772,1.0,2,1,0,1,0,2,2,0,0,3,0,0,1,1,0,2,1,1,0,3,1,0.9799047885026084,2.427144628836686,1.0302546633920429,ruleb_raw|osc_core_a|osc_core_b,"phase3=2,fs3=2,fast_alt=0,core_count=2,slow=1.0866,abs_hinge=1.0000,transition=2"
321488,Bull,Neutral,Neutral,Neutral,Neutral,Neutral,Neutral,Neutral,0,0,0,0,0,0,NO_EFFECT,NO_EFFECT,NO_EFFECT,NO_EFFECT,NO_EFFECT,NO_EFFECT,,,,,,,,,,,,,0.5576275047096715,0.76671853580772,2,0,0,1,0,3,3,0,0,3,0,0,1,1,0,2,1,1,0,3,1,1.1610995437949896,2.0133617685205536,-0.41378286031613243,osc_core_a|osc_core_b,"phase3=3,fs3=3,fast_alt=0,core_count=2,slow=0.5576,abs_hinge=0.7667,transition=2"
321489,Bear,Bull,Bull,Bull,Bull,Bull,Bull,Bull,0,0,0,0,0,0,NO_EFFECT,NO_EFFECT,NO_EFFECT,NO_EFFECT,NO_EFFECT,NO_EFFECT,,,,,,,,,,,,,1.2776782794680912,0.1013688586012639,0,0,0,1,0,2,2,0,0,3,0,0,1,1,0,2,1,1,0,3,1,-54.89075454375416,2.7204007662840013,0.7070389977634477,osc_core_a|osc_core_b,"phase3=2,fs3=2,fast_alt=0,core_count=2,slow=1.2777,abs_hinge=0.1014,transition=0"
321490,Bull,Neutral,Neutral,Neutral,Neutral,Neutral,Neutral,Neutral,0,0,0,0,0,0,NO_EFFECT,NO_EFFECT,NO_EFFECT,NO_EFFECT,NO_EFFECT,NO_EFFECT,,,,,,,,,,,,,0.3041291251265647,0.0502043407153635,1,0,0,0,0,2,2,0,0,3,1,0,1,1,0,2,1,1,0,4,1,65.30065969895804,0.9621947441028168,-1.7582060221811844,osc_core_a|osc_core_b,"phase3=2,fs3=2,fast_alt=0,core_count=2,slow=0.3041,abs_hinge=0.0502,transition=1"
321498,Bear,Neutral,Neutral,Neutral,Neutral,Neutral,Neutral,Neutral,0,0,0,0,0,0,NO_EFFECT,NO_EFFECT,NO_EFFECT,NO_EFFECT,NO_EFFECT,NO_EFFECT,,,,,,,,,,,,,0.0802965301027143,1.0,2,0,0,0,0,2,2,0,0,1,0,0,1,1,0,2,1,1,0,3,1,2.896272112047882,1.5116689169099118,0.31491516242203943,osc_core_a|osc_core_b,"phase3=2,fs3=2,fast_alt=0,core_count=2,slow=0.0803,abs_hinge=1.0000,transition=2"
321499,Bull,Bear,Neutral,Bear,Bear,Bear,Bear,Bear,1,0,0,0,0,0,GOOD_NEUTRALIZE_WRONG_BASE,NO_EFFECT,NO_EFFECT,NO_EFFECT,NO_EFFECT,NO_EFFECT,GOOD_SUPPRESS_WRONG_BEAR,,,,,,ruleb_raw|side=both|slow=1.7431|abs_hinge=0.2227|transition=1|phase3=1|fs3=1|fast_alt=0|core_count=0,,,,,,1.7431309231815248,0.2227466203609453,1,1,0,1,0,1,1,1,0,1,0,0,0,0,0,0,0,0,0,2,1,181.41582222952275,8.272951665278015,6.761282748368103,ruleb_raw,"phase3=1,fs3=1,fast_alt=0,core_count=0,slow=1.7431,abs_hinge=0.2227,transition=1"
321500,Bear,Neutral,Neutral,Neutral,Neutral,Neutral,Neutral,Neutral,0,0,0,0,0,0,NO_EFFECT,NO_EFFECT,NO_EFFECT,NO_EFFECT,NO_EFFECT,NO_EFFECT,,,,,,,,,,,,,0.965765947017644,0.3379784428111721,1,1,1,2,0,2,2,1,0,2,0,0,1,1,0,2,1,1,0,4,1,-167.38415324459493,1.647910395404324,-6.625041269873691,ruleb_raw|osc_core_a|osc_core_b,"phase3=2,fs3=2,fast_alt=0,core_count=2,slow=0.9658,abs_hinge=0.3380,transition=1"
321507,Bull,Neutral,Neutral,Neutral,Neutral,Neutral,Neutral,Neutral,0,0,0,0,0,0,NO_EFFECT,NO_EFFECT,NO_EFFECT,NO_EFFECT,NO_EFFECT,NO_EFFECT,,,,,,,,,,,,,1.0248510393575998,0.4371630445548707,1,1,0,1,0,1,1,0,0,1,0,0,0,0,0,0,0,0,0,1,0,65.74709395704849,3.074944244546714,1.594901666549049,ruleb_raw,"phase3=1,fs3=1,fast_alt=0,core_count=0,slow=1.0249,abs_hinge=0.4372,transition=1"
321508,Bear,Neutral,Neutral,Neutral,Neutral,Neutral,Neutral,Neutral,0,0,0,0,0,0,NO_EFFECT,NO_EFFECT,NO_EFFECT,NO_EFFECT,NO_EFFECT,NO_EFFECT,,,,,,,,,,,,,0.5710214720311342,0.0178983113299649,1,0,0,1,0,2,2,0,0,2,0,0,1,1,0,2,1,1,0,3,1,-50.97784448970924,1.0704110511906038,-2.00453319335611,osc_core_a|osc_core_b,"phase3=2,fs3=2,fast_alt=0,core_count=2,slow=0.5710,abs_hinge=0.0179,transition=1"
321509,Bull,Neutral,Neutral,Neutral,Neutral,Neutral,Neutral,Neutral,0,0,0,0,0,0,NO_EFFECT,NO_EFFECT,NO_EFFECT,NO_EFFECT,NO_EFFECT,NO_EFFECT,,,,,,,,,,,,,0.3978753564224462,0.0514913144418063,1,0,0,1,1,3,3,0,0,3,1,0,1,1,1,3,1,1,1,5,1,34.74147269304376,2.10408140891559,1.0336703577249864,osc_core_a|osc_core_b|osc_core_c,"phase3=3,fs3=3,fast_alt=1,core_count=3,slow=0.3979,abs_hinge=0.0515,transition=1"
321510,Bear,Bear,Bear,Bear,Bear,Bear,Bear,Bear,0,0,0,0,0,0,NO_EFFECT,NO_EFFECT,NO_EFFECT,NO_EFFECT,NO_EFFECT,NO_EFFECT,,,,,,,,,,,,,0.2094294939870451,0.3317713467993562,1,0,0,0,1,2,2,1,0,3,1,0,1,1,1,3,1,1,1,6,1,-6.693034875992453,0.7668058442995971,-1.337275564615993,osc_core_a|osc_core_b|osc_core_c,"phase3=2,fs3=2,fast_alt=1,core_count=3,slow=0.2094,abs_hinge=0.3318,transition=1"
321511,Bull,Neutral,Neutral,Neutral,Neutral,Neutral,Neutral,Neutral,0,0,0,0,0,0,NO_EFFECT,NO_EFFECT,NO_EFFECT,NO_EFFECT,NO_EFFECT,NO_EFFECT,,,,,,,,,,,,,0.4307429602085904,0.654566631386804,2,0,0,0,0,2,2,1,0,3,1,0,1,1,0,2,1,1,0,5,1,9.024163285488612,3.308251820724763,2.541445976425166,osc_core_a|osc_core_b,"phase3=2,fs3=2,fast_alt=0,core_count=2,slow=0.4307,abs_hinge=0.6546,transition=2"
321513,Bull,Neutral,Neutral,Neutral,Neutral,Neutral,Neutral,Neutral,0,0,0,0,0,0,NO_EFFECT,NO_EFFECT,NO_EFFECT,NO_EFFECT,NO_EFFECT,NO_EFFECT,,,,,,,,,,,,,0.2501017092126858,1.0,2,0,0,0,0,3,2,0,0,3,1,0,1,1,0,2,1,1,0,4,1,5.988941947609419,1.8580936451016896,0.5801181252372771,osc_core_a|osc_core_b,"phase3=2,fs3=3,fast_alt=0,core_count=2,slow=0.2501,abs_hinge=1.0000,transition=2"
321515,Bull,Neutral,Neutral,Neutral,Neutral,Neutral,Neutral,Neutral,0,0,0,0,0,0,NO_EFFECT,NO_EFFECT,NO_EFFECT,NO_EFFECT,NO_EFFECT,NO_EFFECT,,,,,,,,,,,,,0.7059885148373723,1.0,2,0,0,0,0,3,2,0,0,2,1,0,1,1,0,2,1,1,0,4,1,98.4027907004347,2.9830642545257438,-4.406927959029417,osc_core_a|osc_core_b,"phase3=2,fs3=3,fast_alt=0,core_count=2,slow=0.7060,abs_hinge=1.0000,transition=2"
321516,Bear,Neutral,Neutral,Neutral,Neutral,Neutral,Neutral,Neutral,0,0,0,0,0,0,NO_EFFECT,NO_EFFECT,NO_EFFECT,NO_EFFECT,NO_EFFECT,NO_EFFECT,,,,,,,,,,,,,0.2324590551725123,1.0,2,0,0,0,1,3,2,0,0,1,0,0,1,1,1,3,1,1,1,4,1,11.270030564512126,0.6639775934436329,-2.319086661082111,osc_core_a|osc_core_b|osc_core_c,"phase3=2,fs3=3,fast_alt=1,core_count=3,slow=0.2325,abs_hinge=1.0000,transition=2"
321517,Bear,Bull,Bull,Bull,Bull,Bull,Bull,Bull,0,0,0,0,0,0,NO_EFFECT,NO_EFFECT,NO_EFFECT,NO_EFFECT,NO_EFFECT,NO_EFFECT,,,,,,,,,,,,,0.1730915226253273,0.4014524825483785,0,0,0,0,0,2,2,0,0,2,0,0,1,1,0,2,1,1,0,3,1,-31.937904890000937,1.1394384634077142,0.4754608699640812,osc_core_a|osc_core_b,"phase3=2,fs3=2,fast_alt=0,core_count=2,slow=0.1731,abs_hinge=0.4015,transition=0"
321520,Bull,Neutral,Neutral,Neutral,Neutral,Neutral,Neutral,Neutral,0,0,0,0,0,0,NO_EFFECT,NO_EFFECT,NO_EFFECT,NO_EFFECT,NO_EFFECT,NO_EFFECT,,,,,,,,,,,,,0.3800534036763565,0.7048890530880157,2,0,0,0,1,2,2,0,0,1,1,0,1,1,1,3,1,1,1,5,1,42.72641899221344,1.7568509873344738,-2.0444968073825294,osc_core_a|osc_core_b|osc_core_c,"phase3=2,fs3=2,fast_alt=1,core_count=3,slow=0.3801,abs_hinge=0.7049,transition=2"
321521,Bear,Neutral,Neutral,Neutral,Neutral,Neutral,Neutral,Neutral,0,0,0,0,0,0,NO_EFFECT,NO_EFFECT,NO_EFFECT,NO_EFFECT,NO_EFFECT,NO_EFFECT,,,,,,,,,,,,,0.7695794346618641,0.4564258247096461,1,0,0,0,1,3,3,0,0,2,1,0,1,1,1,3,1,1,1,5,1,-29.050545398989925,3.074043691800398,1.3171927044659242,osc_core_a|osc_core_b|osc_core_c,"phase3=3,fs3=3,fast_alt=1,core_count=3,slow=0.7696,abs_hinge=0.4564,transition=1"
321522,Bear,Neutral,Neutral,Neutral,Neutral,Neutral,Neutral,Neutral,0,0,0,0,0,0,NO_EFFECT,NO_EFFECT,NO_EFFECT,NO_EFFECT,NO_EFFECT,NO_EFFECT,,,,,,,,,,,,,0.0713983660334633,0.1310556247151998,1,0,0,0,1,3,3,0,0,3,1,0,1,1,1,3,1,1,1,5,1,16.084933811900555,1.699388927077962,-1.3746547647224359,osc_core_a|osc_core_b|osc_core_c,"phase3=3,fs3=3,fast_alt=1,core_count=3,slow=0.0714,abs_hinge=0.1311,transition=1"
321523,Bear,Neutral,Neutral,Neutral,Neutral,Neutral,Neutral,Neutral,0,0,0,0,0,0,NO_EFFECT,NO_EFFECT,NO_EFFECT,NO_EFFECT,NO_EFFECT,NO_EFFECT,,,,,,,,,,,,,0.3512836821500968,0.481991472993632,1,0,0,0,1,3,3,0,0,3,1,0,1,1,1,3,1,1,1,5,1,-58.02461148257135,5.286585835550795,3.5871969084728335,osc_core_a|osc_core_b|osc_core_c,"phase3=3,fs3=3,fast_alt=1,core_count=3,slow=0.3513,abs_hinge=0.4820,transition=1"
321524,Bull,Neutral,Neutral,Neutral,Neutral,Neutral,Neutral,Neutral,0,0,0,0,0,0,NO_EFFECT,NO_EFFECT,NO_EFFECT,NO_EFFECT,NO_EFFECT,NO_EFFECT,,,,,,,,,,,,,0.2698840082284732,0.0965697097831654,1,0,0,0,1,3,3,0,0,3,1,0,1,1,1,3,1,1,1,5,1,68.3707617437176,0.8620856744037155,-4.42450016114708,osc_core_a|osc_core_b|osc_core_c,"phase3=3,fs3=3,fast_alt=1,core_count=3,slow=0.2699,abs_hinge=0.0966,transition=1"
321525,Bear,Bear,Bear,Bear,Bear,Bear,Bear,Bear,0,0,0,0,0,0,NO_EFFECT,NO_EFFECT,NO_EFFECT,NO_EFFECT,NO_EFFECT,NO_EFFECT,,,,,,,,,,,,,0.3505906160007725,0.3818474666158936,1,0,0,0,0,2,2,1,0,3,0,0,1,1,0,2,1,1,0,4,1,50.64635186688975,3.3172886296542856,2.45520295525057,osc_core_a|osc_core_b,"phase3=2,fs3=2,fast_alt=0,core_count=2,slow=0.3506,abs_hinge=0.3818,transition=1"
321526,Bear,Neutral,Neutral,Neutral,Neutral,Neutral,Neutral,Neutral,0,0,0,0,0,0,NO_EFFECT,NO_EFFECT,NO_EFFECT,NO_EFFECT,NO_EFFECT,NO_EFFECT,,,,,,,,,,,,,1.7937977357942143,1.0,2,1,0,1,0,2,2,1,0,3,0,0,1,1,0,2,1,1,0,4,1,-28.84702938325063,2.916407602138861,-0.40088102751542465,ruleb_raw|osc_core_a|osc_core_b,"phase3=2,fs3=2,fast_alt=0,core_count=2,slow=1.7938,abs_hinge=1.0000,transition=2"
321527,Bear,Neutral,Neutral,Neutral,Neutral,Neutral,Neutral,Neutral,0,0,0,0,0,0,NO_EFFECT,NO_EFFECT,NO_EFFECT,NO_EFFECT,NO_EFFECT,NO_EFFECT,,,,,,,,,,,,,0.5204465622082353,1.0,2,0,0,1,1,2,2,1,0,2,0,0,1,1,1,3,1,1,1,5,1,-42.77840566498344,1.1164005537320918,-1.8000070484067692,osc_core_a|osc_core_b|osc_core_c,"phase3=2,fs3=2,fast_alt=1,core_count=3,slow=0.5204,abs_hinge=1.0000,transition=2"
321528,Bull,Bull,Bull,Bull,Bull,Bull,Bull,Bull,0,0,0,0,0,0,NO_EFFECT,NO_EFFECT,NO_EFFECT,NO_EFFECT,NO_EFFECT,NO_EFFECT,,,,,,,,,,,,,0.173933884836515,0.2106588115887848,0,0,0,1,1,2,2,0,0,2,0,1,1,1,1,3,1,1,1,4,1,-11.702882443438284,1.4185109906447906,0.3021104369126988,osc_core_a|osc_core_b|osc_core_c,"phase3=2,fs3=2,fast_alt=1,core_count=3,slow=0.1739,abs_hinge=0.2107,transition=0"
321531,Bear,Neutral,Neutral,Neutral,Neutral,Neutral,Neutral,Neutral,0,0,0,0,0,0,NO_EFFECT,NO_EFFECT,NO_EFFECT,NO_EFFECT,NO_EFFECT,NO_EFFECT,,,,,,,,,,,,,0.421485606353599,0.5718000301476707,2,0,0,0,1,2,2,0,0,1,0,0,1,1,1,3,1,1,1,4,1,23.439682089476264,1.3669074657918827,-0.6258769701707934,osc_core_a|osc_core_b|osc_core_c,"phase3=2,fs3=2,fast_alt=1,core_count=3,slow=0.4215,abs_hinge=0.5718,transition=2"
321531,Bear,Bear,Bear,Bear,Bear,Bear,Bear,Bear,0,0,0,0,0,0,NO_EFFECT,NO_EFFECT,NO_EFFECT,NO_EFFECT,NO_EFFECT,NO_EFFECT,,,,,,,,,,,,,0.8221741081142682,0.286140022171484,1,0,0,0,1,2,2,1,0,2,0,0,1,1,1,3,1,1,1,5,1,65.04760888387682,3.723101355597464,2.3561938898055814,osc_core_a|osc_core_b|osc_core_c,"phase3=2,fs3=2,fast_alt=1,core_count=3,slow=0.8222,abs_hinge=0.2861,transition=1"
321540,Bull,Neutral,Neutral,Neutral,Neutral,Neutral,Neutral,Neutral,0,0,0,0,0,0,NO_EFFECT,NO_EFFECT,NO_EFFECT,NO_EFFECT,NO_EFFECT,NO_EFFECT,,,,,,,,,,,,,1.0599202466801216,1.0,2,1,0,1,0,1,1,0,0,1,1,0,0,0,0,0,0,0,0,2,1,38.1189012809773,1.6653007288241497,-0.5392003411561741,ruleb_raw,"phase3=1,fs3=1,fast_alt=0,core_count=0,slow=1.0599,abs_hinge=1.0000,transition=2"
321540,Bull,Neutral,Neutral,Neutral,Neutral,Neutral,Neutral,Neutral,0,0,0,0,0,0,NO_EFFECT,NO_EFFECT,NO_EFFECT,NO_EFFECT,NO_EFFECT,NO_EFFECT,,,,,,,,,,,,,0.6688625261358538,0.5191945482750357,2,0,0,1,0,2,2,0,0,0,0,0,1,1,0,2,1,1,0,2,1,11.63402834603039,0.9329578838005546,-0.7323428450235951,osc_core_a|osc_core_b,"phase3=2,fs3=2,fast_alt=0,core_count=2,slow=0.6689,abs_hinge=0.5192,transition=2"
321545,Bull,Neutral,Neutral,Neutral,Neutral,Neutral,Neutral,Neutral,0,0,0,0,0,0,NO_EFFECT,NO_EFFECT,NO_EFFECT,NO_EFFECT,NO_EFFECT,NO_EFFECT,,,,,,,,,,,,,0.5062266600398289,0.9043473866056692,1,0,0,1,0,2,2,0,0,1,0,0,1,1,0,2,1,1,0,3,1,-11.035985252179673,1.0042474049441807,0.07128952114362619,osc_core_a|osc_core_b,"phase3=2,fs3=2,fast_alt=0,core_count=2,slow=0.5062,abs_hinge=0.9043,transition=1"
321545,Bull,Neutral,Neutral,Neutral,Neutral,Neutral,Neutral,Neutral,0,0,0,0,0,0,NO_EFFECT,NO_EFFECT,NO_EFFECT,NO_EFFECT,NO_EFFECT,NO_EFFECT,,,,,,,,,,,,,0.2055643866879108,0.4700498450293658,1,0,0,0,1,2,2,0,0,1,1,0,1,1,1,3,1,1,1,5,1,45.45944664959097,2.3187358487193706,1.3144884437751898,osc_core_a|osc_core_b|osc_core_c,"phase3=2,fs3=2,fast_alt=1,core_count=3,slow=0.2056,abs_hinge=0.4700,transition=1"
321545,Bull,Neutral,Neutral,Neutral,Neutral,Neutral,Neutral,Neutral,0,0,0,0,0,0,NO_EFFECT,NO_EFFECT,NO_EFFECT,NO_EFFECT,NO_EFFECT,NO_EFFECT,,,,,,,,,,,,,0.1780852476804284,0.435840260986922,2,0,0,0,1,2,2,1,0,2,0,0,1,1,1,3,1,1,1,5,1,1.6036895563447615,1.4177580161176593,0.1896956014825264,osc_core_a|osc_core_b|osc_core_c,"phase3=2,fs3=2,fast_alt=1,core_count=3,slow=0.1781,abs_hinge=0.4358,transition=2"
321546,Bull,Neutral,Neutral,Neutral,Neutral,Neutral,Neutral,Neutral,0,0,0,0,0,0,NO_EFFECT,NO_EFFECT,NO_EFFECT,NO_EFFECT,NO_EFFECT,NO_EFFECT,,,,,,,,,,,,,0.0461230684450129,0.682997433427785,2,0,0,0,0,2,2,1,0,2,0,0,1,1,0,2,1,1,0,4,1,-13.09690099832369,0.3106600489245466,-1.1070979671931127,osc_core_a|osc_core_b,"phase3=2,fs3=2,fast_alt=0,core_count=2,slow=0.0461,abs_hinge=0.6830,transition=2"
321546,Bull,Bull,Bull,Bull,Bull,Bull,Bull,Bull,0,0,0,0,0,0,NO_EFFECT,NO_EFFECT,NO_EFFECT,NO_EFFECT,NO_EFFECT,NO_EFFECT,,,,,,,,,,,,,0.0760628311982145,0.2908203343332444,0,0,0,0,0,2,2,1,0,2,0,0,1,1,0,2,1,1,0,4,1,-9.560259282487095,0.6537605744888424,0.3431005255642958,osc_core_a|osc_core_b,"phase3=2,fs3=2,fast_alt=0,core_count=2,slow=0.0761,abs_hinge=0.2908,transition=0"
321573,Bull,Neutral,Neutral,Neutral,Neutral,Neutral,Neutral,Neutral,0,0,0,0,0,0,NO_EFFECT,NO_EFFECT,NO_EFFECT,NO_EFFECT,NO_EFFECT,NO_EFFECT,,,,,,,,,,,,,0.5574769495615328,1.0,2,0,0,0,0,2,2,1,0,1,0,0,1,1,0,2,1,1,0,4,1,18.817202779187937,0.7839393468839262,-0.1667107221801416,osc_core_a|osc_core_b,"phase3=2,fs3=2,fast_alt=0,core_count=2,slow=0.5575,abs_hinge=1.0000,transition=2"
321574,Bear,Bull,Bull,Bull,Bull,Bull,Bull,Bull,0,0,0,0,0,0,NO_EFFECT,NO_EFFECT,NO_EFFECT,NO_EFFECT,NO_EFFECT,NO_EFFECT,,,,,,,,,,,,,0.4562789494902972,0.2027818497002415,0,0,0,0,0,2,2,0,0,2,1,0,1,1,0,2,1,1,0,4,1,-57.21566749640624,1.6978994401979437,0.9139600933140175,osc_core_a|osc_core_b,"phase3=2,fs3=2,fast_alt=0,core_count=2,slow=0.4563,abs_hinge=0.2028,transition=0"
321579,Bear,Neutral,Neutral,Neutral,Neutral,Neutral,Neutral,Neutral,0,0,0,0,0,0,NO_EFFECT,NO_EFFECT,NO_EFFECT,NO_EFFECT,NO_EFFECT,NO_EFFECT,,,,,,,,,,,,,0.0490488924060628,0.7983291184491462,2,0,0,0,1,2,1,1,0,2,1,0,0,1,1,2,1,0,1,5,1,15.494658434588928,1.2370673985988103,0.2761467237542091,osc_core_a|osc_core_c,"phase3=1,fs3=2,fast_alt=1,core_count=2,slow=0.0490,abs_hinge=0.7983,transition=2"
321589,Bear,Neutral,Neutral,Neutral,Neutral,Neutral,Neutral,Neutral,0,0,0,0,0,0,NO_EFFECT,NO_EFFECT,NO_EFFECT,NO_EFFECT,NO_EFFECT,NO_EFFECT,,,,,,,,,,,,,0.221437596324904,0.7361889605254667,2,0,0,0,0,2,2,0,0,2,0,0,1,1,0,2,1,1,0,3,1,19.084303693423863,1.4872186839202186,0.4021396640291641,osc_core_a|osc_core_b,"phase3=2,fs3=2,fast_alt=0,core_count=2,slow=0.2214,abs_hinge=0.7362,transition=2"
321591,Bull,Neutral,Neutral,Neutral,Neutral,Neutral,Neutral,Neutral,0,0,0,0,0,0,NO_EFFECT,NO_EFFECT,NO_EFFECT,NO_EFFECT,NO_EFFECT,NO_EFFECT,,,,,,,,,,,,,0.4845086523691861,0.806797850053715,2,0,0,0,1,3,2,0,0,2,1,0,1,1,1,3,1,1,1,5,1,59.774988386707264,2.11265428347906,-0.6507704798877967,osc_core_a|osc_core_b|osc_core_c,"phase3=2,fs3=3,fast_alt=1,core_count=3,slow=0.4845,abs_hinge=0.8068,transition=2"
321592,Bear,Bear,Bear,Bear,Bear,Bear,Bear,Bear,0,0,0,0,0,0,NO_EFFECT,NO_EFFECT,NO_EFFECT,NO_EFFECT,NO_EFFECT,NO_EFFECT,,,,,,,,,,,,,0.2567175799558754,0.1001916371165289,1,0,0,0,1,2,1,1,0,1,0,0,0,1,1,2,1,0,1,4,1,20.514854910070422,0.7322432454748196,-1.3804110380042403,osc_core_a|osc_core_c,"phase3=1,fs3=2,fast_alt=1,core_count=2,slow=0.2567,abs_hinge=0.1002,transition=1"
321593,Bear,Neutral,Neutral,Neutral,Neutral,Neutral,Neutral,Neutral,0,0,0,0,0,0,NO_EFFECT,NO_EFFECT,NO_EFFECT,NO_EFFECT,NO_EFFECT,NO_EFFECT,,,,,,,,,,,,,0.3331567294644628,1.0,2,0,0,0,1,2,2,1,0,1,0,0,1,1,1,3,1,1,1,5,1,-12.614535516695469,0.7059788884253066,-0.02626435704951291,osc_core_a|osc_core_b|osc_core_c,"phase3=2,fs3=2,fast_alt=1,core_count=3,slow=0.3332,abs_hinge=1.0000,transition=2"
321598,Bull,Neutral,Neutral,Neutral,Neutral,Neutral,Neutral,Neutral,0,0,0,0,0,0,NO_EFFECT,NO_EFFECT,NO_EFFECT,NO_EFFECT,NO_EFFECT,NO_EFFECT,,,,,,,,,,,,,1.6279463607061189,0.5433460997694304,2,1,0,1,0,2,2,0,0,2,1,0,1,1,0,2,1,1,0,4,1,-28.751684501752607,5.896675878801034,1.3243997901863622,ruleb_raw|osc_core_a|osc_core_b,"phase3=2,fs3=2,fast_alt=0,core_count=2,slow=1.6279,abs_hinge=0.5433,transition=2"
321599,Bull,Neutral,Neutral,Neutral,Neutral,Neutral,Neutral,Neutral,0,0,0,0,0,0,NO_EFFECT,NO_EFFECT,NO_EFFECT,NO_EFFECT,NO_EFFECT,NO_EFFECT,,,,,,,,,,,,,1.5416986560521764,1.0,2,1,1,2,0,3,3,0,0,3,1,0,1,1,0,2,1,1,0,4,1,14.680914978132932,4.800174667232568,-1.0965012115684658,ruleb_raw|osc_core_a|osc_core_b,"phase3=3,fs3=3,fast_alt=0,core_count=2,slow=1.5417,abs_hinge=1.0000,transition=2"
321600,Bear,Neutral,Neutral,Neutral,Neutral,Neutral,Neutral,Neutral,0,0,0,0,0,0,NO_EFFECT,NO_EFFECT,NO_EFFECT,NO_EFFECT,NO_EFFECT,NO_EFFECT,,,,,,,,,,,,,3.147299809876131,1.0,1,1,1,3,1,3,2,0,0,2,1,0,1,1,1,3,1,1,1,5,1,-124.43095379749138,3.797675829478976,-1.002498837753592,ruleb_raw|osc_core_a|osc_core_b|osc_core_c,"phase3=2,fs3=3,fast_alt=1,core_count=3,slow=3.1473,abs_hinge=1.0000,transition=1"
321601,Bull,Neutral,Neutral,Neutral,Neutral,Neutral,Neutral,Neutral,0,0,0,0,0,0,NO_EFFECT,NO_EFFECT,NO_EFFECT,NO_EFFECT,NO_EFFECT,NO_EFFECT,,,,,,,,,,,,,1.7547996557914305,0.1729258967066874,1,1,1,3,1,3,1,1,0,1,1,0,0,1,1,2,1,0,1,5,1,172.46991276965127,3.7536268226540415,-0.04404900682493462,ruleb_raw|osc_core_a|osc_core_c,"phase3=1,fs3=3,fast_alt=1,core_count=2,slow=1.7548,abs_hinge=0.1729,transition=1"
321602,Bear,Neutral,Neutral,Neutral,Neutral,Neutral,Neutral,Neutral,0,0,0,0,0,0,NO_EFFECT,NO_EFFECT,NO_EFFECT,NO_EFFECT,NO_EFFECT,NO_EFFECT,,,,,,,,,,,,,2.1933593177709554,0.7544651878210317,1,1,1,3,0,3,0,1,0,0,0,0,0,1,0,1,0,0,0,2,1,5.452024810001603,2.9220201538828405,-0.8316066687712009,ruleb_raw,"phase3=0,fs3=3,fast_alt=0,core_count=1,slow=2.1934,abs_hinge=0.7545,transition=1"
321603,Bear,Bear,Neutral,Bear,Bear,Bear,Bear,Bear,1,0,0,0,0,0,BAD_NEUTRALIZE_RIGHT_BASE,NO_EFFECT,NO_EFFECT,NO_EFFECT,NO_EFFECT,NO_EFFECT,BAD_SUPPRESS_RIGHT_BEAR,,,,,,ruleb_raw|side=both|slow=1.0870|abs_hinge=0.3826|transition=1|phase3=0|fs3=2|fast_alt=0|core_count=1,,,,,,1.0869682731008652,0.3826094751213276,1,1,1,3,0,2,0,2,0,1,0,0,0,1,0,1,0,0,0,3,1,29.887637592139072,6.785773390221948,3.8637532363391074,ruleb_raw,"phase3=0,fs3=2,fast_alt=0,core_count=1,slow=1.0870,abs_hinge=0.3826,transition=1"
321610,Bull,Bear,Neutral,Bear,Bear,Bear,Bear,Bear,1,0,0,0,0,0,GOOD_NEUTRALIZE_WRONG_BASE,NO_EFFECT,NO_EFFECT,NO_EFFECT,NO_EFFECT,NO_EFFECT,GOOD_SUPPRESS_WRONG_BEAR,,,,,,ruleb_raw|side=both|slow=1.2981|abs_hinge=0.3326|transition=1|phase3=0|fs3=1|fast_alt=0|core_count=0,,,,,,1.2980760016143904,0.3325768538410291,1,1,0,1,0,1,0,3,0,3,0,0,0,0,0,0,0,0,0,2,1,1.256376150646247,2.0474751897399983,-0.224608519618414,ruleb_raw,"phase3=0,fs3=1,fast_alt=0,core_count=0,slow=1.2981,abs_hinge=0.3326,transition=1"
321611,Bear,Neutral,Neutral,Neutral,Neutral,Neutral,Neutral,Neutral,0,0,0,0,0,0,NO_EFFECT,NO_EFFECT,NO_EFFECT,NO_EFFECT,NO_EFFECT,NO_EFFECT,,,,,,,,,,,,,0.5684930988336419,1.0,2,0,0,1,0,2,2,1,0,2,0,0,1,1,0,2,1,1,0,4,1,0.0,2.843989063658228,0.0,osc_core_a|osc_core_b,"phase3=2,fs3=2,fast_alt=0,core_count=2,slow=0.5685,abs_hinge=1.0000,transition=2"
321611,Bear,Neutral,Neutral,Neutral,Neutral,Neutral,Neutral,Neutral,0,0,0,0,0,0,NO_EFFECT,NO_EFFECT,NO_EFFECT,NO_EFFECT,NO_EFFECT,NO_EFFECT,,,,,,,,,,,,,0.5684930988336419,1.0,2,0,0,0,0,3,3,0,0,1,0,0,1,1,0,2,1,1,0,3,1,0.0,2.843989063658228,0.0,osc_core_a|osc_core_b,"phase3=3,fs3=3,fast_alt=0,core_count=2,slow=0.5685,abs_hinge=1.0000,transition=2"
321611,Bear,Neutral,Neutral,Neutral,Neutral,Neutral,Neutral,Neutral,0,0,0,0,0,0,NO_EFFECT,NO_EFFECT,NO_EFFECT,NO_EFFECT,NO_EFFECT,NO_EFFECT,,,,,,,,,,,,,0.5684930988336419,1.0,2,0,0,0,0,3,3,0,0,0,0,0,1,1,0,2,1,1,0,2,1,0.0,2.843989063658228,0.0,osc_core_a|osc_core_b,"phase3=3,fs3=3,fast_alt=0,core_count=2,slow=0.5685,abs_hinge=1.0000,transition=2"
321611,Bear,Neutral,Neutral,Neutral,Neutral,Neutral,Neutral,Neutral,0,0,0,0,0,0,NO_EFFECT,NO_EFFECT,NO_EFFECT,NO_EFFECT,NO_EFFECT,NO_EFFECT,,,,,,,,,,,,,0.5684930988336419,1.0,2,0,0,0,0,3,3,0,0,0,0,0,1,1,0,2,1,1,0,2,1,0.0,2.843989063658228,0.0,osc_core_a|osc_core_b,"phase3=3,fs3=3,fast_alt=0,core_count=2,slow=0.5685,abs_hinge=1.0000,transition=2"
321611,Bear,Neutral,Neutral,Neutral,Neutral,Neutral,Neutral,Neutral,0,0,0,0,0,0,NO_EFFECT,NO_EFFECT,NO_EFFECT,NO_EFFECT,NO_EFFECT,NO_EFFECT,,,,,,,,,,,,,0.5684930988336419,1.0,2,0,0,0,0,3,3,0,0,0,0,0,1,1,0,2,1,1,0,2,1,0.0,2.843989063658228,0.0,osc_core_a|osc_core_b,"phase3=3,fs3=3,fast_alt=0,core_count=2,slow=0.5685,abs_hinge=1.0000,transition=2"
321611,Bear,Neutral,Neutral,Neutral,Neutral,Neutral,Neutral,Neutral,0,0,0,0,0,0,NO_EFFECT,NO_EFFECT,NO_EFFECT,NO_EFFECT,NO_EFFECT,NO_EFFECT,,,,,,,,,,,,,0.5684930988336419,1.0,2,0,0,0,0,3,3,0,0,0,0,0,1,1,0,2,1,1,0,2,1,0.0,2.843989063658228,0.0,osc_core_a|osc_core_b,"phase3=3,fs3=3,fast_alt=0,core_count=2,slow=0.5685,abs_hinge=1.0000,transition=2"
321611,Bear,Neutral,Neutral,Neutral,Neutral,Neutral,Neutral,Neutral,0,0,0,0,0,0,NO_EFFECT,NO_EFFECT,NO_EFFECT,NO_EFFECT,NO_EFFECT,NO_EFFECT,,,,,,,,,,,,,0.5684930988336419,1.0,2,0,0,0,0,3,3,0,0,0,0,0,1,1,0,2,1,1,0,2,1,0.0,2.843989063658228,0.0,osc_core_a|osc_core_b,"phase3=3,fs3=3,fast_alt=0,core_count=2,slow=0.5685,abs_hinge=1.0000,transition=2"
321611,Bear,Neutral,Neutral,Neutral,Neutral,Neutral,Neutral,Neutral,0,0,0,0,0,0,NO_EFFECT,NO_EFFECT,NO_EFFECT,NO_EFFECT,NO_EFFECT,NO_EFFECT,,,,,,,,,,,,,0.5684930988336419,1.0,2,0,0,0,0,3,3,0,0,0,0,0,1,1,0,2,1,1,0,2,1,0.0,2.843989063658228,0.0,osc_core_a|osc_core_b,"phase3=3,fs3=3,fast_alt=0,core_count=2,slow=0.5685,abs_hinge=1.0000,transition=2"
321611,Bear,Neutral,Neutral,Neutral,Neutral,Neutral,Neutral,Neutral,0,0,0,0,0,0,NO_EFFECT,NO_EFFECT,NO_EFFECT,NO_EFFECT,NO_EFFECT,NO_EFFECT,,,,,,,,,,,,,0.5684930988336419,1.0,2,0,0,0,0,3,3,0,0,0,0,0,1,1,0,2,1,1,0,2,1,0.0,2.843989063658228,0.0,osc_core_a|osc_core_b,"phase3=3,fs3=3,fast_alt=0,core_count=2,slow=0.5685,abs_hinge=1.0000,transition=2"
321611,Bear,Neutral,Neutral,Neutral,Neutral,Neutral,Neutral,Neutral,0,0,0,0,0,0,NO_EFFECT,NO_EFFECT,NO_EFFECT,NO_EFFECT,NO_EFFECT,NO_EFFECT,,,,,,,,,,,,,0.5684930988336419,1.0,2,0,0,0,0,3,3,0,0,0,0,0,1,1,0,2,1,1,0,2,1,0.0,2.843989063658228,0.0,osc_core_a|osc_core_b,"phase3=3,fs3=3,fast_alt=0,core_count=2,slow=0.5685,abs_hinge=1.0000,transition=2"
321611,Bear,Neutral,Neutral,Neutral,Neutral,Neutral,Neutral,Neutral,0,0,0,0,0,0,NO_EFFECT,NO_EFFECT,NO_EFFECT,NO_EFFECT,NO_EFFECT,NO_EFFECT,,,,,,,,,,,,,0.5684930988336419,1.0,2,0,0,0,0,3,3,0,0,0,0,0,1,1,0,2,1,1,0,2,1,0.0,2.843989063658228,0.0,osc_core_a|osc_core_b,"phase3=3,fs3=3,fast_alt=0,core_count=2,slow=0.5685,abs_hinge=1.0000,transition=2"
321611,Bear,Neutral,Neutral,Neutral,Neutral,Neutral,Neutral,Neutral,0,0,0,0,0,0,NO_EFFECT,NO_EFFECT,NO_EFFECT,NO_EFFECT,NO_EFFECT,NO_EFFECT,,,,,,,,,,,,,0.5684930988336419,1.0,2,0,0,0,0,3,3,0,0,0,0,0,1,1,0,2,1,1,0,2,1,0.0,2.843989063658228,0.0,osc_core_a|osc_core_b,"phase3=3,fs3=3,fast_alt=0,core_count=2,slow=0.5685,abs_hinge=1.0000,transition=2"
321611,Bear,Neutral,Neutral,Neutral,Neutral,Neutral,Neutral,Neutral,0,0,0,0,0,0,NO_EFFECT,NO_EFFECT,NO_EFFECT,NO_EFFECT,NO_EFFECT,NO_EFFECT,,,,,,,,,,,,,0.5684930988336419,1.0,2,0,0,0,0,3,3,0,0,0,0,0,1,1,0,2,1,1,0,2,1,0.0,2.843989063658228,0.0,osc_core_a|osc_core_b,"phase3=3,fs3=3,fast_alt=0,core_count=2,slow=0.5685,abs_hinge=1.0000,transition=2"
321611,Bear,Neutral,Neutral,Neutral,Neutral,Neutral,Neutral,Neutral,0,0,0,0,0,0,NO_EFFECT,NO_EFFECT,NO_EFFECT,NO_EFFECT,NO_EFFECT,NO_EFFECT,,,,,,,,,,,,,0.5684930988336419,1.0,2,0,0,0,0,3,3,0,0,0,0,0,1,1,0,2,1,1,0,2,1,0.0,2.843989063658228,0.0,osc_core_a|osc_core_b,"phase3=3,fs3=3,fast_alt=0,core_count=2,slow=0.5685,abs_hinge=1.0000,transition=2"
321611,Bear,Neutral,Neutral,Neutral,Neutral,Neutral,Neutral,Neutral,0,0,0,0,0,0,NO_EFFECT,NO_EFFECT,NO_EFFECT,NO_EFFECT,NO_EFFECT,NO_EFFECT,,,,,,,,,,,,,0.5684930988336419,1.0,2,0,0,0,0,3,3,0,0,0,0,0,1,1,0,2,1,1,0,2,1,0.0,2.843989063658228,0.0,osc_core_a|osc_core_b,"phase3=3,fs3=3,fast_alt=0,core_count=2,slow=0.5685,abs_hinge=1.0000,transition=2"
321611,Bear,Neutral,Neutral,Neutral,Neutral,Neutral,Neutral,Neutral,0,0,0,0,0,0,NO_EFFECT,NO_EFFECT,NO_EFFECT,NO_EFFECT,NO_EFFECT,NO_EFFECT,,,,,,,,,,,,,0.5684930988336419,1.0,2,0,0,0,0,3,3,0,0,0,0,0,1,1,0,2,1,1,0,2,1,0.0,2.843989063658228,0.0,osc_core_a|osc_core_b,"phase3=3,fs3=3,fast_alt=0,core_count=2,slow=0.5685,abs_hinge=1.0000,transition=2"
321611,Bear,Neutral,Neutral,Neutral,Neutral,Neutral,Neutral,Neutral,0,0,0,0,0,0,NO_EFFECT,NO_EFFECT,NO_EFFECT,NO_EFFECT,NO_EFFECT,NO_EFFECT,,,,,,,,,,,,,0.5684930988336419,1.0,2,0,0,0,0,3,3,0,0,0,0,0,1,1,0,2,1,1,0,2,1,0.0,2.843989063658228,0.0,osc_core_a|osc_core_b,"phase3=3,fs3=3,fast_alt=0,core_count=2,slow=0.5685,abs_hinge=1.0000,transition=2"
321611,Bear,Neutral,Neutral,Neutral,Neutral,Neutral,Neutral,Neutral,0,0,0,0,0,0,NO_EFFECT,NO_EFFECT,NO_EFFECT,NO_EFFECT,NO_EFFECT,NO_EFFECT,,,,,,,,,,,,,0.5684930988336419,1.0,2,0,0,0,0,3,3,0,0,0,0,0,1,1,0,2,1,1,0,2,1,0.0,2.843989063658228,0.0,osc_core_a|osc_core_b,"phase3=3,fs3=3,fast_alt=0,core_count=2,slow=0.5685,abs_hinge=1.0000,transition=2"
321611,Bear,Neutral,Neutral,Neutral,Neutral,Neutral,Neutral,Neutral,0,0,0,0,0,0,NO_EFFECT,NO_EFFECT,NO_EFFECT,NO_EFFECT,NO_EFFECT,NO_EFFECT,,,,,,,,,,,,,0.5684930988336419,1.0,2,0,0,0,0,3,3,0,0,0,0,0,1,1,0,2,1,1,0,2,1,0.0,2.843989063658228,0.0,osc_core_a|osc_core_b,"phase3=3,fs3=3,fast_alt=0,core_count=2,slow=0.5685,abs_hinge=1.0000,transition=2"
321611,Bear,Neutral,Neutral,Neutral,Neutral,Neutral,Neutral,Neutral,0,0,0,0,0,0,NO_EFFECT,NO_EFFECT,NO_EFFECT,NO_EFFECT,NO_EFFECT,NO_EFFECT,,,,,,,,,,,,,0.5684930988336419,1.0,2,0,0,0,0,3,3,0,0,0,0,0,1,1,0,2,1,1,0,2,1,0.0,2.843989063658228,0.0,osc_core_a|osc_core_b,"phase3=3,fs3=3,fast_alt=0,core_count=2,slow=0.5685,abs_hinge=1.0000,transition=2"
321611,Bear,Neutral,Neutral,Neutral,Neutral,Neutral,Neutral,Neutral,0,0,0,0,0,0,NO_EFFECT,NO_EFFECT,NO_EFFECT,NO_EFFECT,NO_EFFECT,NO_EFFECT,,,,,,,,,,,,,0.5684930988336419,1.0,2,0,0,0,0,3,3,0,0,0,0,0,1,1,0,2,1,1,0,2,1,0.0,2.843989063658228,0.0,osc_core_a|osc_core_b,"phase3=3,fs3=3,fast_alt=0,core_count=2,slow=0.5685,abs_hinge=1.0000,transition=2"
321611,Bear,Neutral,Neutral,Neutral,Neutral,Neutral,Neutral,Neutral,0,0,0,0,0,0,NO_EFFECT,NO_EFFECT,NO_EFFECT,NO_EFFECT,NO_EFFECT,NO_EFFECT,,,,,,,,,,,,,0.5684930988336419,1.0,2,0,0,0,0,3,3,0,0,0,0,0,1,1,0,2,1,1,0,2,1,0.0,2.843989063658228,0.0,osc_core_a|osc_core_b,"phase3=3,fs3=3,fast_alt=0,core_count=2,slow=0.5685,abs_hinge=1.0000,transition=2"
321611,Bear,Neutral,Neutral,Neutral,Neutral,Neutral,Neutral,Neutral,0,0,0,0,0,0,NO_EFFECT,NO_EFFECT,NO_EFFECT,NO_EFFECT,NO_EFFECT,NO_EFFECT,,,,,,,,,,,,,0.5684930988336419,1.0,2,0,0,0,0,3,3,0,0,0,0,0,1,1,0,2,1,1,0,2,1,0.0,2.843989063658228,0.0,osc_core_a|osc_core_b,"phase3=3,fs3=3,fast_alt=0,core_count=2,slow=0.5685,abs_hinge=1.0000,transition=2"
321611,Bear,Neutral,Neutral,Neutral,Neutral,Neutral,Neutral,Neutral,0,0,0,0,0,0,NO_EFFECT,NO_EFFECT,NO_EFFECT,NO_EFFECT,NO_EFFECT,NO_EFFECT,,,,,,,,,,,,,0.5684930988336419,1.0,2,0,0,0,0,3,3,0,0,0,0,0,1,1,0,2,1,1,0,2,1,0.0,2.843989063658228,0.0,osc_core_a|osc_core_b,"phase3=3,fs3=3,fast_alt=0,core_count=2,slow=0.5685,abs_hinge=1.0000,transition=2"
321611,Bear,Neutral,Neutral,Neutral,Neutral,Neutral,Neutral,Neutral,0,0,0,0,0,0,NO_EFFECT,NO_EFFECT,NO_EFFECT,NO_EFFECT,NO_EFFECT,NO_EFFECT,,,,,,,,,,,,,0.5684930988336419,1.0,2,0,0,0,0,3,3,0,0,0,0,0,1,1,0,2,1,1,0,2,1,0.0,2.843989063658228,0.0,osc_core_a|osc_core_b,"phase3=3,fs3=3,fast_alt=0,core_count=2,slow=0.5685,abs_hinge=1.0000,transition=2"
321611,Bear,Neutral,Neutral,Neutral,Neutral,Neutral,Neutral,Neutral,0,0,0,0,0,0,NO_EFFECT,NO_EFFECT,NO_EFFECT,NO_EFFECT,NO_EFFECT,NO_EFFECT,,,,,,,,,,,,,0.5684930988336419,1.0,2,0,0,0,0,3,3,0,0,0,0,0,1,1,0,2,1,1,0,2,1,0.0,2.843989063658228,0.0,osc_core_a|osc_core_b,"phase3=3,fs3=3,fast_alt=0,core_count=2,slow=0.5685,abs_hinge=1.0000,transition=2"
321611,Bear,Neutral,Neutral,Neutral,Neutral,Neutral,Neutral,Neutral,0,0,0,0,0,0,NO_EFFECT,NO_EFFECT,NO_EFFECT,NO_EFFECT,NO_EFFECT,NO_EFFECT,,,,,,,,,,,,,0.5684930988336419,1.0,2,0,0,0,0,3,3,0,0,0,0,0,1,1,0,2,1,1,0,2,1,0.0,2.843989063658228,0.0,osc_core_a|osc_core_b,"phase3=3,fs3=3,fast_alt=0,core_count=2,slow=0.5685,abs_hinge=1.0000,transition=2"
321611,Bear,Neutral,Neutral,Neutral,Neutral,Neutral,Neutral,Neutral,0,0,0,0,0,0,NO_EFFECT,NO_EFFECT,NO_EFFECT,NO_EFFECT,NO_EFFECT,NO_EFFECT,,,,,,,,,,,,,0.5684930988336419,1.0,2,0,0,0,0,3,3,0,0,0,0,0,1,1,0,2,1,1,0,2,1,0.0,2.843989063658228,0.0,osc_core_a|osc_core_b,"phase3=3,fs3=3,fast_alt=0,core_count=2,slow=0.5685,abs_hinge=1.0000,transition=2"
321611,Bear,Neutral,Neutral,Neutral,Neutral,Neutral,Neutral,Neutral,0,0,0,0,0,0,NO_EFFECT,NO_EFFECT,NO_EFFECT,NO_EFFECT,NO_EFFECT,NO_EFFECT,,,,,,,,,,,,,0.5684930988336419,1.0,2,0,0,0,0,3,3,0,0,0,0,0,1,1,0,2,1,1,0,2,1,0.0,2.843989063658228,0.0,osc_core_a|osc_core_b,"phase3=3,fs3=3,fast_alt=0,core_count=2,slow=0.5685,abs_hinge=1.0000,transition=2"
321611,Bear,Neutral,Neutral,Neutral,Neutral,Neutral,Neutral,Neutral,0,0,0,0,0,0,NO_EFFECT,NO_EFFECT,NO_EFFECT,NO_EFFECT,NO_EFFECT,NO_EFFECT,,,,,,,,,,,,,0.5684930988336419,1.0,2,0,0,0,0,3,3,0,0,0,0,0,1,1,0,2,1,1,0,2,1,0.0,2.843989063658228,0.0,osc_core_a|osc_core_b,"phase3=3,fs3=3,fast_alt=0,core_count=2,slow=0.5685,abs_hinge=1.0000,transition=2"
321611,Bear,Neutral,Neutral,Neutral,Neutral,Neutral,Neutral,Neutral,0,0,0,0,0,0,NO_EFFECT,NO_EFFECT,NO_EFFECT,NO_EFFECT,NO_EFFECT,NO_EFFECT,,,,,,,,,,,,,0.5684930988336419,1.0,2,0,0,0,0,3,3,0,0,0,0,0,1,1,0,2,1,1,0,2,1,0.0,2.843989063658228,0.0,osc_core_a|osc_core_b,"phase3=3,fs3=3,fast_alt=0,core_count=2,slow=0.5685,abs_hinge=1.0000,transition=2"
321611,Bear,Neutral,Neutral,Neutral,Neutral,Neutral,Neutral,Neutral,0,0,0,0,0,0,NO_EFFECT,NO_EFFECT,NO_EFFECT,NO_EFFECT,NO_EFFECT,NO_EFFECT,,,,,,,,,,,,,0.5684930988336419,1.0,2,0,0,0,0,3,3,0,0,0,0,0,1,1,0,2,1,1,0,2,1,0.0,2.843989063658228,0.0,osc_core_a|osc_core_b,"phase3=3,fs3=3,fast_alt=0,core_count=2,slow=0.5685,abs_hinge=1.0000,transition=2"
321617,Bull,Bull,Bull,Bull,Bull,Bull,Bull,Bull,0,0,0,0,0,0,NO_EFFECT,NO_EFFECT,NO_EFFECT,NO_EFFECT,NO_EFFECT,NO_EFFECT,,,,,,,,,,,,,0.1387983949389308,0.4872952437025573,0,0,0,0,0,2,2,0,0,0,0,0,1,1,0,2,1,1,0,2,1,-8.905499022672302,0.7606912177379854,-2.0832978459202427,osc_core_a|osc_core_b,"phase3=2,fs3=2,fast_alt=0,core_count=2,slow=0.1388,abs_hinge=0.4873,transition=0"
321619,Bear,Neutral,Neutral,Neutral,Neutral,Neutral,Neutral,Neutral,0,0,0,0,0,0,NO_EFFECT,NO_EFFECT,NO_EFFECT,NO_EFFECT,NO_EFFECT,NO_EFFECT,,,,,,,,,,,,,0.1280540226125595,0.5430709777504866,2,0,0,0,0,2,2,0,0,1,0,0,1,1,0,2,1,1,0,3,1,-13.846745162576552,2.90378534077172,2.1430941230337344,osc_core_a|osc_core_b,"phase3=2,fs3=2,fast_alt=0,core_count=2,slow=0.1281,abs_hinge=0.5431,transition=2"
321624,Bull,Neutral,Neutral,Neutral,Neutral,Neutral,Neutral,Neutral,0,0,0,0,0,0,NO_EFFECT,NO_EFFECT,NO_EFFECT,NO_EFFECT,NO_EFFECT,NO_EFFECT,,,,,,,,,,,,,0.9161040513463375,0.3894258691138181,1,0,0,0,0,3,2,1,0,1,1,0,1,1,0,2,1,1,0,5,1,22.288306511036357,1.8707698863181577,1.272502306905153,osc_core_a|osc_core_b,"phase3=2,fs3=3,fast_alt=0,core_count=2,slow=0.9161,abs_hinge=0.3894,transition=1"
321626,Bear,Neutral,Neutral,Neutral,Neutral,Neutral,Neutral,Neutral,0,0,0,0,0,0,NO_EFFECT,NO_EFFECT,NO_EFFECT,NO_EFFECT,NO_EFFECT,NO_EFFECT,,,,,,,,,,,,,0.8634875612024189,0.8644242731156997,1,0,0,0,1,2,1,1,0,2,0,0,0,1,1,2,1,0,1,4,1,-62.03427330355044,1.3431235627249407,-2.0663567419906035,osc_core_a|osc_core_c,"phase3=1,fs3=2,fast_alt=1,core_count=2,slow=0.8635,abs_hinge=0.8644,transition=1"
321627,Bear,Neutral,Neutral,Neutral,Neutral,Neutral,Neutral,Neutral,0,0,0,0,0,0,NO_EFFECT,NO_EFFECT,NO_EFFECT,NO_EFFECT,NO_EFFECT,NO_EFFECT,,,,,,,,,,,,,0.4117346969105711,1.0,2,0,0,0,1,2,1,1,0,2,0,0,0,1,1,2,1,0,1,4,1,-29.431647633144166,2.005055269357399,0.6619317066324584,osc_core_a|osc_core_c,"phase3=1,fs3=2,fast_alt=1,core_count=2,slow=0.4117,abs_hinge=1.0000,transition=2"
321628,Bull,Neutral,Neutral,Neutral,Neutral,Neutral,Neutral,Neutral,0,0,0,0,0,0,NO_EFFECT,NO_EFFECT,NO_EFFECT,NO_EFFECT,NO_EFFECT,NO_EFFECT,,,,,,,,,,,,,1.081881736372452,1.0,2,1,0,1,1,3,2,0,0,3,0,0,1,1,1,3,1,1,1,4,1,24.579104786505923,1.5588731221014314,-0.4461821472559677,ruleb_raw|osc_core_a|osc_core_b|osc_core_c,"phase3=2,fs3=3,fast_alt=1,core_count=3,slow=1.0819,abs_hinge=1.0000,transition=2"
321629,Bear,Bull,Bull,Bull,Bull,Bull,Bull,Bull,0,0,0,0,0,0,NO_EFFECT,NO_EFFECT,NO_EFFECT,NO_EFFECT,NO_EFFECT,NO_EFFECT,,,,,,,,,,,,,0.4510376645448559,0.008343776524448,0,0,0,1,0,2,2,0,0,2,1,0,1,1,0,2,1,1,0,4,1,-53.40480086162279,1.1677560351690772,-0.39111708693235414,osc_core_a|osc_core_b,"phase3=2,fs3=2,fast_alt=0,core_count=2,slow=0.4510,abs_hinge=0.0083,transition=0"
321633,Bear,Neutral,Neutral,Neutral,Neutral,Neutral,Neutral,Neutral,0,0,0,0,0,0,NO_EFFECT,NO_EFFECT,NO_EFFECT,NO_EFFECT,NO_EFFECT,NO_EFFECT,,,,,,,,,,,,,0.3443545500776963,0.7522845865883561,2,0,0,0,0,2,2,1,0,2,1,0,1,1,0,2,1,1,0,5,1,-34.67091418059135,1.490451292216676,0.5405207780495404,osc_core_a|osc_core_b,"phase3=2,fs3=2,fast_alt=0,core_count=2,slow=0.3444,abs_hinge=0.7523,transition=2"
321634,Bull,Neutral,Neutral,Neutral,Neutral,Neutral,Neutral,Neutral,0,0,0,0,0,0,NO_EFFECT,NO_EFFECT,NO_EFFECT,NO_EFFECT,NO_EFFECT,NO_EFFECT,,,,,,,,,,,,,0.4009165113693598,0.1526787674626912,1,0,0,0,0,2,2,1,0,2,0,0,1,1,0,2,1,1,0,4,1,-12.14568525699724,1.2029718019057327,-0.2874794903109432,osc_core_a|osc_core_b,"phase3=2,fs3=2,fast_alt=0,core_count=2,slow=0.4009,abs_hinge=0.1527,transition=1"
321635,Bear,Bear,Bear,Bear,Bear,Bear,Bear,Bear,0,0,0,0,0,0,NO_EFFECT,NO_EFFECT,NO_EFFECT,NO_EFFECT,NO_EFFECT,NO_EFFECT,,,,,,,,,,,,,1.4975670642706973,0.0571743785831178,1,0,0,0,0,2,2,1,0,3,0,0,1,1,0,2,1,1,0,4,1,95.05918473827478,3.292976439553968,2.090004637648235,osc_core_a|osc_core_b,"phase3=2,fs3=2,fast_alt=0,core_count=2,slow=1.4976,abs_hinge=0.0572,transition=1"
321636,Bear,Neutral,Neutral,Neutral,Neutral,Neutral,Neutral,Neutral,0,0,0,0,0,0,NO_EFFECT,NO_EFFECT,NO_EFFECT,NO_EFFECT,NO_EFFECT,NO_EFFECT,,,,,,,,,,,,,0.7316608756191272,1.0,2,0,0,0,0,2,2,1,0,3,1,0,1,1,0,2,1,1,0,5,1,-98.19816193034058,2.001465800036385,-1.2915106395175826,osc_core_a|osc_core_b,"phase3=2,fs3=2,fast_alt=0,core_count=2,slow=0.7317,abs_hinge=1.0000,transition=2"
321637,Bull,Neutral,Neutral,Neutral,Neutral,Neutral,Neutral,Neutral,0,0,0,0,0,0,NO_EFFECT,NO_EFFECT,NO_EFFECT,NO_EFFECT,NO_EFFECT,NO_EFFECT,,,,,,,,,,,,,0.3260790313979669,0.5583108432614169,2,0,0,0,0,2,2,1,0,2,1,0,1,1,0,2,1,1,0,5,1,15.1434303252463,1.8898166747476357,-0.11164912528874948,osc_core_a|osc_core_b,"phase3=2,fs3=2,fast_alt=0,core_count=2,slow=0.3261,abs_hinge=0.5583,transition=2"
321638,Bear,Bull,Bull,Bull,Bull,Bull,Bull,Bull,0,0,0,0,0,0,NO_EFFECT,NO_EFFECT,NO_EFFECT,NO_EFFECT,NO_EFFECT,NO_EFFECT,,,,,,,,,,,,,0.8281477268483286,0.0644436390699242,0,0,0,0,0,2,2,0,0,2,1,0,1,1,0,2,1,1,0,4,1,-39.62108819048444,2.342586132517681,0.4527694577700454,osc_core_a|osc_core_b,"phase3=2,fs3=2,fast_alt=0,core_count=2,slow=0.8281,abs_hinge=0.0644,transition=0"
321647,Bear,Neutral,Neutral,Neutral,Neutral,Neutral,Neutral,Neutral,0,0,0,0,0,0,NO_EFFECT,NO_EFFECT,NO_EFFECT,NO_EFFECT,NO_EFFECT,NO_EFFECT,,,,,,,,,,,,,0.2464502268448996,0.5892704241426805,2,0,0,0,0,2,2,0,0,1,1,0,1,1,0,2,1,1,0,4,1,-20.452489466944822,1.65690000867653,1.092028364428188,osc_core_a|osc_core_b,"phase3=2,fs3=2,fast_alt=0,core_count=2,slow=0.2465,abs_hinge=0.5893,transition=2"
321648,Bear,Neutral,Neutral,Neutral,Neutral,Neutral,Neutral,Neutral,0,0,0,0,0,0,NO_EFFECT,NO_EFFECT,NO_EFFECT,NO_EFFECT,NO_EFFECT,NO_EFFECT,,,,,,,,,,,,,0.1092467302896693,0.7388412502648757,2,0,0,0,0,2,2,0,0,2,1,0,1,1,0,2,1,1,0,4,1,8.037078685185406,0.596042025821589,-1.060857982854941,osc_core_a|osc_core_b,"phase3=2,fs3=2,fast_alt=0,core_count=2,slow=0.1092,abs_hinge=0.7388,transition=2"
321649,Bull,Neutral,Neutral,Neutral,Neutral,Neutral,Neutral,Neutral,0,0,0,0,0,0,NO_EFFECT,NO_EFFECT,NO_EFFECT,NO_EFFECT,NO_EFFECT,NO_EFFECT,,,,,,,,,,,,,0.6107250505756383,0.2910269707730248,0,0,0,0,0,2,2,0,0,3,1,0,1,1,0,2,1,1,0,4,1,-31.00770833685237,1.0891699384665117,0.4931279126449226,osc_core_a|osc_core_b,"phase3=2,fs3=2,fast_alt=0,core_count=2,slow=0.6107,abs_hinge=0.2910,transition=0"
321650,Bull,Neutral,Neutral,Neutral,Neutral,Neutral,Neutral,Neutral,0,0,0,0,0,0,NO_EFFECT,NO_EFFECT,NO_EFFECT,NO_EFFECT,NO_EFFECT,NO_EFFECT,,,,,,,,,,,,,0.1938658292128821,0.7644688610665653,2,0,0,0,0,2,2,0,0,2,1,0,1,1,0,2,1,1,0,4,1,32.93095834698761,1.1552348143486597,0.06606487588214804,osc_core_a|osc_core_b,"phase3=2,fs3=2,fast_alt=0,core_count=2,slow=0.1939,abs_hinge=0.7645,transition=2"
321651,Bear,Neutral,Neutral,Neutral,Neutral,Neutral,Neutral,Neutral,0,0,0,0,0,0,NO_EFFECT,NO_EFFECT,NO_EFFECT,NO_EFFECT,NO_EFFECT,NO_EFFECT,,,,,,,,,,,,,0.3218434348909795,1.0,1,0,0,0,1,2,1,0,0,2,0,0,0,1,1,2,1,0,1,3,1,4.581859722835361,0.504716283916423,-0.6505185304322367,osc_core_a|osc_core_c,"phase3=1,fs3=2,fast_alt=1,core_count=2,slow=0.3218,abs_hinge=1.0000,transition=1"
321652,Bear,Neutral,Neutral,Neutral,Neutral,Neutral,Neutral,Neutral,0,0,0,0,0,0,NO_EFFECT,NO_EFFECT,NO_EFFECT,NO_EFFECT,NO_EFFECT,NO_EFFECT,,,,,,,,,,,,,0.303664163362555,0.7477450020338625,2,0,0,0,0,3,2,0,0,2,0,0,1,1,0,2,1,1,0,3,1,-13.07855191323324,1.0656729063484818,0.5609566224320588,osc_core_a|osc_core_b,"phase3=2,fs3=3,fast_alt=0,core_count=2,slow=0.3037,abs_hinge=0.7477,transition=2"
321656,Bull,Neutral,Neutral,Neutral,Neutral,Neutral,Neutral,Neutral,0,0,0,0,0,0,NO_EFFECT,NO_EFFECT,NO_EFFECT,NO_EFFECT,NO_EFFECT,NO_EFFECT,,,,,,,,,,,,,0.5668541978484427,0.3813443280224725,1,0,0,0,0,2,2,1,0,2,1,0,1,1,0,2,1,1,0,5,1,20.87095608167874,1.070921320542766,0.3536095084364206,osc_core_a|osc_core_b,"phase3=2,fs3=2,fast_alt=0,core_count=2,slow=0.5669,abs_hinge=0.3813,transition=1"
321657,Bear,Neutral,Neutral,Neutral,Neutral,Neutral,Neutral,Neutral,0,0,0,0,0,0,NO_EFFECT,NO_EFFECT,NO_EFFECT,NO_EFFECT,NO_EFFECT,NO_EFFECT,,,,,,,,,,,,,0.7720174627920642,0.6931182381555886,2,0,0,0,1,3,3,0,0,2,1,0,1,1,1,3,1,1,1,5,1,-28.454038691721507,2.2944884249845927,1.2235671044418268,osc_core_a|osc_core_b|osc_core_c,"phase3=3,fs3=3,fast_alt=1,core_count=3,slow=0.7720,abs_hinge=0.6931,transition=2"
321658,Bull,Neutral,Neutral,Neutral,Neutral,Neutral,Neutral,Neutral,0,0,0,0,0,0,NO_EFFECT,NO_EFFECT,NO_EFFECT,NO_EFFECT,NO_EFFECT,NO_EFFECT,,,,,,,,,,,,,0.1845369200400455,0.1805706342847713,0,0,0,0,1,2,2,0,0,2,1,0,1,1,1,3,1,1,1,5,1,19.670391970299534,1.1162456050788023,-1.1782428199057904,osc_core_a|osc_core_b|osc_core_c,"phase3=2,fs3=2,fast_alt=1,core_count=3,slow=0.1845,abs_hinge=0.1806,transition=0"
321660,Bull,Neutral,Neutral,Neutral,Neutral,Neutral,Neutral,Neutral,0,0,0,0,0,0,NO_EFFECT,NO_EFFECT,NO_EFFECT,NO_EFFECT,NO_EFFECT,NO_EFFECT,,,,,,,,,,,,,1.1203676316199562,1.0,2,1,0,1,0,1,1,0,0,2,0,0,0,0,0,0,0,0,0,1,0,-10.147883323879796,1.8159811798159355,0.4725334544982618,ruleb_raw,"phase3=1,fs3=1,fast_alt=0,core_count=0,slow=1.1204,abs_hinge=1.0000,transition=2"
321662,Bull,Neutral,Neutral,Neutral,Neutral,Neutral,Neutral,Neutral,0,0,0,0,0,0,NO_EFFECT,NO_EFFECT,NO_EFFECT,NO_EFFECT,NO_EFFECT,NO_EFFECT,,,,,,,,,,,,,0.1924800860888353,0.745453959877624,2,0,0,1,1,2,2,0,0,2,0,0,1,1,1,3,1,1,1,4,1,21.813162169768475,1.1716935679032758,0.46694336386462965,osc_core_a|osc_core_b|osc_core_c,"phase3=2,fs3=2,fast_alt=1,core_count=3,slow=0.1925,abs_hinge=0.7455,transition=2"
321667,Bear,Neutral,Neutral,Neutral,Neutral,Neutral,Neutral,Neutral,0,0,0,0,0,0,NO_EFFECT,NO_EFFECT,NO_EFFECT,NO_EFFECT,NO_EFFECT,NO_EFFECT,,,,,,,,,,,,,0.3688862798171612,1.0,2,0,0,0,1,2,2,0,0,1,0,0,1,1,1,3,1,1,1,4,1,-14.996339240926318,1.084800264927253,0.12104163519688882,osc_core_a|osc_core_b|osc_core_c,"phase3=2,fs3=2,fast_alt=1,core_count=3,slow=0.3689,abs_hinge=1.0000,transition=2"
321668,Bull,Neutral,Neutral,Neutral,Neutral,Neutral,Neutral,Neutral,0,0,0,0,0,0,NO_EFFECT,NO_EFFECT,NO_EFFECT,NO_EFFECT,NO_EFFECT,NO_EFFECT,,,,,,,,,,,,,0.4709948961371992,0.8941560213964793,2,0,0,0,1,3,3,0,0,1,0,0,1,1,1,3,1,1,1,4,1,9.965766817695112,1.1420348851297604,0.05723462020250736,osc_core_a|osc_core_b|osc_core_c,"phase3=3,fs3=3,fast_alt=1,core_count=3,slow=0.4710,abs_hinge=0.8942,transition=2"
321669,Bear,Neutral,Neutral,Neutral,Neutral,Neutral,Neutral,Neutral,0,0,0,0,0,0,NO_EFFECT,NO_EFFECT,NO_EFFECT,NO_EFFECT,NO_EFFECT,NO_EFFECT,,,,,,,,,,,,,0.0428131559765461,0.1511623107601087,1,0,0,0,1,2,3,0,0,2,1,0,1,1,1,3,1,1,1,5,1,-0.8747710698953597,0.8271476238842297,-0.3148872612455307,osc_core_a|osc_core_b|osc_core_c,"phase3=3,fs3=2,fast_alt=1,core_count=3,slow=0.0428,abs_hinge=0.1512,transition=1"
321671,Bear,Neutral,Neutral,Neutral,Neutral,Neutral,Neutral,Neutral,0,0,0,0,0,0,NO_EFFECT,NO_EFFECT,NO_EFFECT,NO_EFFECT,NO_EFFECT,NO_EFFECT,,,,,,,,,,,,,1.107711074724648,1.0,2,1,0,1,0,1,2,1,0,3,1,0,1,0,0,1,0,0,0,4,1,-50.05828593255137,1.772675845591948,-1.0552822844474576,ruleb_raw,"phase3=2,fs3=1,fast_alt=0,core_count=1,slow=1.1077,abs_hinge=1.0000,transition=2"
321681,Bull,Neutral,Neutral,Neutral,Neutral,Neutral,Neutral,Neutral,0,0,0,0,0,0,NO_EFFECT,NO_EFFECT,NO_EFFECT,NO_EFFECT,NO_EFFECT,NO_EFFECT,,,,,,,,,,,,,0.1191240282532817,0.1956223342869202,1,0,0,0,0,2,2,0,0,2,0,0,1,1,0,2,1,1,0,3,1,-3.199798041721806,1.327988550172449,-0.2996849342780481,osc_core_a|osc_core_b,"phase3=2,fs3=2,fast_alt=0,core_count=2,slow=0.1191,abs_hinge=0.1956,transition=1"
321682,Bear,Neutral,Neutral,Neutral,Neutral,Neutral,Neutral,Neutral,0,0,0,0,0,0,NO_EFFECT,NO_EFFECT,NO_EFFECT,NO_EFFECT,NO_EFFECT,NO_EFFECT,,,,,,,,,,,,,0.3958589253488753,0.3206921643645838,0,0,0,0,0,3,2,0,0,2,0,0,1,1,0,2,1,1,0,3,1,-24.744545005683904,0.9198944347535872,-0.40809411541886187,osc_core_a|osc_core_b,"phase3=2,fs3=3,fast_alt=0,core_count=2,slow=0.3959,abs_hinge=0.3207,transition=0"
321683,Bull,Neutral,Neutral,Neutral,Neutral,Neutral,Neutral,Neutral,0,0,0,0,0,0,NO_EFFECT,NO_EFFECT,NO_EFFECT,NO_EFFECT,NO_EFFECT,NO_EFFECT,,,,,,,,,,,,,0.2401409013946249,0.5791815114253823,2,0,0,0,0,3,2,0,0,2,0,0,1,1,0,2,1,1,0,3,1,23.35184305270377,1.8666633835164248,0.9467689487628376,osc_core_a|osc_core_b,"phase3=2,fs3=3,fast_alt=0,core_count=2,slow=0.2401,abs_hinge=0.5792,transition=2"
321684,Bear,Neutral,Neutral,Neutral,Neutral,Neutral,Neutral,Neutral,0,0,0,0,0,0,NO_EFFECT,NO_EFFECT,NO_EFFECT,NO_EFFECT,NO_EFFECT,NO_EFFECT,,,,,,,,,,,,,0.3513632203048473,0.2580012741252142,1,0,0,0,0,3,2,0,0,2,1,0,1,1,0,2,1,1,0,4,1,-16.56338741775835,1.5973071931402956,-0.26935619037612923,osc_core_a|osc_core_b,"phase3=2,fs3=3,fast_alt=0,core_count=2,slow=0.3514,abs_hinge=0.2580,transition=1"
321685,Bull,Bull,Bull,Bull,Bull,Bull,Bull,Bull,0,0,0,0,0,0,NO_EFFECT,NO_EFFECT,NO_EFFECT,NO_EFFECT,NO_EFFECT,NO_EFFECT,,,,,,,,,,,,,0.6976921403966116,0.2160694724468417,0,0,0,0,0,2,2,0,0,3,0,0,1,1,0,2,1,1,0,3,1,-44.05828659889812,2.8752863389327104,1.2779791457924148,osc_core_a|osc_core_b,"phase3=2,fs3=2,fast_alt=0,core_count=2,slow=0.6977,abs_hinge=0.2161,transition=0"
321688,Bull,Neutral,Neutral,Neutral,Neutral,Neutral,Neutral,Neutral,0,0,0,0,0,0,NO_EFFECT,NO_EFFECT,NO_EFFECT,NO_EFFECT,NO_EFFECT,NO_EFFECT,,,,,,,,,,,,,0.5807462818902422,1.0,1,0,0,0,1,2,1,0,0,3,0,0,0,1,1,2,1,0,1,3,1,26.967648626537997,0.8613046895843581,-0.4266911262002395,osc_core_a|osc_core_c,"phase3=1,fs3=2,fast_alt=1,core_count=2,slow=0.5807,abs_hinge=1.0000,transition=1"
321689,Bear,Neutral,Neutral,Neutral,Neutral,Neutral,Neutral,Neutral,0,0,0,0,0,0,NO_EFFECT,NO_EFFECT,NO_EFFECT,NO_EFFECT,NO_EFFECT,NO_EFFECT,,,,,,,,,,,,,0.4024531721097446,0.2267875957386546,1,0,0,0,1,3,2,0,0,3,0,0,1,1,1,3,1,1,1,4,1,-26.868691884810687,1.9564219726253211,1.095117283040963,osc_core_a|osc_core_b|osc_core_c,"phase3=2,fs3=3,fast_alt=1,core_count=3,slow=0.4025,abs_hinge=0.2268,transition=1"
321690,Bull,Neutral,Neutral,Neutral,Neutral,Neutral,Neutral,Neutral,0,0,0,0,0,0,NO_EFFECT,NO_EFFECT,NO_EFFECT,NO_EFFECT,NO_EFFECT,NO_EFFECT,,,,,,,,,,,,,0.7346940312982042,0.8488934476484593,1,0,0,0,1,3,1,0,0,3,1,0,0,1,1,2,1,0,1,4,1,33.46182928617054,0.9379566827701638,-1.0184652898551574,osc_core_a|osc_core_c,"phase3=1,fs3=3,fast_alt=1,core_count=2,slow=0.7347,abs_hinge=0.8489,transition=1"
321691,Bear,Neutral,Neutral,Neutral,Neutral,Neutral,Neutral,Neutral,0,0,0,0,0,0,NO_EFFECT,NO_EFFECT,NO_EFFECT,NO_EFFECT,NO_EFFECT,NO_EFFECT,,,,,,,,,,,,,0.6670748339183774,0.4802964515034917,0,0,0,0,1,2,1,0,0,3,0,0,0,1,1,2,1,0,1,3,1,5.411182308584102,1.1675214603765198,0.22956477760635607,osc_core_a|osc_core_c,"phase3=1,fs3=2,fast_alt=1,core_count=2,slow=0.6671,abs_hinge=0.4803,transition=0"
321694,Bull,Neutral,Neutral,Neutral,Neutral,Neutral,Neutral,Neutral,0,0,0,0,0,0,NO_EFFECT,NO_EFFECT,NO_EFFECT,NO_EFFECT,NO_EFFECT,NO_EFFECT,,,,,,,,,,,,,0.0792223712360282,0.9266566068926289,2,0,0,0,1,2,2,0,0,1,1,0,1,1,1,3,1,1,1,5,1,-14.852382540877445,0.945250541131827,-0.5114591709225351,osc_core_a|osc_core_b|osc_core_c,"phase3=2,fs3=2,fast_alt=1,core_count=3,slow=0.0792,abs_hinge=0.9267,transition=2"
321695,Bull,Bull,Bull,Bull,Bull,Bull,Bull,Bull,0,0,0,0,0,0,NO_EFFECT,NO_EFFECT,NO_EFFECT,NO_EFFECT,NO_EFFECT,NO_EFFECT,,,,,,,,,,,,,1.169712795284795,0.1940054601732724,0,0,0,0,0,2,2,0,0,2,0,0,1,1,0,2,1,1,0,3,1,-58.16243699452025,2.014276079788033,1.0690255386562058,osc_core_a|osc_core_b,"phase3=2,fs3=2,fast_alt=0,core_count=2,slow=1.1697,abs_hinge=0.1940,transition=0"
321697,Bull,Neutral,Neutral,Neutral,Neutral,Neutral,Neutral,Neutral,0,0,0,0,0,0,NO_EFFECT,NO_EFFECT,NO_EFFECT,NO_EFFECT,NO_EFFECT,NO_EFFECT,,,,,,,,,,,,,1.3786115658258495,0.5810888679810225,2,1,0,1,0,1,1,0,0,2,0,0,0,0,0,0,0,0,0,1,0,144.69558044739824,3.54720266070035,-4.080660132256526,ruleb_raw,"phase3=1,fs3=1,fast_alt=0,core_count=0,slow=1.3786,abs_hinge=0.5811,transition=2"
321704,Bear,Bear,Neutral,Bear,Bear,Bear,Bear,Bear,1,0,0,0,0,0,BAD_NEUTRALIZE_RIGHT_BASE,NO_EFFECT,NO_EFFECT,NO_EFFECT,NO_EFFECT,NO_EFFECT,BAD_SUPPRESS_RIGHT_BEAR,,,,,,ruleb_raw|side=both|slow=1.6690|abs_hinge=0.2197|transition=1|phase3=1|fs3=1|fast_alt=0|core_count=0,,,,,,1.6689963041008014,0.2197358436309681,1,1,0,1,0,1,1,2,0,2,0,0,0,0,0,0,0,0,0,2,1,100.67435279862548,5.741917063678557,4.52508678250706,ruleb_raw,"phase3=1,fs3=1,fast_alt=0,core_count=0,slow=1.6690,abs_hinge=0.2197,transition=1"
321709,Bear,Neutral,Neutral,Neutral,Neutral,Neutral,Neutral,Neutral,0,0,0,0,0,0,NO_EFFECT,NO_EFFECT,NO_EFFECT,NO_EFFECT,NO_EFFECT,NO_EFFECT,,,,,,,,,,,,,0.1794606180610571,0.2802986875817554,1,0,0,0,1,2,2,0,0,2,0,0,1,1,1,3,1,1,1,4,1,-25.98606344741711,1.1386549222861504,0.08822736200454528,osc_core_a|osc_core_b|osc_core_c,"phase3=2,fs3=2,fast_alt=1,core_count=3,slow=0.1795,abs_hinge=0.2803,transition=1"
321710,Bear,Bull,Bull,Bull,Bull,Bull,Bull,Bull,0,0,0,0,0,0,NO_EFFECT,NO_EFFECT,NO_EFFECT,NO_EFFECT,NO_EFFECT,NO_EFFECT,,,,,,,,,,,,,0.4002495730674127,0.3341385758898434,0,0,0,0,0,2,2,0,0,2,0,0,1,1,0,2,1,1,0,3,1,-24.986596688991995,2.06468622617831,0.9260313038921595,osc_core_a|osc_core_b,"phase3=2,fs3=2,fast_alt=0,core_count=2,slow=0.4002,abs_hinge=0.3341,transition=0"
321711,Bull,Neutral,Neutral,Neutral,Neutral,Neutral,Neutral,Neutral,0,0,0,0,0,0,NO_EFFECT,NO_EFFECT,NO_EFFECT,NO_EFFECT,NO_EFFECT,NO_EFFECT,,,,,,,,,,,,,1.4762519696669187,0.3719712636441319,1,1,0,1,0,2,2,0,0,1,0,1,1,1,0,2,1,1,0,3,1,-19.82574263459537,4.0409750432500005,1.9762888170716906,ruleb_raw|osc_core_a|osc_core_b,"phase3=2,fs3=2,fast_alt=0,core_count=2,slow=1.4763,abs_hinge=0.3720,transition=1"
321712,Bull,Neutral,Neutral,Neutral,Neutral,Neutral,Neutral,Neutral,0,0,0,0,0,0,NO_EFFECT,NO_EFFECT,NO_EFFECT,NO_EFFECT,NO_EFFECT,NO_EFFECT,,,,,,,,,,,,,0.0498069633267732,0.4033651859355278,0,0,0,1,1,2,1,0,0,1,0,0,0,1,1,2,1,0,1,3,1,35.776374923065305,0.7135316319945559,-3.3274434112554445,osc_core_a|osc_core_c,"phase3=1,fs3=2,fast_alt=1,core_count=2,slow=0.0498,abs_hinge=0.4034,transition=0"
321722,Bull,Neutral,Neutral,Neutral,Neutral,Neutral,Neutral,Neutral,0,0,0,0,0,0,NO_EFFECT,NO_EFFECT,NO_EFFECT,NO_EFFECT,NO_EFFECT,NO_EFFECT,,,,,,,,,,,,,0.3771426667462947,1.0,2,0,0,0,1,2,2,0,0,1,0,0,1,1,1,3,1,1,1,4,1,18.080648569579356,1.5255137782314705,-1.131453814006818,osc_core_a|osc_core_b|osc_core_c,"phase3=2,fs3=2,fast_alt=1,core_count=3,slow=0.3771,abs_hinge=1.0000,transition=2"
321723,Bear,Neutral,Neutral,Neutral,Neutral,Neutral,Neutral,Neutral,0,0,0,0,0,0,NO_EFFECT,NO_EFFECT,NO_EFFECT,NO_EFFECT,NO_EFFECT,NO_EFFECT,,,,,,,,,,,,,0.2265325198586651,0.4525522513983594,1,0,0,0,1,3,3,0,0,1,0,0,1,1,1,3,1,1,1,4,1,7.364091482944786,1.2309470852978848,-0.2945666929335857,osc_core_a|osc_core_b|osc_core_c,"phase3=3,fs3=3,fast_alt=1,core_count=3,slow=0.2265,abs_hinge=0.4526,transition=1"
321724,Bull,Neutral,Neutral,Neutral,Neutral,Neutral,Neutral,Neutral,0,0,0,0,0,0,NO_EFFECT,NO_EFFECT,NO_EFFECT,NO_EFFECT,NO_EFFECT,NO_EFFECT,,,,,,,,,,,,,0.4025155163762974,0.448034208871894,1,0,0,0,1,3,3,0,0,2,0,0,1,1,1,3,1,1,1,4,1,-26.57447169184161,1.351395145735296,0.12044806043741119,osc_core_a|osc_core_b|osc_core_c,"phase3=3,fs3=3,fast_alt=1,core_count=3,slow=0.4025,abs_hinge=0.4480,transition=1"
321725,Bear,Neutral,Neutral,Neutral,Neutral,Neutral,Neutral,Neutral,0,0,0,0,0,0,NO_EFFECT,NO_EFFECT,NO_EFFECT,NO_EFFECT,NO_EFFECT,NO_EFFECT,,,,,,,,,,,,,0.247005939749215,0.6958793888365378,2,0,0,0,1,3,3,0,0,1,1,0,1,1,1,3,1,1,1,5,1,24.098596569965597,1.8074279226020733,0.45603277686677735,osc_core_a|osc_core_b|osc_core_c,"phase3=3,fs3=3,fast_alt=1,core_count=3,slow=0.2470,abs_hinge=0.6959,transition=2"
321726,Bear,Bear,Bear,Bear,Bear,Bear,Bear,Bear,0,0,0,0,0,0,NO_EFFECT,NO_EFFECT,NO_EFFECT,NO_EFFECT,NO_EFFECT,NO_EFFECT,,,,,,,,,,,,,0.5376086896885681,0.4290971138677237,1,0,0,0,0,2,2,1,0,1,0,0,1,1,0,2,1,1,0,4,1,37.602146267250646,2.3038646261975373,0.496436703595464,osc_core_a|osc_core_b,"phase3=2,fs3=2,fast_alt=0,core_count=2,slow=0.5376,abs_hinge=0.4291,transition=1"
321731,Bull,Neutral,Neutral,Neutral,Neutral,Neutral,Neutral,Neutral,0,0,0,0,0,0,NO_EFFECT,NO_EFFECT,NO_EFFECT,NO_EFFECT,NO_EFFECT,NO_EFFECT,,,,,,,,,,,,,0.4589969694170577,0.7002436509041187,2,0,0,0,0,2,2,1,0,3,1,0,1,1,0,2,1,1,0,5,1,7.25122856827511,1.628990078352217,-0.299991380152278,osc_core_a|osc_core_b,"phase3=2,fs3=2,fast_alt=0,core_count=2,slow=0.4590,abs_hinge=0.7002,transition=2"
