epoch,truth,pred_v22_base,pred_bear_core_a,pred_bear_pm1_soft,pred_bear_pm1_h018,pred_adaptive_v2,trigger_bear_core_a,trigger_bear_pm1_soft,trigger_bear_pm1_h018,trigger_adaptive_v2,override_help_class_bear_core_a,override_help_class_bear_pm1_soft,override_help_class_bear_pm1_h018,override_help_class_adaptive_v2,adaptive_policy,adaptive_reason,wrong_bear_rate,disagreement_density,transition_density,abs_hinge_mean,vol_expansion,winner_good_rate,winner_bad_rate,fallback_good_rate,fallback_bad_rate,slow_retention,hinge_torsion,transition_score_v23,phase_disagree_count_3,fs_disagree_count_3,fast_alt_3epoch,osc_core_count,ruleb_raw_warning,core_window_pm1,pm1_centered_soft,pm1_hinge_018
320760,Bear,Bull,Bull,Bull,Bull,Bull,0,0,0,0,NO_EFFECT,NO_EFFECT,NO_EFFECT,NO_EFFECT,base,warmup_lt_30|base_pred=Bull,,,,,,,,,,0.6709477146432619,0.2115130099860697,0,0,0,0,0,0,0,0,0
320761,Bull,Bear,Bear,Bear,Bear,Bear,0,0,0,0,NO_EFFECT,NO_EFFECT,NO_EFFECT,NO_EFFECT,base,warmup_lt_30|ruleb_off,,,,,,,,,,0.3217650128699461,0.1113788200388419,1,0,0,0,0,0,0,0,0
320762,Bear,Neutral,Neutral,Neutral,Neutral,Neutral,0,0,0,0,NO_EFFECT,NO_EFFECT,NO_EFFECT,NO_EFFECT,base,warmup_lt_30|base_pred=Neutral,,,,,,,,,,0.6308676004664449,0.3051878999173562,1,0,1,1,1,0,0,0,0
320763,Bear,Bear,Bear,Bear,Bear,Bear,0,0,0,0,NO_EFFECT,NO_EFFECT,NO_EFFECT,NO_EFFECT,base,warmup_lt_30|ruleb_off,,,,,,,,,,1.4451113384311611,0.2335278752319936,0,0,1,0,0,0,0,0,0
320764,Bull,Bull,Bull,Bull,Bull,Bull,0,0,0,0,NO_EFFECT,NO_EFFECT,NO_EFFECT,NO_EFFECT,base,warmup_lt_30|base_pred=Bull,,,,,,,,,,4.586733880085376,0.0037780460098555,0,0,1,0,0,0,0,0,0
320765,Bull,Neutral,Neutral,Neutral,Neutral,Neutral,0,0,0,0,NO_EFFECT,NO_EFFECT,NO_EFFECT,NO_EFFECT,base,warmup_lt_30|base_pred=Neutral,,,,,,,,,,0.6286243587692297,1.0,1,0,0,0,0,0,0,0,0
320766,Bear,Bear,Bear,Bear,Bear,Bear,0,0,0,0,NO_EFFECT,NO_EFFECT,NO_EFFECT,NO_EFFECT,base,warmup_lt_30|mode=OFF|base,,,,,,,,,,3.0384492642879195,1.0,2,1,1,0,0,1,0,0,0
320767,Bull,Bull,Bull,Bull,Bull,Bull,0,0,0,0,NO_EFFECT,NO_EFFECT,NO_EFFECT,NO_EFFECT,base,warmup_lt_30|base_pred=Bull,,,,,,,,,,1.4931208656435049,0.2494685213208883,0,1,1,1,1,0,1,1,1
320768,Bull,Neutral,Neutral,Neutral,Neutral,Neutral,0,0,0,0,NO_EFFECT,NO_EFFECT,NO_EFFECT,NO_EFFECT,base,warmup_lt_30|base_pred=Neutral,,,,,,,,,,1.4395588319130184,0.9417018172084136,2,2,2,0,2,1,1,1,1
320769,Bear,Neutral,Neutral,Neutral,Neutral,Neutral,0,0,0,0,NO_EFFECT,NO_EFFECT,NO_EFFECT,NO_EFFECT,base,warmup_lt_30|base_pred=Neutral,,,,,,,,,,0.926405180069196,0.6047316866709534,2,1,2,0,1,0,1,1,1
320770,Bear,Bear,Bear,Bear,Bear,Bear,0,0,0,0,NO_EFFECT,NO_EFFECT,NO_EFFECT,NO_EFFECT,base,warmup_lt_30|ruleb_off,,,,,,,,,,1.9382255836644615,0.0519796703762192,1,1,2,0,1,0,1,0,0
320771,Bear,Neutral,Neutral,Neutral,Neutral,Neutral,0,0,0,0,NO_EFFECT,NO_EFFECT,NO_EFFECT,NO_EFFECT,base,warmup_lt_30|base_pred=Neutral,,,,,,,,,,0.3656563708736939,0.2784494937931863,0,0,1,1,1,0,1,1,1
320772,Bull,Neutral,Neutral,Neutral,Neutral,Neutral,0,0,0,0,NO_EFFECT,NO_EFFECT,NO_EFFECT,NO_EFFECT,base,warmup_lt_30|base_pred=Neutral,,,,,,,,,,0.0510714518040913,0.4859435850258327,0,0,0,0,0,0,0,0,0
320773,Bear,Neutral,Neutral,Neutral,Neutral,Neutral,0,0,0,0,NO_EFFECT,NO_EFFECT,NO_EFFECT,NO_EFFECT,base,warmup_lt_30|base_pred=Neutral,,,,,,,,,,0.082528126094985,0.5938559721540235,2,1,1,0,0,0,1,1,1
320774,Bear,Neutral,Neutral,Neutral,Neutral,Neutral,0,0,0,0,NO_EFFECT,NO_EFFECT,NO_EFFECT,NO_EFFECT,base,warmup_lt_30|base_pred=Neutral,,,,,,,,,,0.1357741705742228,0.3090854451841213,1,2,2,0,2,0,1,1,1
320775,Bear,Bear,Bear,Bear,Bear,Bear,0,0,0,0,NO_EFFECT,NO_EFFECT,NO_EFFECT,NO_EFFECT,base,warmup_lt_30|ruleb_off,,,,,,,,,,0.6362622931119404,0.1230550489516129,1,2,2,0,2,0,1,0,0
320776,Bear,Neutral,Neutral,Neutral,Neutral,Neutral,0,0,0,0,NO_EFFECT,NO_EFFECT,NO_EFFECT,NO_EFFECT,base,warmup_lt_30|base_pred=Neutral,,,,,,,,,,0.2130720557179302,0.0837981272074662,0,1,1,0,0,0,1,0,0
320777,Bear,Neutral,Neutral,Neutral,Neutral,Neutral,0,0,0,0,NO_EFFECT,NO_EFFECT,NO_EFFECT,NO_EFFECT,base,warmup_lt_30|base_pred=Neutral,,,,,,,,,,0.3081585709915089,0.1458342750512485,1,1,1,0,0,0,0,0,0
320778,Bull,Bear,Bear,Bear,Bear,Bear,0,0,0,0,NO_EFFECT,NO_EFFECT,NO_EFFECT,NO_EFFECT,base,warmup_lt_30|ruleb_off,,,,,,,,,,1.8215564478796296,0.0903075605035364,1,1,1,1,1,0,1,0,0
320779,Bear,Neutral,Neutral,Neutral,Neutral,Neutral,0,0,0,0,NO_EFFECT,NO_EFFECT,NO_EFFECT,NO_EFFECT,base,warmup_lt_30|base_pred=Neutral,,,,,,,,,,2.543712421304008,1.0,2,2,2,1,3,1,1,1,1
320780,Bear,Neutral,Neutral,Neutral,Neutral,Neutral,0,0,0,0,NO_EFFECT,NO_EFFECT,NO_EFFECT,NO_EFFECT,base,warmup_lt_30|base_pred=Neutral,,,,,,,,,,0.2873084660586755,0.2192586499741651,1,2,2,0,2,0,1,1,1
320781,Bull,Neutral,Neutral,Neutral,Neutral,Neutral,0,0,0,0,NO_EFFECT,NO_EFFECT,NO_EFFECT,NO_EFFECT,base,warmup_lt_30|base_pred=Neutral,,,,,,,,,,0.811680590359174,0.137688581800899,1,2,3,0,2,0,1,0,0
320782,Bear,Neutral,Neutral,Neutral,Neutral,Neutral,0,0,0,0,NO_EFFECT,NO_EFFECT,NO_EFFECT,NO_EFFECT,base,warmup_lt_30|base_pred=Neutral,,,,,,,,,,1.3631556842374266,0.2004005956099154,0,1,2,0,1,0,1,1,1
320783,Bull,Neutral,Neutral,Neutral,Neutral,Neutral,0,0,0,0,NO_EFFECT,NO_EFFECT,NO_EFFECT,NO_EFFECT,base,warmup_lt_30|base_pred=Neutral,,,,,,,,,,0.2263390510524914,0.6226577506312078,1,0,1,0,0,0,0,0,0
320784,Bull,Neutral,Neutral,Neutral,Neutral,Neutral,0,0,0,0,NO_EFFECT,NO_EFFECT,NO_EFFECT,NO_EFFECT,base,warmup_lt_30|base_pred=Neutral,,,,,,,,,,0.973829298025521,1.0,2,1,1,0,0,1,1,1,1
320785,Bull,Neutral,Neutral,Neutral,Neutral,Neutral,0,0,0,0,NO_EFFECT,NO_EFFECT,NO_EFFECT,NO_EFFECT,base,warmup_lt_30|base_pred=Neutral,,,,,,,,,,0.9224133815041567,0.1769615264938427,0,1,2,1,2,0,1,0,0
320786,Bear,Neutral,Neutral,Neutral,Neutral,Neutral,0,0,0,0,NO_EFFECT,NO_EFFECT,NO_EFFECT,NO_EFFECT,base,warmup_lt_30|base_pred=Neutral,,,,,,,,,,0.7377491418319551,1.0,1,1,2,0,1,0,1,1,1
320787,Bull,Neutral,Neutral,Neutral,Neutral,Neutral,0,0,0,0,NO_EFFECT,NO_EFFECT,NO_EFFECT,NO_EFFECT,base,warmup_lt_30|base_pred=Neutral,,,,,,,,,,0.3835099709067435,0.6358702660600144,2,1,2,0,1,0,1,1,1
320788,Bull,Neutral,Neutral,Neutral,Neutral,Neutral,0,0,0,0,NO_EFFECT,NO_EFFECT,NO_EFFECT,NO_EFFECT,base,warmup_lt_30|base_pred=Neutral,,,,,,,,,,0.6311482615783461,0.4972887476968185,1,2,2,0,2,0,1,1,1
320789,Bull,Bull,Bull,Bull,Bull,Bull,0,0,0,0,NO_EFFECT,NO_EFFECT,NO_EFFECT,NO_EFFECT,base,warmup_lt_30|base_pred=Bull,,,,,,,,,,0.6300576188659761,1.0,1,2,2,0,2,0,1,1,1
320790,Bull,Neutral,Neutral,Neutral,Neutral,Neutral,0,0,0,0,NO_EFFECT,NO_EFFECT,NO_EFFECT,NO_EFFECT,base,regime_aggressive|base_pred=Neutral,0.3333333333333333,0.8666666666666667,0.7,0.44379076576328275,0.1578327690951053,0.0,0.0,0.0,0.0,0.0746003603126155,0.2433110678775651,1,2,2,1,3,0,1,1,1
320791,Bear,Neutral,Neutral,Neutral,Neutral,Neutral,0,0,0,0,NO_EFFECT,NO_EFFECT,NO_EFFECT,NO_EFFECT,base,regime_aggressive|base_pred=Neutral,0.3333333333333333,0.9,0.7333333333333333,0.44485070102633256,0.15985072888604063,0.0,0.0,0.0,0.0,0.2087816300208942,0.5270063143061303,2,2,2,1,3,0,1,1,1
320792,Bear,Neutral,Neutral,Neutral,Neutral,Neutral,0,0,0,0,NO_EFFECT,NO_EFFECT,NO_EFFECT,NO_EFFECT,base,persist_AGGRESSIVE|regime_balanced|base_pred=Neutral,0.2,0.9333333333333333,0.7333333333333333,0.45870495083524215,0.19746701404846084,0.0,0.0,0.0,0.0,0.1375403330439439,0.8322233592788162,2,3,3,1,3,0,1,1,1
320793,Bull,Neutral,Neutral,Neutral,Neutral,Neutral,0,0,0,0,NO_EFFECT,NO_EFFECT,NO_EFFECT,NO_EFFECT,base,persist_AGGRESSIVE|regime_balanced|base_pred=Neutral,0.2,0.9333333333333333,0.7333333333333333,0.4762727994806241,0.26588865563072306,0.0,0.0,0.0,0.0,0.6440989897346299,0.5101778386277593,2,3,3,0,2,0,1,1,1
320794,Bull,Neutral,Neutral,Neutral,Neutral,Neutral,0,0,0,0,NO_EFFECT,NO_EFFECT,NO_EFFECT,NO_EFFECT,base,regime_aggressive|base_pred=Neutral,0.25,0.9333333333333333,0.7666666666666667,0.4854944649271497,0.2351841706604174,0.0,0.0,0.0,0.0,1.404570206970675,0.1562493496298519,1,3,3,0,2,1,1,0,0
320795,Bull,Bull,Bull,Bull,Bull,Bull,0,0,0,0,NO_EFFECT,NO_EFFECT,NO_EFFECT,NO_EFFECT,base,regime_aggressive|base_pred=Bull,0.25,0.9333333333333333,0.8,0.4905768417144829,0.10099800792389546,0.0,0.0,0.0,0.0,0.1509659933490184,0.3207623062891896,0,2,2,0,2,0,1,1,1
320796,Bull,Neutral,Neutral,Neutral,Neutral,Neutral,0,0,0,0,NO_EFFECT,NO_EFFECT,NO_EFFECT,NO_EFFECT,base,regime_aggressive|base_pred=Neutral,0.25,0.9666666666666667,0.7666666666666667,0.4679355852574559,0.15653000957873792,0.0,0.0,0.0,0.0,0.2594600727279612,0.2945362245635683,0,1,1,1,1,0,1,1,1
320797,Bear,Neutral,Neutral,Neutral,Neutral,Neutral,0,0,0,0,NO_EFFECT,NO_EFFECT,NO_EFFECT,NO_EFFECT,base,regime_aggressive|base_pred=Neutral,0.3333333333333333,0.9666666666666667,0.7333333333333333,0.44442012607624154,0.08598363203509479,0.0,0.0,0.0,0.0,0.4894753923254029,0.9925443182568292,2,1,1,0,0,0,1,1,1
320798,Bull,Neutral,Neutral,Neutral,Neutral,Neutral,0,0,0,0,NO_EFFECT,NO_EFFECT,NO_EFFECT,NO_EFFECT,base,regime_aggressive|base_pred=Neutral,0.3333333333333333,0.9666666666666667,0.7666666666666667,0.4691893193074395,0.10233095001781989,0.0,0.0,0.0,0.0,0.8484325220179016,0.6062292248442006,1,1,2,0,1,0,1,1,1
320799,Bear,Neutral,Neutral,Neutral,Neutral,Neutral,0,0,0,0,NO_EFFECT,NO_EFFECT,NO_EFFECT,NO_EFFECT,base,regime_aggressive|base_pred=Neutral,0.3333333333333333,0.9666666666666667,0.7666666666666667,0.45800689956196583,0.13544565120813795,0.0,0.0,0.0,0.0,0.7585913377897668,1.0,2,2,3,0,2,0,1,1,1
320800,Bear,Neutral,Neutral,Neutral,Neutral,Neutral,0,0,0,0,NO_EFFECT,NO_EFFECT,NO_EFFECT,NO_EFFECT,base,regime_aggressive|base_pred=Neutral,0.3333333333333333,0.9666666666666667,0.7666666666666667,0.4711825100062673,0.11568223554168566,0.0,0.0,0.0,0.0,0.2438105953806371,0.862768870447019,2,2,3,0,2,0,1,1,1
320801,Bull,Bear,Neutral,Bear,Neutral,Neutral,1,0,1,1,GOOD_NEUTRALIZE_WRONG_BASE,NO_EFFECT,GOOD_NEUTRALIZE_WRONG_BASE,GOOD_NEUTRALIZE_WRONG_BASE,winner,regime_aggressive|mode=AGGRESSIVE|current_h018,0.5,0.9666666666666667,0.7666666666666667,0.498208816675294,0.16806144592356376,0.0,0.0,0.0,0.0,1.1462925282048673,0.182722298996748,1,2,2,0,2,1,1,0,1
320802,Bear,Bear,Bear,Bear,Bear,Bear,0,0,0,0,NO_EFFECT,NO_EFFECT,NO_EFFECT,NO_EFFECT,base,regime_aggressive|ruleb_off,0.6666666666666666,0.9666666666666667,0.8,0.4950179101820794,0.12120520336697832,1.0,0.0,0.0,0.0,0.3086612595507176,0.3312895733062742,1,1,1,0,0,0,1,1,1
320803,Bear,Neutral,Neutral,Neutral,Neutral,Neutral,0,0,0,0,NO_EFFECT,NO_EFFECT,NO_EFFECT,NO_EFFECT,base,regime_aggressive|base_pred=Neutral,0.5,1.0,0.8333333333333334,0.48986277645809406,0.053797836057075,1.0,0.0,0.0,0.0,0.2800415394885931,0.3415149868596454,0,0,1,0,0,0,0,0,0
320804,Bull,Bull,Bull,Bull,Bull,Bull,0,0,0,0,NO_EFFECT,NO_EFFECT,NO_EFFECT,NO_EFFECT,base,regime_aggressive|base_pred=Bull,0.5,1.0,0.8,0.48145141028161476,0.04111545755657675,1.0,0.0,0.0,0.0,0.1313161941689031,1.0,1,0,1,0,0,0,1,1,1
320805,Bull,Neutral,Neutral,Neutral,Neutral,Neutral,0,0,0,0,NO_EFFECT,NO_EFFECT,NO_EFFECT,NO_EFFECT,base,regime_aggressive|base_pred=Neutral,0.5,1.0,0.8,0.5044818954421441,0.13313232737130493,1.0,0.0,0.0,0.0,0.0338752573261444,0.2344770010512946,1,1,2,1,2,0,1,1,1
320806,Bear,Neutral,Neutral,Neutral,Neutral,Neutral,0,0,0,0,NO_EFFECT,NO_EFFECT,NO_EFFECT,NO_EFFECT,base,regime_aggressive|base_pred=Neutral,0.6666666666666666,1.0,0.8,0.5081959605121333,0.11461843398063659,1.0,0.0,0.0,0.0,0.3813461123645538,0.2608559160373437,1,1,1,0,0,0,1,1,1
320807,Bear,Neutral,Neutral,Neutral,Neutral,Neutral,0,0,0,0,NO_EFFECT,NO_EFFECT,NO_EFFECT,NO_EFFECT,base,regime_aggressive|base_pred=Neutral,0.6666666666666666,1.0,0.8333333333333334,0.5140978868064627,0.10071349826020903,1.0,0.0,0.0,0.0,0.0787597096932586,0.3923640635274554,1,2,1,0,1,0,0,0,0
320808,Bear,Neutral,Neutral,Neutral,Neutral,Neutral,0,0,0,0,NO_EFFECT,NO_EFFECT,NO_EFFECT,NO_EFFECT,base,regime_aggressive|base_pred=Neutral,0.6666666666666666,1.0,0.8333333333333334,0.5223155464223362,-0.0016400293730074456,1.0,0.0,0.0,0.0,0.1985546857740701,0.6822358760915986,2,2,1,0,1,0,0,0,0
320809,Bear,Bear,Bear,Bear,Bear,Bear,0,0,0,0,NO_EFFECT,NO_EFFECT,NO_EFFECT,NO_EFFECT,base,regime_aggressive|ruleb_off,0.5,1.0,0.8333333333333334,0.5420464902752717,-0.01983544746530086,1.0,0.0,0.0,0.0,0.407987468297506,0.4926178836254632,1,2,1,1,2,0,0,0,0
320810,Bear,Bear,Bear,Bear,Bear,Bear,0,0,0,0,NO_EFFECT,NO_EFFECT,NO_EFFECT,NO_EFFECT,base,regime_aggressive|ruleb_off,0.3333333333333333,1.0,0.8333333333333334,0.5251337530627872,-0.07057365910275448,1.0,0.0,0.0,0.0,1.2831363593741116,0.2509115199457944,0,1,1,1,1,0,0,0,0
320811,Bull,Neutral,Neutral,Neutral,Neutral,Neutral,0,0,0,0,NO_EFFECT,NO_EFFECT,NO_EFFECT,NO_EFFECT,base,regime_aggressive|base_pred=Neutral,0.25,1.0,0.8,0.5261888487285081,-0.16393490517651954,1.0,0.0,0.0,0.0,1.7060719943310687,1.0,2,1,1,1,1,1,0,0,0
320812,Bull,Bear,Bear,Bear,Bear,Bear,0,0,0,0,NO_EFFECT,NO_EFFECT,NO_EFFECT,NO_EFFECT,base,regime_aggressive|ruleb_off,0.25,1.0,0.8,0.5549325626684781,-0.08445882093598678,1.0,0.0,0.0,0.0,0.8817165098826081,0.5103042039794373,2,1,1,0,0,0,1,1,1
320813,Bear,Neutral,Neutral,Neutral,Neutral,Neutral,0,0,0,0,NO_EFFECT,NO_EFFECT,NO_EFFECT,NO_EFFECT,base,regime_aggressive|base_pred=Neutral,0.4,1.0,0.8333333333333334,0.5652626829474623,-0.07310180675348832,1.0,0.0,0.0,0.0,0.3393405718779831,0.6307034968061224,2,2,2,0,2,0,1,1,1
320814,Bull,Bear,Bear,Bear,Bear,Bear,0,0,0,0,NO_EFFECT,NO_EFFECT,NO_EFFECT,NO_EFFECT,base,regime_aggressive|ruleb_off,0.4,1.0,0.8333333333333334,0.5655308744866261,-0.03012581757026256,1.0,0.0,0.0,0.0,1.0070249452564894,0.1126249702667257,1,1,1,0,0,0,1,0,0
320815,Bear,Bull,Bull,Bull,Bull,Bull,0,0,0,0,NO_EFFECT,NO_EFFECT,NO_EFFECT,NO_EFFECT,base,regime_aggressive|base_pred=Bull,0.5,1.0,0.8333333333333334,0.5359517068288503,-0.11886332054359,1.0,0.0,0.0,0.0,0.3808282554800826,0.3757826857058283,0,1,1,0,0,0,0,0,0
320816,Bull,Bear,Bear,Bear,Bear,Bear,0,0,0,0,NO_EFFECT,NO_EFFECT,NO_EFFECT,NO_EFFECT,base,regime_aggressive|ruleb_off,0.5,1.0,0.8333333333333334,0.5425790788025832,-0.10760852580600921,1.0,0.0,0.0,0.0,0.6771685812964279,0.1285043454914948,1,0,0,1,1,0,0,0,0
320817,Bear,Neutral,Neutral,Neutral,Neutral,Neutral,0,0,0,0,NO_EFFECT,NO_EFFECT,NO_EFFECT,NO_EFFECT,base,regime_aggressive|base_pred=Neutral,0.5714285714285714,1.0,0.8333333333333334,0.5135292236522997,-0.08388647866246135,1.0,0.0,0.0,0.0,0.3211796456816955,1.0,2,1,1,0,0,0,0,0,0
320818,Bear,Neutral,Neutral,Neutral,Neutral,Neutral,0,0,0,0,NO_EFFECT,NO_EFFECT,NO_EFFECT,NO_EFFECT,base,regime_aggressive|base_pred=Neutral,0.5714285714285714,1.0,0.8333333333333334,0.5256668814502992,-0.010947574888579004,1.0,0.0,0.0,0.0,0.2334843121861922,0.4436796100865293,0,1,1,0,0,0,0,0,0
320819,Bull,Bull,Bull,Bull,Bull,Bull,0,0,0,0,NO_EFFECT,NO_EFFECT,NO_EFFECT,NO_EFFECT,base,regime_aggressive|base_pred=Bull,0.5714285714285714,1.0,0.8,0.5238799101966228,-0.04405055790882484,1.0,0.0,0.0,0.0,3.087770745436501,0.3255826004801951,0,1,1,0,0,0,0,0,0
320820,Bull,Neutral,Neutral,Neutral,Neutral,Neutral,0,0,0,0,NO_EFFECT,NO_EFFECT,NO_EFFECT,NO_EFFECT,base,regime_aggressive|base_pred=Neutral,0.5714285714285714,1.0,0.7666666666666667,0.5013993302126294,-0.035384980404624955,1.0,0.0,0.0,0.0,0.2361523059444152,0.9240537941119716,1,0,0,0,0,0,0,0,0
320821,Bear,Neutral,Neutral,Neutral,Neutral,Neutral,0,0,0,0,NO_EFFECT,NO_EFFECT,NO_EFFECT,NO_EFFECT,base,regime_aggressive|base_pred=Neutral,0.5714285714285714,0.9666666666666667,0.7666666666666667,0.524090754420443,0.0315492244085811,1.0,0.0,0.0,0.0,0.3437802111184282,0.4336588768672881,1,1,1,0,0,0,0,0,0
320822,Bull,Neutral,Neutral,Neutral,Neutral,Neutral,0,0,0,0,NO_EFFECT,NO_EFFECT,NO_EFFECT,NO_EFFECT,base,regime_aggressive|base_pred=Neutral,0.5714285714285714,0.9666666666666667,0.7666666666666667,0.5209791731724814,-0.04873457218938332,1.0,0.0,0.0,0.0,0.234697822950693,0.3027307100076016,1,2,1,1,2,0,1,1,1
320823,Bull,Neutral,Neutral,Neutral,Neutral,Neutral,0,0,0,0,NO_EFFECT,NO_EFFECT,NO_EFFECT,NO_EFFECT,base,regime_aggressive|base_pred=Neutral,0.5714285714285714,0.9666666666666667,0.7666666666666667,0.5033294181967742,-0.053395963821598114,1.0,0.0,0.0,0.0,0.7274176113151043,1.0,2,3,2,0,2,0,1,1,1
320824,Bear,Bear,Bear,Bear,Bear,Bear,0,0,0,0,NO_EFFECT,NO_EFFECT,NO_EFFECT,NO_EFFECT,base,regime_aggressive|ruleb_off,0.5714285714285714,0.9666666666666667,0.7666666666666667,0.519656823575849,-0.02249259641112833,1.0,0.0,0.0,0.0,0.1040028832721873,0.4663547382533426,1,2,1,0,1,0,1,1,1
320825,Bear,Bull,Bull,Bull,Bull,Bull,0,0,0,0,NO_EFFECT,NO_EFFECT,NO_EFFECT,NO_EFFECT,base,regime_aggressive|base_pred=Bull,0.5,0.9666666666666667,0.7666666666666667,0.5299936698632987,0.015061599355689737,1.0,0.0,0.0,0.0,0.6039699306893453,0.161699840108016,0,1,1,1,1,0,0,0,0
320826,Bull,Neutral,Neutral,Neutral,Neutral,Neutral,0,0,0,0,NO_EFFECT,NO_EFFECT,NO_EFFECT,NO_EFFECT,base,regime_aggressive|base_pred=Neutral,0.5,0.9666666666666667,0.7666666666666667,0.5246915876572595,-0.009097704174923393,1.0,0.0,0.0,0.0,0.4629468759285373,0.003062826321608,1,1,1,0,0,0,0,0,0
320827,Bear,Bull,Bull,Bull,Bull,Bull,0,0,0,0,NO_EFFECT,NO_EFFECT,NO_EFFECT,NO_EFFECT,base,regime_aggressive|base_pred=Bull,0.5,0.9666666666666667,0.8,0.5149758077158608,-0.013340262138308634,1.0,0.0,0.0,0.0,0.8859365861371771,0.1960980295204293,0,1,1,0,0,0,0,0,0
320828,Bull,Neutral,Neutral,Neutral,Neutral,Neutral,0,0,0,0,NO_EFFECT,NO_EFFECT,NO_EFFECT,NO_EFFECT,base,regime_aggressive|base_pred=Neutral,0.5,0.9666666666666667,0.7666666666666667,0.4884275980913142,-0.09410324327342418,1.0,0.0,0.0,0.0,0.0459825987836666,0.7854033676473018,1,1,1,0,0,0,0,0,0
320829,Bear,Bear,Bear,Bear,Bear,Bear,0,0,0,0,NO_EFFECT,NO_EFFECT,NO_EFFECT,NO_EFFECT,base,regime_aggressive|ruleb_off,0.5,0.9666666666666667,0.7666666666666667,0.4944000695180843,-0.051803386779463445,1.0,0.0,0.0,0.0,1.1556554393864644,0.0692479932740063,0,0,0,1,1,0,0,0,0
320830,Bull,Neutral,Neutral,Neutral,Neutral,Neutral,0,0,0,0,NO_EFFECT,NO_EFFECT,NO_EFFECT,NO_EFFECT,base,regime_aggressive|base_pred=Neutral,0.4444444444444444,0.9666666666666667,0.7333333333333333,0.46337500262721776,-0.04371597752409201,1.0,0.0,0.0,0.0,1.0216994651946152,0.1252904978923537,1,1,1,1,1,0,1,0,0
320831,Bear,Neutral,Neutral,Neutral,Neutral,Neutral,0,0,0,0,NO_EFFECT,NO_EFFECT,NO_EFFECT,NO_EFFECT,base,regime_aggressive|base_pred=Neutral,0.4444444444444444,0.9666666666666667,0.7333333333333333,0.43879239020872896,-0.12665655332930137,1.0,0.0,0.0,0.0,2.8284301006442547,1.0,2,2,2,0,2,1,1,1,1
320832,Bull,Neutral,Neutral,Neutral,Neutral,Neutral,0,0,0,0,NO_EFFECT,NO_EFFECT,NO_EFFECT,NO_EFFECT,base,regime_aggressive|base_pred=Neutral,0.375,0.9666666666666667,0.7333333333333333,0.4660349802421707,-0.08256926990955721,0.0,0.0,0.0,0.0,0.8639613520972489,0.8135419957477305,2,3,3,0,2,0,1,1,1
320833,Bull,Bull,Bull,Bull,Bull,Bull,0,0,0,0,NO_EFFECT,NO_EFFECT,NO_EFFECT,NO_EFFECT,base,regime_aggressive|base_pred=Bull,0.42857142857142855,0.9666666666666667,0.7333333333333333,0.48211006099021925,-0.03006019817061062,0.0,0.0,0.0,0.0,0.4390630284360668,0.0799158732342291,0,2,2,0,2,0,1,0,0
320834,Bull,Neutral,Neutral,Neutral,Neutral,Neutral,0,0,0,0,NO_EFFECT,NO_EFFECT,NO_EFFECT,NO_EFFECT,base,regime_aggressive|base_pred=Neutral,0.42857142857142855,0.9666666666666667,0.7333333333333333,0.47339009053603864,-0.1549928615042055,0.0,0.0,0.0,0.0,0.582330948793242,0.0177335603137423,1,1,1,1,1,0,1,0,0
320835,Bear,Bull,Bull,Bull,Bull,Bull,0,0,0,0,NO_EFFECT,NO_EFFECT,NO_EFFECT,NO_EFFECT,base,regime_aggressive|base_pred=Bull,0.42857142857142855,0.9666666666666667,0.7333333333333333,0.44064787587983006,-0.17317271621083258,0.0,0.0,0.0,0.0,0.6041818324229098,0.2659205260925855,0,0,0,1,1,0,0,0,0
320836,Bull,Neutral,Neutral,Neutral,Neutral,Neutral,0,0,0,0,NO_EFFECT,NO_EFFECT,NO_EFFECT,NO_EFFECT,base,regime_aggressive|base_pred=Neutral,0.42857142857142855,0.9666666666666667,0.7,0.4416959933812065,-0.15911178956521177,0.0,0.0,0.0,0.0,0.8876275763705053,0.1867338169707574,1,1,1,1,1,0,0,0,0
320837,Bull,Bull,Bull,Bull,Bull,Bull,0,0,0,0,NO_EFFECT,NO_EFFECT,NO_EFFECT,NO_EFFECT,base,regime_aggressive|base_pred=Bull,0.42857142857142855,0.9666666666666667,0.7,0.4392252567456536,-0.12785503601451004,0.0,0.0,0.0,0.0,0.1341757583159051,0.0179410057957571,0,1,1,1,1,0,0,0,0
320838,Bull,Bear,Bear,Bear,Bear,Bear,0,0,0,0,NO_EFFECT,NO_EFFECT,NO_EFFECT,NO_EFFECT,base,regime_aggressive|ruleb_off,0.42857142857142855,0.9666666666666667,0.6666666666666666,0.42674448815459703,-0.13585743668662598,0.0,0.0,0.0,0.0,1.730716967229455,0.0730884333140295,1,1,1,1,1,0,0,0,0
320839,Bear,Bear,Bear,Bear,Bear,Bear,0,0,0,0,NO_EFFECT,NO_EFFECT,NO_EFFECT,NO_EFFECT,base,regime_aggressive|ruleb_off,0.5,0.9666666666666667,0.6666666666666666,0.4064395733953447,-0.21224730469773834,0.0,0.0,0.0,0.0,0.2999917785164143,0.5515720847056559,2,0,0,0,0,0,0,0,0
320840,Bear,Bear,Bear,Bear,Bear,Bear,0,0,0,0,NO_EFFECT,NO_EFFECT,NO_EFFECT,NO_EFFECT,base,regime_aggressive|ruleb_off,0.5,0.9333333333333333,0.6666666666666666,0.4084047134313512,-0.14284640103700053,0.0,0.0,0.0,0.0,0.6287890879193583,0.7285788336918462,1,0,0,0,0,0,0,0,0
320841,Bear,Neutral,Neutral,Neutral,Neutral,Neutral,0,0,0,0,NO_EFFECT,NO_EFFECT,NO_EFFECT,NO_EFFECT,base,regime_aggressive|base_pred=Neutral,0.5,0.9,0.7,0.4243269572228862,-0.07623651635437917,0.0,0.0,0.0,0.0,0.2126376416272251,0.2152476102227509,0,0,0,0,0,0,0,0,0
320842,Bull,Bull,Bull,Bull,Bull,Bull,0,0,0,0,NO_EFFECT,NO_EFFECT,NO_EFFECT,NO_EFFECT,base,regime_aggressive|base_pred=Bull,0.5,0.8666666666666667,0.6666666666666666,0.3981685442303112,-0.15471175533210413,0.0,0.0,0.0,0.0,0.5974016694181046,0.2243986254494437,0,0,0,0,0,0,0,0,0
320843,Bull,Bear,Bear,Bear,Bear,Bear,0,0,0,0,NO_EFFECT,NO_EFFECT,NO_EFFECT,NO_EFFECT,base,regime_aggressive|ruleb_off,0.42857142857142855,0.8333333333333334,0.6333333333333333,0.3886383582793114,-0.22878798195034752,0.0,0.0,0.0,0.0,0.4056622882089868,0.3207185969734353,1,0,0,0,0,0,0,0,0
320844,Bull,Neutral,Neutral,Neutral,Neutral,Neutral,0,0,0,0,NO_EFFECT,NO_EFFECT,NO_EFFECT,NO_EFFECT,base,regime_aggressive|base_pred=Neutral,0.5,0.8,0.6333333333333333,0.37830552828488856,-0.1771683283978322,0.0,0.0,0.0,0.0,0.1691652288918703,0.0391055562593939,0,0,1,0,0,0,0,0,0
320845,Bull,Bull,Bull,Bull,Bull,Bull,0,0,0,0,NO_EFFECT,NO_EFFECT,NO_EFFECT,NO_EFFECT,base,regime_aggressive|base_pred=Bull,0.42857142857142855,0.8,0.6,0.37585488115131077,-0.1702865583056179,0.0,0.0,0.0,0.0,0.5797130437167652,0.4609420239951993,0,0,1,0,0,0,0,0,0
320846,Bull,Neutral,Neutral,Neutral,Neutral,Neutral,0,0,0,0,NO_EFFECT,NO_EFFECT,NO_EFFECT,NO_EFFECT,base,regime_aggressive|base_pred=Neutral,0.42857142857142855,0.8,0.6,0.3786935257609565,-0.1452913005346943,0.0,0.0,0.0,0.0,1.7699353196021548,1.0,1,0,1,0,0,1,0,0,0
320847,Bull,Neutral,Neutral,Neutral,Neutral,Neutral,0,0,0,0,NO_EFFECT,NO_EFFECT,NO_EFFECT,NO_EFFECT,base,regime_aggressive|base_pred=Neutral,0.3333333333333333,0.8,0.6,0.40774338091124,-0.0668761558057333,0.0,0.0,0.0,0.0,0.826221306955631,1.0,1,0,0,0,0,0,0,0,0
320848,Bull,Bear,Bear,Bear,Bear,Bear,0,0,0,0,NO_EFFECT,NO_EFFECT,NO_EFFECT,NO_EFFECT,base,regime_aggressive|ruleb_off,0.3333333333333333,0.7666666666666667,0.6,0.40774338091124,0.08043269332490316,0.0,0.0,0.0,0.0,0.7948178237875254,0.0590032615883353,1,0,0,0,0,0,0,0,0
320849,Bear,Neutral,Neutral,Neutral,Neutral,Neutral,0,0,0,0,NO_EFFECT,NO_EFFECT,NO_EFFECT,NO_EFFECT,base,regime_aggressive|base_pred=Neutral,0.42857142857142855,0.7333333333333333,0.6333333333333333,0.3949208359613002,0.09755373499095876,0.0,0.0,0.0,0.0,0.1574850594352028,1.0,2,1,0,0,0,0,0,0,0
320850,Bear,Bear,Bear,Bear,Bear,Bear,0,0,0,0,NO_EFFECT,NO_EFFECT,NO_EFFECT,NO_EFFECT,base,regime_aggressive|ruleb_off,0.42857142857142855,0.7333333333333333,0.6666666666666666,0.4174014159452936,0.13109705230912017,0.0,0.0,0.0,0.0,0.8759987090543291,0.0792669941428747,1,1,0,0,0,0,0,0,0
320850,Bear,Neutral,Neutral,Neutral,Neutral,Neutral,0,0,0,0,NO_EFFECT,NO_EFFECT,NO_EFFECT,NO_EFFECT,base,regime_aggressive|base_pred=Neutral,0.375,0.7666666666666667,0.6666666666666666,0.3892418559463238,0.07593961637522922,0.0,0.0,0.0,0.0,1.2491010913945502,0.0531324621401897,1,1,0,0,0,0,0,0,0
320851,Bear,Neutral,Neutral,Neutral,Neutral,Neutral,0,0,0,0,NO_EFFECT,NO_EFFECT,NO_EFFECT,NO_EFFECT,base,regime_aggressive|base_pred=Neutral,0.375,0.7666666666666667,0.6666666666666666,0.37655764212208714,0.07064866489920002,0.0,0.0,0.0,0.0,0.4537098413693456,0.0796321402663055,1,1,1,0,0,0,0,0,0
320852,Bull,Neutral,Neutral,Neutral,Neutral,Neutral,0,0,0,0,NO_EFFECT,NO_EFFECT,NO_EFFECT,NO_EFFECT,base,regime_aggressive|base_pred=Neutral,0.375,0.7666666666666667,0.6666666666666666,0.3691210231307106,0.06008862060879405,0.0,0.0,0.0,0.0,0.1967518975743587,0.2015644517653162,0,1,2,0,1,0,0,0,0
320853,Bear,Neutral,Neutral,Neutral,Neutral,Neutral,0,0,0,0,NO_EFFECT,NO_EFFECT,NO_EFFECT,NO_EFFECT,base,regime_aggressive|base_pred=Neutral,0.375,0.7666666666666667,0.6333333333333333,0.34250650485622114,0.08213727623931039,0.0,0.0,0.0,0.0,0.3567071330544422,0.1318859818957385,1,1,3,0,1,0,1,0,0
320854,Bear,Bear,Bear,Bear,Bear,Bear,0,0,0,0,NO_EFFECT,NO_EFFECT,NO_EFFECT,NO_EFFECT,base,regime_aggressive|ruleb_off,0.42857142857142855,0.7666666666666667,0.6333333333333333,0.3313575463109677,0.1127777779026422,0.0,0.0,0.0,0.0,0.4147548545042809,0.4262899240220431,1,0,2,1,2,0,1,1,1
320855,Bear,Neutral,Neutral,Neutral,Neutral,Neutral,0,0,0,0,NO_EFFECT,NO_EFFECT,NO_EFFECT,NO_EFFECT,base,regime_aggressive|base_pred=Neutral,0.375,0.7666666666666667,0.6666666666666666,0.3401772157747686,0.09435045871096748,0.0,0.0,0.0,0.0,0.193978214972958,0.0844772303789299,1,1,2,1,2,0,1,0,0
320856,Bear,Bear,Bear,Bear,Bear,Bear,0,0,0,0,NO_EFFECT,NO_EFFECT,NO_EFFECT,NO_EFFECT,base,regime_aggressive|ruleb_off,0.375,0.7666666666666667,0.6666666666666666,0.342891029243346,-0.04704867693505915,0.0,0.0,0.0,0.0,0.6673457138822414,0.393524434314187,1,1,1,1,1,0,1,1,1
320857,Bear,Bear,Bear,Bear,Bear,Bear,0,0,0,0,NO_EFFECT,NO_EFFECT,NO_EFFECT,NO_EFFECT,base,regime_aggressive|ruleb_off,0.3333333333333333,0.7666666666666667,0.7,0.349471909403138,-0.14789133202761895,0.0,0.0,0.0,0.0,0.3578444231879985,0.6519447086492085,2,1,1,0,0,0,0,0,0
320858,Bear,Neutral,Neutral,Neutral,Neutral,Neutral,0,0,0,0,NO_EFFECT,NO_EFFECT,NO_EFFECT,NO_EFFECT,base,regime_aggressive|base_pred=Neutral,0.3,0.7666666666666667,0.7,0.34502328743653493,-0.052277182018583335,0.0,0.0,0.0,0.0,0.2270651036396884,0.8144508557849722,2,1,1,0,0,0,1,1,1
320859,Bear,Neutral,Neutral,Neutral,Neutral,Neutral,0,0,0,0,NO_EFFECT,NO_EFFECT,NO_EFFECT,NO_EFFECT,base,regime_aggressive|base_pred=Neutral,0.3333333333333333,0.7666666666666667,0.7333333333333333,0.3698633828535671,-0.11736969677638576,0.0,0.0,0.0,0.0,1.2256231641404156,0.2197677789927427,0,1,2,1,2,0,1,1,1
320860,Bull,Bear,Bear,Bear,Bear,Bear,0,0,0,0,NO_EFFECT,NO_EFFECT,NO_EFFECT,NO_EFFECT,base,regime_aggressive|ruleb_off,0.3333333333333333,0.7666666666666667,0.7,0.3730126255569134,-0.10101844310392505,0.0,0.0,0.0,0.0,1.1568668552226882,0.1028587243630267,1,1,2,0,1,0,1,0,0
320861,Bear,Neutral,Neutral,Neutral,Neutral,Neutral,0,0,0,0,NO_EFFECT,NO_EFFECT,NO_EFFECT,NO_EFFECT,base,regime_aggressive|base_pred=Neutral,0.4,0.7666666666666667,0.7,0.3431079163690143,-0.048702439988650814,0.0,0.0,0.0,0.0,0.3568119097217277,0.7979627087340007,2,1,2,0,1,0,1,1,1
320862,Bull,Neutral,Neutral,Neutral,Neutral,Neutral,0,0,0,0,NO_EFFECT,NO_EFFECT,NO_EFFECT,NO_EFFECT,base,regime_aggressive|base_pred=Neutral,0.4,0.7666666666666667,0.7,0.3425886068018899,0.05982610963218998,0.0,0.0,0.0,0.0,0.6269190375878679,0.6382072245692089,2,2,2,0,2,0,1,1,1
320863,Bear,Bull,Bull,Bull,Bull,Bull,0,0,0,0,NO_EFFECT,NO_EFFECT,NO_EFFECT,NO_EFFECT,base,regime_aggressive|base_pred=Bull,0.4,0.7666666666666667,0.7333333333333333,0.36119831851305595,0.09740795798602486,0.0,0.0,0.0,0.0,1.342224031806836,0.1555322791338456,0,2,2,0,2,0,1,0,0
320864,Bull,Neutral,Neutral,Neutral,Neutral,Neutral,0,0,0,0,NO_EFFECT,NO_EFFECT,NO_EFFECT,NO_EFFECT,base,regime_aggressive|base_pred=Neutral,0.4,0.7666666666666667,0.7,0.3657916091403927,0.09406496663073571,0.0,0.0,0.0,0.0,0.2743740152654936,0.2140040796569322,1,2,2,0,2,0,1,1,1
320865,Bear,Bear,Bear,Bear,Neutral,Neutral,0,0,1,1,NO_EFFECT,NO_EFFECT,BAD_NEUTRALIZE_RIGHT_BASE,BAD_NEUTRALIZE_RIGHT_BASE,winner,regime_aggressive|mode=AGGRESSIVE|current_h018,0.4,0.7666666666666667,0.7333333333333333,0.3640610609258709,0.0648179122977518,0.0,0.0,0.0,0.0,1.1927106035764157,0.1832001797052062,1,1,1,0,0,1,1,0,1
320866,Bear,Neutral,Neutral,Neutral,Neutral,Neutral,0,0,0,0,NO_EFFECT,NO_EFFECT,NO_EFFECT,NO_EFFECT,base,persist_AGGRESSIVE|regime_balanced|base_pred=Neutral,0.36363636363636365,0.7666666666666667,0.7333333333333333,0.36394327301701923,0.07980303655997084,0.0,1.0,0.0,0.0,1.153804595103793,0.6449720846260645,2,2,2,0,2,1,1,1,1
320867,Bull,Neutral,Neutral,Neutral,Neutral,Neutral,0,0,0,0,NO_EFFECT,NO_EFFECT,NO_EFFECT,NO_EFFECT,base,persist_AGGRESSIVE|regime_balanced|base_pred=Neutral,0.36363636363636365,0.7666666666666667,0.7666666666666667,0.3848443089780295,0.08616863016523707,0.0,1.0,0.0,0.0,0.4106714439985808,0.3729901654567792,1,2,2,0,2,0,1,1,1
320868,Bear,Neutral,Neutral,Neutral,Neutral,Neutral,0,0,0,0,NO_EFFECT,NO_EFFECT,NO_EFFECT,NO_EFFECT,base,regime_balanced|base_pred=Neutral,0.3,0.7666666666666667,0.7666666666666667,0.3948410333827878,0.029330362079235228,0.0,1.0,0.0,0.0,0.3281544123437925,0.4139160325517316,1,3,3,0,2,0,1,1,1
320869,Bear,Bull,Bull,Bull,Bull,Bull,0,0,0,0,NO_EFFECT,NO_EFFECT,NO_EFFECT,NO_EFFECT,base,regime_balanced|base_pred=Bull,0.3333333333333333,0.8,0.7666666666666667,0.3902524983109903,-0.02386705879805473,0.0,1.0,0.0,0.0,0.1685810969665908,0.425240848000326,0,2,2,0,2,0,1,1,1
320870,Bull,Neutral,Neutral,Neutral,Neutral,Neutral,0,0,0,0,NO_EFFECT,NO_EFFECT,NO_EFFECT,NO_EFFECT,base,regime_balanced|base_pred=Neutral,0.375,0.8333333333333334,0.7333333333333333,0.38014123212127304,0.02212080083765877,0.0,1.0,0.0,0.0,0.2774790071507595,0.317394441105572,0,1,1,0,0,0,1,1,1
320871,Bear,Bear,Bear,Bear,Bear,Bear,0,0,0,0,NO_EFFECT,NO_EFFECT,NO_EFFECT,NO_EFFECT,base,regime_balanced|ruleb_off,0.375,0.8666666666666667,0.7333333333333333,0.38354612648403374,0.04919381680489965,0.0,1.0,0.0,0.0,0.7103844437751832,0.021590367650601,1,0,0,0,0,0,0,0,0
320872,Bull,Neutral,Neutral,Neutral,Neutral,Neutral,0,0,0,0,NO_EFFECT,NO_EFFECT,NO_EFFECT,NO_EFFECT,base,regime_balanced|base_pred=Neutral,0.3333333333333333,0.8666666666666667,0.7666666666666667,0.37678585122407227,-0.057121621467668304,0.0,1.0,0.0,0.0,0.1722527799829549,0.9030630226138712,2,1,1,0,0,0,0,0,0
320873,Bull,Neutral,Neutral,Neutral,Neutral,Neutral,0,0,0,0,NO_EFFECT,NO_EFFECT,NO_EFFECT,NO_EFFECT,base,regime_balanced|base_pred=Neutral,0.25,0.9,0.7666666666666667,0.39619733207875346,-0.04651047304299072,0.0,1.0,0.0,0.0,0.0614785550078522,0.4633545457281027,0,1,1,0,0,0,1,1,1
320879,Bear,Neutral,Neutral,Neutral,Neutral,Neutral,0,0,0,0,NO_EFFECT,NO_EFFECT,NO_EFFECT,NO_EFFECT,base,regime_balanced|base_pred=Neutral,0.25,0.9,0.7666666666666667,0.4103389650610437,-0.021549582527287614,0.0,1.0,0.0,0.0,0.4060438294527557,1.0,2,2,2,0,2,0,1,1,1
320880,Bear,Neutral,Neutral,Neutral,Neutral,Neutral,0,0,0,0,NO_EFFECT,NO_EFFECT,NO_EFFECT,NO_EFFECT,base,regime_balanced|base_pred=Neutral,0.25,0.9,0.8,0.4283075642612038,0.06939690672393256,0.0,1.0,0.0,0.0,0.1198062973653577,0.164027301575338,1,2,2,0,2,0,1,0,0
320881,Bear,Bull,Bull,Bull,Bull,Bull,0,0,0,0,NO_EFFECT,NO_EFFECT,NO_EFFECT,NO_EFFECT,base,regime_balanced|base_pred=Bull,0.25,0.9,0.8,0.40044180764704834,0.1083196099256854,0.0,1.0,0.0,0.0,0.8994771941725048,0.1646965701153931,0,2,2,0,2,0,1,0,0
320882,Bull,Bear,Bear,Bear,Bear,Bear,0,0,0,0,NO_EFFECT,NO_EFFECT,NO_EFFECT,NO_EFFECT,base,regime_balanced|ruleb_off,0.25,0.9333333333333333,0.7666666666666667,0.37259835998422813,0.07804345424331516,0.0,1.0,0.0,0.0,0.4201665212931402,0.0614036511372206,1,1,1,0,0,0,1,0,0
320883,Bear,Neutral,Neutral,Neutral,Neutral,Neutral,0,0,0,0,NO_EFFECT,NO_EFFECT,NO_EFFECT,NO_EFFECT,base,regime_balanced|base_pred=Neutral,0.25,0.9666666666666667,0.7666666666666667,0.372678372969191,0.031185457617937007,0.0,1.0,0.0,0.0,0.6764086523544393,0.8833554080145206,2,1,1,1,1,0,0,0,0
320884,Bear,Neutral,Neutral,Neutral,Neutral,Neutral,0,0,0,0,NO_EFFECT,NO_EFFECT,NO_EFFECT,NO_EFFECT,base,regime_balanced|base_pred=Neutral,0.25,0.9666666666666667,0.7666666666666667,0.3687902199030083,0.10743359353662929,0.0,1.0,0.0,0.0,0.3455227629619912,0.3957955285843298,0,1,1,0,0,0,0,0,0
320885,Bull,Bull,Bull,Bull,Bull,Bull,0,0,0,0,NO_EFFECT,NO_EFFECT,NO_EFFECT,NO_EFFECT,base,regime_balanced|base_pred=Bull,0.2857142857142857,0.9666666666666667,0.7333333333333333,0.37934117105105675,0.0871903689021572,0.0,1.0,0.0,0.0,0.1473229389703192,0.1875336689183763,0,1,1,0,0,0,0,0,0
320886,Bear,Neutral,Neutral,Neutral,Neutral,Neutral,0,0,0,0,NO_EFFECT,NO_EFFECT,NO_EFFECT,NO_EFFECT,base,regime_balanced|base_pred=Neutral,0.2857142857142857,0.9666666666666667,0.7,0.3838212112769963,0.060991192735168565,0.0,1.0,0.0,0.0,0.3849444782008504,0.9781493872859928,2,1,1,0,0,0,1,1,1
320887,Bull,Neutral,Neutral,Neutral,Neutral,Neutral,0,0,0,0,NO_EFFECT,NO_EFFECT,NO_EFFECT,NO_EFFECT,base,regime_balanced|base_pred=Neutral,0.2857142857142857,0.9666666666666667,0.7,0.4137717861776526,0.15954918332949286,0.0,1.0,0.0,0.0,0.5511813374614576,0.9572648706300616,2,2,2,0,2,0,1,1,1
320888,Bull,Bear,Bear,Bear,Bear,Bear,0,0,0,0,NO_EFFECT,NO_EFFECT,NO_EFFECT,NO_EFFECT,base,regime_balanced|ruleb_off,0.2857142857142857,0.9666666666666667,0.7333333333333333,0.43896180013981084,0.12989443958868419,0.0,1.0,0.0,0.0,0.7349769614775141,0.0563888293969713,1,2,2,0,2,0,1,0,0
320888,Bull,Neutral,Neutral,Neutral,Neutral,Neutral,0,0,0,0,NO_EFFECT,NO_EFFECT,NO_EFFECT,NO_EFFECT,base,regime_balanced|base_pred=Neutral,0.375,0.9666666666666667,0.7333333333333333,0.4364452283898518,0.07262443976395289,0.0,1.0,0.0,0.0,0.6244005001535697,1.0,2,2,2,0,2,0,1,1,1
320889,Bear,Bull,Bull,Bull,Bull,Bull,0,0,0,0,NO_EFFECT,NO_EFFECT,NO_EFFECT,NO_EFFECT,base,regime_balanced|base_pred=Bull,0.42857142857142855,0.9666666666666667,0.7333333333333333,0.4555688975891171,0.04393893596505505,0.0,1.0,0.0,0.0,0.7897792563635448,0.1052967722251371,0,1,1,0,0,0,1,0,0
320889,Bear,Bull,Bull,Bull,Bull,Bull,0,0,0,0,NO_EFFECT,NO_EFFECT,NO_EFFECT,NO_EFFECT,base,regime_balanced|base_pred=Bull,0.42857142857142855,0.9666666666666667,0.7,0.456262882317324,0.03408837947021465,0.0,1.0,0.0,0.0,0.6316077064166166,0.4053205938125536,0,1,1,0,0,0,0,0,0
320891,Bull,Neutral,Neutral,Neutral,Neutral,Neutral,0,0,0,0,NO_EFFECT,NO_EFFECT,NO_EFFECT,NO_EFFECT,base,regime_balanced|base_pred=Neutral,0.5,0.9666666666666667,0.6666666666666666,0.4566560876339362,0.0695921750498702,0.0,1.0,0.0,0.0,0.165132928519597,0.1510180095584158,1,1,0,0,0,0,0,0,0
320892,Bear,Neutral,Neutral,Neutral,Neutral,Neutral,0,0,0,0,NO_EFFECT,NO_EFFECT,NO_EFFECT,NO_EFFECT,base,regime_balanced|base_pred=Neutral,0.6,0.9666666666666667,0.6666666666666666,0.4399585309975764,0.10808066376758912,0.0,1.0,0.0,0.0,0.4285552537912735,0.2095565672770732,0,1,0,0,0,0,0,0,0
320893,Bull,Neutral,Neutral,Neutral,Neutral,Neutral,0,0,0,0,NO_EFFECT,NO_EFFECT,NO_EFFECT,NO_EFFECT,base,regime_balanced|base_pred=Neutral,0.6,0.9666666666666667,0.6333333333333333,0.4197953880473131,0.03725555208236697,0.0,1.0,0.0,0.0,0.6367491127166431,1.0,2,2,1,0,1,0,1,1,1
320894,Bear,Neutral,Neutral,Neutral,Neutral,Neutral,0,0,0,0,NO_EFFECT,NO_EFFECT,NO_EFFECT,NO_EFFECT,base,regime_balanced|base_pred=Neutral,0.6,0.9666666666666667,0.6666666666666666,0.44580312874755507,0.08887461174435463,0.0,1.0,0.0,0.0,1.3105236072315165,0.1033854389042517,1,2,2,0,2,0,1,0,0
320895,Bull,Bear,Bear,Bear,Bear,Bear,0,0,0,0,NO_EFFECT,NO_EFFECT,NO_EFFECT,NO_EFFECT,base,regime_balanced|ruleb_off,0.5,0.9666666666666667,0.6666666666666666,0.4458206858989292,0.07622604151517465,0.0,1.0,0.0,0.0,2.023336925316471,0.0020234517320901,1,2,2,0,2,0,1,0,0
320896,Bear,Bear,Bear,Bear,Bear,Bear,0,0,0,0,NO_EFFECT,NO_EFFECT,NO_EFFECT,NO_EFFECT,base,regime_balanced|ruleb_off,0.6,0.9666666666666667,0.6666666666666666,0.4192893773321989,-0.030395885967815173,0.0,1.0,0.0,0.0,5.671359557960386,0.0902749471774918,1,1,1,0,0,0,1,0,0
320897,Bear,Bear,Bear,Bear,Bear,Bear,0,0,0,0,NO_EFFECT,NO_EFFECT,NO_EFFECT,NO_EFFECT,base,regime_balanced|ruleb_off,0.5,0.9666666666666667,0.6666666666666666,0.40102496808580823,-0.13304776061611473,0.0,1.0,0.0,0.0,0.5161551532128215,0.5388165257522205,1,0,0,0,0,0,0,0,0
320898,Bear,Bull,Bull,Bull,Bull,Bull,0,0,0,0,NO_EFFECT,NO_EFFECT,NO_EFFECT,NO_EFFECT,base,regime_balanced|base_pred=Bull,0.42857142857142855,0.9333333333333333,0.7,0.4138011096397541,-0.07984781849374606,0.0,1.0,0.0,0.0,2.5221823110878177,0.5685215247634381,1,0,0,0,0,1,0,0,0
320898,Bear,Neutral,Neutral,Neutral,Neutral,Neutral,0,0,0,0,NO_EFFECT,NO_EFFECT,NO_EFFECT,NO_EFFECT,base,regime_balanced|base_pred=Neutral,0.42857142857142855,0.9,0.7,0.42561835780997104,-0.16229546203455575,0.0,1.0,0.0,0.0,2.199907416541464,0.903252896168002,2,1,1,1,1,1,0,0,0
320901,Bear,Neutral,Neutral,Neutral,Neutral,Neutral,0,0,0,0,NO_EFFECT,NO_EFFECT,NO_EFFECT,NO_EFFECT,base,persist_BALANCED|regime_aggressive|base_pred=Neutral,0.5,0.9,0.7,0.4496201150253975,-0.07860467926626569,0.0,0.0,0.0,0.0,1.5548164188112423,0.7622034417115089,2,2,1,0,1,1,0,0,0
320902,Bear,Bear,Bear,Bear,Bear,Bear,0,0,0,0,NO_EFFECT,NO_EFFECT,NO_EFFECT,NO_EFFECT,base,persist_BALANCED|regime_aggressive|mode=BALANCED|no_current_edge,0.5,0.9,0.7,0.4535278269282457,-0.030933819935694662,0.0,0.0,0.0,0.0,1.86619078804506,0.1569945245461283,1,2,1,0,1,1,0,0,0
320904,Bear,Neutral,Neutral,Neutral,Neutral,Neutral,0,0,0,0,NO_EFFECT,NO_EFFECT,NO_EFFECT,NO_EFFECT,base,regime_aggressive|base_pred=Neutral,0.42857142857142855,0.9,0.7,0.446327972231224,-0.01923756064200527,0.0,0.0,0.0,0.0,0.5155175562686054,0.3760764888397658,1,2,1,0,1,0,0,0,0
320905,Bull,Neutral,Neutral,Neutral,Neutral,Neutral,0,0,0,0,NO_EFFECT,NO_EFFECT,NO_EFFECT,NO_EFFECT,base,regime_aggressive|base_pred=Neutral,0.42857142857142855,0.9,0.7,0.44506665410749185,0.007632404777996871,0.0,0.0,0.0,0.0,1.987602907132896,0.0647108357371519,0,1,1,0,0,0,0,0,0
320907,Bull,Neutral,Neutral,Neutral,Neutral,Neutral,0,0,0,0,NO_EFFECT,NO_EFFECT,NO_EFFECT,NO_EFFECT,base,regime_aggressive|base_pred=Neutral,0.42857142857142855,0.9,0.7,0.4330489870320527,-0.11463446924827159,0.0,0.0,0.0,0.0,0.2660669931137818,0.0467733688234445,0,1,1,0,0,0,0,0,0
320908,Bull,Bull,Bull,Bull,Bull,Bull,0,0,0,0,NO_EFFECT,NO_EFFECT,NO_EFFECT,NO_EFFECT,base,regime_aggressive|base_pred=Bull,0.42857142857142855,0.9,0.7,0.42402828462264847,-0.1095952261462863,0.0,0.0,0.0,0.0,0.6632867034368246,0.2542829424264464,0,0,0,0,0,0,0,0,0
320910,Bull,Bull,Bull,Bull,Bull,Bull,0,0,0,0,NO_EFFECT,NO_EFFECT,NO_EFFECT,NO_EFFECT,base,regime_aggressive|base_pred=Bull,0.5,0.9,0.6666666666666666,0.4317847037818433,-0.08339093128092501,0.0,0.0,0.0,0.0,2.0206865553191165,0.168144449750974,0,0,0,0,0,0,0,0,0
320912,Bull,Neutral,Neutral,Neutral,Neutral,Neutral,0,0,0,0,NO_EFFECT,NO_EFFECT,NO_EFFECT,NO_EFFECT,base,regime_aggressive|base_pred=Neutral,0.5,0.8666666666666667,0.6333333333333333,0.40728741801974677,-0.03496457725175778,0.0,0.0,0.0,0.0,4.521891386257266,1.0,2,1,1,0,0,1,1,1,1
320913,Bull,Neutral,Neutral,Neutral,Neutral,Neutral,0,0,0,0,NO_EFFECT,NO_EFFECT,NO_EFFECT,NO_EFFECT,base,regime_aggressive|base_pred=Neutral,0.5,0.8666666666666667,0.6666666666666666,0.4251755998288099,0.007380671171814068,0.0,0.0,0.0,0.0,0.4114228895123233,0.442863053629527,1,2,2,0,2,0,1,1,1
320914,Bull,Neutral,Neutral,Neutral,Neutral,Neutral,0,0,0,0,NO_EFFECT,NO_EFFECT,NO_EFFECT,NO_EFFECT,base,regime_aggressive|base_pred=Neutral,0.5,0.8666666666666667,0.6666666666666666,0.40660436828312746,0.01638874782025107,0.0,0.0,0.0,0.0,2.947492866092944,0.9621720855092528,1,2,3,0,2,1,1,1,1
320915,Bear,Bear,Bear,Bear,Bear,Bear,0,0,0,0,NO_EFFECT,NO_EFFECT,NO_EFFECT,NO_EFFECT,base,regime_aggressive|ruleb_off,0.5,0.8666666666666667,0.6666666666666666,0.43320919441425804,-0.014680612975257024,0.0,0.0,0.0,0.0,0.6032074991471745,0.3386913988776288,1,1,2,1,2,0,1,1,1
320916,Bull,Neutral,Neutral,Neutral,Neutral,Neutral,0,0,0,0,NO_EFFECT,NO_EFFECT,NO_EFFECT,NO_EFFECT,base,regime_aggressive|base_pred=Neutral,0.42857142857142855,0.8666666666666667,0.7,0.4390090220396658,-0.08690716083845079,0.0,0.0,0.0,0.0,0.4024553760500566,0.2638898949949113,1,1,1,0,0,0,1,1,1
320917,Bull,Neutral,Neutral,Neutral,Neutral,Neutral,0,0,0,0,NO_EFFECT,NO_EFFECT,NO_EFFECT,NO_EFFECT,base,regime_aggressive|base_pred=Neutral,0.3333333333333333,0.8666666666666667,0.7,0.4457585635015889,-0.08099716746401797,0.0,0.0,0.0,0.0,0.0946106709725427,0.8039248137507989,1,1,0,0,0,0,0,0,0
320918,Bull,Bull,Bull,Bull,Bull,Bull,0,0,0,0,NO_EFFECT,NO_EFFECT,NO_EFFECT,NO_EFFECT,base,regime_aggressive|base_pred=Bull,0.3333333333333333,0.8666666666666667,0.7,0.4431108770261314,-0.012848389014176842,0.0,0.0,0.0,0.0,0.9032524854574148,0.3822545388083438,0,1,0,0,0,0,0,0,0
320919,Bull,Neutral,Neutral,Neutral,Neutral,Neutral,0,0,0,0,NO_EFFECT,NO_EFFECT,NO_EFFECT,NO_EFFECT,base,regime_aggressive|base_pred=Neutral,0.3333333333333333,0.8666666666666667,0.7,0.44265951070026516,0.03546021593530102,0.0,0.0,0.0,0.0,1.98856993094887,0.2372081586872534,0,0,0,0,0,0,0,0,0
320920,Bull,Bear,Bear,Bear,Bear,Bear,0,0,0,0,NO_EFFECT,NO_EFFECT,NO_EFFECT,NO_EFFECT,base,regime_aggressive|mode=AGGRESSIVE|no_current_edge,0.3333333333333333,0.8333333333333334,0.7,0.4443153270258945,0.06154170992642877,0.0,0.0,0.0,0.0,1.6361203413198382,0.3619156339245184,1,0,0,0,0,1,0,0,0
320921,Bear,Neutral,Neutral,Neutral,Neutral,Neutral,0,0,0,0,NO_EFFECT,NO_EFFECT,NO_EFFECT,NO_EFFECT,base,regime_aggressive|base_pred=Neutral,0.42857142857142855,0.8,0.7,0.42377420191384524,0.10849830131921318,0.0,0.0,0.0,0.0,0.7302693111578265,0.1656388329725051,0,0,1,1,1,0,0,0,0
320922,Bull,Bear,Bear,Bear,Bear,Bear,0,0,0,0,NO_EFFECT,NO_EFFECT,NO_EFFECT,NO_EFFECT,base,regime_aggressive|ruleb_off,0.42857142857142855,0.8,0.6666666666666666,0.39738666732526,0.1477037606853206,0.0,0.0,0.0,0.0,0.9821271268119744,0.0481249668050266,1,0,1,1,1,0,1,0,0
320922,Bull,Neutral,Neutral,Neutral,Neutral,Neutral,0,0,0,0,NO_EFFECT,NO_EFFECT,NO_EFFECT,NO_EFFECT,base,regime_aggressive|base_pred=Neutral,0.42857142857142855,0.8,0.6666666666666666,0.3971112052388619,0.005335698835671976,0.0,0.0,0.0,0.0,0.7202424887764209,1.0,2,1,2,1,2,0,1,1,1
320923,Bear,Neutral,Neutral,Neutral,Neutral,Neutral,0,0,0,0,NO_EFFECT,NO_EFFECT,NO_EFFECT,NO_EFFECT,base,regime_aggressive|base_pred=Neutral,0.42857142857142855,0.8,0.6666666666666666,0.39711120523886195,0.08890624079124287,0.0,0.0,0.0,0.0,1.7239920140891627,0.2616332816444324,1,1,1,1,1,1,1,1,1
320924,Bear,Bear,Bear,Bear,Bear,Bear,0,0,0,0,NO_EFFECT,NO_EFFECT,NO_EFFECT,NO_EFFECT,base,regime_aggressive|ruleb_off,0.42857142857142855,0.8,0.7,0.4023224222195051,-0.02399140525944482,0.0,0.0,0.0,0.0,3.717303360666847,0.1320923125851835,0,1,1,1,1,0,0,0,0
320925,Bull,Neutral,Neutral,Neutral,Neutral,Neutral,0,0,0,0,NO_EFFECT,NO_EFFECT,NO_EFFECT,NO_EFFECT,base,regime_aggressive|base_pred=Neutral,0.375,0.8,0.7,0.3932148128452594,-0.04131985414194317,0.0,0.0,0.0,0.0,0.7270266236646421,1.0,2,1,1,0,0,0,1,1,1
320926,Bear,Neutral,Neutral,Neutral,Neutral,Neutral,0,0,0,0,NO_EFFECT,NO_EFFECT,NO_EFFECT,NO_EFFECT,base,regime_aggressive|base_pred=Neutral,0.375,0.8,0.7,0.42151421252664556,0.02664756208674085,0.0,0.0,0.0,0.0,1.1121493632435886,0.3812593277473794,1,2,2,0,2,1,1,1,1
320927,Bear,Neutral,Neutral,Neutral,Neutral,Neutral,0,0,0,0,NO_EFFECT,NO_EFFECT,NO_EFFECT,NO_EFFECT,base,regime_aggressive|base_pred=Neutral,0.375,0.8,0.7333333333333333,0.42723763787565583,-0.04533739883728738,0.0,0.0,0.0,0.0,0.35565285726625,0.0681650742154794,0,2,3,0,2,0,1,0,0
320928,Bull,Bull,Bull,Bull,Bull,Bull,0,0,0,0,NO_EFFECT,NO_EFFECT,NO_EFFECT,NO_EFFECT,base,regime_aggressive|base_pred=Bull,0.375,0.8,0.7,0.3961764736828384,-0.04585907223699093,0.0,0.0,0.0,0.0,1.9916922918673663,0.1349374978057152,0,1,2,0,1,0,1,0,0
320929,Bull,Neutral,Neutral,Neutral,Neutral,Neutral,0,0,0,0,NO_EFFECT,NO_EFFECT,NO_EFFECT,NO_EFFECT,base,regime_aggressive|base_pred=Neutral,0.375,0.8,0.6666666666666666,0.39722820897955385,-0.06277727431429475,0.0,0.0,0.0,0.0,1.6319572137617795,0.1225027102267402,0,0,2,0,1,0,0,0,0
320930,Bull,Bear,Bear,Bear,Bear,Bear,0,0,0,0,NO_EFFECT,NO_EFFECT,NO_EFFECT,NO_EFFECT,base,regime_aggressive|ruleb_off,0.2857142857142857,0.8,0.6333333333333333,0.40124418426270897,-0.10471317579369399,0.0,0.0,0.0,0.0,1.3313854712687316,0.145379230061135,1,0,1,0,0,0,0,0,0
320931,Bear,Neutral,Neutral,Neutral,Neutral,Neutral,0,0,0,0,NO_EFFECT,NO_EFFECT,NO_EFFECT,NO_EFFECT,base,regime_aggressive|base_pred=Neutral,0.42857142857142855,0.8,0.6333333333333333,0.40308099369216366,-0.11050733037458177,0.0,0.0,0.0,0.0,0.8931948408280732,1.0,2,1,2,0,1,0,1,1,1
320932,Bear,Bear,Bear,Bear,Bear,Bear,0,0,0,0,NO_EFFECT,NO_EFFECT,NO_EFFECT,NO_EFFECT,base,regime_aggressive|ruleb_off,0.5,0.8333333333333334,0.6333333333333333,0.41845377616708973,0.009214750892275247,0.0,0.0,0.0,0.0,0.5274189632400521,0.2247079439064408,1,1,1,1,1,0,1,1,1
320932,Bear,Bear,Bear,Bear,Bear,Bear,0,0,0,0,NO_EFFECT,NO_EFFECT,NO_EFFECT,NO_EFFECT,base,regime_aggressive|ruleb_off,0.42857142857142855,0.8666666666666667,0.6333333333333333,0.4069933234718564,-0.08988837847890874,0.0,0.0,0.0,0.0,0.9488822629919014,0.0980477749516757,1,1,1,0,0,0,0,0,0
320933,Bear,Neutral,Neutral,Neutral,Neutral,Neutral,0,0,0,0,NO_EFFECT,NO_EFFECT,NO_EFFECT,NO_EFFECT,base,regime_aggressive|base_pred=Neutral,0.375,0.8666666666666667,0.6333333333333333,0.3801531527646456,-0.07416594842200608,0.0,0.0,0.0,0.0,0.5032446170243929,0.2200155612858264,0,0,0,0,0,0,0,0,0
320933,Bear,Neutral,Neutral,Neutral,Neutral,Neutral,0,0,0,0,NO_EFFECT,NO_EFFECT,NO_EFFECT,NO_EFFECT,base,regime_aggressive|base_pred=Neutral,0.375,0.8333333333333334,0.6,0.36208022341712287,-0.033868067095625454,0.0,0.0,0.0,0.0,1.1252277255280203,0.1198875050736608,0,0,0,0,0,0,0,0,0
320934,Bull,Neutral,Neutral,Neutral,Neutral,Neutral,0,0,0,0,NO_EFFECT,NO_EFFECT,NO_EFFECT,NO_EFFECT,base,regime_aggressive|base_pred=Neutral,0.42857142857142855,0.8,0.5666666666666667,0.36084332276804065,-0.16402959036095294,0.0,0.0,0.0,0.0,0.858695968907341,1.0,2,1,1,0,0,0,1,1,1
320935,Bear,Neutral,Neutral,Neutral,Neutral,Neutral,0,0,0,0,NO_EFFECT,NO_EFFECT,NO_EFFECT,NO_EFFECT,base,regime_aggressive|base_pred=Neutral,0.42857142857142855,0.8,0.5666666666666667,0.38164077314004835,-0.10241466508107144,0.0,0.0,0.0,0.0,0.9730343990559048,1.0,2,2,2,0,2,1,1,1,1
320936,Bull,Neutral,Neutral,Neutral,Neutral,Neutral,0,0,0,0,NO_EFFECT,NO_EFFECT,NO_EFFECT,NO_EFFECT,base,regime_aggressive|base_pred=Neutral,0.42857142857142855,0.8,0.6,0.4128170786154767,-0.009403884426535836,0.0,0.0,0.0,0.0,1.081181716755964,1.0,1,2,3,1,3,1,1,1,1
320937,Bear,Neutral,Neutral,Neutral,Neutral,Neutral,0,0,0,0,NO_EFFECT,NO_EFFECT,NO_EFFECT,NO_EFFECT,base,regime_aggressive|base_pred=Neutral,0.42857142857142855,0.8,0.6333333333333333,0.4445912996546951,0.07269415934377904,0.0,0.0,0.0,0.0,0.0550230518110765,0.4953993917089643,1,2,2,0,2,0,1,1,1
320938,Bull,Neutral,Neutral,Neutral,Neutral,Neutral,0,0,0,0,NO_EFFECT,NO_EFFECT,NO_EFFECT,NO_EFFECT,base,regime_aggressive|base_pred=Neutral,0.42857142857142855,0.8333333333333334,0.6666666666666666,0.4526285146307792,0.11657283910198679,0.0,0.0,0.0,0.0,0.3994711619870941,0.1543169907596954,1,2,2,0,2,0,1,0,0
320939,Bull,Neutral,Neutral,Neutral,Neutral,Neutral,0,0,0,0,NO_EFFECT,NO_EFFECT,NO_EFFECT,NO_EFFECT,base,regime_aggressive|base_pred=Neutral,0.42857142857142855,0.8666666666666667,0.7,0.4521675993310698,0.11860487615633475,0.0,0.0,0.0,0.0,0.9282041016085714,0.5010769724850325,2,3,2,1,3,0,1,1,1
320940,Bear,Neutral,Neutral,Neutral,Neutral,Neutral,0,0,0,0,NO_EFFECT,NO_EFFECT,NO_EFFECT,NO_EFFECT,base,regime_aggressive|base_pred=Neutral,0.42857142857142855,0.8666666666666667,0.7,0.43553683174723756,0.06871257340483805,0.0,0.0,0.0,0.0,0.2716389695269754,1.0,2,2,2,1,3,0,1,1,1
320941,Bear,Bull,Bull,Bull,Bull,Bull,0,0,0,0,NO_EFFECT,NO_EFFECT,NO_EFFECT,NO_EFFECT,base,regime_aggressive|base_pred=Bull,0.42857142857142855,0.8666666666666667,0.7,0.45410806329292003,0.15714953450034824,0.0,0.0,0.0,0.0,0.2472533056261454,0.3252165338427858,0,1,1,1,1,0,1,1,1
320941,Bear,Neutral,Neutral,Neutral,Neutral,Neutral,0,0,0,0,NO_EFFECT,NO_EFFECT,NO_EFFECT,NO_EFFECT,base,regime_aggressive|base_pred=Neutral,0.42857142857142855,0.8666666666666667,0.6666666666666666,0.43287621157070444,0.22307262591733823,0.0,0.0,0.0,0.0,0.2219995824234502,1.0,2,1,1,1,1,0,1,1,1
320943,Bear,Neutral,Neutral,Neutral,Neutral,Neutral,0,0,0,0,NO_EFFECT,NO_EFFECT,NO_EFFECT,NO_EFFECT,base,regime_aggressive|base_pred=Neutral,0.5,0.8666666666666667,0.6666666666666666,0.45491983160811683,0.3070048616683457,0.0,0.0,0.0,0.0,0.812096801091684,1.0,2,2,2,0,2,0,1,1,1
320943,Bear,Neutral,Neutral,Neutral,Neutral,Neutral,0,0,0,0,NO_EFFECT,NO_EFFECT,NO_EFFECT,NO_EFFECT,base,regime_aggressive|base_pred=Neutral,0.5,0.8666666666666667,0.6666666666666666,0.47945683510828646,0.40221623065704204,0.0,0.0,0.0,0.0,0.3193298823443911,0.3200841665339521,0,2,2,0,2,0,1,1,1
320943,Bear,Bear,Bear,Bear,Bear,Bear,0,0,0,0,NO_EFFECT,NO_EFFECT,NO_EFFECT,NO_EFFECT,base,regime_aggressive|ruleb_off,0.5,0.8666666666666667,0.6333333333333333,0.46332881353439154,0.32442088799797725,0.0,0.0,0.0,0.0,1.036371775839143,0.0613334034034775,1,1,1,0,0,0,1,0,0
320945,Bear,Neutral,Neutral,Neutral,Neutral,Neutral,0,0,0,0,NO_EFFECT,NO_EFFECT,NO_EFFECT,NO_EFFECT,base,regime_aggressive|base_pred=Neutral,0.42857142857142855,0.8666666666666667,0.6666666666666666,0.4526314423542293,0.19966695527874206,0.0,0.0,0.0,0.0,0.3870811899250839,1.0,2,1,0,0,0,0,0,0,0
320947,Bull,Bull,Bull,Bull,Bull,Bull,0,0,0,0,NO_EFFECT,NO_EFFECT,NO_EFFECT,NO_EFFECT,base,regime_aggressive|base_pred=Bull,0.42857142857142855,0.9,0.7,0.47805783706465416,0.1615273632131048,0.0,0.0,0.0,0.0,1.173890539441345,0.118764552578788,0,1,0,0,0,0,0,0,0
320948,Bull,Neutral,Neutral,Neutral,Neutral,Neutral,0,0,0,0,NO_EFFECT,NO_EFFECT,NO_EFFECT,NO_EFFECT,base,regime_aggressive|base_pred=Neutral,0.3333333333333333,0.9333333333333333,0.6666666666666666,0.4699528010197966,0.11718969141086488,0.0,0.0,0.0,0.0,0.0713488192286604,0.4826713308689073,1,2,0,1,2,0,0,0,0
320951,Bear,Bear,Bear,Bear,Bear,Bear,0,0,0,0,NO_EFFECT,NO_EFFECT,NO_EFFECT,NO_EFFECT,base,regime_aggressive|mode=AGGRESSIVE|no_current_edge,0.3333333333333333,0.9333333333333333,0.7,0.48052055094967655,0.15059121753242655,0.0,0.0,0.0,0.0,1.776919004254523,0.3277757102890766,1,1,0,0,0,1,0,0,0
320952,Bear,Bear,Bear,Bear,Bear,Bear,0,0,0,0,NO_EFFECT,NO_EFFECT,NO_EFFECT,NO_EFFECT,base,persist_AGGRESSIVE|regime_safe|mode=AGGRESSIVE|no_current_edge,0.16666666666666666,0.9333333333333333,0.7,0.489842242399145,0.11061349102883056,0.0,0.0,0.0,0.0,2.3925164162956207,0.2937342743853561,1,1,0,0,0,1,0,0,0
320953,Bear,Neutral,Neutral,Neutral,Neutral,Neutral,0,0,0,0,NO_EFFECT,NO_EFFECT,NO_EFFECT,NO_EFFECT,base,persist_AGGRESSIVE|regime_safe|base_pred=Neutral,0.14285714285714285,0.9333333333333333,0.7,0.46630005154532345,0.039986918467366184,0.0,0.0,0.0,0.0,0.5358191174254898,0.2694489799287703,0,0,1,0,0,0,1,1,1
320954,Bull,Neutral,Neutral,Neutral,Neutral,Neutral,0,0,0,0,NO_EFFECT,NO_EFFECT,NO_EFFECT,NO_EFFECT,base,regime_safe|base_pred=Neutral,0.14285714285714285,0.9333333333333333,0.6666666666666666,0.4665605748214681,0.031231000466047154,0.0,0.0,0.0,0.0,0.7938380862706254,1.0,2,1,2,1,2,0,1,1,1
320955,Bull,Neutral,Neutral,Neutral,Neutral,Neutral,0,0,0,0,NO_EFFECT,NO_EFFECT,NO_EFFECT,NO_EFFECT,base,regime_safe|base_pred=Neutral,0.16666666666666666,0.9333333333333333,0.7,0.49549083106862857,-0.01216438390469382,0.0,0.0,0.0,0.0,0.414213755280798,1.0,2,2,3,1,3,0,1,1,1
320956,Bull,Bear,Neutral,Neutral,Neutral,Neutral,1,1,1,1,GOOD_NEUTRALIZE_WRONG_BASE,GOOD_NEUTRALIZE_WRONG_BASE,GOOD_NEUTRALIZE_WRONG_BASE,GOOD_NEUTRALIZE_WRONG_BASE,corea,regime_safe|mode=SAFE|current_corea,0.16666666666666666,0.9333333333333333,0.7,0.49549083106862857,-0.01216438390469382,0.0,0.0,0.0,0.0,1.5191107462997024,0.2512385890129943,1,2,2,1,3,1,1,1,1
320964,Bull,Neutral,Neutral,Neutral,Neutral,Neutral,0,0,0,0,NO_EFFECT,NO_EFFECT,NO_EFFECT,NO_EFFECT,base,persist_SAFE|regime_aggressive|base_pred=Neutral,0.2857142857142857,0.9333333333333333,0.7,0.49115680644414905,-0.015990183596118146,1.0,0.0,1.0,0.0,1.7961266766124029,0.3898995363757055,0,1,2,0,1,0,1,1,1
320965,Bull,Neutral,Neutral,Neutral,Neutral,Neutral,0,0,0,0,NO_EFFECT,NO_EFFECT,NO_EFFECT,NO_EFFECT,base,persist_SAFE|regime_aggressive|base_pred=Neutral,0.2857142857142857,0.9333333333333333,0.7,0.5018812885161567,0.01720801324170479,1.0,0.0,1.0,0.0,0.4248674811733508,0.0408085135812269,1,1,2,0,1,0,1,0,0
320966,Bear,Bear,Bear,Bear,Bear,Bear,0,0,0,0,NO_EFFECT,NO_EFFECT,NO_EFFECT,NO_EFFECT,base,regime_aggressive|ruleb_off,0.2857142857142857,0.9333333333333333,0.7333333333333333,0.4987436557086737,-0.12196426050988679,1.0,0.0,1.0,0.0,0.4350683049815416,1.0,1,1,2,1,2,0,1,1,1
320967,Bear,Bear,Bear,Bear,Bear,Bear,0,0,0,0,NO_EFFECT,NO_EFFECT,NO_EFFECT,NO_EFFECT,base,regime_aggressive|ruleb_off,0.25,0.9333333333333333,0.7666666666666667,0.5279935653677824,-0.03365380788536809,1.0,0.0,1.0,0.0,1.1310982553641225,0.1412360560406499,1,1,1,0,0,0,1,0,0
320968,Bear,Bull,Bull,Bull,Bull,Bull,0,0,0,0,NO_EFFECT,NO_EFFECT,NO_EFFECT,NO_EFFECT,base,persist_AGGRESSIVE|regime_off_default|base_pred=Bull,0.125,0.9333333333333333,0.7666666666666667,0.5278554595670996,-0.08466194040858238,1.0,0.0,1.0,0.0,0.9207050589538994,0.0997853366030558,0,0,0,0,0,0,0,0,0
320969,Bull,Neutral,Neutral,Neutral,Neutral,Neutral,0,0,0,0,NO_EFFECT,NO_EFFECT,NO_EFFECT,NO_EFFECT,base,persist_AGGRESSIVE|regime_off_default|base_pred=Neutral,0.125,0.9,0.7333333333333333,0.49784830412053477,-0.07384976329163828,1.0,0.0,1.0,0.0,0.5860223115359986,0.5280122274438828,2,1,1,1,1,0,1,1,1
320970,Bull,Neutral,Neutral,Neutral,Neutral,Neutral,0,0,0,0,NO_EFFECT,NO_EFFECT,NO_EFFECT,NO_EFFECT,base,regime_safe|base_pred=Neutral,0.14285714285714285,0.9,0.7333333333333333,0.5079584469051162,-0.053873284509731334,1.0,0.0,1.0,0.0,0.3655264191802416,0.9659783093176588,2,2,2,1,3,0,1,1,1
320971,Bear,Neutral,Neutral,Neutral,Neutral,Neutral,0,0,0,0,NO_EFFECT,NO_EFFECT,NO_EFFECT,NO_EFFECT,base,regime_safe|base_pred=Neutral,0.16666666666666666,0.9,0.7333333333333333,0.5368894647173156,0.007209588180302817,1.0,0.0,1.0,0.0,0.4681064933574816,0.0486746525777114,1,3,3,1,3,0,1,0,0
320972,Bull,Bull,Bull,Bull,Bull,Bull,0,0,0,0,NO_EFFECT,NO_EFFECT,NO_EFFECT,NO_EFFECT,base,regime_safe|base_pred=Bull,0.16666666666666666,0.9333333333333333,0.7666666666666667,0.5311781010937118,-0.1269221684976347,1.0,0.0,1.0,0.0,0.3716634185802832,0.1998204087781989,0,2,2,1,3,0,1,0,1
320973,Bull,Bull,Bull,Bull,Bull,Bull,0,0,0,0,NO_EFFECT,NO_EFFECT,NO_EFFECT,NO_EFFECT,base,regime_safe|base_pred=Bull,0.16666666666666666,0.9666666666666667,0.7666666666666667,0.5338425312171963,-0.25094575236613187,1.0,0.0,1.0,0.0,1.189663599130654,0.2718800988828572,0,1,1,0,0,0,1,1,1
320974,Bull,Neutral,Neutral,Neutral,Neutral,Neutral,0,0,0,0,NO_EFFECT,NO_EFFECT,NO_EFFECT,NO_EFFECT,base,regime_safe|base_pred=Neutral,0.16666666666666666,0.9666666666666667,0.7333333333333333,0.5095718678466249,-0.21144353082979522,1.0,0.0,1.0,0.0,0.5755950758557447,0.65671115595139,2,1,1,0,0,0,0,0,0
320974,Bull,Bear,Bear,Bear,Bear,Bear,0,0,0,0,NO_EFFECT,NO_EFFECT,NO_EFFECT,NO_EFFECT,base,regime_safe|ruleb_off,0.16666666666666666,0.9666666666666667,0.7333333333333333,0.49812890637833795,-0.15425734569101202,1.0,0.0,1.0,0.0,0.7786448724200454,0.1607482857193451,1,1,1,0,0,0,1,0,0
320977,Bull,Neutral,Neutral,Neutral,Neutral,Neutral,0,0,0,0,NO_EFFECT,NO_EFFECT,NO_EFFECT,NO_EFFECT,base,persist_SAFE|regime_aggressive|base_pred=Neutral,0.2857142857142857,0.9666666666666667,0.7333333333333333,0.47015384923564946,-0.09430379415626167,1.0,0.0,1.0,0.0,0.6779469912089553,0.73704420379412,2,2,2,0,2,0,1,1,1
320978,Bull,Bull,Bull,Bull,Bull,Bull,0,0,0,0,NO_EFFECT,NO_EFFECT,NO_EFFECT,NO_EFFECT,base,persist_SAFE|regime_aggressive|base_pred=Bull,0.2857142857142857,0.9666666666666667,0.7333333333333333,0.4782086763051546,-0.14582940419140156,1.0,0.0,1.0,0.0,0.4959727227651456,0.0707064798351527,0,1,1,0,0,0,1,0,0
320979,Bull,Neutral,Neutral,Neutral,Neutral,Neutral,0,0,0,0,NO_EFFECT,NO_EFFECT,NO_EFFECT,NO_EFFECT,base,regime_aggressive|base_pred=Neutral,0.2857142857142857,0.9666666666666667,0.7,0.47542165927433655,-0.152228315075999,1.0,0.0,1.0,0.0,0.1640159533490077,0.384450867094803,1,2,2,0,2,0,1,1,1
320980,Bull,Neutral,Neutral,Neutral,Neutral,Neutral,0,0,0,0,NO_EFFECT,NO_EFFECT,NO_EFFECT,NO_EFFECT,base,regime_aggressive|base_pred=Neutral,0.2857142857142857,0.9666666666666667,0.7,0.47153412242799553,-0.1036971802327254,1.0,0.0,1.0,0.0,0.3622557106882595,0.1726588335828512,0,1,1,0,0,0,1,0,0
320981,Bull,Neutral,Neutral,Neutral,Neutral,Neutral,0,0,0,0,NO_EFFECT,NO_EFFECT,NO_EFFECT,NO_EFFECT,base,regime_aggressive|base_pred=Neutral,0.2857142857142857,0.9666666666666667,0.6666666666666666,0.4439560835474239,-0.11563313099102263,1.0,0.0,1.0,0.0,0.3661542320405715,1.0,2,2,2,0,2,0,1,1,1
320982,Bear,Neutral,Neutral,Neutral,Neutral,Neutral,0,0,0,0,NO_EFFECT,NO_EFFECT,NO_EFFECT,NO_EFFECT,base,regime_aggressive|base_pred=Neutral,0.2857142857142857,0.9666666666666667,0.7,0.4664488657526643,-0.14426905069653218,1.0,0.0,1.0,0.0,0.0188070785789022,1.0,2,2,1,0,1,0,1,1,1
320983,Bull,Neutral,Neutral,Neutral,Neutral,Neutral,0,0,0,0,NO_EFFECT,NO_EFFECT,NO_EFFECT,NO_EFFECT,base,regime_aggressive|base_pred=Neutral,0.2857142857142857,0.9666666666666667,0.7,0.4664488657526643,-0.0015702485831888824,1.0,0.0,1.0,0.0,0.0330578075481753,1.0,2,3,2,0,2,0,1,1,1
320990,Bull,Neutral,Neutral,Neutral,Neutral,Neutral,0,0,0,0,NO_EFFECT,NO_EFFECT,NO_EFFECT,NO_EFFECT,base,regime_aggressive|base_pred=Neutral,0.2857142857142857,0.9666666666666667,0.7,0.4664488657526643,0.11845669010008131,1.0,0.0,1.0,0.0,0.7323275596936583,1.0,2,3,2,0,2,0,1,1,1
320991,Bear,Neutral,Neutral,Neutral,Neutral,Neutral,0,0,0,0,NO_EFFECT,NO_EFFECT,NO_EFFECT,NO_EFFECT,base,regime_aggressive|base_pred=Neutral,0.2857142857142857,0.9666666666666667,0.7333333333333333,0.48911272686819923,0.19367888359435032,1.0,0.0,1.0,0.0,0.0473381414049072,0.8302188078900806,1,2,2,0,2,0,1,1,1
320992,Bull,Bear,Bear,Neutral,Neutral,Neutral,0,1,1,1,NO_EFFECT,GOOD_NEUTRALIZE_WRONG_BASE,GOOD_NEUTRALIZE_WRONG_BASE,GOOD_NEUTRALIZE_WRONG_BASE,winner,regime_aggressive|mode=AGGRESSIVE|current_h018,0.3333333333333333,0.9666666666666667,0.7333333333333333,0.5147422403510861,0.1812607611608238,1.0,0.0,1.0,0.0,1.9226985563527703,0.4853152036239559,1,1,1,0,0,1,1,1,1
320993,Bear,Bear,Bear,Bear,Bear,Bear,0,0,0,0,NO_EFFECT,NO_EFFECT,NO_EFFECT,NO_EFFECT,base,regime_aggressive|ruleb_off,0.42857142857142855,0.9666666666666667,0.7333333333333333,0.4975860804718846,0.25568003866531763,1.0,0.0,1.0,0.0,0.4870581860541279,0.7355525411623458,1,0,0,0,0,0,0,0,0
320993,Bear,Neutral,Neutral,Neutral,Neutral,Neutral,0,0,0,0,NO_EFFECT,NO_EFFECT,NO_EFFECT,NO_EFFECT,base,regime_aggressive|base_pred=Neutral,0.375,0.9333333333333333,0.7666666666666667,0.5181456800913365,0.2246168898413734,1.0,0.0,1.0,0.0,1.1353941480319918,0.2470703297389247,1,0,0,0,0,1,0,0,0
320994,Bear,Bear,Bear,Bear,Bear,Bear,0,0,0,0,NO_EFFECT,NO_EFFECT,NO_EFFECT,NO_EFFECT,base,regime_aggressive|ruleb_off,0.375,0.9,0.7666666666666667,0.5102923133870038,0.26285151738343837,1.0,0.0,1.0,0.0,0.1526203964949672,0.6733037999066561,1,0,0,0,0,0,0,0,0
320994,Bear,Bull,Bull,Bull,Bull,Bull,0,0,0,0,NO_EFFECT,NO_EFFECT,NO_EFFECT,NO_EFFECT,base,regime_aggressive|base_pred=Bull,0.375,0.8666666666666667,0.7666666666666667,0.5218099163742564,0.2889030528243376,1.0,0.0,1.0,0.0,0.3983767146946775,0.4260080416937505,0,0,0,0,0,0,0,0,0
320994,Bear,Neutral,Neutral,Neutral,Neutral,Neutral,0,0,0,0,NO_EFFECT,NO_EFFECT,NO_EFFECT,NO_EFFECT,base,regime_aggressive|base_pred=Neutral,0.42857142857142855,0.8333333333333334,0.7333333333333333,0.526219041951203,0.32029174567555274,1.0,0.0,1.0,0.0,0.4901272954139131,0.1738101628381368,1,1,1,1,1,0,0,0,0
320995,Bull,Bull,Bull,Bull,Bull,Bull,0,0,0,0,NO_EFFECT,NO_EFFECT,NO_EFFECT,NO_EFFECT,base,regime_aggressive|base_pred=Bull,0.42857142857142855,0.8333333333333334,0.7666666666666667,0.5230310813815151,0.20114521095580484,1.0,0.0,1.0,0.0,1.015190276724752,0.2747295435739196,0,1,1,1,1,0,0,0,0
320996,Bull,Neutral,Neutral,Neutral,Neutral,Neutral,0,0,0,0,NO_EFFECT,NO_EFFECT,NO_EFFECT,NO_EFFECT,base,regime_aggressive|base_pred=Neutral,0.42857142857142855,0.8333333333333334,0.7333333333333333,0.4988553995006457,0.1286181653131968,1.0,0.0,1.0,0.0,0.1541129462893877,0.3544321342369236,0,1,1,0,0,0,0,0,0
320997,Bull,Bear,Bear,Bear,Bear,Bear,0,0,0,0,NO_EFFECT,NO_EFFECT,NO_EFFECT,NO_EFFECT,base,regime_aggressive|mode=AGGRESSIVE|no_current_edge,0.42857142857142855,0.8333333333333334,0.7,0.4773364706418765,0.06406137873688922,1.0,0.0,1.0,0.0,1.1129530002544925,0.2932370400084516,1,0,0,0,0,1,0,0,0
320998,Bear,Neutral,Neutral,Neutral,Neutral,Neutral,0,0,0,0,NO_EFFECT,NO_EFFECT,NO_EFFECT,NO_EFFECT,base,regime_aggressive|base_pred=Neutral,0.42857142857142855,0.8,0.7,0.47873641900839176,-0.04405298781161593,1.0,0.0,1.0,0.0,1.8529405720510117,0.4168001713846043,1,1,1,1,1,1,1,1,1
320998,Bear,Neutral,Neutral,Neutral,Neutral,Neutral,0,0,0,0,NO_EFFECT,NO_EFFECT,NO_EFFECT,NO_EFFECT,base,regime_aggressive|base_pred=Neutral,0.42857142857142855,0.8,0.7333333333333333,0.4796331068420217,-0.10741081503788241,1.0,0.0,1.0,0.0,0.7697532613055955,0.1021654883899352,1,2,2,0,2,0,1,0,0
320999,Bear,Neutral,Neutral,Neutral,Neutral,Neutral,0,0,0,0,NO_EFFECT,NO_EFFECT,NO_EFFECT,NO_EFFECT,base,regime_aggressive|base_pred=Neutral,0.42857142857142855,0.8,0.7333333333333333,0.48167833933564536,-0.16795112106342092,1.0,0.0,1.0,0.0,0.1752406239247648,1.0,2,3,2,0,2,0,1,1,1
321000,Bear,Neutral,Neutral,Neutral,Neutral,Neutral,0,0,0,0,NO_EFFECT,NO_EFFECT,NO_EFFECT,NO_EFFECT,base,regime_aggressive|base_pred=Neutral,0.5,0.8,0.7333333333333333,0.48167833933564536,-0.1282840022377727,1.0,0.0,1.0,0.0,0.6170529807659477,0.0666678750931185,1,2,2,1,3,0,1,0,0
321000,Bear,Bear,Bear,Bear,Bear,Bear,0,0,0,0,NO_EFFECT,NO_EFFECT,NO_EFFECT,NO_EFFECT,base,regime_aggressive|ruleb_off,0.6,0.8,0.7333333333333333,0.47919273330406104,-0.15161596138726718,1.0,0.0,1.0,0.0,0.4419540728558786,0.3144889531201505,1,1,1,1,1,0,1,1,1
321001,Bull,Neutral,Neutral,Neutral,Neutral,Neutral,0,0,0,0,NO_EFFECT,NO_EFFECT,NO_EFFECT,NO_EFFECT,base,regime_aggressive|base_pred=Neutral,0.5,0.8333333333333334,0.7666666666666667,0.48634952052129754,-0.21617336923109753,1.0,0.0,1.0,0.0,2.097598715872664,0.1115939598762487,0,0,1,1,1,0,0,0,0
321002,Bull,Neutral,Neutral,Neutral,Neutral,Neutral,0,0,0,0,NO_EFFECT,NO_EFFECT,NO_EFFECT,NO_EFFECT,base,regime_aggressive|base_pred=Neutral,0.5,0.8333333333333334,0.7333333333333333,0.4724689116023764,-0.242514568125341,1.0,0.0,1.0,0.0,0.3218260230860323,0.03901784211238,1,1,1,0,0,0,0,0,0
321003,Bear,Bear,Bear,Bear,Bear,Bear,0,0,0,0,NO_EFFECT,NO_EFFECT,NO_EFFECT,NO_EFFECT,base,regime_aggressive|ruleb_off,0.5,0.8333333333333334,0.7333333333333333,0.4415702293622004,-0.2163853928739407,1.0,0.0,1.0,0.0,0.84889097604173,0.3319610102276879,1,1,1,0,0,0,0,0,0
321004,Bear,Bull,Bull,Bull,Bull,Bull,0,0,0,0,NO_EFFECT,NO_EFFECT,NO_EFFECT,NO_EFFECT,base,regime_aggressive|base_pred=Bull,0.42857142857142855,0.8333333333333334,0.7333333333333333,0.4510131079505329,-0.22196499075837434,1.0,0.0,1.0,0.0,0.980830207665349,0.1572820758047338,0,1,1,1,1,0,0,0,0
321005,Bull,Neutral,Neutral,Neutral,Neutral,Neutral,0,0,0,0,NO_EFFECT,NO_EFFECT,NO_EFFECT,NO_EFFECT,base,regime_aggressive|base_pred=Neutral,0.42857142857142855,0.8333333333333334,0.7333333333333333,0.4495951635180841,-0.2494105828745295,1.0,0.0,1.0,0.0,0.3022636492205492,0.2219980799165079,0,0,1,1,1,0,1,1,1
321006,Bear,Neutral,Neutral,Neutral,Neutral,Neutral,0,0,0,0,NO_EFFECT,NO_EFFECT,NO_EFFECT,NO_EFFECT,base,regime_aggressive|base_pred=Neutral,0.42857142857142855,0.8333333333333334,0.7333333333333333,0.4479324295525391,-0.25760232594000365,1.0,0.0,1.0,0.0,0.6559523989653826,1.0,2,1,2,0,1,0,1,1,1
321007,Bull,Neutral,Neutral,Neutral,Neutral,Neutral,0,0,0,0,NO_EFFECT,NO_EFFECT,NO_EFFECT,NO_EFFECT,base,regime_aggressive|base_pred=Neutral,0.42857142857142855,0.8333333333333334,0.7333333333333333,0.45937539102082614,-0.1872867938501248,1.0,0.0,1.0,0.0,0.1193233869507821,1.0,2,2,3,0,2,0,1,1,1
321008,Bull,Bull,Bull,Bull,Bull,Bull,0,0,0,0,NO_EFFECT,NO_EFFECT,NO_EFFECT,NO_EFFECT,base,regime_aggressive|base_pred=Bull,0.3333333333333333,0.8333333333333334,0.7333333333333333,0.4873504481635146,-0.09457420282264778,1.0,0.0,1.0,0.0,0.3568221217774407,0.3361831253663888,0,2,2,0,2,0,1,1,1
321009,Bull,Neutral,Neutral,Neutral,Neutral,Neutral,0,0,0,0,NO_EFFECT,NO_EFFECT,NO_EFFECT,NO_EFFECT,base,regime_aggressive|base_pred=Neutral,0.3333333333333333,0.8333333333333334,0.7,0.4739884122159237,-0.174103680096303,1.0,0.0,1.0,0.0,0.1703378925267316,1.0,2,2,2,0,2,0,1,1,1
321010,Bear,Neutral,Neutral,Neutral,Neutral,Neutral,0,0,0,0,NO_EFFECT,NO_EFFECT,NO_EFFECT,NO_EFFECT,base,regime_aggressive|base_pred=Neutral,0.3333333333333333,0.8333333333333334,0.7333333333333333,0.5049648628880852,-0.080568537368513,1.0,0.0,1.0,0.0,0.4901345361904532,0.1057928094781172,0,1,2,0,1,0,1,0,0
321011,Bull,Bull,Bull,Bull,Bull,Bull,0,0,0,0,NO_EFFECT,NO_EFFECT,NO_EFFECT,NO_EFFECT,base,regime_aggressive|base_pred=Bull,0.3333333333333333,0.8333333333333334,0.7,0.49567626096752904,-0.09794005603398392,1.0,0.0,1.0,0.0,0.4603121501932037,0.3797044216125154,0,1,2,1,2,0,1,1,1
321011,Bull,Neutral,Neutral,Neutral,Neutral,Neutral,0,0,0,0,NO_EFFECT,NO_EFFECT,NO_EFFECT,NO_EFFECT,base,regime_aggressive|base_pred=Neutral,0.3333333333333333,0.8333333333333334,0.7,0.5025777805685178,-0.0680757661750272,1.0,0.0,1.0,0.0,0.5734160362699185,0.2681158484713086,0,0,1,0,0,0,1,1,1
321011,Bull,Neutral,Neutral,Neutral,Neutral,Neutral,0,0,0,0,NO_EFFECT,NO_EFFECT,NO_EFFECT,NO_EFFECT,base,regime_aggressive|base_pred=Neutral,0.3333333333333333,0.8333333333333334,0.6666666666666666,0.4781816421842281,0.002883142355246837,1.0,0.0,1.0,0.0,0.5734160362699185,0.2681158484713086,0,0,0,0,0,0,0,0,0
321011,Bull,Neutral,Neutral,Neutral,Neutral,Neutral,0,0,0,0,NO_EFFECT,NO_EFFECT,NO_EFFECT,NO_EFFECT,base,regime_aggressive|base_pred=Neutral,0.3333333333333333,0.8,0.6333333333333333,0.45378550379993843,0.029900575668224405,1.0,0.0,1.0,0.0,0.5734160362699185,0.2681158484713086,0,0,0,0,0,0,0,0,0
321011,Bull,Neutral,Neutral,Neutral,Neutral,Neutral,0,0,0,0,NO_EFFECT,NO_EFFECT,NO_EFFECT,NO_EFFECT,base,regime_aggressive|base_pred=Neutral,0.3333333333333333,0.7666666666666667,0.6,0.4293893654156487,0.08311984914464532,1.0,0.0,1.0,0.0,0.5734160362699185,0.2681158484713086,0,0,0,0,0,0,0,0,0
321011,Bull,Neutral,Neutral,Neutral,Neutral,Neutral,0,0,0,0,NO_EFFECT,NO_EFFECT,NO_EFFECT,NO_EFFECT,base,regime_aggressive|base_pred=Neutral,0.3333333333333333,0.7333333333333333,0.5666666666666667,0.40499322703135904,0.1266317220042999,1.0,0.0,1.0,0.0,0.5734160362699185,0.2681158484713086,0,0,0,0,0,0,0,0,0
321011,Bull,Neutral,Neutral,Neutral,Neutral,Neutral,0,0,0,0,NO_EFFECT,NO_EFFECT,NO_EFFECT,NO_EFFECT,base,regime_aggressive|base_pred=Neutral,0.3333333333333333,0.7,0.5333333333333333,0.38625646171739997,0.044954247245934886,1.0,0.0,1.0,0.0,0.5734160362699185,0.2681158484713086,0,0,0,0,0,0,0,0,0
321011,Bull,Neutral,Neutral,Neutral,Neutral,Neutral,0,0,0,0,NO_EFFECT,NO_EFFECT,NO_EFFECT,NO_EFFECT,base,persist_AGGRESSIVE|regime_balanced|base_pred=Neutral,0.2,0.6666666666666666,0.5,0.3790164832123117,-0.05396840772573647,0.0,0.0,0.0,0.0,0.5734160362699185,0.2681158484713086,0,0,0,0,0,0,0,0,0
321011,Bull,Neutral,Neutral,Neutral,Neutral,Neutral,0,0,0,0,NO_EFFECT,NO_EFFECT,NO_EFFECT,NO_EFFECT,base,regime_aggressive|base_pred=Neutral,0.25,0.6666666666666666,0.4666666666666667,0.36343526012261046,-0.04080666462544663,0.0,0.0,0.0,0.0,0.5734160362699185,0.2681158484713086,0,0,0,0,0,0,0,0,0
321011,Bull,Neutral,Neutral,Neutral,Neutral,Neutral,0,0,0,0,NO_EFFECT,NO_EFFECT,NO_EFFECT,NO_EFFECT,base,regime_aggressive|base_pred=Neutral,0.25,0.6666666666666666,0.43333333333333335,0.36413677741368994,-0.15164156329136952,0.0,0.0,0.0,0.0,0.5734160362699185,0.2681158484713086,0,0,0,0,0,0,0,0,0
321011,Bull,Neutral,Neutral,Neutral,Neutral,Neutral,0,0,0,0,NO_EFFECT,NO_EFFECT,NO_EFFECT,NO_EFFECT,base,regime_aggressive|base_pred=Neutral,0.3333333333333333,0.6666666666666666,0.4,0.35063051236584497,-0.10703370987062338,0.0,0.0,0.0,0.0,0.5734160362699185,0.2681158484713086,0,0,0,0,0,0,0,0,0
321013,Bear,Neutral,Neutral,Neutral,Neutral,Neutral,0,0,0,0,NO_EFFECT,NO_EFFECT,NO_EFFECT,NO_EFFECT,base,regime_aggressive|base_pred=Neutral,0.3333333333333333,0.6666666666666666,0.4,0.3453674392584303,-0.11587738618068238,0.0,0.0,0.0,0.0,0.4365223899076227,0.1630008769454591,0,0,0,0,0,0,0,0,0
321014,Bull,Bull,Bull,Bull,Bull,Bull,0,0,0,0,NO_EFFECT,NO_EFFECT,NO_EFFECT,NO_EFFECT,base,regime_aggressive|base_pred=Bull,0.3333333333333333,0.6333333333333333,0.36666666666666664,0.34500712972867437,-0.13110416761492594,0.0,0.0,0.0,0.0,0.4861672245042427,0.1835913329738236,0,0,0,0,0,0,0,0,0
321015,Bull,Neutral,Neutral,Neutral,Neutral,Neutral,0,0,0,0,NO_EFFECT,NO_EFFECT,NO_EFFECT,NO_EFFECT,base,regime_aggressive|base_pred=Neutral,0.3333333333333333,0.6,0.36666666666666664,0.3419691893753379,-0.13922593440954387,0.0,0.0,0.0,0.0,0.2187321636756678,1.0,1,0,0,0,0,0,0,0,0
321016,Bull,Neutral,Neutral,Neutral,Neutral,Neutral,0,0,0,0,NO_EFFECT,NO_EFFECT,NO_EFFECT,NO_EFFECT,base,regime_aggressive|base_pred=Neutral,0.3333333333333333,0.5666666666666667,0.4,0.36348811823410704,-0.061721704968393964,0.0,0.0,0.0,0.0,0.1444238225703884,0.570491504511541,1,0,0,0,0,0,0,0,0
321017,Bear,Bull,Bull,Bull,Bull,Bull,0,0,0,0,NO_EFFECT,NO_EFFECT,NO_EFFECT,NO_EFFECT,base,persist_AGGRESSIVE|regime_off_default|base_pred=Bull,0.0,0.5666666666666667,0.4,0.3727299337175433,-0.030228079787513518,0.0,0.0,0.0,0.0,0.2697349417958321,0.1462068221760602,0,0,0,0,0,0,0,0,0
321018,Bull,Neutral,Neutral,Neutral,Neutral,Neutral,0,0,0,0,NO_EFFECT,NO_EFFECT,NO_EFFECT,NO_EFFECT,base,persist_AGGRESSIVE|regime_off_default|base_pred=Neutral,0.0,0.5333333333333333,0.36666666666666664,0.3637101554105918,-0.034984766271373535,0.0,0.0,0.0,0.0,0.0238105900680238,0.3124787812912731,0,0,0,0,0,0,0,0,0
321019,Bear,Neutral,Neutral,Neutral,Neutral,Neutral,0,0,0,0,NO_EFFECT,NO_EFFECT,NO_EFFECT,NO_EFFECT,base,regime_off_default|base_pred=Neutral,0.0,0.5,0.3333333333333333,0.3707205985073031,-0.03884599099344577,0.0,0.0,0.0,0.0,0.0945940231904387,0.0919686753939383,1,1,0,0,0,0,0,0,0
321020,Bear,Bear,Bear,Bear,Bear,Bear,0,0,0,0,NO_EFFECT,NO_EFFECT,NO_EFFECT,NO_EFFECT,base,regime_off_default|ruleb_off,0.0,0.5,0.3333333333333333,0.340452887687101,-0.01986650072474827,0.0,0.0,0.0,0.0,0.4925835169069614,0.357310023499911,1,1,0,0,0,0,0,0,0
321021,Bear,Neutral,Neutral,Neutral,Neutral,Neutral,0,0,0,0,NO_EFFECT,NO_EFFECT,NO_EFFECT,NO_EFFECT,base,regime_off_default|base_pred=Neutral,0.0,0.5,0.3333333333333333,0.35014095930066075,-0.021019481890797553,0.0,0.0,0.0,0.0,0.5111179437499231,1.0,2,2,1,0,1,0,0,0,0
321022,Bull,Bull,Bull,Bull,Bull,Bull,0,0,0,0,NO_EFFECT,NO_EFFECT,NO_EFFECT,NO_EFFECT,base,regime_off_default|base_pred=Bull,0.0,0.5,0.3333333333333333,0.37299132752998904,0.05448758849451374,0.0,0.0,0.0,0.0,0.8544201193453773,0.0453725898503515,0,1,1,0,0,0,1,0,0
321023,Bull,Neutral,Neutral,Neutral,Neutral,Neutral,0,0,0,0,NO_EFFECT,NO_EFFECT,NO_EFFECT,NO_EFFECT,base,regime_off_default|base_pred=Neutral,0.0,0.5,0.3333333333333333,0.3707839485291259,0.02438716820266501,0.0,0.0,0.0,0.0,0.3515458914298506,0.217582731171065,1,2,2,0,2,0,1,1,1
321024,Bear,Neutral,Neutral,Neutral,Neutral,Neutral,0,0,0,0,NO_EFFECT,NO_EFFECT,NO_EFFECT,NO_EFFECT,base,regime_off_default|base_pred=Neutral,0.0,0.5,0.3333333333333333,0.37673611149774877,0.023646201883571638,0.0,0.0,0.0,0.0,0.2126097116997698,0.4768039581979276,0,1,2,1,2,0,1,1,1
321025,Bull,Neutral,Neutral,Neutral,Neutral,Neutral,0,0,0,0,NO_EFFECT,NO_EFFECT,NO_EFFECT,NO_EFFECT,base,regime_off_default|base_pred=Neutral,0.0,0.5,0.3,0.3815642097634234,0.06038594826867533,0.0,0.0,0.0,0.0,0.6002533605187637,1.0,1,1,2,0,1,0,1,1,1
321025,Bull,Bull,Bull,Bull,Bull,Bull,0,0,0,0,NO_EFFECT,NO_EFFECT,NO_EFFECT,NO_EFFECT,base,regime_off_default|base_pred=Bull,0.0,0.5,0.3333333333333333,0.4096548072365989,0.018250052058911836,0.0,0.0,0.0,0.0,0.5901989434696588,0.8613261730848256,1,0,1,0,0,0,0,0,0
321026,Bull,Bear,Bear,Bear,Bear,Bear,0,0,0,0,NO_EFFECT,NO_EFFECT,NO_EFFECT,NO_EFFECT,base,regime_off_default|ruleb_off,0.0,0.5,0.36666666666666664,0.43096574367554286,0.02990884768648866,0.0,0.0,0.0,0.0,0.4359744376433809,0.0999249488661121,1,0,0,0,0,0,0,0,0
321027,Bear,Neutral,Neutral,Neutral,Neutral,Neutral,0,0,0,0,NO_EFFECT,NO_EFFECT,NO_EFFECT,NO_EFFECT,base,regime_balanced|base_pred=Neutral,0.5,0.4666666666666667,0.36666666666666664,0.4009632419710799,0.06797031924669084,0.0,0.0,0.0,0.0,0.8573142252171237,0.5760530959056803,2,1,1,1,1,0,0,0,0
321028,Bear,Neutral,Neutral,Neutral,Neutral,Neutral,0,0,0,0,NO_EFFECT,NO_EFFECT,NO_EFFECT,NO_EFFECT,base,regime_balanced|base_pred=Neutral,0.5,0.4666666666666667,0.36666666666666664,0.38683167850126926,0.1287038116435681,0.0,0.0,0.0,0.0,0.601325834997624,0.0833728286148448,1,1,1,1,1,0,0,0,0
321029,Bear,Bear,Bear,Bear,Bear,Bear,0,0,0,0,NO_EFFECT,NO_EFFECT,NO_EFFECT,NO_EFFECT,base,regime_balanced|ruleb_off,0.5,0.4666666666666667,0.4,0.37840466860955113,0.1400549494642811,0.0,0.0,0.0,0.0,0.850588261091616,0.2113334629496376,0,1,1,1,1,0,0,0,0
321030,Bull,Bull,Bull,Bull,Bull,Bull,0,0,0,0,NO_EFFECT,NO_EFFECT,NO_EFFECT,NO_EFFECT,base,regime_balanced|base_pred=Bull,0.3333333333333333,0.4666666666666667,0.36666666666666664,0.3521157840412057,0.15759179223425812,0.0,0.0,0.0,0.0,1.3026868052493228,0.261779605255328,0,0,0,0,0,0,0,0,0
321031,Bull,Neutral,Neutral,Neutral,Neutral,Neutral,0,0,0,0,NO_EFFECT,NO_EFFECT,NO_EFFECT,NO_EFFECT,base,persist_BALANCED|regime_safe|base_pred=Neutral,0.3333333333333333,0.43333333333333335,0.36666666666666664,0.357315343900446,0.03905939323369678,0.0,0.0,0.0,0.0,0.4766654946870403,0.705952676587932,2,1,1,0,0,0,1,1,1
321032,Bear,Neutral,Neutral,Neutral,Neutral,Neutral,0,0,0,0,NO_EFFECT,NO_EFFECT,NO_EFFECT,NO_EFFECT,base,persist_BALANCED|regime_safe|base_pred=Neutral,0.3333333333333333,0.43333333333333335,0.4,0.3681902857329599,0.12183399349556306,0.0,0.0,0.0,0.0,0.2225791469954856,0.5363351713877749,2,2,2,1,3,0,1,1,1
321033,Bear,Neutral,Neutral,Neutral,Neutral,Neutral,0,0,0,0,NO_EFFECT,NO_EFFECT,NO_EFFECT,NO_EFFECT,base,regime_safe|base_pred=Neutral,0.3333333333333333,0.43333333333333335,0.43333333333333335,0.37713092983017543,0.15623589338224636,0.0,0.0,0.0,0.0,0.0751219666271936,1.0,1,2,2,1,3,0,1,1,1
321034,Bear,Neutral,Neutral,Neutral,Neutral,Neutral,0,0,0,0,NO_EFFECT,NO_EFFECT,NO_EFFECT,NO_EFFECT,base,persist_SAFE|regime_balanced|base_pred=Neutral,0.3333333333333333,0.4666666666666667,0.4666666666666667,0.4015270682144651,0.19812109207612255,0.0,0.0,0.0,0.0,0.1355125218851753,1.0,2,2,2,0,2,0,1,1,1
321035,Bull,Neutral,Neutral,Neutral,Neutral,Neutral,0,0,0,0,NO_EFFECT,NO_EFFECT,NO_EFFECT,NO_EFFECT,base,persist_SAFE|regime_balanced|base_pred=Neutral,0.3333333333333333,0.5,0.5,0.4259232065987549,0.16152688449968794,0.0,0.0,0.0,0.0,0.4222681415303668,1.0,2,2,2,0,2,0,1,1,1
321036,Bull,Neutral,Neutral,Neutral,Neutral,Neutral,0,0,0,0,NO_EFFECT,NO_EFFECT,NO_EFFECT,NO_EFFECT,base,regime_aggressive|base_pred=Neutral,0.3333333333333333,0.5333333333333333,0.5333333333333333,0.45031934498304454,0.1457337509605296,0.0,0.0,0.0,0.0,0.1715900103645253,0.2999587310314662,0,2,2,1,3,0,1,1,1
321037,Bear,Neutral,Neutral,Neutral,Neutral,Neutral,0,0,0,0,NO_EFFECT,NO_EFFECT,NO_EFFECT,NO_EFFECT,base,regime_aggressive|base_pred=Neutral,0.3333333333333333,0.5666666666666667,0.5333333333333333,0.45138077440171653,0.17414667415732477,0.0,0.0,0.0,0.0,0.7932198610396881,0.0787719783692989,1,1,1,0,0,0,1,0,0
321038,Bear,Neutral,Neutral,Neutral,Neutral,Neutral,0,0,0,0,NO_EFFECT,NO_EFFECT,NO_EFFECT,NO_EFFECT,base,regime_aggressive|base_pred=Neutral,0.3333333333333333,0.6,0.5666666666666667,0.44506931206498285,0.10902170003196804,0.0,0.0,0.0,0.0,0.2446640071048023,0.811612255717218,1,0,0,0,0,0,0,0,0
321039,Bull,Bear,Bear,Bear,Bear,Bear,0,0,0,0,NO_EFFECT,NO_EFFECT,NO_EFFECT,NO_EFFECT,base,regime_aggressive|ruleb_off,0.3333333333333333,0.6,0.6,0.4631858589731798,0.1910827937350285,0.0,0.0,0.0,0.0,1.384001047214042,0.1345781643840271,1,0,0,1,1,0,0,0,0
321040,Bear,Bear,Bear,Bear,Bear,Bear,0,0,0,0,NO_EFFECT,NO_EFFECT,NO_EFFECT,NO_EFFECT,base,regime_aggressive|ruleb_off,0.5,0.6333333333333333,0.6333333333333333,0.4587346028369372,0.18624638315455116,0.0,0.0,0.0,0.0,0.4441477440632297,0.2040754574567176,1,0,0,0,0,0,0,0,0
321041,Bear,Neutral,Neutral,Neutral,Neutral,Neutral,0,0,0,0,NO_EFFECT,NO_EFFECT,NO_EFFECT,NO_EFFECT,base,regime_aggressive|base_pred=Neutral,0.4,0.6333333333333333,0.6666666666666666,0.4565999231364507,0.18079278053548897,0.0,0.0,0.0,0.0,0.1433588473482814,0.2833057604321515,1,1,1,0,0,0,0,0,0
321042,Bull,Bull,Bull,Bull,Bull,Bull,0,0,0,0,NO_EFFECT,NO_EFFECT,NO_EFFECT,NO_EFFECT,base,regime_aggressive|base_pred=Bull,0.4,0.6666666666666666,0.7,0.4571062535351455,0.11663624751407992,0.0,0.0,0.0,0.0,1.0598594066796068,0.3176102586105701,0,1,1,0,0,0,1,1,1
321043,Bull,Neutral,Neutral,Neutral,Neutral,Neutral,0,0,0,0,NO_EFFECT,NO_EFFECT,NO_EFFECT,NO_EFFECT,base,regime_aggressive|base_pred=Neutral,0.4,0.7,0.7,0.46225989959064917,0.07609704151424374,0.0,0.0,0.0,0.0,0.4865274294679693,1.0,2,2,2,1,3,0,1,1,1
321044,Bull,Bear,Bear,Bear,Bear,Bear,0,0,0,0,NO_EFFECT,NO_EFFECT,NO_EFFECT,NO_EFFECT,base,regime_aggressive|ruleb_off,0.4,0.7333333333333333,0.7333333333333333,0.4894735218248551,0.035276608162934875,0.0,0.0,0.0,0.0,0.0872765518633968,0.4119772672283875,0,1,1,0,0,0,1,1,1
321045,Bull,Neutral,Neutral,Neutral,Neutral,Neutral,0,0,0,0,NO_EFFECT,NO_EFFECT,NO_EFFECT,NO_EFFECT,base,regime_aggressive|base_pred=Neutral,0.5,0.7666666666666667,0.7,0.4698727640658013,-0.02352566511422649,0.0,0.0,0.0,0.0,0.2419195748025231,1.0,2,1,1,0,0,0,0,0,0
321046,Bear,Bear,Bear,Bear,Bear,Bear,0,0,0,0,NO_EFFECT,NO_EFFECT,NO_EFFECT,NO_EFFECT,base,regime_aggressive|ruleb_off,0.5,0.8,0.7,0.4841897139154166,-0.04500108988864948,0.0,0.0,0.0,0.0,0.3417825151955185,0.0271525770902536,1,0,0,0,0,0,0,0,0
321047,Bear,Neutral,Neutral,Neutral,Neutral,Neutral,0,0,0,0,NO_EFFECT,NO_EFFECT,NO_EFFECT,NO_EFFECT,base,regime_aggressive|base_pred=Neutral,0.42857142857142855,0.8,0.7333333333333333,0.4802212390792231,-0.07996930072554087,0.0,0.0,0.0,0.0,0.1327480403779191,0.2799342107131957,1,1,1,0,0,0,0,0,0
321048,Bear,Bear,Bear,Bear,Bear,Bear,0,0,0,0,NO_EFFECT,NO_EFFECT,NO_EFFECT,NO_EFFECT,base,regime_aggressive|ruleb_off,0.42857142857142855,0.8333333333333334,0.7666666666666667,0.47913642005995377,-0.048167737345052586,0.0,0.0,0.0,0.0,0.5542331586384535,0.5419105593274248,2,1,1,1,1,0,1,1,1
321049,Bear,Neutral,Neutral,Neutral,Neutral,Neutral,0,0,0,0,NO_EFFECT,NO_EFFECT,NO_EFFECT,NO_EFFECT,base,regime_aggressive|base_pred=Neutral,0.375,0.8333333333333334,0.7666666666666667,0.4941344828577367,-0.1111200860001959,0.0,0.0,0.0,0.0,0.123523370904877,0.3931572784302981,1,1,2,1,2,0,1,1,1
321050,Bear,Bear,Bear,Bear,Bear,Bear,0,0,0,0,NO_EFFECT,NO_EFFECT,NO_EFFECT,NO_EFFECT,base,regime_aggressive|ruleb_off,0.42857142857142855,0.8333333333333334,0.7666666666666667,0.49532939135541626,-0.07412558163977467,0.0,0.0,0.0,0.0,0.2560269950154179,0.2115369641006578,1,0,1,1,1,0,1,1,1
321051,Bear,Bear,Bear,Bear,Bear,Bear,0,0,0,0,NO_EFFECT,NO_EFFECT,NO_EFFECT,NO_EFFECT,base,regime_aggressive|ruleb_off,0.375,0.8333333333333334,0.7666666666666667,0.4690472901587715,-0.0335832038482165,0.0,0.0,0.0,0.0,0.8827822067032685,0.4452468294219572,1,0,1,0,0,0,0,0,0
321052,Bear,Neutral,Neutral,Neutral,Neutral,Neutral,0,0,0,0,NO_EFFECT,NO_EFFECT,NO_EFFECT,NO_EFFECT,base,regime_aggressive|base_pred=Neutral,0.3333333333333333,0.8333333333333334,0.8,0.4823764314778251,-0.02928575547832596,0.0,0.0,0.0,0.0,0.3012199071290524,1.0,1,0,0,0,0,0,0,0,0
321053,Bear,Bear,Bear,Bear,Bear,Bear,0,0,0,0,NO_EFFECT,NO_EFFECT,NO_EFFECT,NO_EFFECT,base,regime_aggressive|ruleb_off,0.3333333333333333,0.8,0.8,0.5084570071054563,0.0339518422886419,0.0,0.0,0.0,0.0,0.6714841309694748,0.2003801184793278,1,0,0,0,0,0,0,0,0
321054,Bear,Bull,Bull,Bull,Bull,Bull,0,0,0,0,NO_EFFECT,NO_EFFECT,NO_EFFECT,NO_EFFECT,base,regime_aggressive|base_pred=Bull,0.3,0.7666666666666667,0.8333333333333334,0.4992428791148363,-0.07216994795352899,0.0,0.0,0.0,0.0,0.7079164574788592,0.1857669372399555,0,0,0,0,0,0,0,0,0
321055,Bull,Neutral,Neutral,Neutral,Neutral,Neutral,0,0,0,0,NO_EFFECT,NO_EFFECT,NO_EFFECT,NO_EFFECT,base,regime_aggressive|base_pred=Neutral,0.3,0.7333333333333333,0.8,0.4721017770228348,-0.06538984431379152,0.0,0.0,0.0,0.0,0.2581627689469314,0.411824511602946,1,1,1,1,1,0,1,1,1
321056,Bear,Neutral,Neutral,Neutral,Neutral,Neutral,0,0,0,0,NO_EFFECT,NO_EFFECT,NO_EFFECT,NO_EFFECT,base,regime_aggressive|base_pred=Neutral,0.3,0.7333333333333333,0.8,0.45711838830677215,-0.1311410844992556,0.0,0.0,0.0,0.0,0.8981389856362512,0.2067551283178011,1,2,2,0,2,0,1,1,1
321057,Bull,Bear,Bear,Bear,Bear,Bear,0,0,0,0,NO_EFFECT,NO_EFFECT,NO_EFFECT,NO_EFFECT,base,persist_AGGRESSIVE|regime_balanced|ruleb_off,0.2222222222222222,0.7666666666666667,0.8,0.46067939428849514,-0.10954221078770798,0.0,0.0,0.0,0.0,0.3640856007459661,1.0,1,2,2,0,2,0,1,1,1
321058,Bear,Neutral,Neutral,Neutral,Neutral,Neutral,0,0,0,0,NO_EFFECT,NO_EFFECT,NO_EFFECT,NO_EFFECT,base,regime_aggressive|base_pred=Neutral,0.3,0.7666666666666667,0.8,0.4748109577583058,-0.02272968759940336,0.0,0.0,0.0,0.0,0.2580893029353319,0.4288504181458578,1,1,1,0,0,0,1,1,1
321059,Bear,Neutral,Neutral,Neutral,Neutral,Neutral,0,0,0,0,NO_EFFECT,NO_EFFECT,NO_EFFECT,NO_EFFECT,base,regime_aggressive|base_pred=Neutral,0.3,0.7666666666666667,0.8,0.48632687740933955,-0.05696258825318895,0.0,0.0,0.0,0.0,0.3345528587378794,0.3698058894727029,1,1,1,0,0,0,0,0,0
321060,Bear,Neutral,Neutral,Neutral,Neutral,Neutral,0,0,0,0,NO_EFFECT,NO_EFFECT,NO_EFFECT,NO_EFFECT,base,regime_aggressive|base_pred=Neutral,0.3333333333333333,0.7666666666666667,0.8333333333333334,0.491609291626775,-0.06838891792298152,0.0,0.0,0.0,0.0,1.1476984047531005,0.0110943092376191,1,1,1,1,1,0,0,0,0
321061,Bear,Neutral,Neutral,Neutral,Neutral,Neutral,0,0,0,0,NO_EFFECT,NO_EFFECT,NO_EFFECT,NO_EFFECT,base,regime_aggressive|base_pred=Neutral,0.3333333333333333,0.8,0.8666666666666667,0.48325311509285135,-0.08592105135155192,0.0,0.0,0.0,0.0,0.6933171306736767,1.0,1,1,1,0,0,0,0,0,0
321062,Bear,Neutral,Neutral,Neutral,Neutral,Neutral,0,0,0,0,NO_EFFECT,NO_EFFECT,NO_EFFECT,NO_EFFECT,base,regime_aggressive|base_pred=Neutral,0.3333333333333333,0.8,0.8666666666666667,0.49305469253992035,-0.01741044193544894,0.0,0.0,0.0,0.0,0.0447474992633942,0.5053682441377395,1,0,1,0,0,0,0,0,0
321063,Bull,Neutral,Neutral,Neutral,Neutral,Neutral,0,0,0,0,NO_EFFECT,NO_EFFECT,NO_EFFECT,NO_EFFECT,base,regime_aggressive|base_pred=Neutral,0.3333333333333333,0.8,0.8666666666666667,0.4920224616315858,-0.09005685895228627,0.0,0.0,0.0,0.0,0.1671265582717751,0.1599626267593129,0,0,1,0,0,0,0,0,0
321064,Bull,Bear,Bear,Bear,Bear,Bear,0,0,0,0,NO_EFFECT,NO_EFFECT,NO_EFFECT,NO_EFFECT,base,regime_aggressive|ruleb_off,0.3333333333333333,0.8,0.8333333333333334,0.46402121585689626,-0.054117614048254103,0.0,0.0,0.0,0.0,0.2642979634038056,0.2817935906370249,1,0,1,0,0,0,0,0,0
321065,Bear,Bear,Bear,Bear,Bear,Bear,0,0,0,0,NO_EFFECT,NO_EFFECT,NO_EFFECT,NO_EFFECT,base,regime_aggressive|ruleb_off,0.4,0.8,0.8333333333333334,0.44008100221146373,-0.00380329557054504,0.0,0.0,0.0,0.0,0.1583977926638908,0.773390969136148,2,0,0,0,0,0,0,0,0
321066,Bear,Neutral,Neutral,Neutral,Neutral,Neutral,0,0,0,0,NO_EFFECT,NO_EFFECT,NO_EFFECT,NO_EFFECT,base,regime_aggressive|base_pred=Neutral,0.36363636363636365,0.7666666666666667,0.8333333333333334,0.4325273678493353,0.06176212460262798,0.0,0.0,0.0,0.0,0.9336478295390408,0.2184655257701836,0,0,1,0,0,0,0,0,0
321067,Bull,Bear,Bear,Bear,Bear,Bear,0,0,0,0,NO_EFFECT,NO_EFFECT,NO_EFFECT,NO_EFFECT,base,regime_aggressive|ruleb_off,0.36363636363636365,0.7666666666666667,0.8333333333333334,0.4298109276739592,0.06759334448354953,0.0,0.0,0.0,0.0,0.5776159699289565,0.2146273012265092,1,0,1,0,0,0,0,0,0
321068,Bear,Neutral,Neutral,Neutral,Neutral,Neutral,0,0,0,0,NO_EFFECT,NO_EFFECT,NO_EFFECT,NO_EFFECT,base,regime_aggressive|base_pred=Neutral,0.4166666666666667,0.7666666666666667,0.8333333333333334,0.4343394384358662,-0.05700532647533468,0.0,0.0,0.0,0.0,0.0882915374222648,0.5882077843542859,2,1,2,0,1,0,1,1,1
321069,Bull,Neutral,Neutral,Neutral,Neutral,Neutral,0,0,0,0,NO_EFFECT,NO_EFFECT,NO_EFFECT,NO_EFFECT,base,regime_aggressive|base_pred=Neutral,0.4166666666666667,0.8,0.8333333333333334,0.42689262272376843,-0.021931497975923864,0.0,0.0,0.0,0.0,0.2649774617766525,1.0,2,2,2,0,2,0,1,1,1
321070,Bear,Bull,Bull,Bull,Bull,Bull,0,0,0,0,NO_EFFECT,NO_EFFECT,NO_EFFECT,NO_EFFECT,base,regime_aggressive|base_pred=Bull,0.36363636363636365,0.8,0.8333333333333334,0.45574001724430085,0.029326526822372023,0.0,0.0,0.0,0.0,0.5232956813651981,0.3289345320794951,0,2,2,0,2,0,1,1,1
321071,Bull,Neutral,Neutral,Neutral,Neutral,Neutral,0,0,0,0,NO_EFFECT,NO_EFFECT,NO_EFFECT,NO_EFFECT,base,regime_aggressive|base_pred=Neutral,0.4,0.8333333333333334,0.8,0.45990198639839347,0.07075960651751467,0.0,0.0,0.0,0.0,0.6416167731531459,1.0,2,2,2,0,2,0,1,1,1
321072,Bull,Neutral,Neutral,Neutral,Neutral,Neutral,0,0,0,0,NO_EFFECT,NO_EFFECT,NO_EFFECT,NO_EFFECT,base,regime_aggressive|base_pred=Neutral,0.4,0.8333333333333334,0.8,0.4837917943839884,0.03492489453912223,0.0,0.0,0.0,0.0,0.5266037890432926,1.0,1,1,1,1,1,0,1,1,1
321073,Bull,Neutral,Neutral,Neutral,Neutral,Neutral,0,0,0,0,NO_EFFECT,NO_EFFECT,NO_EFFECT,NO_EFFECT,base,regime_aggressive|base_pred=Neutral,0.4,0.8333333333333334,0.8333333333333334,0.5065381190969694,0.07500017084898974,0.0,0.0,0.0,0.0,1.8150987615772465,0.2460945920612395,0,1,2,1,2,0,1,1,1
321074,Bull,Neutral,Neutral,Neutral,Neutral,Neutral,0,0,0,0,NO_EFFECT,NO_EFFECT,NO_EFFECT,NO_EFFECT,base,regime_aggressive|base_pred=Neutral,0.4,0.8333333333333334,0.8,0.4814079388323442,0.12561523604121672,0.0,0.0,0.0,0.0,0.462120200982099,0.4790982423390473,1,1,2,0,1,0,1,1,1
321075,Bull,Neutral,Neutral,Neutral,Neutral,Neutral,0,0,0,0,NO_EFFECT,NO_EFFECT,NO_EFFECT,NO_EFFECT,base,regime_aggressive|base_pred=Neutral,0.3333333333333333,0.8333333333333334,0.8333333333333334,0.48364530466936617,0.1518548850409871,0.0,0.0,0.0,0.0,0.3245786817369662,0.8717563213593725,2,2,3,0,2,0,1,1,1
321076,Bear,Bull,Bull,Bull,Bull,Bull,0,0,0,0,NO_EFFECT,NO_EFFECT,NO_EFFECT,NO_EFFECT,base,regime_aggressive|base_pred=Bull,0.3333333333333333,0.8333333333333334,0.8333333333333334,0.47937051538134523,0.1730218718065022,0.0,0.0,0.0,0.0,0.3133007164014998,0.2335711680170472,0,2,2,0,2,0,1,1,1
321077,Bull,Neutral,Neutral,Neutral,Neutral,Neutral,0,0,0,0,NO_EFFECT,NO_EFFECT,NO_EFFECT,NO_EFFECT,base,regime_aggressive|base_pred=Neutral,0.375,0.8666666666666667,0.8,0.48625113507890494,0.16496678859719194,0.0,0.0,0.0,0.0,0.1921940071570134,1.0,2,2,2,1,3,0,1,1,1
321078,Bull,Bull,Bull,Bull,Bull,Bull,0,0,0,0,NO_EFFECT,NO_EFFECT,NO_EFFECT,NO_EFFECT,base,regime_aggressive|base_pred=Bull,0.375,0.8666666666666667,0.8,0.5102533280551318,0.2467694039488756,0.0,0.0,0.0,0.0,0.6815707318455679,0.0987070517246243,0,1,1,1,1,0,1,0,0
321079,Bull,Neutral,Neutral,Neutral,Neutral,Neutral,0,0,0,0,NO_EFFECT,NO_EFFECT,NO_EFFECT,NO_EFFECT,base,regime_aggressive|base_pred=Neutral,0.42857142857142855,0.8666666666666667,0.7666666666666667,0.49547987780170516,0.19550446943456629,0.0,0.0,0.0,0.0,0.3385008636614657,0.0627974953511434,1,2,2,1,3,0,1,0,0
321080,Bear,Bear,Bear,Bear,Bear,Bear,0,0,0,0,NO_EFFECT,NO_EFFECT,NO_EFFECT,NO_EFFECT,base,regime_aggressive|ruleb_off,0.42857142857142855,0.8666666666666667,0.7666666666666667,0.48446788503239985,0.07144208289119552,0.0,0.0,0.0,0.0,0.4464650192421686,0.1843759196389129,1,1,1,0,0,0,1,0,1
321081,Bear,Bear,Bear,Bear,Bear,Bear,0,0,0,0,NO_EFFECT,NO_EFFECT,NO_EFFECT,NO_EFFECT,base,regime_aggressive|ruleb_off,0.42857142857142855,0.8666666666666667,0.7666666666666667,0.48356251688367513,0.05111634324819536,0.0,0.0,0.0,0.0,0.0839296781050507,0.6134223423993386,2,1,1,0,0,0,0,0,0
321082,Bear,Neutral,Neutral,Neutral,Neutral,Neutral,0,0,0,0,NO_EFFECT,NO_EFFECT,NO_EFFECT,NO_EFFECT,base,regime_aggressive|base_pred=Neutral,0.42857142857142855,0.8666666666666667,0.7666666666666667,0.48916836731625446,-0.015279081040772913,0.0,0.0,0.0,0.0,0.4005601913358987,0.3530768579103311,1,1,1,0,0,0,0,0,0
321083,Bear,Neutral,Neutral,Neutral,Neutral,Neutral,0,0,0,0,NO_EFFECT,NO_EFFECT,NO_EFFECT,NO_EFFECT,base,regime_aggressive|base_pred=Neutral,0.42857142857142855,0.9,0.7666666666666667,0.46760426257993226,-0.07997139524973979,0.0,0.0,0.0,0.0,0.4151392070161819,0.168047713628283,1,1,2,0,1,0,1,0,0
321084,Bear,Neutral,Neutral,Neutral,Neutral,Neutral,0,0,0,0,NO_EFFECT,NO_EFFECT,NO_EFFECT,NO_EFFECT,base,regime_aggressive|base_pred=Neutral,0.5,0.9333333333333333,0.7666666666666667,0.46652651575156406,-0.0900618067721311,0.0,0.0,0.0,0.0,0.6520550630793878,0.1527703812205922,2,2,3,0,2,0,1,0,0
321085,Bear,Bull,Bull,Bull,Bull,Bull,0,0,0,0,NO_EFFECT,NO_EFFECT,NO_EFFECT,NO_EFFECT,base,regime_aggressive|base_pred=Bull,0.5,0.9666666666666667,0.8,0.46542663055091865,-0.13736115813893102,0.0,0.0,0.0,0.0,0.2285335439846676,0.2406475616572388,0,1,2,0,1,0,1,1,1
321086,Bull,Neutral,Neutral,Neutral,Neutral,Neutral,0,0,0,0,NO_EFFECT,NO_EFFECT,NO_EFFECT,NO_EFFECT,base,regime_aggressive|base_pred=Neutral,0.5,0.9666666666666667,0.7666666666666667,0.4597207322193951,-0.22346862459696576,0.0,0.0,0.0,0.0,0.4437579108871432,1.0,2,2,2,0,2,0,1,1,1
321087,Bear,Neutral,Neutral,Neutral,Neutral,Neutral,0,0,0,0,NO_EFFECT,NO_EFFECT,NO_EFFECT,NO_EFFECT,base,regime_aggressive|base_pred=Neutral,0.5,0.9666666666666667,0.7666666666666667,0.486162227942135,-0.14816654338363283,0.0,0.0,0.0,0.0,0.9650823698066232,0.0414418628765103,1,1,1,0,0,0,1,0,0
321088,Bear,Bear,Bear,Bear,Bear,Bear,0,0,0,0,NO_EFFECT,NO_EFFECT,NO_EFFECT,NO_EFFECT,base,regime_aggressive|mode=AGGRESSIVE|no_current_edge,0.4,0.9666666666666667,0.7666666666666667,0.45421029003801866,-0.2440223570959818,0.0,0.0,0.0,0.0,2.6127171132484364,0.2744220533977932,1,1,1,0,0,1,0,0,0
321089,Bear,Neutral,Neutral,Neutral,Neutral,Neutral,0,0,0,0,NO_EFFECT,NO_EFFECT,NO_EFFECT,NO_EFFECT,base,regime_aggressive|base_pred=Neutral,0.3333333333333333,0.9666666666666667,0.7666666666666667,0.44906267787974985,-0.2099436886076031,0.0,0.0,0.0,0.0,0.5304546601564653,0.5922384870133633,2,1,1,0,0,0,0,0,0
321090,Bull,Bull,Bull,Bull,Bull,Bull,0,0,0,0,NO_EFFECT,NO_EFFECT,NO_EFFECT,NO_EFFECT,base,regime_aggressive|base_pred=Bull,0.3333333333333333,0.9666666666666667,0.7666666666666667,0.45647709779777185,-0.14164916973530323,0.0,0.0,0.0,0.0,0.4764455678050581,0.5087534835287758,1,1,1,0,0,0,0,0,0
321091,Bull,Bear,Bear,Bear,Bear,Bear,0,0,0,0,NO_EFFECT,NO_EFFECT,NO_EFFECT,NO_EFFECT,base,regime_aggressive|ruleb_off,0.3333333333333333,0.9666666666666667,0.7666666666666667,0.4730657369408104,-0.11787549386638169,0.0,0.0,0.0,0.0,0.139713154239871,0.1009358492466015,1,1,1,0,0,0,0,0,0
321092,Bear,Neutral,Neutral,Neutral,Neutral,Neutral,0,0,0,0,NO_EFFECT,NO_EFFECT,NO_EFFECT,NO_EFFECT,base,regime_aggressive|base_pred=Neutral,0.42857142857142855,0.9666666666666667,0.7666666666666667,0.44309693191569716,-0.14979526030162232,0.0,0.0,0.0,0.0,0.1636151699840411,0.0967178291799671,0,0,0,0,0,0,0,0,0
321093,Bear,Neutral,Neutral,Neutral,Neutral,Neutral,0,0,0,0,NO_EFFECT,NO_EFFECT,NO_EFFECT,NO_EFFECT,base,regime_aggressive|base_pred=Neutral,0.42857142857142855,0.9333333333333333,0.7333333333333333,0.42947525141710474,-0.16781659386328823,0.0,0.0,0.0,0.0,0.583506340832173,1.0,1,0,0,0,0,0,0,0,0
321094,Bull,Neutral,Neutral,Neutral,Neutral,Neutral,0,0,0,0,NO_EFFECT,NO_EFFECT,NO_EFFECT,NO_EFFECT,base,regime_aggressive|base_pred=Neutral,0.42857142857142855,0.9,0.7666666666666667,0.4574764971917943,-0.08502561956956523,0.0,0.0,0.0,0.0,0.4524191612836148,1.0,2,1,1,1,1,0,0,0,0
321095,Bull,Bull,Bull,Bull,Bull,Bull,0,0,0,0,NO_EFFECT,NO_EFFECT,NO_EFFECT,NO_EFFECT,base,regime_aggressive|base_pred=Bull,0.3333333333333333,0.9,0.7666666666666667,0.4814167108372268,0.006148502779197429,0.0,0.0,0.0,0.0,0.7375557730611035,0.0621385661509083,0,1,1,1,1,0,1,0,0
321096,Bull,Neutral,Neutral,Neutral,Neutral,Neutral,0,0,0,0,NO_EFFECT,NO_EFFECT,NO_EFFECT,NO_EFFECT,base,regime_aggressive|base_pred=Neutral,0.4,0.9333333333333333,0.7333333333333333,0.45770829740438557,0.014934773602509832,0.0,0.0,0.0,0.0,0.2979127750986663,1.0,2,2,2,1,3,0,1,1,1
321097,Bear,Bear,Bear,Bear,Bear,Bear,0,0,0,0,NO_EFFECT,NO_EFFECT,NO_EFFECT,NO_EFFECT,base,regime_aggressive|ruleb_off,0.4,0.9333333333333333,0.7666666666666667,0.48375944654537933,-0.02414195010898107,0.0,0.0,0.0,0.0,0.0918852579252416,0.0642678130513451,0,1,1,0,0,0,1,0,0
321098,Bear,Bull,Bull,Bull,Bull,Bull,0,0,0,0,NO_EFFECT,NO_EFFECT,NO_EFFECT,NO_EFFECT,base,persist_AGGRESSIVE|regime_balanced|base_pred=Bull,0.2,0.9333333333333333,0.7333333333333333,0.4787474636062072,-0.013200083173997623,0.0,0.0,0.0,0.0,1.1011054170503485,0.1493136065909386,0,1,1,0,0,0,0,0,0
321099,Bull,Neutral,Neutral,Neutral,Neutral,Neutral,0,0,0,0,NO_EFFECT,NO_EFFECT,NO_EFFECT,NO_EFFECT,base,persist_AGGRESSIVE|regime_balanced|base_pred=Neutral,0.2,0.9333333333333333,0.7,0.46411765768076224,-0.010021641306858453,0.0,0.0,0.0,0.0,0.1565091769116406,0.2202167641487355,1,1,0,0,0,0,0,0,0
321100,Bull,Bear,Bear,Bear,Bear,Bear,0,0,0,0,NO_EFFECT,NO_EFFECT,NO_EFFECT,NO_EFFECT,base,regime_balanced|ruleb_off,0.2,0.9333333333333333,0.7,0.43812488315238685,-0.026835737943989413,0.0,0.0,0.0,0.0,0.506755713140592,0.1313956389399199,1,1,0,0,0,0,0,0,0
321101,Bear,Neutral,Neutral,Neutral,Neutral,Neutral,0,0,0,0,NO_EFFECT,NO_EFFECT,NO_EFFECT,NO_EFFECT,base,persist_BALANCED|regime_aggressive|base_pred=Neutral,0.3333333333333333,0.9333333333333333,0.7333333333333333,0.4315402533810676,-0.07356246997533905,0.0,0.0,0.0,0.0,0.7910830548789818,0.132897056698717,1,1,0,0,0,0,0,0,0
321102,Bear,Bull,Bull,Bull,Bull,Bull,0,0,0,0,NO_EFFECT,NO_EFFECT,NO_EFFECT,NO_EFFECT,base,persist_BALANCED|regime_aggressive|base_pred=Bull,0.3333333333333333,0.9333333333333333,0.7333333333333333,0.4026368219376915,-0.025413141692457508,0.0,0.0,0.0,0.0,1.9822879503917648,0.4719446576169778,0,0,0,0,0,0,0,0,0
321103,Bull,Bull,Bull,Bull,Bull,Bull,0,0,0,0,NO_EFFECT,NO_EFFECT,NO_EFFECT,NO_EFFECT,base,regime_aggressive|base_pred=Bull,0.3333333333333333,0.9,0.7,0.38503497719159074,0.05727364969224519,0.0,0.0,0.0,0.0,0.2458675754787691,0.601917502878934,1,0,0,0,0,0,0,0,0
321104,Bear,Bear,Bear,Bear,Bear,Bear,0,0,0,0,NO_EFFECT,NO_EFFECT,NO_EFFECT,NO_EFFECT,base,regime_aggressive|ruleb_off,0.3333333333333333,0.8666666666666667,0.7333333333333333,0.39689574088551394,-0.020229870416799467,0.0,0.0,0.0,0.0,0.292358515513115,0.321826117430449,1,0,0,0,0,0,0,0,0
321105,Bear,Neutral,Neutral,Neutral,Neutral,Neutral,0,0,0,0,NO_EFFECT,NO_EFFECT,NO_EFFECT,NO_EFFECT,base,regime_aggressive|base_pred=Neutral,0.2857142857142857,0.8333333333333334,0.7333333333333333,0.391653336721894,-0.11409234655680223,0.0,0.0,0.0,0.0,0.1218609578445466,0.1569812184322257,0,0,0,0,0,0,0,0,0
321106,Bull,Bull,Bull,Bull,Bull,Bull,0,0,0,0,NO_EFFECT,NO_EFFECT,NO_EFFECT,NO_EFFECT,base,regime_aggressive|base_pred=Bull,0.2857142857142857,0.8,0.7,0.3678274999576558,-0.06412719356824731,0.0,0.0,0.0,0.0,0.0204761357399547,0.1341714687709226,0,0,0,0,0,0,0,0,0
321107,Bull,Neutral,Neutral,Neutral,Neutral,Neutral,0,0,0,0,NO_EFFECT,NO_EFFECT,NO_EFFECT,NO_EFFECT,base,regime_aggressive|base_pred=Neutral,0.2857142857142857,0.7666666666666667,0.7,0.36451417664945157,-0.18903148829030267,0.0,0.0,0.0,0.0,0.6374127282815607,1.0,2,1,1,0,0,0,1,1,1
321108,Bear,Neutral,Neutral,Neutral,Neutral,Neutral,0,0,0,0,NO_EFFECT,NO_EFFECT,NO_EFFECT,NO_EFFECT,base,regime_aggressive|base_pred=Neutral,0.2857142857142857,0.7666666666666667,0.7,0.36451417664945157,-0.048671660248004456,0.0,0.0,0.0,0.0,0.483404212836831,0.1805252571993979,1,2,2,0,2,0,1,0,1
321109,Bear,Bull,Bull,Bull,Bull,Bull,0,0,0,0,NO_EFFECT,NO_EFFECT,NO_EFFECT,NO_EFFECT,base,regime_aggressive|base_pred=Bull,0.2857142857142857,0.7666666666666667,0.7333333333333333,0.36724145016527737,-0.04808082293047422,0.0,0.0,0.0,0.0,0.14447982368074,0.3644160514537566,0,2,2,0,2,0,1,1,1
321110,Bull,Bear,Bear,Bear,Bear,Bear,0,0,0,0,NO_EFFECT,NO_EFFECT,NO_EFFECT,NO_EFFECT,base,regime_aggressive|ruleb_off,0.2857142857142857,0.7666666666666667,0.7,0.3772954020353645,-0.04153185763985179,0.0,0.0,0.0,0.0,0.6560823397740023,0.0603485165192353,1,1,1,0,0,0,1,0,0
321111,Bear,Bear,Bear,Bear,Bear,Bear,0,0,0,0,NO_EFFECT,NO_EFFECT,NO_EFFECT,NO_EFFECT,base,regime_aggressive|ruleb_off,0.42857142857142855,0.7666666666666667,0.7,0.37316115526470856,-0.04598755584697051,0.0,0.0,0.0,0.0,1.5982373718816234,0.1335326580847234,1,0,0,0,0,0,0,0,0
321112,Bear,Neutral,Neutral,Neutral,Neutral,Neutral,0,0,0,0,NO_EFFECT,NO_EFFECT,NO_EFFECT,NO_EFFECT,base,regime_aggressive|base_pred=Neutral,0.42857142857142855,0.7333333333333333,0.7,0.3571648324542214,-0.021897731423338784,0.0,0.0,0.0,0.0,0.2235533035527623,0.3418284241457795,1,1,1,0,0,0,0,0,0
321113,Bull,Bull,Bull,Bull,Bull,Bull,0,0,0,0,NO_EFFECT,NO_EFFECT,NO_EFFECT,NO_EFFECT,base,regime_aggressive|base_pred=Bull,0.42857142857142855,0.7333333333333333,0.7,0.35678988466206973,-0.040852744755790926,0.0,0.0,0.0,0.0,0.7107463505180931,0.2122473526079978,0,1,1,0,0,0,1,1,1
321114,Bull,Neutral,Neutral,Neutral,Neutral,Neutral,0,0,0,0,NO_EFFECT,NO_EFFECT,NO_EFFECT,NO_EFFECT,base,regime_aggressive|base_pred=Neutral,0.42857142857142855,0.7333333333333333,0.6666666666666666,0.35826320596139355,-0.10151324924541716,0.0,0.0,0.0,0.0,0.8681821658592526,0.2165239171391087,1,2,2,0,2,0,1,1,1
321115,Bull,Bear,Bear,Bear,Bear,Bear,0,0,0,0,NO_EFFECT,NO_EFFECT,NO_EFFECT,NO_EFFECT,base,regime_aggressive|ruleb_off,0.42857142857142855,0.7333333333333333,0.6666666666666666,0.360388323825344,-0.120496256085044,0.0,0.0,0.0,0.0,0.0834311428134242,1.0,1,1,1,0,0,0,1,1,1
321116,Bear,Neutral,Neutral,Neutral,Neutral,Neutral,0,0,0,0,NO_EFFECT,NO_EFFECT,NO_EFFECT,NO_EFFECT,base,regime_aggressive|base_pred=Neutral,0.5,0.7333333333333333,0.7,0.3857000717701028,-0.032011060767015986,0.0,0.0,0.0,0.0,0.1271086226061015,0.5655999683169654,2,2,2,0,2,0,1,1,1
321117,Bull,Bear,Bear,Bear,Bear,Bear,0,0,0,0,NO_EFFECT,NO_EFFECT,NO_EFFECT,NO_EFFECT,base,regime_aggressive|ruleb_off,0.5,0.7333333333333333,0.7,0.37122007071400165,0.054423215749042186,0.0,0.0,0.0,0.0,0.599147533719588,0.1825613166056258,1,1,1,0,0,0,1,0,1
321118,Bear,Neutral,Neutral,Neutral,Neutral,Neutral,0,0,0,0,NO_EFFECT,NO_EFFECT,NO_EFFECT,NO_EFFECT,base,regime_aggressive|base_pred=Neutral,0.5555555555555556,0.7333333333333333,0.7,0.3759240525049721,-0.07524855944656966,0.0,0.0,0.0,0.0,0.290183961378716,0.5594941401331986,1,1,1,0,0,0,0,0,0
321119,Bear,Bear,Bear,Bear,Bear,Bear,0,0,0,0,NO_EFFECT,NO_EFFECT,NO_EFFECT,NO_EFFECT,base,regime_aggressive|ruleb_off,0.625,0.7333333333333333,0.7,0.38542645539615233,-0.032656831343269854,0.0,0.0,0.0,0.0,0.3840200904087396,0.1297227631057674,1,0,0,0,0,0,0,0,0
321120,Bear,Neutral,Neutral,Neutral,Neutral,Neutral,0,0,0,0,NO_EFFECT,NO_EFFECT,NO_EFFECT,NO_EFFECT,base,regime_aggressive|base_pred=Neutral,0.5555555555555556,0.7,0.7,0.3700092645992325,-0.044735038400088356,0.0,0.0,0.0,0.0,0.1390072250942466,0.3187678510715114,1,1,1,0,0,0,0,0,0
321121,Bear,Neutral,Neutral,Neutral,Neutral,Neutral,0,0,0,0,NO_EFFECT,NO_EFFECT,NO_EFFECT,NO_EFFECT,base,regime_aggressive|base_pred=Neutral,0.5555555555555556,0.7,0.7,0.36367641018399033,0.0035271434056162176,0.0,0.0,0.0,0.0,0.4818789564815233,0.0989529877171795,0,1,2,0,1,0,0,0,0
321122,Bear,Bull,Bull,Bull,Bull,Bull,0,0,0,0,NO_EFFECT,NO_EFFECT,NO_EFFECT,NO_EFFECT,base,regime_aggressive|base_pred=Bull,0.5,0.7,0.6666666666666666,0.3636103147996763,-0.0015606640730443377,0.0,0.0,0.0,0.0,0.5824844251037575,0.2800898656420699,0,1,2,0,1,0,0,0,0
321123,Bull,Neutral,Neutral,Neutral,Neutral,Neutral,0,0,0,0,NO_EFFECT,NO_EFFECT,NO_EFFECT,NO_EFFECT,base,regime_aggressive|base_pred=Neutral,0.5,0.7333333333333333,0.6666666666666666,0.3697227160150797,-0.019990049671705812,0.0,0.0,0.0,0.0,0.9794819981998444,1.0,2,1,2,0,1,1,1,1,1
321124,Bull,Neutral,Neutral,Neutral,Neutral,Neutral,0,0,0,0,NO_EFFECT,NO_EFFECT,NO_EFFECT,NO_EFFECT,base,regime_aggressive|base_pred=Neutral,0.5,0.7666666666666667,0.6666666666666666,0.3697227160150797,0.09817284743709442,0.0,0.0,0.0,0.0,0.530277666857728,0.14346016723514,1,2,2,0,2,0,1,0,0
321125,Bull,Bear,Bear,Bear,Bear,Bear,0,0,0,0,NO_EFFECT,NO_EFFECT,NO_EFFECT,NO_EFFECT,base,regime_aggressive|ruleb_off,0.5,0.7666666666666667,0.6666666666666666,0.3411713882562511,0.13004027658974215,0.0,0.0,0.0,0.0,0.4241525166271458,0.3348967466624457,1,2,2,0,2,0,1,1,1
321126,Bear,Bear,Bear,Bear,Bear,Bear,0,0,0,0,NO_EFFECT,NO_EFFECT,NO_EFFECT,NO_EFFECT,base,regime_aggressive|ruleb_off,0.5555555555555556,0.7666666666666667,0.7,0.3502633276066357,0.01663687956353216,0.0,0.0,0.0,0.0,0.8875543876019947,0.5404906400714868,1,1,1,0,0,0,1,1,1
321127,Bear,Neutral,Neutral,Neutral,Neutral,Neutral,0,0,0,0,NO_EFFECT,NO_EFFECT,NO_EFFECT,NO_EFFECT,base,regime_aggressive|base_pred=Neutral,0.5,0.7666666666666667,0.7,0.33494634894235187,0.035845948323136034,0.0,0.0,0.0,0.0,0.8910596830683062,0.1062509028140951,0,0,1,0,0,0,0,0,0
321128,Bull,Bear,Bear,Bear,Bear,Bear,0,0,0,0,NO_EFFECT,NO_EFFECT,NO_EFFECT,NO_EFFECT,base,regime_aggressive|ruleb_off,0.5555555555555556,0.7666666666666667,0.7,0.3363457852677769,0.02230023176626894,0.0,0.0,0.0,0.0,0.2018907751862571,0.3485672092652325,0,0,1,0,0,0,0,0,0
321129,Bear,Bull,Bull,Bull,Bull,Bull,0,0,0,0,NO_EFFECT,NO_EFFECT,NO_EFFECT,NO_EFFECT,base,regime_aggressive|base_pred=Bull,0.6,0.7666666666666667,0.7,0.34298757202358665,-0.0193014879976407,0.0,0.0,0.0,0.0,0.1845798984377324,0.2151772102845606,0,0,1,0,0,0,0,0,0
321130,Bull,Bear,Bear,Bear,Bear,Bear,0,0,0,0,NO_EFFECT,NO_EFFECT,NO_EFFECT,NO_EFFECT,base,regime_aggressive|ruleb_off,0.6,0.7666666666666667,0.6666666666666666,0.3428195868947808,-0.006231343227612929,0.0,0.0,0.0,0.0,0.5334117177681037,0.2117514446850772,1,0,0,1,1,0,0,0,0
321131,Bear,Neutral,Neutral,Neutral,Neutral,Neutral,0,0,0,0,NO_EFFECT,NO_EFFECT,NO_EFFECT,NO_EFFECT,base,regime_aggressive|base_pred=Neutral,0.6,0.7666666666666667,0.6666666666666666,0.34549811375295275,-0.02630159447283592,0.0,0.0,0.0,0.0,0.5938870901754854,1.0,2,1,1,0,0,0,0,0,0
321132,Bull,Bull,Bull,Bull,Bull,Bull,0,0,0,0,NO_EFFECT,NO_EFFECT,NO_EFFECT,NO_EFFECT,base,regime_aggressive|base_pred=Bull,0.6,0.7666666666666667,0.6666666666666666,0.3744015451963288,0.06550031020452296,0.0,0.0,0.0,0.0,0.3040920846306107,0.059976921490253,0,1,1,0,0,0,0,0,0
321133,Bull,Bear,Bear,Bear,Bear,Bear,0,0,0,0,NO_EFFECT,NO_EFFECT,NO_EFFECT,NO_EFFECT,base,regime_aggressive|ruleb_off,0.6,0.8,0.6666666666666666,0.36066928732543796,0.05308175538808668,0.0,0.0,0.0,0.0,0.3373787625951081,0.2542386987824253,1,1,1,1,1,0,0,0,0
321134,Bear,Neutral,Neutral,Neutral,Neutral,Neutral,0,0,0,0,NO_EFFECT,NO_EFFECT,NO_EFFECT,NO_EFFECT,base,regime_aggressive|base_pred=Neutral,0.6363636363636364,0.8333333333333334,0.6666666666666666,0.3490799938555543,-0.041398499589724136,0.0,0.0,0.0,0.0,0.3484521933041833,0.37731154276257,1,1,1,1,1,0,0,0,0
321135,Bear,Bear,Bear,Bear,Bear,Bear,0,0,0,0,NO_EFFECT,NO_EFFECT,NO_EFFECT,NO_EFFECT,base,regime_aggressive|ruleb_off,0.7,0.8666666666666667,0.6666666666666666,0.35092950803329176,-0.009095064527215646,0.0,0.0,0.0,0.0,0.79740281596969,0.3148735494507195,1,1,1,1,1,0,1,1,1
321136,Bear,Neutral,Neutral,Neutral,Neutral,Neutral,0,0,0,0,NO_EFFECT,NO_EFFECT,NO_EFFECT,NO_EFFECT,base,regime_aggressive|base_pred=Neutral,0.6363636363636364,0.9,0.7,0.3561925857339082,-0.019993160659899256,0.0,0.0,0.0,0.0,0.5890496320917009,1.0,2,2,2,0,2,0,1,1,1
321137,Bull,Bear,Bear,Bear,Bear,Bear,0,0,0,0,NO_EFFECT,NO_EFFECT,NO_EFFECT,NO_EFFECT,base,regime_aggressive|ruleb_off,0.6363636363636364,0.9333333333333333,0.7333333333333333,0.3850535367748774,0.005641816767923857,0.0,0.0,0.0,0.0,1.488072144891703,0.0569784827336228,0,1,1,0,0,0,1,0,0
321138,Bull,Neutral,Neutral,Neutral,Neutral,Neutral,0,0,0,0,NO_EFFECT,NO_EFFECT,NO_EFFECT,NO_EFFECT,base,regime_aggressive|base_pred=Neutral,0.6666666666666666,0.9333333333333333,0.7,0.35361948619933153,0.04540202961917189,0.0,0.0,0.0,0.0,0.627355543028898,1.0,1,1,2,0,1,0,0,0,0
321139,Bear,Neutral,Neutral,Neutral,Neutral,Neutral,0,0,0,0,NO_EFFECT,NO_EFFECT,NO_EFFECT,NO_EFFECT,base,regime_aggressive|base_pred=Neutral,0.6666666666666666,0.9333333333333333,0.7,0.38093531095935157,0.10214321108935698,0.0,0.0,0.0,0.0,2.0215712972767506,0.5442750011389613,1,0,2,0,1,1,0,0,0
321140,Bear,Neutral,Neutral,Neutral,Neutral,Neutral,0,0,0,0,NO_EFFECT,NO_EFFECT,NO_EFFECT,NO_EFFECT,base,regime_aggressive|base_pred=Neutral,0.6666666666666666,0.9333333333333333,0.7333333333333333,0.38693060928219175,0.14251493223325679,0.0,0.0,0.0,0.0,0.2676384663682256,0.1963713152852209,0,0,2,0,1,0,0,0,0
321141,Bull,Neutral,Neutral,Neutral,Neutral,Neutral,0,0,0,0,NO_EFFECT,NO_EFFECT,NO_EFFECT,NO_EFFECT,base,regime_aggressive|base_pred=Neutral,0.6363636363636364,0.9333333333333333,0.7,0.3914647025743913,0.13340677288497904,0.0,0.0,0.0,0.0,0.3353745549065934,1.0,2,1,2,0,1,0,0,0,0
321142,Bear,Neutral,Neutral,Neutral,Neutral,Neutral,0,0,0,0,NO_EFFECT,NO_EFFECT,NO_EFFECT,NO_EFFECT,base,regime_aggressive|base_pred=Neutral,0.7,0.9666666666666667,0.7,0.4203469473049005,0.09008340578921525,0.0,0.0,0.0,0.0,0.1716507784021814,0.7843298880242431,1,1,1,0,0,0,0,0,0
321143,Bear,Neutral,Neutral,Neutral,Neutral,Neutral,0,0,0,0,NO_EFFECT,NO_EFFECT,NO_EFFECT,NO_EFFECT,base,regime_aggressive|base_pred=Neutral,0.7,0.9666666666666667,0.7,0.4350969961008493,0.17661127757539063,0.0,0.0,0.0,0.0,0.7599138738205511,1.0,1,1,2,0,1,0,0,0,0
321144,Bull,Neutral,Neutral,Neutral,Neutral,Neutral,0,0,0,0,NO_EFFECT,NO_EFFECT,NO_EFFECT,NO_EFFECT,base,regime_aggressive|base_pred=Neutral,0.7,0.9666666666666667,0.7333333333333333,0.46135541768058264,0.24908784038842668,0.0,0.0,0.0,0.0,0.4334302758543344,0.2938436666288073,0,0,1,0,0,0,0,0,0
321145,Bear,Neutral,Neutral,Neutral,Neutral,Neutral,0,0,0,0,NO_EFFECT,NO_EFFECT,NO_EFFECT,NO_EFFECT,base,regime_aggressive|base_pred=Neutral,0.7,0.9666666666666667,0.7,0.4639327426635727,0.23270167149387733,0.0,0.0,0.0,0.0,0.0593030603467923,0.2221018388386153,0,0,2,0,1,0,1,1,1
321146,Bull,Neutral,Neutral,Neutral,Neutral,Neutral,0,0,0,0,NO_EFFECT,NO_EFFECT,NO_EFFECT,NO_EFFECT,base,regime_aggressive|base_pred=Neutral,0.6666666666666666,0.9666666666666667,0.6666666666666666,0.4380028039581932,0.2576808229601309,0.0,0.0,0.0,0.0,0.3730858641229133,1.0,2,1,2,1,2,0,1,1,1
321147,Bull,Bull,Bull,Bull,Bull,Bull,0,0,0,0,NO_EFFECT,NO_EFFECT,NO_EFFECT,NO_EFFECT,base,regime_aggressive|base_pred=Bull,0.6666666666666666,0.9666666666666667,0.6666666666666666,0.4524828050142943,0.23596082137597912,0.0,0.0,0.0,0.0,0.2615417695506039,0.0876667931900281,0,1,2,1,2,0,1,0,0
321148,Bull,Bear,Bear,Bear,Bear,Bear,0,0,0,0,NO_EFFECT,NO_EFFECT,NO_EFFECT,NO_EFFECT,base,regime_aggressive|ruleb_off,0.625,0.9666666666666667,0.6333333333333333,0.4493196542337744,0.24530879411521989,0.0,0.0,0.0,0.0,1.4922359513457195,0.0104528667568899,0,1,1,0,0,0,1,0,0
321149,Bull,Bear,Bear,Bear,Bear,Bear,0,0,0,0,NO_EFFECT,NO_EFFECT,NO_EFFECT,NO_EFFECT,base,regime_aggressive|ruleb_off,0.6666666666666666,0.9666666666666667,0.6,0.43101827845456403,0.12432878779756873,0.0,0.0,0.0,0.0,0.4657978990762785,0.0539800471474473,1,0,0,0,0,0,0,0,0
321150,Bear,Bear,Bear,Bear,Bear,Bear,0,0,0,0,NO_EFFECT,NO_EFFECT,NO_EFFECT,NO_EFFECT,base,regime_aggressive|ruleb_off,0.7777777777777778,0.9666666666666667,0.6,0.42849352125595336,0.054571680496757646,0.0,0.0,0.0,0.0,0.2848772292072681,0.1816885580939046,1,0,0,0,0,0,0,0,0
321151,Bull,Bull,Bull,Bull,Bull,Bull,0,0,0,0,NO_EFFECT,NO_EFFECT,NO_EFFECT,NO_EFFECT,base,regime_aggressive|base_pred=Bull,0.7,0.9333333333333333,0.6,0.4239242114900331,0.05922323156694054,0.0,0.0,0.0,0.0,0.175993139098864,0.2539212668095884,0,0,0,0,0,0,0,0,0
321152,Bull,Bear,Bear,Bear,Bear,Bear,0,0,0,0,NO_EFFECT,NO_EFFECT,NO_EFFECT,NO_EFFECT,base,regime_aggressive|ruleb_off,0.7,0.9,0.6,0.4290898207931134,-0.06043699236624167,0.0,0.0,0.0,0.0,0.1407029566216806,0.7045922406108608,2,0,0,1,1,0,0,0,0
321153,Bear,Bull,Bull,Bull,Bull,Bull,0,0,0,0,NO_EFFECT,NO_EFFECT,NO_EFFECT,NO_EFFECT,base,regime_aggressive|base_pred=Bull,0.7272727272727273,0.9,0.6333333333333333,0.4432398999587398,-0.09362275822668858,0.0,0.0,0.0,0.0,0.062695097471078,0.4947215166313545,0,0,0,1,1,0,0,0,0
321154,Bull,Bear,Bear,Bear,Bear,Bear,0,0,0,0,NO_EFFECT,NO_EFFECT,NO_EFFECT,NO_EFFECT,base,regime_aggressive|ruleb_off,0.7272727272727273,0.9,0.6,0.42639728384645165,-0.14415060656355316,0.0,0.0,0.0,0.0,0.7268081513302604,0.1223250602802986,1,0,0,1,1,0,0,0,0
321155,Bear,Neutral,Neutral,Neutral,Neutral,Neutral,0,0,0,0,NO_EFFECT,NO_EFFECT,NO_EFFECT,NO_EFFECT,base,regime_aggressive|base_pred=Neutral,0.75,0.9,0.6,0.42569278028129026,-0.16882164216808737,0.0,0.0,0.0,0.0,0.1317796293733408,0.4063996235564992,1,1,1,0,0,0,1,1,1
321156,Bull,Neutral,Neutral,Neutral,Neutral,Neutral,0,0,0,0,NO_EFFECT,NO_EFFECT,NO_EFFECT,NO_EFFECT,base,regime_aggressive|base_pred=Neutral,0.7272727272727273,0.9,0.6,0.42807620951109204,-0.1447521183051073,0.0,0.0,0.0,0.0,0.6219945386746986,1.0,1,1,2,0,1,0,1,1,1
321157,Bear,Neutral,Neutral,Neutral,Neutral,Neutral,0,0,0,0,NO_EFFECT,NO_EFFECT,NO_EFFECT,NO_EFFECT,base,regime_aggressive|base_pred=Neutral,0.8,0.9,0.6,0.4433931881753758,-0.16772758630153306,0.0,0.0,0.0,0.0,0.5874145517500438,0.0150174703357513,1,2,3,0,2,0,1,0,0
321158,Bear,Neutral,Neutral,Neutral,Neutral,Neutral,0,0,0,0,NO_EFFECT,NO_EFFECT,NO_EFFECT,NO_EFFECT,base,regime_aggressive|base_pred=Neutral,0.8,0.9,0.6333333333333333,0.44035207375943103,-0.1740633131057574,0.0,0.0,0.0,0.0,0.5440717359670089,1.0,2,2,3,0,2,0,1,1,1
321159,Unknown,Neutral,Neutral,Neutral,Neutral,Neutral,0,0,0,0,NO_EFFECT,NO_EFFECT,NO_EFFECT,NO_EFFECT,base,regime_aggressive|base_pred=Neutral,0.7777777777777778,0.9,0.6666666666666666,0.46206650011725664,-0.05820288265602924,0.0,0.0,0.0,0.0,2.218758707011148,0.1601499643041672,1,2,2,0,2,1,1,0,0
321166,Bear,Neutral,Neutral,Neutral,Neutral,Neutral,0,0,0,0,NO_EFFECT,NO_EFFECT,NO_EFFECT,NO_EFFECT,base,regime_aggressive|base_pred=Neutral,0.7777777777777778,0.9,0.7,0.4602322585845768,-0.03952603278350164,0.0,0.0,0.0,0.0,1.14373211838938,0.1332724142897025,0,1,1,0,0,0,1,0,0
321167,Bull,Neutral,Neutral,Neutral,Neutral,Neutral,0,0,0,0,NO_EFFECT,NO_EFFECT,NO_EFFECT,NO_EFFECT,base,regime_aggressive|base_pred=Neutral,0.75,0.9,0.6666666666666666,0.45761629090473105,-0.042864502834363216,0.0,0.0,0.0,0.0,0.3471565745603584,1.0,1,0,0,0,0,0,0,0,0
321168,Bear,Bull,Bull,Bull,Bull,Bull,0,0,0,0,NO_EFFECT,NO_EFFECT,NO_EFFECT,NO_EFFECT,base,regime_aggressive|base_pred=Bull,0.75,0.8666666666666667,0.6666666666666666,0.45761629090473105,0.06904730714419866,0.0,0.0,0.0,0.0,1.975096135738568,0.2772903801904036,0,0,0,0,0,0,0,0,0
321170,Bull,Bear,Bear,Bear,Bear,Bear,0,0,0,0,NO_EFFECT,NO_EFFECT,NO_EFFECT,NO_EFFECT,base,regime_aggressive|mode=AGGRESSIVE|no_current_edge,0.75,0.8333333333333334,0.6666666666666666,0.46486007286140274,-0.005913644853877631,0.0,0.0,0.0,0.0,1.9026312620244423,0.1617608164018711,1,0,0,0,0,1,0,0,0
321171,Bear,Neutral,Neutral,Neutral,Neutral,Neutral,0,0,0,0,NO_EFFECT,NO_EFFECT,NO_EFFECT,NO_EFFECT,base,regime_aggressive|base_pred=Neutral,0.75,0.8,0.6666666666666666,0.46177747678205094,-0.05123385576927236,0.0,0.0,0.0,0.0,0.2949232746395864,0.1345712505980145,0,0,0,1,1,0,0,0,0
321172,Bull,Neutral,Neutral,Neutral,Neutral,Neutral,0,0,0,0,NO_EFFECT,NO_EFFECT,NO_EFFECT,NO_EFFECT,base,regime_aggressive|base_pred=Neutral,0.75,0.8,0.6333333333333333,0.45368613370989913,-0.037259912613387236,0.0,0.0,0.0,0.0,1.0577835626609158,1.0,2,1,1,0,0,1,0,0,0
321174,Bull,Bull,Bull,Bull,Bull,Bull,0,0,0,0,NO_EFFECT,NO_EFFECT,NO_EFFECT,NO_EFFECT,base,regime_aggressive|base_pred=Bull,0.8571428571428571,0.8,0.6333333333333333,0.4765236820615418,0.017523821325673927,0.0,0.0,0.0,0.0,0.3112519764381432,0.5538916748400987,1,1,1,0,0,0,0,0,0
321179,Bull,Bear,Bear,Bear,Bear,Bear,0,0,0,0,NO_EFFECT,NO_EFFECT,NO_EFFECT,NO_EFFECT,base,regime_aggressive|ruleb_off,0.8571428571428571,0.8,0.6333333333333333,0.46165340455621173,-0.027087011190316257,0.0,0.0,0.0,0.0,2.327567218546392,0.1895196522573714,0,1,1,0,0,0,0,0,0
321180,Bull,Neutral,Neutral,Neutral,Neutral,Neutral,0,0,0,0,NO_EFFECT,NO_EFFECT,NO_EFFECT,NO_EFFECT,base,regime_aggressive|base_pred=Neutral,0.8571428571428571,0.8,0.6333333333333333,0.46607144354033664,-0.007538742378260577,0.0,0.0,0.0,0.0,1.6058995270068408,0.916359432884676,2,1,1,0,0,1,1,1,1
321181,Bull,Neutral,Neutral,Neutral,Neutral,Neutral,0,0,0,0,NO_EFFECT,NO_EFFECT,NO_EFFECT,NO_EFFECT,base,regime_aggressive|base_pred=Neutral,0.8571428571428571,0.8,0.6333333333333333,0.46328342463649247,-0.01590279908979292,0.0,0.0,0.0,0.0,0.2741919680975115,0.3927926111624971,1,2,2,1,3,0,1,1,1
321182,Bull,Bull,Bull,Bull,Bull,Bull,0,0,0,0,NO_EFFECT,NO_EFFECT,NO_EFFECT,NO_EFFECT,base,regime_aggressive|base_pred=Bull,0.8571428571428571,0.8,0.6333333333333333,0.458234011637277,0.026567717437779692,0.0,0.0,0.0,0.0,4.271969568191707,0.2469541822876371,0,2,2,0,2,0,1,1,1
321183,Bull,Bear,Bear,Bear,Bear,Bear,0,0,0,0,NO_EFFECT,NO_EFFECT,NO_EFFECT,NO_EFFECT,base,regime_aggressive|ruleb_off,0.8571428571428571,0.8,0.6333333333333333,0.4599201072040241,0.04109083928734891,0.0,0.0,0.0,0.0,3.729840707268522,0.0273402493995579,0,1,1,0,0,0,1,0,0
321184,Bull,Bear,Bear,Bear,Bear,Bear,0,0,0,0,NO_EFFECT,NO_EFFECT,NO_EFFECT,NO_EFFECT,base,regime_aggressive|ruleb_off,0.875,0.8,0.6,0.42749811551734285,-0.05617513577269512,0.0,0.0,0.0,0.0,3.961355158149672,0.1049897552855617,1,0,0,0,0,0,0,0,0
321185,Bear,Neutral,Neutral,Neutral,Neutral,Neutral,0,0,0,0,NO_EFFECT,NO_EFFECT,NO_EFFECT,NO_EFFECT,base,regime_aggressive|base_pred=Neutral,0.8888888888888888,0.7666666666666667,0.6,0.40485344442605337,-0.04805322287148739,0.0,0.0,0.0,0.0,2.57986657942638,1.0,2,1,1,1,1,1,1,1,1
321186,Bear,Neutral,Neutral,Neutral,Neutral,Neutral,0,0,0,0,NO_EFFECT,NO_EFFECT,NO_EFFECT,NO_EFFECT,base,regime_aggressive|base_pred=Neutral,0.8888888888888888,0.7666666666666667,0.6,0.40485344442605337,0.07768265466823204,0.0,0.0,0.0,0.0,1.9686123409737772,0.2129735985474194,1,1,2,0,1,1,1,1,1
321186,Bear,Bear,Bear,Bear,Bear,Bear,0,0,0,0,NO_EFFECT,NO_EFFECT,NO_EFFECT,NO_EFFECT,base,regime_aggressive|mode=AGGRESSIVE|no_current_edge,0.8888888888888888,0.7666666666666667,0.6333333333333333,0.40215777549000714,0.09348651026471211,0.0,0.0,0.0,0.0,1.994928927382716,0.210832087757578,1,1,2,0,1,1,0,0,0
321188,Bull,Neutral,Neutral,Neutral,Neutral,Neutral,0,0,0,0,NO_EFFECT,NO_EFFECT,NO_EFFECT,NO_EFFECT,base,regime_aggressive|base_pred=Neutral,0.8,0.7666666666666667,0.6666666666666666,0.4017821171206394,-0.024325189017599336,0.0,0.0,0.0,0.0,1.5152713386487449,0.42196178557606,1,1,2,0,1,1,0,0,0
321189,Bull,Bear,Bear,Bear,Bear,Bear,0,0,0,0,NO_EFFECT,NO_EFFECT,NO_EFFECT,NO_EFFECT,base,regime_aggressive|mode=AGGRESSIVE|no_current_edge,0.8,0.7666666666666667,0.6666666666666666,0.3825141766398413,-0.015212761686008214,0.0,0.0,0.0,0.0,1.745798753163399,0.1896690382169991,1,1,1,0,0,1,0,0,0
321190,Bear,Neutral,Neutral,Neutral,Neutral,Neutral,0,0,0,0,NO_EFFECT,NO_EFFECT,NO_EFFECT,NO_EFFECT,base,regime_aggressive|base_pred=Neutral,0.8181818181818182,0.7666666666666667,0.7,0.3859142514740737,-0.02029046604341256,0.0,0.0,0.0,0.0,0.630396724152888,0.3289975451076585,0,1,2,0,1,0,0,0,0
321191,Bear,Bear,Bear,Bear,Bear,Bear,0,0,0,0,NO_EFFECT,NO_EFFECT,NO_EFFECT,NO_EFFECT,base,regime_aggressive|ruleb_off,0.8,0.7666666666666667,0.7,0.3965324074190993,-0.12432198312750359,0.0,0.0,0.0,0.0,2.6879134246373724,0.0097824887632454,0,0,1,0,0,0,0,0,0
321192,Bull,Neutral,Neutral,Neutral,Neutral,Neutral,0,0,0,0,NO_EFFECT,NO_EFFECT,NO_EFFECT,NO_EFFECT,base,regime_aggressive|base_pred=Neutral,0.7,0.8,0.6666666666666666,0.3950591554729593,-0.17956362356818123,0.0,0.0,0.0,0.0,0.3629963639159541,0.48388316560292,0,0,2,0,1,0,1,1,1
321193,Bear,Bear,Bear,Bear,Bear,Bear,0,0,0,0,NO_EFFECT,NO_EFFECT,NO_EFFECT,NO_EFFECT,base,regime_aggressive|ruleb_off,0.7777777777777778,0.8333333333333334,0.6333333333333333,0.40513230905659314,-0.15913400644633957,0.0,0.0,0.0,0.0,2.407395057696704,0.101207523381282,0,0,1,1,1,0,1,0,0
321194,Bull,Neutral,Neutral,Neutral,Neutral,Neutral,0,0,0,0,NO_EFFECT,NO_EFFECT,NO_EFFECT,NO_EFFECT,base,regime_aggressive|base_pred=Neutral,0.7,0.8666666666666667,0.6333333333333333,0.40004185094231626,-0.14041822817766553,0.0,0.0,0.0,0.0,0.6500524119855982,1.0,2,1,2,0,1,0,1,1,1
321195,Bull,Neutral,Neutral,Neutral,Neutral,Neutral,0,0,0,0,NO_EFFECT,NO_EFFECT,NO_EFFECT,NO_EFFECT,base,regime_aggressive|base_pred=Neutral,0.6666666666666666,0.8666666666666667,0.6333333333333333,0.40988877625528747,-0.020937079439956874,0.0,0.0,0.0,0.0,2.184426185627672,1.0,2,2,2,0,2,1,1,1,1
321195,Bull,Neutral,Neutral,Neutral,Neutral,Neutral,0,0,0,0,NO_EFFECT,NO_EFFECT,NO_EFFECT,NO_EFFECT,base,regime_aggressive|base_pred=Neutral,0.6666666666666666,0.8666666666666667,0.6666666666666666,0.4267313923675757,-0.046201003608389135,0.0,0.0,0.0,0.0,0.8519877725630067,0.196844889896804,1,3,3,0,2,0,1,0,1
321196,Bull,Bull,Bull,Bull,Bull,Bull,0,0,0,0,NO_EFFECT,NO_EFFECT,NO_EFFECT,NO_EFFECT,base,regime_aggressive|base_pred=Bull,0.625,0.8666666666666667,0.6666666666666666,0.4292153866881259,-0.05234630138680668,0.0,0.0,0.0,0.0,0.7440737586039177,0.922042775364951,1,2,2,0,2,0,1,1,1
321196,Bull,Neutral,Neutral,Neutral,Neutral,Neutral,0,0,0,0,NO_EFFECT,NO_EFFECT,NO_EFFECT,NO_EFFECT,base,regime_aggressive|base_pred=Neutral,0.625,0.8666666666666667,0.6666666666666666,0.4464034917484076,0.02855314416387661,0.0,0.0,0.0,0.0,1.005688176928743,0.2999427204371893,1,2,2,1,3,1,1,1,1
321197,Bull,Neutral,Neutral,Neutral,Neutral,Neutral,0,0,0,0,NO_EFFECT,NO_EFFECT,NO_EFFECT,NO_EFFECT,base,regime_aggressive|base_pred=Neutral,0.625,0.8666666666666667,0.6666666666666666,0.42306824909631385,0.045253148371186436,0.0,0.0,0.0,0.0,0.2025842023067525,0.1944611666719941,0,1,1,0,0,0,1,0,1
321198,Bear,Neutral,Neutral,Neutral,Neutral,Neutral,0,0,0,0,NO_EFFECT,NO_EFFECT,NO_EFFECT,NO_EFFECT,base,regime_aggressive|base_pred=Neutral,0.625,0.8666666666666667,0.6333333333333333,0.42904970564085526,0.03699978282262362,0.0,0.0,0.0,0.0,0.5904983144828293,1.0,2,1,1,0,0,0,0,0,0
321198,Bear,Neutral,Neutral,Neutral,Neutral,Neutral,0,0,0,0,NO_EFFECT,NO_EFFECT,NO_EFFECT,NO_EFFECT,base,regime_aggressive|base_pred=Neutral,0.625,0.8666666666666667,0.6333333333333333,0.42904970564085526,0.13765015105647488,0.0,0.0,0.0,0.0,0.7996428227870638,0.3052382862737997,1,0,0,0,0,0,0,0,0
321199,Bear,Neutral,Neutral,Neutral,Neutral,Neutral,0,0,0,0,NO_EFFECT,NO_EFFECT,NO_EFFECT,NO_EFFECT,base,regime_aggressive|base_pred=Neutral,0.625,0.8333333333333334,0.6333333333333333,0.43388598303984305,0.17471410458457648,0.0,0.0,0.0,0.0,1.0858164669389223,0.1913442839233703,2,1,1,0,0,1,1,0,1
321200,Bear,Neutral,Neutral,Neutral,Neutral,Neutral,0,0,0,0,NO_EFFECT,NO_EFFECT,NO_EFFECT,NO_EFFECT,base,regime_aggressive|base_pred=Neutral,0.625,0.8333333333333334,0.6666666666666666,0.43582171202763204,0.12792967885096052,0.0,0.0,0.0,0.0,1.878548991635398,1.0,2,2,2,0,2,1,1,1,1
321201,Bear,Neutral,Neutral,Neutral,Neutral,Neutral,0,0,0,0,NO_EFFECT,NO_EFFECT,NO_EFFECT,NO_EFFECT,base,regime_aggressive|base_pred=Neutral,0.625,0.8666666666666667,0.6666666666666666,0.43582171202763204,0.2627485503437682,0.0,0.0,0.0,0.0,0.4861358914331504,0.4631292493788772,1,3,3,0,2,0,1,1,1
321202,Bear,Neutral,Neutral,Neutral,Neutral,Neutral,0,0,0,0,NO_EFFECT,NO_EFFECT,NO_EFFECT,NO_EFFECT,base,regime_aggressive|base_pred=Neutral,0.625,0.9,0.7,0.4420163410005812,0.17292599429117617,0.0,0.0,0.0,0.0,1.8527615185848845,1.0,2,2,2,0,2,1,1,1,1
321203,Bear,Bear,Bear,Bear,Bear,Bear,0,0,0,0,NO_EFFECT,NO_EFFECT,NO_EFFECT,NO_EFFECT,base,regime_aggressive|ruleb_off,0.5714285714285714,0.9333333333333333,0.7,0.4699576471205188,0.1310140351112697,0.0,0.0,0.0,0.0,1.2203629785126395,0.2183622097942577,0,1,1,1,1,0,1,1,1
321204,Bull,Bear,Bear,Bear,Bear,Bear,0,0,0,0,NO_EFFECT,NO_EFFECT,NO_EFFECT,NO_EFFECT,base,regime_aggressive|ruleb_off,0.5,0.9333333333333333,0.7,0.47275067909372687,0.13005208513607558,0.0,0.0,0.0,0.0,1.816397702539689,0.0745554073725826,0,0,0,0,0,0,0,0,0
321206,Bear,Neutral,Neutral,Neutral,Neutral,Neutral,0,0,0,0,NO_EFFECT,NO_EFFECT,NO_EFFECT,NO_EFFECT,base,regime_aggressive|base_pred=Neutral,0.5555555555555556,0.9,0.6666666666666666,0.44190252600614627,0.04920120956859131,0.0,0.0,0.0,0.0,1.090557512221494,0.0290526270874053,1,1,1,0,0,0,0,0,0
321207,Bull,Bull,Bull,Bull,Bull,Bull,0,0,0,0,NO_EFFECT,NO_EFFECT,NO_EFFECT,NO_EFFECT,base,regime_aggressive|base_pred=Bull,0.5555555555555556,0.9,0.6666666666666666,0.4244078910810565,0.034809647953758294,0.0,0.0,0.0,0.0,1.5914785168024537,0.0563845535339966,0,1,1,0,0,0,0,0,0
321207,Bull,Bull,Bull,Bull,Bull,Bull,0,0,0,0,NO_EFFECT,NO_EFFECT,NO_EFFECT,NO_EFFECT,base,regime_aggressive|base_pred=Bull,0.5,0.9,0.6666666666666666,0.419970054456944,0.020754910919227543,0.0,0.0,0.0,0.0,1.576287031677566,0.2483175507691813,0,1,1,0,0,0,0,0,0
321208,Bull,Bear,Bear,Bear,Bear,Bear,0,0,0,0,NO_EFFECT,NO_EFFECT,NO_EFFECT,NO_EFFECT,base,regime_aggressive|ruleb_off,0.5,0.9,0.6333333333333333,0.3977019917197609,-0.05859536235962065,0.0,0.0,0.0,0.0,1.110592609475134,0.1329550673655903,1,0,0,0,0,0,0,0,0
321211,Bull,Neutral,Neutral,Neutral,Neutral,Neutral,0,0,0,0,NO_EFFECT,NO_EFFECT,NO_EFFECT,NO_EFFECT,base,regime_aggressive|base_pred=Neutral,0.5555555555555556,0.8666666666666667,0.6333333333333333,0.3890407402598639,-0.07144596800600672,0.0,0.0,0.0,0.0,0.2561353606142802,0.0208125793076996,0,0,0,0,0,0,0,0,0
321215,Bear,Bear,Bear,Bear,Bear,Bear,0,0,0,0,NO_EFFECT,NO_EFFECT,NO_EFFECT,NO_EFFECT,base,regime_aggressive|ruleb_off,0.5555555555555556,0.8333333333333334,0.6333333333333333,0.3815026868271994,-0.08571864354936043,0.0,0.0,0.0,0.0,0.1944712053427792,0.4890173231289807,1,0,0,0,0,0,0,0,0
321215,Bear,Neutral,Neutral,Neutral,Neutral,Neutral,0,0,0,0,NO_EFFECT,NO_EFFECT,NO_EFFECT,NO_EFFECT,base,regime_aggressive|base_pred=Neutral,0.4444444444444444,0.8,0.6666666666666666,0.3968919226181801,-0.18544989876648443,0.0,0.0,0.0,0.0,0.6357151641095697,0.0932737510523887,1,0,0,0,0,0,0,0,0
321217,Bull,Bull,Bull,Bull,Bull,Bull,0,0,0,0,NO_EFFECT,NO_EFFECT,NO_EFFECT,NO_EFFECT,base,regime_aggressive|base_pred=Bull,0.375,0.8,0.6666666666666666,0.396501389143741,-0.24034242330379907,0.0,0.0,0.0,0.0,0.5460302809206041,0.4156644116803112,0,0,0,0,0,0,0,0,0
321218,Bull,Neutral,Neutral,Neutral,Neutral,Neutral,0,0,0,0,NO_EFFECT,NO_EFFECT,NO_EFFECT,NO_EFFECT,base,regime_aggressive|base_pred=Neutral,0.375,0.7666666666666667,0.6333333333333333,0.3770235361997514,-0.29877598213576795,0.0,0.0,0.0,0.0,1.8703802479485605,0.2510795344345805,1,1,1,1,1,1,0,0,0
321219,Bull,Neutral,Neutral,Neutral,Neutral,Neutral,0,0,0,0,NO_EFFECT,NO_EFFECT,NO_EFFECT,NO_EFFECT,base,regime_aggressive|base_pred=Neutral,0.375,0.7666666666666667,0.6333333333333333,0.3782937340626567,-0.2957736802340777,0.0,0.0,0.0,0.0,0.3082224199406482,0.1449774727478928,1,2,1,1,2,0,1,0,0
321220,Bear,Neutral,Neutral,Neutral,Neutral,Neutral,0,0,0,0,NO_EFFECT,NO_EFFECT,NO_EFFECT,NO_EFFECT,base,regime_aggressive|base_pred=Neutral,0.42857142857142855,0.7666666666666667,0.6333333333333333,0.3760985802290006,-0.28191763967729677,0.0,0.0,0.0,0.0,0.6058538850593322,0.0843161359194661,0,2,2,1,3,0,1,0,0
321223,Bear,Neutral,Neutral,Neutral,Neutral,Neutral,0,0,0,0,NO_EFFECT,NO_EFFECT,NO_EFFECT,NO_EFFECT,base,regime_aggressive|base_pred=Neutral,0.42857142857142855,0.7666666666666667,0.6,0.36484372524044745,-0.25674583086965796,0.0,0.0,0.0,0.0,0.2830899700384179,0.2512226919751823,0,1,2,1,2,0,1,1,1
321223,Bear,Neutral,Neutral,Neutral,Neutral,Neutral,0,0,0,0,NO_EFFECT,NO_EFFECT,NO_EFFECT,NO_EFFECT,base,regime_aggressive|base_pred=Neutral,0.3333333333333333,0.7666666666666667,0.5666666666666667,0.36689551369905354,-0.23059779279138934,0.0,0.0,0.0,0.0,0.5544522051168315,0.1440657911747005,1,1,3,1,2,0,1,0,0
321223,Bear,Bull,Bull,Bull,Bull,Bull,0,0,0,0,NO_EFFECT,NO_EFFECT,NO_EFFECT,NO_EFFECT,base,regime_aggressive|base_pred=Bull,0.3333333333333333,0.7666666666666667,0.6,0.3607311219012883,-0.2369889690339136,0.0,0.0,0.0,0.0,0.6523633313499886,0.1165682644220956,0,1,2,1,2,0,1,0,0
321225,Bull,Bull,Bull,Bull,Bull,Bull,0,0,0,0,NO_EFFECT,NO_EFFECT,NO_EFFECT,NO_EFFECT,base,regime_aggressive|base_pred=Bull,0.4,0.7666666666666667,0.6,0.36429064775658326,-0.24478627825838026,0.0,0.0,0.0,0.0,0.1774407666143815,0.4024123766118505,0,1,1,0,0,0,1,1,1
321225,Bull,Bull,Bull,Bull,Bull,Bull,0,0,0,0,NO_EFFECT,NO_EFFECT,NO_EFFECT,NO_EFFECT,base,regime_aggressive|base_pred=Bull,0.4,0.7666666666666667,0.6,0.36157495479021434,-0.18347276921320413,0.0,0.0,0.0,0.0,0.536728272027176,0.1994222489128262,0,0,0,0,0,0,0,0,0
321227,Bull,Neutral,Neutral,Neutral,Neutral,Neutral,0,0,0,0,NO_EFFECT,NO_EFFECT,NO_EFFECT,NO_EFFECT,base,regime_aggressive|base_pred=Neutral,0.5,0.7333333333333333,0.6,0.3648487789745991,-0.23182276662220447,0.0,0.0,0.0,0.0,0.5196459884100477,0.0232216732208155,1,1,1,0,0,0,0,0,0
321227,Bull,Neutral,Neutral,Neutral,Neutral,Neutral,0,0,0,0,NO_EFFECT,NO_EFFECT,NO_EFFECT,NO_EFFECT,base,regime_aggressive|base_pred=Neutral,0.5,0.7333333333333333,0.6,0.33228950141529295,-0.19349166195798134,0.0,0.0,0.0,0.0,0.3464990084194141,1.0,1,1,1,1,1,0,1,1,1
321227,Bull,Neutral,Neutral,Neutral,Neutral,Neutral,0,0,0,0,NO_EFFECT,NO_EFFECT,NO_EFFECT,NO_EFFECT,base,regime_aggressive|base_pred=Neutral,0.5,0.7333333333333333,0.6,0.33228950141529295,-0.10584132371002808,0.0,0.0,0.0,0.0,0.1863591119308694,0.3844987096955293,1,2,2,1,3,0,1,1,1
321228,Bull,Bear,Bear,Bear,Bear,Bear,0,0,0,0,NO_EFFECT,NO_EFFECT,NO_EFFECT,NO_EFFECT,base,regime_aggressive|ruleb_off,0.5,0.7333333333333333,0.6,0.3385446287419172,-0.09521113841082202,0.0,0.0,0.0,0.0,2.9129483335964323,0.0258325522183499,0,1,1,1,1,0,1,0,0
321229,Bull,Neutral,Neutral,Neutral,Neutral,Neutral,0,0,0,0,NO_EFFECT,NO_EFFECT,NO_EFFECT,NO_EFFECT,base,regime_aggressive|base_pred=Neutral,0.6,0.7333333333333333,0.5666666666666667,0.3086709546370305,-0.06827236533292336,0.0,0.0,0.0,0.0,0.6493649733383791,0.3323932083048969,1,2,2,1,3,0,1,1,1
321230,Bear,Bear,Bear,Neutral,Neutral,Neutral,0,1,1,1,NO_EFFECT,BAD_NEUTRALIZE_RIGHT_BASE,BAD_NEUTRALIZE_RIGHT_BASE,BAD_NEUTRALIZE_RIGHT_BASE,winner,regime_aggressive|mode=AGGRESSIVE|current_h018,0.6,0.7333333333333333,0.5666666666666667,0.30975263756595406,-0.032683328868494066,0.0,0.0,0.0,0.0,2.167359932764157,0.3744731433445593,1,1,1,0,0,1,1,1,1
321231,Bear,Neutral,Neutral,Neutral,Neutral,Neutral,0,0,0,0,NO_EFFECT,NO_EFFECT,NO_EFFECT,NO_EFFECT,base,persist_AGGRESSIVE|regime_safe|base_pred=Neutral,0.5,0.7333333333333333,0.6,0.3157530367883729,-0.023196359996715765,0.0,1.0,0.0,1.0,1.1353045328742155,0.1451846358297214,1,2,2,0,2,0,1,0,0
321232,Bear,Bear,Bear,Bear,Bear,Bear,0,0,0,0,NO_EFFECT,NO_EFFECT,NO_EFFECT,NO_EFFECT,base,persist_AGGRESSIVE|regime_safe|ruleb_off,0.5,0.7333333333333333,0.6,0.2872591913160303,0.01971223491005125,0.0,1.0,0.0,1.0,0.8233322518681234,0.0517661737742932,0,1,1,0,0,0,1,0,0
321232,Bear,Bull,Bull,Bull,Bull,Bull,0,0,0,0,NO_EFFECT,NO_EFFECT,NO_EFFECT,NO_EFFECT,base,regime_safe|base_pred=Bull,0.42857142857142855,0.7666666666666667,0.5666666666666667,0.27881012089938007,0.02266552693785623,0.0,1.0,0.0,1.0,1.1208623557758983,0.0426520352992562,0,1,1,0,0,0,0,0,0
321233,Bull,Neutral,Neutral,Neutral,Neutral,Neutral,0,0,0,0,NO_EFFECT,NO_EFFECT,NO_EFFECT,NO_EFFECT,base,regime_safe|base_pred=Neutral,0.42857142857142855,0.7666666666666667,0.5333333333333333,0.27385371261190955,-0.02386391182782721,0.0,1.0,0.0,1.0,0.6512142529663834,0.233388982113892,0,0,1,0,0,0,1,1,1
321234,Bull,Neutral,Neutral,Neutral,Neutral,Neutral,0,0,0,0,NO_EFFECT,NO_EFFECT,NO_EFFECT,NO_EFFECT,base,regime_safe|base_pred=Neutral,0.42857142857142855,0.7666666666666667,0.5,0.248300012015706,0.019561649046638152,0.0,1.0,0.0,1.0,2.0394933024490456,0.0652866883672665,1,0,2,1,2,0,1,0,0
321234,Bull,Bear,Neutral,Neutral,Neutral,Neutral,1,1,1,1,GOOD_NEUTRALIZE_WRONG_BASE,GOOD_NEUTRALIZE_WRONG_BASE,GOOD_NEUTRALIZE_WRONG_BASE,GOOD_NEUTRALIZE_WRONG_BASE,corea,regime_safe|mode=SAFE|current_corea,0.42857142857142855,0.7666666666666667,0.5,0.235038593315319,0.04576352936918632,0.0,1.0,0.0,1.0,1.831069725421912,0.793730193545626,2,0,2,1,2,1,1,1,1
321235,Bear,Neutral,Neutral,Neutral,Neutral,Neutral,0,0,0,0,NO_EFFECT,NO_EFFECT,NO_EFFECT,NO_EFFECT,base,regime_safe|base_pred=Neutral,0.5,0.7666666666666667,0.5,0.2281629331001732,0.025136548723748875,0.5,0.5,0.5,0.5,0.8483160173655051,0.1056035878282287,1,1,2,0,1,0,1,0,0
321236,Bull,Neutral,Neutral,Neutral,Neutral,Neutral,0,0,0,0,NO_EFFECT,NO_EFFECT,NO_EFFECT,NO_EFFECT,base,regime_safe|base_pred=Neutral,0.5714285714285714,0.7666666666666667,0.5333333333333333,0.2244043123679722,-0.011059788458044784,0.5,0.5,0.5,0.5,0.4086244959034957,1.0,2,2,2,0,2,0,1,1,1
321237,Bear,Bear,Bear,Bear,Bear,Bear,0,0,0,0,NO_EFFECT,NO_EFFECT,NO_EFFECT,NO_EFFECT,base,regime_safe|ruleb_off,0.5,0.8,0.5666666666666667,0.2552524654555528,0.0887930990778319,0.5,0.5,0.5,0.5,1.2809519037273276,0.0020383301530664,1,2,2,0,2,0,1,0,0
321237,Bear,Neutral,Neutral,Neutral,Neutral,Neutral,0,0,0,0,NO_EFFECT,NO_EFFECT,NO_EFFECT,NO_EFFECT,base,regime_safe|base_pred=Neutral,0.42857142857142855,0.8,0.5666666666666667,0.2543519888910748,0.04059058220177425,0.5,0.5,0.5,0.5,1.2734358682228049,0.0873471128478625,1,1,2,0,1,0,1,0,0
321238,Bear,Bull,Bull,Bull,Bull,Bull,0,0,0,0,NO_EFFECT,NO_EFFECT,NO_EFFECT,NO_EFFECT,base,regime_safe|base_pred=Bull,0.42857142857142855,0.8,0.6,0.255384074201537,-0.004026450338423582,0.5,0.5,0.5,0.5,0.7005102640778205,0.137271276620198,0,0,1,0,0,0,0,0,0
321238,Bear,Neutral,Neutral,Neutral,Neutral,Neutral,0,0,0,0,NO_EFFECT,NO_EFFECT,NO_EFFECT,NO_EFFECT,base,regime_safe|base_pred=Neutral,0.42857142857142855,0.8,0.6,0.25168253172990424,0.0003388594875970985,0.5,0.5,0.5,0.5,0.3173733270286902,0.6577893570556357,2,1,2,0,1,0,1,1,1
321239,Bull,Bear,Bear,Bear,Bear,Bear,0,0,0,0,NO_EFFECT,NO_EFFECT,NO_EFFECT,NO_EFFECT,base,regime_safe|ruleb_off,0.3333333333333333,0.8333333333333334,0.6,0.2691770080529058,0.0650006224952962,0.5,0.5,0.5,0.5,0.7774320193711901,0.2099737166677498,0,1,1,1,1,0,1,1,1
321240,Bull,Bull,Bull,Bull,Bull,Bull,0,0,0,0,NO_EFFECT,NO_EFFECT,NO_EFFECT,NO_EFFECT,base,regime_safe|base_pred=Bull,0.42857142857142855,0.8666666666666667,0.6,0.27548237929824076,0.08064081783256771,0.5,0.5,0.5,0.5,0.332358297344399,0.2694460792572324,0,1,1,0,0,0,0,0,0
321240,Bull,Bull,Bull,Bull,Bull,Bull,0,0,0,0,NO_EFFECT,NO_EFFECT,NO_EFFECT,NO_EFFECT,base,regime_safe|base_pred=Bull,0.5,0.9,0.5666666666666667,0.26816333783584917,0.09702794459765612,0.5,0.5,0.5,0.5,0.6346389842710778,0.0040438039453458,0,0,0,0,0,0,0,0,0
321244,Bear,Neutral,Neutral,Neutral,Neutral,Neutral,0,0,0,0,NO_EFFECT,NO_EFFECT,NO_EFFECT,NO_EFFECT,base,regime_safe|base_pred=Neutral,0.5,0.9,0.5333333333333333,0.26518900626561437,0.09230300928972013,0.5,0.5,0.5,0.5,0.517448329295803,1.0,2,1,1,0,0,0,0,0,0
321247,Bear,Bear,Bear,Bear,Bear,Bear,0,0,0,0,NO_EFFECT,NO_EFFECT,NO_EFFECT,NO_EFFECT,base,regime_safe|ruleb_off,0.5,0.9333333333333333,0.5666666666666667,0.28466685920960394,0.09402670084189191,0.5,0.5,0.5,0.5,0.5989820664326544,0.9319609344970702,1,1,1,0,0,0,0,0,0
321247,Bear,Bear,Bear,Bear,Bear,Bear,0,0,0,0,NO_EFFECT,NO_EFFECT,NO_EFFECT,NO_EFFECT,base,regime_safe|ruleb_off,0.42857142857142855,0.9333333333333333,0.5666666666666667,0.3073629058783537,0.18393623283909355,0.5,0.5,0.5,0.5,0.6708832465646992,0.3260182334540398,1,1,1,0,0,0,0,0,0
321247,Bear,Bear,Bear,Bear,Bear,Bear,0,0,0,0,NO_EFFECT,NO_EFFECT,NO_EFFECT,NO_EFFECT,base,regime_safe|mode=SAFE|no_current_edge,0.375,0.9333333333333333,0.5666666666666667,0.31339759790189187,0.07378692982189222,0.5,0.5,0.5,0.5,1.0225111967756677,0.2768523311715466,1,0,0,0,0,1,0,0,0
321249,Bear,Neutral,Neutral,Neutral,Neutral,Neutral,0,0,0,0,NO_EFFECT,NO_EFFECT,NO_EFFECT,NO_EFFECT,base,regime_safe|base_pred=Neutral,0.3333333333333333,0.9,0.6,0.31981547107696123,0.10538222021206023,0.5,0.5,0.5,0.5,0.2925720753028145,1.0,1,0,0,0,0,0,0,0,0
321249,Bear,Bear,Bear,Bear,Bear,Bear,0,0,0,0,NO_EFFECT,NO_EFFECT,NO_EFFECT,NO_EFFECT,base,regime_safe|ruleb_off,0.3333333333333333,0.8666666666666667,0.6333333333333333,0.34477471467778853,0.20484128788363987,0.5,0.5,0.5,0.5,0.4219065078486892,0.5031839591254756,2,0,0,0,0,0,0,0,0
321249,Bear,Neutral,Neutral,Neutral,Neutral,Neutral,0,0,0,0,NO_EFFECT,NO_EFFECT,NO_EFFECT,NO_EFFECT,base,regime_safe|base_pred=Neutral,0.3,0.8333333333333334,0.6333333333333333,0.35674532027614775,0.24177228186189292,0.5,0.5,0.5,0.5,0.8076881766810402,0.2672874556756318,1,0,0,0,0,0,0,0,0
321249,Bear,Neutral,Neutral,Neutral,Neutral,Neutral,0,0,0,0,NO_EFFECT,NO_EFFECT,NO_EFFECT,NO_EFFECT,base,regime_safe|base_pred=Neutral,0.3,0.8,0.6666666666666666,0.36176929331793223,0.17566103709221553,0.5,0.5,0.5,0.5,0.8307301414861286,0.4889712488638592,1,1,1,0,0,0,1,1,1
321251,Bear,Neutral,Neutral,Neutral,Neutral,Neutral,0,0,0,0,NO_EFFECT,NO_EFFECT,NO_EFFECT,NO_EFFECT,base,regime_safe|base_pred=Neutral,0.3,0.8,0.7,0.3646545890596658,0.21318272330903149,0.5,0.5,0.5,0.5,0.7269869283500157,0.1537727396371114,1,2,2,1,3,0,1,0,0
321255,Bull,Bear,Bear,Bear,Bear,Bear,0,0,0,0,NO_EFFECT,NO_EFFECT,NO_EFFECT,NO_EFFECT,base,regime_safe|ruleb_off,0.3,0.8333333333333334,0.7333333333333333,0.3631329387504753,0.19811419782979905,0.5,0.5,0.5,0.5,0.3946324580156215,0.1015225151582658,0,2,2,0,2,0,1,0,0
321257,Bull,Bull,Bull,Bull,Bull,Bull,0,0,0,0,NO_EFFECT,NO_EFFECT,NO_EFFECT,NO_EFFECT,base,regime_safe|base_pred=Bull,0.36363636363636365,0.8333333333333334,0.7,0.365742966815057,0.20882096241486447,0.5,0.5,0.5,0.5,0.4087494458071887,0.281716760131604,0,1,1,0,0,0,1,1,1
321258,Bull,Bear,Bear,Bear,Bear,Bear,0,0,0,0,NO_EFFECT,NO_EFFECT,NO_EFFECT,NO_EFFECT,base,regime_safe|ruleb_off,0.36363636363636365,0.8333333333333334,0.6666666666666666,0.3418001921527771,0.1369926384280249,0.5,0.5,0.5,0.5,0.7480558156876214,0.1445713990273076,1,0,0,1,1,0,0,0,0
321258,Bull,Neutral,Neutral,Neutral,Neutral,Neutral,0,0,0,0,NO_EFFECT,NO_EFFECT,NO_EFFECT,NO_EFFECT,base,regime_safe|base_pred=Neutral,0.4166666666666667,0.8333333333333334,0.6666666666666666,0.3338026151305031,0.03088057364097163,0.5,0.5,0.5,0.5,1.092358886557122,0.1219640013590477,1,0,1,1,1,0,0,0,0
321261,Bull,Bear,Bear,Bear,Bear,Bear,0,0,0,0,NO_EFFECT,NO_EFFECT,NO_EFFECT,NO_EFFECT,base,regime_safe|ruleb_off,0.36363636363636365,0.8333333333333334,0.7,0.3370069967685263,-0.004534133630312076,0.5,0.5,0.5,0.5,0.5961162117382628,0.171790480768555,1,0,1,1,1,0,0,0,0
321261,Bull,Neutral,Neutral,Neutral,Neutral,Neutral,0,0,0,0,NO_EFFECT,NO_EFFECT,NO_EFFECT,NO_EFFECT,base,regime_safe|base_pred=Neutral,0.4166666666666667,0.8333333333333334,0.7,0.3316535725173149,-0.012263274813943736,0.5,0.5,0.5,0.5,0.6725607198059151,0.2781452542517251,0,0,1,0,0,0,0,0,0
321261,Bull,Neutral,Neutral,Neutral,Neutral,Neutral,0,0,0,0,NO_EFFECT,NO_EFFECT,NO_EFFECT,NO_EFFECT,base,persist_SAFE|regime_aggressive|base_pred=Neutral,0.45454545454545453,0.8333333333333334,0.6666666666666666,0.3284426428808872,-0.11572509222154326,1.0,0.0,1.0,0.0,0.5931122235797375,1.0,1,0,1,0,0,0,0,0,0
321262,Bear,Neutral,Neutral,Neutral,Neutral,Neutral,0,0,0,0,NO_EFFECT,NO_EFFECT,NO_EFFECT,NO_EFFECT,base,persist_SAFE|regime_aggressive|base_pred=Neutral,0.45454545454545453,0.8333333333333334,0.6666666666666666,0.35693648835322983,-0.08394345429887856,1.0,0.0,1.0,0.0,0.1742486285402265,0.6667232804800325,2,1,2,0,1,0,0,0,0
321269,Bear,Neutral,Neutral,Neutral,Neutral,Neutral,0,0,0,0,NO_EFFECT,NO_EFFECT,NO_EFFECT,NO_EFFECT,base,regime_aggressive|base_pred=Neutral,0.5,0.8333333333333334,0.7,0.3774350585767545,-0.05477593591350549,1.0,0.0,1.0,0.0,0.0127182705236919,0.5591879717510976,1,1,2,0,1,0,0,0,0
321269,Bear,Bear,Bear,Bear,Bear,Bear,0,0,0,0,NO_EFFECT,NO_EFFECT,NO_EFFECT,NO_EFFECT,base,regime_aggressive|ruleb_off,0.5,0.8333333333333334,0.7333333333333333,0.3946529231251492,-0.07007022430301169,1.0,0.0,1.0,0.0,0.261802402070316,0.2845351838674275,1,1,1,0,0,0,0,0,0
321270,Bear,Neutral,Neutral,Neutral,Neutral,Neutral,0,0,0,0,NO_EFFECT,NO_EFFECT,NO_EFFECT,NO_EFFECT,base,regime_aggressive|base_pred=Neutral,0.45454545454545453,0.8333333333333334,0.7666666666666667,0.3963577965169337,-0.053013167756141066,1.0,0.0,1.0,0.0,0.4030578970778151,1.0,2,1,1,0,0,0,0,0,0
321277,Bear,Neutral,Neutral,Neutral,Neutral,Neutral,0,0,0,0,NO_EFFECT,NO_EFFECT,NO_EFFECT,NO_EFFECT,base,regime_aggressive|base_pred=Neutral,0.45454545454545453,0.8333333333333334,0.7666666666666667,0.42751490690469146,0.03502278938848247,1.0,0.0,1.0,0.0,0.6482886211160803,0.1429335503013465,0,1,1,0,0,0,0,0,0
321278,Bull,Bull,Bull,Bull,Bull,Bull,0,0,0,0,NO_EFFECT,NO_EFFECT,NO_EFFECT,NO_EFFECT,base,regime_aggressive|base_pred=Bull,0.4,0.8333333333333334,0.7333333333333333,0.40582168546321545,0.046745140076157765,0.0,0.0,0.0,0.0,0.4393023789471044,0.0107571511018245,0,1,1,0,0,0,0,0,0
321279,Bull,Neutral,Neutral,Neutral,Neutral,Neutral,0,0,0,0,NO_EFFECT,NO_EFFECT,NO_EFFECT,NO_EFFECT,base,regime_aggressive|base_pred=Neutral,0.4,0.8333333333333334,0.7,0.4026601375723354,0.03141532472365555,0.0,0.0,0.0,0.0,0.1234912980089575,0.8183360554383399,2,1,1,0,0,0,1,1,1
321280,Bear,Neutral,Neutral,Neutral,Neutral,Neutral,0,0,0,0,NO_EFFECT,NO_EFFECT,NO_EFFECT,NO_EFFECT,base,regime_aggressive|base_pred=Neutral,0.4,0.8333333333333334,0.7,0.39660467275361333,0.1449543300636324,0.0,0.0,0.0,0.0,0.3492360587879375,0.7580982256583734,2,2,2,0,2,0,1,1,1
321281,Bear,Bull,Bull,Bull,Bull,Bull,0,0,0,0,NO_EFFECT,NO_EFFECT,NO_EFFECT,NO_EFFECT,base,regime_aggressive|base_pred=Bull,0.4444444444444444,0.8333333333333334,0.7,0.4218066692704569,0.19509749702183965,0.0,0.0,0.0,0.0,0.8448389224740822,0.2248187729742173,0,2,2,0,2,0,1,1,1
321282,Bull,Neutral,Neutral,Neutral,Neutral,Neutral,0,0,0,0,NO_EFFECT,NO_EFFECT,NO_EFFECT,NO_EFFECT,base,regime_aggressive|base_pred=Neutral,0.4444444444444444,0.8333333333333334,0.6666666666666666,0.42638905794133536,0.18022494182389587,0.0,0.0,0.0,0.0,0.1745372336627042,0.0384831214939501,1,2,1,0,1,0,1,0,0
321283,Bear,Neutral,Neutral,Neutral,Neutral,Neutral,0,0,0,0,NO_EFFECT,NO_EFFECT,NO_EFFECT,NO_EFFECT,base,regime_aggressive|base_pred=Neutral,0.4444444444444444,0.8333333333333334,0.7,0.4230961194371271,0.04093681780430086,0.0,0.0,0.0,0.0,0.3712487411758047,0.5669266072257931,1,1,1,0,0,0,1,1,1
321284,Bull,Neutral,Neutral,Neutral,Neutral,Neutral,0,0,0,0,NO_EFFECT,NO_EFFECT,NO_EFFECT,NO_EFFECT,base,regime_aggressive|base_pred=Neutral,0.4444444444444444,0.8333333333333334,0.7,0.4200673611094657,0.03051045430765692,0.0,0.0,0.0,0.0,0.1557789117487118,0.3973975171718676,1,2,2,1,3,0,1,1,1
321285,Bear,Neutral,Neutral,Neutral,Neutral,Neutral,0,0,0,0,NO_EFFECT,NO_EFFECT,NO_EFFECT,NO_EFFECT,base,regime_aggressive|base_pred=Neutral,0.375,0.8333333333333334,0.7333333333333333,0.42631482112626967,-0.0031293039044333892,0.0,0.0,0.0,0.0,0.2380585646460531,0.7528154762203941,2,2,3,0,2,0,1,1,1
321286,Bull,Neutral,Neutral,Neutral,Neutral,Neutral,0,0,0,0,NO_EFFECT,NO_EFFECT,NO_EFFECT,NO_EFFECT,base,regime_aggressive|base_pred=Neutral,0.375,0.8333333333333334,0.7666666666666667,0.44242713435837505,0.04294427010035351,0.0,0.0,0.0,0.0,0.3472823765860084,0.3369251621019907,0,2,3,0,2,0,1,1,1
321287,Bear,Neutral,Neutral,Neutral,Neutral,Neutral,0,0,0,0,NO_EFFECT,NO_EFFECT,NO_EFFECT,NO_EFFECT,base,regime_aggressive|base_pred=Neutral,0.375,0.8666666666666667,0.7666666666666667,0.4535231796302632,-0.07316102349218018,0.0,0.0,0.0,0.0,1.490700921207463,0.1576981494516562,0,1,3,1,2,0,1,0,0
321288,Bear,Bear,Bear,Bear,Bear,Bear,0,0,0,0,NO_EFFECT,NO_EFFECT,NO_EFFECT,NO_EFFECT,base,regime_aggressive|ruleb_off,0.375,0.8666666666666667,0.7333333333333333,0.42544645127865177,-0.028831241092216464,0.0,0.0,0.0,0.0,0.4213379191096464,0.209019647497774,1,0,2,1,2,0,1,1,1
321289,Bear,Bear,Bear,Bear,Bear,Bear,0,0,0,0,NO_EFFECT,NO_EFFECT,NO_EFFECT,NO_EFFECT,base,regime_aggressive|ruleb_off,0.375,0.8666666666666667,0.7333333333333333,0.4013484083786752,0.03705519771714072,0.0,0.0,0.0,0.0,1.148277318836335,0.0158671840380335,1,0,1,0,0,0,1,0,0
321290,Bear,Bear,Bear,Bear,Bear,Bear,0,0,0,0,NO_EFFECT,NO_EFFECT,NO_EFFECT,NO_EFFECT,base,regime_aggressive|ruleb_off,0.375,0.8666666666666667,0.7333333333333333,0.3910100400648083,-0.0678075805221049,0.0,0.0,0.0,0.0,1.3791245185911976,0.0486094886243782,1,0,0,0,0,0,0,0,0
321291,Bear,Neutral,Neutral,Neutral,Neutral,Neutral,0,0,0,0,NO_EFFECT,NO_EFFECT,NO_EFFECT,NO_EFFECT,base,regime_aggressive|base_pred=Neutral,0.375,0.8666666666666667,0.7333333333333333,0.383401945313236,-0.16281874894984577,0.0,0.0,0.0,0.0,0.2061416192245815,0.1213441114249643,0,0,0,0,0,0,0,0,0
321292,Bear,Bull,Bull,Bull,Bull,Bull,0,0,0,0,NO_EFFECT,NO_EFFECT,NO_EFFECT,NO_EFFECT,base,regime_aggressive|base_pred=Bull,0.375,0.8666666666666667,0.7,0.3541134156940682,-0.1344071537534819,0.0,0.0,0.0,0.0,0.3043825174936501,0.5874220600312643,1,0,0,0,0,0,0,0,0
321293,Bull,Neutral,Neutral,Neutral,Neutral,Neutral,0,0,0,0,NO_EFFECT,NO_EFFECT,NO_EFFECT,NO_EFFECT,base,regime_aggressive|base_pred=Neutral,0.42857142857142855,0.8666666666666667,0.7,0.35692135239092776,-0.05627821801817412,0.0,0.0,0.0,0.0,0.1209222382149164,0.5263333674430996,2,1,1,0,0,0,1,1,1
321294,Bear,Neutral,Neutral,Neutral,Neutral,Neutral,0,0,0,0,NO_EFFECT,NO_EFFECT,NO_EFFECT,NO_EFFECT,base,regime_aggressive|base_pred=Neutral,0.42857142857142855,0.9,0.7,0.36555621611651,-0.07531949957395162,0.0,0.0,0.0,0.0,1.2045667255206354,1.0,2,2,2,1,3,1,1,1,1
321295,Bear,Bull,Bull,Bull,Bull,Bull,0,0,0,0,NO_EFFECT,NO_EFFECT,NO_EFFECT,NO_EFFECT,base,regime_aggressive|base_pred=Bull,0.42857142857142855,0.9,0.7,0.382590507821048,-0.010480564706538853,0.0,0.0,0.0,0.0,1.3315735538872104,0.2479328444762653,0,2,2,0,2,0,1,1,1
321296,Bull,Neutral,Neutral,Neutral,Neutral,Neutral,0,0,0,0,NO_EFFECT,NO_EFFECT,NO_EFFECT,NO_EFFECT,base,regime_aggressive|base_pred=Neutral,0.42857142857142855,0.9,0.6666666666666666,0.3857291779823532,-0.0909209647101159,0.0,0.0,0.0,0.0,0.2937095101387967,0.125075724048262,1,2,2,0,2,0,1,0,0
321297,Bull,Bull,Bull,Bull,Bull,Bull,0,0,0,0,NO_EFFECT,NO_EFFECT,NO_EFFECT,NO_EFFECT,base,regime_aggressive|base_pred=Bull,0.3333333333333333,0.9,0.7,0.38651428494535295,-0.12387604086267495,0.0,0.0,0.0,0.0,0.1466796459953911,0.2427670620643983,0,1,1,1,1,0,1,1,1
321298,Bull,Bear,Bear,Bear,Bear,Bear,0,0,0,0,NO_EFFECT,NO_EFFECT,NO_EFFECT,NO_EFFECT,base,regime_aggressive|ruleb_off,0.3333333333333333,0.9,0.7,0.38521596167644623,-0.10916821906740337,0.0,0.0,0.0,0.0,0.81442592905114,0.0402663974568119,1,1,1,1,1,0,0,0,0
321299,Bear,Bear,Bear,Bear,Bear,Bear,0,0,0,0,NO_EFFECT,NO_EFFECT,NO_EFFECT,NO_EFFECT,base,regime_aggressive|ruleb_off,0.3333333333333333,0.9,0.7,0.381739128290763,-0.12926595649502293,0.0,0.0,0.0,0.0,0.5645025094418088,0.2700202464678621,1,0,0,0,0,0,0,0,0
321300,Bear,Bear,Bear,Bear,Bear,Bear,0,0,0,0,NO_EFFECT,NO_EFFECT,NO_EFFECT,NO_EFFECT,base,regime_aggressive|ruleb_off,0.2857142857142857,0.8666666666666667,0.7,0.38667433646105676,-0.09854580938598922,0.0,0.0,0.0,0.0,0.30601341210604,0.2192820518918031,1,0,0,0,0,0,0,0,0
321301,Bear,Neutral,Neutral,Neutral,Neutral,Neutral,0,0,0,0,NO_EFFECT,NO_EFFECT,NO_EFFECT,NO_EFFECT,base,persist_AGGRESSIVE|regime_safe|base_pred=Neutral,0.14285714285714285,0.8333333333333334,0.7,0.3882573888318317,-0.07531950345203797,0.0,0.0,0.0,0.0,0.5635794485096994,0.0760019866790727,1,0,0,0,0,0,0,0,0
321302,Bear,Neutral,Neutral,Neutral,Neutral,Neutral,0,0,0,0,NO_EFFECT,NO_EFFECT,NO_EFFECT,NO_EFFECT,base,persist_AGGRESSIVE|regime_safe|base_pred=Neutral,0.14285714285714285,0.8,0.7333333333333333,0.3815192799127433,-0.07201365878528915,0.0,0.0,0.0,0.0,0.8480056458265608,0.3346402939651963,0,0,1,0,0,0,0,0,0
321303,Bull,Bull,Bull,Bull,Bull,Bull,0,0,0,0,NO_EFFECT,NO_EFFECT,NO_EFFECT,NO_EFFECT,base,regime_safe|base_pred=Bull,0.14285714285714285,0.8,0.7,0.3593406230449165,-0.07666293839345911,0.0,0.0,0.0,0.0,0.3349514959882071,0.3203849751929498,0,0,1,0,0,0,0,0,0
321304,Bull,Bear,Bear,Bear,Bear,Bear,0,0,0,0,NO_EFFECT,NO_EFFECT,NO_EFFECT,NO_EFFECT,base,regime_safe|mode=SAFE|no_current_edge,0.14285714285714285,0.8,0.6666666666666666,0.34779601286868034,-0.09023828196662742,0.0,0.0,0.0,0.0,1.4339076306314382,0.2391922753233023,1,0,1,1,1,1,0,0,0
321305,Bear,Neutral,Neutral,Neutral,Neutral,Neutral,0,0,0,0,NO_EFFECT,NO_EFFECT,NO_EFFECT,NO_EFFECT,base,persist_SAFE|regime_aggressive|base_pred=Neutral,0.25,0.8,0.6666666666666666,0.3371294896544205,-0.18835965584674233,0.0,0.0,0.0,0.0,0.5269501706097799,1.0,2,1,1,0,0,0,0,0,0
321306,Bull,Bear,Bear,Bear,Bear,Bear,0,0,0,0,NO_EFFECT,NO_EFFECT,NO_EFFECT,NO_EFFECT,base,persist_SAFE|regime_aggressive|ruleb_off,0.2857142857142857,0.8,0.6666666666666666,0.3609783168588397,-0.11132282332481075,0.0,0.0,0.0,0.0,0.4125776010369009,0.2737402855598712,1,1,1,0,0,0,0,0,0
321307,Bear,Neutral,Neutral,Neutral,Neutral,Neutral,0,0,0,0,NO_EFFECT,NO_EFFECT,NO_EFFECT,NO_EFFECT,base,regime_aggressive|base_pred=Neutral,0.375,0.8,0.6666666666666666,0.3367696597108354,-0.05271015337606294,0.0,0.0,0.0,0.0,0.0861535490021196,0.9541408943580064,1,1,1,0,0,0,0,0,0
321308,Bull,Neutral,Neutral,Neutral,Neutral,Neutral,0,0,0,0,NO_EFFECT,NO_EFFECT,NO_EFFECT,NO_EFFECT,base,regime_aggressive|base_pred=Neutral,0.375,0.8,0.7,0.36380990451272405,0.013435554265145144,0.0,0.0,0.0,0.0,0.4577805765693483,0.0106959805838985,1,0,0,1,1,0,0,0,0
321309,Bear,Neutral,Neutral,Neutral,Neutral,Neutral,0,0,0,0,NO_EFFECT,NO_EFFECT,NO_EFFECT,NO_EFFECT,base,regime_aggressive|base_pred=Neutral,0.375,0.8,0.7333333333333333,0.36380786549545985,0.009003050260104506,0.0,0.0,0.0,0.0,0.983141189086382,0.1460976534733533,1,1,1,0,0,0,1,0,0
321310,Bull,Neutral,Neutral,Neutral,Neutral,Neutral,0,0,0,0,NO_EFFECT,NO_EFFECT,NO_EFFECT,NO_EFFECT,base,regime_aggressive|base_pred=Neutral,0.375,0.8,0.7333333333333333,0.3413999187632936,0.024026581409177517,0.0,0.0,0.0,0.0,0.081948814642601,0.4920358202760519,0,1,2,0,1,0,1,1,1
321311,Bull,Neutral,Neutral,Neutral,Neutral,Neutral,0,0,0,0,NO_EFFECT,NO_EFFECT,NO_EFFECT,NO_EFFECT,base,regime_aggressive|base_pred=Neutral,0.375,0.8,0.7,0.3325311719172162,0.07824276693593096,0.0,0.0,0.0,0.0,0.4373586117490049,1.0,2,2,3,0,2,0,1,1,1
321312,Bear,Neutral,Neutral,Neutral,Neutral,Neutral,0,0,0,0,NO_EFFECT,NO_EFFECT,NO_EFFECT,NO_EFFECT,base,regime_aggressive|base_pred=Neutral,0.375,0.8,0.7333333333333333,0.358370546151409,0.17808340758278085,0.0,0.0,0.0,0.0,0.2056792513994878,0.451916756908589,0,1,2,0,1,0,1,1,1
321313,Bull,Bear,Bear,Bear,Bear,Bear,0,0,0,0,NO_EFFECT,NO_EFFECT,NO_EFFECT,NO_EFFECT,base,regime_aggressive|ruleb_off,0.375,0.8,0.7,0.372151667331897,0.17500319525355784,0.0,0.0,0.0,0.0,0.5729700516912999,0.1038797082321986,1,1,1,0,0,0,1,0,0
321314,Bear,Neutral,Neutral,Neutral,Neutral,Neutral,0,0,0,0,NO_EFFECT,NO_EFFECT,NO_EFFECT,NO_EFFECT,base,regime_aggressive|base_pred=Neutral,0.4444444444444444,0.8,0.7,0.35671677069877716,0.1656797501591249,0.0,0.0,0.0,0.0,0.3450259956662194,0.2191785751231716,1,1,1,1,1,0,1,1,1
321315,Bull,Neutral,Neutral,Neutral,Neutral,Neutral,0,0,0,0,NO_EFFECT,NO_EFFECT,NO_EFFECT,NO_EFFECT,base,regime_aggressive|base_pred=Neutral,0.4444444444444444,0.8,0.7,0.350776139297154,0.17158864223154013,0.0,0.0,0.0,0.0,0.5505927764461376,0.6312768586204027,2,2,2,1,3,0,1,1,1
321316,Bull,Neutral,Neutral,Neutral,Neutral,Neutral,0,0,0,0,NO_EFFECT,NO_EFFECT,NO_EFFECT,NO_EFFECT,base,regime_aggressive|base_pred=Neutral,0.4444444444444444,0.8,0.7,0.34672485204382103,0.12235710190460009,0.0,0.0,0.0,0.0,0.2889186309603246,1.0,2,3,3,1,3,0,1,1,1
321316,Bull,Neutral,Neutral,Neutral,Neutral,Neutral,0,0,0,0,NO_EFFECT,NO_EFFECT,NO_EFFECT,NO_EFFECT,base,regime_aggressive|base_pred=Neutral,0.4444444444444444,0.8,0.7333333333333333,0.3688273466404213,0.19814231717571895,0.0,0.0,0.0,0.0,0.0978615807835012,0.1443744546826615,1,3,3,0,2,0,1,0,0
321317,Bear,Bear,Bear,Bear,Bear,Bear,0,0,0,0,NO_EFFECT,NO_EFFECT,NO_EFFECT,NO_EFFECT,base,regime_aggressive|ruleb_off,0.4444444444444444,0.8,0.7666666666666667,0.36838322348145486,0.07734353596286703,0.0,0.0,0.0,0.0,0.2013886079039366,0.0117590715606872,1,2,2,0,2,0,1,0,0
321321,Bear,Neutral,Neutral,Neutral,Neutral,Neutral,0,0,0,0,NO_EFFECT,NO_EFFECT,NO_EFFECT,NO_EFFECT,base,regime_aggressive|base_pred=Neutral,0.4444444444444444,0.8,0.7666666666666667,0.36180787095021855,0.08736602840623964,0.0,0.0,0.0,0.0,0.9691908928271004,0.0781078326868429,1,1,1,0,0,0,1,0,0
321322,Bear,Bull,Bull,Bull,Bull,Bull,0,0,0,0,NO_EFFECT,NO_EFFECT,NO_EFFECT,NO_EFFECT,base,regime_aggressive|base_pred=Bull,0.5,0.8,0.7666666666666667,0.36388255923851226,0.07405552285582256,0.0,0.0,0.0,0.0,0.3823743574757827,0.2587252548622453,0,0,0,0,0,0,0,0,0
321324,Bear,Bull,Bull,Bull,Bull,Bull,0,0,0,0,NO_EFFECT,NO_EFFECT,NO_EFFECT,NO_EFFECT,base,regime_aggressive|base_pred=Bull,0.5714285714285714,0.8,0.7333333333333333,0.3708864181131078,0.028553149731858185,0.0,0.0,0.0,0.0,0.1631071101510315,0.3647496670215363,0,0,0,0,0,0,0,0,0
321325,Bull,Bear,Bear,Bear,Bear,Bear,0,0,0,0,NO_EFFECT,NO_EFFECT,NO_EFFECT,NO_EFFECT,base,regime_aggressive|ruleb_off,0.5714285714285714,0.8,0.7333333333333333,0.37899993663299353,-0.07890467799473988,0.0,0.0,0.0,0.0,0.5826347304355295,0.4002516979580228,1,0,0,0,0,0,0,0,0
321326,Bear,Neutral,Neutral,Neutral,Neutral,Neutral,0,0,0,0,NO_EFFECT,NO_EFFECT,NO_EFFECT,NO_EFFECT,base,regime_aggressive|base_pred=Neutral,0.625,0.8,0.7333333333333333,0.3727609245638855,-0.07729591873366276,0.0,0.0,0.0,0.0,0.2191747999022482,0.1572210174680293,1,1,1,1,1,0,0,0,0
321327,Bull,Bull,Bull,Bull,Bull,Bull,0,0,0,0,NO_EFFECT,NO_EFFECT,NO_EFFECT,NO_EFFECT,base,regime_aggressive|base_pred=Bull,0.625,0.8,0.7333333333333333,0.3604571795647164,-0.05083910484953469,0.0,0.0,0.0,0.0,1.166954666372476,0.013510902705469,0,1,1,0,0,0,0,0,0
321328,Bull,Bear,Bear,Bear,Bear,Bear,0,0,0,0,NO_EFFECT,NO_EFFECT,NO_EFFECT,NO_EFFECT,base,regime_aggressive|ruleb_off,0.625,0.8,0.7,0.3275742096548987,-0.03236480084746346,0.0,0.0,0.0,0.0,0.446379720371624,0.0450796191132334,1,1,1,0,0,0,0,0,0
321331,Bull,Neutral,Neutral,Neutral,Neutral,Neutral,0,0,0,0,NO_EFFECT,NO_EFFECT,NO_EFFECT,NO_EFFECT,base,regime_aggressive|base_pred=Neutral,0.6666666666666666,0.8,0.7333333333333333,0.320812435476131,-0.11015172550538727,0.0,0.0,0.0,0.0,0.025832291574261,0.8635763534242848,2,1,0,1,1,0,0,0,0
321332,Bear,Bull,Bull,Bull,Bull,Bull,0,0,0,0,NO_EFFECT,NO_EFFECT,NO_EFFECT,NO_EFFECT,base,regime_aggressive|base_pred=Bull,0.6666666666666666,0.8,0.7333333333333333,0.3454291231219984,-0.16754030396054578,0.0,0.0,0.0,0.0,0.2885038114236522,0.3393445564595839,0,1,0,0,0,0,0,0,0
321333,Bull,Bear,Bear,Bear,Bear,Bear,0,0,0,0,NO_EFFECT,NO_EFFECT,NO_EFFECT,NO_EFFECT,base,regime_aggressive|ruleb_off,0.6666666666666666,0.8,0.7333333333333333,0.3486483729351713,-0.14312366341376664,0.0,0.0,0.0,0.0,0.6501026692658343,0.2039316052881258,1,1,0,0,0,0,0,0,0
321334,Bear,Bear,Bear,Bear,Bear,Bear,0,0,0,0,NO_EFFECT,NO_EFFECT,NO_EFFECT,NO_EFFECT,base,regime_aggressive|ruleb_off,0.6666666666666666,0.8,0.7333333333333333,0.3541038798628817,-0.12248104374621666,0.0,0.0,0.0,0.0,0.6866877566226322,0.2372008624935039,1,0,0,0,0,0,0,0,0
321335,Bear,Neutral,Neutral,Neutral,Neutral,Neutral,0,0,0,0,NO_EFFECT,NO_EFFECT,NO_EFFECT,NO_EFFECT,base,regime_aggressive|base_pred=Neutral,0.6666666666666666,0.8,0.7333333333333333,0.35300990039706986,-0.09697612007649947,0.0,0.0,0.0,0.0,1.5187052537130512,1.0,2,1,1,0,0,1,1,1,1
321336,Bear,Neutral,Neutral,Neutral,Neutral,Neutral,0,0,0,0,NO_EFFECT,NO_EFFECT,NO_EFFECT,NO_EFFECT,base,regime_aggressive|base_pred=Neutral,0.75,0.8333333333333334,0.7333333333333333,0.37903383200067636,-0.02482080571124612,0.0,0.0,0.0,0.0,0.8483504607265786,0.6260532709901369,2,2,2,1,3,0,1,1,1
321337,Bull,Bear,Bear,Bear,Bear,Bear,0,0,0,0,NO_EFFECT,NO_EFFECT,NO_EFFECT,NO_EFFECT,base,regime_aggressive|ruleb_off,0.75,0.8666666666666667,0.7333333333333333,0.3973688748110452,-0.013127829331509189,0.0,0.0,0.0,0.0,1.0736296366630995,0.085947588204883,1,2,2,0,2,0,1,0,0
321338,Bear,Neutral,Neutral,Neutral,Neutral,Neutral,0,0,0,0,NO_EFFECT,NO_EFFECT,NO_EFFECT,NO_EFFECT,base,regime_aggressive|base_pred=Neutral,0.7777777777777778,0.8666666666666667,0.7666666666666667,0.3890791179523681,-0.04783881050646466,0.0,0.0,0.0,0.0,1.3996423205589963,0.1417606685761419,1,1,1,0,0,0,1,0,0
321339,Bear,Neutral,Neutral,Neutral,Neutral,Neutral,0,0,0,0,NO_EFFECT,NO_EFFECT,NO_EFFECT,NO_EFFECT,base,regime_aggressive|base_pred=Neutral,0.7777777777777778,0.8666666666666667,0.8,0.3831249743984745,-0.0412266475094073,0.0,0.0,0.0,0.0,0.150170654133035,1.0,2,1,0,0,0,0,0,0,0
321340,Bull,Neutral,Neutral,Neutral,Neutral,Neutral,0,0,0,0,NO_EFFECT,NO_EFFECT,NO_EFFECT,NO_EFFECT,base,regime_aggressive|base_pred=Neutral,0.75,0.8666666666666667,0.8,0.40848523188769764,0.06870633085093752,0.0,0.0,0.0,0.0,0.1186585198229295,0.1178095180770539,1,2,1,0,1,0,0,0,0
321341,Bull,Bear,Bear,Neutral,Neutral,Neutral,0,1,1,1,NO_EFFECT,GOOD_NEUTRALIZE_WRONG_BASE,GOOD_NEUTRALIZE_WRONG_BASE,GOOD_NEUTRALIZE_WRONG_BASE,winner,regime_aggressive|mode=AGGRESSIVE|current_h018,0.75,0.8666666666666667,0.8,0.3790788824902662,0.12372533979165784,0.0,0.0,0.0,0.0,1.97990277538338,0.2125949170883987,1,2,1,0,1,1,1,1,1
321341,Bull,Neutral,Neutral,Neutral,Neutral,Neutral,0,0,0,0,NO_EFFECT,NO_EFFECT,NO_EFFECT,NO_EFFECT,base,regime_aggressive|base_pred=Neutral,0.75,0.8666666666666667,0.8,0.3770407035412171,0.029135392764848556,1.0,0.0,1.0,0.0,1.6472531718991377,0.9408004454258224,2,2,2,0,2,1,1,1,1
321343,Bull,Neutral,Neutral,Neutral,Neutral,Neutral,0,0,0,0,NO_EFFECT,NO_EFFECT,NO_EFFECT,NO_EFFECT,base,regime_aggressive|base_pred=Neutral,0.75,0.8666666666666667,0.8,0.37659602191014424,0.12002079855639353,1.0,0.0,1.0,0.0,0.260026034888142,0.232689390229609,0,1,1,0,0,0,1,1,1
321343,Bull,Bull,Bull,Bull,Bull,Bull,0,0,0,0,NO_EFFECT,NO_EFFECT,NO_EFFECT,NO_EFFECT,base,regime_aggressive|base_pred=Bull,0.75,0.8666666666666667,0.7666666666666667,0.38399580223166796,0.11323479581533058,1.0,0.0,1.0,0.0,0.3167227312842442,0.1362049318948478,0,1,1,0,0,0,0,0,0
321344,Bull,Neutral,Neutral,Neutral,Neutral,Neutral,0,0,0,0,NO_EFFECT,NO_EFFECT,NO_EFFECT,NO_EFFECT,base,regime_aggressive|base_pred=Neutral,0.75,0.8666666666666667,0.7333333333333333,0.3836660448457178,0.09858004230445738,1.0,0.0,1.0,0.0,0.7184232850504486,1.0,2,1,1,0,0,0,1,1,1
321345,Bull,Neutral,Neutral,Neutral,Neutral,Neutral,0,0,0,0,NO_EFFECT,NO_EFFECT,NO_EFFECT,NO_EFFECT,base,regime_aggressive|base_pred=Neutral,0.75,0.8666666666666667,0.7666666666666667,0.40059818416984944,0.07318183331826,1.0,0.0,1.0,0.0,0.3875988952422631,1.0,2,2,2,1,3,0,1,1,1
321346,Bear,Bull,Bull,Bull,Bull,Bull,0,0,0,0,NO_EFFECT,NO_EFFECT,NO_EFFECT,NO_EFFECT,base,regime_aggressive|base_pred=Bull,0.75,0.8666666666666667,0.7666666666666667,0.40059818416984944,0.1292738426697394,1.0,0.0,1.0,0.0,0.4412751129948447,0.1802842076849845,0,2,2,0,2,0,1,0,1
321347,Bull,Bull,Bull,Bull,Bull,Bull,0,0,0,0,NO_EFFECT,NO_EFFECT,NO_EFFECT,NO_EFFECT,base,regime_aggressive|base_pred=Bull,0.75,0.8666666666666667,0.7666666666666667,0.3915437658623959,0.1570059630529348,1.0,0.0,1.0,0.0,0.3464247857918963,0.7042270461360411,1,1,1,0,0,0,1,1,1
321348,Bull,Bear,Bear,Bear,Bear,Bear,0,0,0,0,NO_EFFECT,NO_EFFECT,NO_EFFECT,NO_EFFECT,base,regime_aggressive|ruleb_off,0.7142857142857143,0.8666666666666667,0.7666666666666667,0.41155534379252406,0.21135855279172766,1.0,0.0,1.0,0.0,0.3031346406678494,0.2213863650260302,1,0,0,0,0,0,0,0,0
321349,Bear,Bear,Bear,Bear,Bear,Bear,0,0,0,0,NO_EFFECT,NO_EFFECT,NO_EFFECT,NO_EFFECT,base,regime_aggressive|ruleb_off,0.75,0.8333333333333334,0.7666666666666667,0.4116289367892859,0.09445611805048937,1.0,0.0,1.0,0.0,1.3361956374137662,0.1617019718892838,0,0,0,1,1,0,0,0,0
321350,Bull,Neutral,Neutral,Neutral,Neutral,Neutral,0,0,0,0,NO_EFFECT,NO_EFFECT,NO_EFFECT,NO_EFFECT,base,regime_aggressive|base_pred=Neutral,0.6666666666666666,0.8333333333333334,0.7333333333333333,0.3959764405649153,0.12451873045887973,1.0,0.0,1.0,0.0,0.1475492228073562,1.0,1,0,0,0,0,0,0,0,0
321351,Bear,Neutral,Neutral,Neutral,Neutral,Neutral,0,0,0,0,NO_EFFECT,NO_EFFECT,NO_EFFECT,NO_EFFECT,base,regime_aggressive|base_pred=Neutral,0.6666666666666666,0.8,0.7333333333333333,0.3959764405649153,0.24262949289561997,1.0,0.0,1.0,0.0,0.4710315974789409,1.0,2,1,1,0,0,0,1,1,1
321352,Bear,Neutral,Neutral,Neutral,Neutral,Neutral,0,0,0,0,NO_EFFECT,NO_EFFECT,NO_EFFECT,NO_EFFECT,base,regime_aggressive|base_pred=Neutral,0.6666666666666666,0.8,0.7333333333333333,0.42449729207549325,0.20872814881587953,1.0,0.0,1.0,0.0,2.631632298591285,0.3178425823443532,1,1,2,1,2,1,1,1,1
321353,Bear,Neutral,Neutral,Neutral,Neutral,Neutral,0,0,0,0,NO_EFFECT,NO_EFFECT,NO_EFFECT,NO_EFFECT,base,regime_aggressive|base_pred=Neutral,0.75,0.8,0.7333333333333333,0.4347000757682821,0.20619695209390787,1.0,0.0,1.0,0.0,0.2937389517628617,1.0,2,2,3,1,3,0,1,1,1
321354,Bull,Neutral,Neutral,Neutral,Neutral,Neutral,0,0,0,0,NO_EFFECT,NO_EFFECT,NO_EFFECT,NO_EFFECT,base,regime_aggressive|base_pred=Neutral,0.75,0.8,0.7333333333333333,0.4654298146787207,0.2896716039440228,1.0,0.0,1.0,0.0,0.2802319240854558,0.6927119924988823,2,2,3,0,2,0,1,1,1
321355,Bull,Bull,Bull,Bull,Bull,Bull,0,0,0,0,NO_EFFECT,NO_EFFECT,NO_EFFECT,NO_EFFECT,base,regime_aggressive|base_pred=Bull,0.75,0.8333333333333334,0.7666666666666667,0.47989603926660857,0.22187906593702345,1.0,0.0,1.0,0.0,0.9610319870444072,0.0255024819433777,0,2,2,0,2,0,1,0,0
321358,Bear,Bear,Bear,Bear,Bear,Bear,0,0,0,0,NO_EFFECT,NO_EFFECT,NO_EFFECT,NO_EFFECT,base,regime_aggressive|ruleb_off,0.75,0.8666666666666667,0.7666666666666667,0.4685877997640032,0.092666797482438,1.0,0.0,1.0,0.0,0.6771900066505623,0.195313796923634,1,1,1,1,1,0,1,0,1
321359,Bear,Neutral,Neutral,Neutral,Neutral,Neutral,0,0,0,0,NO_EFFECT,NO_EFFECT,NO_EFFECT,NO_EFFECT,base,regime_aggressive|base_pred=Neutral,0.625,0.9,0.7666666666666667,0.46175653639619024,0.10516813091995492,1.0,0.0,1.0,0.0,0.5070771094815427,0.1671584568194866,1,0,0,0,0,0,0,0,0
321360,Bear,Neutral,Neutral,Neutral,Neutral,Neutral,0,0,0,0,NO_EFFECT,NO_EFFECT,NO_EFFECT,NO_EFFECT,base,regime_aggressive|base_pred=Neutral,0.625,0.8666666666666667,0.7666666666666667,0.46208778437457215,0.02411097055489886,1.0,0.0,1.0,0.0,0.1348892512123711,0.4304379543918298,1,1,0,0,0,0,0,0,0
321361,Bull,Neutral,Neutral,Neutral,Neutral,Neutral,0,0,0,0,NO_EFFECT,NO_EFFECT,NO_EFFECT,NO_EFFECT,base,regime_aggressive|base_pred=Neutral,0.625,0.8666666666666667,0.8,0.4759853527641175,0.0346223563754508,1.0,0.0,1.0,0.0,0.4044602514222788,1.0,2,2,1,0,1,0,1,1,1
321362,Bear,Neutral,Neutral,Neutral,Neutral,Neutral,0,0,0,0,NO_EFFECT,NO_EFFECT,NO_EFFECT,NO_EFFECT,base,regime_aggressive|base_pred=Neutral,0.5714285714285714,0.8666666666666667,0.8,0.5078160321270098,0.11262104154771968,1.0,0.0,1.0,0.0,0.5278639210009715,0.4477716056103756,1,3,2,0,2,0,1,1,1
321363,Bear,Neutral,Neutral,Neutral,Neutral,Neutral,0,0,0,0,NO_EFFECT,NO_EFFECT,NO_EFFECT,NO_EFFECT,base,regime_aggressive|base_pred=Neutral,0.5714285714285714,0.8666666666666667,0.8,0.49395587386654605,0.05057701977997148,1.0,0.0,1.0,0.0,0.1155326658918056,0.0279828480484793,1,3,3,0,2,0,1,0,0
321367,Bear,Neutral,Neutral,Neutral,Neutral,Neutral,0,0,0,0,NO_EFFECT,NO_EFFECT,NO_EFFECT,NO_EFFECT,base,regime_aggressive|base_pred=Neutral,0.5714285714285714,0.8666666666666667,0.8333333333333334,0.4835771502528426,-0.07965746759220133,1.0,0.0,1.0,0.0,0.445926163398326,0.4268444083052337,1,3,3,0,2,0,1,1,1
321368,Bull,Bull,Bull,Bull,Bull,Bull,0,0,0,0,NO_EFFECT,NO_EFFECT,NO_EFFECT,NO_EFFECT,base,regime_aggressive|base_pred=Bull,0.5,0.8666666666666667,0.8333333333333334,0.4910075770200796,-0.07445283384892465,1.0,0.0,1.0,0.0,0.3823138464213116,0.2145323929457498,0,2,2,0,2,0,1,1,1
321369,Bull,Neutral,Neutral,Neutral,Neutral,Neutral,0,0,0,0,NO_EFFECT,NO_EFFECT,NO_EFFECT,NO_EFFECT,base,regime_aggressive|base_pred=Neutral,0.6,0.9,0.8,0.49025196136848775,-0.19113955142967437,1.0,0.0,1.0,0.0,0.194734032937049,0.3009674892553203,0,1,1,1,1,0,1,1,1
321370,Bear,Neutral,Neutral,Neutral,Neutral,Neutral,0,0,0,0,NO_EFFECT,NO_EFFECT,NO_EFFECT,NO_EFFECT,base,regime_aggressive|base_pred=Neutral,0.6,0.9,0.7666666666666667,0.46695087767699844,-0.2149496013789748,1.0,0.0,1.0,0.0,0.1588814655769965,0.2748065804725368,1,1,1,1,1,0,0,0,0
321371,Bull,Bear,Bear,Bear,Bear,Bear,0,0,0,0,NO_EFFECT,NO_EFFECT,NO_EFFECT,NO_EFFECT,base,regime_aggressive|mode=AGGRESSIVE|no_current_edge,0.6,0.9,0.7666666666666667,0.45524265465974517,-0.1599916520737208,1.0,0.0,1.0,0.0,1.2457472309597506,0.2597700865159475,1,1,1,1,1,1,0,0,0
321372,Bear,Bear,Bear,Bear,Bear,Bear,0,0,0,0,NO_EFFECT,NO_EFFECT,NO_EFFECT,NO_EFFECT,base,regime_aggressive|ruleb_off,0.6,0.9,0.7666666666666667,0.4610367379367807,-0.159014333550427,1.0,0.0,1.0,0.0,0.4151955275901855,0.1377372587727716,1,1,1,0,0,0,0,0,0
321373,Bear,Bull,Bull,Bull,Bull,Bull,0,0,0,0,NO_EFFECT,NO_EFFECT,NO_EFFECT,NO_EFFECT,base,regime_aggressive|base_pred=Bull,0.5,0.9,0.7666666666666667,0.46090262427666834,-0.16322634276726572,1.0,0.0,1.0,0.0,0.8765020699047454,0.1711766004546916,0,0,0,0,0,0,0,0,0
321374,Bull,Bull,Bull,Bull,Bull,Bull,0,0,0,0,NO_EFFECT,NO_EFFECT,NO_EFFECT,NO_EFFECT,base,regime_aggressive|base_pred=Bull,0.5,0.8666666666666667,0.7333333333333333,0.43327517762515805,-0.16067437588057104,1.0,0.0,1.0,0.0,0.5574382298073033,0.2220912294775639,0,0,0,0,0,0,0,0,0
321375,Bull,Neutral,Neutral,Neutral,Neutral,Neutral,0,0,0,0,NO_EFFECT,NO_EFFECT,NO_EFFECT,NO_EFFECT,base,regime_aggressive|base_pred=Neutral,0.5,0.8333333333333334,0.7,0.4367512346718418,-0.28257477702896194,1.0,0.0,1.0,0.0,1.1932591090771894,0.367912798134728,0,0,1,0,0,0,1,1,1
321376,Bull,Neutral,Neutral,Neutral,Neutral,Neutral,0,0,0,0,NO_EFFECT,NO_EFFECT,NO_EFFECT,NO_EFFECT,base,regime_aggressive|base_pred=Neutral,0.4,0.8333333333333334,0.6666666666666666,0.4419284973733861,-0.30231949220262555,0.0,0.0,0.0,0.0,0.5939321578625822,0.0770411875430228,2,1,2,1,2,0,1,0,0
321377,Bear,Neutral,Neutral,Neutral,Neutral,Neutral,0,0,0,0,NO_EFFECT,NO_EFFECT,NO_EFFECT,NO_EFFECT,base,regime_aggressive|base_pred=Neutral,0.4,0.8333333333333334,0.6666666666666666,0.41313652211062607,-0.2517727783843041,0.0,0.0,0.0,0.0,0.1451869024494954,0.4150285704069376,1,2,3,0,2,0,1,1,1
321378,Bear,Neutral,Neutral,Neutral,Neutral,Neutral,0,0,0,0,NO_EFFECT,NO_EFFECT,NO_EFFECT,NO_EFFECT,base,regime_aggressive|base_pred=Neutral,0.4,0.8333333333333334,0.7,0.41921449478320366,-0.262662113077915,0.0,0.0,0.0,0.0,0.0373723018074088,0.2087676792113091,0,2,2,0,2,0,1,1,1
321379,Bull,Neutral,Neutral,Neutral,Neutral,Neutral,0,0,0,0,NO_EFFECT,NO_EFFECT,NO_EFFECT,NO_EFFECT,base,regime_aggressive|base_pred=Neutral,0.4,0.8333333333333334,0.7,0.42163325302708565,-0.26715495750390417,0.0,0.0,0.0,0.0,0.1530294290387246,0.1711303212549451,0,1,2,0,1,0,1,0,0
321380,Bull,Bull,Bull,Bull,Bull,Bull,0,0,0,0,NO_EFFECT,NO_EFFECT,NO_EFFECT,NO_EFFECT,base,regime_aggressive|base_pred=Bull,0.4,0.8333333333333334,0.6666666666666666,0.3940042637355839,-0.2451870487667077,0.0,0.0,0.0,0.0,0.0158074904647946,0.4637180672627441,0,0,2,0,1,0,0,0,0
321381,Bear,Neutral,Neutral,Neutral,Neutral,Neutral,0,0,0,0,NO_EFFECT,NO_EFFECT,NO_EFFECT,NO_EFFECT,base,regime_aggressive|base_pred=Neutral,0.4,0.8333333333333334,0.6333333333333333,0.3761281993110087,-0.19003622911131396,0.0,0.0,0.0,0.0,0.298249512374241,1.0,2,1,3,0,1,0,1,1,1
321382,Bear,Neutral,Neutral,Neutral,Neutral,Neutral,0,0,0,0,NO_EFFECT,NO_EFFECT,NO_EFFECT,NO_EFFECT,base,regime_aggressive|base_pred=Neutral,0.4,0.8333333333333334,0.6666666666666666,0.40345205905484255,-0.1199875317044567,0.0,0.0,0.0,0.0,0.3060607415263803,1.0,2,2,3,0,2,0,1,1,1
321383,Bull,Neutral,Neutral,Neutral,Neutral,Neutral,0,0,0,0,NO_EFFECT,NO_EFFECT,NO_EFFECT,NO_EFFECT,base,regime_aggressive|base_pred=Neutral,0.4,0.8333333333333334,0.6666666666666666,0.41331115751697445,-0.005436768213570364,0.0,0.0,0.0,0.0,0.6176312601928657,1.0,2,3,3,0,2,0,1,1,1
321384,Bear,Bull,Bull,Bull,Bull,Bull,0,0,0,0,NO_EFFECT,NO_EFFECT,NO_EFFECT,NO_EFFECT,base,regime_aggressive|base_pred=Bull,0.25,0.8666666666666667,0.6666666666666666,0.43926494534944016,0.07995605996952732,0.0,0.0,0.0,0.0,0.2651023650487332,0.2896934885188526,0,2,2,0,2,0,1,1,1
321385,Bull,Neutral,Neutral,Neutral,Neutral,Neutral,0,0,0,0,NO_EFFECT,NO_EFFECT,NO_EFFECT,NO_EFFECT,base,regime_aggressive|base_pred=Neutral,0.3333333333333333,0.8666666666666667,0.6666666666666666,0.4435313292370925,0.08369682299424214,0.0,0.0,0.0,0.0,0.2224679775426921,1.0,2,2,2,0,2,0,1,1,1
321385,Bull,Bear,Bear,Bear,Bear,Bear,0,0,0,0,NO_EFFECT,NO_EFFECT,NO_EFFECT,NO_EFFECT,base,regime_aggressive|ruleb_off,0.3333333333333333,0.9,0.6666666666666666,0.4435313292370925,0.1785099032740331,0.0,0.0,0.0,0.0,0.2653251252759219,0.3319228235541932,1,1,1,0,0,0,1,1,1
321389,Bull,Neutral,Neutral,Neutral,Neutral,Neutral,0,0,0,0,NO_EFFECT,NO_EFFECT,NO_EFFECT,NO_EFFECT,base,regime_aggressive|base_pred=Neutral,0.5,0.9,0.6666666666666666,0.42126209002223214,0.25014600749799903,0.0,0.0,0.0,0.0,0.2291430486511672,0.7671509698874142,2,2,2,1,3,0,1,1,1
321390,Bear,Neutral,Neutral,Neutral,Neutral,Neutral,0,0,0,0,NO_EFFECT,NO_EFFECT,NO_EFFECT,NO_EFFECT,base,regime_aggressive|base_pred=Neutral,0.5,0.9,0.6666666666666666,0.4362390362736675,0.2804989480429174,0.0,0.0,0.0,0.0,0.0456207102761254,0.8634599845709197,1,1,1,0,0,0,1,1,1
321391,Bear,Neutral,Neutral,Neutral,Neutral,Neutral,0,0,0,0,NO_EFFECT,NO_EFFECT,NO_EFFECT,NO_EFFECT,base,regime_aggressive|base_pred=Neutral,0.5,0.9,0.6666666666666666,0.4316877024260315,0.38552979461831305,0.0,0.0,0.0,0.0,0.1933215200588165,1.0,2,2,2,0,2,0,1,1,1
321392,Bull,Bear,Bear,Bear,Bear,Bear,0,0,0,0,NO_EFFECT,NO_EFFECT,NO_EFFECT,NO_EFFECT,base,regime_aggressive|ruleb_off,0.5,0.9,0.6666666666666666,0.4419306360094021,0.49449584605501523,0.0,0.0,0.0,0.0,0.6076258522298303,0.0228703850667154,1,1,1,0,0,0,1,0,0
321392,Bull,Neutral,Neutral,Neutral,Neutral,Neutral,0,0,0,0,NO_EFFECT,NO_EFFECT,NO_EFFECT,NO_EFFECT,base,regime_aggressive|base_pred=Neutral,0.6,0.9,0.7,0.44184289944684674,0.4285002985694441,0.0,0.0,0.0,0.0,0.5341448537292308,1.0,2,2,2,0,2,0,1,1,1
321393,Bear,Neutral,Neutral,Neutral,Neutral,Neutral,0,0,0,0,NO_EFFECT,NO_EFFECT,NO_EFFECT,NO_EFFECT,base,regime_aggressive|base_pred=Neutral,0.75,0.9,0.7,0.46866577288272554,0.38826598841562576,0.0,0.0,0.0,0.0,0.4656585472312144,0.0716196271117409,0,1,1,0,0,0,1,0,0
321394,Bull,Neutral,Neutral,Neutral,Neutral,Neutral,0,0,0,0,NO_EFFECT,NO_EFFECT,NO_EFFECT,NO_EFFECT,base,regime_aggressive|base_pred=Neutral,0.75,0.9333333333333333,0.6666666666666666,0.46548114522580075,0.25378587396777436,0.0,0.0,0.0,0.0,0.2018258482694364,0.1758045122410332,1,2,1,0,1,0,0,0,0
321395,Bull,Neutral,Neutral,Neutral,Neutral,Neutral,0,0,0,0,NO_EFFECT,NO_EFFECT,NO_EFFECT,NO_EFFECT,base,regime_aggressive|base_pred=Neutral,0.75,0.9333333333333333,0.6666666666666666,0.45699336382077416,0.14288822291146908,0.0,0.0,0.0,0.0,0.6225756000912952,1.0,2,2,1,0,1,0,0,0,0
321396,Bull,Neutral,Neutral,Neutral,Neutral,Neutral,0,0,0,0,NO_EFFECT,NO_EFFECT,NO_EFFECT,NO_EFFECT,base,regime_aggressive|base_pred=Neutral,0.75,0.9333333333333333,0.6666666666666666,0.45699336382077416,0.24943419963364116,0.0,0.0,0.0,0.0,0.2795799593222909,0.1348792068967578,0,2,1,1,2,0,1,0,0
321397,Bull,Neutral,Neutral,Neutral,Neutral,Neutral,0,0,0,0,NO_EFFECT,NO_EFFECT,NO_EFFECT,NO_EFFECT,base,regime_aggressive|base_pred=Neutral,0.75,0.9333333333333333,0.6333333333333333,0.4465636171969869,0.13531070060383582,0.0,0.0,0.0,0.0,1.135680125478757,1.0,2,2,2,1,3,1,1,1,1
321398,Bull,Neutral,Neutral,Neutral,Neutral,Neutral,0,0,0,0,NO_EFFECT,NO_EFFECT,NO_EFFECT,NO_EFFECT,base,regime_aggressive|base_pred=Neutral,0.75,0.9333333333333333,0.6333333333333333,0.47896418892870424,0.18692141947313085,0.0,0.0,0.0,0.0,0.1809451242315845,1.0,2,2,2,0,2,0,1,1,1
321399,Bull,Neutral,Neutral,Neutral,Neutral,Neutral,0,0,0,0,NO_EFFECT,NO_EFFECT,NO_EFFECT,NO_EFFECT,base,regime_aggressive|base_pred=Neutral,0.75,0.9333333333333333,0.6333333333333333,0.4980693753185298,0.1931909944052802,0.0,0.0,0.0,0.0,0.1820217867389146,0.7489580622851946,2,3,3,0,2,0,1,1,1
321400,Bull,Bear,Bear,Bear,Bear,Bear,0,0,0,0,NO_EFFECT,NO_EFFECT,NO_EFFECT,NO_EFFECT,base,regime_aggressive|ruleb_off,0.75,0.9333333333333333,0.6666666666666666,0.5158835642965113,0.14929442259544928,0.0,0.0,0.0,0.0,1.1807639866456157,0.1184595665145511,0,2,2,0,2,0,1,0,0
321402,Bear,Neutral,Neutral,Neutral,Neutral,Neutral,0,0,0,0,NO_EFFECT,NO_EFFECT,NO_EFFECT,NO_EFFECT,base,regime_aggressive|base_pred=Neutral,0.8,0.9333333333333333,0.6666666666666666,0.5097999668718189,0.026188753709670443,0.0,0.0,0.0,0.0,0.0991502404303901,0.2007150236723786,0,1,2,0,1,0,1,1,1
321403,Bull,Neutral,Neutral,Neutral,Neutral,Neutral,0,0,0,0,NO_EFFECT,NO_EFFECT,NO_EFFECT,NO_EFFECT,base,regime_aggressive|base_pred=Neutral,0.8,0.9333333333333333,0.6333333333333333,0.5073302483118137,0.056570027340527906,0.0,0.0,0.0,0.0,0.5499055340624182,0.017658374871733,1,1,2,0,1,0,1,0,0
321404,Bull,Neutral,Neutral,Neutral,Neutral,Neutral,0,0,0,0,NO_EFFECT,NO_EFFECT,NO_EFFECT,NO_EFFECT,base,regime_aggressive|base_pred=Neutral,0.75,0.9333333333333333,0.6333333333333333,0.49925985792367317,-0.07867563084650164,0.0,0.0,0.0,0.0,1.0892429595314752,0.4968165317767496,1,1,3,1,2,1,1,1,1
321405,Bear,Neutral,Neutral,Neutral,Neutral,Neutral,0,0,0,0,NO_EFFECT,NO_EFFECT,NO_EFFECT,NO_EFFECT,base,regime_aggressive|base_pred=Neutral,1.0,0.9333333333333333,0.6333333333333333,0.5112291670238058,-0.032850058796949244,0.0,0.0,0.0,0.0,0.1181829786637536,0.0980525197739251,1,2,2,1,3,0,1,0,0
321406,Bull,Neutral,Neutral,Neutral,Neutral,Neutral,0,0,0,0,NO_EFFECT,NO_EFFECT,NO_EFFECT,NO_EFFECT,base,regime_aggressive|base_pred=Neutral,1.0,0.9666666666666667,0.6666666666666666,0.5087916976677802,-0.04085665363297708,0.0,0.0,0.0,0.0,2.2309585482616967,1.0,2,2,2,0,2,1,1,1,1
321410,Bull,Bear,Bear,Bear,Bear,Bear,0,0,0,0,NO_EFFECT,NO_EFFECT,NO_EFFECT,NO_EFFECT,base,regime_aggressive|ruleb_off,1.0,1.0,0.7,0.534721990018528,-0.07975209215909884,0.0,0.0,0.0,0.0,0.1669213873719854,0.364101366881164,0,2,1,0,1,0,1,1,1
321411,Bear,Neutral,Neutral,Neutral,Neutral,Neutral,0,0,0,0,NO_EFFECT,NO_EFFECT,NO_EFFECT,NO_EFFECT,base,regime_aggressive|base_pred=Neutral,1.0,1.0,0.7,0.534594942310076,-0.045178196598759546,0.0,0.0,0.0,0.0,0.3736497762656654,0.2182967970269875,0,1,2,0,1,0,1,1,1
321412,Bull,Neutral,Neutral,Neutral,Neutral,Neutral,0,0,0,0,NO_EFFECT,NO_EFFECT,NO_EFFECT,NO_EFFECT,base,regime_aggressive|base_pred=Neutral,1.0,1.0,0.6666666666666666,0.5393034626262081,-0.16949645751890985,0.0,0.0,0.0,0.0,0.4881539240232087,0.1776763753056695,0,0,1,0,0,0,0,0,0
321413,Bull,Bull,Bull,Bull,Bull,Bull,0,0,0,0,NO_EFFECT,NO_EFFECT,NO_EFFECT,NO_EFFECT,base,regime_aggressive|base_pred=Bull,1.0,1.0,0.6333333333333333,0.5313917227894992,-0.28097739146799594,0.0,0.0,0.0,0.0,0.5360504326345108,0.1403358410693194,0,0,1,0,0,0,0,0,0
321414,Bull,Neutral,Neutral,Neutral,Neutral,Neutral,0,0,0,0,NO_EFFECT,NO_EFFECT,NO_EFFECT,NO_EFFECT,base,regime_aggressive|base_pred=Neutral,1.0,1.0,0.6333333333333333,0.5291106615180995,-0.3688491327432777,0.0,0.0,0.0,0.0,0.060591668172492,0.4388545568918601,0,0,0,0,0,0,0,0,0
321415,Bear,Neutral,Neutral,Neutral,Neutral,Neutral,0,0,0,0,NO_EFFECT,NO_EFFECT,NO_EFFECT,NO_EFFECT,base,regime_aggressive|base_pred=Neutral,1.0,0.9666666666666667,0.6333333333333333,0.5380348027059968,-0.3341760959685271,0.0,0.0,0.0,0.0,0.3413701234458131,1.0,2,1,1,0,0,0,1,1,1
321416,Bull,Neutral,Neutral,Neutral,Neutral,Neutral,0,0,0,0,NO_EFFECT,NO_EFFECT,NO_EFFECT,NO_EFFECT,base,regime_aggressive|base_pred=Neutral,1.0,0.9666666666666667,0.6666666666666666,0.555910867130572,-0.24109744615624673,0.0,0.0,0.0,0.0,0.5445385035473009,0.5362699496054254,2,2,2,0,2,0,1,1,1
321417,Bear,Bear,Bear,Bear,Bear,Bear,0,0,0,0,NO_EFFECT,NO_EFFECT,NO_EFFECT,NO_EFFECT,base,regime_aggressive|ruleb_off,1.0,0.9666666666666667,0.6666666666666666,0.540453198784086,-0.1401192074264641,0.0,0.0,0.0,0.0,0.7568667183404614,0.0429683214868442,1,2,2,1,3,0,1,0,0
321418,Bear,Bear,Bear,Bear,Bear,Bear,0,0,0,0,NO_EFFECT,NO_EFFECT,NO_EFFECT,NO_EFFECT,base,regime_aggressive|ruleb_off,0.8,0.9666666666666667,0.6666666666666666,0.5085521428336477,-0.1603448550442922,0.0,0.0,0.0,0.0,0.6440084797777672,0.2204881869002805,1,1,1,0,0,0,1,1,1
321419,Bear,Bull,Bull,Bull,Bull,Bull,0,0,0,0,NO_EFFECT,NO_EFFECT,NO_EFFECT,NO_EFFECT,base,regime_aggressive|base_pred=Bull,0.6666666666666666,0.9666666666666667,0.6666666666666666,0.4825684157303236,-0.103003914320353,0.0,0.0,0.0,0.0,0.4373221835285221,0.0832610077070258,0,0,0,0,0,0,0,0,0
321420,Bull,Bull,Bull,Bull,Bull,Bull,0,0,0,0,NO_EFFECT,NO_EFFECT,NO_EFFECT,NO_EFFECT,base,regime_aggressive|base_pred=Bull,0.6666666666666666,0.9333333333333333,0.6666666666666666,0.47568733303659616,-0.2301931391237076,0.0,0.0,0.0,0.0,0.5552373430182342,0.0649266649773816,0,0,0,0,0,0,0,0,0
321421,Bull,Neutral,Neutral,Neutral,Neutral,Neutral,0,0,0,0,NO_EFFECT,NO_EFFECT,NO_EFFECT,NO_EFFECT,base,regime_aggressive|base_pred=Neutral,0.6666666666666666,0.9,0.6333333333333333,0.4445182218691755,-0.22831567765814398,0.0,0.0,0.0,0.0,0.2202941327923326,0.4510250400921429,1,1,1,0,0,0,0,0,0
321422,Bull,Bull,Bull,Bull,Bull,Bull,0,0,0,0,NO_EFFECT,NO_EFFECT,NO_EFFECT,NO_EFFECT,base,regime_aggressive|base_pred=Bull,0.6,0.9,0.6333333333333333,0.44848829575377386,-0.19936155202526828,0.0,0.0,0.0,0.0,0.9199202955933288,0.0705781713851018,0,1,1,1,1,0,0,0,0
321422,Bull,Bull,Bull,Bull,Bull,Bull,0,0,0,0,NO_EFFECT,NO_EFFECT,NO_EFFECT,NO_EFFECT,base,regime_aggressive|base_pred=Bull,0.6,0.9,0.6,0.4252692024703633,-0.1805976426882378,0.0,0.0,0.0,0.0,1.2355903427342128,0.1351996373616776,0,1,1,0,0,0,0,0,0
321424,Bull,Neutral,Neutral,Neutral,Neutral,Neutral,0,0,0,0,NO_EFFECT,NO_EFFECT,NO_EFFECT,NO_EFFECT,base,regime_aggressive|base_pred=Neutral,0.6,0.9,0.5666666666666667,0.4009938575633887,-0.14495505588392193,0.0,0.0,0.0,0.0,2.1527923954981816,1.0,1,0,0,0,0,1,0,0,0
321425,Bear,Neutral,Neutral,Neutral,Neutral,Neutral,0,0,0,0,NO_EFFECT,NO_EFFECT,NO_EFFECT,NO_EFFECT,base,regime_aggressive|base_pred=Neutral,0.6,0.8666666666666667,0.5666666666666667,0.4009938575633887,-0.060783239417700974,0.0,0.0,0.0,0.0,0.0788327690424921,0.5613353813045607,2,1,1,0,0,0,0,0,0
321426,Bear,Bull,Bull,Bull,Bull,Bull,0,0,0,0,NO_EFFECT,NO_EFFECT,NO_EFFECT,NO_EFFECT,base,regime_aggressive|base_pred=Bull,0.5,0.8666666666666667,0.5666666666666667,0.4189426907713168,-0.1535061820339092,0.0,0.0,0.0,0.0,0.3735690916037129,0.2923284392711382,0,1,1,0,0,0,0,0,0
321427,Bull,Neutral,Neutral,Neutral,Neutral,Neutral,0,0,0,0,NO_EFFECT,NO_EFFECT,NO_EFFECT,NO_EFFECT,base,regime_aggressive|base_pred=Neutral,0.5,0.8666666666666667,0.5333333333333333,0.3953536387470214,-0.15471383054760918,0.0,0.0,0.0,0.0,0.0548232847122562,0.7468196416725762,2,2,1,0,1,0,0,0,0
321428,Bear,Neutral,Neutral,Neutral,Neutral,Neutral,0,0,0,0,NO_EFFECT,NO_EFFECT,NO_EFFECT,NO_EFFECT,base,regime_aggressive|base_pred=Neutral,0.5,0.8666666666666667,0.5666666666666667,0.4178603058990493,-0.08289613324779121,0.0,0.0,0.0,0.0,1.1584930392782553,0.6776236826107535,2,2,1,0,1,1,1,1,1
321428,Bear,Neutral,Neutral,Neutral,Neutral,Neutral,0,0,0,0,NO_EFFECT,NO_EFFECT,NO_EFFECT,NO_EFFECT,base,regime_aggressive|base_pred=Neutral,0.5,0.8666666666666667,0.5666666666666667,0.43458761157804005,-0.03941676740970618,0.0,0.0,0.0,0.0,0.5433008618929307,0.5603282144601429,2,3,2,0,2,0,1,1,1
321430,Bull,Bull,Bull,Bull,Bull,Bull,0,0,0,0,NO_EFFECT,NO_EFFECT,NO_EFFECT,NO_EFFECT,base,regime_aggressive|base_pred=Bull,0.5,0.8666666666666667,0.5666666666666667,0.41993188539337806,0.05412690288025418,0.0,0.0,0.0,0.0,0.9553571609794744,0.0644756818001476,0,2,2,0,2,0,1,0,0
321430,Bull,Bull,Bull,Bull,Bull,Bull,0,0,0,0,NO_EFFECT,NO_EFFECT,NO_EFFECT,NO_EFFECT,base,regime_aggressive|base_pred=Bull,0.5,0.8666666666666667,0.5666666666666667,0.417585101223491,0.05757943165849966,0.0,0.0,0.0,0.0,1.0009409350550411,0.0061782951565858,0,1,1,0,0,0,1,0,0
321431,Bull,Neutral,Neutral,Neutral,Neutral,Neutral,0,0,0,0,NO_EFFECT,NO_EFFECT,NO_EFFECT,NO_EFFECT,base,regime_aggressive|base_pred=Neutral,0.5,0.8666666666666667,0.5333333333333333,0.3844577110620439,0.04054350516033689,0.0,0.0,0.0,0.0,0.4144524686325894,0.3246803248869255,0,0,0,0,0,0,0,0,0
321431,Bull,Neutral,Neutral,Neutral,Neutral,Neutral,0,0,0,0,NO_EFFECT,NO_EFFECT,NO_EFFECT,NO_EFFECT,base,regime_aggressive|base_pred=Neutral,0.5,0.8333333333333334,0.5,0.3619470552249414,0.11242481194126402,0.0,0.0,0.0,0.0,0.2315447962209873,1.0,2,1,1,0,0,0,0,0,0
321432,Bull,Bull,Bull,Bull,Bull,Bull,0,0,0,0,NO_EFFECT,NO_EFFECT,NO_EFFECT,NO_EFFECT,base,regime_aggressive|base_pred=Bull,0.5,0.8333333333333334,0.5,0.3703151198154349,0.22959276945127216,0.0,0.0,0.0,0.0,0.7491866499349271,0.2423436010433473,0,1,1,1,1,0,0,0,0
321433,Bull,Bull,Bull,Bull,Bull,Bull,0,0,0,0,NO_EFFECT,NO_EFFECT,NO_EFFECT,NO_EFFECT,base,regime_aggressive|base_pred=Bull,0.3333333333333333,0.8333333333333334,0.5,0.37444458763306143,0.10975010788133444,0.0,0.0,0.0,0.0,0.5858102884376422,0.1211762984622341,0,1,1,0,0,0,0,0,0
321434,Bull,Bear,Bear,Bear,Bear,Bear,0,0,0,0,NO_EFFECT,NO_EFFECT,NO_EFFECT,NO_EFFECT,base,regime_aggressive|ruleb_off,0.3333333333333333,0.8333333333333334,0.5,0.37179329679272327,0.047703181715492704,0.0,0.0,0.0,0.0,1.4511264839875366,0.1853674878169791,0,0,0,0,0,0,0,0,0
321435,Bull,Neutral,Neutral,Neutral,Neutral,Neutral,0,0,0,0,NO_EFFECT,NO_EFFECT,NO_EFFECT,NO_EFFECT,base,regime_aggressive|base_pred=Neutral,0.5,0.8,0.4666666666666667,0.3773836005575648,0.023273583350106486,0.0,0.0,0.0,0.0,0.2307529329791577,1.0,2,1,0,0,0,0,0,0,0
321436,Bull,Neutral,Neutral,Neutral,Neutral,Neutral,0,0,0,0,NO_EFFECT,NO_EFFECT,NO_EFFECT,NO_EFFECT,base,regime_aggressive|base_pred=Neutral,0.5,0.8,0.4666666666666667,0.39415638283167315,0.03609146368805766,0.0,0.0,0.0,0.0,0.3487269663273764,1.0,2,2,1,0,1,0,0,0,0
321440,Bear,Bull,Bull,Bull,Bull,Bull,0,0,0,0,NO_EFFECT,NO_EFFECT,NO_EFFECT,NO_EFFECT,base,regime_aggressive|base_pred=Bull,0.5,0.8,0.4666666666666667,0.424221298839209,0.03935053728514076,0.0,0.0,0.0,0.0,0.9003540642515873,0.0314217536012615,0,2,1,0,1,0,1,0,0
321441,Bull,Neutral,Neutral,Neutral,Neutral,Neutral,0,0,0,0,NO_EFFECT,NO_EFFECT,NO_EFFECT,NO_EFFECT,base,regime_aggressive|base_pred=Neutral,0.5,0.8,0.43333333333333335,0.3919353572925844,0.00844348047624549,0.0,0.0,0.0,0.0,0.3047538732607791,0.5797830936281785,2,2,2,0,2,0,1,1,1
321442,Bear,Bull,Bull,Bull,Bull,Bull,0,0,0,0,NO_EFFECT,NO_EFFECT,NO_EFFECT,NO_EFFECT,base,regime_aggressive|base_pred=Bull,0.3333333333333333,0.8,0.4666666666666667,0.39912474818415156,0.07495550591309952,0.0,0.0,0.0,0.0,1.08409660387224,0.1434536014010893,0,1,1,0,0,0,1,0,0
321443,Bull,Bear,Bear,Bear,Bear,Bear,0,0,0,0,NO_EFFECT,NO_EFFECT,NO_EFFECT,NO_EFFECT,base,regime_aggressive|ruleb_off,0.3333333333333333,0.8,0.4666666666666667,0.39662997499662167,0.09928896163106982,0.0,0.0,0.0,0.0,0.2941300812781264,0.078278950751563,1,1,1,0,0,0,0,0,0
321446,Unknown,Neutral,Neutral,Neutral,Neutral,Neutral,0,0,0,0,NO_EFFECT,NO_EFFECT,NO_EFFECT,NO_EFFECT,base,regime_aggressive|base_pred=Neutral,0.5,0.8,0.5,0.3933167275114847,0.06729862673847076,0.0,0.0,0.0,0.0,0.6301195101241319,0.051567895908641,1,1,1,0,0,0,0,0,0
321453,Bull,Neutral,Neutral,Neutral,Neutral,Neutral,0,0,0,0,NO_EFFECT,NO_EFFECT,NO_EFFECT,NO_EFFECT,base,regime_aggressive|base_pred=Neutral,0.5,0.8,0.5333333333333333,0.3903577960061288,-0.07052779161719913,0.0,0.0,0.0,0.0,0.1921300850735861,0.6090617589432423,2,2,1,0,1,0,1,1,1
321453,Bull,Neutral,Neutral,Neutral,Neutral,Neutral,0,0,0,0,NO_EFFECT,NO_EFFECT,NO_EFFECT,NO_EFFECT,base,regime_aggressive|base_pred=Neutral,0.5,0.8333333333333334,0.5666666666666667,0.3960313694078416,-0.024030428034783946,0.0,0.0,0.0,0.0,0.0949262529265979,0.2325375042218446,1,3,2,1,3,0,1,1,1
321455,Bull,Neutral,Neutral,Neutral,Neutral,Neutral,0,0,0,0,NO_EFFECT,NO_EFFECT,NO_EFFECT,NO_EFFECT,base,regime_aggressive|base_pred=Neutral,0.5,0.8333333333333334,0.5666666666666667,0.3704492862152365,0.031046877618065294,0.0,0.0,0.0,0.0,0.2621133113552787,1.0,2,3,2,0,2,0,1,1,1
321456,Bull,Bear,Bear,Bear,Bear,Bear,0,0,0,0,NO_EFFECT,NO_EFFECT,NO_EFFECT,NO_EFFECT,base,regime_aggressive|ruleb_off,0.5,0.8333333333333334,0.5666666666666667,0.3859069545617223,0.13005525192578976,0.0,0.0,0.0,0.0,0.5566245887366676,0.4032550180251666,1,2,2,0,2,0,1,1,1
321457,Bear,Bear,Bear,Bear,Bear,Bear,0,0,0,0,NO_EFFECT,NO_EFFECT,NO_EFFECT,NO_EFFECT,base,regime_aggressive|ruleb_off,0.75,0.8333333333333334,0.5666666666666667,0.3979165111129997,0.02252916980264863,0.0,0.0,0.0,0.0,0.7618745301952004,0.0946229152862459,1,1,1,0,0,0,1,0,0
321458,Bear,Bull,Bull,Bull,Bull,Bull,0,0,0,0,NO_EFFECT,NO_EFFECT,NO_EFFECT,NO_EFFECT,base,regime_aggressive|base_pred=Bull,0.75,0.8333333333333334,0.5666666666666667,0.3937210020591985,-0.1069841293237127,0.0,0.0,0.0,0.0,0.4006590499266167,0.2505627207713698,0,0,0,0,0,0,0,0,0
321459,Bull,Bull,Bull,Bull,Bull,Bull,0,0,0,0,NO_EFFECT,NO_EFFECT,NO_EFFECT,NO_EFFECT,base,regime_aggressive|base_pred=Bull,0.75,0.8333333333333334,0.5666666666666667,0.39929772582801,-0.08247806990141371,0.0,0.0,0.0,0.0,0.9808407900454768,0.2498147019857998,0,0,0,0,0,0,0,0,0
321459,Bull,Bull,Bull,Bull,Bull,Bull,0,0,0,0,NO_EFFECT,NO_EFFECT,NO_EFFECT,NO_EFFECT,base,regime_aggressive|base_pred=Bull,0.75,0.8333333333333334,0.5666666666666667,0.40546066039495726,-0.14121773049819147,0.0,0.0,0.0,0.0,0.8761429230598878,0.1058811092226503,0,0,0,0,0,0,0,0,0
321461,Bear,Neutral,Neutral,Neutral,Neutral,Neutral,0,0,0,0,NO_EFFECT,NO_EFFECT,NO_EFFECT,NO_EFFECT,base,regime_aggressive|base_pred=Neutral,0.75,0.8,0.5333333333333333,0.3939558626993075,-0.12959640778148268,0.0,0.0,0.0,0.0,0.8928392423586047,1.0,1,0,0,0,0,0,0,0,0
321463,Bull,Bull,Bull,Bull,Bull,Bull,0,0,0,0,NO_EFFECT,NO_EFFECT,NO_EFFECT,NO_EFFECT,base,regime_aggressive|base_pred=Bull,0.75,0.7666666666666667,0.5666666666666667,0.42493659031980413,-0.037809341824962206,0.0,0.0,0.0,0.0,0.97975714295535,0.2443097325581487,0,0,0,1,1,0,0,0,0
321464,Bull,Neutral,Neutral,Neutral,Neutral,Neutral,0,0,0,0,NO_EFFECT,NO_EFFECT,NO_EFFECT,NO_EFFECT,base,regime_aggressive|base_pred=Neutral,0.75,0.7666666666666667,0.5666666666666667,0.4285735934930198,-0.014353571087359573,0.0,0.0,0.0,0.0,0.3979975229176489,1.0,2,1,1,0,0,0,0,0,0
321465,Bear,Bear,Bear,Bear,Bear,Bear,0,0,0,0,NO_EFFECT,NO_EFFECT,NO_EFFECT,NO_EFFECT,base,regime_aggressive|mode=AGGRESSIVE|no_current_edge,0.75,0.8,0.5666666666666667,0.4285735934930198,0.044287165071154266,0.0,0.0,0.0,0.0,1.4759078175775358,0.2486709921445306,1,1,1,0,0,1,0,0,0
321466,Bear,Bear,Bear,Bear,Bear,Bear,0,0,0,0,NO_EFFECT,NO_EFFECT,NO_EFFECT,NO_EFFECT,base,regime_aggressive|mode=AGGRESSIVE|no_current_edge,0.6,0.8,0.5666666666666667,0.4181514471876854,0.06234040771755872,0.0,0.0,0.0,0.0,2.058079041571545,0.2675070331357913,1,1,1,0,0,1,0,0,0
321467,Bear,Bull,Bull,Bull,Bull,Bull,0,0,0,0,NO_EFFECT,NO_EFFECT,NO_EFFECT,NO_EFFECT,base,regime_aggressive|base_pred=Bull,0.5,0.8,0.6,0.4173240669831738,-0.046292467005305316,0.0,0.0,0.0,0.0,0.7160896725654311,0.0665903751155373,0,0,0,0,0,0,0,0,0
321468,Bull,Bear,Bear,Bear,Bear,Bear,0,0,0,0,NO_EFFECT,NO_EFFECT,NO_EFFECT,NO_EFFECT,base,regime_aggressive|ruleb_off,0.5,0.7666666666666667,0.5666666666666667,0.39464975809793923,-0.06278070011389769,0.0,0.0,0.0,0.0,0.7515970786844264,0.0982203302063661,1,0,0,1,1,0,0,0,0
321469,Bear,Bull,Bull,Bull,Bull,Bull,0,0,0,0,NO_EFFECT,NO_EFFECT,NO_EFFECT,NO_EFFECT,base,regime_aggressive|base_pred=Bull,0.5714285714285714,0.7666666666666667,0.5666666666666667,0.37533631301779297,-0.03327092025566036,0.0,0.0,0.0,0.0,3.0749704229820054,0.0374477783658509,0,0,0,1,1,0,0,0,0
321470,Bull,Neutral,Neutral,Neutral,Neutral,Neutral,0,0,0,0,NO_EFFECT,NO_EFFECT,NO_EFFECT,NO_EFFECT,base,regime_aggressive|base_pred=Neutral,0.5714285714285714,0.7666666666666667,0.5333333333333333,0.3579069651479832,-0.039094139811773565,0.0,0.0,0.0,0.0,0.1790702647431317,1.0,2,1,1,1,1,0,0,0,0
321471,Bear,Bear,Bear,Bear,Bear,Bear,0,0,0,0,NO_EFFECT,NO_EFFECT,NO_EFFECT,NO_EFFECT,base,regime_aggressive|ruleb_off,0.5714285714285714,0.7666666666666667,0.5666666666666667,0.3890911090879783,0.026657438980363823,0.0,0.0,0.0,0.0,4.088577846636326,0.0290682622038252,1,1,1,0,0,0,1,0,0
321472,Bear,Neutral,Neutral,Neutral,Neutral,Neutral,0,0,0,0,NO_EFFECT,NO_EFFECT,NO_EFFECT,NO_EFFECT,base,regime_aggressive|base_pred=Neutral,0.5,0.7666666666666667,0.6,0.38985410798955294,0.013991013575178068,0.0,0.0,0.0,0.0,1.7929828239939525,1.0,2,2,2,0,2,1,1,1,1
321473,Bull,Neutral,Neutral,Neutral,Neutral,Neutral,0,0,0,0,NO_EFFECT,NO_EFFECT,NO_EFFECT,NO_EFFECT,base,regime_aggressive|base_pred=Neutral,0.5,0.8,0.6333333333333333,0.41236476382665543,-0.019774970180475693,0.0,0.0,0.0,0.0,1.6948384798561165,0.640229563201597,2,2,2,0,2,1,1,1,1
321475,Bull,Neutral,Neutral,Neutral,Neutral,Neutral,0,0,0,0,NO_EFFECT,NO_EFFECT,NO_EFFECT,NO_EFFECT,base,regime_aggressive|base_pred=Neutral,0.5,0.8,0.6333333333333333,0.40037241593337536,0.05760152625596182,0.0,0.0,0.0,0.0,0.7190825193920318,0.010285471431424,1,3,3,1,3,0,1,0,0
321476,Bear,Bear,Bear,Bear,Bear,Bear,0,0,0,0,NO_EFFECT,NO_EFFECT,NO_EFFECT,NO_EFFECT,base,regime_aggressive|ruleb_off,0.5,0.8,0.6666666666666666,0.3926371449463112,-0.07925274654872844,0.0,0.0,0.0,0.0,1.4703542186925915,0.3178384480973643,0,2,2,1,3,0,1,1,1
321477,Bull,Neutral,Neutral,Neutral,Neutral,Neutral,0,0,0,0,NO_EFFECT,NO_EFFECT,NO_EFFECT,NO_EFFECT,base,regime_aggressive|base_pred=Neutral,0.4444444444444444,0.8,0.6666666666666666,0.3991925499341489,-0.07871073563755987,0.0,0.0,0.0,0.0,1.2485547476953798,1.0,2,2,2,1,3,1,1,1,1
321478,Bear,Neutral,Neutral,Neutral,Neutral,Neutral,0,0,0,0,NO_EFFECT,NO_EFFECT,NO_EFFECT,NO_EFFECT,base,regime_aggressive|base_pred=Neutral,0.375,0.8333333333333334,0.7,0.4263469670069162,-0.0095684162170796,0.0,0.0,0.0,0.0,3.144924310108763,0.0080880957065427,1,1,2,1,2,0,1,0,0
321479,Bear,Neutral,Neutral,Neutral,Neutral,Neutral,0,0,0,0,NO_EFFECT,NO_EFFECT,NO_EFFECT,NO_EFFECT,base,regime_aggressive|base_pred=Neutral,0.375,0.8333333333333334,0.7,0.39328323686380096,0.03125183708624413,0.0,0.0,0.0,0.0,0.8326432779085735,1.0,2,2,3,1,3,0,1,1,1
321480,Bear,Bear,Bear,Bear,Bear,Bear,0,0,0,0,NO_EFFECT,NO_EFFECT,NO_EFFECT,NO_EFFECT,base,regime_aggressive|mode=AGGRESSIVE|no_current_edge,0.375,0.8333333333333334,0.7,0.39328323686380096,0.1665187875552892,0.0,0.0,0.0,0.0,2.771633169550114,0.1608092361315853,1,1,2,0,1,1,1,0,0
321481,Bear,Neutral,Neutral,Neutral,Neutral,Neutral,0,0,0,0,NO_EFFECT,NO_EFFECT,NO_EFFECT,NO_EFFECT,base,regime_aggressive|base_pred=Neutral,0.3333333333333333,0.8333333333333334,0.7333333333333333,0.3975961529481451,0.17855363209363306,0.0,0.0,0.0,0.0,0.4315975114022876,1.0,1,1,1,0,0,0,0,0,0
321482,Bear,Bear,Bear,Bear,Bear,Bear,0,0,0,0,NO_EFFECT,NO_EFFECT,NO_EFFECT,NO_EFFECT,base,regime_aggressive|ruleb_off,0.3333333333333333,0.8333333333333334,0.7333333333333333,0.4116033831605392,0.15754278677504202,0.0,0.0,0.0,0.0,2.683002348041555,0.0900857472172299,1,0,0,0,0,0,0,0,0
321483,Bear,Bear,Bear,Bear,Bear,Bear,0,0,0,0,NO_EFFECT,NO_EFFECT,NO_EFFECT,NO_EFFECT,base,regime_aggressive|ruleb_off,0.3,0.8,0.7666666666666667,0.4098244546877439,0.1693638022362457,0.0,0.0,0.0,0.0,2.1855130762633053,0.1561602068762233,0,0,0,0,0,0,0,0,0
321484,Bull,Neutral,Neutral,Neutral,Neutral,Neutral,0,0,0,0,NO_EFFECT,NO_EFFECT,NO_EFFECT,NO_EFFECT,base,persist_AGGRESSIVE|regime_balanced|base_pred=Neutral,0.2,0.7666666666666667,0.7333333333333333,0.4124204965585659,0.0388937704614461,0.0,0.0,0.0,0.0,1.3756556309963344,1.0,2,1,1,0,0,1,0,0,0
321485,Bear,Neutral,Neutral,Neutral,Neutral,Neutral,0,0,0,0,NO_EFFECT,NO_EFFECT,NO_EFFECT,NO_EFFECT,base,persist_AGGRESSIVE|regime_balanced|base_pred=Neutral,0.2,0.7666666666666667,0.7333333333333333,0.4440349000282779,0.04543773077663865,0.0,0.0,0.0,0.0,0.0952164222690044,1.0,2,2,1,0,1,0,0,0,0
321486,Bear,Bull,Bull,Bull,Bull,Bull,0,0,0,0,NO_EFFECT,NO_EFFECT,NO_EFFECT,NO_EFFECT,base,regime_balanced|base_pred=Bull,0.2,0.7666666666666667,0.7333333333333333,0.45706617473016986,0.17434799800908707,0.0,0.0,0.0,0.0,1.0652612385765678,0.0498740157458115,0,2,1,1,2,0,0,0,0
321486,Bear,Neutral,Neutral,Neutral,Neutral,Neutral,0,0,0,0,NO_EFFECT,NO_EFFECT,NO_EFFECT,NO_EFFECT,base,regime_balanced|base_pred=Neutral,0.2,0.7666666666666667,0.7,0.45097739178096863,0.14328650758015582,0.0,0.0,0.0,0.0,0.7099074966154149,1.0,2,2,1,1,2,0,1,1,1
321487,Bull,Neutral,Neutral,Neutral,Neutral,Neutral,0,0,0,0,NO_EFFECT,NO_EFFECT,NO_EFFECT,NO_EFFECT,base,regime_balanced|base_pred=Neutral,0.2,0.7666666666666667,0.7,0.45097739178096863,0.14328650758015593,0.0,0.0,0.0,0.0,1.0865849158835772,1.0,2,2,2,0,2,1,1,1,1
321488,Bull,Neutral,Neutral,Neutral,Neutral,Neutral,0,0,0,0,NO_EFFECT,NO_EFFECT,NO_EFFECT,NO_EFFECT,base,persist_BALANCED|regime_off_default|base_pred=Neutral,0.1111111111111111,0.7666666666666667,0.7,0.47086889118012976,0.26223604412543267,0.0,0.0,0.0,0.0,0.5576275047096715,0.76671853580772,2,3,3,0,2,0,1,1,1
321489,Bear,Bull,Bull,Bull,Bull,Bull,0,0,0,0,NO_EFFECT,NO_EFFECT,NO_EFFECT,NO_EFFECT,base,persist_BALANCED|regime_off_default|base_pred=Bull,0.125,0.7666666666666667,0.7,0.4932720785308456,0.19363904347051708,0.0,0.0,0.0,0.0,1.2776782794680912,0.1013688586012639,0,2,2,0,2,0,1,0,0
321490,Bull,Neutral,Neutral,Neutral,Neutral,Neutral,0,0,0,0,NO_EFFECT,NO_EFFECT,NO_EFFECT,NO_EFFECT,base,regime_off_default|base_pred=Neutral,0.125,0.8,0.7,0.488298949791842,0.19218267994947408,0.0,0.0,0.0,0.0,0.3041291251265647,0.0502043407153635,1,2,2,0,2,0,1,0,0
321491,Bull,Bear,Bear,Bear,Bear,Bear,0,0,0,0,NO_EFFECT,NO_EFFECT,NO_EFFECT,NO_EFFECT,base,regime_off_default|ruleb_off,0.125,0.8333333333333334,0.7333333333333333,0.48164527108282745,0.05969384912030051,0.0,0.0,0.0,0.0,4.488143108186705,0.1139830939634136,0,1,1,1,1,0,1,0,0
321492,Bull,Neutral,Neutral,Neutral,Neutral,Neutral,0,0,0,0,NO_EFFECT,NO_EFFECT,NO_EFFECT,NO_EFFECT,base,regime_balanced|base_pred=Neutral,0.2222222222222222,0.8666666666666667,0.7333333333333333,0.481915337240853,0.06287335189518983,0.0,0.0,0.0,0.0,0.49444791082351,1.0,1,1,1,0,0,0,0,0,0
321493,Bear,Neutral,Neutral,Neutral,Neutral,Neutral,0,0,0,0,NO_EFFECT,NO_EFFECT,NO_EFFECT,NO_EFFECT,base,regime_balanced|base_pred=Neutral,0.2222222222222222,0.9,0.7333333333333333,0.481915337240853,0.18944932086375654,0.0,0.0,0.0,0.0,0.4498633053954108,0.2597718890235044,1,0,0,0,0,0,0,0,0
321494,Bull,Neutral,Neutral,Neutral,Neutral,Neutral,0,0,0,0,NO_EFFECT,NO_EFFECT,NO_EFFECT,NO_EFFECT,base,regime_balanced|base_pred=Neutral,0.2222222222222222,0.8666666666666667,0.7666666666666667,0.4824307424563648,0.07764199639401437,0.0,0.0,0.0,0.0,1.0789826469172112,0.189603416887372,0,0,0,1,1,0,0,0,0
321495,Bull,Bear,Bear,Bear,Bear,Bear,0,0,0,0,NO_EFFECT,NO_EFFECT,NO_EFFECT,NO_EFFECT,base,regime_balanced|ruleb_off,0.2222222222222222,0.8666666666666667,0.7333333333333333,0.45541752301927724,-0.00339766191724844,0.0,0.0,0.0,0.0,0.3485328000497247,0.4411533119474295,1,0,0,1,1,0,0,0,0
321496,Bear,Neutral,Neutral,Neutral,Neutral,Neutral,0,0,0,0,NO_EFFECT,NO_EFFECT,NO_EFFECT,NO_EFFECT,base,persist_BALANCED|regime_aggressive|base_pred=Neutral,0.3333333333333333,0.8666666666666667,0.7333333333333333,0.4618336003460406,0.0456701165228493,0.0,0.0,0.0,0.0,0.2451768265200371,0.1970851585948582,1,1,1,1,1,0,0,0,0
321497,Bull,Neutral,Neutral,Neutral,Neutral,Neutral,0,0,0,0,NO_EFFECT,NO_EFFECT,NO_EFFECT,NO_EFFECT,base,persist_BALANCED|regime_aggressive|base_pred=Neutral,0.375,0.8666666666666667,0.7333333333333333,0.4594862045280094,-0.07124601596087526,0.0,0.0,0.0,0.0,0.2511546077039384,0.335862797269904,0,1,1,1,1,0,1,1,1
321498,Bear,Neutral,Neutral,Neutral,Neutral,Neutral,0,0,0,0,NO_EFFECT,NO_EFFECT,NO_EFFECT,NO_EFFECT,base,regime_aggressive|base_pred=Neutral,0.375,0.9,0.7333333333333333,0.46846195193315493,-0.18433021747810802,0.0,0.0,0.0,0.0,0.0802965301027143,1.0,2,2,2,0,2,0,1,1,1
321499,Bull,Bear,Bear,Neutral,Neutral,Neutral,0,1,1,1,NO_EFFECT,GOOD_NEUTRALIZE_WRONG_BASE,GOOD_NEUTRALIZE_WRONG_BASE,GOOD_NEUTRALIZE_WRONG_BASE,winner,regime_aggressive|mode=AGGRESSIVE|current_h018,0.2857142857142857,0.9,0.7333333333333333,0.4985212742596094,-0.19442698133894765,0.0,0.0,0.0,0.0,1.7431309231815248,0.2227466203609453,1,1,1,0,0,1,1,1,1
321500,Bear,Neutral,Neutral,Neutral,Neutral,Neutral,0,0,0,0,NO_EFFECT,NO_EFFECT,NO_EFFECT,NO_EFFECT,base,regime_aggressive|base_pred=Neutral,0.375,0.9,0.7666666666666667,0.5046979023261126,-0.18548525917475023,1.0,0.0,1.0,0.0,0.965765947017644,0.3379784428111721,1,2,2,0,2,1,1,1,1
321501,Bear,Bear,Bear,Bear,Bear,Bear,0,0,0,0,NO_EFFECT,NO_EFFECT,NO_EFFECT,NO_EFFECT,base,regime_aggressive|ruleb_off,0.375,0.9,0.7666666666666667,0.482630517086485,-0.10921806600093753,1.0,0.0,1.0,0.0,2.0674998646118183,0.1224329233240827,0,1,1,0,0,0,1,0,0
321502,Bull,Neutral,Neutral,Neutral,Neutral,Neutral,0,0,0,0,NO_EFFECT,NO_EFFECT,NO_EFFECT,NO_EFFECT,base,regime_aggressive|base_pred=Neutral,0.375,0.9,0.7333333333333333,0.4857426724571602,-0.11261882465285011,1.0,0.0,1.0,0.0,2.9339160359668317,0.2844477455926273,0,1,2,0,1,0,0,0,0
321503,Bull,Neutral,Neutral,Neutral,Neutral,Neutral,0,0,0,0,NO_EFFECT,NO_EFFECT,NO_EFFECT,NO_EFFECT,base,regime_aggressive|base_pred=Neutral,0.375,0.9,0.7,0.46189093064358117,-0.18417405009358745,1.0,0.0,1.0,0.0,2.5571520288140164,0.2833195055818922,0,0,1,0,0,0,0,0,0
321504,Bear,Neutral,Neutral,Neutral,Neutral,Neutral,0,0,0,0,NO_EFFECT,NO_EFFECT,NO_EFFECT,NO_EFFECT,base,regime_aggressive|base_pred=Neutral,0.375,0.9,0.6666666666666666,0.4499939287229243,-0.16279640472884405,1.0,0.0,1.0,0.0,0.4470164618633134,0.225239756633702,1,1,2,0,1,0,0,0,0
321505,Bull,Bull,Bull,Bull,Bull,Bull,0,0,0,0,NO_EFFECT,NO_EFFECT,NO_EFFECT,NO_EFFECT,base,regime_aggressive|base_pred=Bull,0.375,0.9,0.6666666666666666,0.45715907156300023,-0.16819866802700845,1.0,0.0,1.0,0.0,1.1754006706669315,0.1042666653991972,0,1,1,0,0,0,0,0,0
321506,Bull,Neutral,Neutral,Neutral,Neutral,Neutral,0,0,0,0,NO_EFFECT,NO_EFFECT,NO_EFFECT,NO_EFFECT,base,regime_aggressive|base_pred=Neutral,0.42857142857142855,0.9,0.6666666666666666,0.450040012139728,-0.20805307587433486,1.0,0.0,1.0,0.0,0.6938748796656,0.623461936188464,1,1,1,0,0,0,0,0,0
321507,Bull,Neutral,Neutral,Neutral,Neutral,Neutral,0,0,0,0,NO_EFFECT,NO_EFFECT,NO_EFFECT,NO_EFFECT,base,regime_aggressive|base_pred=Neutral,0.42857142857142855,0.9,0.6666666666666666,0.4374887433460101,-0.12526965604471718,1.0,0.0,1.0,0.0,1.0248510393575998,0.4371630445548707,1,1,1,0,0,1,1,1,1
321508,Bear,Neutral,Neutral,Neutral,Neutral,Neutral,0,0,0,0,NO_EFFECT,NO_EFFECT,NO_EFFECT,NO_EFFECT,base,regime_aggressive|base_pred=Neutral,0.42857142857142855,0.9,0.6666666666666666,0.4517912416409544,-0.13152836639438859,1.0,0.0,1.0,0.0,0.5710214720311342,0.0178983113299649,1,2,2,0,2,0,1,0,0
321509,Bull,Neutral,Neutral,Neutral,Neutral,Neutral,0,0,0,0,NO_EFFECT,NO_EFFECT,NO_EFFECT,NO_EFFECT,base,regime_aggressive|base_pred=Neutral,0.42857142857142855,0.9,0.6666666666666666,0.4190545186852866,-0.2297385352613921,1.0,0.0,1.0,0.0,0.3978753564224462,0.0514913144418063,1,3,3,1,3,0,1,0,0
321510,Bear,Bear,Bear,Bear,Bear,Bear,0,0,0,0,NO_EFFECT,NO_EFFECT,NO_EFFECT,NO_EFFECT,base,regime_aggressive|ruleb_off,0.5,0.9,0.6666666666666666,0.41541058796229396,-0.24996093506477396,1.0,0.0,1.0,0.0,0.2094294939870451,0.3317713467993562,1,2,2,1,3,0,1,1,1
321511,Bull,Neutral,Neutral,Neutral,Neutral,Neutral,0,0,0,0,NO_EFFECT,NO_EFFECT,NO_EFFECT,NO_EFFECT,base,regime_aggressive|base_pred=Neutral,0.42857142857142855,0.9,0.6666666666666666,0.3931362995222726,-0.21748056680651423,1.0,0.0,1.0,0.0,0.4307429602085904,0.654566631386804,2,2,2,0,2,0,1,1,1
321512,Bear,Neutral,Neutral,Neutral,Neutral,Neutral,0,0,0,0,NO_EFFECT,NO_EFFECT,NO_EFFECT,NO_EFFECT,base,regime_aggressive|base_pred=Neutral,0.5,0.9333333333333333,0.6666666666666666,0.41195232899459167,-0.16588455480558467,1.0,0.0,1.0,0.0,0.1684474832400155,0.576471321846689,1,1,2,0,1,0,1,1,1
321513,Bull,Neutral,Neutral,Neutral,Neutral,Neutral,0,0,0,0,NO_EFFECT,NO_EFFECT,NO_EFFECT,NO_EFFECT,base,regime_aggressive|base_pred=Neutral,0.6,0.9666666666666667,0.7,0.42596269949360716,-0.14309657411599874,1.0,0.0,1.0,0.0,0.2501017092126858,1.0,2,2,3,0,2,0,1,1,1
321514,Bear,Neutral,Neutral,Neutral,Neutral,Neutral,0,0,0,0,NO_EFFECT,NO_EFFECT,NO_EFFECT,NO_EFFECT,base,regime_aggressive|base_pred=Neutral,0.6,0.9666666666666667,0.7,0.4259626994936072,-0.035594499953282455,1.0,0.0,1.0,0.0,0.3915627883707202,0.3447383722234419,0,1,3,0,1,0,1,1,1
321515,Bull,Neutral,Neutral,Neutral,Neutral,Neutral,0,0,0,0,NO_EFFECT,NO_EFFECT,NO_EFFECT,NO_EFFECT,base,regime_aggressive|base_pred=Neutral,0.6,0.9666666666666667,0.6666666666666666,0.4041206452343886,0.01509337377400638,1.0,0.0,1.0,0.0,0.7059885148373723,1.0,2,2,3,0,2,0,1,1,1
321516,Bear,Neutral,Neutral,Neutral,Neutral,Neutral,0,0,0,0,NO_EFFECT,NO_EFFECT,NO_EFFECT,NO_EFFECT,base,regime_aggressive|base_pred=Neutral,0.6,0.9666666666666667,0.7,0.4357915113761949,0.10194707475141729,1.0,0.0,1.0,0.0,0.2324590551725123,1.0,2,2,3,1,3,0,1,1,1
321517,Bear,Bull,Bull,Bull,Bull,Bull,0,0,0,0,NO_EFFECT,NO_EFFECT,NO_EFFECT,NO_EFFECT,base,regime_aggressive|base_pred=Bull,0.6,0.9666666666666667,0.7,0.4357915113761949,0.15842778432314764,1.0,0.0,1.0,0.0,0.1730915226253273,0.4014524825483785,0,2,2,0,2,0,1,1,1
321518,Bull,Bear,Bear,Bear,Bear,Bear,0,0,0,0,NO_EFFECT,NO_EFFECT,NO_EFFECT,NO_EFFECT,base,regime_aggressive|ruleb_off,0.6,0.9666666666666667,0.6666666666666666,0.41583992746114085,0.182998575894755,1.0,0.0,1.0,0.0,0.173981503381583,0.2460429236369557,0,1,1,0,0,0,1,1,1
321519,Bear,Neutral,Neutral,Neutral,Neutral,Neutral,0,0,0,0,NO_EFFECT,NO_EFFECT,NO_EFFECT,NO_EFFECT,base,regime_aggressive|base_pred=Neutral,0.6666666666666666,0.9666666666666667,0.6333333333333333,0.3984840737221154,0.24325404834934172,1.0,0.0,1.0,0.0,0.6096214493991283,0.709691292788522,2,1,1,1,1,0,1,1,1
321520,Bull,Neutral,Neutral,Neutral,Neutral,Neutral,0,0,0,0,NO_EFFECT,NO_EFFECT,NO_EFFECT,NO_EFFECT,base,regime_aggressive|base_pred=Neutral,0.6666666666666666,0.9666666666666667,0.6666666666666666,0.41876148819502396,0.31156792339198625,1.0,0.0,1.0,0.0,0.3800534036763565,0.7048890530880157,2,2,2,1,3,0,1,1,1
321521,Bear,Neutral,Neutral,Neutral,Neutral,Neutral,0,0,0,0,NO_EFFECT,NO_EFFECT,NO_EFFECT,NO_EFFECT,base,regime_aggressive|base_pred=Neutral,0.6666666666666666,0.9666666666666667,0.6666666666666666,0.440584311940779,0.3348013437166525,1.0,0.0,1.0,0.0,0.7695794346618641,0.4564258247096461,1,3,3,1,3,0,1,1,1
321522,Bear,Neutral,Neutral,Neutral,Neutral,Neutral,0,0,0,0,NO_EFFECT,NO_EFFECT,NO_EFFECT,NO_EFFECT,base,regime_aggressive|base_pred=Neutral,0.6,0.9666666666666667,0.7,0.4519990696323201,0.2879580861777672,1.0,0.0,1.0,0.0,0.0713983660334633,0.1310556247151998,1,3,3,1,3,0,1,0,0
321523,Bear,Neutral,Neutral,Neutral,Neutral,Neutral,0,0,0,0,NO_EFFECT,NO_EFFECT,NO_EFFECT,NO_EFFECT,base,regime_aggressive|base_pred=Neutral,0.6,0.9666666666666667,0.7,0.4230342571228268,0.26459295037228375,1.0,0.0,1.0,0.0,0.3512836821500968,0.481991472993632,1,3,3,1,3,0,1,1,1
321524,Bull,Neutral,Neutral,Neutral,Neutral,Neutral,0,0,0,0,NO_EFFECT,NO_EFFECT,NO_EFFECT,NO_EFFECT,base,regime_aggressive|base_pred=Neutral,0.6,1.0,0.7,0.43044157658849774,0.17578069212282227,1.0,0.0,1.0,0.0,0.2698840082284732,0.0965697097831654,1,3,3,1,3,0,1,0,0
321525,Bear,Bear,Bear,Bear,Bear,Bear,0,0,0,0,NO_EFFECT,NO_EFFECT,NO_EFFECT,NO_EFFECT,base,regime_aggressive|ruleb_off,0.6,1.0,0.7333333333333333,0.42734045301835744,0.14320707811199124,1.0,0.0,1.0,0.0,0.3505906160007725,0.3818474666158936,1,2,2,0,2,0,1,1,1
321526,Bear,Neutral,Neutral,Neutral,Neutral,Neutral,0,0,0,0,NO_EFFECT,NO_EFFECT,NO_EFFECT,NO_EFFECT,base,regime_aggressive|base_pred=Neutral,0.4,1.0,0.7333333333333333,0.4253635915073063,0.05344949037095198,1.0,0.0,1.0,0.0,1.7937977357942143,1.0,2,2,2,0,2,1,1,1,1
321527,Bear,Neutral,Neutral,Neutral,Neutral,Neutral,0,0,0,0,NO_EFFECT,NO_EFFECT,NO_EFFECT,NO_EFFECT,base,regime_aggressive|base_pred=Neutral,0.4,1.0,0.7333333333333333,0.4521274195541443,0.013303748300694807,1.0,0.0,1.0,0.0,0.5204465622082353,1.0,2,2,2,1,3,0,1,1,1
321528,Bull,Bull,Bull,Bull,Bull,Bull,0,0,0,0,NO_EFFECT,NO_EFFECT,NO_EFFECT,NO_EFFECT,base,regime_aggressive|base_pred=Bull,0.4,1.0,0.7666666666666667,0.4742653263118142,0.06987901578193323,1.0,0.0,1.0,0.0,0.173933884836515,0.2106588115887848,0,2,2,1,3,0,1,1,1
321529,Bear,Bear,Bear,Bear,Bear,Bear,0,0,0,0,NO_EFFECT,NO_EFFECT,NO_EFFECT,NO_EFFECT,base,regime_aggressive|ruleb_off,0.4,1.0,0.7333333333333333,0.44795395336477367,0.10403845839526848,1.0,0.0,1.0,0.0,0.7809880234417506,0.0983078980063553,0,1,1,0,0,0,1,0,0
321529,Bear,Neutral,Neutral,Neutral,Neutral,Neutral,0,0,0,0,NO_EFFECT,NO_EFFECT,NO_EFFECT,NO_EFFECT,base,persist_AGGRESSIVE|regime_balanced|base_pred=Neutral,0.2,1.0,0.7,0.443805995952954,0.01855288529567306,0.0,0.0,0.0,0.0,0.6848589886230911,1.0,2,1,1,0,0,0,1,1,1
321531,Bear,Neutral,Neutral,Neutral,Neutral,Neutral,0,0,0,0,NO_EFFECT,NO_EFFECT,NO_EFFECT,NO_EFFECT,base,persist_AGGRESSIVE|regime_balanced|base_pred=Neutral,0.2,1.0,0.7,0.46587338119258154,0.02971844947302915,0.0,0.0,0.0,0.0,0.421485606353599,0.5718000301476707,2,2,2,1,3,0,1,1,1
321531,Bear,Bear,Bear,Bear,Bear,Bear,0,0,0,0,NO_EFFECT,NO_EFFECT,NO_EFFECT,NO_EFFECT,base,regime_aggressive|ruleb_off,0.25,1.0,0.7333333333333333,0.48085228475336783,0.024556224947553495,0.0,0.0,0.0,0.0,0.8221741081142682,0.286140022171484,1,2,2,1,3,0,1,1,1
321534,Bear,Neutral,Neutral,Neutral,Neutral,Neutral,0,0,0,0,NO_EFFECT,NO_EFFECT,NO_EFFECT,NO_EFFECT,base,persist_AGGRESSIVE|regime_balanced|base_pred=Neutral,0.2,1.0,0.7666666666666667,0.48090869397266306,0.04773427073705322,0.0,0.0,0.0,0.0,0.7170340339562244,0.0922882422976657,1,1,1,0,0,0,1,0,0
321534,Bear,Neutral,Neutral,Neutral,Neutral,Neutral,0,0,0,0,NO_EFFECT,NO_EFFECT,NO_EFFECT,NO_EFFECT,base,persist_AGGRESSIVE|regime_balanced|base_pred=Neutral,0.2,1.0,0.8,0.47454098519652216,-0.0011696507031304648,0.0,0.0,0.0,0.0,0.1273581907153129,0.4097909143495563,1,0,0,0,0,0,0,0,0
321534,Bear,Bull,Bull,Bull,Bull,Bull,0,0,0,0,NO_EFFECT,NO_EFFECT,NO_EFFECT,NO_EFFECT,base,regime_balanced|base_pred=Bull,0.2,0.9666666666666667,0.8,0.4806926904537174,0.036585972096035424,0.0,0.0,0.0,0.0,0.1759280430032959,0.584999008952374,1,0,0,0,0,0,0,0,0
321534,Bear,Neutral,Neutral,Neutral,Neutral,Neutral,0,0,0,0,NO_EFFECT,NO_EFFECT,NO_EFFECT,NO_EFFECT,base,regime_balanced|base_pred=Neutral,0.2,0.9333333333333333,0.8333333333333334,0.4967171019054899,0.043022086268848625,0.0,0.0,0.0,0.0,0.2032081197085062,0.1033383601145796,1,1,1,1,1,0,0,0,0
321535,Bull,Bear,Bear,Bear,Bear,Bear,0,0,0,0,NO_EFFECT,NO_EFFECT,NO_EFFECT,NO_EFFECT,base,regime_balanced|ruleb_off,0.2,0.9333333333333333,0.8333333333333334,0.4793796493696938,-0.06547098091027004,0.0,0.0,0.0,0.0,0.2091041554995172,0.3725564616070229,0,1,1,0,0,0,0,0,0
321535,Bull,Bull,Bull,Bull,Bull,Bull,0,0,0,0,NO_EFFECT,NO_EFFECT,NO_EFFECT,NO_EFFECT,base,persist_BALANCED|regime_aggressive|base_pred=Bull,0.3333333333333333,0.9333333333333333,0.8,0.4772260966047655,-0.1563571825218243,0.0,0.0,0.0,0.0,0.170171537754868,0.610962899415528,1,1,1,0,0,0,0,0,0
321537,Bear,Bull,Bull,Bull,Bull,Bull,0,0,0,0,NO_EFFECT,NO_EFFECT,NO_EFFECT,NO_EFFECT,base,persist_BALANCED|regime_aggressive|base_pred=Bull,0.3333333333333333,0.9333333333333333,0.8,0.4969949162076176,-0.12596479875209093,0.0,0.0,0.0,0.0,1.5572189448776044,0.1629887282255445,0,0,0,0,0,0,0,0,0
321539,Bull,Bull,Bull,Bull,Bull,Bull,0,0,0,0,NO_EFFECT,NO_EFFECT,NO_EFFECT,NO_EFFECT,base,regime_aggressive|base_pred=Bull,0.3333333333333333,0.9,0.7666666666666667,0.5007114966670756,-0.1218375449083996,0.0,0.0,0.0,0.0,0.6418528757276363,0.1977815477821324,0,0,0,0,0,0,0,0,0
321540,Bull,Bull,Bull,Bull,Bull,Bull,0,0,0,0,NO_EFFECT,NO_EFFECT,NO_EFFECT,NO_EFFECT,base,regime_aggressive|base_pred=Bull,0.4,0.8666666666666667,0.7333333333333333,0.49624517003316804,-0.23547082279021836,0.0,0.0,0.0,0.0,1.540219055266789,0.2375614236739597,0,0,0,0,0,0,0,0,0
321540,Bull,Neutral,Neutral,Neutral,Neutral,Neutral,0,0,0,0,NO_EFFECT,NO_EFFECT,NO_EFFECT,NO_EFFECT,base,regime_aggressive|base_pred=Neutral,0.4,0.8333333333333334,0.7,0.48234499644273987,-0.26475635337563286,0.0,0.0,0.0,0.0,1.0599202466801216,1.0,2,1,1,0,0,1,1,1,1
321540,Bull,Neutral,Neutral,Neutral,Neutral,Neutral,0,0,0,0,NO_EFFECT,NO_EFFECT,NO_EFFECT,NO_EFFECT,base,regime_aggressive|base_pred=Neutral,0.4,0.8333333333333334,0.7,0.4964626190478503,-0.17885379060902096,0.0,0.0,0.0,0.0,0.6688625261358538,0.5191945482750357,2,2,2,0,2,0,1,1,1
321545,Bull,Neutral,Neutral,Neutral,Neutral,Neutral,0,0,0,0,NO_EFFECT,NO_EFFECT,NO_EFFECT,NO_EFFECT,base,regime_aggressive|base_pred=Neutral,0.4,0.8333333333333334,0.7,0.4804357706570181,-0.09077757212616722,0.0,0.0,0.0,0.0,0.5062266600398289,0.9043473866056692,1,2,2,0,2,0,1,1,1
321545,Bull,Neutral,Neutral,Neutral,Neutral,Neutral,0,0,0,0,NO_EFFECT,NO_EFFECT,NO_EFFECT,NO_EFFECT,base,regime_aggressive|base_pred=Neutral,0.4,0.8333333333333334,0.7333333333333333,0.4990894044697591,-0.04457455200686178,0.0,0.0,0.0,0.0,0.2055643866879108,0.4700498450293658,1,2,2,1,3,0,1,1,1
321545,Bull,Neutral,Neutral,Neutral,Neutral,Neutral,0,0,0,0,NO_EFFECT,NO_EFFECT,NO_EFFECT,NO_EFFECT,base,regime_aggressive|base_pred=Neutral,0.4,0.8333333333333334,0.7333333333333333,0.48142439930407127,-0.0353194188467813,0.0,0.0,0.0,0.0,0.1745359662927512,0.2700667150063756,0,1,2,0,1,0,1,1,1
321545,Bull,Bear,Bear,Bear,Bear,Bear,0,0,0,0,NO_EFFECT,NO_EFFECT,NO_EFFECT,NO_EFFECT,base,regime_aggressive|ruleb_off,0.4,0.8333333333333334,0.7,0.4570932898042838,0.026186498636669497,0.0,0.0,0.0,0.0,0.2352004526183009,0.0515362821252717,1,1,2,0,1,0,0,0,0
321545,Bull,Neutral,Neutral,Neutral,Neutral,Neutral,0,0,0,0,NO_EFFECT,NO_EFFECT,NO_EFFECT,NO_EFFECT,base,regime_aggressive|base_pred=Neutral,0.5,0.8333333333333334,0.7333333333333333,0.44542941645684686,-0.004470718264437845,0.0,0.0,0.0,0.0,0.1153473323083744,0.966155533664676,2,1,2,0,1,0,1,1,1
321545,Bull,Bear,Bear,Bear,Bear,Bear,0,0,0,0,NO_EFFECT,NO_EFFECT,NO_EFFECT,NO_EFFECT,base,regime_aggressive|ruleb_off,0.4,0.8333333333333334,0.7666666666666667,0.4694331701244375,0.012802546371548262,0.0,0.0,0.0,0.0,0.0864649167651805,1.0,1,1,1,1,1,0,1,1,1
321545,Bull,Neutral,Neutral,Neutral,Neutral,Neutral,0,0,0,0,NO_EFFECT,NO_EFFECT,NO_EFFECT,NO_EFFECT,base,regime_aggressive|base_pred=Neutral,0.5,0.8333333333333334,0.7666666666666667,0.4791101270314868,0.12383880177714268,0.0,0.0,0.0,0.0,0.1780852476804284,0.435840260986922,2,2,2,1,3,0,1,1,1
321546,Bull,Neutral,Neutral,Neutral,Neutral,Neutral,0,0,0,0,NO_EFFECT,NO_EFFECT,NO_EFFECT,NO_EFFECT,base,regime_aggressive|base_pred=Neutral,0.5,0.8333333333333334,0.7666666666666667,0.47014183396145026,0.17300004836291583,0.0,0.0,0.0,0.0,0.0461230684450129,0.682997433427785,2,2,2,0,2,0,1,1,1
321546,Bull,Bull,Bull,Bull,Bull,Bull,0,0,0,0,NO_EFFECT,NO_EFFECT,NO_EFFECT,NO_EFFECT,base,regime_aggressive|base_pred=Bull,0.5,0.8333333333333334,0.7666666666666667,0.47769422091872166,0.22848686939008256,0.0,0.0,0.0,0.0,0.0760628311982145,0.2908203343332444,0,2,2,0,2,0,1,1,1
321549,Bear,Bear,Bear,Bear,Bear,Bear,0,0,0,0,NO_EFFECT,NO_EFFECT,NO_EFFECT,NO_EFFECT,base,regime_aggressive|ruleb_off,0.5,0.8333333333333334,0.7333333333333333,0.483019711239323,0.114121684059167,0.0,0.0,0.0,0.0,0.7031845594538026,0.255249773418392,1,1,1,0,0,0,1,1,1
321561,Bull,Neutral,Neutral,Neutral,Neutral,Neutral,0,0,0,0,NO_EFFECT,NO_EFFECT,NO_EFFECT,NO_EFFECT,base,regime_aggressive|base_pred=Neutral,0.42857142857142855,0.8333333333333334,0.7333333333333333,0.4754616545868151,0.08586705280943263,0.0,0.0,0.0,0.0,0.5474980572471395,0.0402929842785809,1,0,0,0,0,0,0,0,0
321562,Bear,Neutral,Neutral,Neutral,Neutral,Neutral,0,0,0,0,NO_EFFECT,NO_EFFECT,NO_EFFECT,NO_EFFECT,base,regime_aggressive|base_pred=Neutral,0.42857142857142855,0.8,0.7333333333333333,0.4735857637366623,-0.04092727126440143,0.0,0.0,0.0,0.0,0.4470167021463567,0.0648555991125274,1,0,1,0,0,0,0,0,0
321563,Bear,Neutral,Neutral,Neutral,Neutral,Neutral,0,0,0,0,NO_EFFECT,NO_EFFECT,NO_EFFECT,NO_EFFECT,base,regime_aggressive|base_pred=Neutral,0.5,0.8,0.7333333333333333,0.46301936815321676,-0.08585681477675888,0.0,0.0,0.0,0.0,0.0799993502096185,0.0376499669110482,1,1,2,0,1,0,0,0,0
321564,Bear,Neutral,Neutral,Neutral,Neutral,Neutral,0,0,0,0,NO_EFFECT,NO_EFFECT,NO_EFFECT,NO_EFFECT,base,regime_aggressive|base_pred=Neutral,0.5,0.8,0.7333333333333333,0.43094103371691844,-0.07260182533661041,0.0,0.0,0.0,0.0,0.7341915812376101,0.5154795562046764,1,1,2,0,1,0,0,0,0
321565,Bear,Bear,Bear,Bear,Bear,Bear,0,0,0,0,NO_EFFECT,NO_EFFECT,NO_EFFECT,NO_EFFECT,base,regime_aggressive|ruleb_off,0.5,0.8,0.7333333333333333,0.4147903522570743,0.021215687965066454,0.0,0.0,0.0,0.0,0.1496274781857209,0.2218148202999206,1,1,1,0,0,0,0,0,0
321566,Bear,Bull,Bull,Bull,Bull,Bull,0,0,0,0,NO_EFFECT,NO_EFFECT,NO_EFFECT,NO_EFFECT,base,regime_aggressive|base_pred=Bull,0.42857142857142855,0.8,0.7666666666666667,0.41516221921411217,-0.09099321947520367,0.0,0.0,0.0,0.0,0.2190235431407927,0.1755096638552026,0,0,0,0,0,0,0,0,0
321567,Bull,Neutral,Neutral,Neutral,Neutral,Neutral,0,0,0,0,NO_EFFECT,NO_EFFECT,NO_EFFECT,NO_EFFECT,base,regime_aggressive|base_pred=Neutral,0.5,0.7666666666666667,0.7666666666666667,0.4177356114090737,-0.21852685818936562,0.0,0.0,0.0,0.0,0.141362117979952,0.1256903990301226,0,0,0,0,0,0,0,0,0
321568,Bull,Neutral,Neutral,Neutral,Neutral,Neutral,0,0,0,0,NO_EFFECT,NO_EFFECT,NO_EFFECT,NO_EFFECT,base,regime_aggressive|base_pred=Neutral,0.5,0.7333333333333333,0.7333333333333333,0.3885919580434111,-0.22133385743439166,0.0,0.0,0.0,0.0,0.3590026735819265,1.0,2,1,1,0,0,0,0,0,0
321569,Bull,Bull,Bull,Bull,Bull,Bull,0,0,0,0,NO_EFFECT,NO_EFFECT,NO_EFFECT,NO_EFFECT,base,regime_aggressive|base_pred=Bull,0.5,0.7333333333333333,0.7333333333333333,0.40286529037182206,-0.19519347094117584,0.0,0.0,0.0,0.0,0.4306440570944687,0.2737961909236733,0,1,1,0,0,0,0,0,0
321570,Bear,Bear,Bear,Bear,Bear,Bear,0,0,0,0,NO_EFFECT,NO_EFFECT,NO_EFFECT,NO_EFFECT,base,regime_aggressive|ruleb_off,0.6,0.7333333333333333,0.7,0.4024538293302284,-0.19712990089022098,0.0,0.0,0.0,0.0,0.5797852185605734,0.2630896584174289,1,1,1,0,0,0,0,0,0
321571,Bear,Bear,Bear,Bear,Bear,Bear,0,0,0,0,NO_EFFECT,NO_EFFECT,NO_EFFECT,NO_EFFECT,base,regime_aggressive|ruleb_off,0.5,0.7333333333333333,0.7,0.4081472098675538,-0.2044939889463535,0.0,0.0,0.0,0.0,0.1656924000781146,0.5518364938677722,2,0,0,0,0,0,0,0,0
321572,Bear,Neutral,Neutral,Neutral,Neutral,Neutral,0,0,0,0,NO_EFFECT,NO_EFFECT,NO_EFFECT,NO_EFFECT,base,regime_aggressive|base_pred=Neutral,0.42857142857142855,0.7333333333333333,0.7,0.41288206251816106,-0.13486474148388566,0.0,0.0,0.0,0.0,0.1951880334509041,1.0,2,1,1,0,0,0,1,1,1
321573,Bull,Neutral,Neutral,Neutral,Neutral,Neutral,0,0,0,0,NO_EFFECT,NO_EFFECT,NO_EFFECT,NO_EFFECT,base,regime_aggressive|base_pred=Neutral,0.42857142857142855,0.7666666666666667,0.7,0.4267154288864153,-0.015343130903146207,0.0,0.0,0.0,0.0,0.5574769495615328,1.0,2,2,2,0,2,0,1,1,1
321574,Bear,Bull,Bull,Bull,Bull,Bull,0,0,0,0,NO_EFFECT,NO_EFFECT,NO_EFFECT,NO_EFFECT,base,regime_aggressive|base_pred=Bull,0.42857142857142855,0.7666666666666667,0.7,0.45660415021592926,0.08417629206592553,0.0,0.0,0.0,0.0,0.4562789494902972,0.2027818497002415,0,2,2,0,2,0,1,1,1
321575,Bull,Neutral,Neutral,Neutral,Neutral,Neutral,0,0,0,0,NO_EFFECT,NO_EFFECT,NO_EFFECT,NO_EFFECT,base,regime_aggressive|base_pred=Neutral,0.3333333333333333,0.7666666666666667,0.7,0.45094499648570324,0.04576036668559935,0.0,0.0,0.0,0.0,0.2990093386342778,0.0240127829863744,0,1,1,0,0,0,1,0,0
321576,Bear,Neutral,Neutral,Neutral,Neutral,Neutral,0,0,0,0,NO_EFFECT,NO_EFFECT,NO_EFFECT,NO_EFFECT,base,regime_aggressive|base_pred=Neutral,0.3333333333333333,0.7666666666666667,0.6666666666666666,0.4313799926047314,0.04543756691002515,0.0,0.0,0.0,0.0,0.0904922817207989,1.0,2,1,0,0,0,0,0,0,0
321577,Bear,Bear,Bear,Bear,Bear,Bear,0,0,0,0,NO_EFFECT,NO_EFFECT,NO_EFFECT,NO_EFFECT,base,regime_aggressive|ruleb_off,0.3333333333333333,0.8,0.7,0.4592803683305467,0.12726055374302203,0.0,0.0,0.0,0.0,0.2678927219167235,0.8288150593788326,2,1,0,0,0,0,0,0,0
321578,Bull,Neutral,Neutral,Neutral,Neutral,Neutral,0,0,0,0,NO_EFFECT,NO_EFFECT,NO_EFFECT,NO_EFFECT,base,regime_aggressive|base_pred=Neutral,0.2857142857142857,0.8333333333333334,0.7333333333333333,0.4803148187171033,0.20117757721549345,0.0,0.0,0.0,0.0,0.1443531766817614,0.4041650608858739,0,1,1,0,0,0,1,1,1
321579,Bear,Neutral,Neutral,Neutral,Neutral,Neutral,0,0,0,0,NO_EFFECT,NO_EFFECT,NO_EFFECT,NO_EFFECT,base,regime_aggressive|base_pred=Neutral,0.2857142857142857,0.8666666666666667,0.7333333333333333,0.48586827329083376,0.10347215448777886,0.0,0.0,0.0,0.0,0.0490488924060628,0.7983291184491462,2,1,2,1,2,0,1,1,1
321580,Bear,Bear,Bear,Bear,Bear,Bear,0,0,0,0,NO_EFFECT,NO_EFFECT,NO_EFFECT,NO_EFFECT,base,regime_aggressive|ruleb_off,0.2857142857142857,0.8666666666666667,0.7333333333333333,0.47914591057247197,0.19223563769414254,0.0,0.0,0.0,0.0,0.561535284967249,0.2294275435192049,1,1,2,0,1,0,1,1,1
321581,Bull,Bull,Bull,Bull,Bull,Bull,0,0,0,0,NO_EFFECT,NO_EFFECT,NO_EFFECT,NO_EFFECT,base,regime_aggressive|base_pred=Bull,0.25,0.8666666666666667,0.7333333333333333,0.4694870104139443,0.20167467069720058,0.0,0.0,0.0,0.0,0.5581849261998286,0.0453514399467265,0,1,1,0,0,0,0,0,0
321582,Bull,Bear,Bear,Bear,Bear,Bear,0,0,0,0,NO_EFFECT,NO_EFFECT,NO_EFFECT,NO_EFFECT,base,regime_aggressive|ruleb_off,0.25,0.8666666666666667,0.7,0.4408538121919795,0.1686517099419907,0.0,0.0,0.0,0.0,1.7609408820862882,0.2551422094426722,0,0,0,0,0,0,0,0,0
321583,Bull,Neutral,Neutral,Neutral,Neutral,Neutral,0,0,0,0,NO_EFFECT,NO_EFFECT,NO_EFFECT,NO_EFFECT,base,regime_aggressive|base_pred=Neutral,0.3333333333333333,0.8333333333333334,0.6666666666666666,0.4336902243390897,0.0676684231377262,0.0,0.0,0.0,0.0,0.6969354663524427,0.8032962197331854,2,1,1,0,0,0,0,0,0
321584,Bull,Bull,Bull,Bull,Bull,Bull,0,0,0,0,NO_EFFECT,NO_EFFECT,NO_EFFECT,NO_EFFECT,base,regime_aggressive|base_pred=Bull,0.3333333333333333,0.8333333333333334,0.7,0.4514645411633167,0.011501380861363597,0.0,0.0,0.0,0.0,0.5750773348590883,0.0847120109481701,0,1,1,1,1,0,0,0,0
321585,Bull,Bull,Bull,Bull,Bull,Bull,0,0,0,0,NO_EFFECT,NO_EFFECT,NO_EFFECT,NO_EFFECT,base,regime_aggressive|base_pred=Bull,0.25,0.8333333333333334,0.6666666666666666,0.4525703987907467,-0.007867881392592091,0.0,0.0,0.0,0.0,0.907842191576492,0.3011515924433703,0,1,1,0,0,0,0,0,0
321586,Bull,Neutral,Neutral,Neutral,Neutral,Neutral,0,0,0,0,NO_EFFECT,NO_EFFECT,NO_EFFECT,NO_EFFECT,base,regime_aggressive|base_pred=Neutral,0.25,0.8333333333333334,0.6333333333333333,0.4304036007500365,0.06695313708702244,0.0,0.0,0.0,0.0,0.4169132894094218,0.2782581266617311,0,0,0,0,0,0,0,0,0
321587,Bear,Neutral,Neutral,Neutral,Neutral,Neutral,0,0,0,0,NO_EFFECT,NO_EFFECT,NO_EFFECT,NO_EFFECT,base,persist_AGGRESSIVE|regime_safe|base_pred=Neutral,0.14285714285714285,0.8,0.6,0.4063455383054275,-0.00522105024680436,0.0,0.0,0.0,0.0,0.5436120347821998,0.7465881869710682,2,1,1,0,0,0,0,0,0
321588,Bear,Bull,Bull,Bull,Bull,Bull,0,0,0,0,NO_EFFECT,NO_EFFECT,NO_EFFECT,NO_EFFECT,base,persist_AGGRESSIVE|regime_safe|base_pred=Bull,0.14285714285714285,0.8,0.6,0.41670380250489913,-0.033092477407176246,0.0,0.0,0.0,0.0,0.3838081553221855,0.0793130209722559,0,1,1,0,0,0,1,0,0
321589,Bear,Neutral,Neutral,Neutral,Neutral,Neutral,0,0,0,0,NO_EFFECT,NO_EFFECT,NO_EFFECT,NO_EFFECT,base,regime_safe|base_pred=Neutral,0.14285714285714285,0.8,0.5666666666666667,0.3965809887563815,-0.051636062771442504,0.0,0.0,0.0,0.0,0.221437596324904,0.7361889605254667,2,2,2,0,2,0,1,1,1
321590,Bull,Neutral,Neutral,Neutral,Neutral,Neutral,0,0,0,0,NO_EFFECT,NO_EFFECT,NO_EFFECT,NO_EFFECT,base,regime_safe|base_pred=Neutral,0.14285714285714285,0.8,0.6,0.4114266096294556,-0.08322551776960557,0.0,0.0,0.0,0.0,1.2178763338142744,0.14104144350587,0,1,2,0,1,0,1,0,0
321591,Bull,Neutral,Neutral,Neutral,Neutral,Neutral,0,0,0,0,NO_EFFECT,NO_EFFECT,NO_EFFECT,NO_EFFECT,base,regime_safe|base_pred=Neutral,0.16666666666666666,0.8,0.5666666666666667,0.40761966529903815,-0.09077301627597961,0.0,0.0,0.0,0.0,0.4845086523691861,0.806797850053715,2,2,3,1,3,0,1,1,1
321592,Bear,Bear,Bear,Bear,Bear,Bear,0,0,0,0,NO_EFFECT,NO_EFFECT,NO_EFFECT,NO_EFFECT,base,regime_safe|ruleb_off,0.16666666666666666,0.8333333333333334,0.5666666666666667,0.4331698274915426,-0.01488129804868804,0.0,0.0,0.0,0.0,0.2567175799558754,0.1001916371165289,1,1,2,1,2,0,1,0,0
321593,Bear,Neutral,Neutral,Neutral,Neutral,Neutral,0,0,0,0,NO_EFFECT,NO_EFFECT,NO_EFFECT,NO_EFFECT,base,regime_safe|base_pred=Neutral,0.14285714285714285,0.8333333333333334,0.5666666666666667,0.43434769542500934,-0.03989068579780963,0.0,0.0,0.0,0.0,0.3331567294644628,1.0,2,2,2,1,3,0,1,1,1
321594,Bear,Bull,Bull,Bull,Bull,Bull,0,0,0,0,NO_EFFECT,NO_EFFECT,NO_EFFECT,NO_EFFECT,base,regime_safe|base_pred=Bull,0.14285714285714285,0.8333333333333334,0.5666666666666667,0.46642602986130766,-0.058502620412235085,0.0,0.0,0.0,0.0,0.3258352547582035,0.0162890949300692,0,1,1,0,0,0,1,0,0
321595,Bull,Bull,Bull,Bull,Bull,Bull,0,0,0,0,NO_EFFECT,NO_EFFECT,NO_EFFECT,NO_EFFECT,base,regime_safe|base_pred=Bull,0.14285714285714285,0.8333333333333334,0.5333333333333333,0.4497863478188208,-0.04380653475121987,0.0,0.0,0.0,0.0,0.8116441811544064,0.1072711746274059,0,1,1,0,0,0,0,0,0
321596,Bull,Bull,Bull,Bull,Bull,Bull,0,0,0,0,NO_EFFECT,NO_EFFECT,NO_EFFECT,NO_EFFECT,base,regime_safe|base_pred=Bull,0.16666666666666666,0.8333333333333334,0.5,0.44596822629640365,-0.0671614151399888,0.0,0.0,0.0,0.0,4.196755367565856,0.2160996269676353,0,0,0,0,0,0,0,0,0
321597,Bull,Neutral,Neutral,Neutral,Neutral,Neutral,0,0,0,0,NO_EFFECT,NO_EFFECT,NO_EFFECT,NO_EFFECT,base,regime_safe|base_pred=Neutral,0.16666666666666666,0.8333333333333334,0.5,0.4473212250668181,-0.07851468824972485,0.0,0.0,0.0,0.0,1.4217769726838014,0.0170093304110653,1,1,1,0,0,0,1,0,0
321598,Bull,Neutral,Neutral,Neutral,Neutral,Neutral,0,0,0,0,NO_EFFECT,NO_EFFECT,NO_EFFECT,NO_EFFECT,base,regime_safe|base_pred=Neutral,0.16666666666666666,0.8666666666666667,0.5333333333333333,0.44369852277951616,-0.1825174633027724,0.0,0.0,0.0,0.0,1.6279463607061189,0.5433460997694304,2,2,2,0,2,1,1,1,1
321599,Bull,Neutral,Neutral,Neutral,Neutral,Neutral,0,0,0,0,NO_EFFECT,NO_EFFECT,NO_EFFECT,NO_EFFECT,base,regime_safe|base_pred=Neutral,0.16666666666666666,0.8666666666666667,0.5333333333333333,0.4284767261051638,-0.09007980647166769,0.0,0.0,0.0,0.0,1.5416986560521764,1.0,2,3,3,0,2,1,1,1,1
321600,Bear,Neutral,Neutral,Neutral,Neutral,Neutral,0,0,0,0,NO_EFFECT,NO_EFFECT,NO_EFFECT,NO_EFFECT,base,regime_safe|base_pred=Neutral,0.16666666666666666,0.8666666666666667,0.5666666666666667,0.4526835197410414,-0.08681834100430419,0.0,0.0,0.0,0.0,3.147299809876131,1.0,1,2,3,1,3,1,1,1,1
321601,Bull,Neutral,Neutral,Neutral,Neutral,Neutral,0,0,0,0,NO_EFFECT,NO_EFFECT,NO_EFFECT,NO_EFFECT,base,persist_SAFE|regime_balanced|base_pred=Neutral,0.2,0.8666666666666667,0.5666666666666667,0.47724719779379376,0.00517992539068679,0.0,0.0,0.0,0.0,1.7547996557914305,0.1729258967066874,1,1,3,1,2,1,1,0,0
321602,Bear,Neutral,Neutral,Neutral,Neutral,Neutral,0,0,0,0,NO_EFFECT,NO_EFFECT,NO_EFFECT,NO_EFFECT,base,persist_SAFE|regime_aggressive|base_pred=Neutral,0.25,0.9,0.5666666666666667,0.4646168445550909,-0.07095533775331286,0.0,0.0,0.0,0.0,2.1933593177709554,0.7544651878210317,1,0,3,0,1,1,1,1,1
321603,Bear,Bear,Bear,Bear,Bear,Bear,0,0,0,0,NO_EFFECT,NO_EFFECT,NO_EFFECT,NO_EFFECT,base,regime_aggressive|mode=AGGRESSIVE|no_current_edge,0.25,0.9,0.5666666666666667,0.4564323508157919,0.03946243546131084,0.0,0.0,0.0,0.0,1.0869682731008652,0.3826094751213276,1,0,2,0,1,1,0,0,0
321604,Bear,Bear,Bear,Bear,Bear,Bear,0,0,0,0,NO_EFFECT,NO_EFFECT,NO_EFFECT,NO_EFFECT,base,persist_AGGRESSIVE|regime_balanced|ruleb_off,0.2,0.9,0.5666666666666667,0.4358526666531695,-0.022276617026556533,0.0,0.0,0.0,0.0,0.9232599650786142,0.3071034050454366,1,0,1,0,0,0,0,0,0
321606,Bull,Neutral,Neutral,Neutral,Neutral,Neutral,0,0,0,0,NO_EFFECT,NO_EFFECT,NO_EFFECT,NO_EFFECT,base,persist_AGGRESSIVE|regime_safe|base_pred=Neutral,0.16666666666666666,0.9,0.6,0.4393300518313427,0.016129451723488952,0.0,0.0,0.0,0.0,0.5870583934320166,0.1250417062517809,1,1,1,0,0,0,0,0,0
321607,Bull,Bull,Bull,Bull,Bull,Bull,0,0,0,0,NO_EFFECT,NO_EFFECT,NO_EFFECT,NO_EFFECT,base,regime_safe|base_pred=Bull,0.16666666666666666,0.9,0.6333333333333333,0.44269768260685627,0.013743585303874817,0.0,0.0,0.0,0.0,0.1624267840270477,0.7633946578453312,1,1,1,0,0,0,0,0,0
321608,Bull,Neutral,Neutral,Neutral,Neutral,Neutral,0,0,0,0,NO_EFFECT,NO_EFFECT,NO_EFFECT,NO_EFFECT,base,regime_safe|base_pred=Neutral,0.16666666666666666,0.9,0.6333333333333333,0.4348108378683673,0.10766810704326268,0.0,0.0,0.0,0.0,0.3504423776103067,0.1022363292418289,1,1,2,0,1,0,0,0,0
321609,Bear,Neutral,Neutral,Neutral,Neutral,Neutral,0,0,0,0,NO_EFFECT,NO_EFFECT,NO_EFFECT,NO_EFFECT,base,persist_SAFE|regime_balanced|base_pred=Neutral,0.2,0.9,0.6333333333333333,0.4105915468638005,0.15678109337472734,0.0,0.0,0.0,0.0,0.4199329694838525,0.2239156253844497,1,0,1,0,0,0,0,0,0
321610,Bull,Bear,Bear,Bear,Bear,Bear,0,0,0,0,NO_EFFECT,NO_EFFECT,NO_EFFECT,NO_EFFECT,base,persist_SAFE|regime_balanced|mode=SAFE|no_current_edge,0.2,0.9,0.6666666666666666,0.4045832323470864,0.1178789939920516,0.0,0.0,0.0,0.0,1.2980760016143904,0.3325768538410291,1,0,1,0,0,1,0,0,0
321611,Bear,Neutral,Neutral,Neutral,Neutral,Neutral,0,0,0,0,NO_EFFECT,NO_EFFECT,NO_EFFECT,NO_EFFECT,base,regime_aggressive|base_pred=Neutral,0.3333333333333333,0.9,0.6666666666666666,0.38905815686014916,0.041053135298611765,0.0,0.0,0.0,0.0,0.5684930988336419,1.0,2,1,1,0,0,0,1,1,1
321611,Bear,Neutral,Neutral,Neutral,Neutral,Neutral,0,0,0,0,NO_EFFECT,NO_EFFECT,NO_EFFECT,NO_EFFECT,base,regime_aggressive|base_pred=Neutral,0.4,0.9,0.6666666666666666,0.414743905409509,0.002524512474572027,0.0,0.0,0.0,0.0,0.5684930988336419,1.0,2,2,2,0,2,0,1,1,1
321611,Bear,Neutral,Neutral,Neutral,Neutral,Neutral,0,0,0,0,NO_EFFECT,NO_EFFECT,NO_EFFECT,NO_EFFECT,base,regime_aggressive|base_pred=Neutral,0.4,0.9,0.7,0.4465655240779514,0.07885319996590523,0.0,0.0,0.0,0.0,0.5684930988336419,1.0,2,3,3,0,2,0,1,1,1
321611,Bear,Neutral,Neutral,Neutral,Neutral,Neutral,0,0,0,0,NO_EFFECT,NO_EFFECT,NO_EFFECT,NO_EFFECT,base,regime_aggressive|base_pred=Neutral,0.25,0.9333333333333333,0.7333333333333333,0.47139411709652906,0.07844053226488412,0.0,0.0,0.0,0.0,0.5684930988336419,1.0,2,3,3,0,2,0,1,1,1
321611,Bear,Neutral,Neutral,Neutral,Neutral,Neutral,0,0,0,0,NO_EFFECT,NO_EFFECT,NO_EFFECT,NO_EFFECT,base,regime_aggressive|base_pred=Neutral,0.25,0.9333333333333333,0.7333333333333333,0.47795090977208954,0.16121392198334406,0.0,0.0,0.0,0.0,0.5684930988336419,1.0,2,3,3,0,2,0,1,1,1
321611,Bear,Neutral,Neutral,Neutral,Neutral,Neutral,0,0,0,0,NO_EFFECT,NO_EFFECT,NO_EFFECT,NO_EFFECT,base,regime_aggressive|base_pred=Neutral,0.25,0.9333333333333333,0.7666666666666667,0.5084605094071505,0.21938401177393713,0.0,0.0,0.0,0.0,0.5684930988336419,1.0,2,3,3,0,2,0,1,1,1
321611,Bear,Neutral,Neutral,Neutral,Neutral,Neutral,0,0,0,0,NO_EFFECT,NO_EFFECT,NO_EFFECT,NO_EFFECT,base,regime_aggressive|base_pred=Neutral,0.25,0.9333333333333333,0.8,0.5317554563257049,0.31568533545833866,0.0,0.0,0.0,0.0,0.5684930988336419,1.0,2,3,3,0,2,0,1,1,1
321611,Bear,Neutral,Neutral,Neutral,Neutral,Neutral,0,0,0,0,NO_EFFECT,NO_EFFECT,NO_EFFECT,NO_EFFECT,base,regime_aggressive|base_pred=Neutral,0.25,0.9666666666666667,0.8333333333333334,0.5558135187703138,0.3150890431146255,0.0,0.0,0.0,0.0,0.5684930988336419,1.0,2,3,3,0,2,0,1,1,1
321611,Bear,Neutral,Neutral,Neutral,Neutral,Neutral,0,0,0,0,NO_EFFECT,NO_EFFECT,NO_EFFECT,NO_EFFECT,base,regime_aggressive|base_pred=Neutral,0.25,0.9666666666666667,0.8333333333333334,0.5642605792046116,0.43708300307690456,0.0,0.0,0.0,0.0,0.5684930988336419,1.0,2,3,3,0,2,0,1,1,1
321611,Bear,Neutral,Neutral,Neutral,Neutral,Neutral,0,0,0,0,NO_EFFECT,NO_EFFECT,NO_EFFECT,NO_EFFECT,base,regime_aggressive|base_pred=Neutral,0.25,0.9666666666666667,0.8666666666666667,0.5949501451722029,0.50746131031785,0.0,0.0,0.0,0.0,0.5684930988336419,1.0,2,3,3,0,2,0,1,1,1
321611,Bear,Neutral,Neutral,Neutral,Neutral,Neutral,0,0,0,0,NO_EFFECT,NO_EFFECT,NO_EFFECT,NO_EFFECT,base,regime_aggressive|base_pred=Neutral,0.25,0.9666666666666667,0.8666666666666667,0.6037438464880208,0.5943842302679688,0.0,0.0,0.0,0.0,0.5684930988336419,1.0,2,3,3,0,2,0,1,1,1
321611,Bear,Neutral,Neutral,Neutral,Neutral,Neutral,0,0,0,0,NO_EFFECT,NO_EFFECT,NO_EFFECT,NO_EFFECT,base,regime_aggressive|base_pred=Neutral,0.25,0.9666666666666667,0.9,0.6323757983711585,0.5514363024432622,0.0,0.0,0.0,0.0,0.5684930988336419,1.0,2,3,3,0,2,0,1,1,1
321611,Bear,Neutral,Neutral,Neutral,Neutral,Neutral,0,0,0,0,NO_EFFECT,NO_EFFECT,NO_EFFECT,NO_EFFECT,base,regime_aggressive|base_pred=Neutral,0.25,0.9666666666666667,0.9,0.6388158700360347,0.5417761949459481,0.0,0.0,0.0,0.0,0.5684930988336419,1.0,2,3,3,0,2,0,1,1,1
321611,Bear,Neutral,Neutral,Neutral,Neutral,Neutral,0,0,0,0,NO_EFFECT,NO_EFFECT,NO_EFFECT,NO_EFFECT,base,regime_aggressive|base_pred=Neutral,0.3333333333333333,0.9666666666666667,0.9,0.6688094821321503,0.4967857768017745,0.0,0.0,0.0,0.0,0.5684930988336419,1.0,2,3,3,0,2,0,1,1,1
321611,Bear,Neutral,Neutral,Neutral,Neutral,Neutral,0,0,0,0,NO_EFFECT,NO_EFFECT,NO_EFFECT,NO_EFFECT,base,regime_aggressive|base_pred=Neutral,0.3333333333333333,0.9666666666666667,0.9,0.6688094821321504,0.4967857768017746,0.0,0.0,0.0,0.0,0.5684930988336419,1.0,2,3,3,0,2,0,1,1,1
321611,Bear,Neutral,Neutral,Neutral,Neutral,Neutral,0,0,0,0,NO_EFFECT,NO_EFFECT,NO_EFFECT,NO_EFFECT,base,regime_aggressive|base_pred=Neutral,0.3333333333333333,0.9666666666666667,0.9333333333333333,0.7015998456344813,0.447600231548278,0.0,0.0,0.0,0.0,0.5684930988336419,1.0,2,3,3,0,2,0,1,1,1
321611,Bear,Neutral,Neutral,Neutral,Neutral,Neutral,0,0,0,0,NO_EFFECT,NO_EFFECT,NO_EFFECT,NO_EFFECT,base,regime_aggressive|base_pred=Neutral,0.3333333333333333,0.9666666666666667,0.9666666666666667,0.731357473146901,0.40296379027964835,0.0,0.0,0.0,0.0,0.5684930988336419,1.0,2,3,3,0,2,0,1,1,1
321611,Bear,Neutral,Neutral,Neutral,Neutral,Neutral,0,0,0,0,NO_EFFECT,NO_EFFECT,NO_EFFECT,NO_EFFECT,base,regime_aggressive|base_pred=Neutral,0.3333333333333333,1.0,1.0,0.7574874855813133,0.36376877162803,0.0,0.0,0.0,0.0,0.5684930988336419,1.0,2,3,3,0,2,0,1,1,1
321611,Bear,Neutral,Neutral,Neutral,Neutral,Neutral,0,0,0,0,NO_EFFECT,NO_EFFECT,NO_EFFECT,NO_EFFECT,base,regime_aggressive|base_pred=Neutral,0.3333333333333333,1.0,1.0,0.7902538412342779,0.3146192381485833,0.0,0.0,0.0,0.0,0.5684930988336419,1.0,2,3,3,0,2,0,1,1,1
321611,Bear,Neutral,Neutral,Neutral,Neutral,Neutral,0,0,0,0,NO_EFFECT,NO_EFFECT,NO_EFFECT,NO_EFFECT,base,regime_aggressive|base_pred=Neutral,0.3333333333333333,1.0,1.0,0.8054756379086302,0.29178654313705477,0.0,0.0,0.0,0.0,0.5684930988336419,1.0,2,3,3,0,2,0,1,1,1
321611,Bear,Neutral,Neutral,Neutral,Neutral,Neutral,0,0,0,0,NO_EFFECT,NO_EFFECT,NO_EFFECT,NO_EFFECT,base,regime_aggressive|base_pred=Neutral,0.3333333333333333,1.0,1.0,0.8054756379086302,0.2917865431370549,0.0,0.0,0.0,0.0,0.5684930988336419,1.0,2,3,3,0,2,0,1,1,1
321611,Bear,Neutral,Neutral,Neutral,Neutral,Neutral,0,0,0,0,NO_EFFECT,NO_EFFECT,NO_EFFECT,NO_EFFECT,base,regime_aggressive|base_pred=Neutral,0.3333333333333333,1.0,1.0,0.8054756379086301,0.29178654313705477,0.0,0.0,0.0,0.0,0.5684930988336419,1.0,2,3,3,0,2,0,1,1,1
321611,Bear,Neutral,Neutral,Neutral,Neutral,Neutral,0,0,0,0,NO_EFFECT,NO_EFFECT,NO_EFFECT,NO_EFFECT,base,regime_aggressive|base_pred=Neutral,0.3333333333333333,1.0,1.0,0.833044774685074,0.25043283797238924,0.0,0.0,0.0,0.0,0.5684930988336419,1.0,2,3,3,0,2,0,1,1,1
321611,Bear,Neutral,Neutral,Neutral,Neutral,Neutral,0,0,0,0,NO_EFFECT,NO_EFFECT,NO_EFFECT,NO_EFFECT,base,regime_aggressive|base_pred=Neutral,0.3333333333333333,1.0,1.0,0.8412292684243728,0.2381560973634408,0.0,0.0,0.0,0.0,0.5684930988336419,1.0,2,3,3,0,2,0,1,1,1
321611,Bear,Neutral,Neutral,Neutral,Neutral,Neutral,0,0,0,0,NO_EFFECT,NO_EFFECT,NO_EFFECT,NO_EFFECT,base,regime_aggressive|base_pred=Neutral,0.5,1.0,1.0,0.8618089525869953,0.2072865711195072,0.0,0.0,0.0,0.0,0.5684930988336419,1.0,2,3,3,0,2,0,1,1,1
321611,Bear,Neutral,Neutral,Neutral,Neutral,Neutral,0,0,0,0,NO_EFFECT,NO_EFFECT,NO_EFFECT,NO_EFFECT,base,regime_aggressive|base_pred=Neutral,1.0,1.0,1.0,0.8849055057521473,0.172641741371779,0.0,0.0,0.0,0.0,0.5684930988336419,1.0,2,3,3,0,2,0,1,1,1
321611,Bear,Neutral,Neutral,Neutral,Neutral,Neutral,0,0,0,0,NO_EFFECT,NO_EFFECT,NO_EFFECT,NO_EFFECT,base,regime_aggressive|base_pred=Neutral,1.0,1.0,1.0,0.9140707822104214,0.1288938266843681,0.0,0.0,0.0,0.0,0.5684930988336419,1.0,2,3,3,0,2,0,1,1,1
321611,Bear,Neutral,Neutral,Neutral,Neutral,Neutral,0,0,0,0,NO_EFFECT,NO_EFFECT,NO_EFFECT,NO_EFFECT,base,regime_aggressive|base_pred=Neutral,1.0,1.0,1.0,0.9219576269489103,0.1170635595766345,0.0,0.0,0.0,0.0,0.5684930988336419,1.0,2,3,3,0,2,0,1,1,1
321611,Bear,Neutral,Neutral,Neutral,Neutral,Neutral,0,0,0,0,NO_EFFECT,NO_EFFECT,NO_EFFECT,NO_EFFECT,base,regime_aggressive|base_pred=Neutral,1.0,1.0,1.0,0.9518830826408493,0.07217537603872604,0.0,0.0,0.0,0.0,0.5684930988336419,1.0,2,3,3,0,2,0,1,1,1
321611,Bear,Neutral,Neutral,Neutral,Neutral,Neutral,0,0,0,0,NO_EFFECT,NO_EFFECT,NO_EFFECT,NO_EFFECT,base,regime_aggressive|base_pred=Neutral,1.0,1.0,1.0,0.9777525617947009,0.033371157307948485,0.0,0.0,0.0,0.0,0.5684930988336419,1.0,2,3,3,0,2,0,1,1,1
321611,Bear,Neutral,Neutral,Neutral,Neutral,Neutral,0,0,0,0,NO_EFFECT,NO_EFFECT,NO_EFFECT,NO_EFFECT,base,persist_AGGRESSIVE|regime_off_default|base_pred=Neutral,0.0,1.0,1.0,1.0,0.0,0.0,0.0,0.0,0.0,0.5684930988336419,1.0,2,3,3,0,2,0,1,1,1
321611,Bear,Neutral,Neutral,Neutral,Neutral,Neutral,0,0,0,0,NO_EFFECT,NO_EFFECT,NO_EFFECT,NO_EFFECT,base,persist_AGGRESSIVE|regime_off_default|base_pred=Neutral,0.0,1.0,1.0,1.0,0.0,0.0,0.0,0.0,0.0,0.5684930988336419,1.0,2,3,3,0,2,0,1,1,1
321611,Bear,Neutral,Neutral,Neutral,Neutral,Neutral,0,0,0,0,NO_EFFECT,NO_EFFECT,NO_EFFECT,NO_EFFECT,base,regime_off_default|base_pred=Neutral,0.0,1.0,1.0,1.0,0.0,0.0,0.0,0.0,0.0,0.5684930988336419,1.0,2,3,3,0,2,0,1,1,1
321617,Bull,Bull,Bull,Bull,Bull,Bull,0,0,0,0,NO_EFFECT,NO_EFFECT,NO_EFFECT,NO_EFFECT,base,regime_off_default|base_pred=Bull,0.0,1.0,1.0,1.0,0.0,0.0,0.0,0.0,0.0,0.1387983949389308,0.4872952437025573,0,2,2,0,2,0,1,1,1
321619,Bear,Neutral,Neutral,Neutral,Neutral,Neutral,0,0,0,0,NO_EFFECT,NO_EFFECT,NO_EFFECT,NO_EFFECT,base,regime_off_default|base_pred=Neutral,0.0,1.0,0.9666666666666667,0.982909841456752,-0.05127047562974418,0.0,0.0,0.0,0.0,0.1280540226125595,0.5430709777504866,2,2,2,0,2,0,1,1,1
321620,Bull,Neutral,Neutral,Neutral,Neutral,Neutral,0,0,0,0,NO_EFFECT,NO_EFFECT,NO_EFFECT,NO_EFFECT,base,regime_off_default|base_pred=Neutral,0.0,1.0,0.9666666666666667,0.9676788740484348,-0.09696337785469544,0.0,0.0,0.0,0.0,0.1386174123908858,1.0,1,1,1,0,0,0,1,1,1
321621,Bull,Neutral,Neutral,Neutral,Neutral,Neutral,0,0,0,0,NO_EFFECT,NO_EFFECT,NO_EFFECT,NO_EFFECT,base,regime_off_default|base_pred=Neutral,0.0,1.0,0.9666666666666667,0.9676788740484348,-0.09696337785469566,0.0,0.0,0.0,0.0,0.2505192689368414,0.2646039305285866,0,1,2,0,1,0,0,0,0
321622,Bear,Neutral,Neutral,Neutral,Neutral,Neutral,0,0,0,0,NO_EFFECT,NO_EFFECT,NO_EFFECT,NO_EFFECT,base,regime_off_default|base_pred=Neutral,0.0,1.0,0.9333333333333333,0.943165671732721,-0.170502984801837,0.0,0.0,0.0,0.0,0.4858555775590503,0.2531123544077324,1,1,2,0,1,0,0,0,0
321623,Bear,Neutral,Neutral,Neutral,Neutral,Neutral,0,0,0,0,NO_EFFECT,NO_EFFECT,NO_EFFECT,NO_EFFECT,base,regime_off_default|base_pred=Neutral,0.0,1.0,0.9333333333333333,0.9182694168796455,-0.2451917493610638,0.0,0.0,0.0,0.0,0.2280558628353901,0.0055081169315475,1,1,3,0,1,0,1,0,0
321624,Bull,Neutral,Neutral,Neutral,Neutral,Neutral,0,0,0,0,NO_EFFECT,NO_EFFECT,NO_EFFECT,NO_EFFECT,base,regime_off_default|base_pred=Neutral,0.0,1.0,0.9333333333333333,0.8851196874440304,-0.34464093766790893,0.0,0.0,0.0,0.0,0.9161040513463375,0.3894258691138181,1,2,3,0,2,0,1,1,1
321625,Bear,Neutral,Neutral,Neutral,Neutral,Neutral,0,0,0,0,NO_EFFECT,NO_EFFECT,NO_EFFECT,NO_EFFECT,base,regime_off_default|base_pred=Neutral,0.0,1.0,0.9333333333333333,0.864767216414491,-0.40569835075652705,0.0,0.0,0.0,0.0,1.40955131825649,0.1037813281573031,1,1,2,0,1,0,1,0,0
321626,Bear,Neutral,Neutral,Neutral,Neutral,Neutral,0,0,0,0,NO_EFFECT,NO_EFFECT,NO_EFFECT,NO_EFFECT,base,regime_off_default|base_pred=Neutral,0.0,1.0,0.9333333333333333,0.8348932606864011,-0.49532021794079684,0.0,0.0,0.0,0.0,0.8634875612024189,0.8644242731156997,1,1,2,1,2,0,1,1,1
321627,Bear,Neutral,Neutral,Neutral,Neutral,Neutral,0,0,0,0,NO_EFFECT,NO_EFFECT,NO_EFFECT,NO_EFFECT,base,regime_off_default|base_pred=Neutral,0.0,1.0,0.9333333333333333,0.8303740697902577,-0.5088777906292269,0.0,0.0,0.0,0.0,0.4117346969105711,1.0,2,1,2,1,2,0,1,1,1
321628,Bull,Neutral,Neutral,Neutral,Neutral,Neutral,0,0,0,0,NO_EFFECT,NO_EFFECT,NO_EFFECT,NO_EFFECT,base,regime_off_default|base_pred=Neutral,0.0,1.0,0.9333333333333333,0.8303740697902577,-0.5088777906292269,0.0,0.0,0.0,0.0,1.081881736372452,1.0,2,2,3,1,3,1,1,1,1
321629,Bear,Bull,Bull,Bull,Bull,Bull,0,0,0,0,NO_EFFECT,NO_EFFECT,NO_EFFECT,NO_EFFECT,base,regime_off_default|base_pred=Bull,0.0,1.0,0.9333333333333333,0.8303740697902577,-0.4319720771846105,0.0,0.0,0.0,0.0,0.4510376645448559,0.008343776524448,0,2,2,0,2,0,1,0,0
321630,Bull,Bear,Bear,Bear,Bear,Bear,0,0,0,0,NO_EFFECT,NO_EFFECT,NO_EFFECT,NO_EFFECT,base,regime_off_default|ruleb_off,0.0,1.0,0.9,0.7973188623410725,-0.46259834619473866,0.0,0.0,0.0,0.0,0.3889167374836688,0.2251081757651416,1,1,1,0,0,0,1,1,1
321631,Bear,Neutral,Neutral,Neutral,Neutral,Neutral,0,0,0,0,NO_EFFECT,NO_EFFECT,NO_EFFECT,NO_EFFECT,base,regime_aggressive|base_pred=Neutral,1.0,1.0,0.9,0.7714891348665773,-0.5400875286182245,0.0,0.0,0.0,0.0,0.9272180805710376,1.0,2,1,1,0,0,0,0,0,0
321632,Bull,Bear,Bear,Bear,Bear,Bear,0,0,0,0,NO_EFFECT,NO_EFFECT,NO_EFFECT,NO_EFFECT,base,regime_aggressive|ruleb_off,1.0,1.0,0.9,0.7714891348665772,-0.4297781181975125,0.0,0.0,0.0,0.0,0.3886922706951736,0.1137348855853656,1,1,1,0,0,0,1,0,0
321633,Bear,Neutral,Neutral,Neutral,Neutral,Neutral,0,0,0,0,NO_EFFECT,NO_EFFECT,NO_EFFECT,NO_EFFECT,base,regime_aggressive|base_pred=Neutral,1.0,1.0,0.9,0.7419469643860895,-0.4063714828001358,0.0,0.0,0.0,0.0,0.3443545500776963,0.7522845865883561,2,2,2,0,2,0,1,1,1
321634,Bull,Neutral,Neutral,Neutral,Neutral,Neutral,0,0,0,0,NO_EFFECT,NO_EFFECT,NO_EFFECT,NO_EFFECT,base,regime_aggressive|base_pred=Neutral,1.0,1.0,0.9,0.7336897839390346,-0.2819692416810323,0.0,0.0,0.0,0.0,0.4009165113693598,0.1526787674626912,1,2,2,0,2,0,1,0,0
321635,Bear,Bear,Bear,Bear,Bear,Bear,0,0,0,0,NO_EFFECT,NO_EFFECT,NO_EFFECT,NO_EFFECT,base,regime_aggressive|ruleb_off,1.0,1.0,0.9,0.7054457428544578,-0.27511524530183595,0.0,0.0,0.0,0.0,1.4975670642706973,0.0571743785831178,1,2,2,0,2,0,1,0,0
321636,Bear,Neutral,Neutral,Neutral,Neutral,Neutral,0,0,0,0,NO_EFFECT,NO_EFFECT,NO_EFFECT,NO_EFFECT,base,regime_aggressive|base_pred=Neutral,0.6666666666666666,1.0,0.9,0.6740182221405616,-0.23496500666711972,0.0,0.0,0.0,0.0,0.7316608756191272,1.0,2,2,2,0,2,0,1,1,1
321637,Bull,Neutral,Neutral,Neutral,Neutral,Neutral,0,0,0,0,NO_EFFECT,NO_EFFECT,NO_EFFECT,NO_EFFECT,base,regime_aggressive|base_pred=Neutral,0.6666666666666666,1.0,0.9,0.6740182221405617,-0.21462864763447476,0.0,0.0,0.0,0.0,0.3260790313979669,0.5583108432614169,2,2,2,0,2,0,1,1,1
321638,Bear,Bull,Bull,Bull,Bull,Bull,0,0,0,0,NO_EFFECT,NO_EFFECT,NO_EFFECT,NO_EFFECT,base,regime_aggressive|base_pred=Bull,0.6666666666666666,1.0,0.9,0.6592952502492756,-0.2587975633083328,0.0,0.0,0.0,0.0,0.8281477268483286,0.0644436390699242,0,2,2,0,2,0,1,0,0
321639,Bull,Bull,Bull,Bull,Bull,Bull,0,0,0,0,NO_EFFECT,NO_EFFECT,NO_EFFECT,NO_EFFECT,base,regime_aggressive|base_pred=Bull,0.6666666666666666,1.0,0.8666666666666667,0.628110038218273,-0.35235319940134047,0.0,0.0,0.0,0.0,0.4981007616806892,0.6822935395832099,1,1,1,0,0,0,1,1,1
321640,Bull,Neutral,Neutral,Neutral,Neutral,Neutral,0,0,0,0,NO_EFFECT,NO_EFFECT,NO_EFFECT,NO_EFFECT,base,regime_aggressive|base_pred=Neutral,0.6666666666666666,1.0,0.8666666666666667,0.6175198228710469,-0.2353754119216867,0.0,0.0,0.0,0.0,2.359506384604174,0.1892575108242008,0,0,1,0,0,0,0,0,0
321641,Bull,Neutral,Neutral,Neutral,Neutral,Neutral,0,0,0,0,NO_EFFECT,NO_EFFECT,NO_EFFECT,NO_EFFECT,base,regime_aggressive|base_pred=Neutral,0.6666666666666666,1.0,0.8333333333333334,0.5904950732318536,-0.2002158872040377,0.0,0.0,0.0,0.0,0.132793365721227,0.5622573761214689,1,0,2,0,1,0,0,0,0
321642,Bear,Neutral,Neutral,Neutral,Neutral,Neutral,0,0,0,0,NO_EFFECT,NO_EFFECT,NO_EFFECT,NO_EFFECT,base,regime_aggressive|base_pred=Neutral,0.6666666666666666,1.0,0.8333333333333334,0.5759036524359025,-0.24399014959189097,0.0,0.0,0.0,0.0,0.2181975828807481,0.3339402270842558,1,0,2,0,1,0,0,0,0
321643,Bear,Bull,Bull,Bull,Bull,Bull,0,0,0,0,NO_EFFECT,NO_EFFECT,NO_EFFECT,NO_EFFECT,base,regime_aggressive|base_pred=Bull,0.6666666666666666,1.0,0.8333333333333334,0.5537016600053775,-0.17765635972127025,0.0,0.0,0.0,0.0,1.035997783043058,0.0496006097689727,0,0,1,0,0,0,1,0,0
321644,Bull,Bear,Bear,Bear,Bear,Bear,0,0,0,0,NO_EFFECT,NO_EFFECT,NO_EFFECT,NO_EFFECT,base,regime_aggressive|ruleb_off,0.6666666666666666,1.0,0.8,0.52202168033101,-0.23553898673262635,0.0,0.0,0.0,0.0,0.973795558218626,0.0379793294026953,1,0,0,1,1,0,0,0,0
321645,Bear,Neutral,Neutral,Neutral,Neutral,Neutral,0,0,0,0,NO_EFFECT,NO_EFFECT,NO_EFFECT,NO_EFFECT,base,regime_aggressive|base_pred=Neutral,0.75,1.0,0.8,0.48995432464443317,-0.20464286891176042,0.0,0.0,0.0,0.0,0.1533141927830001,0.4119297561861786,1,1,1,1,1,0,0,0,0
321646,Bull,Bear,Bear,Bear,Bear,Bear,0,0,0,0,NO_EFFECT,NO_EFFECT,NO_EFFECT,NO_EFFECT,base,regime_aggressive|ruleb_off,0.75,1.0,0.8,0.4703519831839725,-0.1220260500806103,0.0,0.0,0.0,0.0,0.283689103251163,1.0,1,1,1,1,1,0,1,1,1
321647,Bear,Neutral,Neutral,Neutral,Neutral,Neutral,0,0,0,0,NO_EFFECT,NO_EFFECT,NO_EFFECT,NO_EFFECT,base,regime_aggressive|base_pred=Neutral,0.8,1.0,0.8,0.4703519831839725,-0.12202605008061024,0.0,0.0,0.0,0.0,0.2464502268448996,0.5892704241426805,2,2,2,0,2,0,1,1,1
321648,Bear,Neutral,Neutral,Neutral,Neutral,Neutral,0,0,0,0,NO_EFFECT,NO_EFFECT,NO_EFFECT,NO_EFFECT,base,regime_aggressive|base_pred=Neutral,0.8,1.0,0.8,0.4566609973220619,-0.09684563415555475,0.0,0.0,0.0,0.0,0.1092467302896693,0.7388412502648757,2,2,2,0,2,0,1,1,1
321649,Bull,Neutral,Neutral,Neutral,Neutral,Neutral,0,0,0,0,NO_EFFECT,NO_EFFECT,NO_EFFECT,NO_EFFECT,base,regime_aggressive|base_pred=Neutral,0.8,1.0,0.8333333333333334,0.4650458642074725,-0.00826329280442789,0.0,0.0,0.0,0.0,0.6107250505756383,0.2910269707730248,0,2,2,0,2,0,1,1,1
321650,Bull,Neutral,Neutral,Neutral,Neutral,Neutral,0,0,0,0,NO_EFFECT,NO_EFFECT,NO_EFFECT,NO_EFFECT,base,regime_aggressive|base_pred=Neutral,0.8,1.0,0.8,0.45664439730822376,-0.05435107777708259,0.0,0.0,0.0,0.0,0.1938658292128821,0.7644688610665653,2,2,2,0,2,0,1,1,1
321651,Bear,Neutral,Neutral,Neutral,Neutral,Neutral,0,0,0,0,NO_EFFECT,NO_EFFECT,NO_EFFECT,NO_EFFECT,base,regime_aggressive|base_pred=Neutral,0.8,1.0,0.8,0.44879335934377595,0.04370718170594384,0.0,0.0,0.0,0.0,0.3218434348909795,1.0,1,1,2,1,2,0,1,1,1
321652,Bear,Neutral,Neutral,Neutral,Neutral,Neutral,0,0,0,0,NO_EFFECT,NO_EFFECT,NO_EFFECT,NO_EFFECT,base,regime_aggressive|base_pred=Neutral,0.8,1.0,0.8333333333333334,0.4733065616594897,0.07259877181415286,0.0,0.0,0.0,0.0,0.303664163362555,0.7477450020338625,2,2,3,0,2,0,1,1,1
321653,Bear,Bull,Bull,Bull,Bull,Bull,0,0,0,0,NO_EFFECT,NO_EFFECT,NO_EFFECT,NO_EFFECT,base,regime_aggressive|base_pred=Bull,0.8,1.0,0.8333333333333334,0.48979431658036077,0.10993785567528735,0.0,0.0,0.0,0.0,0.4424224478898395,0.1855047717568906,0,1,2,0,1,0,1,0,1
321654,Bull,Neutral,Neutral,Neutral,Neutral,Neutral,0,0,0,0,NO_EFFECT,NO_EFFECT,NO_EFFECT,NO_EFFECT,base,regime_aggressive|base_pred=Neutral,0.8,1.0,0.8,0.4957942050745388,0.12132364723220779,0.0,0.0,0.0,0.0,0.6667715807016066,0.1346089243380492,1,1,1,0,0,0,0,0,0
321655,Bear,Neutral,Neutral,Neutral,Neutral,Neutral,0,0,0,0,NO_EFFECT,NO_EFFECT,NO_EFFECT,NO_EFFECT,base,regime_aggressive|base_pred=Neutral,0.8,1.0,0.8,0.48730030691534654,0.1485589337112993,0.0,0.0,0.0,0.0,0.4339208569363109,1.0,2,1,1,0,0,0,1,1,1
321656,Bull,Neutral,Neutral,Neutral,Neutral,Neutral,0,0,0,0,NO_EFFECT,NO_EFFECT,NO_EFFECT,NO_EFFECT,base,regime_aggressive|base_pred=Neutral,0.8,1.0,0.8,0.5171742626434364,0.1919585366912377,0.0,0.0,0.0,0.0,0.5668541978484427,0.3813443280224725,1,2,2,0,2,0,1,1,1
321657,Bear,Neutral,Neutral,Neutral,Neutral,Neutral,0,0,0,0,NO_EFFECT,NO_EFFECT,NO_EFFECT,NO_EFFECT,base,regime_aggressive|base_pred=Neutral,0.8,1.0,0.8,0.5010715978069955,0.1233141831492699,0.0,0.0,0.0,0.0,0.7720174627920642,0.6931182381555886,2,3,3,1,3,0,1,1,1
321658,Bull,Neutral,Neutral,Neutral,Neutral,Neutral,0,0,0,0,NO_EFFECT,NO_EFFECT,NO_EFFECT,NO_EFFECT,base,regime_aggressive|base_pred=Neutral,0.8,1.0,0.8,0.4908422057455151,0.1542354433434267,0.0,0.0,0.0,0.0,0.1845369200400455,0.1805706342847713,0,2,2,1,3,0,1,0,1
321659,Bull,Bull,Bull,Bull,Bull,Bull,0,0,0,0,NO_EFFECT,NO_EFFECT,NO_EFFECT,NO_EFFECT,base,regime_aggressive|base_pred=Bull,0.8,1.0,0.7666666666666667,0.4635278935550075,0.11146631923217254,0.0,0.0,0.0,0.0,0.3678752864743728,0.3037803477832334,0,1,1,0,0,0,1,1,1
321660,Bull,Neutral,Neutral,Neutral,Neutral,Neutral,0,0,0,0,NO_EFFECT,NO_EFFECT,NO_EFFECT,NO_EFFECT,base,regime_aggressive|base_pred=Neutral,0.8,1.0,0.7666666666666667,0.4733757792636336,0.09860749722076434,0.0,0.0,0.0,0.0,1.1203676316199562,1.0,2,1,1,0,0,1,0,0,0
321661,Bull,Bull,Bull,Bull,Bull,Bull,0,0,0,0,NO_EFFECT,NO_EFFECT,NO_EFFECT,NO_EFFECT,base,regime_aggressive|base_pred=Bull,0.75,1.0,0.7666666666666667,0.4992055067381289,0.0951925768490367,0.0,0.0,0.0,0.0,0.16257177040643,0.4068857103020971,0,1,1,1,1,0,1,1,1
321662,Bull,Neutral,Neutral,Neutral,Neutral,Neutral,0,0,0,0,NO_EFFECT,NO_EFFECT,NO_EFFECT,NO_EFFECT,base,regime_aggressive|base_pred=Neutral,0.75,1.0,0.7333333333333333,0.4794350304148655,0.03588114787924651,0.0,0.0,0.0,0.0,0.1924800860888353,0.745453959877624,2,2,2,1,3,0,1,1,1
321663,Bull,Neutral,Neutral,Neutral,Neutral,Neutral,0,0,0,0,NO_EFFECT,NO_EFFECT,NO_EFFECT,NO_EFFECT,base,regime_aggressive|base_pred=Neutral,0.6666666666666666,1.0,0.7333333333333333,0.5004923328912741,0.0039515378411977276,0.0,0.0,0.0,0.0,1.1224199994794617,0.0907245144182418,1,1,1,0,0,0,1,0,0
321664,Bear,Bull,Bull,Bull,Bull,Bull,0,0,0,0,NO_EFFECT,NO_EFFECT,NO_EFFECT,NO_EFFECT,base,regime_aggressive|base_pred=Bull,0.6666666666666666,1.0,0.7333333333333333,0.4784403304856036,0.022812502848906124,0.0,0.0,0.0,0.0,0.4113433929378516,0.3439303645143634,0,1,1,0,0,0,0,0,0
321665,Bull,Neutral,Neutral,Neutral,Neutral,Neutral,0,0,0,0,NO_EFFECT,NO_EFFECT,NO_EFFECT,NO_EFFECT,base,regime_aggressive|base_pred=Neutral,0.6666666666666666,1.0,0.7,0.48481538372065935,0.04464813902276965,0.0,0.0,0.0,0.0,0.1952148295822553,0.1441903884123623,0,0,0,1,1,0,0,0,0
321666,Bear,Neutral,Neutral,Neutral,Neutral,Neutral,0,0,0,0,NO_EFFECT,NO_EFFECT,NO_EFFECT,NO_EFFECT,base,regime_aggressive|base_pred=Neutral,1.0,1.0,0.6666666666666666,0.48771591738163417,-0.08807410320683828,0.0,0.0,0.0,0.0,0.4018545239050581,0.3483614193229173,1,1,1,1,1,0,1,1,1
321667,Bear,Neutral,Neutral,Neutral,Neutral,Neutral,0,0,0,0,NO_EFFECT,NO_EFFECT,NO_EFFECT,NO_EFFECT,base,regime_aggressive|base_pred=Neutral,1.0,1.0,0.6666666666666666,0.4659946313590647,-0.060439610477917405,0.0,0.0,0.0,0.0,0.3688862798171612,1.0,2,2,2,1,3,0,1,1,1
321668,Bull,Neutral,Neutral,Neutral,Neutral,Neutral,0,0,0,0,NO_EFFECT,NO_EFFECT,NO_EFFECT,NO_EFFECT,base,regime_aggressive|base_pred=Neutral,1.0,1.0,0.6666666666666666,0.4807176032503508,-0.03649180403818464,0.0,0.0,0.0,0.0,0.4709948961371992,0.8941560213964793,2,3,3,1,3,0,1,1,1
321669,Bear,Neutral,Neutral,Neutral,Neutral,Neutral,0,0,0,0,NO_EFFECT,NO_EFFECT,NO_EFFECT,NO_EFFECT,base,regime_aggressive|base_pred=Neutral,1.0,1.0,0.7,0.5083746826612361,0.02906038491224372,0.0,0.0,0.0,0.0,0.0428131559765461,0.1511623107601087,1,3,2,1,3,0,1,0,0
321670,Bear,Bear,Bear,Bear,Bear,Bear,0,0,0,0,NO_EFFECT,NO_EFFECT,NO_EFFECT,NO_EFFECT,base,regime_aggressive|ruleb_off,1.0,1.0,0.7,0.49067030836713266,0.03272424079993008,0.0,0.0,0.0,0.0,0.879923993436023,0.2433533614648588,1,2,1,0,1,0,1,1,1
321671,Bear,Neutral,Neutral,Neutral,Neutral,Neutral,0,0,0,0,NO_EFFECT,NO_EFFECT,NO_EFFECT,NO_EFFECT,base,regime_aggressive|base_pred=Neutral,0.6666666666666666,1.0,0.7333333333333333,0.4924735033884879,-0.08347754751237402,0.0,0.0,0.0,0.0,1.107711074724648,1.0,2,2,1,0,1,1,0,0,0
321672,Bear,Neutral,Neutral,Neutral,Neutral,Neutral,0,0,0,0,NO_EFFECT,NO_EFFECT,NO_EFFECT,NO_EFFECT,base,regime_aggressive|base_pred=Neutral,0.6666666666666666,1.0,0.7333333333333333,0.507064924184439,-0.016397535251615192,0.0,0.0,0.0,0.0,0.3569526685078017,1.0,2,1,1,1,1,0,1,1,1
321673,Bear,Neutral,Neutral,Neutral,Neutral,Neutral,0,0,0,0,NO_EFFECT,NO_EFFECT,NO_EFFECT,NO_EFFECT,base,regime_aggressive|base_pred=Neutral,0.6666666666666666,1.0,0.7333333333333333,0.5292669166149638,-0.011518617879045956,0.0,0.0,0.0,0.0,0.7339281135373312,1.0,1,1,2,0,1,0,1,1,1
321674,Bull,Neutral,Neutral,Neutral,Neutral,Neutral,0,0,0,0,NO_EFFECT,NO_EFFECT,NO_EFFECT,NO_EFFECT,base,regime_aggressive|base_pred=Neutral,0.6666666666666666,1.0,0.7666666666666667,0.5609468962893315,0.07735273544666632,0.0,0.0,0.0,0.0,0.5929586778620433,0.0131961901237848,2,1,2,0,1,0,0,0,0
321675,Bear,Bull,Bull,Bull,Bull,Bull,0,0,0,0,NO_EFFECT,NO_EFFECT,NO_EFFECT,NO_EFFECT,base,regime_aggressive|base_pred=Bull,0.5,1.0,0.7666666666666667,0.5601207916467011,0.028981766252025087,0.0,0.0,0.0,0.0,0.207348449364872,0.3711560885658027,0,1,2,0,1,0,0,0,0
321676,Bull,Bull,Bull,Bull,Bull,Bull,0,0,0,0,NO_EFFECT,NO_EFFECT,NO_EFFECT,NO_EFFECT,base,regime_aggressive|base_pred=Bull,0.5,1.0,0.7333333333333333,0.5587616693926886,0.06506530465605997,0.0,0.0,0.0,0.0,0.8292794971202966,0.6285197093425989,1,1,1,0,0,0,0,0,0
321677,Bull,Bear,Bear,Bear,Bear,Bear,0,0,0,0,NO_EFFECT,NO_EFFECT,NO_EFFECT,NO_EFFECT,base,persist_AGGRESSIVE|regime_off_default|ruleb_off,0.0,1.0,0.7333333333333333,0.5463789930374418,0.12566306269188232,0.0,0.0,0.0,0.0,0.5709757639615418,0.301416142545581,1,0,0,0,0,0,0,0,0
321678,Bear,Bull,Bull,Bull,Bull,Bull,0,0,0,0,NO_EFFECT,NO_EFFECT,NO_EFFECT,NO_EFFECT,base,regime_aggressive|base_pred=Bull,0.5,0.9666666666666667,0.7333333333333333,0.5367838503175385,0.035268198153574404,0.0,0.0,0.0,0.0,0.8957840449293144,0.524782116435848,1,0,0,1,1,0,0,0,0
321679,Bull,Neutral,Neutral,Neutral,Neutral,Neutral,0,0,0,0,NO_EFFECT,NO_EFFECT,NO_EFFECT,NO_EFFECT,base,regime_aggressive|base_pred=Neutral,0.5,0.9666666666666667,0.7333333333333333,0.5296485458565708,-0.009434930899068994,0.0,0.0,0.0,0.0,0.3986223831234383,0.1026498253054729,0,0,0,0,0,0,0,0,0
321680,Bull,Neutral,Neutral,Neutral,Neutral,Neutral,0,0,0,0,NO_EFFECT,NO_EFFECT,NO_EFFECT,NO_EFFECT,base,regime_aggressive|base_pred=Neutral,0.5,0.9333333333333333,0.7333333333333333,0.5233693076743191,-0.007292946443886561,0.0,0.0,0.0,0.0,0.4492712558931089,1.0,2,1,1,0,0,0,1,1,1
321681,Bull,Neutral,Neutral,Neutral,Neutral,Neutral,0,0,0,0,NO_EFFECT,NO_EFFECT,NO_EFFECT,NO_EFFECT,base,regime_aggressive|base_pred=Neutral,0.5,0.9333333333333333,0.7333333333333333,0.531220345638767,0.09442749238971293,0.0,0.0,0.0,0.0,0.1191240282532817,0.1956223342869202,1,2,2,0,2,0,1,0,1
321682,Bear,Neutral,Neutral,Neutral,Neutral,Neutral,0,0,0,0,NO_EFFECT,NO_EFFECT,NO_EFFECT,NO_EFFECT,base,regime_aggressive|base_pred=Neutral,0.5,0.9333333333333333,0.7333333333333333,0.5044077567816643,0.013989725818404852,0.0,0.0,0.0,0.0,0.3958589253488753,0.3206921643645838,0,2,3,0,2,0,1,1,1
321683,Bull,Neutral,Neutral,Neutral,Neutral,Neutral,0,0,0,0,NO_EFFECT,NO_EFFECT,NO_EFFECT,NO_EFFECT,base,regime_aggressive|base_pred=Neutral,0.5,0.9333333333333333,0.7,0.49017266219268835,-0.06655380764344371,0.0,0.0,0.0,0.0,0.2401409013946249,0.5791815114253823,2,2,3,0,2,0,1,1,1
321684,Bear,Neutral,Neutral,Neutral,Neutral,Neutral,0,0,0,0,NO_EFFECT,NO_EFFECT,NO_EFFECT,NO_EFFECT,base,regime_aggressive|base_pred=Neutral,0.5,0.9333333333333333,0.7333333333333333,0.5032952201816381,-0.14936041791306082,0.0,0.0,0.0,0.0,0.3513632203048473,0.2580012741252142,1,2,3,0,2,0,1,1,1
321685,Bull,Bull,Bull,Bull,Bull,Bull,0,0,0,0,NO_EFFECT,NO_EFFECT,NO_EFFECT,NO_EFFECT,base,regime_aggressive|base_pred=Bull,0.5,0.9333333333333333,0.7333333333333333,0.5074082985078769,-0.1188092728022046,0.0,0.0,0.0,0.0,0.6976921403966116,0.2160694724468417,0,2,2,0,2,0,1,1,1
321686,Bull,Neutral,Neutral,Neutral,Neutral,Neutral,0,0,0,0,NO_EFFECT,NO_EFFECT,NO_EFFECT,NO_EFFECT,base,regime_aggressive|base_pred=Neutral,0.5,0.9333333333333333,0.7,0.4812772809227716,-0.10287573884239098,0.0,0.0,0.0,0.0,0.3870342994250677,0.1012002539405449,0,1,1,0,0,0,1,0,0
321687,Bull,Neutral,Neutral,Neutral,Neutral,Neutral,0,0,0,0,NO_EFFECT,NO_EFFECT,NO_EFFECT,NO_EFFECT,base,regime_aggressive|base_pred=Neutral,0.5,0.9333333333333333,0.6666666666666666,0.4719391451200407,-0.16796645344860278,0.0,0.0,0.0,0.0,0.5254415111285198,1.0,2,1,1,0,0,0,1,1,1
321688,Bull,Neutral,Neutral,Neutral,Neutral,Neutral,0,0,0,0,NO_EFFECT,NO_EFFECT,NO_EFFECT,NO_EFFECT,base,regime_aggressive|base_pred=Neutral,0.5,0.9333333333333333,0.6666666666666666,0.48216853718152114,-0.07852296292266037,0.0,0.0,0.0,0.0,0.5807462818902422,1.0,1,1,2,1,2,0,1,1,1
321689,Bear,Neutral,Neutral,Neutral,Neutral,Neutral,0,0,0,0,NO_EFFECT,NO_EFFECT,NO_EFFECT,NO_EFFECT,base,regime_aggressive|base_pred=Neutral,0.5,0.9333333333333333,0.7,0.5094828493720287,-0.048211748673799126,0.0,0.0,0.0,0.0,0.4024531721097446,0.2267875957386546,1,2,3,1,3,0,1,1,1
321690,Bull,Neutral,Neutral,Neutral,Neutral,Neutral,0,0,0,0,NO_EFFECT,NO_EFFECT,NO_EFFECT,NO_EFFECT,base,regime_aggressive|base_pred=Neutral,0.5,0.9333333333333333,0.7333333333333333,0.5069164243038762,-0.025741445506592853,0.0,0.0,0.0,0.0,0.7346940312982042,0.8488934476484593,1,1,3,1,2,0,1,1,1
321691,Bear,Neutral,Neutral,Neutral,Neutral,Neutral,0,0,0,0,NO_EFFECT,NO_EFFECT,NO_EFFECT,NO_EFFECT,base,regime_aggressive|base_pred=Neutral,0.5,0.9333333333333333,0.7333333333333333,0.5018795392254914,-0.040852100741746944,0.0,0.0,0.0,0.0,0.6670748339183774,0.4802964515034917,0,1,2,1,2,0,1,1,1
321692,Bear,Bull,Bull,Bull,Bull,Bull,0,0,0,0,NO_EFFECT,NO_EFFECT,NO_EFFECT,NO_EFFECT,base,regime_aggressive|base_pred=Bull,0.5,0.9333333333333333,0.7333333333333333,0.5043265639322045,-0.0018215202193310187,0.0,0.0,0.0,0.0,0.562256324748887,0.108734935843624,0,0,1,1,1,0,1,0,0
321693,Bull,Neutral,Neutral,Neutral,Neutral,Neutral,0,0,0,0,NO_EFFECT,NO_EFFECT,NO_EFFECT,NO_EFFECT,base,regime_aggressive|base_pred=Neutral,0.5,0.9333333333333333,0.7,0.4831025964644045,-0.0017791532957749934,0.0,0.0,0.0,0.0,0.2993892807880911,0.2064208202019908,1,1,1,1,1,0,1,1,1
321694,Bull,Neutral,Neutral,Neutral,Neutral,Neutral,0,0,0,0,NO_EFFECT,NO_EFFECT,NO_EFFECT,NO_EFFECT,base,regime_aggressive|base_pred=Neutral,0.5,0.9333333333333333,0.7,0.4869591399905295,-0.06347807226847102,0.0,0.0,0.0,0.0,0.0792223712360282,0.9266566068926289,2,2,2,1,3,0,1,1,1
321695,Bull,Bull,Bull,Bull,Bull,Bull,0,0,0,0,NO_EFFECT,NO_EFFECT,NO_EFFECT,NO_EFFECT,base,regime_aggressive|base_pred=Bull,0.5,0.9333333333333333,0.7333333333333333,0.506383348069805,0.007683915527727958,0.0,0.0,0.0,0.0,1.169712795284795,0.1940054601732724,0,2,2,0,2,0,1,0,1
321696,Bull,Bear,Bear,Bear,Bear,Bear,0,0,0,0,NO_EFFECT,NO_EFFECT,NO_EFFECT,NO_EFFECT,base,regime_aggressive|ruleb_off,0.5,0.9333333333333333,0.7333333333333333,0.5080438504618353,0.0018835600986470968,0.0,0.0,0.0,0.0,2.8682037615672016,0.0945497657867973,0,1,1,0,0,0,1,0,0
321697,Bull,Neutral,Neutral,Neutral,Neutral,Neutral,0,0,0,0,NO_EFFECT,NO_EFFECT,NO_EFFECT,NO_EFFECT,base,regime_aggressive|base_pred=Neutral,0.6666666666666666,0.9333333333333333,0.7,0.49958346201063136,0.013576569552390838,0.0,0.0,0.0,0.0,1.3786115658258495,0.5810888679810225,2,1,1,0,0,1,0,0,0
321698,Bear,Bear,Bear,Bear,Bear,Bear,0,0,0,0,NO_EFFECT,NO_EFFECT,NO_EFFECT,NO_EFFECT,base,regime_aggressive|ruleb_off,0.6666666666666666,0.9333333333333333,0.7,0.4856197576099988,-0.028314543649506863,0.0,0.0,0.0,0.0,1.9615281206824875,0.0507193931897725,1,1,1,0,0,0,0,0,0
321699,Bear,Neutral,Neutral,Neutral,Neutral,Neutral,0,0,0,0,NO_EFFECT,NO_EFFECT,NO_EFFECT,NO_EFFECT,base,regime_aggressive|base_pred=Neutral,0.5,0.9333333333333333,0.7,0.45750520333644196,-0.12853480326070577,0.0,0.0,0.0,0.0,0.1535136898746714,0.5463209923420144,2,2,1,0,1,0,0,0,0
321700,Bull,Bear,Bear,Bear,Bear,Bear,0,0,0,0,NO_EFFECT,NO_EFFECT,NO_EFFECT,NO_EFFECT,base,regime_aggressive|ruleb_off,0.5,0.9333333333333333,0.7,0.4706771593891722,-0.10036272784929706,0.0,0.0,0.0,0.0,0.513534083012928,0.3073780774636252,1,1,0,0,0,0,0,0,0
321701,Bear,Bull,Bull,Bull,Bull,Bull,0,0,0,0,NO_EFFECT,NO_EFFECT,NO_EFFECT,NO_EFFECT,base,regime_aggressive|base_pred=Bull,0.75,0.9333333333333333,0.7,0.47281131658913106,-0.18479126917696054,0.0,0.0,0.0,0.0,1.2295847601199057,0.063015966064673,0,1,0,0,0,0,0,0,0
321702,Bull,Neutral,Neutral,Neutral,Neutral,Neutral,0,0,0,0,NO_EFFECT,NO_EFFECT,NO_EFFECT,NO_EFFECT,base,regime_aggressive|base_pred=Neutral,0.75,0.9333333333333333,0.6666666666666666,0.4415785154579535,-0.2005341402960169,0.0,0.0,0.0,0.0,0.077858191287305,0.3881784039010718,1,1,1,1,1,0,0,0,0
321703,Bear,Neutral,Neutral,Neutral,Neutral,Neutral,0,0,0,0,NO_EFFECT,NO_EFFECT,NO_EFFECT,NO_EFFECT,base,regime_aggressive|base_pred=Neutral,0.75,0.9333333333333333,0.6666666666666666,0.4211844622546559,-0.1280265402824533,0.0,0.0,0.0,0.0,0.5562356876507693,0.0099525613622995,1,1,1,0,0,0,0,0,0
321704,Bear,Bear,Bear,Bear,Bear,Bear,0,0,0,0,NO_EFFECT,NO_EFFECT,NO_EFFECT,NO_EFFECT,base,regime_aggressive|mode=AGGRESSIVE|no_current_edge,0.75,0.9333333333333333,0.6666666666666666,0.38818288096673254,-0.10799440717652203,0.0,0.0,0.0,0.0,1.6689963041008014,0.2197358436309681,1,1,1,0,0,1,0,0,0
321705,Bear,Neutral,Neutral,Neutral,Neutral,Neutral,0,0,0,0,NO_EFFECT,NO_EFFECT,NO_EFFECT,NO_EFFECT,base,regime_aggressive|base_pred=Neutral,0.6,0.9333333333333333,0.6666666666666666,0.39506753608363854,-0.22435950434113033,0.0,0.0,0.0,0.0,0.170715351592662,0.3802297172607502,1,1,1,0,0,0,0,0,0
321706,Bull,Bull,Bull,Bull,Bull,Bull,0,0,0,0,NO_EFFECT,NO_EFFECT,NO_EFFECT,NO_EFFECT,base,regime_aggressive|base_pred=Bull,0.6,0.9333333333333333,0.7,0.39536999037347015,-0.19687954721275597,0.0,0.0,0.0,0.0,0.5801281731983181,0.234588187043449,0,1,1,0,0,0,0,0,0
321707,Bull,Bull,Bull,Bull,Bull,Bull,0,0,0,0,NO_EFFECT,NO_EFFECT,NO_EFFECT,NO_EFFECT,base,regime_aggressive|base_pred=Bull,0.6,0.9333333333333333,0.6666666666666666,0.3822389396301652,-0.15617720790930079,0.0,0.0,0.0,0.0,0.5352453421255632,0.4402871312689647,0,1,1,0,0,0,0,0,0
321708,Bull,Neutral,Neutral,Neutral,Neutral,Neutral,0,0,0,0,NO_EFFECT,NO_EFFECT,NO_EFFECT,NO_EFFECT,base,regime_aggressive|base_pred=Neutral,0.5,0.9666666666666667,0.6333333333333333,0.3868679725876113,-0.1842410178522787,0.0,0.0,0.0,0.0,0.2204466934726952,0.2858158745569256,1,1,1,0,0,0,1,1,1
321709,Bear,Neutral,Neutral,Neutral,Neutral,Neutral,0,0,0,0,NO_EFFECT,NO_EFFECT,NO_EFFECT,NO_EFFECT,base,regime_aggressive|base_pred=Neutral,0.5,0.9666666666666667,0.6333333333333333,0.3789024311916472,-0.1370282335532596,0.0,0.0,0.0,0.0,0.1794606180610571,0.2802986875817554,1,2,2,1,3,0,1,1,1
321710,Bear,Bull,Bull,Bull,Bull,Bull,0,0,0,0,NO_EFFECT,NO_EFFECT,NO_EFFECT,NO_EFFECT,base,regime_aggressive|base_pred=Bull,0.5,1.0,0.6666666666666666,0.38482405993418994,-0.1858140223811126,0.0,0.0,0.0,0.0,0.4002495730674127,0.3341385758898434,0,2,2,0,2,0,1,1,1
321711,Bull,Neutral,Neutral,Neutral,Neutral,Neutral,0,0,0,0,NO_EFFECT,NO_EFFECT,NO_EFFECT,NO_EFFECT,base,regime_aggressive|base_pred=Neutral,0.5,1.0,0.6333333333333333,0.3626286791305181,-0.14850687641167193,0.0,0.0,0.0,0.0,1.4762519696669187,0.3719712636441319,1,2,2,0,2,1,1,1,1
321712,Bull,Neutral,Neutral,Neutral,Neutral,Neutral,0,0,0,0,NO_EFFECT,NO_EFFECT,NO_EFFECT,NO_EFFECT,base,regime_aggressive|base_pred=Neutral,0.5,1.0,0.6333333333333333,0.36850697677575844,-0.1109810282426138,0.0,0.0,0.0,0.0,0.0498069633267732,0.4033651859355278,0,1,2,1,2,0,1,1,1
321713,Bear,Neutral,Neutral,Neutral,Neutral,Neutral,0,0,0,0,NO_EFFECT,NO_EFFECT,NO_EFFECT,NO_EFFECT,base,regime_aggressive|base_pred=Neutral,0.5,1.0,0.6333333333333333,0.3712627441614566,-0.11283666201599257,0.0,0.0,0.0,0.0,1.2341767453763168,0.1471644869582033,0,1,2,0,1,0,1,0,0
321714,Bull,Neutral,Neutral,Neutral,Neutral,Neutral,0,0,0,0,NO_EFFECT,NO_EFFECT,NO_EFFECT,NO_EFFECT,base,regime_aggressive|base_pred=Neutral,0.5,1.0,0.6,0.35686217667921727,-0.07065402195324794,0.0,0.0,0.0,0.0,0.2274628522645798,1.0,1,0,1,0,0,0,0,0,0
321715,Bear,Bull,Bull,Bull,Bull,Bull,0,0,0,0,NO_EFFECT,NO_EFFECT,NO_EFFECT,NO_EFFECT,base,regime_aggressive|base_pred=Bull,0.5,1.0,0.6,0.38159546754171014,0.009285665208367488,0.0,0.0,0.0,0.0,0.2844405635714793,0.2226977605372166,0,0,0,0,0,0,0,0,0
321716,Bull,Neutral,Neutral,Neutral,Neutral,Neutral,0,0,0,0,NO_EFFECT,NO_EFFECT,NO_EFFECT,NO_EFFECT,base,regime_aggressive|base_pred=Neutral,0.5,0.9666666666666667,0.6,0.381816410478056,-0.0146755427046813,0.0,0.0,0.0,0.0,0.836309496407921,1.0,1,0,0,0,0,0,0,0,0
321717,Bull,Neutral,Neutral,Neutral,Neutral,Neutral,0,0,0,0,NO_EFFECT,NO_EFFECT,NO_EFFECT,NO_EFFECT,base,regime_aggressive|base_pred=Neutral,0.5,0.9333333333333333,0.6333333333333333,0.41177640201337123,0.055196241935828616,0.0,0.0,0.0,0.0,0.2851364533999003,1.0,1,0,1,0,0,0,0,0,0
321718,Bull,Bear,Bear,Bear,Bear,Bear,0,0,0,0,NO_EFFECT,NO_EFFECT,NO_EFFECT,NO_EFFECT,base,regime_aggressive|ruleb_off,0.5,0.9333333333333333,0.6333333333333333,0.41177640201337107,0.13915317224548396,0.0,0.0,0.0,0.0,0.5224555125587358,0.5017166692997582,2,0,1,0,0,0,0,0,0
321719,Bear,Neutral,Neutral,Neutral,Neutral,Neutral,0,0,0,0,NO_EFFECT,NO_EFFECT,NO_EFFECT,NO_EFFECT,base,regime_aggressive|base_pred=Neutral,0.6,0.9333333333333333,0.6333333333333333,0.39516695765669646,0.1964524579919209,0.0,0.0,0.0,0.0,0.3409120157084544,0.615672119667794,2,1,1,0,0,0,0,0,0
321720,Bull,Neutral,Neutral,Neutral,Neutral,Neutral,0,0,0,0,NO_EFFECT,NO_EFFECT,NO_EFFECT,NO_EFFECT,base,regime_aggressive|base_pred=Neutral,0.6,0.9333333333333333,0.6333333333333333,0.40812977512100107,0.22731424660836957,0.0,0.0,0.0,0.0,1.1736182396143704,0.0048046960280088,0,1,0,0,0,0,0,0,0
321721,Bull,Neutral,Neutral,Neutral,Neutral,Neutral,0,0,0,0,NO_EFFECT,NO_EFFECT,NO_EFFECT,NO_EFFECT,base,regime_aggressive|base_pred=Neutral,0.6,0.9333333333333333,0.6,0.3799934834003194,0.22011860221011703,0.0,0.0,0.0,0.0,0.702694518282442,1.0,2,2,1,0,1,0,1,1,1
321722,Bull,Neutral,Neutral,Neutral,Neutral,Neutral,0,0,0,0,NO_EFFECT,NO_EFFECT,NO_EFFECT,NO_EFFECT,base,regime_aggressive|base_pred=Neutral,0.6,0.9333333333333333,0.6333333333333333,0.39731693501686965,0.2883377352386718,0.0,0.0,0.0,0.0,0.3771426667462947,1.0,2,2,2,1,3,0,1,1,1
321723,Bear,Neutral,Neutral,Neutral,Neutral,Neutral,0,0,0,0,NO_EFFECT,NO_EFFECT,NO_EFFECT,NO_EFFECT,base,regime_aggressive|base_pred=Neutral,0.6,0.9333333333333333,0.6666666666666666,0.42702577048874885,0.3332697041405239,0.0,0.0,0.0,0.0,0.2265325198586651,0.4525522513983594,1,3,3,1,3,0,1,1,1
321724,Bull,Neutral,Neutral,Neutral,Neutral,Neutral,0,0,0,0,NO_EFFECT,NO_EFFECT,NO_EFFECT,NO_EFFECT,base,regime_aggressive|base_pred=Neutral,0.6,0.9333333333333333,0.6666666666666666,0.43523015152862776,0.36677129724672886,0.0,0.0,0.0,0.0,0.4025155163762974,0.448034208871894,1,3,3,1,3,0,1,1,1
321725,Bear,Neutral,Neutral,Neutral,Neutral,Neutral,0,0,0,0,NO_EFFECT,NO_EFFECT,NO_EFFECT,NO_EFFECT,base,regime_aggressive|base_pred=Neutral,0.6,0.9333333333333333,0.6666666666666666,0.41927607159460323,0.30790754847854984,0.0,0.0,0.0,0.0,0.247005939749215,0.6958793888365378,2,3,3,1,3,0,1,1,1
321726,Bear,Bear,Bear,Bear,Bear,Bear,0,0,0,0,NO_EFFECT,NO_EFFECT,NO_EFFECT,NO_EFFECT,base,regime_aggressive|ruleb_off,0.6,0.9333333333333333,0.7,0.4360052025500455,0.35379109629028455,0.0,0.0,0.0,0.0,0.5376086896885681,0.4290971138677237,1,2,2,0,2,0,1,1,1
321727,Bear,Bear,Bear,Bear,Bear,Bear,0,0,0,0,NO_EFFECT,NO_EFFECT,NO_EFFECT,NO_EFFECT,base,regime_aggressive|ruleb_off,0.4,0.9333333333333333,0.7333333333333333,0.4471567808194097,0.2514282959663969,0.0,0.0,0.0,0.0,0.7631146429721412,0.3272458235719875,1,1,1,0,0,0,1,1,1
321728,Bear,Bull,Bull,Bull,Bull,Bull,0,0,0,0,NO_EFFECT,NO_EFFECT,NO_EFFECT,NO_EFFECT,base,regime_aggressive|base_pred=Bull,0.3333333333333333,0.9333333333333333,0.7333333333333333,0.43869534600577514,0.16320732172264674,0.0,0.0,0.0,0.0,0.7243080712469236,0.2497303191757733,0,0,0,0,0,0,0,0,0
321729,Bull,Neutral,Neutral,Neutral,Neutral,Neutral,0,0,0,0,NO_EFFECT,NO_EFFECT,NO_EFFECT,NO_EFFECT,base,regime_aggressive|base_pred=Neutral,0.4,0.9,0.7,0.44532904353864183,0.1154588229047489,0.0,0.0,0.0,0.0,0.635291586700987,0.0210424578993239,1,0,0,1,1,0,0,0,0
321730,Bear,Neutral,Neutral,Neutral,Neutral,Neutral,0,0,0,0,NO_EFFECT,NO_EFFECT,NO_EFFECT,NO_EFFECT,base,regime_aggressive|base_pred=Neutral,0.4,0.9,0.7,0.42781975905721875,0.052528300361613045,0.0,0.0,0.0,0.0,0.7335171997729049,1.0,2,1,1,0,0,0,1,1,1
321731,Bull,Neutral,Neutral,Neutral,Neutral,Neutral,0,0,0,0,NO_EFFECT,NO_EFFECT,NO_EFFECT,NO_EFFECT,base,regime_aggressive|base_pred=Neutral,0.25,0.9,0.7,0.450907156475098,0.16717649983059302,0.0,0.0,0.0,0.0,0.4589969694170577,0.7002436509041187,2,2,2,0,2,0,1,1,1
